cell,prompt_id,mean_acceptance,acceptance_list,accepted_depths,first_rejection_depths,n_new_tokens,n_cycles,tree_size,exact_match,first_mismatch
T4_D16,81,2.9111,"[3, 2, 3, 2, 2, 5, 6, 2, 3, 1, 1, 3, 4, 2, 3, 2, 1, 2, 3, 3, 5, 4, 3, 3, 2, 4, 4, 2, 3, 3, 1, 2, 2, 4, 2, 3, 4, 4, 3, 1, 4, 4, 4, 3, 4]","[2, 1, 2, 1, 1, 4, 5, 1, 2, 0, 0, 2, 3, 1, 2, 1, 0, 1, 2, 2, 4, 3, 2, 2, 1, 3, 3, 1, 2, 2, 0, 1, 1, 3, 1, 2, 3, 3, 2, 0, 3, 3, 3, 2, 3]","[3, 2, 3, 2, 2, 5, 5, 2, 3, 1, 1, 3, 4, 2, 3, 2, 1, 2, 3, 3, 5, 4, 3, 3, 2, 4, 4, 2, 3, 3, 1, 2, 2, 4, 2, 3, 4, 4, 3, 1, 4, 4, 4, 3, 4]",128,45,26,False,3
T4_D16,82,3.359,"[4, 4, 2, 3, 2, 4, 6, 5, 4, 4, 2, 1, 3, 6, 4, 2, 3, 3, 6, 2, 4, 4, 1, 4, 3, 4, 1, 2, 3, 4, 4, 4, 2, 6, 2, 4, 2, 3, 4]","[3, 3, 1, 2, 1, 3, 5, 4, 3, 3, 1, 0, 2, 5, 3, 1, 2, 2, 5, 1, 3, 3, 0, 3, 2, 3, 0, 1, 2, 3, 3, 3, 1, 5, 1, 3, 1, 2, 3]","[4, 4, 2, 3, 2, 4, 5, 5, 4, 4, 2, 1, 3, 5, 4, 2, 3, 3, 5, 2, 4, 4, 1, 4, 3, 4, 1, 2, 3, 4, 4, 4, 2, 5, 2, 4, 2, 3, 4]",128,39,26,False,39
T4_D16,83,3.5556,"[4, 6, 3, 6, 2, 6, 2, 3, 4, 4, 6, 6, 5, 3, 2, 4, 3, 4, 2, 2, 1, 3, 2, 1, 3, 1, 6, 2, 2, 3, 4, 4, 6, 3, 4, 6]","[3, 5, 2, 5, 1, 5, 1, 2, 3, 3, 5, 5, 4, 2, 1, 3, 2, 3, 1, 1, 0, 2, 1, 0, 2, 0, 5, 1, 1, 2, 3, 3, 5, 2, 3, 5]","[4, 5, 3, 5, 2, 5, 2, 3, 4, 4, 5, 5, 5, 3, 2, 4, 3, 4, 2, 2, 1, 3, 2, 1, 3, 1, 5, 2, 2, 3, 4, 4, 5, 3, 4, 5]",128,36,26,False,1
T4_D16,84,2.9091,"[4, 1, 2, 1, 5, 4, 3, 3, 2, 6, 4, 5, 1, 3, 4, 3, 6, 2, 1, 3, 3, 3, 3, 3, 3, 1, 2, 3, 3, 4, 2, 2, 1, 4, 3, 4, 4, 2, 2, 3, 4, 3, 1, 2]","[3, 0, 1, 0, 4, 3, 2, 2, 1, 5, 3, 4, 0, 2, 3, 2, 5, 1, 0, 2, 2, 2, 2, 2, 2, 0, 1, 2, 2, 3, 1, 1, 0, 3, 2, 3, 3, 1, 1, 2, 3, 2, 0, 1]","[4, 1, 2, 1, 5, 4, 3, 3, 2, 5, 4, 5, 1, 3, 4, 3, 5, 2, 1, 3, 3, 3, 3, 3, 3, 1, 2, 3, 3, 4, 2, 2, 1, 4, 3, 4, 4, 2, 2, 3, 4, 3, 1, 2]",128,44,26,False,4
T4_D16,85,2.8478,"[1, 6, 4, 4, 3, 2, 4, 1, 2, 1, 1, 4, 3, 4, 3, 4, 3, 1, 2, 3, 4, 2, 6, 1, 2, 2, 2, 2, 5, 4, 1, 3, 3, 4, 1, 6, 2, 2, 4, 2, 2, 1, 3, 3, 4, 4]","[0, 5, 3, 3, 2, 1, 3, 0, 1, 0, 0, 3, 2, 3, 2, 3, 2, 0, 1, 2, 3, 1, 5, 0, 1, 1, 1, 1, 4, 3, 0, 2, 2, 3, 0, 5, 1, 1, 3, 1, 1, 0, 2, 2, 3, 3]","[1, 5, 4, 4, 3, 2, 4, 1, 2, 1, 1, 4, 3, 4, 3, 4, 3, 1, 2, 3, 4, 2, 5, 1, 2, 2, 2, 2, 5, 4, 1, 3, 3, 4, 1, 5, 2, 2, 4, 2, 2, 1, 3, 3, 4, 4]",128,46,26,False,13
T4_D16,86,2.1148,"[1, 1, 1, 6, 4, 1, 1, 2, 1, 2, 4, 2, 2, 3, 2, 3, 2, 2, 3, 3, 3, 1, 3, 2, 2, 2, 1, 2, 5, 3, 2, 2, 2, 2, 1, 1, 1, 2, 1, 3, 3, 2, 1, 2, 2, 3, 2, 3, 2, 2, 2, 2, 3, 2, 1, 2, 2, 1, 2, 1, 2]","[0, 0, 0, 5, 3, 0, 0, 1, 0, 1, 3, 1, 1, 2, 1, 2, 1, 1, 2, 2, 2, 0, 2, 1, 1, 1, 0, 1, 4, 2, 1, 1, 1, 1, 0, 0, 0, 1, 0, 2, 2, 1, 0, 1, 1, 2, 1, 2, 1, 1, 1, 1, 2, 1, 0, 1, 1, 0, 1, 0, 1]","[1, 1, 1, 5, 4, 1, 1, 2, 1, 2, 4, 2, 2, 3, 2, 3, 2, 2, 3, 3, 3, 1, 3, 2, 2, 2, 1, 2, 5, 3, 2, 2, 2, 2, 1, 1, 1, 2, 1, 3, 3, 2, 1, 2, 2, 3, 2, 3, 2, 2, 2, 2, 3, 2, 1, 2, 2, 1, 2, 1, 2]",128,61,26,False,21
T4_D16,87,2.6122,"[5, 6, 6, 6, 4, 3, 1, 1, 4, 1, 3, 3, 1, 1, 2, 2, 3, 4, 1, 3, 3, 2, 1, 3, 1, 1, 2, 1, 1, 3, 4, 2, 3, 3, 3, 3, 3, 3, 2, 1, 2, 1, 3, 1, 3, 5, 1, 2, 5]","[4, 5, 5, 5, 3, 2, 0, 0, 3, 0, 2, 2, 0, 0, 1, 1, 2, 3, 0, 2, 2, 1, 0, 2, 0, 0, 1, 0, 0, 2, 3, 1, 2, 2, 2, 2, 2, 2, 1, 0, 1, 0, 2, 0, 2, 4, 0, 1, 4]","[5, 5, 5, 5, 4, 3, 1, 1, 4, 1, 3, 3, 1, 1, 2, 2, 3, 4, 1, 3, 3, 2, 1, 3, 1, 1, 2, 1, 1, 3, 4, 2, 3, 3, 3, 3, 3, 3, 2, 1, 2, 1, 3, 1, 3, 5, 1, 2, 5]",128,49,26,False,28
T4_D16,88,2.1311,"[1, 3, 2, 3, 2, 1, 2, 4, 2, 2, 2, 3, 2, 1, 2, 3, 2, 1, 1, 2, 1, 3, 3, 1, 1, 3, 1, 2, 2, 3, 1, 1, 1, 1, 2, 1, 1, 1, 1, 2, 2, 2, 4, 3, 1, 2, 2, 1, 3, 2, 3, 4, 3, 2, 3, 3, 4, 4, 3, 2, 4]","[0, 2, 1, 2, 1, 0, 1, 3, 1, 1, 1, 2, 1, 0, 1, 2, 1, 0, 0, 1, 0, 2, 2, 0, 0, 2, 0, 1, 1, 2, 0, 0, 0, 0, 1, 0, 0, 0, 0, 1, 1, 1, 3, 2, 0, 1, 1, 0, 2, 1, 2, 3, 2, 1, 2, 2, 3, 3, 2, 1, 3]","[1, 3, 2, 3, 2, 1, 2, 4, 2, 2, 2, 3, 2, 1, 2, 3, 2, 1, 1, 2, 1, 3, 3, 1, 1, 3, 1, 2, 2, 3, 1, 1, 1, 1, 2, 1, 1, 1, 1, 2, 2, 2, 4, 3, 1, 2, 2, 1, 3, 2, 3, 4, 3, 2, 3, 3, 4, 4, 3, 2, 4]",128,61,26,False,9
T4_D16,89,3.4595,"[1, 4, 6, 3, 3, 6, 5, 5, 4, 3, 2, 4, 6, 4, 4, 3, 4, 2, 2, 4, 3, 2, 1, 1, 2, 4, 4, 3, 4, 4, 3, 4, 1, 4, 2, 5, 6]","[0, 3, 5, 2, 2, 5, 4, 4, 3, 2, 1, 3, 5, 3, 3, 2, 3, 1, 1, 3, 2, 1, 0, 0, 1, 3, 3, 2, 3, 3, 2, 3, 0, 3, 1, 4, 5]","[1, 4, 5, 3, 3, 5, 5, 5, 4, 3, 2, 4, 5, 4, 4, 3, 4, 2, 2, 4, 3, 2, 1, 1, 2, 4, 4, 3, 4, 4, 3, 4, 1, 4, 2, 5, 5]",128,37,26,False,23
T4_D16,90,3.6875,"[3, 6, 4, 5, 4, 5, 4, 3, 2, 3, 3, 3, 4, 1, 3, 4, 2, 5, 3, 3, 6, 6, 4, 3, 3, 3, 4, 3, 3, 6, 6, 1]","[2, 5, 3, 4, 3, 4, 3, 2, 1, 2, 2, 2, 3, 0, 2, 3, 1, 4, 2, 2, 5, 5, 3, 2, 2, 2, 3, 2, 2, 5, 5, 0]","[3, 5, 4, 5, 4, 5, 4, 3, 2, 3, 3, 3, 4, 1, 3, 4, 2, 5, 3, 3, 5, 5, 4, 3, 3, 3, 4, 3, 3, 5, 5, 1]",118,32,26,False,45
T4_D16,91,2.6122,"[1, 5, 2, 1, 4, 2, 5, 3, 3, 1, 2, 1, 6, 2, 2, 3, 5, 3, 2, 1, 3, 4, 5, 1, 2, 3, 1, 3, 1, 2, 1, 3, 2, 2, 3, 3, 5, 2, 1, 2, 3, 1, 2, 2, 5, 3, 3, 4, 2]","[0, 4, 1, 0, 3, 1, 4, 2, 2, 0, 1, 0, 5, 1, 1, 2, 4, 2, 1, 0, 2, 3, 4, 0, 1, 2, 0, 2, 0, 1, 0, 2, 1, 1, 2, 2, 4, 1, 0, 1, 2, 0, 1, 1, 4, 2, 2, 3, 1]","[1, 5, 2, 1, 4, 2, 5, 3, 3, 1, 2, 1, 5, 2, 2, 3, 5, 3, 2, 1, 3, 4, 5, 1, 2, 3, 1, 3, 1, 2, 1, 3, 2, 2, 3, 3, 5, 2, 1, 2, 3, 1, 2, 2, 5, 3, 3, 4, 2]",128,49,26,False,1
T4_D16,92,2.1333,"[1, 2, 3, 3, 3, 3, 3, 1, 1, 4, 1, 1, 2, 2, 2, 1, 3, 3, 1, 2, 4, 4, 3, 1, 3, 3, 2, 4, 1, 3, 1, 3, 3, 1, 1, 3, 1, 3, 3, 1, 3, 1, 1, 2, 1, 2, 3, 1, 2, 2, 3, 1, 4, 3, 1, 1, 1, 3, 1, 2]","[0, 1, 2, 2, 2, 2, 2, 0, 0, 3, 0, 0, 1, 1, 1, 0, 2, 2, 0, 1, 3, 3, 2, 0, 2, 2, 1, 3, 0, 2, 0, 2, 2, 0, 0, 2, 0, 2, 2, 0, 2, 0, 0, 1, 0, 1, 2, 0, 1, 1, 2, 0, 3, 2, 0, 0, 0, 2, 0, 1]","[1, 2, 3, 3, 3, 3, 3, 1, 1, 4, 1, 1, 2, 2, 2, 1, 3, 3, 1, 2, 4, 4, 3, 1, 3, 3, 2, 4, 1, 3, 1, 3, 3, 1, 1, 3, 1, 3, 3, 1, 3, 1, 1, 2, 1, 2, 3, 1, 2, 2, 3, 1, 4, 3, 1, 1, 1, 3, 1, 2]",128,60,26,False,4
T4_D16,93,3.4595,"[1, 4, 6, 4, 3, 3, 1, 2, 2, 4, 4, 6, 3, 5, 2, 2, 6, 3, 6, 4, 4, 6, 6, 3, 4, 5, 2, 2, 3, 1, 4, 3, 2, 2, 5, 2, 3]","[0, 3, 5, 3, 2, 2, 0, 1, 1, 3, 3, 5, 2, 4, 1, 1, 5, 2, 5, 3, 3, 5, 5, 2, 3, 4, 1, 1, 2, 0, 3, 2, 1, 1, 4, 1, 2]","[1, 4, 5, 4, 3, 3, 1, 2, 2, 4, 4, 5, 3, 5, 2, 2, 5, 3, 5, 4, 4, 5, 5, 3, 4, 5, 2, 2, 3, 1, 4, 3, 2, 2, 5, 2, 3]",128,37,26,False,16
T4_D16,94,3.0714,"[3, 6, 4, 4, 5, 3, 3, 1, 3, 3, 4, 2, 1, 5, 3, 4, 4, 1, 6, 1, 2, 3, 4, 4, 2, 5, 4, 3, 2, 2, 2, 3, 2, 2, 2, 2, 3, 3, 4, 1, 2, 6]","[2, 5, 3, 3, 4, 2, 2, 0, 2, 2, 3, 1, 0, 4, 2, 3, 3, 0, 5, 0, 1, 2, 3, 3, 1, 4, 3, 2, 1, 1, 1, 2, 1, 1, 1, 1, 2, 2, 3, 0, 1, 5]","[3, 5, 4, 4, 5, 3, 3, 1, 3, 3, 4, 2, 1, 5, 3, 4, 4, 1, 5, 1, 2, 3, 4, 4, 2, 5, 4, 3, 2, 2, 2, 3, 2, 2, 2, 2, 3, 3, 4, 1, 2, 5]",128,42,26,False,11
T4_D16,95,3.119,"[3, 6, 2, 1, 4, 2, 4, 4, 4, 1, 1, 1, 1, 4, 4, 1, 2, 1, 4, 3, 3, 2, 3, 1, 4, 5, 5, 4, 5, 6, 5, 2, 6, 2, 5, 2, 3, 4, 3, 2, 2, 4]","[2, 5, 1, 0, 3, 1, 3, 3, 3, 0, 0, 0, 0, 3, 3, 0, 1, 0, 3, 2, 2, 1, 2, 0, 3, 4, 4, 3, 4, 5, 4, 1, 5, 1, 4, 1, 2, 3, 2, 1, 1, 3]","[3, 5, 2, 1, 4, 2, 4, 4, 4, 1, 1, 1, 1, 4, 4, 1, 2, 1, 4, 3, 3, 2, 3, 1, 4, 5, 5, 4, 5, 5, 5, 2, 5, 2, 5, 2, 3, 4, 3, 2, 2, 4]",128,42,26,False,10
T4_D16,96,3.3947,"[2, 5, 5, 4, 2, 3, 3, 2, 6, 3, 1, 5, 5, 4, 6, 3, 2, 2, 3, 1, 4, 2, 3, 4, 3, 3, 4, 3, 3, 6, 4, 5, 4, 1, 2, 4, 3, 4]","[1, 4, 4, 3, 1, 2, 2, 1, 5, 2, 0, 4, 4, 3, 5, 2, 1, 1, 2, 0, 3, 1, 2, 3, 2, 2, 3, 2, 2, 5, 3, 4, 3, 0, 1, 3, 2, 3]","[2, 5, 5, 4, 2, 3, 3, 2, 5, 3, 1, 5, 5, 4, 5, 3, 2, 2, 3, 1, 4, 2, 3, 4, 3, 3, 4, 3, 3, 5, 4, 5, 4, 1, 2, 4, 3, 4]",128,38,26,False,21
T4_D16,97,3.25,"[1, 5, 6, 3, 4, 2, 4, 4, 3, 4, 4, 4, 2, 3, 3, 3, 2, 2, 3, 4, 5, 4, 3, 2, 2, 3, 2, 5, 1, 3, 3, 2, 4, 4, 3, 4, 2, 4, 4, 4]","[0, 4, 5, 2, 3, 1, 3, 3, 2, 3, 3, 3, 1, 2, 2, 2, 1, 1, 2, 3, 4, 3, 2, 1, 1, 2, 1, 4, 0, 2, 2, 1, 3, 3, 2, 3, 1, 3, 3, 3]","[1, 5, 5, 3, 4, 2, 4, 4, 3, 4, 4, 4, 2, 3, 3, 3, 2, 2, 3, 4, 5, 4, 3, 2, 2, 3, 2, 5, 1, 3, 3, 2, 4, 4, 3, 4, 2, 4, 4, 4]",128,40,26,False,12
T4_D16,98,2.3704,"[3, 3, 2, 1, 2, 3, 2, 2, 1, 3, 2, 4, 4, 3, 3, 3, 5, 4, 2, 1, 1, 1, 3, 1, 3, 2, 4, 3, 1, 1, 3, 2, 2, 3, 4, 2, 2, 2, 5, 1, 1, 3, 4, 1, 2, 3, 1, 2, 1, 3, 2, 2, 2, 2]","[2, 2, 1, 0, 1, 2, 1, 1, 0, 2, 1, 3, 3, 2, 2, 2, 4, 3, 1, 0, 0, 0, 2, 0, 2, 1, 3, 2, 0, 0, 2, 1, 1, 2, 3, 1, 1, 1, 4, 0, 0, 2, 3, 0, 1, 2, 0, 1, 0, 2, 1, 1, 1, 1]","[3, 3, 2, 1, 2, 3, 2, 2, 1, 3, 2, 4, 4, 3, 3, 3, 5, 4, 2, 1, 1, 1, 3, 1, 3, 2, 4, 3, 1, 1, 3, 2, 2, 3, 4, 2, 2, 2, 5, 1, 1, 3, 4, 1, 2, 3, 1, 2, 1, 3, 2, 2, 2, 2]",128,54,26,False,4
T4_D16,99,2.3818,"[1, 3, 1, 3, 1, 1, 3, 3, 3, 5, 3, 1, 4, 1, 1, 2, 3, 5, 2, 2, 5, 4, 1, 1, 1, 3, 1, 1, 3, 2, 1, 4, 3, 4, 1, 2, 4, 1, 1, 1, 3, 3, 4, 2, 3, 2, 2, 1, 1, 4, 2, 2, 2, 3, 5]","[0, 2, 0, 2, 0, 0, 2, 2, 2, 4, 2, 0, 3, 0, 0, 1, 2, 4, 1, 1, 4, 3, 0, 0, 0, 2, 0, 0, 2, 1, 0, 3, 2, 3, 0, 1, 3, 0, 0, 0, 2, 2, 3, 1, 2, 1, 1, 0, 0, 3, 1, 1, 1, 2, 4]","[1, 3, 1, 3, 1, 1, 3, 3, 3, 5, 3, 1, 4, 1, 1, 2, 3, 5, 2, 2, 5, 4, 1, 1, 1, 3, 1, 1, 3, 2, 1, 4, 3, 4, 1, 2, 4, 1, 1, 1, 3, 3, 4, 2, 3, 2, 2, 1, 1, 4, 2, 2, 2, 3, 5]",128,55,26,False,9
T4_D16,100,2.2857,"[1, 2, 1, 3, 1, 3, 2, 4, 3, 1, 1, 1, 3, 1, 6, 5, 2, 1, 3, 4, 3, 3, 2, 1, 3, 2, 3, 2, 1, 1, 1, 1, 2, 2, 6, 6, 3, 1, 2, 3, 1, 2, 1, 4, 1, 3, 1, 2, 2, 1, 3, 3, 3, 2, 2, 1]","[0, 1, 0, 2, 0, 2, 1, 3, 2, 0, 0, 0, 2, 0, 5, 4, 1, 0, 2, 3, 2, 2, 1, 0, 2, 1, 2, 1, 0, 0, 0, 0, 1, 1, 5, 5, 2, 0, 1, 2, 0, 1, 0, 3, 0, 2, 0, 1, 1, 0, 2, 2, 2, 1, 1, 0]","[1, 2, 1, 3, 1, 3, 2, 4, 3, 1, 1, 1, 3, 1, 5, 5, 2, 1, 3, 4, 3, 3, 2, 1, 3, 2, 3, 2, 1, 1, 1, 1, 2, 2, 5, 5, 3, 1, 2, 3, 1, 2, 1, 4, 1, 3, 1, 2, 2, 1, 3, 3, 3, 2, 2, 1]",128,56,26,False,1
T4_D16,101,2.6122,"[1, 3, 1, 2, 1, 2, 1, 4, 3, 2, 3, 6, 1, 2, 3, 1, 1, 1, 3, 2, 6, 4, 5, 4, 4, 1, 1, 2, 2, 3, 2, 5, 4, 1, 3, 4, 3, 1, 2, 2, 2, 4, 2, 1, 4, 4, 5, 3, 1]","[0, 2, 0, 1, 0, 1, 0, 3, 2, 1, 2, 5, 0, 1, 2, 0, 0, 0, 2, 1, 5, 3, 4, 3, 3, 0, 0, 1, 1, 2, 1, 4, 3, 0, 2, 3, 2, 0, 1, 1, 1, 3, 1, 0, 3, 3, 4, 2, 0]","[1, 3, 1, 2, 1, 2, 1, 4, 3, 2, 3, 5, 1, 2, 3, 1, 1, 1, 3, 2, 5, 4, 5, 4, 4, 1, 1, 2, 2, 3, 2, 5, 4, 1, 3, 4, 3, 1, 2, 2, 2, 4, 2, 1, 4, 4, 5, 3, 1]",128,49,26,False,4
T4_D16,102,2.3704,"[1, 1, 3, 2, 3, 1, 2, 3, 1, 2, 2, 3, 2, 1, 3, 4, 4, 1, 2, 1, 3, 3, 1, 2, 4, 5, 3, 3, 2, 4, 3, 4, 4, 3, 4, 2, 1, 3, 4, 2, 4, 1, 1, 4, 2, 1, 1, 1, 1, 4, 1, 2, 2, 1]","[0, 0, 2, 1, 2, 0, 1, 2, 0, 1, 1, 2, 1, 0, 2, 3, 3, 0, 1, 0, 2, 2, 0, 1, 3, 4, 2, 2, 1, 3, 2, 3, 3, 2, 3, 1, 0, 2, 3, 1, 3, 0, 0, 3, 1, 0, 0, 0, 0, 3, 0, 1, 1, 0]","[1, 1, 3, 2, 3, 1, 2, 3, 1, 2, 2, 3, 2, 1, 3, 4, 4, 1, 2, 1, 3, 3, 1, 2, 4, 5, 3, 3, 2, 4, 3, 4, 4, 3, 4, 2, 1, 3, 4, 2, 4, 1, 1, 4, 2, 1, 1, 1, 1, 4, 1, 2, 2, 1]",128,54,26,False,5
T4_D16,103,2.7826,"[2, 5, 3, 3, 2, 2, 6, 4, 2, 2, 2, 6, 3, 4, 6, 2, 5, 1, 4, 3, 5, 1, 3, 5, 1, 2, 3, 3, 2, 3, 2, 2, 3, 4, 2, 1, 1, 2, 3, 1, 1, 4, 3, 1, 2, 1]","[1, 4, 2, 2, 1, 1, 5, 3, 1, 1, 1, 5, 2, 3, 5, 1, 4, 0, 3, 2, 4, 0, 2, 4, 0, 1, 2, 2, 1, 2, 1, 1, 2, 3, 1, 0, 0, 1, 2, 0, 0, 3, 2, 0, 1, 0]","[2, 5, 3, 3, 2, 2, 5, 4, 2, 2, 2, 5, 3, 4, 5, 2, 5, 1, 4, 3, 5, 1, 3, 5, 1, 2, 3, 3, 2, 3, 2, 2, 3, 4, 2, 1, 1, 2, 3, 1, 1, 4, 3, 1, 2, 1]",128,46,26,False,7
T4_D16,104,3.3704,"[3, 1, 4, 1, 2, 2, 5, 3, 3, 2, 4, 6, 4, 2, 3, 5, 4, 3, 3, 6, 2, 3, 4, 4, 5, 6, 1]","[2, 0, 3, 0, 1, 1, 4, 2, 2, 1, 3, 5, 3, 1, 2, 4, 3, 2, 2, 5, 1, 2, 3, 3, 4, 5, 0]","[3, 1, 4, 1, 2, 2, 5, 3, 3, 2, 4, 5, 4, 2, 3, 5, 4, 3, 3, 5, 2, 3, 4, 4, 5, 5, 1]",91,27,26,False,9
T4_D16,105,3.8235,"[1, 2, 3, 5, 3, 3, 4, 4, 4, 3, 3, 2, 4, 4, 2, 4, 5, 6, 1, 5, 4, 2, 4, 4, 6, 3, 6, 6, 6, 4, 2, 6, 3, 6]","[0, 1, 2, 4, 2, 2, 3, 3, 3, 2, 2, 1, 3, 3, 1, 3, 4, 5, 0, 4, 3, 1, 3, 3, 5, 2, 5, 5, 5, 3, 1, 5, 2, 5]","[1, 2, 3, 5, 3, 3, 4, 4, 4, 3, 3, 2, 4, 4, 2, 4, 5, 5, 1, 5, 4, 2, 4, 4, 5, 3, 5, 5, 5, 4, 2, 5, 3, 5]",128,34,26,False,1
T4_D16,106,3.119,"[3, 4, 5, 5, 4, 4, 4, 3, 4, 3, 3, 3, 3, 2, 4, 4, 1, 2, 1, 1, 2, 1, 5, 3, 4, 3, 4, 1, 2, 2, 3, 3, 4, 4, 2, 3, 3, 3, 5, 4, 3, 4]","[2, 3, 4, 4, 3, 3, 3, 2, 3, 2, 2, 2, 2, 1, 3, 3, 0, 1, 0, 0, 1, 0, 4, 2, 3, 2, 3, 0, 1, 1, 2, 2, 3, 3, 1, 2, 2, 2, 4, 3, 2, 3]","[3, 4, 5, 5, 4, 4, 4, 3, 4, 3, 3, 3, 3, 2, 4, 4, 1, 2, 1, 1, 2, 1, 5, 3, 4, 3, 4, 1, 2, 2, 3, 3, 4, 4, 2, 3, 3, 3, 5, 4, 3, 4]",128,42,26,False,10
T4_D16,107,2.9545,"[1, 1, 5, 3, 6, 6, 1, 3, 3, 3, 1, 2, 3, 4, 1, 4, 4, 1, 4, 2, 1, 3, 3, 4, 5, 2, 4, 3, 6, 2, 3, 5, 2, 1, 4, 2, 2, 4, 2, 4, 4, 1, 2, 3]","[0, 0, 4, 2, 5, 5, 0, 2, 2, 2, 0, 1, 2, 3, 0, 3, 3, 0, 3, 1, 0, 2, 2, 3, 4, 1, 3, 2, 5, 1, 2, 4, 1, 0, 3, 1, 1, 3, 1, 3, 3, 0, 1, 2]","[1, 1, 5, 3, 5, 5, 1, 3, 3, 3, 1, 2, 3, 4, 1, 4, 4, 1, 4, 2, 1, 3, 3, 4, 5, 2, 4, 3, 5, 2, 3, 5, 2, 1, 4, 2, 2, 4, 2, 4, 4, 1, 2, 3]",128,44,26,False,2
T4_D16,108,3.2692,"[2, 2, 6, 2, 3, 3, 4, 4, 4, 2, 2, 2, 1, 3, 5, 3, 4, 4, 1, 4, 3, 4, 3, 4, 6, 4]","[1, 1, 5, 1, 2, 2, 3, 3, 3, 1, 1, 1, 0, 2, 4, 2, 3, 3, 0, 3, 2, 3, 2, 3, 5, 3]","[2, 2, 5, 2, 3, 3, 4, 4, 4, 2, 2, 2, 1, 3, 5, 3, 4, 4, 1, 4, 3, 4, 3, 4, 5, 4]",85,26,26,False,1
T4_D16,109,2.9545,"[1, 2, 4, 6, 2, 4, 4, 3, 4, 4, 3, 2, 3, 2, 3, 1, 1, 3, 6, 5, 2, 1, 1, 2, 2, 5, 3, 3, 4, 2, 4, 3, 5, 4, 2, 3, 1, 3, 4, 4, 2, 3, 1, 3]","[0, 1, 3, 5, 1, 3, 3, 2, 3, 3, 2, 1, 2, 1, 2, 0, 0, 2, 5, 4, 1, 0, 0, 1, 1, 4, 2, 2, 3, 1, 3, 2, 4, 3, 1, 2, 0, 2, 3, 3, 1, 2, 0, 2]","[1, 2, 4, 5, 2, 4, 4, 3, 4, 4, 3, 2, 3, 2, 3, 1, 1, 3, 5, 5, 2, 1, 1, 2, 2, 5, 3, 3, 4, 2, 4, 3, 5, 4, 2, 3, 1, 3, 4, 4, 2, 3, 1, 3]",128,44,26,False,4
T4_D16,110,3.7143,"[1, 2, 4, 5, 4, 4, 3, 3, 6, 4, 3, 6, 3, 4, 4, 2, 2, 4, 6, 3, 4, 4, 6, 6, 6, 4, 1, 4, 4, 3, 3, 2, 4, 3, 3]","[0, 1, 3, 4, 3, 3, 2, 2, 5, 3, 2, 5, 2, 3, 3, 1, 1, 3, 5, 2, 3, 3, 5, 5, 5, 3, 0, 3, 3, 2, 2, 1, 3, 2, 2]","[1, 2, 4, 5, 4, 4, 3, 3, 5, 4, 3, 5, 3, 4, 4, 2, 2, 4, 5, 3, 4, 4, 5, 5, 5, 4, 1, 4, 4, 3, 3, 2, 4, 3, 3]",128,35,26,False,1
T4_D16,111,4.0625,"[1, 1, 5, 6, 2, 4, 6, 6, 4, 2, 2, 3, 2, 4, 3, 4, 3, 6, 4, 4, 4, 2, 6, 6, 5, 4, 5, 4, 6, 6, 5, 5]","[0, 0, 4, 5, 1, 3, 5, 5, 3, 1, 1, 2, 1, 3, 2, 3, 2, 5, 3, 3, 3, 1, 5, 5, 4, 3, 4, 3, 5, 5, 4, 4]","[1, 1, 5, 5, 2, 4, 5, 5, 4, 2, 2, 3, 2, 4, 3, 4, 3, 5, 4, 4, 4, 2, 5, 5, 5, 4, 5, 4, 5, 5, 5, 5]",128,32,26,False,7
T4_D16,112,4.0625,"[1, 1, 2, 3, 6, 2, 6, 4, 4, 4, 6, 5, 4, 2, 4, 5, 6, 3, 6, 4, 6, 3, 2, 6, 4, 4, 5, 2, 4, 4, 6, 6]","[0, 0, 1, 2, 5, 1, 5, 3, 3, 3, 5, 4, 3, 1, 3, 4, 5, 2, 5, 3, 5, 2, 1, 5, 3, 3, 4, 1, 3, 3, 5, 5]","[1, 1, 2, 3, 5, 2, 5, 4, 4, 4, 5, 5, 4, 2, 4, 5, 5, 3, 5, 4, 5, 3, 2, 5, 4, 4, 5, 2, 4, 4, 5, 5]",128,32,26,False,1
T4_D16,113,3.6571,"[1, 1, 5, 5, 4, 2, 3, 4, 3, 3, 3, 1, 6, 2, 6, 3, 4, 3, 5, 6, 2, 6, 5, 5, 6, 4, 2, 4, 4, 4, 4, 2, 3, 3, 4]","[0, 0, 4, 4, 3, 1, 2, 3, 2, 2, 2, 0, 5, 1, 5, 2, 3, 2, 4, 5, 1, 5, 4, 4, 5, 3, 1, 3, 3, 3, 3, 1, 2, 2, 3]","[1, 1, 5, 5, 4, 2, 3, 4, 3, 3, 3, 1, 5, 2, 5, 3, 4, 3, 5, 5, 2, 5, 5, 5, 5, 4, 2, 4, 4, 4, 4, 2, 3, 3, 4]",128,35,26,False,21
T4_D16,114,3.3333,"[1, 3, 4, 4, 3, 4, 1, 5, 5, 5, 1, 2, 4, 5, 3, 3, 2, 1, 6, 4, 4, 2, 2, 6, 2, 2, 1, 3, 3, 3, 2, 2, 6, 6, 5, 3, 5, 4, 3]","[0, 2, 3, 3, 2, 3, 0, 4, 4, 4, 0, 1, 3, 4, 2, 2, 1, 0, 5, 3, 3, 1, 1, 5, 1, 1, 0, 2, 2, 2, 1, 1, 5, 5, 4, 2, 4, 3, 2]","[1, 3, 4, 4, 3, 4, 1, 5, 5, 5, 1, 2, 4, 5, 3, 3, 2, 1, 5, 4, 4, 2, 2, 5, 2, 2, 1, 3, 3, 3, 2, 2, 5, 5, 5, 3, 5, 4, 3]",128,39,26,False,15
T4_D16,115,3.0698,"[1, 2, 4, 6, 2, 4, 4, 5, 3, 3, 4, 1, 1, 2, 2, 4, 3, 4, 4, 2, 3, 2, 1, 3, 1, 4, 1, 4, 4, 3, 3, 4, 4, 4, 3, 4, 3, 3, 5, 2, 3, 2, 5]","[0, 1, 3, 5, 1, 3, 3, 4, 2, 2, 3, 0, 0, 1, 1, 3, 2, 3, 3, 1, 2, 1, 0, 2, 0, 3, 0, 3, 3, 2, 2, 3, 3, 3, 2, 3, 2, 2, 4, 1, 2, 1, 4]","[1, 2, 4, 5, 2, 4, 4, 5, 3, 3, 4, 1, 1, 2, 2, 4, 3, 4, 4, 2, 3, 2, 1, 3, 1, 4, 1, 4, 4, 3, 3, 4, 4, 4, 3, 4, 3, 3, 5, 2, 3, 2, 5]",128,43,26,False,7
T4_D16,116,3.7619,"[3, 6, 3, 3, 5, 3, 4, 4, 4, 4, 6, 1, 1, 4, 4, 3, 3, 5, 6, 4, 3]","[2, 5, 2, 2, 4, 2, 3, 3, 3, 3, 5, 0, 0, 3, 3, 2, 2, 4, 5, 3, 2]","[3, 5, 3, 3, 5, 3, 4, 4, 4, 4, 5, 1, 1, 4, 4, 3, 3, 5, 5, 4, 3]",79,21,26,False,12
T4_D16,117,3.2,"[1, 3, 2, 2, 1, 6, 4, 4, 4, 4, 3, 3, 5, 1, 4, 6, 3, 4, 3, 6, 1, 4, 1, 3, 4, 3, 2, 3, 3, 2, 3, 6, 4, 2, 2, 4, 6, 4, 1, 1]","[0, 2, 1, 1, 0, 5, 3, 3, 3, 3, 2, 2, 4, 0, 3, 5, 2, 3, 2, 5, 0, 3, 0, 2, 3, 2, 1, 2, 2, 1, 2, 5, 3, 1, 1, 3, 5, 3, 0, 0]","[1, 3, 2, 2, 1, 5, 4, 4, 4, 4, 3, 3, 5, 1, 4, 5, 3, 4, 3, 5, 1, 4, 1, 3, 4, 3, 2, 3, 3, 2, 3, 5, 4, 2, 2, 4, 5, 4, 1, 1]",128,40,26,False,1
T4_D16,118,3.8387,"[1, 1, 5, 5, 4, 2, 4, 3, 3, 5, 4, 4, 4, 4, 2, 5, 6, 6, 3, 4, 3, 2, 4, 3, 4, 5, 3, 6, 4, 5, 5]","[0, 0, 4, 4, 3, 1, 3, 2, 2, 4, 3, 3, 3, 3, 1, 4, 5, 5, 2, 3, 2, 1, 3, 2, 3, 4, 2, 5, 3, 4, 4]","[1, 1, 5, 5, 4, 2, 4, 3, 3, 5, 4, 4, 4, 4, 2, 5, 5, 5, 3, 4, 3, 2, 4, 3, 4, 5, 3, 5, 4, 5, 5]",119,31,26,False,41
T4_D16,119,3.4595,"[1, 2, 4, 6, 2, 4, 3, 4, 4, 4, 2, 4, 3, 2, 3, 3, 4, 3, 3, 4, 3, 4, 3, 1, 2, 6, 6, 4, 4, 2, 4, 4, 6, 4, 3, 4, 3]","[0, 1, 3, 5, 1, 3, 2, 3, 3, 3, 1, 3, 2, 1, 2, 2, 3, 2, 2, 3, 2, 3, 2, 0, 1, 5, 5, 3, 3, 1, 3, 3, 5, 3, 2, 3, 2]","[1, 2, 4, 5, 2, 4, 3, 4, 4, 4, 2, 4, 3, 2, 3, 3, 4, 3, 3, 4, 3, 4, 3, 1, 2, 5, 5, 4, 4, 2, 4, 4, 5, 4, 3, 4, 3]",128,37,26,False,13
T4_D16,120,3.9394,"[2, 6, 2, 4, 3, 2, 6, 5, 6, 2, 6, 4, 5, 3, 2, 2, 6, 5, 4, 4, 5, 2, 3, 4, 3, 3, 2, 2, 6, 6, 6, 5, 4]","[1, 5, 1, 3, 2, 1, 5, 4, 5, 1, 5, 3, 4, 2, 1, 1, 5, 4, 3, 3, 4, 1, 2, 3, 2, 2, 1, 1, 5, 5, 5, 4, 3]","[2, 5, 2, 4, 3, 2, 5, 5, 5, 2, 5, 4, 5, 3, 2, 2, 5, 5, 4, 4, 5, 2, 3, 4, 3, 3, 2, 2, 5, 5, 5, 5, 4]",128,33,26,False,7
T4_D16,121,3.7647,"[4, 6, 4, 6, 4, 4, 6, 6, 6, 3, 4, 4, 4, 4, 3, 4, 5, 2, 5, 3, 2, 4, 2, 2, 4, 4, 2, 2, 4, 1, 4, 5, 3, 2]","[3, 5, 3, 5, 3, 3, 5, 5, 5, 2, 3, 3, 3, 3, 2, 3, 4, 1, 4, 2, 1, 3, 1, 1, 3, 3, 1, 1, 3, 0, 3, 4, 2, 1]","[4, 5, 4, 5, 4, 4, 5, 5, 5, 3, 4, 4, 4, 4, 3, 4, 5, 2, 5, 3, 2, 4, 2, 2, 4, 4, 2, 2, 4, 1, 4, 5, 3, 2]",128,34,26,False,46
T4_D16,122,4.3,"[4, 6, 4, 6, 2, 5, 6, 5, 6, 3, 1, 4, 1, 4, 6, 5, 3, 5, 4, 3, 4, 5, 6, 5, 4, 6, 4, 6, 3, 3]","[3, 5, 3, 5, 1, 4, 5, 4, 5, 2, 0, 3, 0, 3, 5, 4, 2, 4, 3, 2, 3, 4, 5, 4, 3, 5, 3, 5, 2, 2]","[4, 5, 4, 5, 2, 5, 5, 5, 5, 3, 1, 4, 1, 4, 5, 5, 3, 5, 4, 3, 4, 5, 5, 5, 4, 5, 4, 5, 3, 3]",128,30,26,False,21
T4_D16,123,4.0,"[2, 3, 6, 3, 3, 6, 6, 6, 3, 2, 2, 6, 4, 3, 1, 2, 4, 4, 6, 4, 4, 2, 2, 2, 3, 6, 5, 6, 6, 6, 6, 4]","[1, 2, 5, 2, 2, 5, 5, 5, 2, 1, 1, 5, 3, 2, 0, 1, 3, 3, 5, 3, 3, 1, 1, 1, 2, 5, 4, 5, 5, 5, 5, 3]","[2, 3, 5, 3, 3, 5, 5, 5, 3, 2, 2, 5, 4, 3, 1, 2, 4, 4, 5, 4, 4, 2, 2, 2, 3, 5, 5, 5, 5, 5, 5, 4]",128,32,26,False,14
T4_D16,124,2.9556,"[1, 2, 1, 6, 3, 2, 6, 2, 1, 4, 1, 3, 3, 3, 1, 2, 3, 3, 2, 4, 2, 3, 4, 4, 2, 3, 3, 4, 3, 5, 4, 3, 6, 3, 2, 1, 1, 1, 2, 2, 2, 4, 4, 6, 6]","[0, 1, 0, 5, 2, 1, 5, 1, 0, 3, 0, 2, 2, 2, 0, 1, 2, 2, 1, 3, 1, 2, 3, 3, 1, 2, 2, 3, 2, 4, 3, 2, 5, 2, 1, 0, 0, 0, 1, 1, 1, 3, 3, 5, 5]","[1, 2, 1, 5, 3, 2, 5, 2, 1, 4, 1, 3, 3, 3, 1, 2, 3, 3, 2, 4, 2, 3, 4, 4, 2, 3, 3, 4, 3, 5, 4, 3, 5, 3, 2, 1, 1, 1, 2, 2, 2, 4, 4, 5, 5]",128,45,26,False,1
T4_D16,125,3.6857,"[3, 5, 4, 6, 6, 4, 6, 4, 1, 2, 2, 3, 1, 1, 3, 4, 4, 5, 5, 4, 4, 2, 2, 2, 6, 1, 1, 4, 6, 4, 6, 6, 4, 4, 4]","[2, 4, 3, 5, 5, 3, 5, 3, 0, 1, 1, 2, 0, 0, 2, 3, 3, 4, 4, 3, 3, 1, 1, 1, 5, 0, 0, 3, 5, 3, 5, 5, 3, 3, 3]","[3, 5, 4, 5, 5, 4, 5, 4, 1, 2, 2, 3, 1, 1, 3, 4, 4, 5, 5, 4, 4, 2, 2, 2, 5, 1, 1, 4, 5, 4, 5, 5, 4, 4, 4]",128,35,26,False,39
T4_D16,126,4.5714,"[4, 6, 4, 3, 6, 6, 6, 4, 4, 6, 6, 4, 2, 5, 5, 3, 6, 2, 5, 6, 5, 5, 5, 6, 3, 3, 4, 4]","[3, 5, 3, 2, 5, 5, 5, 3, 3, 5, 5, 3, 1, 4, 4, 2, 5, 1, 4, 5, 4, 4, 4, 5, 2, 2, 3, 3]","[4, 5, 4, 3, 5, 5, 5, 4, 4, 5, 5, 4, 2, 5, 5, 3, 5, 2, 5, 5, 5, 5, 5, 5, 3, 3, 4, 4]",128,28,26,False,69
T4_D16,127,4.0312,"[5, 5, 6, 4, 4, 3, 5, 4, 5, 4, 2, 4, 4, 3, 3, 2, 4, 3, 4, 4, 6, 5, 3, 4, 3, 3, 6, 4, 4, 6, 2, 5]","[4, 4, 5, 3, 3, 2, 4, 3, 4, 3, 1, 3, 3, 2, 2, 1, 3, 2, 3, 3, 5, 4, 2, 3, 2, 2, 5, 3, 3, 5, 1, 4]","[5, 5, 5, 4, 4, 3, 5, 4, 5, 4, 2, 4, 4, 3, 3, 2, 4, 3, 4, 4, 5, 5, 3, 4, 3, 3, 5, 4, 4, 5, 2, 5]",128,32,26,False,10
T4_D16,128,3.9697,"[4, 6, 4, 3, 3, 5, 2, 6, 6, 4, 5, 5, 3, 3, 1, 3, 5, 4, 3, 4, 2, 6, 5, 4, 3, 5, 6, 6, 2, 3, 2, 4, 4]","[3, 5, 3, 2, 2, 4, 1, 5, 5, 3, 4, 4, 2, 2, 0, 2, 4, 3, 2, 3, 1, 5, 4, 3, 2, 4, 5, 5, 1, 2, 1, 3, 3]","[4, 5, 4, 3, 3, 5, 2, 5, 5, 4, 5, 5, 3, 3, 1, 3, 5, 4, 3, 4, 2, 5, 5, 4, 3, 5, 5, 5, 2, 3, 2, 4, 4]",128,33,26,False,1
T4_D16,129,3.9394,"[6, 5, 6, 3, 6, 4, 2, 3, 3, 5, 4, 4, 4, 6, 3, 3, 4, 4, 3, 4, 4, 5, 4, 4, 2, 4, 4, 3, 2, 4, 3, 3, 6]","[5, 4, 5, 2, 5, 3, 1, 2, 2, 4, 3, 3, 3, 5, 2, 2, 3, 3, 2, 3, 3, 4, 3, 3, 1, 3, 3, 2, 1, 3, 2, 2, 5]","[5, 5, 5, 3, 5, 4, 2, 3, 3, 5, 4, 4, 4, 5, 3, 3, 4, 4, 3, 4, 4, 5, 4, 4, 2, 4, 4, 3, 2, 4, 3, 3, 5]",128,33,26,False,11
T4_D16,130,3.3947,"[4, 6, 4, 2, 2, 4, 4, 4, 2, 1, 3, 3, 3, 3, 4, 4, 3, 3, 4, 2, 2, 4, 6, 2, 4, 4, 4, 4, 1, 5, 6, 2, 2, 4, 4, 2, 4, 4]","[3, 5, 3, 1, 1, 3, 3, 3, 1, 0, 2, 2, 2, 2, 3, 3, 2, 2, 3, 1, 1, 3, 5, 1, 3, 3, 3, 3, 0, 4, 5, 1, 1, 3, 3, 1, 3, 3]","[4, 5, 4, 2, 2, 4, 4, 4, 2, 1, 3, 3, 3, 3, 4, 4, 3, 3, 4, 2, 2, 4, 5, 2, 4, 4, 4, 4, 1, 5, 5, 2, 2, 4, 4, 2, 4, 4]",128,38,26,False,14
T4_D16,131,3.9697,"[1, 5, 5, 1, 6, 2, 2, 6, 2, 1, 4, 2, 4, 4, 6, 6, 5, 6, 6, 6, 5, 4, 2, 4, 3, 5, 2, 5, 3, 4, 4, 6, 4]","[0, 4, 4, 0, 5, 1, 1, 5, 1, 0, 3, 1, 3, 3, 5, 5, 4, 5, 5, 5, 4, 3, 1, 3, 2, 4, 1, 4, 2, 3, 3, 5, 3]","[1, 5, 5, 1, 5, 2, 2, 5, 2, 1, 4, 2, 4, 4, 5, 5, 5, 5, 5, 5, 5, 4, 2, 4, 3, 5, 2, 5, 3, 4, 4, 5, 4]",128,33,26,False,12
T4_D16,132,3.7941,"[3, 6, 4, 2, 3, 5, 3, 6, 6, 6, 4, 5, 5, 6, 3, 6, 3, 5, 4, 4, 3, 3, 3, 3, 4, 2, 2, 4, 4, 1, 3, 2, 3, 3]","[2, 5, 3, 1, 2, 4, 2, 5, 5, 5, 3, 4, 4, 5, 2, 5, 2, 4, 3, 3, 2, 2, 2, 2, 3, 1, 1, 3, 3, 0, 2, 1, 2, 2]","[3, 5, 4, 2, 3, 5, 3, 5, 5, 5, 4, 5, 5, 5, 3, 5, 3, 5, 4, 4, 3, 3, 3, 3, 4, 2, 2, 4, 4, 1, 3, 2, 3, 3]",128,34,26,False,13
T4_D16,133,4.3,"[3, 6, 5, 2, 4, 4, 3, 5, 2, 4, 6, 6, 4, 3, 4, 3, 5, 2, 6, 5, 3, 4, 2, 5, 3, 6, 6, 6, 6, 6]","[2, 5, 4, 1, 3, 3, 2, 4, 1, 3, 5, 5, 3, 2, 3, 2, 4, 1, 5, 4, 2, 3, 1, 4, 2, 5, 5, 5, 5, 5]","[3, 5, 5, 2, 4, 4, 3, 5, 2, 4, 5, 5, 4, 3, 4, 3, 5, 2, 5, 5, 3, 4, 2, 5, 3, 5, 5, 5, 5, 5]",128,30,26,False,10
T4_D16,134,3.3333,"[1, 5, 4, 4, 1, 4, 5, 4, 6, 5, 1, 3, 2, 3, 5, 3, 4, 3, 4, 4, 3, 2, 5, 4, 4, 5, 4, 2, 5, 3, 3, 2, 2, 4, 2, 2, 2, 1, 4]","[0, 4, 3, 3, 0, 3, 4, 3, 5, 4, 0, 2, 1, 2, 4, 2, 3, 2, 3, 3, 2, 1, 4, 3, 3, 4, 3, 1, 4, 2, 2, 1, 1, 3, 1, 1, 1, 0, 3]","[1, 5, 4, 4, 1, 4, 5, 4, 5, 5, 1, 3, 2, 3, 5, 3, 4, 3, 4, 4, 3, 2, 5, 4, 4, 5, 4, 2, 5, 3, 3, 2, 2, 4, 2, 2, 2, 1, 4]",128,39,26,False,4
T4_D16,135,3.2286,"[3, 2, 1, 1, 1, 3, 3, 3, 4, 6, 3, 1, 4, 4, 2, 2, 3, 1, 4, 3, 5, 6, 4, 6, 4, 2, 1, 1, 3, 6, 3, 6, 4, 4, 4]","[2, 1, 0, 0, 0, 2, 2, 2, 3, 5, 2, 0, 3, 3, 1, 1, 2, 0, 3, 2, 4, 5, 3, 5, 3, 1, 0, 0, 2, 5, 2, 5, 3, 3, 3]","[3, 2, 1, 1, 1, 3, 3, 3, 4, 5, 3, 1, 4, 4, 2, 2, 3, 1, 4, 3, 5, 5, 4, 5, 4, 2, 1, 1, 3, 5, 3, 5, 4, 4, 4]",113,35,26,False,5
T4_D16,136,3.4865,"[4, 4, 4, 5, 3, 2, 3, 4, 4, 5, 2, 3, 3, 3, 3, 2, 1, 4, 5, 5, 4, 4, 1, 3, 5, 4, 4, 2, 4, 4, 4, 4, 3, 4, 4, 2, 4]","[3, 3, 3, 4, 2, 1, 2, 3, 3, 4, 1, 2, 2, 2, 2, 1, 0, 3, 4, 4, 3, 3, 0, 2, 4, 3, 3, 1, 3, 3, 3, 3, 2, 3, 3, 1, 3]","[4, 4, 4, 5, 3, 2, 3, 4, 4, 5, 2, 3, 3, 3, 3, 2, 1, 4, 5, 5, 4, 4, 1, 3, 5, 4, 4, 2, 4, 4, 4, 4, 3, 4, 4, 2, 4]",128,37,26,False,10
T4_D16,137,3.2,"[1, 3, 6, 3, 1, 3, 4, 2, 3, 1, 3, 4, 2, 3, 1, 2, 3, 2, 6, 1, 6, 4, 2, 4, 5, 4, 3, 6, 4, 4, 3, 3, 3, 1, 4, 4, 4, 4, 2, 4]","[0, 2, 5, 2, 0, 2, 3, 1, 2, 0, 2, 3, 1, 2, 0, 1, 2, 1, 5, 0, 5, 3, 1, 3, 4, 3, 2, 5, 3, 3, 2, 2, 2, 0, 3, 3, 3, 3, 1, 3]","[1, 3, 5, 3, 1, 3, 4, 2, 3, 1, 3, 4, 2, 3, 1, 2, 3, 2, 5, 1, 5, 4, 2, 4, 5, 4, 3, 5, 4, 4, 3, 3, 3, 1, 4, 4, 4, 4, 2, 4]",128,40,26,False,10
T4_D16,138,3.6857,"[1, 4, 5, 4, 3, 4, 3, 5, 4, 4, 5, 3, 4, 5, 4, 1, 1, 1, 2, 5, 3, 4, 6, 3, 4, 3, 6, 4, 3, 4, 6, 6, 3, 3, 3]","[0, 3, 4, 3, 2, 3, 2, 4, 3, 3, 4, 2, 3, 4, 3, 0, 0, 0, 1, 4, 2, 3, 5, 2, 3, 2, 5, 3, 2, 3, 5, 5, 2, 2, 2]","[1, 4, 5, 4, 3, 4, 3, 5, 4, 4, 5, 3, 4, 5, 4, 1, 1, 1, 2, 5, 3, 4, 5, 3, 4, 3, 5, 4, 3, 4, 5, 5, 3, 3, 3]",128,35,26,False,20
T4_D16,139,4.0,"[6, 6, 2, 5, 3, 3, 4, 5, 2, 5, 6, 4, 6, 4, 4, 4, 4, 3, 6, 3, 6, 4, 1, 4, 4, 5, 4, 2, 5, 2, 1, 3, 6]","[5, 5, 1, 4, 2, 2, 3, 4, 1, 4, 5, 3, 5, 3, 3, 3, 3, 2, 5, 2, 5, 3, 0, 3, 3, 4, 3, 1, 4, 1, 0, 2, 5]","[5, 5, 2, 5, 3, 3, 4, 5, 2, 5, 5, 4, 5, 4, 4, 4, 4, 3, 5, 3, 5, 4, 1, 4, 4, 5, 4, 2, 5, 2, 1, 3, 5]",128,33,26,False,10
T4_D16,140,4.4138,"[2, 4, 5, 2, 5, 2, 4, 4, 6, 3, 4, 6, 5, 6, 6, 4, 4, 5, 4, 6, 6, 4, 4, 6, 2, 6, 6, 3, 4]","[1, 3, 4, 1, 4, 1, 3, 3, 5, 2, 3, 5, 4, 5, 5, 3, 3, 4, 3, 5, 5, 3, 3, 5, 1, 5, 5, 2, 3]","[2, 4, 5, 2, 5, 2, 4, 4, 5, 3, 4, 5, 5, 5, 5, 4, 4, 5, 4, 5, 5, 4, 4, 5, 2, 5, 5, 3, 4]",128,29,26,False,1
T4_D16,141,3.4595,"[1, 1, 5, 5, 4, 2, 2, 3, 3, 4, 3, 3, 4, 6, 6, 2, 4, 4, 6, 4, 3, 3, 2, 3, 3, 4, 3, 6, 6, 2, 3, 3, 5, 4, 3, 1, 2]","[0, 0, 4, 4, 3, 1, 1, 2, 2, 3, 2, 2, 3, 5, 5, 1, 3, 3, 5, 3, 2, 2, 1, 2, 2, 3, 2, 5, 5, 1, 2, 2, 4, 3, 2, 0, 1]","[1, 1, 5, 5, 4, 2, 2, 3, 3, 4, 3, 3, 4, 5, 5, 2, 4, 4, 5, 4, 3, 3, 2, 3, 3, 4, 3, 5, 5, 2, 3, 3, 5, 4, 3, 1, 2]",128,37,26,False,1
T4_D16,142,3.4865,"[2, 5, 2, 4, 3, 4, 4, 6, 4, 3, 5, 2, 3, 6, 4, 2, 2, 4, 4, 1, 5, 3, 3, 5, 4, 2, 2, 4, 3, 5, 4, 3, 3, 4, 3, 3, 3]","[1, 4, 1, 3, 2, 3, 3, 5, 3, 2, 4, 1, 2, 5, 3, 1, 1, 3, 3, 0, 4, 2, 2, 4, 3, 1, 1, 3, 2, 4, 3, 2, 2, 3, 2, 2, 2]","[2, 5, 2, 4, 3, 4, 4, 5, 4, 3, 5, 2, 3, 5, 4, 2, 2, 4, 4, 1, 5, 3, 3, 5, 4, 2, 2, 4, 3, 5, 4, 3, 3, 4, 3, 3, 3]",128,37,26,False,8
T4_D16,143,3.1463,"[1, 6, 5, 6, 3, 6, 4, 2, 4, 2, 2, 4, 2, 4, 4, 3, 5, 5, 2, 2, 3, 1, 6, 4, 4, 1, 4, 4, 2, 1, 1, 1, 3, 4, 1, 2, 6, 4, 2, 1, 2]","[0, 5, 4, 5, 2, 5, 3, 1, 3, 1, 1, 3, 1, 3, 3, 2, 4, 4, 1, 1, 2, 0, 5, 3, 3, 0, 3, 3, 1, 0, 0, 0, 2, 3, 0, 1, 5, 3, 1, 0, 1]","[1, 5, 5, 5, 3, 5, 4, 2, 4, 2, 2, 4, 2, 4, 4, 3, 5, 5, 2, 2, 3, 1, 5, 4, 4, 1, 4, 4, 2, 1, 1, 1, 3, 4, 1, 2, 5, 4, 2, 1, 2]",128,41,26,False,3
T4_D16,144,2.8444,"[1, 1, 6, 2, 4, 2, 4, 4, 5, 6, 3, 1, 3, 4, 1, 1, 3, 2, 2, 6, 3, 2, 1, 3, 1, 2, 4, 1, 2, 1, 1, 3, 1, 2, 5, 4, 3, 6, 4, 3, 4, 6, 2, 1, 2]","[0, 0, 5, 1, 3, 1, 3, 3, 4, 5, 2, 0, 2, 3, 0, 0, 2, 1, 1, 5, 2, 1, 0, 2, 0, 1, 3, 0, 1, 0, 0, 2, 0, 1, 4, 3, 2, 5, 3, 2, 3, 5, 1, 0, 1]","[1, 1, 5, 2, 4, 2, 4, 4, 5, 5, 3, 1, 3, 4, 1, 1, 3, 2, 2, 5, 3, 2, 1, 3, 1, 2, 4, 1, 2, 1, 1, 3, 1, 2, 5, 4, 3, 5, 4, 3, 4, 5, 2, 1, 2]",128,45,26,False,38
T4_D16,145,3.0,"[4, 6, 4, 3, 1, 2, 5, 3, 2, 2, 2, 3, 2, 2, 2, 3, 1, 4, 1, 1, 1, 5, 4, 4, 4, 6, 4, 2, 3, 2, 5, 3, 4, 5, 4, 4, 2, 2, 3, 1, 3, 1, 4]","[3, 5, 3, 2, 0, 1, 4, 2, 1, 1, 1, 2, 1, 1, 1, 2, 0, 3, 0, 0, 0, 4, 3, 3, 3, 5, 3, 1, 2, 1, 4, 2, 3, 4, 3, 3, 1, 1, 2, 0, 2, 0, 3]","[4, 5, 4, 3, 1, 2, 5, 3, 2, 2, 2, 3, 2, 2, 2, 3, 1, 4, 1, 1, 1, 5, 4, 4, 4, 5, 4, 2, 3, 2, 5, 3, 4, 5, 4, 4, 2, 2, 3, 1, 3, 1, 4]",128,43,26,False,11
T4_D16,146,3.3077,"[1, 4, 1, 2, 4, 6, 6, 6, 5, 6, 6, 4, 6, 5, 3, 1, 2, 3, 4, 3, 2, 1, 1, 4, 6, 3, 3, 2, 1, 4, 2, 2, 1, 3, 2, 5, 3, 4, 2]","[0, 3, 0, 1, 3, 5, 5, 5, 4, 5, 5, 3, 5, 4, 2, 0, 1, 2, 3, 2, 1, 0, 0, 3, 5, 2, 2, 1, 0, 3, 1, 1, 0, 2, 1, 4, 2, 3, 1]","[1, 4, 1, 2, 4, 5, 5, 5, 5, 5, 5, 4, 5, 5, 3, 1, 2, 3, 4, 3, 2, 1, 1, 4, 5, 3, 3, 2, 1, 4, 2, 2, 1, 3, 2, 5, 3, 4, 2]",128,39,26,False,1
T4_D16,147,3.3684,"[1, 2, 4, 5, 4, 2, 4, 3, 3, 4, 4, 4, 2, 6, 2, 1, 5, 6, 3, 4, 4, 1, 6, 3, 3, 1, 6, 3, 4, 3, 4, 3, 2, 2, 3, 3, 5, 3]","[0, 1, 3, 4, 3, 1, 3, 2, 2, 3, 3, 3, 1, 5, 1, 0, 4, 5, 2, 3, 3, 0, 5, 2, 2, 0, 5, 2, 3, 2, 3, 2, 1, 1, 2, 2, 4, 2]","[1, 2, 4, 5, 4, 2, 4, 3, 3, 4, 4, 4, 2, 5, 2, 1, 5, 5, 3, 4, 4, 1, 5, 3, 3, 1, 5, 3, 4, 3, 4, 3, 2, 2, 3, 3, 5, 3]",128,38,26,False,7
T4_D16,148,2.8444,"[1, 2, 3, 5, 6, 5, 3, 5, 5, 4, 2, 4, 5, 1, 3, 2, 2, 4, 1, 2, 2, 4, 1, 1, 3, 1, 6, 3, 4, 1, 2, 2, 2, 1, 1, 4, 2, 6, 5, 3, 2, 2, 2, 1, 2]","[0, 1, 2, 4, 5, 4, 2, 4, 4, 3, 1, 3, 4, 0, 2, 1, 1, 3, 0, 1, 1, 3, 0, 0, 2, 0, 5, 2, 3, 0, 1, 1, 1, 0, 0, 3, 1, 5, 4, 2, 1, 1, 1, 0, 1]","[1, 2, 3, 5, 5, 5, 3, 5, 5, 4, 2, 4, 5, 1, 3, 2, 2, 4, 1, 2, 2, 4, 1, 1, 3, 1, 5, 3, 4, 1, 2, 2, 2, 1, 1, 4, 2, 5, 5, 3, 2, 2, 2, 1, 2]",128,45,26,False,18
T4_D16,149,3.2821,"[3, 1, 4, 4, 2, 2, 4, 4, 3, 2, 6, 2, 3, 2, 4, 4, 2, 5, 2, 2, 3, 4, 6, 4, 5, 6, 4, 2, 6, 2, 4, 3, 1, 6, 2, 2, 1, 2, 4]","[2, 0, 3, 3, 1, 1, 3, 3, 2, 1, 5, 1, 2, 1, 3, 3, 1, 4, 1, 1, 2, 3, 5, 3, 4, 5, 3, 1, 5, 1, 3, 2, 0, 5, 1, 1, 0, 1, 3]","[3, 1, 4, 4, 2, 2, 4, 4, 3, 2, 5, 2, 3, 2, 4, 4, 2, 5, 2, 2, 3, 4, 5, 4, 5, 5, 4, 2, 5, 2, 4, 3, 1, 5, 2, 2, 1, 2, 4]",128,39,26,False,4
T4_D16,150,2.9545,"[1, 1, 6, 4, 3, 1, 5, 4, 4, 4, 4, 1, 3, 4, 3, 2, 3, 6, 2, 1, 2, 4, 2, 2, 4, 4, 4, 2, 4, 2, 2, 3, 4, 3, 3, 1, 1, 2, 2, 4, 3, 2, 4, 4]","[0, 0, 5, 3, 2, 0, 4, 3, 3, 3, 3, 0, 2, 3, 2, 1, 2, 5, 1, 0, 1, 3, 1, 1, 3, 3, 3, 1, 3, 1, 1, 2, 3, 2, 2, 0, 0, 1, 1, 3, 2, 1, 3, 3]","[1, 1, 5, 4, 3, 1, 5, 4, 4, 4, 4, 1, 3, 4, 3, 2, 3, 5, 2, 1, 2, 4, 2, 2, 4, 4, 4, 2, 4, 2, 2, 3, 4, 3, 3, 1, 1, 2, 2, 4, 3, 2, 4, 4]",128,44,26,False,1
T4_D16,151,3.3077,"[1, 3, 6, 3, 6, 6, 6, 4, 6, 3, 6, 1, 2, 2, 2, 2, 2, 4, 4, 2, 4, 4, 3, 4, 2, 1, 2, 1, 2, 4, 4, 4, 2, 4, 2, 4, 6, 3, 2]","[0, 2, 5, 2, 5, 5, 5, 3, 5, 2, 5, 0, 1, 1, 1, 1, 1, 3, 3, 1, 3, 3, 2, 3, 1, 0, 1, 0, 1, 3, 3, 3, 1, 3, 1, 3, 5, 2, 1]","[1, 3, 5, 3, 5, 5, 5, 4, 5, 3, 5, 1, 2, 2, 2, 2, 2, 4, 4, 2, 4, 4, 3, 4, 2, 1, 2, 1, 2, 4, 4, 4, 2, 4, 2, 4, 5, 3, 2]",128,39,26,False,1
T4_D16,152,3.225,"[1, 1, 6, 3, 2, 3, 3, 3, 4, 5, 3, 3, 5, 2, 2, 4, 2, 4, 2, 3, 2, 2, 4, 6, 2, 2, 2, 6, 4, 3, 1, 3, 4, 3, 4, 4, 4, 4, 4, 4]","[0, 0, 5, 2, 1, 2, 2, 2, 3, 4, 2, 2, 4, 1, 1, 3, 1, 3, 1, 2, 1, 1, 3, 5, 1, 1, 1, 5, 3, 2, 0, 2, 3, 2, 3, 3, 3, 3, 3, 3]","[1, 1, 5, 3, 2, 3, 3, 3, 4, 5, 3, 3, 5, 2, 2, 4, 2, 4, 2, 3, 2, 2, 4, 5, 2, 2, 2, 5, 4, 3, 1, 3, 4, 3, 4, 4, 4, 4, 4, 4]",128,40,26,False,2
T4_D16,153,2.6667,"[1, 2, 3, 5, 5, 6, 4, 2, 4, 3, 3, 6, 4, 3, 1, 3, 1, 2, 4, 4, 4, 4, 3, 2, 2, 1, 1, 1, 1, 2, 1, 2, 2, 1, 1, 3, 1, 2, 4, 2, 3, 3, 2, 6, 2, 3, 1, 2]","[0, 1, 2, 4, 4, 5, 3, 1, 3, 2, 2, 5, 3, 2, 0, 2, 0, 1, 3, 3, 3, 3, 2, 1, 1, 0, 0, 0, 0, 1, 0, 1, 1, 0, 0, 2, 0, 1, 3, 1, 2, 2, 1, 5, 1, 2, 0, 1]","[1, 2, 3, 5, 5, 5, 4, 2, 4, 3, 3, 5, 4, 3, 1, 3, 1, 2, 4, 4, 4, 4, 3, 2, 2, 1, 1, 1, 1, 2, 1, 2, 2, 1, 1, 3, 1, 2, 4, 2, 3, 3, 2, 5, 2, 3, 1, 2]",128,48,26,False,28
T4_D16,154,3.225,"[3, 4, 4, 4, 4, 5, 4, 3, 3, 6, 4, 4, 4, 3, 5, 5, 3, 4, 2, 4, 6, 1, 3, 2, 4, 1, 2, 1, 2, 3, 2, 2, 2, 2, 1, 2, 2, 4, 6, 3]","[2, 3, 3, 3, 3, 4, 3, 2, 2, 5, 3, 3, 3, 2, 4, 4, 2, 3, 1, 3, 5, 0, 2, 1, 3, 0, 1, 0, 1, 2, 1, 1, 1, 1, 0, 1, 1, 3, 5, 2]","[3, 4, 4, 4, 4, 5, 4, 3, 3, 5, 4, 4, 4, 3, 5, 5, 3, 4, 2, 4, 5, 1, 3, 2, 4, 1, 2, 1, 2, 3, 2, 2, 2, 2, 1, 2, 2, 4, 5, 3]",128,40,26,False,18
T4_D16,155,2.5294,"[1, 4, 2, 1, 4, 2, 4, 6, 5, 2, 2, 2, 2, 2, 1, 4, 2, 4, 2, 2, 4, 1, 1, 1, 2, 3, 1, 3, 3, 1, 3, 3, 3, 4, 1, 2, 2, 4, 6, 2, 1, 1, 1, 2, 1, 2, 5, 5, 1, 2, 4]","[0, 3, 1, 0, 3, 1, 3, 5, 4, 1, 1, 1, 1, 1, 0, 3, 1, 3, 1, 1, 3, 0, 0, 0, 1, 2, 0, 2, 2, 0, 2, 2, 2, 3, 0, 1, 1, 3, 5, 1, 0, 0, 0, 1, 0, 1, 4, 4, 0, 1, 3]","[1, 4, 2, 1, 4, 2, 4, 5, 5, 2, 2, 2, 2, 2, 1, 4, 2, 4, 2, 2, 4, 1, 1, 1, 2, 3, 1, 3, 3, 1, 3, 3, 3, 4, 1, 2, 2, 4, 5, 2, 1, 1, 1, 2, 1, 2, 5, 5, 1, 2, 4]",128,51,26,False,12
T4_D16,156,2.6531,"[1, 1, 6, 2, 6, 1, 1, 3, 3, 3, 2, 4, 5, 4, 2, 3, 2, 4, 1, 1, 4, 1, 1, 3, 1, 2, 4, 3, 4, 3, 6, 1, 2, 2, 1, 1, 2, 4, 4, 4, 4, 1, 1, 3, 2, 2, 4, 1, 4]","[0, 0, 5, 1, 5, 0, 0, 2, 2, 2, 1, 3, 4, 3, 1, 2, 1, 3, 0, 0, 3, 0, 0, 2, 0, 1, 3, 2, 3, 2, 5, 0, 1, 1, 0, 0, 1, 3, 3, 3, 3, 0, 0, 2, 1, 1, 3, 0, 3]","[1, 1, 5, 2, 5, 1, 1, 3, 3, 3, 2, 4, 5, 4, 2, 3, 2, 4, 1, 1, 4, 1, 1, 3, 1, 2, 4, 3, 4, 3, 5, 1, 2, 2, 1, 1, 2, 4, 4, 4, 4, 1, 1, 3, 2, 2, 4, 1, 4]",128,49,26,False,7
T4_D16,157,3.5405,"[1, 4, 2, 6, 6, 1, 5, 2, 1, 2, 6, 6, 6, 4, 3, 3, 3, 4, 3, 1, 2, 5, 4, 4, 1, 2, 6, 4, 3, 3, 3, 5, 5, 4, 3, 2, 6]","[0, 3, 1, 5, 5, 0, 4, 1, 0, 1, 5, 5, 5, 3, 2, 2, 2, 3, 2, 0, 1, 4, 3, 3, 0, 1, 5, 3, 2, 2, 2, 4, 4, 3, 2, 1, 5]","[1, 4, 2, 5, 5, 1, 5, 2, 1, 2, 5, 5, 5, 4, 3, 3, 3, 4, 3, 1, 2, 5, 4, 4, 1, 2, 5, 4, 3, 3, 3, 5, 5, 4, 3, 2, 5]",128,37,26,False,1
T4_D16,158,3.122,"[1, 1, 6, 3, 2, 6, 2, 2, 3, 2, 4, 2, 6, 3, 1, 4, 3, 2, 1, 1, 6, 4, 4, 4, 2, 6, 3, 5, 1, 2, 6, 4, 4, 3, 1, 4, 2, 4, 3, 2, 3]","[0, 0, 5, 2, 1, 5, 1, 1, 2, 1, 3, 1, 5, 2, 0, 3, 2, 1, 0, 0, 5, 3, 3, 3, 1, 5, 2, 4, 0, 1, 5, 3, 3, 2, 0, 3, 1, 3, 2, 1, 2]","[1, 1, 5, 3, 2, 5, 2, 2, 3, 2, 4, 2, 5, 3, 1, 4, 3, 2, 1, 1, 5, 4, 4, 4, 2, 5, 3, 5, 1, 2, 5, 4, 4, 3, 1, 4, 2, 4, 3, 2, 3]",128,41,26,False,1
T4_D16,159,2.6875,"[3, 4, 3, 2, 2, 4, 5, 4, 6, 2, 1, 1, 2, 4, 1, 1, 2, 4, 3, 4, 3, 3, 3, 3, 3, 5, 2, 2, 3, 1, 1, 2, 4, 1, 1, 5, 2, 2, 1, 1, 3, 3, 3, 4, 2, 2, 3, 3]","[2, 3, 2, 1, 1, 3, 4, 3, 5, 1, 0, 0, 1, 3, 0, 0, 1, 3, 2, 3, 2, 2, 2, 2, 2, 4, 1, 1, 2, 0, 0, 1, 3, 0, 0, 4, 1, 1, 0, 0, 2, 2, 2, 3, 1, 1, 2, 2]","[3, 4, 3, 2, 2, 4, 5, 4, 5, 2, 1, 1, 2, 4, 1, 1, 2, 4, 3, 4, 3, 3, 3, 3, 3, 5, 2, 2, 3, 1, 1, 2, 4, 1, 1, 5, 2, 2, 1, 1, 3, 3, 3, 4, 2, 2, 3, 3]",128,48,26,False,36
T4_D16,160,2.6327,"[1, 5, 2, 6, 2, 2, 4, 4, 3, 4, 1, 1, 1, 1, 4, 2, 1, 2, 4, 2, 1, 4, 3, 3, 2, 3, 5, 3, 4, 5, 3, 3, 6, 1, 1, 1, 6, 2, 1, 1, 1, 4, 1, 2, 2, 2, 2, 2, 3]","[0, 4, 1, 5, 1, 1, 3, 3, 2, 3, 0, 0, 0, 0, 3, 1, 0, 1, 3, 1, 0, 3, 2, 2, 1, 2, 4, 2, 3, 4, 2, 2, 5, 0, 0, 0, 5, 1, 0, 0, 0, 3, 0, 1, 1, 1, 1, 1, 2]","[1, 5, 2, 5, 2, 2, 4, 4, 3, 4, 1, 1, 1, 1, 4, 2, 1, 2, 4, 2, 1, 4, 3, 3, 2, 3, 5, 3, 4, 5, 3, 3, 5, 1, 1, 1, 5, 2, 1, 1, 1, 4, 1, 2, 2, 2, 2, 2, 3]",128,49,26,False,1
T4_D8,81,2.56,"[3, 3, 3, 3, 4, 2, 4, 1, 2, 3, 1, 1, 2, 4, 2, 4, 2, 1, 1, 3, 3, 2, 2, 1, 4, 4, 4, 2, 2, 1, 5, 3, 2, 1, 1, 2, 2, 2, 1, 3, 3, 5, 2, 2, 5, 2, 1, 4, 6, 2]","[2, 2, 2, 2, 3, 1, 3, 0, 1, 2, 0, 0, 1, 3, 1, 3, 1, 0, 0, 2, 2, 1, 1, 0, 3, 3, 3, 1, 1, 0, 4, 2, 1, 0, 0, 1, 1, 1, 0, 2, 2, 4, 1, 1, 4, 1, 0, 3, 5, 1]","[3, 3, 3, 3, 4, 2, 4, 1, 2, 3, 1, 1, 2, 4, 2, 4, 2, 1, 1, 3, 3, 2, 2, 1, 4, 4, 4, 2, 2, 1, 5, 3, 2, 1, 1, 2, 2, 2, 1, 3, 3, 5, 2, 2, 5, 2, 1, 4, 5, 2]",128,50,26,False,3
T4_D8,82,3.3333,"[4, 4, 2, 3, 2, 4, 4, 6, 4, 3, 4, 1, 3, 6, 4, 3, 3, 2, 4, 2, 2, 3, 4, 3, 3, 4, 4, 4, 3, 3, 2, 3, 5, 3, 3, 4, 3, 2, 4]","[3, 3, 1, 2, 1, 3, 3, 5, 3, 2, 3, 0, 2, 5, 3, 2, 2, 1, 3, 1, 1, 2, 3, 2, 2, 3, 3, 3, 2, 2, 1, 2, 4, 2, 2, 3, 2, 1, 3]","[4, 4, 2, 3, 2, 4, 4, 5, 4, 3, 4, 1, 3, 5, 4, 3, 3, 2, 4, 2, 2, 3, 4, 3, 3, 4, 4, 4, 3, 3, 2, 3, 5, 3, 3, 4, 3, 2, 4]",128,39,26,False,39
T4_D8,83,3.0233,"[4, 5, 4, 6, 2, 5, 4, 2, 4, 2, 1, 1, 1, 1, 1, 1, 1, 3, 2, 2, 3, 4, 4, 4, 4, 4, 4, 6, 5, 2, 1, 2, 1, 3, 3, 3, 4, 3, 3, 3, 5, 4, 3]","[3, 4, 3, 5, 1, 4, 3, 1, 3, 1, 0, 0, 0, 0, 0, 0, 0, 2, 1, 1, 2, 3, 3, 3, 3, 3, 3, 5, 4, 1, 0, 1, 0, 2, 2, 2, 3, 2, 2, 2, 4, 3, 2]","[4, 5, 4, 5, 2, 5, 4, 2, 4, 2, 1, 1, 1, 1, 1, 1, 1, 3, 2, 2, 3, 4, 4, 4, 4, 4, 4, 5, 5, 2, 1, 2, 1, 3, 3, 3, 4, 3, 3, 3, 5, 4, 3]",128,43,26,False,1
T4_D8,84,3.0476,"[4, 1, 2, 1, 4, 3, 5, 3, 2, 6, 3, 6, 4, 3, 3, 6, 3, 3, 3, 2, 4, 3, 3, 3, 2, 2, 4, 4, 3, 3, 3, 3, 2, 5, 3, 1, 2, 3, 2, 2, 2, 2]","[3, 0, 1, 0, 3, 2, 4, 2, 1, 5, 2, 5, 3, 2, 2, 5, 2, 2, 2, 1, 3, 2, 2, 2, 1, 1, 3, 3, 2, 2, 2, 2, 1, 4, 2, 0, 1, 2, 1, 1, 1, 1]","[4, 1, 2, 1, 4, 3, 5, 3, 2, 5, 3, 5, 4, 3, 3, 5, 3, 3, 3, 2, 4, 3, 3, 3, 2, 2, 4, 4, 3, 3, 3, 3, 2, 5, 3, 1, 2, 3, 2, 2, 2, 2]",128,42,26,False,4
T4_D8,85,2.5098,"[1, 3, 4, 3, 4, 2, 1, 3, 4, 2, 4, 1, 2, 2, 3, 2, 3, 3, 4, 2, 5, 5, 2, 4, 2, 4, 2, 4, 3, 1, 1, 1, 2, 1, 1, 1, 1, 2, 3, 2, 3, 3, 2, 2, 2, 4, 2, 1, 4, 2, 3]","[0, 2, 3, 2, 3, 1, 0, 2, 3, 1, 3, 0, 1, 1, 2, 1, 2, 2, 3, 1, 4, 4, 1, 3, 1, 3, 1, 3, 2, 0, 0, 0, 1, 0, 0, 0, 0, 1, 2, 1, 2, 2, 1, 1, 1, 3, 1, 0, 3, 1, 2]","[1, 3, 4, 3, 4, 2, 1, 3, 4, 2, 4, 1, 2, 2, 3, 2, 3, 3, 4, 2, 5, 5, 2, 4, 2, 4, 2, 4, 3, 1, 1, 1, 2, 1, 1, 1, 1, 2, 3, 2, 3, 3, 2, 2, 2, 4, 2, 1, 4, 2, 3]",128,51,26,False,13
T4_D8,86,2.2069,"[1, 1, 1, 5, 5, 1, 1, 2, 1, 2, 3, 3, 3, 3, 3, 2, 3, 3, 1, 3, 2, 2, 1, 2, 3, 3, 2, 3, 1, 2, 3, 2, 3, 2, 2, 2, 3, 2, 3, 2, 2, 1, 2, 1, 2, 2, 2, 1, 3, 2, 1, 1, 2, 4, 2, 4, 2, 2]","[0, 0, 0, 4, 4, 0, 0, 1, 0, 1, 2, 2, 2, 2, 2, 1, 2, 2, 0, 2, 1, 1, 0, 1, 2, 2, 1, 2, 0, 1, 2, 1, 2, 1, 1, 1, 2, 1, 2, 1, 1, 0, 1, 0, 1, 1, 1, 0, 2, 1, 0, 0, 1, 3, 1, 3, 1, 1]","[1, 1, 1, 5, 5, 1, 1, 2, 1, 2, 3, 3, 3, 3, 3, 2, 3, 3, 1, 3, 2, 2, 1, 2, 3, 3, 2, 3, 1, 2, 3, 2, 3, 2, 2, 2, 3, 2, 3, 2, 2, 1, 2, 1, 2, 2, 2, 1, 3, 2, 1, 1, 2, 4, 2, 4, 2, 2]",128,58,26,False,21
T4_D8,87,2.8667,"[6, 3, 2, 6, 5, 2, 3, 3, 2, 3, 4, 5, 2, 1, 3, 4, 2, 2, 1, 2, 3, 4, 3, 2, 3, 2, 2, 1, 3, 3, 2, 4, 2, 3, 2, 2, 2, 1, 3, 6, 6, 3, 1, 3, 2]","[5, 2, 1, 5, 4, 1, 2, 2, 1, 2, 3, 4, 1, 0, 2, 3, 1, 1, 0, 1, 2, 3, 2, 1, 2, 1, 1, 0, 2, 2, 1, 3, 1, 2, 1, 1, 1, 0, 2, 5, 5, 2, 0, 2, 1]","[5, 3, 2, 5, 5, 2, 3, 3, 2, 3, 4, 5, 2, 1, 3, 4, 2, 2, 1, 2, 3, 4, 3, 2, 3, 2, 2, 1, 3, 3, 2, 4, 2, 3, 2, 2, 2, 1, 3, 5, 5, 3, 1, 3, 2]",128,45,26,False,28
T4_D8,88,2.0,"[1, 3, 2, 3, 2, 1, 2, 4, 2, 2, 2, 3, 2, 1, 2, 3, 2, 1, 1, 2, 1, 3, 3, 1, 1, 3, 1, 2, 2, 2, 1, 1, 1, 1, 1, 1, 2, 3, 1, 2, 1, 4, 1, 1, 4, 1, 3, 1, 2, 5, 4, 1, 3, 3, 2, 2, 1, 3, 2, 2, 1, 2, 2, 2, 3]","[0, 2, 1, 2, 1, 0, 1, 3, 1, 1, 1, 2, 1, 0, 1, 2, 1, 0, 0, 1, 0, 2, 2, 0, 0, 2, 0, 1, 1, 1, 0, 0, 0, 0, 0, 0, 1, 2, 0, 1, 0, 3, 0, 0, 3, 0, 2, 0, 1, 4, 3, 0, 2, 2, 1, 1, 0, 2, 1, 1, 0, 1, 1, 1, 2]","[1, 3, 2, 3, 2, 1, 2, 4, 2, 2, 2, 3, 2, 1, 2, 3, 2, 1, 1, 2, 1, 3, 3, 1, 1, 3, 1, 2, 2, 2, 1, 1, 1, 1, 1, 1, 2, 3, 1, 2, 1, 4, 1, 1, 4, 1, 3, 1, 2, 5, 4, 1, 3, 3, 2, 2, 1, 3, 2, 2, 1, 2, 2, 2, 3]",128,65,26,False,9
T4_D8,89,2.9318,"[1, 4, 4, 2, 5, 1, 6, 4, 4, 3, 1, 3, 2, 4, 6, 2, 3, 1, 2, 2, 2, 4, 4, 1, 2, 4, 3, 3, 6, 1, 4, 2, 4, 3, 3, 2, 2, 2, 2, 2, 3, 4, 3, 3]","[0, 3, 3, 1, 4, 0, 5, 3, 3, 2, 0, 2, 1, 3, 5, 1, 2, 0, 1, 1, 1, 3, 3, 0, 1, 3, 2, 2, 5, 0, 3, 1, 3, 2, 2, 1, 1, 1, 1, 1, 2, 3, 2, 2]","[1, 4, 4, 2, 5, 1, 5, 4, 4, 3, 1, 3, 2, 4, 5, 2, 3, 1, 2, 2, 2, 4, 4, 1, 2, 4, 3, 3, 5, 1, 4, 2, 4, 3, 3, 2, 2, 2, 2, 2, 3, 4, 3, 3]",128,44,26,False,12
T4_D8,90,3.175,"[1, 4, 5, 4, 2, 4, 3, 4, 4, 3, 2, 3, 4, 2, 3, 2, 1, 3, 2, 6, 3, 2, 4, 5, 2, 3, 2, 4, 3, 3, 3, 2, 3, 4, 4, 3, 4, 5, 5, 1]","[0, 3, 4, 3, 1, 3, 2, 3, 3, 2, 1, 2, 3, 1, 2, 1, 0, 2, 1, 5, 2, 1, 3, 4, 1, 2, 1, 3, 2, 2, 2, 1, 2, 3, 3, 2, 3, 4, 4, 0]","[1, 4, 5, 4, 2, 4, 3, 4, 4, 3, 2, 3, 4, 2, 3, 2, 1, 3, 2, 5, 3, 2, 4, 5, 2, 3, 2, 4, 3, 3, 3, 2, 3, 4, 4, 3, 4, 5, 5, 1]",127,40,26,False,42
T4_D8,91,2.5094,"[1, 3, 3, 2, 4, 2, 5, 3, 3, 1, 2, 1, 4, 5, 2, 2, 3, 3, 1, 2, 1, 1, 3, 4, 4, 2, 2, 3, 2, 3, 2, 2, 1, 3, 2, 1, 2, 3, 1, 1, 3, 1, 2, 3, 1, 5, 2, 3, 5, 3, 2, 2, 6]","[0, 2, 2, 1, 3, 1, 4, 2, 2, 0, 1, 0, 3, 4, 1, 1, 2, 2, 0, 1, 0, 0, 2, 3, 3, 1, 1, 2, 1, 2, 1, 1, 0, 2, 1, 0, 1, 2, 0, 0, 2, 0, 1, 2, 0, 4, 1, 2, 4, 2, 1, 1, 5]","[1, 3, 3, 2, 4, 2, 5, 3, 3, 1, 2, 1, 4, 5, 2, 2, 3, 3, 1, 2, 1, 1, 3, 4, 4, 2, 2, 3, 2, 3, 2, 2, 1, 3, 2, 1, 2, 3, 1, 1, 3, 1, 2, 3, 1, 5, 2, 3, 5, 3, 2, 2, 5]",128,53,26,False,1
T4_D8,92,2.0645,"[1, 2, 3, 2, 4, 3, 3, 1, 1, 3, 2, 1, 2, 2, 2, 1, 3, 3, 1, 2, 3, 3, 5, 1, 1, 3, 3, 3, 1, 1, 2, 1, 1, 2, 5, 1, 1, 3, 2, 3, 1, 2, 2, 1, 2, 1, 1, 3, 1, 1, 2, 1, 2, 4, 1, 1, 2, 4, 1, 2, 3, 3]","[0, 1, 2, 1, 3, 2, 2, 0, 0, 2, 1, 0, 1, 1, 1, 0, 2, 2, 0, 1, 2, 2, 4, 0, 0, 2, 2, 2, 0, 0, 1, 0, 0, 1, 4, 0, 0, 2, 1, 2, 0, 1, 1, 0, 1, 0, 0, 2, 0, 0, 1, 0, 1, 3, 0, 0, 1, 3, 0, 1, 2, 2]","[1, 2, 3, 2, 4, 3, 3, 1, 1, 3, 2, 1, 2, 2, 2, 1, 3, 3, 1, 2, 3, 3, 5, 1, 1, 3, 3, 3, 1, 1, 2, 1, 1, 2, 5, 1, 1, 3, 2, 3, 1, 2, 2, 1, 2, 1, 1, 3, 1, 1, 2, 1, 2, 4, 1, 1, 2, 4, 1, 2, 3, 3]",128,62,26,False,4
T4_D8,93,2.64,"[1, 4, 4, 2, 2, 3, 2, 3, 1, 3, 3, 2, 5, 5, 4, 5, 2, 4, 2, 1, 1, 2, 3, 3, 2, 2, 2, 4, 2, 2, 5, 1, 2, 3, 1, 3, 1, 4, 1, 2, 2, 2, 3, 3, 5, 2, 1, 2, 3, 5]","[0, 3, 3, 1, 1, 2, 1, 2, 0, 2, 2, 1, 4, 4, 3, 4, 1, 3, 1, 0, 0, 1, 2, 2, 1, 1, 1, 3, 1, 1, 4, 0, 1, 2, 0, 2, 0, 3, 0, 1, 1, 1, 2, 2, 4, 1, 0, 1, 2, 4]","[1, 4, 4, 2, 2, 3, 2, 3, 1, 3, 3, 2, 5, 5, 4, 5, 2, 4, 2, 1, 1, 2, 3, 3, 2, 2, 2, 4, 2, 2, 5, 1, 2, 3, 1, 3, 1, 4, 1, 2, 2, 2, 3, 3, 5, 2, 1, 2, 3, 5]",128,50,26,False,16
T4_D8,94,3.0714,"[1, 3, 3, 5, 1, 2, 3, 2, 3, 3, 2, 4, 3, 3, 2, 4, 4, 3, 5, 2, 3, 2, 6, 2, 5, 3, 2, 4, 5, 3, 2, 3, 1, 2, 1, 3, 3, 5, 4, 6, 2, 4]","[0, 2, 2, 4, 0, 1, 2, 1, 2, 2, 1, 3, 2, 2, 1, 3, 3, 2, 4, 1, 2, 1, 5, 1, 4, 2, 1, 3, 4, 2, 1, 2, 0, 1, 0, 2, 2, 4, 3, 5, 1, 3]","[1, 3, 3, 5, 1, 2, 3, 2, 3, 3, 2, 4, 3, 3, 2, 4, 4, 3, 5, 2, 3, 2, 5, 2, 5, 3, 2, 4, 5, 3, 2, 3, 1, 2, 1, 3, 3, 5, 4, 5, 2, 4]",128,42,26,False,11
T4_D8,95,2.7292,"[1, 3, 5, 2, 3, 1, 2, 3, 3, 2, 3, 2, 3, 1, 1, 1, 3, 2, 4, 1, 2, 1, 2, 2, 2, 2, 2, 2, 5, 2, 3, 1, 4, 4, 3, 3, 4, 3, 1, 6, 4, 2, 2, 3, 4, 4, 6, 6]","[0, 2, 4, 1, 2, 0, 1, 2, 2, 1, 2, 1, 2, 0, 0, 0, 2, 1, 3, 0, 1, 0, 1, 1, 1, 1, 1, 1, 4, 1, 2, 0, 3, 3, 2, 2, 3, 2, 0, 5, 3, 1, 1, 2, 3, 3, 5, 5]","[1, 3, 5, 2, 3, 1, 2, 3, 3, 2, 3, 2, 3, 1, 1, 1, 3, 2, 4, 1, 2, 1, 2, 2, 2, 2, 2, 2, 5, 2, 3, 1, 4, 4, 3, 3, 4, 3, 1, 5, 4, 2, 2, 3, 4, 4, 5, 5]",128,48,26,False,53
T4_D8,96,3.0714,"[2, 4, 4, 2, 4, 2, 6, 2, 2, 1, 1, 2, 3, 2, 2, 2, 4, 4, 4, 4, 2, 3, 2, 3, 3, 2, 4, 4, 6, 2, 2, 3, 2, 6, 3, 1, 5, 4, 2, 6, 5, 2]","[1, 3, 3, 1, 3, 1, 5, 1, 1, 0, 0, 1, 2, 1, 1, 1, 3, 3, 3, 3, 1, 2, 1, 2, 2, 1, 3, 3, 5, 1, 1, 2, 1, 5, 2, 0, 4, 3, 1, 5, 4, 1]","[2, 4, 4, 2, 4, 2, 5, 2, 2, 1, 1, 2, 3, 2, 2, 2, 4, 4, 4, 4, 2, 3, 2, 3, 3, 2, 4, 4, 5, 2, 2, 3, 2, 5, 3, 1, 5, 4, 2, 5, 5, 2]",128,42,26,False,28
T4_D8,97,3.0465,"[1, 4, 4, 3, 3, 4, 2, 3, 3, 3, 3, 3, 4, 3, 4, 3, 2, 2, 2, 4, 3, 3, 3, 3, 3, 4, 4, 2, 2, 4, 3, 3, 2, 2, 5, 5, 2, 5, 1, 2, 2, 2, 6]","[0, 3, 3, 2, 2, 3, 1, 2, 2, 2, 2, 2, 3, 2, 3, 2, 1, 1, 1, 3, 2, 2, 2, 2, 2, 3, 3, 1, 1, 3, 2, 2, 1, 1, 4, 4, 1, 4, 0, 1, 1, 1, 5]","[1, 4, 4, 3, 3, 4, 2, 3, 3, 3, 3, 3, 4, 3, 4, 3, 2, 2, 2, 4, 3, 3, 3, 3, 3, 4, 4, 2, 2, 4, 3, 3, 2, 2, 5, 5, 2, 5, 1, 2, 2, 2, 5]",128,43,26,False,12
T4_D8,98,2.3273,"[1, 4, 1, 2, 1, 3, 3, 2, 1, 3, 2, 4, 4, 2, 3, 2, 4, 2, 2, 4, 2, 2, 3, 2, 1, 1, 2, 4, 2, 1, 3, 1, 3, 2, 2, 2, 3, 1, 2, 2, 4, 2, 2, 3, 1, 2, 1, 2, 2, 4, 3, 3, 5, 2, 1]","[0, 3, 0, 1, 0, 2, 2, 1, 0, 2, 1, 3, 3, 1, 2, 1, 3, 1, 1, 3, 1, 1, 2, 1, 0, 0, 1, 3, 1, 0, 2, 0, 2, 1, 1, 1, 2, 0, 1, 1, 3, 1, 1, 2, 0, 1, 0, 1, 1, 3, 2, 2, 4, 1, 0]","[1, 4, 1, 2, 1, 3, 3, 2, 1, 3, 2, 4, 4, 2, 3, 2, 4, 2, 2, 4, 2, 2, 3, 2, 1, 1, 2, 4, 2, 1, 3, 1, 3, 2, 2, 2, 3, 1, 2, 2, 4, 2, 2, 3, 1, 2, 1, 2, 2, 4, 3, 3, 5, 2, 1]",128,55,26,False,4
T4_D8,99,2.1311,"[1, 2, 1, 1, 2, 3, 3, 3, 3, 5, 3, 1, 2, 2, 1, 1, 3, 3, 4, 2, 2, 4, 2, 3, 2, 3, 1, 1, 1, 2, 2, 2, 3, 1, 2, 5, 1, 1, 2, 1, 4, 1, 1, 1, 3, 2, 3, 3, 1, 2, 2, 2, 1, 3, 1, 1, 2, 4, 1, 2, 3]","[0, 1, 0, 0, 1, 2, 2, 2, 2, 4, 2, 0, 1, 1, 0, 0, 2, 2, 3, 1, 1, 3, 1, 2, 1, 2, 0, 0, 0, 1, 1, 1, 2, 0, 1, 4, 0, 0, 1, 0, 3, 0, 0, 0, 2, 1, 2, 2, 0, 1, 1, 1, 0, 2, 0, 0, 1, 3, 0, 1, 2]","[1, 2, 1, 1, 2, 3, 3, 3, 3, 5, 3, 1, 2, 2, 1, 1, 3, 3, 4, 2, 2, 4, 2, 3, 2, 3, 1, 1, 1, 2, 2, 2, 3, 1, 2, 5, 1, 1, 2, 1, 4, 1, 1, 1, 3, 2, 3, 3, 1, 2, 2, 2, 1, 3, 1, 1, 2, 4, 1, 2, 3]",128,61,26,False,9
T4_D8,100,2.2203,"[1, 3, 3, 1, 3, 2, 2, 1, 3, 1, 1, 1, 1, 2, 2, 4, 4, 3, 2, 2, 2, 2, 1, 2, 3, 1, 1, 6, 1, 1, 2, 2, 2, 1, 3, 4, 3, 1, 1, 2, 1, 4, 2, 1, 3, 4, 1, 2, 2, 1, 1, 2, 2, 2, 5, 2, 4, 4, 5]","[0, 2, 2, 0, 2, 1, 1, 0, 2, 0, 0, 0, 0, 1, 1, 3, 3, 2, 1, 1, 1, 1, 0, 1, 2, 0, 0, 5, 0, 0, 1, 1, 1, 0, 2, 3, 2, 0, 0, 1, 0, 3, 1, 0, 2, 3, 0, 1, 1, 0, 0, 1, 1, 1, 4, 1, 3, 3, 4]","[1, 3, 3, 1, 3, 2, 2, 1, 3, 1, 1, 1, 1, 2, 2, 4, 4, 3, 2, 2, 2, 2, 1, 2, 3, 1, 1, 5, 1, 1, 2, 2, 2, 1, 3, 4, 3, 1, 1, 2, 1, 4, 2, 1, 3, 4, 1, 2, 2, 1, 1, 2, 2, 2, 5, 2, 4, 4, 5]",128,59,26,False,1
T4_D8,101,2.2414,"[1, 3, 1, 2, 1, 2, 1, 2, 2, 2, 1, 2, 3, 3, 4, 3, 1, 1, 1, 1, 2, 5, 1, 3, 3, 2, 1, 3, 2, 4, 2, 4, 2, 4, 4, 2, 3, 1, 1, 2, 2, 2, 5, 4, 1, 2, 1, 2, 1, 1, 3, 2, 4, 3, 2, 1, 3, 3]","[0, 2, 0, 1, 0, 1, 0, 1, 1, 1, 0, 1, 2, 2, 3, 2, 0, 0, 0, 0, 1, 4, 0, 2, 2, 1, 0, 2, 1, 3, 1, 3, 1, 3, 3, 1, 2, 0, 0, 1, 1, 1, 4, 3, 0, 1, 0, 1, 0, 0, 2, 1, 3, 2, 1, 0, 2, 2]","[1, 3, 1, 2, 1, 2, 1, 2, 2, 2, 1, 2, 3, 3, 4, 3, 1, 1, 1, 1, 2, 5, 1, 3, 3, 2, 1, 3, 2, 4, 2, 4, 2, 4, 4, 2, 3, 1, 1, 2, 2, 2, 5, 4, 1, 2, 1, 2, 1, 1, 3, 2, 4, 3, 2, 1, 3, 3]",128,58,26,False,4
T4_D8,102,2.0,"[1, 1, 3, 2, 3, 1, 2, 2, 2, 2, 2, 2, 2, 2, 2, 3, 1, 4, 1, 1, 1, 2, 3, 2, 3, 1, 3, 2, 1, 4, 1, 3, 1, 2, 1, 3, 2, 2, 1, 2, 1, 2, 5, 1, 3, 3, 4, 3, 1, 2, 1, 2, 2, 1, 1, 2, 1]","[0, 0, 2, 1, 2, 0, 1, 1, 1, 1, 1, 1, 1, 1, 1, 2, 0, 3, 0, 0, 0, 1, 2, 1, 2, 0, 2, 1, 0, 3, 0, 2, 0, 1, 0, 2, 1, 1, 0, 1, 0, 1, 4, 0, 2, 2, 3, 2, 0, 1, 0, 1, 1, 0, 0, 1, 0]","[1, 1, 3, 2, 3, 1, 2, 2, 2, 2, 2, 2, 2, 2, 2, 3, 1, 4, 1, 1, 1, 2, 3, 2, 3, 1, 3, 2, 1, 4, 1, 3, 1, 2, 1, 3, 2, 2, 1, 2, 1, 2, 5, 1, 3, 3, 4, 3, 1, 2, 1, 2, 2, 1, 1, 2, 1]",114,57,26,False,5
T4_D8,103,2.8667,"[1, 3, 2, 3, 2, 4, 4, 3, 3, 2, 2, 2, 3, 2, 2, 2, 2, 5, 3, 2, 4, 4, 3, 5, 3, 2, 1, 4, 6, 3, 3, 3, 1, 5, 1, 1, 5, 2, 3, 2, 4, 4, 2, 4, 2]","[0, 2, 1, 2, 1, 3, 3, 2, 2, 1, 1, 1, 2, 1, 1, 1, 1, 4, 2, 1, 3, 3, 2, 4, 2, 1, 0, 3, 5, 2, 2, 2, 0, 4, 0, 0, 4, 1, 2, 1, 3, 3, 1, 3, 1]","[1, 3, 2, 3, 2, 4, 4, 3, 3, 2, 2, 2, 3, 2, 2, 2, 2, 5, 3, 2, 4, 4, 3, 5, 3, 2, 1, 4, 5, 3, 3, 3, 1, 5, 1, 1, 5, 2, 3, 2, 4, 4, 2, 4, 2]",128,45,26,False,22
T4_D8,104,3.32,"[2, 2, 3, 2, 2, 2, 5, 2, 2, 5, 3, 3, 5, 2, 2, 3, 6, 3, 3, 3, 5, 6, 6, 5, 1]","[1, 1, 2, 1, 1, 1, 4, 1, 1, 4, 2, 2, 4, 1, 1, 2, 5, 2, 2, 2, 4, 5, 5, 4, 0]","[2, 2, 3, 2, 2, 2, 5, 2, 2, 5, 3, 3, 5, 2, 2, 3, 5, 3, 3, 3, 5, 5, 5, 5, 1]",83,25,26,False,9
T4_D8,105,3.6111,"[1, 3, 5, 2, 3, 3, 3, 5, 3, 1, 3, 3, 2, 3, 4, 1, 2, 5, 4, 6, 1, 5, 4, 2, 4, 4, 4, 5, 6, 5, 6, 4, 3, 6, 3, 6]","[0, 2, 4, 1, 2, 2, 2, 4, 2, 0, 2, 2, 1, 2, 3, 0, 1, 4, 3, 5, 0, 4, 3, 1, 3, 3, 3, 4, 5, 4, 5, 3, 2, 5, 2, 5]","[1, 3, 5, 2, 3, 3, 3, 5, 3, 1, 3, 3, 2, 3, 4, 1, 2, 5, 4, 5, 1, 5, 4, 2, 4, 4, 4, 5, 5, 5, 5, 4, 3, 5, 3, 5]",128,36,26,False,1
T4_D8,106,2.5,"[1, 2, 3, 4, 2, 2, 1, 2, 3, 3, 2, 2, 4, 2, 3, 4]","[0, 1, 2, 3, 1, 1, 0, 1, 2, 2, 1, 1, 3, 1, 2, 3]","[1, 2, 3, 4, 2, 2, 1, 2, 3, 3, 2, 2, 4, 2, 3, 4]",40,16,26,False,14
T4_D8,107,3.2,"[1, 1, 3, 4, 3, 4, 1, 4, 2, 4, 5, 1, 6, 1, 6, 2, 2, 2, 1, 3, 3, 4, 2, 4, 3, 2, 4, 3, 4, 3, 4, 5, 2, 3, 6, 4, 5, 4, 5, 2]","[0, 0, 2, 3, 2, 3, 0, 3, 1, 3, 4, 0, 5, 0, 5, 1, 1, 1, 0, 2, 2, 3, 1, 3, 2, 1, 3, 2, 3, 2, 3, 4, 1, 2, 5, 3, 4, 3, 4, 1]","[1, 1, 3, 4, 3, 4, 1, 4, 2, 4, 5, 1, 5, 1, 5, 2, 2, 2, 1, 3, 3, 4, 2, 4, 3, 2, 4, 3, 4, 3, 4, 5, 2, 3, 5, 4, 5, 4, 5, 2]",128,40,26,False,2
T4_D8,108,2.9333,"[1, 1, 2, 5, 3, 3, 3, 4, 3, 4, 3, 3, 2, 3, 4, 1, 3, 4, 4, 1, 4, 2, 4, 2, 4, 3, 3, 3, 4, 2]","[0, 0, 1, 4, 2, 2, 2, 3, 2, 3, 2, 2, 1, 2, 3, 0, 2, 3, 3, 0, 3, 1, 3, 1, 3, 2, 2, 2, 3, 1]","[1, 1, 2, 5, 3, 3, 3, 4, 3, 4, 3, 3, 2, 3, 4, 1, 3, 4, 4, 1, 4, 2, 4, 2, 4, 3, 3, 3, 4, 2]",88,30,26,False,1
T4_D8,109,3.1707,"[1, 1, 3, 2, 4, 4, 1, 4, 2, 3, 3, 4, 5, 1, 4, 3, 2, 3, 3, 6, 5, 5, 2, 3, 3, 5, 4, 1, 1, 2, 4, 1, 6, 2, 3, 3, 5, 6, 2, 3, 5]","[0, 0, 2, 1, 3, 3, 0, 3, 1, 2, 2, 3, 4, 0, 3, 2, 1, 2, 2, 5, 4, 4, 1, 2, 2, 4, 3, 0, 0, 1, 3, 0, 5, 1, 2, 2, 4, 5, 1, 2, 4]","[1, 1, 3, 2, 4, 4, 1, 4, 2, 3, 3, 4, 5, 1, 4, 3, 2, 3, 3, 5, 5, 5, 2, 3, 3, 5, 4, 1, 1, 2, 4, 1, 5, 2, 3, 3, 5, 5, 2, 3, 5]",128,41,26,False,4
T4_D8,110,2.9767,"[1, 2, 3, 4, 2, 4, 4, 3, 4, 2, 2, 4, 4, 4, 3, 2, 1, 3, 1, 1, 2, 1, 2, 4, 4, 2, 2, 4, 3, 6, 6, 6, 4, 2, 4, 4, 3, 4, 2, 1, 4, 1, 3]","[0, 1, 2, 3, 1, 3, 3, 2, 3, 1, 1, 3, 3, 3, 2, 1, 0, 2, 0, 0, 1, 0, 1, 3, 3, 1, 1, 3, 2, 5, 5, 5, 3, 1, 3, 3, 2, 3, 1, 0, 3, 0, 2]","[1, 2, 3, 4, 2, 4, 4, 3, 4, 2, 2, 4, 4, 4, 3, 2, 1, 3, 1, 1, 2, 1, 2, 4, 4, 2, 2, 4, 3, 5, 5, 5, 4, 2, 4, 4, 3, 4, 2, 1, 4, 1, 3]",128,43,26,False,1
T4_D8,111,3.0952,"[1, 1, 4, 3, 2, 4, 1, 3, 4, 5, 5, 4, 4, 2, 3, 3, 2, 3, 2, 1, 2, 2, 3, 1, 2, 1, 1, 4, 3, 4, 4, 4, 6, 5, 4, 4, 4, 5, 2, 6, 3, 3]","[0, 0, 3, 2, 1, 3, 0, 2, 3, 4, 4, 3, 3, 1, 2, 2, 1, 2, 1, 0, 1, 1, 2, 0, 1, 0, 0, 3, 2, 3, 3, 3, 5, 4, 3, 3, 3, 4, 1, 5, 2, 2]","[1, 1, 4, 3, 2, 4, 1, 3, 4, 5, 5, 4, 4, 2, 3, 3, 2, 3, 2, 1, 2, 2, 3, 1, 2, 1, 1, 4, 3, 4, 4, 4, 5, 5, 4, 4, 4, 5, 2, 5, 3, 3]",128,42,26,False,7
T4_D8,112,3.7143,"[1, 1, 2, 3, 5, 3, 6, 4, 4, 4, 6, 4, 1, 3, 3, 2, 4, 3, 5, 3, 3, 4, 4, 6, 3, 2, 5, 4, 5, 5, 2, 2, 6, 6, 6]","[0, 0, 1, 2, 4, 2, 5, 3, 3, 3, 5, 3, 0, 2, 2, 1, 3, 2, 4, 2, 2, 3, 3, 5, 2, 1, 4, 3, 4, 4, 1, 1, 5, 5, 5]","[1, 1, 2, 3, 5, 3, 5, 4, 4, 4, 5, 4, 1, 3, 3, 2, 4, 3, 5, 3, 3, 4, 4, 5, 3, 2, 5, 4, 5, 5, 2, 2, 5, 5, 5]",128,35,26,False,1
T4_D8,113,3.2821,"[1, 1, 4, 3, 3, 3, 4, 4, 4, 1, 3, 3, 1, 6, 2, 4, 1, 4, 4, 3, 5, 5, 3, 3, 5, 4, 4, 4, 6, 2, 4, 2, 3, 4, 5, 2, 3, 2, 3]","[0, 0, 3, 2, 2, 2, 3, 3, 3, 0, 2, 2, 0, 5, 1, 3, 0, 3, 3, 2, 4, 4, 2, 2, 4, 3, 3, 3, 5, 1, 3, 1, 2, 3, 4, 1, 2, 1, 2]","[1, 1, 4, 3, 3, 3, 4, 4, 4, 1, 3, 3, 1, 5, 2, 4, 1, 4, 4, 3, 5, 5, 3, 3, 5, 4, 4, 4, 5, 2, 4, 2, 3, 4, 5, 2, 3, 2, 3]",128,39,26,False,21
T4_D8,114,2.7826,"[1, 1, 3, 2, 4, 4, 4, 1, 5, 5, 5, 1, 2, 4, 4, 3, 4, 2, 2, 4, 4, 1, 4, 3, 2, 2, 1, 1, 2, 1, 3, 4, 3, 2, 3, 6, 1, 2, 2, 2, 2, 3, 3, 3, 5, 2]","[0, 0, 2, 1, 3, 3, 3, 0, 4, 4, 4, 0, 1, 3, 3, 2, 3, 1, 1, 3, 3, 0, 3, 2, 1, 1, 0, 0, 1, 0, 2, 3, 2, 1, 2, 5, 0, 1, 1, 1, 1, 2, 2, 2, 4, 1]","[1, 1, 3, 2, 4, 4, 4, 1, 5, 5, 5, 1, 2, 4, 4, 3, 4, 2, 2, 4, 4, 1, 4, 3, 2, 2, 1, 1, 2, 1, 3, 4, 3, 2, 3, 5, 1, 2, 2, 2, 2, 3, 3, 3, 5, 2]",128,46,26,False,15
T4_D8,115,3.2,"[1, 1, 3, 5, 3, 3, 4, 4, 3, 3, 2, 1, 2, 6, 2, 4, 4, 1, 2, 2, 2, 3, 1, 3, 3, 2, 4, 3, 6, 4, 3, 3, 5, 3, 5, 4, 4, 5, 6, 3]","[0, 0, 2, 4, 2, 2, 3, 3, 2, 2, 1, 0, 1, 5, 1, 3, 3, 0, 1, 1, 1, 2, 0, 2, 2, 1, 3, 2, 5, 3, 2, 2, 4, 2, 4, 3, 3, 4, 5, 2]","[1, 1, 3, 5, 3, 3, 4, 4, 3, 3, 2, 1, 2, 5, 2, 4, 4, 1, 2, 2, 2, 3, 1, 3, 3, 2, 4, 3, 5, 4, 3, 3, 5, 3, 5, 4, 4, 5, 5, 3]",128,40,26,False,12
T4_D8,116,3.0,"[1, 4, 5, 4, 3, 3, 2, 2, 2, 4, 5, 3, 5, 3, 2, 2, 2, 4, 3, 1]","[0, 3, 4, 3, 2, 2, 1, 1, 1, 3, 4, 2, 4, 2, 1, 1, 1, 3, 2, 0]","[1, 4, 5, 4, 3, 3, 2, 2, 2, 4, 5, 3, 5, 3, 2, 2, 2, 4, 3, 1]",60,20,26,False,20
T4_D8,117,2.8889,"[1, 3, 2, 2, 1, 4, 3, 2, 5, 4, 3, 2, 2, 3, 5, 3, 2, 6, 3, 2, 2, 3, 6, 2, 2, 3, 1, 4, 3, 2, 2, 6, 4, 1, 1, 1, 4, 5, 1, 2, 3, 4, 1, 3, 6]","[0, 2, 1, 1, 0, 3, 2, 1, 4, 3, 2, 1, 1, 2, 4, 2, 1, 5, 2, 1, 1, 2, 5, 1, 1, 2, 0, 3, 2, 1, 1, 5, 3, 0, 0, 0, 3, 4, 0, 1, 2, 3, 0, 2, 5]","[1, 3, 2, 2, 1, 4, 3, 2, 5, 4, 3, 2, 2, 3, 5, 3, 2, 5, 3, 2, 2, 3, 5, 2, 2, 3, 1, 4, 3, 2, 2, 5, 4, 1, 1, 1, 4, 5, 1, 2, 3, 4, 1, 3, 5]",128,45,26,False,1
T4_D8,118,3.2333,"[1, 1, 4, 3, 2, 4, 3, 6, 4, 5, 2, 2, 3, 6, 6, 1, 4, 2, 2, 3, 4, 4, 3, 2, 5, 3, 4, 2, 4, 2]","[0, 0, 3, 2, 1, 3, 2, 5, 3, 4, 1, 1, 2, 5, 5, 0, 3, 1, 1, 2, 3, 3, 2, 1, 4, 2, 3, 1, 3, 1]","[1, 1, 4, 3, 2, 4, 3, 5, 4, 5, 2, 2, 3, 5, 5, 1, 4, 2, 2, 3, 4, 4, 3, 2, 5, 3, 4, 2, 4, 2]",97,30,26,False,7
T4_D8,119,3.2,"[1, 2, 2, 2, 4, 2, 4, 3, 4, 4, 4, 4, 3, 3, 6, 3, 1, 5, 2, 4, 2, 4, 3, 3, 1, 5, 4, 4, 1, 3, 4, 4, 2, 3, 3, 2, 1, 4, 6, 6]","[0, 1, 1, 1, 3, 1, 3, 2, 3, 3, 3, 3, 2, 2, 5, 2, 0, 4, 1, 3, 1, 3, 2, 2, 0, 4, 3, 3, 0, 2, 3, 3, 1, 2, 2, 1, 0, 3, 5, 5]","[1, 2, 2, 2, 4, 2, 4, 3, 4, 4, 4, 4, 3, 3, 5, 3, 1, 5, 2, 4, 2, 4, 3, 3, 1, 5, 4, 4, 1, 3, 4, 4, 2, 3, 3, 2, 1, 4, 5, 5]",128,40,26,False,13
T4_D8,120,3.2821,"[2, 3, 4, 3, 4, 2, 4, 4, 4, 4, 3, 5, 5, 2, 5, 3, 5, 6, 3, 4, 4, 4, 1, 4, 1, 2, 4, 3, 4, 2, 4, 3, 6, 1, 2, 2, 2, 1, 3]","[1, 2, 3, 2, 3, 1, 3, 3, 3, 3, 2, 4, 4, 1, 4, 2, 4, 5, 2, 3, 3, 3, 0, 3, 0, 1, 3, 2, 3, 1, 3, 2, 5, 0, 1, 1, 1, 0, 2]","[2, 3, 4, 3, 4, 2, 4, 4, 4, 4, 3, 5, 5, 2, 5, 3, 5, 5, 3, 4, 4, 4, 1, 4, 1, 2, 4, 3, 4, 2, 4, 3, 5, 1, 2, 2, 2, 1, 3]",128,39,26,False,7
T4_D8,121,3.4595,"[4, 6, 2, 2, 4, 4, 4, 5, 3, 3, 6, 6, 3, 4, 4, 4, 3, 6, 2, 6, 6, 4, 4, 2, 3, 1, 4, 1, 2, 2, 1, 5, 2, 2, 2, 4, 2]","[3, 5, 1, 1, 3, 3, 3, 4, 2, 2, 5, 5, 2, 3, 3, 3, 2, 5, 1, 5, 5, 3, 3, 1, 2, 0, 3, 0, 1, 1, 0, 4, 1, 1, 1, 3, 1]","[4, 5, 2, 2, 4, 4, 4, 5, 3, 3, 5, 5, 3, 4, 4, 4, 3, 5, 2, 5, 5, 4, 4, 2, 3, 1, 4, 1, 2, 2, 1, 5, 2, 2, 2, 4, 2]",128,37,26,False,46
T4_D8,122,3.3333,"[4, 4, 3, 3, 4, 4, 5, 4, 6, 6, 3, 4, 1, 1, 2, 6, 6, 1, 4, 2, 2, 4, 4, 2, 4, 1, 2, 3, 5, 3, 5, 1, 3, 2, 2, 5, 4, 2, 3]","[3, 3, 2, 2, 3, 3, 4, 3, 5, 5, 2, 3, 0, 0, 1, 5, 5, 0, 3, 1, 1, 3, 3, 1, 3, 0, 1, 2, 4, 2, 4, 0, 2, 1, 1, 4, 3, 1, 2]","[4, 4, 3, 3, 4, 4, 5, 4, 5, 5, 3, 4, 1, 1, 2, 5, 5, 1, 4, 2, 2, 4, 4, 2, 4, 1, 2, 3, 5, 3, 5, 1, 3, 2, 2, 5, 4, 2, 3]",128,39,26,False,21
T4_D8,123,3.0476,"[2, 4, 5, 3, 3, 6, 4, 6, 4, 3, 2, 6, 4, 4, 6, 3, 1, 2, 2, 6, 3, 2, 1, 1, 2, 2, 2, 2, 3, 4, 2, 6, 5, 4, 2, 2, 1, 1, 1, 1, 2, 3]","[1, 3, 4, 2, 2, 5, 3, 5, 3, 2, 1, 5, 3, 3, 5, 2, 0, 1, 1, 5, 2, 1, 0, 0, 1, 1, 1, 1, 2, 3, 1, 5, 4, 3, 1, 1, 0, 0, 0, 0, 1, 2]","[2, 4, 5, 3, 3, 5, 4, 5, 4, 3, 2, 5, 4, 4, 5, 3, 1, 2, 2, 5, 3, 2, 1, 1, 2, 2, 2, 2, 3, 4, 2, 5, 5, 4, 2, 2, 1, 1, 1, 1, 2, 3]",128,42,26,False,14
T4_D8,124,2.7083,"[1, 2, 1, 2, 4, 2, 1, 6, 2, 2, 2, 2, 2, 2, 6, 3, 2, 2, 1, 3, 1, 2, 2, 2, 3, 3, 4, 3, 4, 6, 5, 4, 2, 3, 2, 3, 2, 1, 4, 3, 4, 2, 3, 2, 1, 3, 4, 4]","[0, 1, 0, 1, 3, 1, 0, 5, 1, 1, 1, 1, 1, 1, 5, 2, 1, 1, 0, 2, 0, 1, 1, 1, 2, 2, 3, 2, 3, 5, 4, 3, 1, 2, 1, 2, 1, 0, 3, 2, 3, 1, 2, 1, 0, 2, 3, 3]","[1, 2, 1, 2, 4, 2, 1, 5, 2, 2, 2, 2, 2, 2, 5, 3, 2, 2, 1, 3, 1, 2, 2, 2, 3, 3, 4, 3, 4, 5, 5, 4, 2, 3, 2, 3, 2, 1, 4, 3, 4, 2, 3, 2, 1, 3, 4, 4]",128,48,26,False,1
T4_D8,125,3.5676,"[3, 3, 5, 4, 6, 5, 6, 4, 2, 4, 2, 2, 2, 3, 6, 3, 6, 5, 5, 3, 3, 4, 3, 3, 2, 3, 3, 4, 4, 3, 2, 1, 2, 1, 4, 6, 5]","[2, 2, 4, 3, 5, 4, 5, 3, 1, 3, 1, 1, 1, 2, 5, 2, 5, 4, 4, 2, 2, 3, 2, 2, 1, 2, 2, 3, 3, 2, 1, 0, 1, 0, 3, 5, 4]","[3, 3, 5, 4, 5, 5, 5, 4, 2, 4, 2, 2, 2, 3, 5, 3, 5, 5, 5, 3, 3, 4, 3, 3, 2, 3, 3, 4, 4, 3, 2, 1, 2, 1, 4, 5, 5]",128,37,26,False,46
T4_D8,126,3.1707,"[2, 4, 4, 4, 2, 2, 5, 1, 3, 4, 3, 3, 4, 2, 2, 5, 2, 1, 1, 4, 3, 3, 4, 6, 1, 3, 4, 3, 6, 5, 5, 4, 1, 6, 2, 3, 2, 2, 1, 4, 4]","[1, 3, 3, 3, 1, 1, 4, 0, 2, 3, 2, 2, 3, 1, 1, 4, 1, 0, 0, 3, 2, 2, 3, 5, 0, 2, 3, 2, 5, 4, 4, 3, 0, 5, 1, 2, 1, 1, 0, 3, 3]","[2, 4, 4, 4, 2, 2, 5, 1, 3, 4, 3, 3, 4, 2, 2, 5, 2, 1, 1, 4, 3, 3, 4, 5, 1, 3, 4, 3, 5, 5, 5, 4, 1, 5, 2, 3, 2, 2, 1, 4, 4]",128,41,26,False,17
T4_D8,127,3.5135,"[3, 2, 5, 4, 2, 4, 5, 6, 4, 6, 3, 3, 2, 3, 3, 3, 4, 2, 2, 1, 4, 4, 6, 4, 5, 4, 2, 1, 3, 2, 5, 5, 6, 2, 5, 2, 3]","[2, 1, 4, 3, 1, 3, 4, 5, 3, 5, 2, 2, 1, 2, 2, 2, 3, 1, 1, 0, 3, 3, 5, 3, 4, 3, 1, 0, 2, 1, 4, 4, 5, 1, 4, 1, 2]","[3, 2, 5, 4, 2, 4, 5, 5, 4, 5, 3, 3, 2, 3, 3, 3, 4, 2, 2, 1, 4, 4, 5, 4, 5, 4, 2, 1, 3, 2, 5, 5, 5, 2, 5, 2, 3]",128,37,26,False,10
T4_D8,128,3.6571,"[4, 6, 2, 2, 3, 3, 4, 5, 4, 2, 4, 6, 5, 4, 1, 2, 4, 4, 4, 5, 3, 4, 4, 4, 4, 4, 1, 2, 5, 5, 4, 6, 1, 5, 2]","[3, 5, 1, 1, 2, 2, 3, 4, 3, 1, 3, 5, 4, 3, 0, 1, 3, 3, 3, 4, 2, 3, 3, 3, 3, 3, 0, 1, 4, 4, 3, 5, 0, 4, 1]","[4, 5, 2, 2, 3, 3, 4, 5, 4, 2, 4, 5, 5, 4, 1, 2, 4, 4, 4, 5, 3, 4, 4, 4, 4, 4, 1, 2, 5, 5, 4, 5, 1, 5, 2]",128,35,26,False,1
T4_D8,129,3.1951,"[3, 3, 5, 3, 6, 4, 5, 3, 3, 4, 3, 3, 3, 4, 1, 2, 1, 3, 3, 2, 3, 3, 2, 3, 3, 6, 3, 3, 2, 1, 1, 3, 4, 2, 4, 2, 4, 5, 2, 5, 6]","[2, 2, 4, 2, 5, 3, 4, 2, 2, 3, 2, 2, 2, 3, 0, 1, 0, 2, 2, 1, 2, 2, 1, 2, 2, 5, 2, 2, 1, 0, 0, 2, 3, 1, 3, 1, 3, 4, 1, 4, 5]","[3, 3, 5, 3, 5, 4, 5, 3, 3, 4, 3, 3, 3, 4, 1, 2, 1, 3, 3, 2, 3, 3, 2, 3, 3, 5, 3, 3, 2, 1, 1, 3, 4, 2, 4, 2, 4, 5, 2, 5, 5]",128,41,26,False,11
T4_D8,130,3.3077,"[4, 6, 4, 2, 2, 4, 4, 4, 2, 1, 3, 1, 2, 2, 4, 4, 4, 3, 3, 4, 1, 3, 4, 6, 2, 4, 4, 2, 2, 1, 3, 4, 6, 2, 4, 3, 6, 3, 6]","[3, 5, 3, 1, 1, 3, 3, 3, 1, 0, 2, 0, 1, 1, 3, 3, 3, 2, 2, 3, 0, 2, 3, 5, 1, 3, 3, 1, 1, 0, 2, 3, 5, 1, 3, 2, 5, 2, 5]","[4, 5, 4, 2, 2, 4, 4, 4, 2, 1, 3, 1, 2, 2, 4, 4, 4, 3, 3, 4, 1, 3, 4, 5, 2, 4, 4, 2, 2, 1, 3, 4, 5, 2, 4, 3, 5, 3, 5]",128,39,26,False,14
T4_D8,131,3.4103,"[1, 3, 3, 4, 1, 5, 3, 4, 3, 3, 1, 3, 3, 1, 2, 4, 5, 6, 5, 5, 4, 6, 3, 2, 4, 2, 4, 3, 3, 3, 4, 3, 2, 4, 4, 3, 3, 5, 6]","[0, 2, 2, 3, 0, 4, 2, 3, 2, 2, 0, 2, 2, 0, 1, 3, 4, 5, 4, 4, 3, 5, 2, 1, 3, 1, 3, 2, 2, 2, 3, 2, 1, 3, 3, 2, 2, 4, 5]","[1, 3, 3, 4, 1, 5, 3, 4, 3, 3, 1, 3, 3, 1, 2, 4, 5, 5, 5, 5, 4, 5, 3, 2, 4, 2, 4, 3, 3, 3, 4, 3, 2, 4, 4, 3, 3, 5, 5]",128,39,26,False,12
T4_D8,132,3.0476,"[1, 3, 4, 3, 2, 2, 4, 4, 2, 4, 4, 6, 1, 4, 2, 4, 3, 5, 6, 3, 5, 2, 4, 2, 2, 3, 1, 4, 2, 2, 4, 1, 2, 2, 1, 4, 2, 4, 3, 4, 3, 4]","[0, 2, 3, 2, 1, 1, 3, 3, 1, 3, 3, 5, 0, 3, 1, 3, 2, 4, 5, 2, 4, 1, 3, 1, 1, 2, 0, 3, 1, 1, 3, 0, 1, 1, 0, 3, 1, 3, 2, 3, 2, 3]","[1, 3, 4, 3, 2, 2, 4, 4, 2, 4, 4, 5, 1, 4, 2, 4, 3, 5, 5, 3, 5, 2, 4, 2, 2, 3, 1, 4, 2, 2, 4, 1, 2, 2, 1, 4, 2, 4, 3, 4, 3, 4]",128,42,26,False,13
T4_D8,133,3.6389,"[3, 3, 4, 3, 4, 4, 4, 4, 1, 2, 4, 6, 2, 3, 6, 4, 4, 4, 3, 4, 2, 4, 6, 2, 3, 4, 4, 4, 2, 4, 2, 5, 3, 5, 5, 4]","[2, 2, 3, 2, 3, 3, 3, 3, 0, 1, 3, 5, 1, 2, 5, 3, 3, 3, 2, 3, 1, 3, 5, 1, 2, 3, 3, 3, 1, 3, 1, 4, 2, 4, 4, 3]","[3, 3, 4, 3, 4, 4, 4, 4, 1, 2, 4, 5, 2, 3, 5, 4, 4, 4, 3, 4, 2, 4, 5, 2, 3, 4, 4, 4, 2, 4, 2, 5, 3, 5, 5, 4]",128,36,26,False,18
T4_D8,134,3.6429,"[1, 5, 3, 4, 1, 1, 4, 4, 4, 6, 6, 3, 4, 4, 3, 4, 4, 3, 5, 6, 3, 4, 3, 3, 3, 5, 4, 2]","[0, 4, 2, 3, 0, 0, 3, 3, 3, 5, 5, 2, 3, 3, 2, 3, 3, 2, 4, 5, 2, 3, 2, 2, 2, 4, 3, 1]","[1, 5, 3, 4, 1, 1, 4, 4, 4, 5, 5, 3, 4, 4, 3, 4, 4, 3, 5, 5, 3, 4, 3, 3, 3, 5, 4, 2]",102,28,26,False,4
T4_D8,135,2.8667,"[3, 2, 1, 1, 1, 3, 3, 3, 3, 5, 2, 3, 1, 2, 3, 4, 3, 3, 3, 5, 5, 6, 2, 2, 6, 4, 2, 1, 1, 1, 4, 6, 1, 2, 6, 2, 4, 4, 3, 2, 1, 2, 2, 3, 3]","[2, 1, 0, 0, 0, 2, 2, 2, 2, 4, 1, 2, 0, 1, 2, 3, 2, 2, 2, 4, 4, 5, 1, 1, 5, 3, 1, 0, 0, 0, 3, 5, 0, 1, 5, 1, 3, 3, 2, 1, 0, 1, 1, 2, 2]","[3, 2, 1, 1, 1, 3, 3, 3, 3, 5, 2, 3, 1, 2, 3, 4, 3, 3, 3, 5, 5, 5, 2, 2, 5, 4, 2, 1, 1, 1, 4, 5, 1, 2, 5, 2, 4, 4, 3, 2, 1, 2, 2, 3, 3]",128,45,26,False,5
T4_D8,136,3.1875,"[3, 3, 5, 4, 2, 3, 5, 4, 4, 1, 2, 6, 4, 2, 6, 1, 3, 2, 2, 4, 2, 3, 5, 1, 4, 3, 3, 5, 2, 4, 3, 1]","[2, 2, 4, 3, 1, 2, 4, 3, 3, 0, 1, 5, 3, 1, 5, 0, 2, 1, 1, 3, 1, 2, 4, 0, 3, 2, 2, 4, 1, 3, 2, 0]","[3, 3, 5, 4, 2, 3, 5, 4, 4, 1, 2, 5, 4, 2, 5, 1, 3, 2, 2, 4, 2, 3, 5, 1, 4, 3, 3, 5, 2, 4, 3, 1]",102,32,26,False,17
T4_D8,137,3.3846,"[1, 3, 4, 3, 3, 3, 4, 2, 2, 4, 4, 3, 1, 2, 3, 4, 4, 6, 5, 4, 5, 4, 4, 6, 5, 4, 3, 3, 1, 2, 2, 2, 3, 4, 3, 1, 6, 4, 5]","[0, 2, 3, 2, 2, 2, 3, 1, 1, 3, 3, 2, 0, 1, 2, 3, 3, 5, 4, 3, 4, 3, 3, 5, 4, 3, 2, 2, 0, 1, 1, 1, 2, 3, 2, 0, 5, 3, 4]","[1, 3, 4, 3, 3, 3, 4, 2, 2, 4, 4, 3, 1, 2, 3, 4, 4, 5, 5, 4, 5, 4, 4, 5, 5, 4, 3, 3, 1, 2, 2, 2, 3, 4, 3, 1, 5, 4, 5]",128,39,26,False,10
T4_D8,138,3.3333,"[1, 3, 4, 2, 3, 4, 4, 2, 6, 4, 3, 6, 6, 2, 4, 3, 2, 4, 1, 1, 4, 2, 2, 2, 2, 4, 2, 5, 2, 3, 6, 3, 2, 5, 3, 4, 5, 4, 5]","[0, 2, 3, 1, 2, 3, 3, 1, 5, 3, 2, 5, 5, 1, 3, 2, 1, 3, 0, 0, 3, 1, 1, 1, 1, 3, 1, 4, 1, 2, 5, 2, 1, 4, 2, 3, 4, 3, 4]","[1, 3, 4, 2, 3, 4, 4, 2, 5, 4, 3, 5, 5, 2, 4, 3, 2, 4, 1, 1, 4, 2, 2, 2, 2, 4, 2, 5, 2, 3, 5, 3, 2, 5, 3, 4, 5, 4, 5]",128,39,26,False,20
T4_D8,139,3.1463,"[4, 2, 5, 3, 4, 3, 3, 2, 4, 5, 1, 3, 2, 3, 4, 6, 4, 2, 3, 4, 4, 3, 2, 4, 3, 5, 3, 2, 3, 4, 3, 3, 3, 1, 2, 5, 2, 3, 2, 1, 4]","[3, 1, 4, 2, 3, 2, 2, 1, 3, 4, 0, 2, 1, 2, 3, 5, 3, 1, 2, 3, 3, 2, 1, 3, 2, 4, 2, 1, 2, 3, 2, 2, 2, 0, 1, 4, 1, 2, 1, 0, 3]","[4, 2, 5, 3, 4, 3, 3, 2, 4, 5, 1, 3, 2, 3, 4, 5, 4, 2, 3, 4, 4, 3, 2, 4, 3, 5, 3, 2, 3, 4, 3, 3, 3, 1, 2, 5, 2, 3, 2, 1, 4]",128,41,26,False,10
T4_D8,140,3.9697,"[1, 1, 4, 6, 4, 2, 2, 5, 6, 4, 4, 6, 5, 4, 6, 4, 1, 3, 2, 2, 4, 4, 6, 6, 3, 5, 6, 5, 3, 4, 4, 3, 6]","[0, 0, 3, 5, 3, 1, 1, 4, 5, 3, 3, 5, 4, 3, 5, 3, 0, 2, 1, 1, 3, 3, 5, 5, 2, 4, 5, 4, 2, 3, 3, 2, 5]","[1, 1, 4, 5, 4, 2, 2, 5, 5, 4, 4, 5, 5, 4, 5, 4, 1, 3, 2, 2, 4, 4, 5, 5, 3, 5, 5, 5, 3, 4, 4, 3, 5]",128,33,26,False,1
T4_D8,141,2.9545,"[1, 1, 3, 2, 4, 4, 3, 2, 3, 4, 2, 2, 3, 1, 3, 2, 4, 5, 2, 1, 3, 3, 4, 2, 4, 3, 4, 2, 3, 2, 4, 3, 4, 3, 3, 3, 2, 4, 3, 3, 3, 6, 2, 5]","[0, 0, 2, 1, 3, 3, 2, 1, 2, 3, 1, 1, 2, 0, 2, 1, 3, 4, 1, 0, 2, 2, 3, 1, 3, 2, 3, 1, 2, 1, 3, 2, 3, 2, 2, 2, 1, 3, 2, 2, 2, 5, 1, 4]","[1, 1, 3, 2, 4, 4, 3, 2, 3, 4, 2, 2, 3, 1, 3, 2, 4, 5, 2, 1, 3, 3, 4, 2, 4, 3, 4, 2, 3, 2, 4, 3, 4, 3, 3, 3, 2, 4, 3, 3, 3, 5, 2, 5]",128,44,26,False,1
T4_D8,142,2.9318,"[2, 4, 3, 3, 4, 4, 4, 6, 2, 3, 4, 2, 1, 3, 3, 4, 4, 3, 3, 3, 4, 1, 2, 5, 1, 5, 3, 4, 2, 4, 1, 3, 2, 2, 2, 1, 5, 1, 2, 2, 4, 2, 3, 3]","[1, 3, 2, 2, 3, 3, 3, 5, 1, 2, 3, 1, 0, 2, 2, 3, 3, 2, 2, 2, 3, 0, 1, 4, 0, 4, 2, 3, 1, 3, 0, 2, 1, 1, 1, 0, 4, 0, 1, 1, 3, 1, 2, 2]","[2, 4, 3, 3, 4, 4, 4, 5, 2, 3, 4, 2, 1, 3, 3, 4, 4, 3, 3, 3, 4, 1, 2, 5, 1, 5, 3, 4, 2, 4, 1, 3, 2, 2, 2, 1, 5, 1, 2, 2, 4, 2, 3, 3]",128,44,26,False,8
T4_D8,143,2.8444,"[1, 4, 6, 4, 5, 3, 6, 3, 3, 2, 2, 3, 4, 4, 4, 2, 2, 2, 4, 2, 6, 3, 4, 3, 3, 3, 2, 3, 1, 1, 2, 2, 2, 2, 1, 2, 3, 3, 1, 1, 1, 3, 5, 2, 3]","[0, 3, 5, 3, 4, 2, 5, 2, 2, 1, 1, 2, 3, 3, 3, 1, 1, 1, 3, 1, 5, 2, 3, 2, 2, 2, 1, 2, 0, 0, 1, 1, 1, 1, 0, 1, 2, 2, 0, 0, 0, 2, 4, 1, 2]","[1, 4, 5, 4, 5, 3, 5, 3, 3, 2, 2, 3, 4, 4, 4, 2, 2, 2, 4, 2, 5, 3, 4, 3, 3, 3, 2, 3, 1, 1, 2, 2, 2, 2, 1, 2, 3, 3, 1, 1, 1, 3, 5, 2, 3]",128,45,26,False,3
T4_D8,144,2.6667,"[1, 1, 3, 4, 3, 4, 4, 4, 4, 6, 3, 4, 2, 1, 4, 1, 3, 2, 2, 2, 2, 1, 3, 3, 2, 2, 2, 3, 3, 2, 3, 2, 1, 3, 2, 2, 4, 3, 2, 3, 4, 2, 2, 3, 3, 3, 3, 2]","[0, 0, 2, 3, 2, 3, 3, 3, 3, 5, 2, 3, 1, 0, 3, 0, 2, 1, 1, 1, 1, 0, 2, 2, 1, 1, 1, 2, 2, 1, 2, 1, 0, 2, 1, 1, 3, 2, 1, 2, 3, 1, 1, 2, 2, 2, 2, 1]","[1, 1, 3, 4, 3, 4, 4, 4, 4, 5, 3, 4, 2, 1, 4, 1, 3, 2, 2, 2, 2, 1, 3, 3, 2, 2, 2, 3, 3, 2, 3, 2, 1, 3, 2, 2, 4, 3, 2, 3, 4, 2, 2, 3, 3, 3, 3, 2]",128,48,26,False,33
T4_D8,145,3.0465,"[1, 3, 6, 4, 3, 3, 5, 2, 3, 2, 2, 3, 1, 1, 3, 4, 1, 4, 1, 1, 1, 5, 3, 4, 4, 4, 3, 4, 2, 4, 2, 6, 3, 4, 4, 4, 3, 2, 3, 3, 2, 4, 4]","[0, 2, 5, 3, 2, 2, 4, 1, 2, 1, 1, 2, 0, 0, 2, 3, 0, 3, 0, 0, 0, 4, 2, 3, 3, 3, 2, 3, 1, 3, 1, 5, 2, 3, 3, 3, 2, 1, 2, 2, 1, 3, 3]","[1, 3, 5, 4, 3, 3, 5, 2, 3, 2, 2, 3, 1, 1, 3, 4, 1, 4, 1, 1, 1, 5, 3, 4, 4, 4, 3, 4, 2, 4, 2, 5, 3, 4, 4, 4, 3, 2, 3, 3, 2, 4, 4]",128,43,26,False,11
T4_D8,146,3.1463,"[1, 4, 1, 2, 3, 4, 6, 6, 4, 4, 3, 5, 6, 4, 4, 1, 2, 1, 3, 3, 3, 2, 2, 4, 4, 3, 3, 3, 6, 3, 6, 4, 3, 2, 2, 3, 3, 1, 2, 1, 2]","[0, 3, 0, 1, 2, 3, 5, 5, 3, 3, 2, 4, 5, 3, 3, 0, 1, 0, 2, 2, 2, 1, 1, 3, 3, 2, 2, 2, 5, 2, 5, 3, 2, 1, 1, 2, 2, 0, 1, 0, 1]","[1, 4, 1, 2, 3, 4, 5, 5, 4, 4, 3, 5, 5, 4, 4, 1, 2, 1, 3, 3, 3, 2, 2, 4, 4, 3, 3, 3, 5, 3, 5, 4, 3, 2, 2, 3, 3, 1, 2, 1, 2]",128,41,26,False,1
T4_D8,147,3.3077,"[1, 1, 3, 2, 4, 3, 4, 4, 1, 3, 4, 3, 3, 2, 3, 5, 6, 3, 3, 2, 5, 4, 2, 6, 4, 2, 4, 4, 3, 2, 4, 3, 3, 4, 2, 4, 3, 6, 4]","[0, 0, 2, 1, 3, 2, 3, 3, 0, 2, 3, 2, 2, 1, 2, 4, 5, 2, 2, 1, 4, 3, 1, 5, 3, 1, 3, 3, 2, 1, 3, 2, 2, 3, 1, 3, 2, 5, 3]","[1, 1, 3, 2, 4, 3, 4, 4, 1, 3, 4, 3, 3, 2, 3, 5, 5, 3, 3, 2, 5, 4, 2, 5, 4, 2, 4, 4, 3, 2, 4, 3, 3, 4, 2, 4, 3, 5, 4]",128,39,26,False,7
T4_D8,148,2.7826,"[1, 2, 3, 4, 2, 5, 4, 4, 4, 6, 5, 1, 6, 4, 3, 1, 2, 5, 4, 3, 1, 4, 2, 1, 2, 2, 2, 4, 3, 2, 2, 3, 2, 1, 1, 1, 1, 1, 1, 4, 2, 5, 2, 1, 4, 5]","[0, 1, 2, 3, 1, 4, 3, 3, 3, 5, 4, 0, 5, 3, 2, 0, 1, 4, 3, 2, 0, 3, 1, 0, 1, 1, 1, 3, 2, 1, 1, 2, 1, 0, 0, 0, 0, 0, 0, 3, 1, 4, 1, 0, 3, 4]","[1, 2, 3, 4, 2, 5, 4, 4, 4, 5, 5, 1, 5, 4, 3, 1, 2, 5, 4, 3, 1, 4, 2, 1, 2, 2, 2, 4, 3, 2, 2, 3, 2, 1, 1, 1, 1, 1, 1, 4, 2, 5, 2, 1, 4, 5]",128,46,26,False,18
T4_D8,149,3.122,"[3, 4, 3, 4, 2, 4, 3, 1, 3, 1, 3, 4, 2, 3, 2, 4, 4, 2, 2, 4, 3, 3, 5, 6, 6, 4, 4, 4, 2, 6, 2, 4, 3, 1, 2, 4, 2, 1, 3, 2, 3]","[2, 3, 2, 3, 1, 3, 2, 0, 2, 0, 2, 3, 1, 2, 1, 3, 3, 1, 1, 3, 2, 2, 4, 5, 5, 3, 3, 3, 1, 5, 1, 3, 2, 0, 1, 3, 1, 0, 2, 1, 2]","[3, 4, 3, 4, 2, 4, 3, 1, 3, 1, 3, 4, 2, 3, 2, 4, 4, 2, 2, 4, 3, 3, 5, 5, 5, 4, 4, 4, 2, 5, 2, 4, 3, 1, 2, 4, 2, 1, 3, 2, 3]",128,41,26,False,4
T4_D8,150,2.8043,"[1, 1, 3, 4, 2, 2, 2, 1, 3, 6, 4, 2, 3, 4, 3, 3, 2, 4, 4, 2, 2, 2, 1, 6, 1, 4, 2, 3, 4, 2, 2, 3, 3, 2, 2, 4, 1, 3, 2, 2, 3, 4, 6, 3, 1, 5]","[0, 0, 2, 3, 1, 1, 1, 0, 2, 5, 3, 1, 2, 3, 2, 2, 1, 3, 3, 1, 1, 1, 0, 5, 0, 3, 1, 2, 3, 1, 1, 2, 2, 1, 1, 3, 0, 2, 1, 1, 2, 3, 5, 2, 0, 4]","[1, 1, 3, 4, 2, 2, 2, 1, 3, 5, 4, 2, 3, 4, 3, 3, 2, 4, 4, 2, 2, 2, 1, 5, 1, 4, 2, 3, 4, 2, 2, 3, 3, 2, 2, 4, 1, 3, 2, 2, 3, 4, 5, 3, 1, 5]",128,46,26,False,1
T4_D8,151,3.1951,"[1, 3, 2, 5, 3, 5, 5, 6, 4, 6, 4, 5, 2, 2, 2, 2, 2, 3, 3, 3, 3, 3, 3, 3, 3, 4, 1, 3, 4, 3, 4, 1, 4, 3, 6, 2, 1, 2, 2, 3, 5]","[0, 2, 1, 4, 2, 4, 4, 5, 3, 5, 3, 4, 1, 1, 1, 1, 1, 2, 2, 2, 2, 2, 2, 2, 2, 3, 0, 2, 3, 2, 3, 0, 3, 2, 5, 1, 0, 1, 1, 2, 4]","[1, 3, 2, 5, 3, 5, 5, 5, 4, 5, 4, 5, 2, 2, 2, 2, 2, 3, 3, 3, 3, 3, 3, 3, 3, 4, 1, 3, 4, 3, 4, 1, 4, 3, 5, 2, 1, 2, 2, 3, 5]",128,41,26,False,1
T4_D8,152,2.8043,"[1, 1, 3, 4, 3, 5, 4, 5, 5, 2, 2, 4, 5, 2, 3, 4, 2, 3, 3, 2, 1, 2, 1, 2, 5, 4, 2, 2, 2, 2, 1, 5, 2, 3, 2, 3, 3, 2, 5, 3, 2, 3, 3, 2, 2, 2]","[0, 0, 2, 3, 2, 4, 3, 4, 4, 1, 1, 3, 4, 1, 2, 3, 1, 2, 2, 1, 0, 1, 0, 1, 4, 3, 1, 1, 1, 1, 0, 4, 1, 2, 1, 2, 2, 1, 4, 2, 1, 2, 2, 1, 1, 1]","[1, 1, 3, 4, 3, 5, 4, 5, 5, 2, 2, 4, 5, 2, 3, 4, 2, 3, 3, 2, 1, 2, 1, 2, 5, 4, 2, 2, 2, 2, 1, 5, 2, 3, 2, 3, 3, 2, 5, 3, 2, 3, 3, 2, 2, 2]",128,46,26,False,2
T4_D8,153,3.4103,"[1, 2, 3, 5, 5, 6, 4, 2, 4, 3, 3, 6, 3, 4, 1, 3, 1, 2, 3, 2, 3, 4, 3, 4, 2, 2, 4, 6, 2, 3, 4, 1, 5, 4, 4, 6, 4, 3, 6]","[0, 1, 2, 4, 4, 5, 3, 1, 3, 2, 2, 5, 2, 3, 0, 2, 0, 1, 2, 1, 2, 3, 2, 3, 1, 1, 3, 5, 1, 2, 3, 0, 4, 3, 3, 5, 3, 2, 5]","[1, 2, 3, 5, 5, 5, 4, 2, 4, 3, 3, 5, 3, 4, 1, 3, 1, 2, 3, 2, 3, 4, 3, 4, 2, 2, 4, 5, 2, 3, 4, 1, 5, 4, 4, 5, 4, 3, 5]",128,39,26,False,28
T4_D8,154,2.9767,"[3, 3, 5, 4, 4, 3, 4, 2, 3, 5, 3, 2, 2, 2, 3, 2, 4, 4, 4, 4, 3, 2, 2, 1, 3, 3, 2, 2, 4, 5, 4, 2, 1, 3, 2, 2, 3, 4, 4, 3, 2, 1, 4]","[2, 2, 4, 3, 3, 2, 3, 1, 2, 4, 2, 1, 1, 1, 2, 1, 3, 3, 3, 3, 2, 1, 1, 0, 2, 2, 1, 1, 3, 4, 3, 1, 0, 2, 1, 1, 2, 3, 3, 2, 1, 0, 3]","[3, 3, 5, 4, 4, 3, 4, 2, 3, 5, 3, 2, 2, 2, 3, 2, 4, 4, 4, 4, 3, 2, 2, 1, 3, 3, 2, 2, 4, 5, 4, 2, 1, 3, 2, 2, 3, 4, 4, 3, 2, 1, 4]",128,43,26,False,18
T4_D8,155,2.3455,"[1, 4, 2, 1, 4, 2, 4, 5, 6, 2, 2, 2, 2, 2, 1, 2, 2, 1, 1, 2, 2, 2, 2, 3, 1, 2, 1, 2, 3, 1, 3, 3, 1, 3, 1, 3, 4, 1, 2, 2, 4, 1, 4, 5, 1, 1, 2, 1, 2, 4, 4, 2, 3, 1, 4]","[0, 3, 1, 0, 3, 1, 3, 4, 5, 1, 1, 1, 1, 1, 0, 1, 1, 0, 0, 1, 1, 1, 1, 2, 0, 1, 0, 1, 2, 0, 2, 2, 0, 2, 0, 2, 3, 0, 1, 1, 3, 0, 3, 4, 0, 0, 1, 0, 1, 3, 3, 1, 2, 0, 3]","[1, 4, 2, 1, 4, 2, 4, 5, 5, 2, 2, 2, 2, 2, 1, 2, 2, 1, 1, 2, 2, 2, 2, 3, 1, 2, 1, 2, 3, 1, 3, 3, 1, 3, 1, 3, 4, 1, 2, 2, 4, 1, 4, 5, 1, 1, 2, 1, 2, 4, 4, 2, 3, 1, 4]",128,55,26,False,12
T4_D8,156,3.122,"[1, 1, 3, 2, 4, 4, 1, 6, 3, 4, 4, 4, 4, 6, 6, 3, 2, 2, 2, 4, 4, 3, 2, 4, 2, 3, 4, 2, 3, 3, 2, 1, 5, 1, 4, 3, 2, 3, 3, 3, 5]","[0, 0, 2, 1, 3, 3, 0, 5, 2, 3, 3, 3, 3, 5, 5, 2, 1, 1, 1, 3, 3, 2, 1, 3, 1, 2, 3, 1, 2, 2, 1, 0, 4, 0, 3, 2, 1, 2, 2, 2, 4]","[1, 1, 3, 2, 4, 4, 1, 5, 3, 4, 4, 4, 4, 5, 5, 3, 2, 2, 2, 4, 4, 3, 2, 4, 2, 3, 4, 2, 3, 3, 2, 1, 5, 1, 4, 3, 2, 3, 3, 3, 5]",128,41,26,False,7
T4_D8,157,3.122,"[1, 5, 6, 3, 4, 1, 1, 2, 6, 5, 6, 4, 3, 6, 2, 2, 4, 2, 3, 6, 5, 2, 1, 2, 1, 3, 1, 4, 2, 1, 2, 6, 2, 2, 2, 3, 5, 2, 2, 5, 3]","[0, 4, 5, 2, 3, 0, 0, 1, 5, 4, 5, 3, 2, 5, 1, 1, 3, 1, 2, 5, 4, 1, 0, 1, 0, 2, 0, 3, 1, 0, 1, 5, 1, 1, 1, 2, 4, 1, 1, 4, 2]","[1, 5, 5, 3, 4, 1, 1, 2, 5, 5, 5, 4, 3, 5, 2, 2, 4, 2, 3, 5, 5, 2, 1, 2, 1, 3, 1, 4, 2, 1, 2, 5, 2, 2, 2, 3, 5, 2, 2, 5, 3]",128,41,26,False,1
T4_D8,158,2.62,"[1, 1, 3, 2, 2, 4, 6, 2, 2, 2, 4, 3, 2, 6, 3, 2, 3, 2, 2, 4, 3, 2, 2, 2, 3, 4, 2, 1, 4, 2, 2, 3, 3, 1, 3, 3, 3, 2, 3, 1, 2, 1, 1, 4, 2, 4, 4, 3, 1, 4]","[0, 0, 2, 1, 1, 3, 5, 1, 1, 1, 3, 2, 1, 5, 2, 1, 2, 1, 1, 3, 2, 1, 1, 1, 2, 3, 1, 0, 3, 1, 1, 2, 2, 0, 2, 2, 2, 1, 2, 0, 1, 0, 0, 3, 1, 3, 3, 2, 0, 3]","[1, 1, 3, 2, 2, 4, 5, 2, 2, 2, 4, 3, 2, 5, 3, 2, 3, 2, 2, 4, 3, 2, 2, 2, 3, 4, 2, 1, 4, 2, 2, 3, 3, 1, 3, 3, 3, 2, 3, 1, 2, 1, 1, 4, 2, 4, 4, 3, 1, 4]",128,50,26,False,1
T4_D8,159,2.5098,"[1, 3, 4, 2, 2, 2, 5, 4, 3, 6, 3, 1, 1, 2, 3, 2, 1, 1, 3, 2, 3, 2, 3, 2, 2, 3, 2, 2, 3, 2, 2, 1, 3, 4, 6, 2, 1, 1, 6, 1, 1, 3, 2, 4, 2, 1, 3, 6, 2, 1, 1]","[0, 2, 3, 1, 1, 1, 4, 3, 2, 5, 2, 0, 0, 1, 2, 1, 0, 0, 2, 1, 2, 1, 2, 1, 1, 2, 1, 1, 2, 1, 1, 0, 2, 3, 5, 1, 0, 0, 5, 0, 0, 2, 1, 3, 1, 0, 2, 5, 1, 0, 0]","[1, 3, 4, 2, 2, 2, 5, 4, 3, 5, 3, 1, 1, 2, 3, 2, 1, 1, 3, 2, 3, 2, 3, 2, 2, 3, 2, 2, 3, 2, 2, 1, 3, 4, 5, 2, 1, 1, 5, 1, 1, 3, 2, 4, 2, 1, 3, 5, 2, 1, 1]",128,51,26,False,36
T4_D8,160,2.7826,"[1, 4, 3, 3, 5, 3, 6, 6, 3, 2, 3, 3, 2, 3, 1, 1, 1, 1, 2, 2, 2, 3, 3, 3, 4, 4, 2, 3, 2, 2, 2, 4, 3, 3, 4, 2, 2, 3, 3, 3, 3, 3, 2, 3, 3, 2]","[0, 3, 2, 2, 4, 2, 5, 5, 2, 1, 2, 2, 1, 2, 0, 0, 0, 0, 1, 1, 1, 2, 2, 2, 3, 3, 1, 2, 1, 1, 1, 3, 2, 2, 3, 1, 1, 2, 2, 2, 2, 2, 1, 2, 2, 1]","[1, 4, 3, 3, 5, 3, 5, 5, 3, 2, 3, 3, 2, 3, 1, 1, 1, 1, 2, 2, 2, 3, 3, 3, 4, 4, 2, 3, 2, 2, 2, 4, 3, 3, 4, 2, 2, 3, 3, 3, 3, 3, 2, 3, 3, 2]",128,46,26,False,1
T4_D4,81,1.2549,"[1, 2, 1, 1, 1, 1, 2, 1, 1, 1, 2, 1, 2, 1, 1, 2, 1, 1, 1, 2, 1, 1, 1, 2, 1, 1, 1, 2, 1, 2, 2, 2, 1, 1, 1, 2, 1, 2, 1, 2, 1, 1, 1, 1, 2, 1, 1, 1, 1, 1, 1, 2, 1, 1, 1, 1, 1, 1, 1, 2, 1, 2, 1, 2, 1, 2, 1, 1, 1, 2, 1, 1, 1, 1, 1, 2, 1, 1, 1, 1, 2, 1, 1, 2, 2, 1, 1, 1, 1, 1, 1, 1, 1, 1, 1, 2, 1, 1, 1, 1, 1, 1]","[0, 1, 0, 0, 0, 0, 1, 0, 0, 0, 1, 0, 1, 0, 0, 1, 0, 0, 0, 1, 0, 0, 0, 1, 0, 0, 0, 1, 0, 1, 1, 1, 0, 0, 0, 1, 0, 1, 0, 1, 0, 0, 0, 0, 1, 0, 0, 0, 0, 0, 0, 1, 0, 0, 0, 0, 0, 0, 0, 1, 0, 1, 0, 1, 0, 1, 0, 0, 0, 1, 0, 0, 0, 0, 0, 1, 0, 0, 0, 0, 1, 0, 0, 1, 1, 0, 0, 0, 0, 0, 0, 0, 0, 0, 0, 1, 0, 0, 0, 0, 0, 0]","[1, 2, 1, 1, 1, 1, 2, 1, 1, 1, 2, 1, 2, 1, 1, 2, 1, 1, 1, 2, 1, 1, 1, 2, 1, 1, 1, 2, 1, 2, 2, 2, 1, 1, 1, 2, 1, 2, 1, 2, 1, 1, 1, 1, 2, 1, 1, 1, 1, 1, 1, 2, 1, 1, 1, 1, 1, 1, 1, 2, 1, 2, 1, 2, 1, 2, 1, 1, 1, 2, 1, 1, 1, 1, 1, 2, 1, 1, 1, 1, 2, 1, 1, 2, 2, 1, 1, 1, 1, 1, 1, 1, 1, 1, 1, 2, 1, 1, 1, 1, 1, 1]",128,102,26,False,3
T4_D4,82,1.3061,"[2, 2, 1, 2, 1, 2, 1, 1, 2, 1, 1, 1, 2, 1, 2, 1, 2, 1, 1, 1, 2, 1, 1, 1, 1, 1, 1, 2, 1, 1, 1, 1, 1, 1, 2, 1, 1, 1, 1, 1, 1, 2, 1, 1, 2, 1, 1, 1, 2, 2, 1, 1, 2, 1, 1, 1, 1, 2, 1, 1, 2, 1, 2, 1, 2, 2, 1, 2, 2, 1, 2, 1, 2, 1, 1, 1, 1, 1, 2, 1, 1, 2, 2, 1, 1, 1, 2, 1, 1, 1, 1, 1, 1, 1, 2, 1, 1, 1]","[1, 1, 0, 1, 0, 1, 0, 0, 1, 0, 0, 0, 1, 0, 1, 0, 1, 0, 0, 0, 1, 0, 0, 0, 0, 0, 0, 1, 0, 0, 0, 0, 0, 0, 1, 0, 0, 0, 0, 0, 0, 1, 0, 0, 1, 0, 0, 0, 1, 1, 0, 0, 1, 0, 0, 0, 0, 1, 0, 0, 1, 0, 1, 0, 1, 1, 0, 1, 1, 0, 1, 0, 1, 0, 0, 0, 0, 0, 1, 0, 0, 1, 1, 0, 0, 0, 1, 0, 0, 0, 0, 0, 0, 0, 1, 0, 0, 0]","[2, 2, 1, 2, 1, 2, 1, 1, 2, 1, 1, 1, 2, 1, 2, 1, 2, 1, 1, 1, 2, 1, 1, 1, 1, 1, 1, 2, 1, 1, 1, 1, 1, 1, 2, 1, 1, 1, 1, 1, 1, 2, 1, 1, 2, 1, 1, 1, 2, 2, 1, 1, 2, 1, 1, 1, 1, 2, 1, 1, 2, 1, 2, 1, 2, 2, 1, 2, 2, 1, 2, 1, 2, 1, 1, 1, 1, 1, 2, 1, 1, 2, 2, 1, 1, 1, 2, 1, 1, 1, 1, 1, 1, 1, 2, 1, 1, 1]",128,98,26,False,39
T4_D4,83,1.3333,"[1, 2, 1, 1, 2, 1, 2, 2, 1, 1, 1, 1, 1, 2, 1, 1, 1, 1, 2, 1, 1, 1, 1, 1, 2, 2, 2, 2, 1, 1, 1, 2, 1, 1, 2, 1, 2, 1, 2, 1, 1, 1, 3, 1, 1, 2, 1, 1, 1, 1, 2, 1, 1, 1, 1, 1, 1, 1, 2, 1, 1, 2, 1, 1, 1, 1, 1, 1, 2, 2, 1, 1, 1, 1, 2, 1, 1, 1, 1, 1, 1, 1, 1, 2, 2, 2, 3, 2, 3, 1, 1, 1, 2, 1, 1, 1]","[0, 1, 0, 0, 1, 0, 1, 1, 0, 0, 0, 0, 0, 1, 0, 0, 0, 0, 1, 0, 0, 0, 0, 0, 1, 1, 1, 1, 0, 0, 0, 1, 0, 0, 1, 0, 1, 0, 1, 0, 0, 0, 2, 0, 0, 1, 0, 0, 0, 0, 1, 0, 0, 0, 0, 0, 0, 0, 1, 0, 0, 1, 0, 0, 0, 0, 0, 0, 1, 1, 0, 0, 0, 0, 1, 0, 0, 0, 0, 0, 0, 0, 0, 1, 1, 1, 2, 1, 2, 0, 0, 0, 1, 0, 0, 0]","[1, 2, 1, 1, 2, 1, 2, 2, 1, 1, 1, 1, 1, 2, 1, 1, 1, 1, 2, 1, 1, 1, 1, 1, 2, 2, 2, 2, 1, 1, 1, 2, 1, 1, 2, 1, 2, 1, 2, 1, 1, 1, 3, 1, 1, 2, 1, 1, 1, 1, 2, 1, 1, 1, 1, 1, 1, 1, 2, 1, 1, 2, 1, 1, 1, 1, 1, 1, 2, 2, 1, 1, 1, 1, 2, 1, 1, 1, 1, 1, 1, 1, 1, 2, 2, 2, 3, 2, 3, 1, 1, 1, 2, 1, 1, 1]",128,96,26,False,1
T4_D4,84,1.2308,"[1, 1, 2, 1, 2, 1, 2, 1, 2, 1, 1, 2, 2, 2, 1, 1, 1, 1, 1, 1, 1, 3, 1, 1, 1, 1, 2, 1, 1, 1, 1, 1, 2, 1, 1, 2, 3, 1, 1, 1, 1, 1, 1, 1, 1, 1, 2, 1, 1, 1, 1, 1, 1, 2, 1, 1, 1, 1, 1, 1, 1, 2, 1, 2, 1, 1, 1, 1, 2, 1, 1, 1, 1, 1, 1, 1, 1, 1, 1, 1, 1, 2, 2, 2, 1, 1, 1, 1, 1, 1, 2, 1, 1, 1, 1, 1, 1, 1, 1, 1, 1, 2, 1, 1]","[0, 0, 1, 0, 1, 0, 1, 0, 1, 0, 0, 1, 1, 1, 0, 0, 0, 0, 0, 0, 0, 2, 0, 0, 0, 0, 1, 0, 0, 0, 0, 0, 1, 0, 0, 1, 2, 0, 0, 0, 0, 0, 0, 0, 0, 0, 1, 0, 0, 0, 0, 0, 0, 1, 0, 0, 0, 0, 0, 0, 0, 1, 0, 1, 0, 0, 0, 0, 1, 0, 0, 0, 0, 0, 0, 0, 0, 0, 0, 0, 0, 1, 1, 1, 0, 0, 0, 0, 0, 0, 1, 0, 0, 0, 0, 0, 0, 0, 0, 0, 0, 1, 0, 0]","[1, 1, 2, 1, 2, 1, 2, 1, 2, 1, 1, 2, 2, 2, 1, 1, 1, 1, 1, 1, 1, 3, 1, 1, 1, 1, 2, 1, 1, 1, 1, 1, 2, 1, 1, 2, 3, 1, 1, 1, 1, 1, 1, 1, 1, 1, 2, 1, 1, 1, 1, 1, 1, 2, 1, 1, 1, 1, 1, 1, 1, 2, 1, 2, 1, 1, 1, 1, 2, 1, 1, 1, 1, 1, 1, 1, 1, 1, 1, 1, 1, 2, 2, 2, 1, 1, 1, 1, 1, 1, 2, 1, 1, 1, 1, 1, 1, 1, 1, 1, 1, 2, 1, 1]",128,104,26,False,4
T4_D4,85,1.1852,"[1, 1, 1, 1, 1, 1, 1, 2, 2, 1, 1, 1, 1, 1, 1, 1, 1, 1, 1, 1, 2, 1, 2, 1, 1, 1, 1, 1, 1, 2, 1, 1, 2, 1, 1, 1, 1, 1, 2, 1, 1, 1, 1, 1, 1, 2, 1, 1, 1, 1, 1, 2, 1, 1, 1, 1, 2, 1, 2, 1, 1, 1, 1, 1, 1, 1, 2, 1, 2, 1, 1, 2, 1, 1, 1, 1, 1, 1, 1, 1, 1, 1, 1, 1, 1, 1, 1, 1, 1, 1, 2, 1, 1, 1, 1, 3, 1, 1, 1, 1, 1, 3, 1, 2, 1, 1, 1, 1]","[0, 0, 0, 0, 0, 0, 0, 1, 1, 0, 0, 0, 0, 0, 0, 0, 0, 0, 0, 0, 1, 0, 1, 0, 0, 0, 0, 0, 0, 1, 0, 0, 1, 0, 0, 0, 0, 0, 1, 0, 0, 0, 0, 0, 0, 1, 0, 0, 0, 0, 0, 1, 0, 0, 0, 0, 1, 0, 1, 0, 0, 0, 0, 0, 0, 0, 1, 0, 1, 0, 0, 1, 0, 0, 0, 0, 0, 0, 0, 0, 0, 0, 0, 0, 0, 0, 0, 0, 0, 0, 1, 0, 0, 0, 0, 2, 0, 0, 0, 0, 0, 2, 0, 1, 0, 0, 0, 0]","[1, 1, 1, 1, 1, 1, 1, 2, 2, 1, 1, 1, 1, 1, 1, 1, 1, 1, 1, 1, 2, 1, 2, 1, 1, 1, 1, 1, 1, 2, 1, 1, 2, 1, 1, 1, 1, 1, 2, 1, 1, 1, 1, 1, 1, 2, 1, 1, 1, 1, 1, 2, 1, 1, 1, 1, 2, 1, 2, 1, 1, 1, 1, 1, 1, 1, 2, 1, 2, 1, 1, 2, 1, 1, 1, 1, 1, 1, 1, 1, 1, 1, 1, 1, 1, 1, 1, 1, 1, 1, 2, 1, 1, 1, 1, 3, 1, 1, 1, 1, 1, 3, 1, 2, 1, 1, 1, 1]",128,108,26,False,13
T4_D4,86,1.1852,"[1, 1, 1, 1, 2, 1, 1, 1, 1, 3, 1, 1, 1, 1, 1, 1, 1, 1, 1, 1, 1, 1, 1, 2, 1, 1, 1, 1, 1, 2, 1, 2, 1, 1, 1, 1, 2, 2, 1, 1, 1, 2, 1, 2, 1, 2, 2, 1, 1, 1, 1, 1, 2, 1, 1, 1, 1, 1, 1, 1, 1, 1, 1, 2, 1, 1, 1, 1, 1, 1, 1, 1, 1, 1, 1, 1, 1, 1, 1, 1, 1, 1, 1, 1, 1, 1, 2, 1, 2, 1, 1, 1, 1, 1, 1, 2, 1, 1, 2, 1, 1, 1, 1, 1, 2, 2, 1, 1]","[0, 0, 0, 0, 1, 0, 0, 0, 0, 2, 0, 0, 0, 0, 0, 0, 0, 0, 0, 0, 0, 0, 0, 1, 0, 0, 0, 0, 0, 1, 0, 1, 0, 0, 0, 0, 1, 1, 0, 0, 0, 1, 0, 1, 0, 1, 1, 0, 0, 0, 0, 0, 1, 0, 0, 0, 0, 0, 0, 0, 0, 0, 0, 1, 0, 0, 0, 0, 0, 0, 0, 0, 0, 0, 0, 0, 0, 0, 0, 0, 0, 0, 0, 0, 0, 0, 1, 0, 1, 0, 0, 0, 0, 0, 0, 1, 0, 0, 1, 0, 0, 0, 0, 0, 1, 1, 0, 0]","[1, 1, 1, 1, 2, 1, 1, 1, 1, 3, 1, 1, 1, 1, 1, 1, 1, 1, 1, 1, 1, 1, 1, 2, 1, 1, 1, 1, 1, 2, 1, 2, 1, 1, 1, 1, 2, 2, 1, 1, 1, 2, 1, 2, 1, 2, 2, 1, 1, 1, 1, 1, 2, 1, 1, 1, 1, 1, 1, 1, 1, 1, 1, 2, 1, 1, 1, 1, 1, 1, 1, 1, 1, 1, 1, 1, 1, 1, 1, 1, 1, 1, 1, 1, 1, 1, 2, 1, 2, 1, 1, 1, 1, 1, 1, 2, 1, 1, 2, 1, 1, 1, 1, 1, 2, 2, 1, 1]",128,108,26,False,20
T4_D4,87,1.1963,"[2, 1, 1, 1, 2, 1, 2, 1, 2, 1, 1, 1, 1, 1, 1, 1, 1, 1, 2, 1, 1, 1, 1, 2, 1, 1, 1, 1, 1, 1, 2, 1, 2, 1, 1, 2, 1, 1, 1, 1, 1, 1, 1, 2, 1, 1, 2, 1, 1, 2, 1, 1, 2, 1, 1, 2, 1, 1, 1, 1, 1, 2, 1, 1, 1, 1, 1, 1, 1, 2, 1, 1, 1, 1, 2, 1, 1, 1, 1, 1, 3, 1, 1, 1, 2, 1, 1, 1, 1, 1, 1, 1, 1, 1, 1, 1, 1, 1, 1, 1, 1, 1, 2, 1, 1, 1, 1]","[1, 0, 0, 0, 1, 0, 1, 0, 1, 0, 0, 0, 0, 0, 0, 0, 0, 0, 1, 0, 0, 0, 0, 1, 0, 0, 0, 0, 0, 0, 1, 0, 1, 0, 0, 1, 0, 0, 0, 0, 0, 0, 0, 1, 0, 0, 1, 0, 0, 1, 0, 0, 1, 0, 0, 1, 0, 0, 0, 0, 0, 1, 0, 0, 0, 0, 0, 0, 0, 1, 0, 0, 0, 0, 1, 0, 0, 0, 0, 0, 2, 0, 0, 0, 1, 0, 0, 0, 0, 0, 0, 0, 0, 0, 0, 0, 0, 0, 0, 0, 0, 0, 1, 0, 0, 0, 0]","[2, 1, 1, 1, 2, 1, 2, 1, 2, 1, 1, 1, 1, 1, 1, 1, 1, 1, 2, 1, 1, 1, 1, 2, 1, 1, 1, 1, 1, 1, 2, 1, 2, 1, 1, 2, 1, 1, 1, 1, 1, 1, 1, 2, 1, 1, 2, 1, 1, 2, 1, 1, 2, 1, 1, 2, 1, 1, 1, 1, 1, 2, 1, 1, 1, 1, 1, 1, 1, 2, 1, 1, 1, 1, 2, 1, 1, 1, 1, 1, 3, 1, 1, 1, 2, 1, 1, 1, 1, 1, 1, 1, 1, 1, 1, 1, 1, 1, 1, 1, 1, 1, 2, 1, 1, 1, 1]",128,107,26,False,28
T4_D4,88,1.1532,"[1, 2, 1, 1, 2, 1, 1, 1, 1, 1, 1, 1, 1, 1, 2, 1, 1, 1, 1, 1, 1, 2, 1, 1, 1, 1, 1, 1, 1, 1, 1, 1, 1, 1, 1, 1, 2, 1, 1, 1, 1, 2, 1, 1, 2, 1, 1, 1, 1, 1, 1, 1, 1, 1, 1, 2, 1, 1, 1, 1, 1, 1, 1, 1, 1, 1, 2, 1, 1, 2, 1, 1, 2, 1, 1, 1, 2, 2, 2, 1, 2, 1, 1, 1, 1, 1, 1, 1, 1, 1, 1, 1, 1, 1, 1, 1, 1, 1, 1, 1, 2, 1, 1, 2, 1, 1, 1, 1, 1, 1, 1]","[0, 1, 0, 0, 1, 0, 0, 0, 0, 0, 0, 0, 0, 0, 1, 0, 0, 0, 0, 0, 0, 1, 0, 0, 0, 0, 0, 0, 0, 0, 0, 0, 0, 0, 0, 0, 1, 0, 0, 0, 0, 1, 0, 0, 1, 0, 0, 0, 0, 0, 0, 0, 0, 0, 0, 1, 0, 0, 0, 0, 0, 0, 0, 0, 0, 0, 1, 0, 0, 1, 0, 0, 1, 0, 0, 0, 1, 1, 1, 0, 1, 0, 0, 0, 0, 0, 0, 0, 0, 0, 0, 0, 0, 0, 0, 0, 0, 0, 0, 0, 1, 0, 0, 1, 0, 0, 0, 0, 0, 0, 0]","[1, 2, 1, 1, 2, 1, 1, 1, 1, 1, 1, 1, 1, 1, 2, 1, 1, 1, 1, 1, 1, 2, 1, 1, 1, 1, 1, 1, 1, 1, 1, 1, 1, 1, 1, 1, 2, 1, 1, 1, 1, 2, 1, 1, 2, 1, 1, 1, 1, 1, 1, 1, 1, 1, 1, 2, 1, 1, 1, 1, 1, 1, 1, 1, 1, 1, 2, 1, 1, 2, 1, 1, 2, 1, 1, 1, 2, 2, 2, 1, 2, 1, 1, 1, 1, 1, 1, 1, 1, 1, 1, 1, 1, 1, 1, 1, 1, 1, 1, 1, 2, 1, 1, 2, 1, 1, 1, 1, 1, 1, 1]",128,111,26,False,9
T4_D4,89,1.219,"[1, 1, 1, 1, 1, 1, 1, 1, 2, 1, 1, 2, 1, 2, 1, 1, 1, 1, 2, 2, 2, 1, 1, 2, 2, 1, 1, 1, 1, 2, 1, 1, 1, 1, 1, 2, 1, 1, 1, 2, 1, 1, 2, 2, 2, 1, 1, 1, 2, 1, 1, 1, 1, 1, 1, 1, 1, 1, 1, 1, 1, 1, 1, 1, 1, 1, 2, 1, 1, 1, 1, 2, 1, 2, 1, 1, 1, 2, 2, 1, 1, 1, 1, 2, 1, 1, 1, 3, 1, 1, 1, 1, 1, 1, 1, 1, 1, 1, 1, 1, 1, 1, 1, 1, 1]","[0, 0, 0, 0, 0, 0, 0, 0, 1, 0, 0, 1, 0, 1, 0, 0, 0, 0, 1, 1, 1, 0, 0, 1, 1, 0, 0, 0, 0, 1, 0, 0, 0, 0, 0, 1, 0, 0, 0, 1, 0, 0, 1, 1, 1, 0, 0, 0, 1, 0, 0, 0, 0, 0, 0, 0, 0, 0, 0, 0, 0, 0, 0, 0, 0, 0, 1, 0, 0, 0, 0, 1, 0, 1, 0, 0, 0, 1, 1, 0, 0, 0, 0, 1, 0, 0, 0, 2, 0, 0, 0, 0, 0, 0, 0, 0, 0, 0, 0, 0, 0, 0, 0, 0, 0]","[1, 1, 1, 1, 1, 1, 1, 1, 2, 1, 1, 2, 1, 2, 1, 1, 1, 1, 2, 2, 2, 1, 1, 2, 2, 1, 1, 1, 1, 2, 1, 1, 1, 1, 1, 2, 1, 1, 1, 2, 1, 1, 2, 2, 2, 1, 1, 1, 2, 1, 1, 1, 1, 1, 1, 1, 1, 1, 1, 1, 1, 1, 1, 1, 1, 1, 2, 1, 1, 1, 1, 2, 1, 2, 1, 1, 1, 2, 2, 1, 1, 1, 1, 2, 1, 1, 1, 3, 1, 1, 1, 1, 1, 1, 1, 1, 1, 1, 1, 1, 1, 1, 1, 1, 1]",128,105,26,False,40
T4_D4,90,1.2857,"[1, 1, 1, 1, 1, 1, 1, 2, 1, 2, 2, 1, 1, 2, 1, 2, 2, 1, 1, 1, 1, 1, 2, 1, 1, 2, 1, 1, 1, 1, 2, 1, 1, 1, 2, 1, 1, 1, 1, 2, 2, 1, 1, 1, 1, 2, 1, 1, 1, 2, 1, 1, 1, 2, 1, 4, 2, 1, 2, 2, 1, 1, 1, 1, 1, 1, 1, 1, 2, 1, 2, 1, 2, 1, 1, 1, 1, 1, 1, 1, 1, 1, 1, 1, 2, 1, 1, 1, 1, 1, 2]","[0, 0, 0, 0, 0, 0, 0, 1, 0, 1, 1, 0, 0, 1, 0, 1, 1, 0, 0, 0, 0, 0, 1, 0, 0, 1, 0, 0, 0, 0, 1, 0, 0, 0, 1, 0, 0, 0, 0, 1, 1, 0, 0, 0, 0, 1, 0, 0, 0, 1, 0, 0, 0, 1, 0, 3, 1, 0, 1, 1, 0, 0, 0, 0, 0, 0, 0, 0, 1, 0, 1, 0, 1, 0, 0, 0, 0, 0, 0, 0, 0, 0, 0, 0, 1, 0, 0, 0, 0, 0, 1]","[1, 1, 1, 1, 1, 1, 1, 2, 1, 2, 2, 1, 1, 2, 1, 2, 2, 1, 1, 1, 1, 1, 2, 1, 1, 2, 1, 1, 1, 1, 2, 1, 1, 1, 2, 1, 1, 1, 1, 2, 2, 1, 1, 1, 1, 2, 1, 1, 1, 2, 1, 1, 1, 2, 1, 4, 2, 1, 2, 2, 1, 1, 1, 1, 1, 1, 1, 1, 2, 1, 2, 1, 2, 1, 1, 1, 1, 1, 1, 1, 1, 1, 1, 1, 2, 1, 1, 1, 1, 1, 2]",117,91,26,False,42
T4_D4,91,1.1852,"[1, 1, 1, 1, 2, 1, 1, 2, 1, 1, 1, 1, 1, 1, 1, 1, 1, 1, 2, 1, 1, 1, 1, 2, 1, 1, 1, 2, 2, 1, 1, 1, 1, 1, 1, 1, 1, 2, 1, 1, 1, 1, 1, 1, 1, 2, 1, 1, 1, 2, 1, 1, 1, 2, 1, 1, 1, 1, 1, 2, 1, 1, 1, 1, 3, 1, 1, 1, 1, 1, 1, 1, 2, 1, 1, 1, 1, 1, 1, 2, 1, 1, 1, 1, 1, 1, 1, 1, 1, 1, 1, 1, 2, 1, 1, 1, 2, 1, 1, 2, 1, 1, 2, 1, 1, 1, 2, 1]","[0, 0, 0, 0, 1, 0, 0, 1, 0, 0, 0, 0, 0, 0, 0, 0, 0, 0, 1, 0, 0, 0, 0, 1, 0, 0, 0, 1, 1, 0, 0, 0, 0, 0, 0, 0, 0, 1, 0, 0, 0, 0, 0, 0, 0, 1, 0, 0, 0, 1, 0, 0, 0, 1, 0, 0, 0, 0, 0, 1, 0, 0, 0, 0, 2, 0, 0, 0, 0, 0, 0, 0, 1, 0, 0, 0, 0, 0, 0, 1, 0, 0, 0, 0, 0, 0, 0, 0, 0, 0, 0, 0, 1, 0, 0, 0, 1, 0, 0, 1, 0, 0, 1, 0, 0, 0, 1, 0]","[1, 1, 1, 1, 2, 1, 1, 2, 1, 1, 1, 1, 1, 1, 1, 1, 1, 1, 2, 1, 1, 1, 1, 2, 1, 1, 1, 2, 2, 1, 1, 1, 1, 1, 1, 1, 1, 2, 1, 1, 1, 1, 1, 1, 1, 2, 1, 1, 1, 2, 1, 1, 1, 2, 1, 1, 1, 1, 1, 2, 1, 1, 1, 1, 3, 1, 1, 1, 1, 1, 1, 1, 2, 1, 1, 1, 1, 1, 1, 2, 1, 1, 1, 1, 1, 1, 1, 1, 1, 1, 1, 1, 2, 1, 1, 1, 2, 1, 1, 2, 1, 1, 2, 1, 1, 1, 2, 1]",128,108,26,False,1
T4_D4,92,1.1034,"[1, 1, 1, 1, 1, 1, 1, 1, 1, 1, 1, 1, 1, 1, 1, 1, 1, 1, 1, 1, 1, 1, 1, 1, 1, 1, 1, 1, 1, 1, 1, 1, 1, 1, 1, 1, 1, 1, 1, 1, 1, 1, 1, 2, 1, 2, 1, 1, 2, 1, 1, 1, 1, 1, 1, 1, 1, 1, 1, 1, 1, 1, 1, 1, 1, 1, 2, 1, 1, 1, 1, 1, 1, 1, 1, 1, 1, 1, 1, 1, 1, 2, 1, 1, 1, 1, 1, 2, 1, 1, 1, 1, 2, 1, 1, 1, 1, 1, 3, 2, 1, 1, 1, 1, 1, 1, 1, 1, 1, 1, 1, 2, 1, 1, 1, 2]","[0, 0, 0, 0, 0, 0, 0, 0, 0, 0, 0, 0, 0, 0, 0, 0, 0, 0, 0, 0, 0, 0, 0, 0, 0, 0, 0, 0, 0, 0, 0, 0, 0, 0, 0, 0, 0, 0, 0, 0, 0, 0, 0, 1, 0, 1, 0, 0, 1, 0, 0, 0, 0, 0, 0, 0, 0, 0, 0, 0, 0, 0, 0, 0, 0, 0, 1, 0, 0, 0, 0, 0, 0, 0, 0, 0, 0, 0, 0, 0, 0, 1, 0, 0, 0, 0, 0, 1, 0, 0, 0, 0, 1, 0, 0, 0, 0, 0, 2, 1, 0, 0, 0, 0, 0, 0, 0, 0, 0, 0, 0, 1, 0, 0, 0, 1]","[1, 1, 1, 1, 1, 1, 1, 1, 1, 1, 1, 1, 1, 1, 1, 1, 1, 1, 1, 1, 1, 1, 1, 1, 1, 1, 1, 1, 1, 1, 1, 1, 1, 1, 1, 1, 1, 1, 1, 1, 1, 1, 1, 2, 1, 2, 1, 1, 2, 1, 1, 1, 1, 1, 1, 1, 1, 1, 1, 1, 1, 1, 1, 1, 1, 1, 2, 1, 1, 1, 1, 1, 1, 1, 1, 1, 1, 1, 1, 1, 1, 2, 1, 1, 1, 1, 1, 2, 1, 1, 1, 1, 2, 1, 1, 1, 1, 1, 3, 2, 1, 1, 1, 1, 1, 1, 1, 1, 1, 1, 1, 2, 1, 1, 1, 2]",128,116,26,False,4
T4_D4,93,1.1743,"[1, 1, 2, 1, 1, 1, 1, 2, 1, 1, 1, 1, 1, 1, 2, 2, 1, 1, 1, 1, 1, 1, 1, 1, 1, 1, 1, 1, 1, 1, 1, 1, 1, 3, 1, 2, 1, 1, 1, 1, 1, 1, 2, 1, 1, 1, 2, 1, 1, 1, 1, 1, 1, 1, 1, 1, 1, 1, 2, 1, 1, 1, 1, 1, 1, 1, 1, 2, 1, 1, 1, 1, 1, 1, 1, 1, 1, 2, 1, 1, 1, 2, 1, 1, 1, 1, 1, 1, 1, 1, 2, 1, 1, 1, 1, 2, 1, 2, 1, 1, 1, 1, 2, 1, 2, 1, 1, 2, 1]","[0, 0, 1, 0, 0, 0, 0, 1, 0, 0, 0, 0, 0, 0, 1, 1, 0, 0, 0, 0, 0, 0, 0, 0, 0, 0, 0, 0, 0, 0, 0, 0, 0, 2, 0, 1, 0, 0, 0, 0, 0, 0, 1, 0, 0, 0, 1, 0, 0, 0, 0, 0, 0, 0, 0, 0, 0, 0, 1, 0, 0, 0, 0, 0, 0, 0, 0, 1, 0, 0, 0, 0, 0, 0, 0, 0, 0, 1, 0, 0, 0, 1, 0, 0, 0, 0, 0, 0, 0, 0, 1, 0, 0, 0, 0, 1, 0, 1, 0, 0, 0, 0, 1, 0, 1, 0, 0, 1, 0]","[1, 1, 2, 1, 1, 1, 1, 2, 1, 1, 1, 1, 1, 1, 2, 2, 1, 1, 1, 1, 1, 1, 1, 1, 1, 1, 1, 1, 1, 1, 1, 1, 1, 3, 1, 2, 1, 1, 1, 1, 1, 1, 2, 1, 1, 1, 2, 1, 1, 1, 1, 1, 1, 1, 1, 1, 1, 1, 2, 1, 1, 1, 1, 1, 1, 1, 1, 2, 1, 1, 1, 1, 1, 1, 1, 1, 1, 2, 1, 1, 1, 2, 1, 1, 1, 1, 1, 1, 1, 1, 2, 1, 1, 1, 1, 2, 1, 2, 1, 1, 1, 1, 2, 1, 2, 1, 1, 2, 1]",128,109,26,False,16
T4_D4,94,1.217,"[1, 1, 2, 1, 1, 1, 1, 2, 1, 1, 1, 1, 1, 1, 1, 1, 1, 1, 1, 2, 1, 1, 1, 1, 1, 1, 1, 2, 1, 1, 1, 1, 1, 1, 2, 1, 1, 1, 1, 1, 1, 1, 1, 1, 2, 2, 1, 1, 1, 1, 1, 1, 1, 1, 2, 1, 4, 1, 1, 1, 1, 1, 1, 2, 1, 1, 1, 1, 1, 1, 1, 1, 1, 2, 1, 1, 2, 1, 1, 1, 1, 2, 1, 1, 1, 1, 2, 1, 1, 2, 1, 3, 2, 1, 1, 1, 2, 1, 1, 1, 1, 1, 1, 2, 1, 2]","[0, 0, 1, 0, 0, 0, 0, 1, 0, 0, 0, 0, 0, 0, 0, 0, 0, 0, 0, 1, 0, 0, 0, 0, 0, 0, 0, 1, 0, 0, 0, 0, 0, 0, 1, 0, 0, 0, 0, 0, 0, 0, 0, 0, 1, 1, 0, 0, 0, 0, 0, 0, 0, 0, 1, 0, 3, 0, 0, 0, 0, 0, 0, 1, 0, 0, 0, 0, 0, 0, 0, 0, 0, 1, 0, 0, 1, 0, 0, 0, 0, 1, 0, 0, 0, 0, 1, 0, 0, 1, 0, 2, 1, 0, 0, 0, 1, 0, 0, 0, 0, 0, 0, 1, 0, 1]","[1, 1, 2, 1, 1, 1, 1, 2, 1, 1, 1, 1, 1, 1, 1, 1, 1, 1, 1, 2, 1, 1, 1, 1, 1, 1, 1, 2, 1, 1, 1, 1, 1, 1, 2, 1, 1, 1, 1, 1, 1, 1, 1, 1, 2, 2, 1, 1, 1, 1, 1, 1, 1, 1, 2, 1, 4, 1, 1, 1, 1, 1, 1, 2, 1, 1, 1, 1, 1, 1, 1, 1, 1, 2, 1, 1, 2, 1, 1, 1, 1, 2, 1, 1, 1, 1, 2, 1, 1, 2, 1, 3, 2, 1, 1, 1, 2, 1, 1, 1, 1, 1, 1, 2, 1, 2]",128,106,26,False,11
T4_D4,95,1.28,"[1, 1, 1, 1, 1, 1, 1, 2, 1, 2, 1, 1, 1, 1, 2, 1, 1, 1, 1, 1, 1, 1, 1, 2, 2, 2, 1, 2, 1, 1, 1, 1, 1, 1, 2, 1, 1, 1, 1, 1, 1, 1, 1, 2, 1, 1, 2, 1, 1, 2, 1, 2, 1, 2, 2, 2, 1, 2, 1, 1, 2, 1, 1, 1, 2, 2, 1, 2, 1, 1, 1, 1, 1, 1, 2, 2, 1, 2, 1, 1, 2, 2, 2, 1, 1, 1, 1, 1, 1, 1, 2, 1, 1, 1, 1, 1, 1, 1, 2, 1]","[0, 0, 0, 0, 0, 0, 0, 1, 0, 1, 0, 0, 0, 0, 1, 0, 0, 0, 0, 0, 0, 0, 0, 1, 1, 1, 0, 1, 0, 0, 0, 0, 0, 0, 1, 0, 0, 0, 0, 0, 0, 0, 0, 1, 0, 0, 1, 0, 0, 1, 0, 1, 0, 1, 1, 1, 0, 1, 0, 0, 1, 0, 0, 0, 1, 1, 0, 1, 0, 0, 0, 0, 0, 0, 1, 1, 0, 1, 0, 0, 1, 1, 1, 0, 0, 0, 0, 0, 0, 0, 1, 0, 0, 0, 0, 0, 0, 0, 1, 0]","[1, 1, 1, 1, 1, 1, 1, 2, 1, 2, 1, 1, 1, 1, 2, 1, 1, 1, 1, 1, 1, 1, 1, 2, 2, 2, 1, 2, 1, 1, 1, 1, 1, 1, 2, 1, 1, 1, 1, 1, 1, 1, 1, 2, 1, 1, 2, 1, 1, 2, 1, 2, 1, 2, 2, 2, 1, 2, 1, 1, 2, 1, 1, 1, 2, 2, 1, 2, 1, 1, 1, 1, 1, 1, 2, 2, 1, 2, 1, 1, 2, 2, 2, 1, 1, 1, 1, 1, 1, 1, 2, 1, 1, 1, 1, 1, 1, 1, 2, 1]",128,100,26,False,46
T4_D4,96,1.1944,"[1, 1, 1, 1, 1, 1, 1, 1, 2, 1, 1, 1, 1, 2, 1, 1, 1, 1, 2, 1, 1, 1, 1, 2, 1, 1, 2, 1, 1, 1, 1, 1, 1, 1, 1, 2, 1, 1, 1, 2, 1, 1, 1, 1, 2, 1, 1, 1, 1, 1, 1, 1, 2, 1, 1, 1, 1, 2, 1, 1, 2, 2, 2, 1, 1, 1, 1, 1, 2, 1, 1, 2, 1, 2, 1, 1, 1, 1, 1, 1, 1, 1, 1, 1, 2, 1, 1, 1, 1, 1, 1, 1, 1, 1, 2, 1, 1, 2, 1, 1, 2, 1, 1, 1, 1, 1, 1, 2]","[0, 0, 0, 0, 0, 0, 0, 0, 1, 0, 0, 0, 0, 1, 0, 0, 0, 0, 1, 0, 0, 0, 0, 1, 0, 0, 1, 0, 0, 0, 0, 0, 0, 0, 0, 1, 0, 0, 0, 1, 0, 0, 0, 0, 1, 0, 0, 0, 0, 0, 0, 0, 1, 0, 0, 0, 0, 1, 0, 0, 1, 1, 1, 0, 0, 0, 0, 0, 1, 0, 0, 1, 0, 1, 0, 0, 0, 0, 0, 0, 0, 0, 0, 0, 1, 0, 0, 0, 0, 0, 0, 0, 0, 0, 1, 0, 0, 1, 0, 0, 1, 0, 0, 0, 0, 0, 0, 1]","[1, 1, 1, 1, 1, 1, 1, 1, 2, 1, 1, 1, 1, 2, 1, 1, 1, 1, 2, 1, 1, 1, 1, 2, 1, 1, 2, 1, 1, 1, 1, 1, 1, 1, 1, 2, 1, 1, 1, 2, 1, 1, 1, 1, 2, 1, 1, 1, 1, 1, 1, 1, 2, 1, 1, 1, 1, 2, 1, 1, 2, 2, 2, 1, 1, 1, 1, 1, 2, 1, 1, 2, 1, 2, 1, 1, 1, 1, 1, 1, 1, 1, 1, 1, 2, 1, 1, 1, 1, 1, 1, 1, 1, 1, 2, 1, 1, 2, 1, 1, 2, 1, 1, 1, 1, 1, 1, 2]",128,108,26,False,28
T4_D4,97,1.2308,"[1, 1, 1, 1, 1, 1, 1, 1, 2, 1, 1, 1, 1, 1, 1, 1, 2, 1, 1, 1, 1, 1, 1, 1, 1, 2, 1, 2, 1, 1, 2, 1, 1, 1, 1, 1, 1, 1, 1, 1, 1, 1, 1, 1, 1, 2, 1, 2, 1, 1, 1, 1, 2, 1, 1, 2, 1, 1, 1, 1, 1, 1, 1, 2, 1, 1, 1, 1, 1, 1, 2, 1, 2, 2, 1, 1, 1, 1, 1, 1, 2, 1, 2, 1, 2, 1, 2, 1, 1, 1, 1, 2, 2, 1, 1, 1, 1, 3, 2, 1, 1, 2, 2, 1]","[0, 0, 0, 0, 0, 0, 0, 0, 1, 0, 0, 0, 0, 0, 0, 0, 1, 0, 0, 0, 0, 0, 0, 0, 0, 1, 0, 1, 0, 0, 1, 0, 0, 0, 0, 0, 0, 0, 0, 0, 0, 0, 0, 0, 0, 1, 0, 1, 0, 0, 0, 0, 1, 0, 0, 1, 0, 0, 0, 0, 0, 0, 0, 1, 0, 0, 0, 0, 0, 0, 1, 0, 1, 1, 0, 0, 0, 0, 0, 0, 1, 0, 1, 0, 1, 0, 1, 0, 0, 0, 0, 1, 1, 0, 0, 0, 0, 2, 1, 0, 0, 1, 1, 0]","[1, 1, 1, 1, 1, 1, 1, 1, 2, 1, 1, 1, 1, 1, 1, 1, 2, 1, 1, 1, 1, 1, 1, 1, 1, 2, 1, 2, 1, 1, 2, 1, 1, 1, 1, 1, 1, 1, 1, 1, 1, 1, 1, 1, 1, 2, 1, 2, 1, 1, 1, 1, 2, 1, 1, 2, 1, 1, 1, 1, 1, 1, 1, 2, 1, 1, 1, 1, 1, 1, 2, 1, 2, 2, 1, 1, 1, 1, 1, 1, 2, 1, 2, 1, 2, 1, 2, 1, 1, 1, 1, 2, 2, 1, 1, 1, 1, 3, 2, 1, 1, 2, 2, 1]",128,104,26,False,12
T4_D4,98,1.1963,"[1, 1, 2, 1, 1, 1, 1, 1, 1, 1, 1, 2, 1, 1, 1, 1, 1, 1, 1, 2, 1, 1, 1, 2, 1, 1, 1, 2, 1, 1, 1, 2, 1, 2, 1, 1, 1, 2, 1, 1, 1, 1, 1, 1, 2, 1, 1, 1, 1, 1, 1, 1, 1, 2, 1, 1, 1, 1, 2, 1, 1, 2, 1, 1, 2, 1, 1, 1, 1, 2, 1, 1, 2, 1, 1, 1, 1, 1, 1, 2, 1, 1, 2, 1, 1, 1, 1, 1, 2, 2, 1, 2, 1, 1, 1, 1, 1, 1, 1, 1, 1, 1, 1, 1, 2, 1, 1]","[0, 0, 1, 0, 0, 0, 0, 0, 0, 0, 0, 1, 0, 0, 0, 0, 0, 0, 0, 1, 0, 0, 0, 1, 0, 0, 0, 1, 0, 0, 0, 1, 0, 1, 0, 0, 0, 1, 0, 0, 0, 0, 0, 0, 1, 0, 0, 0, 0, 0, 0, 0, 0, 1, 0, 0, 0, 0, 1, 0, 0, 1, 0, 0, 1, 0, 0, 0, 0, 1, 0, 0, 1, 0, 0, 0, 0, 0, 0, 1, 0, 0, 1, 0, 0, 0, 0, 0, 1, 1, 0, 1, 0, 0, 0, 0, 0, 0, 0, 0, 0, 0, 0, 0, 1, 0, 0]","[1, 1, 2, 1, 1, 1, 1, 1, 1, 1, 1, 2, 1, 1, 1, 1, 1, 1, 1, 2, 1, 1, 1, 2, 1, 1, 1, 2, 1, 1, 1, 2, 1, 2, 1, 1, 1, 2, 1, 1, 1, 1, 1, 1, 2, 1, 1, 1, 1, 1, 1, 1, 1, 2, 1, 1, 1, 1, 2, 1, 1, 2, 1, 1, 2, 1, 1, 1, 1, 2, 1, 1, 2, 1, 1, 1, 1, 1, 1, 2, 1, 1, 2, 1, 1, 1, 1, 1, 2, 2, 1, 2, 1, 1, 1, 1, 1, 1, 1, 1, 1, 1, 1, 1, 2, 1, 1]",128,107,26,False,4
T4_D4,99,1.1636,"[1, 1, 2, 1, 1, 1, 1, 1, 2, 1, 2, 1, 1, 1, 1, 1, 1, 2, 2, 1, 1, 1, 1, 2, 1, 1, 1, 1, 1, 1, 1, 2, 1, 1, 2, 1, 2, 1, 1, 1, 2, 1, 1, 1, 1, 1, 1, 1, 1, 1, 2, 1, 1, 1, 1, 1, 1, 2, 1, 1, 1, 1, 1, 1, 2, 1, 1, 1, 1, 1, 1, 1, 1, 2, 1, 1, 1, 1, 1, 1, 1, 1, 2, 1, 1, 1, 1, 1, 1, 1, 2, 1, 1, 1, 1, 1, 1, 2, 1, 1, 1, 1, 1, 1, 1, 1, 1, 1, 1, 2]","[0, 0, 1, 0, 0, 0, 0, 0, 1, 0, 1, 0, 0, 0, 0, 0, 0, 1, 1, 0, 0, 0, 0, 1, 0, 0, 0, 0, 0, 0, 0, 1, 0, 0, 1, 0, 1, 0, 0, 0, 1, 0, 0, 0, 0, 0, 0, 0, 0, 0, 1, 0, 0, 0, 0, 0, 0, 1, 0, 0, 0, 0, 0, 0, 1, 0, 0, 0, 0, 0, 0, 0, 0, 1, 0, 0, 0, 0, 0, 0, 0, 0, 1, 0, 0, 0, 0, 0, 0, 0, 1, 0, 0, 0, 0, 0, 0, 1, 0, 0, 0, 0, 0, 0, 0, 0, 0, 0, 0, 1]","[1, 1, 2, 1, 1, 1, 1, 1, 2, 1, 2, 1, 1, 1, 1, 1, 1, 2, 2, 1, 1, 1, 1, 2, 1, 1, 1, 1, 1, 1, 1, 2, 1, 1, 2, 1, 2, 1, 1, 1, 2, 1, 1, 1, 1, 1, 1, 1, 1, 1, 2, 1, 1, 1, 1, 1, 1, 2, 1, 1, 1, 1, 1, 1, 2, 1, 1, 1, 1, 1, 1, 1, 1, 2, 1, 1, 1, 1, 1, 1, 1, 1, 2, 1, 1, 1, 1, 1, 1, 1, 2, 1, 1, 1, 1, 1, 1, 2, 1, 1, 1, 1, 1, 1, 1, 1, 1, 1, 1, 2]",128,110,26,False,9
T4_D4,100,1.2308,"[1, 1, 2, 1, 2, 1, 1, 1, 1, 1, 1, 1, 1, 1, 1, 1, 2, 1, 1, 1, 2, 1, 2, 1, 1, 1, 1, 1, 1, 1, 2, 1, 1, 1, 1, 1, 2, 1, 2, 1, 1, 2, 1, 1, 1, 1, 1, 1, 1, 1, 1, 1, 1, 1, 1, 2, 1, 2, 2, 1, 1, 1, 1, 1, 2, 1, 1, 1, 1, 1, 1, 1, 2, 1, 1, 1, 2, 2, 2, 1, 1, 1, 1, 2, 1, 1, 1, 1, 2, 1, 1, 1, 1, 2, 1, 1, 1, 1, 3, 2, 1, 1, 2, 1]","[0, 0, 1, 0, 1, 0, 0, 0, 0, 0, 0, 0, 0, 0, 0, 0, 1, 0, 0, 0, 1, 0, 1, 0, 0, 0, 0, 0, 0, 0, 1, 0, 0, 0, 0, 0, 1, 0, 1, 0, 0, 1, 0, 0, 0, 0, 0, 0, 0, 0, 0, 0, 0, 0, 0, 1, 0, 1, 1, 0, 0, 0, 0, 0, 1, 0, 0, 0, 0, 0, 0, 0, 1, 0, 0, 0, 1, 1, 1, 0, 0, 0, 0, 1, 0, 0, 0, 0, 1, 0, 0, 0, 0, 1, 0, 0, 0, 0, 2, 1, 0, 0, 1, 0]","[1, 1, 2, 1, 2, 1, 1, 1, 1, 1, 1, 1, 1, 1, 1, 1, 2, 1, 1, 1, 2, 1, 2, 1, 1, 1, 1, 1, 1, 1, 2, 1, 1, 1, 1, 1, 2, 1, 2, 1, 1, 2, 1, 1, 1, 1, 1, 1, 1, 1, 1, 1, 1, 1, 1, 2, 1, 2, 2, 1, 1, 1, 1, 1, 2, 1, 1, 1, 1, 1, 1, 1, 2, 1, 1, 1, 2, 2, 2, 1, 1, 1, 1, 2, 1, 1, 1, 1, 2, 1, 1, 1, 1, 2, 1, 1, 1, 1, 3, 2, 1, 1, 2, 1]",128,104,26,False,1
T4_D4,101,1.1959,"[1, 1, 1, 1, 1, 1, 1, 1, 1, 1, 1, 1, 1, 1, 1, 2, 1, 2, 1, 2, 1, 1, 1, 1, 2, 1, 1, 1, 1, 1, 1, 1, 1, 1, 1, 1, 1, 2, 2, 1, 2, 1, 3, 1, 1, 1, 1, 1, 1, 1, 1, 1, 2, 1, 1, 1, 1, 1, 1, 1, 1, 2, 1, 1, 1, 1, 1, 1, 1, 2, 1, 1, 2, 1, 2, 1, 1, 1, 3, 1, 1, 1, 1, 1, 2, 1, 2, 1, 1, 1, 1, 2, 1, 1, 1, 1, 1]","[0, 0, 0, 0, 0, 0, 0, 0, 0, 0, 0, 0, 0, 0, 0, 1, 0, 1, 0, 1, 0, 0, 0, 0, 1, 0, 0, 0, 0, 0, 0, 0, 0, 0, 0, 0, 0, 1, 1, 0, 1, 0, 2, 0, 0, 0, 0, 0, 0, 0, 0, 0, 1, 0, 0, 0, 0, 0, 0, 0, 0, 1, 0, 0, 0, 0, 0, 0, 0, 1, 0, 0, 1, 0, 1, 0, 0, 0, 2, 0, 0, 0, 0, 0, 1, 0, 1, 0, 0, 0, 0, 1, 0, 0, 0, 0, 0]","[1, 1, 1, 1, 1, 1, 1, 1, 1, 1, 1, 1, 1, 1, 1, 2, 1, 2, 1, 2, 1, 1, 1, 1, 2, 1, 1, 1, 1, 1, 1, 1, 1, 1, 1, 1, 1, 2, 2, 1, 2, 1, 3, 1, 1, 1, 1, 1, 1, 1, 1, 1, 2, 1, 1, 1, 1, 1, 1, 1, 1, 2, 1, 1, 1, 1, 1, 1, 1, 2, 1, 1, 2, 1, 2, 1, 1, 1, 3, 1, 1, 1, 1, 1, 2, 1, 2, 1, 1, 1, 1, 2, 1, 1, 1, 1, 1]",116,97,26,False,4
T4_D4,102,1.1636,"[1, 1, 1, 1, 1, 1, 1, 1, 1, 1, 1, 2, 1, 1, 1, 1, 1, 1, 1, 1, 1, 1, 1, 1, 1, 1, 2, 1, 1, 1, 1, 1, 1, 1, 1, 1, 2, 1, 1, 2, 1, 2, 1, 1, 1, 2, 1, 1, 1, 1, 1, 1, 1, 1, 1, 2, 1, 1, 1, 1, 2, 2, 1, 1, 1, 2, 1, 1, 1, 1, 2, 1, 1, 2, 2, 1, 1, 1, 1, 2, 1, 1, 1, 2, 1, 1, 1, 1, 1, 1, 1, 1, 1, 1, 2, 1, 1, 2, 1, 1, 1, 1, 1, 1, 1, 1, 1, 1, 1, 2]","[0, 0, 0, 0, 0, 0, 0, 0, 0, 0, 0, 1, 0, 0, 0, 0, 0, 0, 0, 0, 0, 0, 0, 0, 0, 0, 1, 0, 0, 0, 0, 0, 0, 0, 0, 0, 1, 0, 0, 1, 0, 1, 0, 0, 0, 1, 0, 0, 0, 0, 0, 0, 0, 0, 0, 1, 0, 0, 0, 0, 1, 1, 0, 0, 0, 1, 0, 0, 0, 0, 1, 0, 0, 1, 1, 0, 0, 0, 0, 1, 0, 0, 0, 1, 0, 0, 0, 0, 0, 0, 0, 0, 0, 0, 1, 0, 0, 1, 0, 0, 0, 0, 0, 0, 0, 0, 0, 0, 0, 1]","[1, 1, 1, 1, 1, 1, 1, 1, 1, 1, 1, 2, 1, 1, 1, 1, 1, 1, 1, 1, 1, 1, 1, 1, 1, 1, 2, 1, 1, 1, 1, 1, 1, 1, 1, 1, 2, 1, 1, 2, 1, 2, 1, 1, 1, 2, 1, 1, 1, 1, 1, 1, 1, 1, 1, 2, 1, 1, 1, 1, 2, 2, 1, 1, 1, 2, 1, 1, 1, 1, 2, 1, 1, 2, 2, 1, 1, 1, 1, 2, 1, 1, 1, 2, 1, 1, 1, 1, 1, 1, 1, 1, 1, 1, 2, 1, 1, 2, 1, 1, 1, 1, 1, 1, 1, 1, 1, 1, 1, 2]",128,110,26,False,5
T4_D4,103,1.1852,"[1, 1, 1, 1, 1, 1, 1, 1, 1, 1, 1, 1, 1, 1, 2, 1, 2, 2, 1, 1, 1, 2, 1, 1, 1, 1, 1, 1, 2, 1, 1, 2, 1, 1, 1, 1, 1, 1, 2, 1, 1, 1, 2, 1, 2, 1, 1, 1, 1, 1, 1, 1, 2, 1, 2, 1, 1, 1, 1, 1, 1, 1, 1, 1, 1, 2, 1, 2, 1, 1, 1, 1, 2, 2, 1, 1, 1, 1, 1, 1, 1, 1, 1, 1, 1, 1, 2, 1, 1, 1, 1, 1, 1, 1, 1, 1, 1, 1, 2, 1, 1, 2, 1, 2, 1, 1, 1, 2]","[0, 0, 0, 0, 0, 0, 0, 0, 0, 0, 0, 0, 0, 0, 1, 0, 1, 1, 0, 0, 0, 1, 0, 0, 0, 0, 0, 0, 1, 0, 0, 1, 0, 0, 0, 0, 0, 0, 1, 0, 0, 0, 1, 0, 1, 0, 0, 0, 0, 0, 0, 0, 1, 0, 1, 0, 0, 0, 0, 0, 0, 0, 0, 0, 0, 1, 0, 1, 0, 0, 0, 0, 1, 1, 0, 0, 0, 0, 0, 0, 0, 0, 0, 0, 0, 0, 1, 0, 0, 0, 0, 0, 0, 0, 0, 0, 0, 0, 1, 0, 0, 1, 0, 1, 0, 0, 0, 1]","[1, 1, 1, 1, 1, 1, 1, 1, 1, 1, 1, 1, 1, 1, 2, 1, 2, 2, 1, 1, 1, 2, 1, 1, 1, 1, 1, 1, 2, 1, 1, 2, 1, 1, 1, 1, 1, 1, 2, 1, 1, 1, 2, 1, 2, 1, 1, 1, 1, 1, 1, 1, 2, 1, 2, 1, 1, 1, 1, 1, 1, 1, 1, 1, 1, 2, 1, 2, 1, 1, 1, 1, 2, 2, 1, 1, 1, 1, 1, 1, 1, 1, 1, 1, 1, 1, 2, 1, 1, 1, 1, 1, 1, 1, 1, 1, 1, 1, 2, 1, 1, 2, 1, 2, 1, 1, 1, 2]",128,108,26,False,22
T4_D4,104,1.2533,"[1, 1, 3, 1, 1, 1, 1, 2, 2, 1, 1, 1, 1, 1, 1, 1, 1, 2, 1, 1, 1, 2, 2, 1, 1, 1, 2, 2, 1, 1, 1, 1, 1, 1, 1, 2, 1, 1, 1, 2, 1, 1, 1, 1, 1, 2, 1, 2, 2, 1, 1, 1, 2, 2, 1, 1, 2, 1, 1, 1, 1, 1, 1, 1, 1, 1, 1, 1, 2, 2, 1, 1, 1, 1, 1]","[0, 0, 2, 0, 0, 0, 0, 1, 1, 0, 0, 0, 0, 0, 0, 0, 0, 1, 0, 0, 0, 1, 1, 0, 0, 0, 1, 1, 0, 0, 0, 0, 0, 0, 0, 1, 0, 0, 0, 1, 0, 0, 0, 0, 0, 1, 0, 1, 1, 0, 0, 0, 1, 1, 0, 0, 1, 0, 0, 0, 0, 0, 0, 0, 0, 0, 0, 0, 1, 1, 0, 0, 0, 0, 0]","[1, 1, 3, 1, 1, 1, 1, 2, 2, 1, 1, 1, 1, 1, 1, 1, 1, 2, 1, 1, 1, 2, 2, 1, 1, 1, 2, 2, 1, 1, 1, 1, 1, 1, 1, 2, 1, 1, 1, 2, 1, 1, 1, 1, 1, 2, 1, 2, 2, 1, 1, 1, 2, 2, 1, 1, 2, 1, 1, 1, 1, 1, 1, 1, 1, 1, 1, 1, 2, 2, 1, 1, 1, 1, 1]",94,75,26,False,9
T4_D4,105,1.3723,"[1, 1, 1, 1, 1, 1, 2, 2, 1, 1, 1, 1, 1, 2, 1, 2, 1, 1, 2, 1, 1, 1, 2, 1, 1, 1, 2, 1, 2, 1, 2, 1, 1, 1, 1, 1, 2, 1, 1, 2, 2, 2, 1, 2, 2, 1, 1, 1, 1, 1, 1, 2, 1, 2, 2, 2, 1, 2, 1, 1, 2, 2, 1, 1, 1, 2, 1, 1, 2, 1, 3, 1, 1, 1, 2, 1, 1, 2, 1, 1, 1, 1, 2, 2, 1, 3, 1, 2, 1, 1, 2, 1, 1, 2]","[0, 0, 0, 0, 0, 0, 1, 1, 0, 0, 0, 0, 0, 1, 0, 1, 0, 0, 1, 0, 0, 0, 1, 0, 0, 0, 1, 0, 1, 0, 1, 0, 0, 0, 0, 0, 1, 0, 0, 1, 1, 1, 0, 1, 1, 0, 0, 0, 0, 0, 0, 1, 0, 1, 1, 1, 0, 1, 0, 0, 1, 1, 0, 0, 0, 1, 0, 0, 1, 0, 2, 0, 0, 0, 1, 0, 0, 1, 0, 0, 0, 0, 1, 1, 0, 2, 0, 1, 0, 0, 1, 0, 0, 1]","[1, 1, 1, 1, 1, 1, 2, 2, 1, 1, 1, 1, 1, 2, 1, 2, 1, 1, 2, 1, 1, 1, 2, 1, 1, 1, 2, 1, 2, 1, 2, 1, 1, 1, 1, 1, 2, 1, 1, 2, 2, 2, 1, 2, 2, 1, 1, 1, 1, 1, 1, 2, 1, 2, 2, 2, 1, 2, 1, 1, 2, 2, 1, 1, 1, 2, 1, 1, 2, 1, 3, 1, 1, 1, 2, 1, 1, 2, 1, 1, 1, 1, 2, 2, 1, 3, 1, 2, 1, 1, 2, 1, 1, 2]",128,94,26,False,1
T4_D4,106,1.2073,"[1, 1, 1, 1, 1, 1, 1, 2, 2, 1, 1, 1, 2, 1, 2, 1, 1, 1, 2, 1, 1, 1, 1, 2, 1, 2, 1, 1, 2, 1, 1, 1, 2, 1, 1, 2, 1, 2, 1, 2, 1, 2, 1, 1, 1, 1, 1, 1, 1, 1, 1, 2, 1, 1, 1, 1, 1, 1, 1, 1, 1, 2, 1, 1, 1, 1, 1, 1, 1, 1, 1, 1, 1, 1, 2, 2, 1, 1, 1, 1, 1, 1]","[0, 0, 0, 0, 0, 0, 0, 1, 1, 0, 0, 0, 1, 0, 1, 0, 0, 0, 1, 0, 0, 0, 0, 1, 0, 1, 0, 0, 1, 0, 0, 0, 1, 0, 0, 1, 0, 1, 0, 1, 0, 1, 0, 0, 0, 0, 0, 0, 0, 0, 0, 1, 0, 0, 0, 0, 0, 0, 0, 0, 0, 1, 0, 0, 0, 0, 0, 0, 0, 0, 0, 0, 0, 0, 1, 1, 0, 0, 0, 0, 0, 0]","[1, 1, 1, 1, 1, 1, 1, 2, 2, 1, 1, 1, 2, 1, 2, 1, 1, 1, 2, 1, 1, 1, 1, 2, 1, 2, 1, 1, 2, 1, 1, 1, 2, 1, 1, 2, 1, 2, 1, 2, 1, 2, 1, 1, 1, 1, 1, 1, 1, 1, 1, 2, 1, 1, 1, 1, 1, 1, 1, 1, 1, 2, 1, 1, 1, 1, 1, 1, 1, 1, 1, 1, 1, 1, 2, 2, 1, 1, 1, 1, 1, 1]",99,82,26,False,10
T4_D4,107,1.1852,"[1, 1, 1, 1, 1, 1, 1, 1, 1, 1, 2, 1, 1, 1, 1, 1, 1, 2, 1, 2, 1, 1, 1, 1, 1, 1, 1, 2, 1, 1, 2, 1, 2, 1, 1, 1, 1, 1, 1, 1, 1, 1, 1, 1, 1, 1, 1, 1, 2, 2, 1, 1, 1, 2, 1, 1, 2, 1, 1, 1, 1, 1, 1, 1, 1, 2, 1, 1, 1, 1, 1, 1, 1, 2, 1, 1, 1, 1, 2, 2, 1, 1, 1, 2, 1, 1, 1, 1, 1, 1, 1, 3, 1, 1, 1, 2, 1, 1, 1, 2, 1, 1, 1, 1, 1, 1, 1, 2]","[0, 0, 0, 0, 0, 0, 0, 0, 0, 0, 1, 0, 0, 0, 0, 0, 0, 1, 0, 1, 0, 0, 0, 0, 0, 0, 0, 1, 0, 0, 1, 0, 1, 0, 0, 0, 0, 0, 0, 0, 0, 0, 0, 0, 0, 0, 0, 0, 1, 1, 0, 0, 0, 1, 0, 0, 1, 0, 0, 0, 0, 0, 0, 0, 0, 1, 0, 0, 0, 0, 0, 0, 0, 1, 0, 0, 0, 0, 1, 1, 0, 0, 0, 1, 0, 0, 0, 0, 0, 0, 0, 2, 0, 0, 0, 1, 0, 0, 0, 1, 0, 0, 0, 0, 0, 0, 0, 1]","[1, 1, 1, 1, 1, 1, 1, 1, 1, 1, 2, 1, 1, 1, 1, 1, 1, 2, 1, 2, 1, 1, 1, 1, 1, 1, 1, 2, 1, 1, 2, 1, 2, 1, 1, 1, 1, 1, 1, 1, 1, 1, 1, 1, 1, 1, 1, 1, 2, 2, 1, 1, 1, 2, 1, 1, 2, 1, 1, 1, 1, 1, 1, 1, 1, 2, 1, 1, 1, 1, 1, 1, 1, 2, 1, 1, 1, 1, 2, 2, 1, 1, 1, 2, 1, 1, 1, 1, 1, 1, 1, 3, 1, 1, 1, 2, 1, 1, 1, 2, 1, 1, 1, 1, 1, 1, 1, 2]",128,108,26,False,2
T4_D4,108,1.1754,"[1, 1, 1, 1, 1, 1, 1, 1, 1, 1, 1, 1, 1, 1, 1, 1, 1, 1, 1, 1, 1, 1, 1, 1, 1, 1, 1, 1, 2, 1, 2, 2, 2, 1, 1, 1, 1, 2, 2, 1, 1, 2, 1, 2, 1, 1, 1, 1, 1, 1, 2, 1, 1, 2, 1, 1, 1]","[0, 0, 0, 0, 0, 0, 0, 0, 0, 0, 0, 0, 0, 0, 0, 0, 0, 0, 0, 0, 0, 0, 0, 0, 0, 0, 0, 0, 1, 0, 1, 1, 1, 0, 0, 0, 0, 1, 1, 0, 0, 1, 0, 1, 0, 0, 0, 0, 0, 0, 1, 0, 0, 1, 0, 0, 0]","[1, 1, 1, 1, 1, 1, 1, 1, 1, 1, 1, 1, 1, 1, 1, 1, 1, 1, 1, 1, 1, 1, 1, 1, 1, 1, 1, 1, 2, 1, 2, 2, 2, 1, 1, 1, 1, 2, 2, 1, 1, 2, 1, 2, 1, 1, 1, 1, 1, 1, 2, 1, 1, 2, 1, 1, 1]",67,57,26,False,1
T4_D4,109,1.3163,"[1, 1, 1, 1, 1, 1, 1, 1, 1, 1, 1, 1, 1, 1, 2, 1, 1, 1, 2, 1, 1, 2, 1, 1, 2, 1, 1, 1, 2, 2, 2, 1, 1, 2, 2, 1, 1, 1, 2, 1, 1, 1, 2, 1, 1, 1, 2, 1, 1, 1, 2, 1, 2, 1, 1, 2, 1, 1, 1, 2, 1, 1, 1, 2, 1, 1, 1, 3, 1, 2, 2, 1, 2, 2, 1, 1, 1, 1, 2, 1, 3, 1, 1, 2, 1, 1, 1, 1, 2, 1, 1, 2, 1, 1, 1, 1, 2, 2]","[0, 0, 0, 0, 0, 0, 0, 0, 0, 0, 0, 0, 0, 0, 1, 0, 0, 0, 1, 0, 0, 1, 0, 0, 1, 0, 0, 0, 1, 1, 1, 0, 0, 1, 1, 0, 0, 0, 1, 0, 0, 0, 1, 0, 0, 0, 1, 0, 0, 0, 1, 0, 1, 0, 0, 1, 0, 0, 0, 1, 0, 0, 0, 1, 0, 0, 0, 2, 0, 1, 1, 0, 1, 1, 0, 0, 0, 0, 1, 0, 2, 0, 0, 1, 0, 0, 0, 0, 1, 0, 0, 1, 0, 0, 0, 0, 1, 1]","[1, 1, 1, 1, 1, 1, 1, 1, 1, 1, 1, 1, 1, 1, 2, 1, 1, 1, 2, 1, 1, 2, 1, 1, 2, 1, 1, 1, 2, 2, 2, 1, 1, 2, 2, 1, 1, 1, 2, 1, 1, 1, 2, 1, 1, 1, 2, 1, 1, 1, 2, 1, 2, 1, 1, 2, 1, 1, 1, 2, 1, 1, 1, 2, 1, 1, 1, 3, 1, 2, 2, 1, 2, 2, 1, 1, 1, 1, 2, 1, 3, 1, 1, 2, 1, 1, 1, 1, 2, 1, 1, 2, 1, 1, 1, 1, 2, 2]",128,98,26,False,4
T4_D4,110,1.28,"[1, 1, 1, 1, 1, 1, 1, 1, 1, 1, 1, 1, 2, 1, 1, 2, 1, 1, 1, 1, 1, 1, 1, 1, 1, 1, 1, 1, 1, 2, 1, 1, 1, 1, 2, 1, 1, 1, 1, 1, 1, 2, 2, 2, 1, 3, 2, 1, 1, 1, 1, 1, 2, 1, 1, 1, 1, 1, 3, 1, 1, 1, 1, 2, 3, 2, 1, 1, 1, 2, 2, 1, 1, 1, 1, 1, 1, 1, 1, 1, 1, 2, 1, 2, 1, 2, 1, 1, 3, 2, 1, 1, 1, 2, 1, 2, 2, 1, 1, 1]","[0, 0, 0, 0, 0, 0, 0, 0, 0, 0, 0, 0, 1, 0, 0, 1, 0, 0, 0, 0, 0, 0, 0, 0, 0, 0, 0, 0, 0, 1, 0, 0, 0, 0, 1, 0, 0, 0, 0, 0, 0, 1, 1, 1, 0, 2, 1, 0, 0, 0, 0, 0, 1, 0, 0, 0, 0, 0, 2, 0, 0, 0, 0, 1, 2, 1, 0, 0, 0, 1, 1, 0, 0, 0, 0, 0, 0, 0, 0, 0, 0, 1, 0, 1, 0, 1, 0, 0, 2, 1, 0, 0, 0, 1, 0, 1, 1, 0, 0, 0]","[1, 1, 1, 1, 1, 1, 1, 1, 1, 1, 1, 1, 2, 1, 1, 2, 1, 1, 1, 1, 1, 1, 1, 1, 1, 1, 1, 1, 1, 2, 1, 1, 1, 1, 2, 1, 1, 1, 1, 1, 1, 2, 2, 2, 1, 3, 2, 1, 1, 1, 1, 1, 2, 1, 1, 1, 1, 1, 3, 1, 1, 1, 1, 2, 3, 2, 1, 1, 1, 2, 2, 1, 1, 1, 1, 1, 1, 1, 1, 1, 1, 2, 1, 2, 1, 2, 1, 1, 3, 2, 1, 1, 1, 2, 1, 2, 2, 1, 1, 1]",128,100,26,False,1
T4_D4,111,1.3474,"[1, 1, 1, 1, 1, 1, 1, 1, 1, 1, 1, 2, 1, 1, 1, 2, 2, 2, 1, 1, 1, 1, 1, 1, 1, 1, 2, 2, 1, 1, 1, 1, 1, 1, 1, 2, 1, 2, 2, 1, 1, 2, 1, 1, 1, 2, 1, 1, 1, 1, 1, 2, 2, 1, 2, 1, 2, 1, 1, 2, 1, 1, 2, 2, 3, 1, 1, 3, 1, 3, 1, 2, 1, 2, 2, 2, 1, 2, 1, 1, 1, 2, 1, 1, 1, 1, 1, 1, 1, 2, 1, 2, 2, 1, 1]","[0, 0, 0, 0, 0, 0, 0, 0, 0, 0, 0, 1, 0, 0, 0, 1, 1, 1, 0, 0, 0, 0, 0, 0, 0, 0, 1, 1, 0, 0, 0, 0, 0, 0, 0, 1, 0, 1, 1, 0, 0, 1, 0, 0, 0, 1, 0, 0, 0, 0, 0, 1, 1, 0, 1, 0, 1, 0, 0, 1, 0, 0, 1, 1, 2, 0, 0, 2, 0, 2, 0, 1, 0, 1, 1, 1, 0, 1, 0, 0, 0, 1, 0, 0, 0, 0, 0, 0, 0, 1, 0, 1, 1, 0, 0]","[1, 1, 1, 1, 1, 1, 1, 1, 1, 1, 1, 2, 1, 1, 1, 2, 2, 2, 1, 1, 1, 1, 1, 1, 1, 1, 2, 2, 1, 1, 1, 1, 1, 1, 1, 2, 1, 2, 2, 1, 1, 2, 1, 1, 1, 2, 1, 1, 1, 1, 1, 2, 2, 1, 2, 1, 2, 1, 1, 2, 1, 1, 2, 2, 3, 1, 1, 3, 1, 3, 1, 2, 1, 2, 2, 2, 1, 2, 1, 1, 1, 2, 1, 1, 1, 1, 1, 1, 1, 2, 1, 2, 2, 1, 1]",128,95,26,False,7
T4_D4,112,1.3061,"[1, 1, 1, 1, 1, 1, 1, 1, 2, 2, 1, 1, 2, 1, 1, 1, 1, 2, 1, 2, 3, 1, 2, 1, 2, 1, 1, 2, 1, 2, 1, 1, 1, 1, 1, 1, 2, 2, 1, 2, 1, 3, 1, 1, 1, 1, 2, 2, 1, 1, 1, 1, 1, 1, 1, 2, 1, 1, 2, 1, 1, 1, 1, 2, 1, 1, 1, 1, 1, 1, 1, 1, 2, 2, 1, 1, 2, 1, 2, 1, 2, 1, 1, 1, 1, 1, 1, 2, 1, 2, 1, 1, 1, 1, 1, 2, 1, 2]","[0, 0, 0, 0, 0, 0, 0, 0, 1, 1, 0, 0, 1, 0, 0, 0, 0, 1, 0, 1, 2, 0, 1, 0, 1, 0, 0, 1, 0, 1, 0, 0, 0, 0, 0, 0, 1, 1, 0, 1, 0, 2, 0, 0, 0, 0, 1, 1, 0, 0, 0, 0, 0, 0, 0, 1, 0, 0, 1, 0, 0, 0, 0, 1, 0, 0, 0, 0, 0, 0, 0, 0, 1, 1, 0, 0, 1, 0, 1, 0, 1, 0, 0, 0, 0, 0, 0, 1, 0, 1, 0, 0, 0, 0, 0, 1, 0, 1]","[1, 1, 1, 1, 1, 1, 1, 1, 2, 2, 1, 1, 2, 1, 1, 1, 1, 2, 1, 2, 3, 1, 2, 1, 2, 1, 1, 2, 1, 2, 1, 1, 1, 1, 1, 1, 2, 2, 1, 2, 1, 3, 1, 1, 1, 1, 2, 2, 1, 1, 1, 1, 1, 1, 1, 2, 1, 1, 2, 1, 1, 1, 1, 2, 1, 1, 1, 1, 1, 1, 1, 1, 2, 2, 1, 1, 2, 1, 2, 1, 2, 1, 1, 1, 1, 1, 1, 2, 1, 2, 1, 1, 1, 1, 1, 2, 1, 2]",128,98,26,False,1
T4_D4,113,1.3333,"[1, 1, 1, 1, 1, 1, 1, 1, 2, 1, 1, 2, 1, 1, 2, 1, 1, 1, 1, 2, 1, 1, 1, 1, 1, 2, 1, 2, 1, 2, 2, 2, 1, 1, 1, 2, 1, 1, 1, 1, 2, 1, 2, 1, 1, 2, 1, 2, 2, 1, 1, 1, 1, 1, 1, 2, 2, 1, 2, 1, 1, 1, 1, 2, 1, 2, 1, 1, 1, 2, 1, 1, 1, 2, 1, 2, 1, 2, 1, 1, 2, 1, 2, 2, 1, 1, 2, 1, 2, 1, 1, 3, 1, 1, 2, 1]","[0, 0, 0, 0, 0, 0, 0, 0, 1, 0, 0, 1, 0, 0, 1, 0, 0, 0, 0, 1, 0, 0, 0, 0, 0, 1, 0, 1, 0, 1, 1, 1, 0, 0, 0, 1, 0, 0, 0, 0, 1, 0, 1, 0, 0, 1, 0, 1, 1, 0, 0, 0, 0, 0, 0, 1, 1, 0, 1, 0, 0, 0, 0, 1, 0, 1, 0, 0, 0, 1, 0, 0, 0, 1, 0, 1, 0, 1, 0, 0, 1, 0, 1, 1, 0, 0, 1, 0, 1, 0, 0, 2, 0, 0, 1, 0]","[1, 1, 1, 1, 1, 1, 1, 1, 2, 1, 1, 2, 1, 1, 2, 1, 1, 1, 1, 2, 1, 1, 1, 1, 1, 2, 1, 2, 1, 2, 2, 2, 1, 1, 1, 2, 1, 1, 1, 1, 2, 1, 2, 1, 1, 2, 1, 2, 2, 1, 1, 1, 1, 1, 1, 2, 2, 1, 2, 1, 1, 1, 1, 2, 1, 2, 1, 1, 1, 2, 1, 1, 1, 2, 1, 2, 1, 2, 1, 1, 2, 1, 2, 2, 1, 1, 2, 1, 2, 1, 1, 3, 1, 1, 2, 1]",128,96,26,False,21
T4_D4,114,1.3333,"[1, 1, 1, 1, 1, 1, 1, 1, 1, 1, 2, 1, 1, 1, 1, 1, 1, 1, 1, 2, 1, 1, 2, 2, 1, 1, 2, 1, 2, 1, 1, 2, 2, 1, 1, 1, 1, 1, 1, 1, 2, 2, 3, 1, 1, 1, 2, 1, 1, 1, 2, 1, 1, 1, 1, 1, 1, 1, 2, 1, 1, 1, 1, 1, 1, 2, 1, 3, 1, 2, 1, 1, 1, 1, 2, 1, 1, 2, 2, 2, 1, 2, 1, 1, 2, 3, 3, 3, 1, 1, 2, 1, 1, 1, 1, 1]","[0, 0, 0, 0, 0, 0, 0, 0, 0, 0, 1, 0, 0, 0, 0, 0, 0, 0, 0, 1, 0, 0, 1, 1, 0, 0, 1, 0, 1, 0, 0, 1, 1, 0, 0, 0, 0, 0, 0, 0, 1, 1, 2, 0, 0, 0, 1, 0, 0, 0, 1, 0, 0, 0, 0, 0, 0, 0, 1, 0, 0, 0, 0, 0, 0, 1, 0, 2, 0, 1, 0, 0, 0, 0, 1, 0, 0, 1, 1, 1, 0, 1, 0, 0, 1, 2, 2, 2, 0, 0, 1, 0, 0, 0, 0, 0]","[1, 1, 1, 1, 1, 1, 1, 1, 1, 1, 2, 1, 1, 1, 1, 1, 1, 1, 1, 2, 1, 1, 2, 2, 1, 1, 2, 1, 2, 1, 1, 2, 2, 1, 1, 1, 1, 1, 1, 1, 2, 2, 3, 1, 1, 1, 2, 1, 1, 1, 2, 1, 1, 1, 1, 1, 1, 1, 2, 1, 1, 1, 1, 1, 1, 2, 1, 3, 1, 2, 1, 1, 1, 1, 2, 1, 1, 2, 2, 2, 1, 2, 1, 1, 2, 3, 3, 3, 1, 1, 2, 1, 1, 1, 1, 1]",128,96,26,False,15
T4_D4,115,1.2621,"[1, 1, 1, 1, 1, 1, 1, 1, 1, 1, 1, 1, 1, 2, 1, 1, 2, 1, 2, 1, 2, 2, 1, 1, 1, 2, 1, 2, 1, 1, 2, 2, 1, 1, 1, 2, 1, 1, 1, 1, 1, 2, 1, 2, 1, 1, 2, 1, 1, 1, 1, 2, 2, 1, 1, 1, 1, 1, 1, 1, 1, 1, 1, 1, 1, 1, 1, 1, 1, 1, 1, 1, 2, 1, 2, 1, 1, 2, 1, 2, 1, 1, 1, 2, 1, 1, 1, 1, 1, 2, 2, 2, 1, 1, 2, 1, 1, 2, 1, 1, 1, 1, 3]","[0, 0, 0, 0, 0, 0, 0, 0, 0, 0, 0, 0, 0, 1, 0, 0, 1, 0, 1, 0, 1, 1, 0, 0, 0, 1, 0, 1, 0, 0, 1, 1, 0, 0, 0, 1, 0, 0, 0, 0, 0, 1, 0, 1, 0, 0, 1, 0, 0, 0, 0, 1, 1, 0, 0, 0, 0, 0, 0, 0, 0, 0, 0, 0, 0, 0, 0, 0, 0, 0, 0, 0, 1, 0, 1, 0, 0, 1, 0, 1, 0, 0, 0, 1, 0, 0, 0, 0, 0, 1, 1, 1, 0, 0, 1, 0, 0, 1, 0, 0, 0, 0, 2]","[1, 1, 1, 1, 1, 1, 1, 1, 1, 1, 1, 1, 1, 2, 1, 1, 2, 1, 2, 1, 2, 2, 1, 1, 1, 2, 1, 2, 1, 1, 2, 2, 1, 1, 1, 2, 1, 1, 1, 1, 1, 2, 1, 2, 1, 1, 2, 1, 1, 1, 1, 2, 2, 1, 1, 1, 1, 1, 1, 1, 1, 1, 1, 1, 1, 1, 1, 1, 1, 1, 1, 1, 2, 1, 2, 1, 1, 2, 1, 2, 1, 1, 1, 2, 1, 1, 1, 1, 1, 2, 2, 2, 1, 1, 2, 1, 1, 2, 1, 1, 1, 1, 3]",128,103,26,False,7
T4_D4,116,1.1743,"[1, 1, 1, 1, 1, 1, 1, 2, 1, 1, 1, 2, 1, 1, 1, 1, 2, 1, 1, 1, 1, 2, 1, 1, 1, 2, 2, 1, 1, 2, 1, 1, 1, 1, 1, 1, 2, 1, 1, 1, 1, 1, 1, 1, 1, 1, 1, 2, 1, 1, 1, 1, 1, 1, 2, 2, 1, 1, 1, 1, 1, 1, 1, 1, 1, 1, 1, 1, 1, 1, 1, 1, 1, 1, 1, 1, 1, 1, 1, 1, 1, 2, 1, 1, 2, 1, 1, 1, 1, 2, 2, 2, 1, 1, 1, 1, 1, 2, 1, 1, 1, 1, 1, 2, 1, 1, 2, 1, 1]","[0, 0, 0, 0, 0, 0, 0, 1, 0, 0, 0, 1, 0, 0, 0, 0, 1, 0, 0, 0, 0, 1, 0, 0, 0, 1, 1, 0, 0, 1, 0, 0, 0, 0, 0, 0, 1, 0, 0, 0, 0, 0, 0, 0, 0, 0, 0, 1, 0, 0, 0, 0, 0, 0, 1, 1, 0, 0, 0, 0, 0, 0, 0, 0, 0, 0, 0, 0, 0, 0, 0, 0, 0, 0, 0, 0, 0, 0, 0, 0, 0, 1, 0, 0, 1, 0, 0, 0, 0, 1, 1, 1, 0, 0, 0, 0, 0, 1, 0, 0, 0, 0, 0, 1, 0, 0, 1, 0, 0]","[1, 1, 1, 1, 1, 1, 1, 2, 1, 1, 1, 2, 1, 1, 1, 1, 2, 1, 1, 1, 1, 2, 1, 1, 1, 2, 2, 1, 1, 2, 1, 1, 1, 1, 1, 1, 2, 1, 1, 1, 1, 1, 1, 1, 1, 1, 1, 2, 1, 1, 1, 1, 1, 1, 2, 2, 1, 1, 1, 1, 1, 1, 1, 1, 1, 1, 1, 1, 1, 1, 1, 1, 1, 1, 1, 1, 1, 1, 1, 1, 1, 2, 1, 1, 2, 1, 1, 1, 1, 2, 2, 2, 1, 1, 1, 1, 1, 2, 1, 1, 1, 1, 1, 2, 1, 1, 2, 1, 1]",128,109,26,False,20
T4_D4,117,1.3452,"[1, 1, 2, 1, 2, 1, 1, 2, 1, 1, 1, 1, 2, 1, 2, 1, 1, 1, 1, 1, 1, 1, 1, 2, 1, 1, 1, 2, 3, 1, 1, 2, 1, 1, 1, 2, 1, 3, 1, 2, 1, 1, 1, 2, 1, 1, 1, 1, 2, 1, 1, 1, 1, 1, 2, 1, 1, 1, 1, 3, 3, 1, 1, 1, 2, 2, 1, 3, 1, 2, 1, 1, 1, 1, 1, 1, 1, 1, 2, 1, 2, 2, 1, 1]","[0, 0, 1, 0, 1, 0, 0, 1, 0, 0, 0, 0, 1, 0, 1, 0, 0, 0, 0, 0, 0, 0, 0, 1, 0, 0, 0, 1, 2, 0, 0, 1, 0, 0, 0, 1, 0, 2, 0, 1, 0, 0, 0, 1, 0, 0, 0, 0, 1, 0, 0, 0, 0, 0, 1, 0, 0, 0, 0, 2, 2, 0, 0, 0, 1, 1, 0, 2, 0, 1, 0, 0, 0, 0, 0, 0, 0, 0, 1, 0, 1, 1, 0, 0]","[1, 1, 2, 1, 2, 1, 1, 2, 1, 1, 1, 1, 2, 1, 2, 1, 1, 1, 1, 1, 1, 1, 1, 2, 1, 1, 1, 2, 3, 1, 1, 2, 1, 1, 1, 2, 1, 3, 1, 2, 1, 1, 1, 2, 1, 1, 1, 1, 2, 1, 1, 1, 1, 1, 2, 1, 1, 1, 1, 3, 3, 1, 1, 1, 2, 2, 1, 3, 1, 2, 1, 1, 1, 1, 1, 1, 1, 1, 2, 1, 2, 2, 1, 1]",113,84,26,False,1
T4_D4,118,1.29,"[1, 1, 1, 1, 1, 1, 1, 1, 1, 1, 1, 1, 1, 2, 1, 1, 1, 1, 1, 2, 2, 1, 2, 1, 1, 2, 2, 1, 1, 2, 1, 2, 2, 1, 1, 1, 2, 2, 1, 1, 1, 1, 1, 1, 1, 1, 1, 2, 1, 1, 1, 1, 2, 2, 1, 1, 1, 1, 1, 2, 3, 1, 2, 3, 1, 1, 2, 1, 2, 1, 1, 2, 1, 1, 2, 2, 1, 1, 1, 1, 1, 1, 1, 2, 1, 1, 1, 1, 2, 1, 1, 2, 1, 1, 1, 1, 1, 1, 1, 2]","[0, 0, 0, 0, 0, 0, 0, 0, 0, 0, 0, 0, 0, 1, 0, 0, 0, 0, 0, 1, 1, 0, 1, 0, 0, 1, 1, 0, 0, 1, 0, 1, 1, 0, 0, 0, 1, 1, 0, 0, 0, 0, 0, 0, 0, 0, 0, 1, 0, 0, 0, 0, 1, 1, 0, 0, 0, 0, 0, 1, 2, 0, 1, 2, 0, 0, 1, 0, 1, 0, 0, 1, 0, 0, 1, 1, 0, 0, 0, 0, 0, 0, 0, 1, 0, 0, 0, 0, 1, 0, 0, 1, 0, 0, 0, 0, 0, 0, 0, 1]","[1, 1, 1, 1, 1, 1, 1, 1, 1, 1, 1, 1, 1, 2, 1, 1, 1, 1, 1, 2, 2, 1, 2, 1, 1, 2, 2, 1, 1, 2, 1, 2, 2, 1, 1, 1, 2, 2, 1, 1, 1, 1, 1, 1, 1, 1, 1, 2, 1, 1, 1, 1, 2, 2, 1, 1, 1, 1, 1, 2, 3, 1, 2, 3, 1, 1, 2, 1, 2, 1, 1, 2, 1, 1, 2, 2, 1, 1, 1, 1, 1, 1, 1, 2, 1, 1, 1, 1, 2, 1, 1, 2, 1, 1, 1, 1, 1, 1, 1, 2]",128,100,26,False,7
T4_D4,119,1.2929,"[1, 1, 1, 1, 1, 1, 1, 1, 1, 1, 1, 1, 1, 1, 2, 1, 2, 1, 2, 1, 2, 1, 1, 1, 1, 1, 2, 1, 1, 1, 1, 2, 1, 1, 1, 1, 2, 1, 1, 2, 1, 1, 2, 3, 1, 1, 2, 1, 1, 1, 1, 2, 1, 1, 2, 2, 1, 2, 1, 1, 1, 1, 1, 1, 2, 1, 1, 2, 1, 1, 1, 2, 2, 1, 1, 2, 1, 2, 1, 2, 1, 1, 2, 1, 1, 1, 1, 2, 2, 1, 1, 2, 1, 1, 2, 1, 1, 2, 1]","[0, 0, 0, 0, 0, 0, 0, 0, 0, 0, 0, 0, 0, 0, 1, 0, 1, 0, 1, 0, 1, 0, 0, 0, 0, 0, 1, 0, 0, 0, 0, 1, 0, 0, 0, 0, 1, 0, 0, 1, 0, 0, 1, 2, 0, 0, 1, 0, 0, 0, 0, 1, 0, 0, 1, 1, 0, 1, 0, 0, 0, 0, 0, 0, 1, 0, 0, 1, 0, 0, 0, 1, 1, 0, 0, 1, 0, 1, 0, 1, 0, 0, 1, 0, 0, 0, 0, 1, 1, 0, 0, 1, 0, 0, 1, 0, 0, 1, 0]","[1, 1, 1, 1, 1, 1, 1, 1, 1, 1, 1, 1, 1, 1, 2, 1, 2, 1, 2, 1, 2, 1, 1, 1, 1, 1, 2, 1, 1, 1, 1, 2, 1, 1, 1, 1, 2, 1, 1, 2, 1, 1, 2, 3, 1, 1, 2, 1, 1, 1, 1, 2, 1, 1, 2, 2, 1, 2, 1, 1, 1, 1, 1, 1, 2, 1, 1, 2, 1, 1, 1, 2, 2, 1, 1, 2, 1, 2, 1, 2, 1, 1, 2, 1, 1, 1, 1, 2, 2, 1, 1, 2, 1, 1, 2, 1, 1, 2, 1]",128,99,26,False,13
T4_D4,120,1.2143,"[1, 1, 2, 1, 1, 1, 2, 1, 2, 1, 1, 1, 1, 1, 1, 1, 1, 1, 1, 1, 1, 1, 1, 2, 1, 1, 2, 1, 1, 2, 1, 1, 1, 2, 1, 1, 1, 1, 1, 1, 1, 1, 1, 1, 1, 1, 1, 1, 1, 1, 1, 3, 1, 1, 2, 2, 1, 1, 2, 1, 2, 2, 1, 1, 1, 1, 1, 2, 1, 1, 1, 1, 1, 1, 1, 1, 1, 1, 2, 2, 1, 2, 1, 1]","[0, 0, 1, 0, 0, 0, 1, 0, 1, 0, 0, 0, 0, 0, 0, 0, 0, 0, 0, 0, 0, 0, 0, 1, 0, 0, 1, 0, 0, 1, 0, 0, 0, 1, 0, 0, 0, 0, 0, 0, 0, 0, 0, 0, 0, 0, 0, 0, 0, 0, 0, 2, 0, 0, 1, 1, 0, 0, 1, 0, 1, 1, 0, 0, 0, 0, 0, 1, 0, 0, 0, 0, 0, 0, 0, 0, 0, 0, 1, 1, 0, 1, 0, 0]","[1, 1, 2, 1, 1, 1, 2, 1, 2, 1, 1, 1, 1, 1, 1, 1, 1, 1, 1, 1, 1, 1, 1, 2, 1, 1, 2, 1, 1, 2, 1, 1, 1, 2, 1, 1, 1, 1, 1, 1, 1, 1, 1, 1, 1, 1, 1, 1, 1, 1, 1, 3, 1, 1, 2, 2, 1, 1, 2, 1, 2, 2, 1, 1, 1, 1, 1, 2, 1, 1, 1, 1, 1, 1, 1, 1, 1, 1, 2, 2, 1, 2, 1, 1]",102,84,26,False,7
T4_D4,121,1.2549,"[1, 1, 1, 1, 1, 1, 1, 2, 1, 2, 2, 1, 1, 2, 1, 1, 1, 1, 1, 1, 2, 1, 2, 1, 1, 2, 1, 2, 1, 1, 2, 1, 2, 1, 1, 1, 1, 1, 1, 2, 1, 2, 1, 1, 1, 1, 2, 1, 1, 1, 1, 2, 2, 1, 2, 1, 1, 2, 2, 1, 1, 1, 2, 1, 1, 1, 1, 1, 1, 1, 1, 2, 2, 1, 1, 2, 1, 2, 1, 1, 1, 2, 1, 1, 2, 2, 1, 1, 1, 1, 1, 1, 1, 1, 1, 1, 1, 1, 1, 1, 1, 1]","[0, 0, 0, 0, 0, 0, 0, 1, 0, 1, 1, 0, 0, 1, 0, 0, 0, 0, 0, 0, 1, 0, 1, 0, 0, 1, 0, 1, 0, 0, 1, 0, 1, 0, 0, 0, 0, 0, 0, 1, 0, 1, 0, 0, 0, 0, 1, 0, 0, 0, 0, 1, 1, 0, 1, 0, 0, 1, 1, 0, 0, 0, 1, 0, 0, 0, 0, 0, 0, 0, 0, 1, 1, 0, 0, 1, 0, 1, 0, 0, 0, 1, 0, 0, 1, 1, 0, 0, 0, 0, 0, 0, 0, 0, 0, 0, 0, 0, 0, 0, 0, 0]","[1, 1, 1, 1, 1, 1, 1, 2, 1, 2, 2, 1, 1, 2, 1, 1, 1, 1, 1, 1, 2, 1, 2, 1, 1, 2, 1, 2, 1, 1, 2, 1, 2, 1, 1, 1, 1, 1, 1, 2, 1, 2, 1, 1, 1, 1, 2, 1, 1, 1, 1, 2, 2, 1, 2, 1, 1, 2, 2, 1, 1, 1, 2, 1, 1, 1, 1, 1, 1, 1, 1, 2, 2, 1, 1, 2, 1, 2, 1, 1, 1, 2, 1, 1, 2, 2, 1, 1, 1, 1, 1, 1, 1, 1, 1, 1, 1, 1, 1, 1, 1, 1]",128,102,26,False,46
T4_D4,122,1.28,"[1, 1, 2, 1, 1, 1, 2, 1, 1, 1, 2, 1, 1, 2, 1, 2, 1, 1, 2, 2, 1, 1, 1, 1, 1, 1, 2, 2, 1, 1, 1, 1, 2, 1, 1, 1, 1, 1, 2, 1, 1, 1, 1, 2, 2, 2, 1, 2, 1, 3, 1, 1, 1, 1, 1, 1, 2, 1, 1, 1, 1, 1, 1, 1, 2, 1, 3, 1, 1, 1, 1, 1, 1, 2, 1, 1, 1, 1, 1, 2, 1, 1, 2, 1, 1, 1, 1, 1, 1, 1, 2, 1, 1, 1, 2, 2, 1, 1, 1, 2]","[0, 0, 1, 0, 0, 0, 1, 0, 0, 0, 1, 0, 0, 1, 0, 1, 0, 0, 1, 1, 0, 0, 0, 0, 0, 0, 1, 1, 0, 0, 0, 0, 1, 0, 0, 0, 0, 0, 1, 0, 0, 0, 0, 1, 1, 1, 0, 1, 0, 2, 0, 0, 0, 0, 0, 0, 1, 0, 0, 0, 0, 0, 0, 0, 1, 0, 2, 0, 0, 0, 0, 0, 0, 1, 0, 0, 0, 0, 0, 1, 0, 0, 1, 0, 0, 0, 0, 0, 0, 0, 1, 0, 0, 0, 1, 1, 0, 0, 0, 1]","[1, 1, 2, 1, 1, 1, 2, 1, 1, 1, 2, 1, 1, 2, 1, 2, 1, 1, 2, 2, 1, 1, 1, 1, 1, 1, 2, 2, 1, 1, 1, 1, 2, 1, 1, 1, 1, 1, 2, 1, 1, 1, 1, 2, 2, 2, 1, 2, 1, 3, 1, 1, 1, 1, 1, 1, 2, 1, 1, 1, 1, 1, 1, 1, 2, 1, 3, 1, 1, 1, 1, 1, 1, 2, 1, 1, 1, 1, 1, 2, 1, 1, 2, 1, 1, 1, 1, 1, 1, 1, 2, 1, 1, 1, 2, 2, 1, 1, 1, 2]",128,100,26,False,21
T4_D4,123,1.28,"[1, 1, 4, 1, 1, 2, 2, 1, 1, 1, 1, 1, 1, 1, 1, 2, 2, 1, 3, 2, 1, 1, 1, 2, 1, 1, 1, 1, 1, 1, 1, 1, 1, 1, 1, 1, 1, 2, 2, 1, 1, 1, 2, 1, 1, 1, 2, 1, 1, 1, 2, 1, 1, 1, 1, 1, 1, 1, 1, 2, 1, 2, 1, 1, 1, 1, 1, 1, 1, 2, 2, 1, 1, 1, 1, 1, 1, 1, 1, 2, 1, 1, 1, 1, 1, 2, 1, 1, 1, 1, 2, 1, 2, 1, 1, 1, 2, 2, 3, 1]","[0, 0, 3, 0, 0, 1, 1, 0, 0, 0, 0, 0, 0, 0, 0, 1, 1, 0, 2, 1, 0, 0, 0, 1, 0, 0, 0, 0, 0, 0, 0, 0, 0, 0, 0, 0, 0, 1, 1, 0, 0, 0, 1, 0, 0, 0, 1, 0, 0, 0, 1, 0, 0, 0, 0, 0, 0, 0, 0, 1, 0, 1, 0, 0, 0, 0, 0, 0, 0, 1, 1, 0, 0, 0, 0, 0, 0, 0, 0, 1, 0, 0, 0, 0, 0, 1, 0, 0, 0, 0, 1, 0, 1, 0, 0, 0, 1, 1, 2, 0]","[1, 1, 4, 1, 1, 2, 2, 1, 1, 1, 1, 1, 1, 1, 1, 2, 2, 1, 3, 2, 1, 1, 1, 2, 1, 1, 1, 1, 1, 1, 1, 1, 1, 1, 1, 1, 1, 2, 2, 1, 1, 1, 2, 1, 1, 1, 2, 1, 1, 1, 2, 1, 1, 1, 1, 1, 1, 1, 1, 2, 1, 2, 1, 1, 1, 1, 1, 1, 1, 2, 2, 1, 1, 1, 1, 1, 1, 1, 1, 2, 1, 1, 1, 1, 1, 2, 1, 1, 1, 1, 2, 1, 2, 1, 1, 1, 2, 2, 3, 1]",128,100,26,False,14
T4_D4,124,1.2549,"[1, 1, 1, 1, 1, 1, 1, 1, 2, 1, 1, 1, 1, 1, 1, 1, 1, 1, 1, 2, 2, 1, 1, 1, 1, 1, 1, 1, 1, 2, 1, 1, 2, 1, 2, 2, 1, 2, 1, 1, 1, 2, 1, 2, 2, 1, 2, 1, 2, 1, 1, 1, 1, 1, 1, 1, 1, 1, 1, 1, 1, 2, 1, 1, 2, 2, 1, 2, 2, 2, 3, 1, 1, 2, 1, 1, 1, 1, 1, 2, 2, 1, 1, 1, 1, 1, 1, 1, 1, 1, 1, 1, 1, 1, 2, 1, 1, 2, 1, 1, 1, 1]","[0, 0, 0, 0, 0, 0, 0, 0, 1, 0, 0, 0, 0, 0, 0, 0, 0, 0, 0, 1, 1, 0, 0, 0, 0, 0, 0, 0, 0, 1, 0, 0, 1, 0, 1, 1, 0, 1, 0, 0, 0, 1, 0, 1, 1, 0, 1, 0, 1, 0, 0, 0, 0, 0, 0, 0, 0, 0, 0, 0, 0, 1, 0, 0, 1, 1, 0, 1, 1, 1, 2, 0, 0, 1, 0, 0, 0, 0, 0, 1, 1, 0, 0, 0, 0, 0, 0, 0, 0, 0, 0, 0, 0, 0, 1, 0, 0, 1, 0, 0, 0, 0]","[1, 1, 1, 1, 1, 1, 1, 1, 2, 1, 1, 1, 1, 1, 1, 1, 1, 1, 1, 2, 2, 1, 1, 1, 1, 1, 1, 1, 1, 2, 1, 1, 2, 1, 2, 2, 1, 2, 1, 1, 1, 2, 1, 2, 2, 1, 2, 1, 2, 1, 1, 1, 1, 1, 1, 1, 1, 1, 1, 1, 1, 2, 1, 1, 2, 2, 1, 2, 2, 2, 3, 1, 1, 2, 1, 1, 1, 1, 1, 2, 2, 1, 1, 1, 1, 1, 1, 1, 1, 1, 1, 1, 1, 1, 2, 1, 1, 2, 1, 1, 1, 1]",128,102,26,False,1
T4_D4,125,1.29,"[1, 1, 1, 1, 1, 1, 1, 2, 1, 2, 2, 1, 1, 2, 1, 1, 2, 1, 1, 1, 1, 1, 1, 1, 1, 1, 2, 2, 1, 1, 1, 1, 1, 1, 1, 1, 1, 1, 1, 1, 1, 1, 1, 1, 1, 1, 2, 1, 1, 2, 1, 1, 2, 1, 1, 1, 1, 1, 1, 1, 2, 1, 1, 2, 1, 1, 2, 1, 2, 1, 2, 2, 1, 1, 1, 2, 2, 1, 2, 2, 2, 1, 1, 2, 1, 2, 2, 1, 2, 2, 1, 1, 1, 2, 1, 1, 1, 2, 1, 2]","[0, 0, 0, 0, 0, 0, 0, 1, 0, 1, 1, 0, 0, 1, 0, 0, 1, 0, 0, 0, 0, 0, 0, 0, 0, 0, 1, 1, 0, 0, 0, 0, 0, 0, 0, 0, 0, 0, 0, 0, 0, 0, 0, 0, 0, 0, 1, 0, 0, 1, 0, 0, 1, 0, 0, 0, 0, 0, 0, 0, 1, 0, 0, 1, 0, 0, 1, 0, 1, 0, 1, 1, 0, 0, 0, 1, 1, 0, 1, 1, 1, 0, 0, 1, 0, 1, 1, 0, 1, 1, 0, 0, 0, 1, 0, 0, 0, 1, 0, 1]","[1, 1, 1, 1, 1, 1, 1, 2, 1, 2, 2, 1, 1, 2, 1, 1, 2, 1, 1, 1, 1, 1, 1, 1, 1, 1, 2, 2, 1, 1, 1, 1, 1, 1, 1, 1, 1, 1, 1, 1, 1, 1, 1, 1, 1, 1, 2, 1, 1, 2, 1, 1, 2, 1, 1, 1, 1, 1, 1, 1, 2, 1, 1, 2, 1, 1, 2, 1, 2, 1, 2, 2, 1, 1, 1, 2, 2, 1, 2, 2, 2, 1, 1, 2, 1, 2, 2, 1, 2, 2, 1, 1, 1, 2, 1, 1, 1, 2, 1, 2]",128,100,26,False,39
T4_D4,126,1.219,"[1, 1, 1, 1, 1, 1, 1, 2, 1, 2, 2, 1, 1, 1, 2, 1, 1, 1, 2, 1, 1, 2, 1, 1, 1, 1, 1, 1, 1, 1, 1, 1, 1, 1, 1, 1, 1, 1, 1, 1, 3, 1, 1, 1, 2, 1, 1, 1, 1, 1, 1, 1, 2, 1, 1, 1, 1, 1, 1, 1, 1, 1, 2, 1, 3, 1, 2, 1, 1, 1, 1, 1, 1, 2, 1, 2, 1, 1, 1, 2, 1, 1, 1, 1, 1, 1, 1, 2, 1, 1, 2, 1, 1, 2, 2, 1, 2, 1, 1, 1, 1, 1, 1, 2, 1]","[0, 0, 0, 0, 0, 0, 0, 1, 0, 1, 1, 0, 0, 0, 1, 0, 0, 0, 1, 0, 0, 1, 0, 0, 0, 0, 0, 0, 0, 0, 0, 0, 0, 0, 0, 0, 0, 0, 0, 0, 2, 0, 0, 0, 1, 0, 0, 0, 0, 0, 0, 0, 1, 0, 0, 0, 0, 0, 0, 0, 0, 0, 1, 0, 2, 0, 1, 0, 0, 0, 0, 0, 0, 1, 0, 1, 0, 0, 0, 1, 0, 0, 0, 0, 0, 0, 0, 1, 0, 0, 1, 0, 0, 1, 1, 0, 1, 0, 0, 0, 0, 0, 0, 1, 0]","[1, 1, 1, 1, 1, 1, 1, 2, 1, 2, 2, 1, 1, 1, 2, 1, 1, 1, 2, 1, 1, 2, 1, 1, 1, 1, 1, 1, 1, 1, 1, 1, 1, 1, 1, 1, 1, 1, 1, 1, 3, 1, 1, 1, 2, 1, 1, 1, 1, 1, 1, 1, 2, 1, 1, 1, 1, 1, 1, 1, 1, 1, 2, 1, 3, 1, 2, 1, 1, 1, 1, 1, 1, 2, 1, 2, 1, 1, 1, 2, 1, 1, 1, 1, 1, 1, 1, 2, 1, 1, 2, 1, 1, 2, 2, 1, 2, 1, 1, 1, 1, 1, 1, 2, 1]",128,105,26,False,14
T4_D4,127,1.3333,"[1, 2, 1, 1, 1, 3, 1, 1, 1, 2, 1, 1, 2, 1, 1, 2, 1, 1, 2, 2, 1, 2, 1, 1, 1, 1, 1, 1, 1, 2, 1, 2, 1, 2, 1, 2, 1, 1, 2, 1, 2, 1, 1, 1, 1, 1, 2, 1, 2, 1, 3, 1, 2, 1, 1, 1, 1, 2, 1, 1, 1, 2, 1, 2, 1, 1, 1, 1, 1, 1, 1, 1, 2, 1, 2, 2, 2, 1, 1, 2, 2, 1, 1, 1, 1, 1, 1, 2, 1, 1, 2, 1, 1, 1, 1, 2]","[0, 1, 0, 0, 0, 2, 0, 0, 0, 1, 0, 0, 1, 0, 0, 1, 0, 0, 1, 1, 0, 1, 0, 0, 0, 0, 0, 0, 0, 1, 0, 1, 0, 1, 0, 1, 0, 0, 1, 0, 1, 0, 0, 0, 0, 0, 1, 0, 1, 0, 2, 0, 1, 0, 0, 0, 0, 1, 0, 0, 0, 1, 0, 1, 0, 0, 0, 0, 0, 0, 0, 0, 1, 0, 1, 1, 1, 0, 0, 1, 1, 0, 0, 0, 0, 0, 0, 1, 0, 0, 1, 0, 0, 0, 0, 1]","[1, 2, 1, 1, 1, 3, 1, 1, 1, 2, 1, 1, 2, 1, 1, 2, 1, 1, 2, 2, 1, 2, 1, 1, 1, 1, 1, 1, 1, 2, 1, 2, 1, 2, 1, 2, 1, 1, 2, 1, 2, 1, 1, 1, 1, 1, 2, 1, 2, 1, 3, 1, 2, 1, 1, 1, 1, 2, 1, 1, 1, 2, 1, 2, 1, 1, 1, 1, 1, 1, 1, 1, 2, 1, 2, 2, 2, 1, 1, 2, 2, 1, 1, 1, 1, 1, 1, 2, 1, 1, 2, 1, 1, 1, 1, 2]",128,96,26,False,10
T4_D4,128,1.2404,"[1, 2, 1, 1, 1, 1, 2, 1, 1, 1, 2, 2, 1, 2, 1, 1, 1, 1, 1, 1, 1, 1, 2, 1, 1, 1, 1, 1, 1, 3, 2, 1, 2, 1, 2, 1, 2, 1, 1, 1, 1, 1, 1, 1, 1, 1, 1, 1, 1, 2, 1, 1, 1, 1, 1, 1, 1, 1, 1, 1, 1, 1, 1, 2, 1, 1, 2, 1, 1, 1, 1, 1, 2, 2, 1, 1, 1, 2, 1, 1, 1, 1, 1, 1, 1, 1, 1, 1, 1, 1, 1, 2, 2, 1, 2, 1, 1, 2, 2, 2, 1, 1, 1, 2]","[0, 1, 0, 0, 0, 0, 1, 0, 0, 0, 1, 1, 0, 1, 0, 0, 0, 0, 0, 0, 0, 0, 1, 0, 0, 0, 0, 0, 0, 2, 1, 0, 1, 0, 1, 0, 1, 0, 0, 0, 0, 0, 0, 0, 0, 0, 0, 0, 0, 1, 0, 0, 0, 0, 0, 0, 0, 0, 0, 0, 0, 0, 0, 1, 0, 0, 1, 0, 0, 0, 0, 0, 1, 1, 0, 0, 0, 1, 0, 0, 0, 0, 0, 0, 0, 0, 0, 0, 0, 0, 0, 1, 1, 0, 1, 0, 0, 1, 1, 1, 0, 0, 0, 1]","[1, 2, 1, 1, 1, 1, 2, 1, 1, 1, 2, 2, 1, 2, 1, 1, 1, 1, 1, 1, 1, 1, 2, 1, 1, 1, 1, 1, 1, 3, 2, 1, 2, 1, 2, 1, 2, 1, 1, 1, 1, 1, 1, 1, 1, 1, 1, 1, 1, 2, 1, 1, 1, 1, 1, 1, 1, 1, 1, 1, 1, 1, 1, 2, 1, 1, 2, 1, 1, 1, 1, 1, 2, 2, 1, 1, 1, 2, 1, 1, 1, 1, 1, 1, 1, 1, 1, 1, 1, 1, 1, 2, 2, 1, 2, 1, 1, 2, 2, 2, 1, 1, 1, 2]",128,104,26,False,1
T4_D4,129,1.2427,"[1, 1, 1, 1, 1, 1, 1, 2, 2, 1, 2, 1, 1, 1, 1, 2, 1, 2, 1, 1, 2, 1, 1, 2, 2, 2, 1, 2, 1, 1, 1, 1, 2, 1, 1, 1, 1, 1, 1, 1, 1, 1, 1, 1, 1, 1, 1, 2, 1, 1, 1, 1, 1, 1, 1, 1, 1, 1, 1, 1, 1, 1, 1, 2, 1, 2, 1, 2, 1, 1, 1, 2, 1, 2, 1, 1, 1, 1, 2, 1, 1, 1, 1, 2, 1, 2, 1, 1, 1, 1, 2, 1, 2, 1, 2, 1, 2, 1, 2, 1, 1, 1, 1]","[0, 0, 0, 0, 0, 0, 0, 1, 1, 0, 1, 0, 0, 0, 0, 1, 0, 1, 0, 0, 1, 0, 0, 1, 1, 1, 0, 1, 0, 0, 0, 0, 1, 0, 0, 0, 0, 0, 0, 0, 0, 0, 0, 0, 0, 0, 0, 1, 0, 0, 0, 0, 0, 0, 0, 0, 0, 0, 0, 0, 0, 0, 0, 1, 0, 1, 0, 1, 0, 0, 0, 1, 0, 1, 0, 0, 0, 0, 1, 0, 0, 0, 0, 1, 0, 1, 0, 0, 0, 0, 1, 0, 1, 0, 1, 0, 1, 0, 1, 0, 0, 0, 0]","[1, 1, 1, 1, 1, 1, 1, 2, 2, 1, 2, 1, 1, 1, 1, 2, 1, 2, 1, 1, 2, 1, 1, 2, 2, 2, 1, 2, 1, 1, 1, 1, 2, 1, 1, 1, 1, 1, 1, 1, 1, 1, 1, 1, 1, 1, 1, 2, 1, 1, 1, 1, 1, 1, 1, 1, 1, 1, 1, 1, 1, 1, 1, 2, 1, 2, 1, 2, 1, 1, 1, 2, 1, 2, 1, 1, 1, 1, 2, 1, 1, 1, 1, 2, 1, 2, 1, 1, 1, 1, 2, 1, 2, 1, 2, 1, 2, 1, 2, 1, 1, 1, 1]",128,103,26,False,11
T4_D4,130,1.1429,"[1, 2, 1, 1, 1, 1, 1, 1, 2, 1, 1, 1, 1, 1, 1, 1, 1, 1, 1, 1, 2, 1, 1, 1, 1, 1, 2, 1]","[0, 1, 0, 0, 0, 0, 0, 0, 1, 0, 0, 0, 0, 0, 0, 0, 0, 0, 0, 0, 1, 0, 0, 0, 0, 0, 1, 0]","[1, 2, 1, 1, 1, 1, 1, 1, 2, 1, 1, 1, 1, 1, 1, 1, 1, 1, 1, 1, 2, 1, 1, 1, 1, 1, 2, 1]",32,28,26,False,10
T4_D4,131,1.3474,"[1, 1, 1, 1, 1, 1, 1, 2, 1, 1, 1, 2, 1, 1, 1, 2, 1, 1, 2, 1, 1, 2, 2, 1, 1, 1, 2, 1, 2, 1, 1, 1, 1, 1, 1, 2, 1, 1, 2, 2, 1, 2, 1, 1, 2, 1, 1, 1, 2, 3, 1, 1, 1, 1, 2, 2, 1, 1, 1, 1, 3, 1, 2, 1, 2, 1, 2, 3, 1, 2, 2, 1, 2, 2, 1, 1, 2, 1, 1, 1, 1, 2, 1, 1, 1, 1, 1, 1, 1, 1, 2, 1, 1, 1, 2]","[0, 0, 0, 0, 0, 0, 0, 1, 0, 0, 0, 1, 0, 0, 0, 1, 0, 0, 1, 0, 0, 1, 1, 0, 0, 0, 1, 0, 1, 0, 0, 0, 0, 0, 0, 1, 0, 0, 1, 1, 0, 1, 0, 0, 1, 0, 0, 0, 1, 2, 0, 0, 0, 0, 1, 1, 0, 0, 0, 0, 2, 0, 1, 0, 1, 0, 1, 2, 0, 1, 1, 0, 1, 1, 0, 0, 1, 0, 0, 0, 0, 1, 0, 0, 0, 0, 0, 0, 0, 0, 1, 0, 0, 0, 1]","[1, 1, 1, 1, 1, 1, 1, 2, 1, 1, 1, 2, 1, 1, 1, 2, 1, 1, 2, 1, 1, 2, 2, 1, 1, 1, 2, 1, 2, 1, 1, 1, 1, 1, 1, 2, 1, 1, 2, 2, 1, 2, 1, 1, 2, 1, 1, 1, 2, 3, 1, 1, 1, 1, 2, 2, 1, 1, 1, 1, 3, 1, 2, 1, 2, 1, 2, 3, 1, 2, 2, 1, 2, 2, 1, 1, 2, 1, 1, 1, 1, 2, 1, 1, 1, 1, 1, 1, 1, 1, 2, 1, 1, 1, 2]",128,95,26,False,12
T4_D4,132,1.2772,"[1, 2, 1, 1, 1, 1, 2, 2, 1, 2, 1, 1, 1, 2, 1, 2, 1, 1, 1, 1, 1, 1, 1, 2, 1, 1, 2, 1, 1, 2, 1, 1, 1, 1, 1, 1, 1, 1, 1, 1, 2, 1, 1, 1, 1, 1, 1, 2, 1, 1, 2, 1, 1, 2, 1, 2, 1, 2, 1, 1, 1, 1, 1, 2, 1, 1, 1, 1, 1, 2, 1, 1, 1, 2, 1, 2, 1, 1, 2, 1, 2, 1, 2, 1, 1, 1, 1, 2, 2, 1, 1, 2, 1, 1, 2, 1, 1, 1, 1, 2, 2]","[0, 1, 0, 0, 0, 0, 1, 1, 0, 1, 0, 0, 0, 1, 0, 1, 0, 0, 0, 0, 0, 0, 0, 1, 0, 0, 1, 0, 0, 1, 0, 0, 0, 0, 0, 0, 0, 0, 0, 0, 1, 0, 0, 0, 0, 0, 0, 1, 0, 0, 1, 0, 0, 1, 0, 1, 0, 1, 0, 0, 0, 0, 0, 1, 0, 0, 0, 0, 0, 1, 0, 0, 0, 1, 0, 1, 0, 0, 1, 0, 1, 0, 1, 0, 0, 0, 0, 1, 1, 0, 0, 1, 0, 0, 1, 0, 0, 0, 0, 1, 1]","[1, 2, 1, 1, 1, 1, 2, 2, 1, 2, 1, 1, 1, 2, 1, 2, 1, 1, 1, 1, 1, 1, 1, 2, 1, 1, 2, 1, 1, 2, 1, 1, 1, 1, 1, 1, 1, 1, 1, 1, 2, 1, 1, 1, 1, 1, 1, 2, 1, 1, 2, 1, 1, 2, 1, 2, 1, 2, 1, 1, 1, 1, 1, 2, 1, 1, 1, 1, 1, 2, 1, 1, 1, 2, 1, 2, 1, 1, 2, 1, 2, 1, 2, 1, 1, 1, 1, 2, 2, 1, 1, 2, 1, 1, 2, 1, 1, 1, 1, 2, 2]",128,101,26,False,15
T4_D4,133,1.1944,"[1, 1, 1, 1, 1, 1, 1, 1, 1, 1, 1, 1, 1, 1, 1, 2, 1, 1, 2, 2, 1, 2, 2, 1, 1, 1, 1, 1, 2, 1, 1, 1, 1, 1, 1, 1, 1, 1, 2, 2, 1, 2, 2, 2, 1, 1, 1, 1, 1, 1, 1, 1, 1, 1, 1, 1, 1, 1, 1, 1, 1, 2, 1, 1, 1, 1, 1, 1, 1, 1, 1, 1, 1, 1, 1, 2, 1, 2, 2, 2, 1, 2, 1, 1, 1, 1, 1, 1, 1, 1, 1, 1, 1, 1, 1, 1, 2, 1, 1, 2, 1, 1, 1, 2, 1, 1, 1, 2]","[0, 0, 0, 0, 0, 0, 0, 0, 0, 0, 0, 0, 0, 0, 0, 1, 0, 0, 1, 1, 0, 1, 1, 0, 0, 0, 0, 0, 1, 0, 0, 0, 0, 0, 0, 0, 0, 0, 1, 1, 0, 1, 1, 1, 0, 0, 0, 0, 0, 0, 0, 0, 0, 0, 0, 0, 0, 0, 0, 0, 0, 1, 0, 0, 0, 0, 0, 0, 0, 0, 0, 0, 0, 0, 0, 1, 0, 1, 1, 1, 0, 1, 0, 0, 0, 0, 0, 0, 0, 0, 0, 0, 0, 0, 0, 0, 1, 0, 0, 1, 0, 0, 0, 1, 0, 0, 0, 1]","[1, 1, 1, 1, 1, 1, 1, 1, 1, 1, 1, 1, 1, 1, 1, 2, 1, 1, 2, 2, 1, 2, 2, 1, 1, 1, 1, 1, 2, 1, 1, 1, 1, 1, 1, 1, 1, 1, 2, 2, 1, 2, 2, 2, 1, 1, 1, 1, 1, 1, 1, 1, 1, 1, 1, 1, 1, 1, 1, 1, 1, 2, 1, 1, 1, 1, 1, 1, 1, 1, 1, 1, 1, 1, 1, 2, 1, 2, 2, 2, 1, 2, 1, 1, 1, 1, 1, 1, 1, 1, 1, 1, 1, 1, 1, 1, 2, 1, 1, 2, 1, 1, 1, 2, 1, 1, 1, 2]",128,108,26,False,30
T4_D4,134,1.3563,"[1, 1, 3, 1, 1, 1, 1, 1, 1, 1, 1, 1, 1, 2, 2, 1, 1, 2, 1, 1, 2, 1, 2, 1, 1, 2, 2, 1, 2, 1, 1, 1, 1, 1, 1, 1, 1, 1, 1, 1, 1, 1, 2, 1, 3, 1, 1, 2, 2, 2, 2, 2, 2, 2, 1, 2, 1, 1, 1, 2, 2, 1, 1, 2, 1, 1, 2, 1, 1, 1, 2, 1, 2, 2, 1, 1, 1, 1, 1, 1, 2, 1, 2, 1, 2, 1, 1]","[0, 0, 2, 0, 0, 0, 0, 0, 0, 0, 0, 0, 0, 1, 1, 0, 0, 1, 0, 0, 1, 0, 1, 0, 0, 1, 1, 0, 1, 0, 0, 0, 0, 0, 0, 0, 0, 0, 0, 0, 0, 0, 1, 0, 2, 0, 0, 1, 1, 1, 1, 1, 1, 1, 0, 1, 0, 0, 0, 1, 1, 0, 0, 1, 0, 0, 1, 0, 0, 0, 1, 0, 1, 1, 0, 0, 0, 0, 0, 0, 1, 0, 1, 0, 1, 0, 0]","[1, 1, 3, 1, 1, 1, 1, 1, 1, 1, 1, 1, 1, 2, 2, 1, 1, 2, 1, 1, 2, 1, 2, 1, 1, 2, 2, 1, 2, 1, 1, 1, 1, 1, 1, 1, 1, 1, 1, 1, 1, 1, 2, 1, 3, 1, 1, 2, 2, 2, 2, 2, 2, 2, 1, 2, 1, 1, 1, 2, 2, 1, 1, 2, 1, 1, 2, 1, 1, 1, 2, 1, 2, 2, 1, 1, 1, 1, 1, 1, 2, 1, 2, 1, 2, 1, 1]",118,87,26,False,4
T4_D4,135,1.2258,"[1, 2, 1, 1, 1, 1, 1, 1, 2, 1, 1, 1, 2, 1, 1, 2, 1, 1, 1, 1, 1, 2, 1, 1, 1, 1, 1, 1, 1, 2, 1, 2, 1, 1, 1, 1, 1, 1, 2, 1, 1, 1, 1, 2, 1, 1, 1, 1, 1, 1, 1, 1, 1, 2, 1, 1, 1, 1, 1, 2, 3, 1, 2, 1, 1, 2, 1, 1, 2, 1, 1, 1, 1, 1, 1, 1, 1, 2, 1, 1, 1, 1, 1, 2, 1, 1, 1, 1, 1, 2, 3, 1, 1]","[0, 1, 0, 0, 0, 0, 0, 0, 1, 0, 0, 0, 1, 0, 0, 1, 0, 0, 0, 0, 0, 1, 0, 0, 0, 0, 0, 0, 0, 1, 0, 1, 0, 0, 0, 0, 0, 0, 1, 0, 0, 0, 0, 1, 0, 0, 0, 0, 0, 0, 0, 0, 0, 1, 0, 0, 0, 0, 0, 1, 2, 0, 1, 0, 0, 1, 0, 0, 1, 0, 0, 0, 0, 0, 0, 0, 0, 1, 0, 0, 0, 0, 0, 1, 0, 0, 0, 0, 0, 1, 2, 0, 0]","[1, 2, 1, 1, 1, 1, 1, 1, 2, 1, 1, 1, 2, 1, 1, 2, 1, 1, 1, 1, 1, 2, 1, 1, 1, 1, 1, 1, 1, 2, 1, 2, 1, 1, 1, 1, 1, 1, 2, 1, 1, 1, 1, 2, 1, 1, 1, 1, 1, 1, 1, 1, 1, 2, 1, 1, 1, 1, 1, 2, 3, 1, 2, 1, 1, 2, 1, 1, 2, 1, 1, 1, 1, 1, 1, 1, 1, 2, 1, 1, 1, 1, 1, 2, 1, 1, 1, 1, 1, 2, 3, 1, 1]",114,93,26,False,5
T4_D4,136,1.2931,"[1, 2, 1, 1, 1, 1, 2, 2, 1, 2, 1, 1, 1, 1, 2, 1, 1, 1, 2, 1, 2, 1, 1, 1, 2, 1, 2, 1, 1, 2, 1, 1, 2, 1, 1, 1, 1, 1, 1, 1, 2, 1, 1, 1, 1, 2, 1, 1, 1, 1, 1, 1, 2, 2, 2, 2, 1, 1]","[0, 1, 0, 0, 0, 0, 1, 1, 0, 1, 0, 0, 0, 0, 1, 0, 0, 0, 1, 0, 1, 0, 0, 0, 1, 0, 1, 0, 0, 1, 0, 0, 1, 0, 0, 0, 0, 0, 0, 0, 1, 0, 0, 0, 0, 1, 0, 0, 0, 0, 0, 0, 1, 1, 1, 1, 0, 0]","[1, 2, 1, 1, 1, 1, 2, 2, 1, 2, 1, 1, 1, 1, 2, 1, 1, 1, 2, 1, 2, 1, 1, 1, 2, 1, 2, 1, 1, 2, 1, 1, 2, 1, 1, 1, 1, 1, 1, 1, 2, 1, 1, 1, 1, 2, 1, 1, 1, 1, 1, 1, 2, 2, 2, 2, 1, 1]",75,58,26,False,16
T4_D4,137,1.2929,"[1, 2, 1, 1, 1, 1, 2, 1, 1, 1, 2, 1, 1, 2, 1, 2, 1, 1, 1, 1, 2, 1, 2, 1, 2, 1, 1, 1, 1, 1, 2, 1, 1, 1, 1, 1, 2, 1, 1, 1, 1, 1, 1, 1, 2, 1, 1, 2, 1, 2, 1, 1, 2, 2, 3, 1, 1, 2, 1, 2, 1, 1, 3, 1, 1, 1, 1, 1, 2, 1, 2, 2, 2, 1, 1, 1, 2, 1, 1, 1, 1, 1, 1, 2, 1, 1, 1, 1, 1, 1, 2, 1, 1, 1, 1, 2, 1, 1, 1]","[0, 1, 0, 0, 0, 0, 1, 0, 0, 0, 1, 0, 0, 1, 0, 1, 0, 0, 0, 0, 1, 0, 1, 0, 1, 0, 0, 0, 0, 0, 1, 0, 0, 0, 0, 0, 1, 0, 0, 0, 0, 0, 0, 0, 1, 0, 0, 1, 0, 1, 0, 0, 1, 1, 2, 0, 0, 1, 0, 1, 0, 0, 2, 0, 0, 0, 0, 0, 1, 0, 1, 1, 1, 0, 0, 0, 1, 0, 0, 0, 0, 0, 0, 1, 0, 0, 0, 0, 0, 0, 1, 0, 0, 0, 0, 1, 0, 0, 0]","[1, 2, 1, 1, 1, 1, 2, 1, 1, 1, 2, 1, 1, 2, 1, 2, 1, 1, 1, 1, 2, 1, 2, 1, 2, 1, 1, 1, 1, 1, 2, 1, 1, 1, 1, 1, 2, 1, 1, 1, 1, 1, 1, 1, 2, 1, 1, 2, 1, 2, 1, 1, 2, 2, 3, 1, 1, 2, 1, 2, 1, 1, 3, 1, 1, 1, 1, 1, 2, 1, 2, 2, 2, 1, 1, 1, 2, 1, 1, 1, 1, 1, 1, 2, 1, 1, 1, 1, 1, 1, 2, 1, 1, 1, 1, 2, 1, 1, 1]",128,99,26,False,10
T4_D4,138,1.2427,"[1, 1, 1, 1, 1, 1, 1, 2, 1, 2, 1, 1, 1, 2, 1, 1, 2, 1, 1, 1, 1, 1, 1, 2, 1, 2, 1, 1, 2, 2, 1, 2, 2, 1, 1, 1, 1, 2, 1, 1, 1, 1, 1, 1, 2, 2, 1, 1, 1, 1, 1, 1, 1, 1, 1, 1, 2, 1, 1, 1, 1, 2, 1, 1, 1, 1, 1, 1, 1, 1, 1, 1, 1, 2, 1, 1, 1, 1, 2, 1, 1, 1, 2, 1, 1, 1, 1, 2, 1, 1, 3, 2, 2, 1, 1, 2, 1, 1, 1, 1, 1, 1, 2]","[0, 0, 0, 0, 0, 0, 0, 1, 0, 1, 0, 0, 0, 1, 0, 0, 1, 0, 0, 0, 0, 0, 0, 1, 0, 1, 0, 0, 1, 1, 0, 1, 1, 0, 0, 0, 0, 1, 0, 0, 0, 0, 0, 0, 1, 1, 0, 0, 0, 0, 0, 0, 0, 0, 0, 0, 1, 0, 0, 0, 0, 1, 0, 0, 0, 0, 0, 0, 0, 0, 0, 0, 0, 1, 0, 0, 0, 0, 1, 0, 0, 0, 1, 0, 0, 0, 0, 1, 0, 0, 2, 1, 1, 0, 0, 1, 0, 0, 0, 0, 0, 0, 1]","[1, 1, 1, 1, 1, 1, 1, 2, 1, 2, 1, 1, 1, 2, 1, 1, 2, 1, 1, 1, 1, 1, 1, 2, 1, 2, 1, 1, 2, 2, 1, 2, 2, 1, 1, 1, 1, 2, 1, 1, 1, 1, 1, 1, 2, 2, 1, 1, 1, 1, 1, 1, 1, 1, 1, 1, 2, 1, 1, 1, 1, 2, 1, 1, 1, 1, 1, 1, 1, 1, 1, 1, 1, 2, 1, 1, 1, 1, 2, 1, 1, 1, 2, 1, 1, 1, 1, 2, 1, 1, 3, 2, 2, 1, 1, 2, 1, 1, 1, 1, 1, 1, 2]",128,103,26,False,20
T4_D4,139,1.3617,"[1, 1, 1, 1, 1, 1, 1, 2, 2, 1, 2, 1, 2, 1, 1, 2, 1, 2, 1, 2, 1, 2, 1, 1, 2, 2, 1, 1, 1, 1, 1, 1, 2, 1, 1, 2, 1, 1, 1, 1, 2, 1, 1, 1, 2, 1, 2, 1, 1, 1, 1, 1, 2, 1, 2, 1, 3, 1, 1, 2, 1, 1, 2, 2, 2, 1, 1, 1, 1, 2, 2, 1, 1, 2, 1, 1, 2, 1, 1, 2, 1, 2, 1, 2, 2, 1, 2, 2, 1, 1, 1, 1, 2, 1]","[0, 0, 0, 0, 0, 0, 0, 1, 1, 0, 1, 0, 1, 0, 0, 1, 0, 1, 0, 1, 0, 1, 0, 0, 1, 1, 0, 0, 0, 0, 0, 0, 1, 0, 0, 1, 0, 0, 0, 0, 1, 0, 0, 0, 1, 0, 1, 0, 0, 0, 0, 0, 1, 0, 1, 0, 2, 0, 0, 1, 0, 0, 1, 1, 1, 0, 0, 0, 0, 1, 1, 0, 0, 1, 0, 0, 1, 0, 0, 1, 0, 1, 0, 1, 1, 0, 1, 1, 0, 0, 0, 0, 1, 0]","[1, 1, 1, 1, 1, 1, 1, 2, 2, 1, 2, 1, 2, 1, 1, 2, 1, 2, 1, 2, 1, 2, 1, 1, 2, 2, 1, 1, 1, 1, 1, 1, 2, 1, 1, 2, 1, 1, 1, 1, 2, 1, 1, 1, 2, 1, 2, 1, 1, 1, 1, 1, 2, 1, 2, 1, 3, 1, 1, 2, 1, 1, 2, 2, 2, 1, 1, 1, 1, 2, 2, 1, 1, 2, 1, 1, 2, 1, 1, 2, 1, 2, 1, 2, 2, 1, 2, 2, 1, 1, 1, 1, 2, 1]",128,94,26,False,28
T4_D4,140,1.4176,"[1, 1, 1, 1, 1, 1, 1, 1, 2, 1, 1, 1, 1, 1, 1, 1, 2, 1, 1, 1, 1, 1, 2, 2, 2, 1, 1, 1, 1, 1, 1, 2, 1, 1, 1, 1, 1, 2, 1, 1, 2, 1, 2, 1, 1, 1, 1, 2, 2, 2, 1, 2, 2, 1, 2, 1, 2, 1, 1, 1, 2, 2, 1, 1, 1, 1, 2, 2, 2, 2, 2, 1, 2, 2, 2, 2, 2, 2, 2, 1, 2, 2, 3, 1, 2, 1, 1, 3, 1, 1, 2]","[0, 0, 0, 0, 0, 0, 0, 0, 1, 0, 0, 0, 0, 0, 0, 0, 1, 0, 0, 0, 0, 0, 1, 1, 1, 0, 0, 0, 0, 0, 0, 1, 0, 0, 0, 0, 0, 1, 0, 0, 1, 0, 1, 0, 0, 0, 0, 1, 1, 1, 0, 1, 1, 0, 1, 0, 1, 0, 0, 0, 1, 1, 0, 0, 0, 0, 1, 1, 1, 1, 1, 0, 1, 1, 1, 1, 1, 1, 1, 0, 1, 1, 2, 0, 1, 0, 0, 2, 0, 0, 1]","[1, 1, 1, 1, 1, 1, 1, 1, 2, 1, 1, 1, 1, 1, 1, 1, 2, 1, 1, 1, 1, 1, 2, 2, 2, 1, 1, 1, 1, 1, 1, 2, 1, 1, 1, 1, 1, 2, 1, 1, 2, 1, 2, 1, 1, 1, 1, 2, 2, 2, 1, 2, 2, 1, 2, 1, 2, 1, 1, 1, 2, 2, 1, 1, 1, 1, 2, 2, 2, 2, 2, 1, 2, 2, 2, 2, 2, 2, 2, 1, 2, 2, 3, 1, 2, 1, 1, 3, 1, 1, 2]",128,91,26,False,1
T4_D4,141,1.1743,"[1, 1, 1, 1, 1, 1, 1, 1, 1, 1, 2, 2, 1, 1, 2, 1, 1, 1, 1, 1, 1, 1, 1, 1, 1, 1, 1, 1, 1, 1, 2, 2, 1, 1, 1, 1, 1, 1, 2, 1, 1, 1, 1, 1, 1, 1, 1, 1, 1, 1, 2, 1, 1, 1, 1, 1, 1, 1, 1, 1, 1, 1, 2, 1, 1, 1, 1, 1, 2, 1, 1, 2, 1, 1, 1, 2, 1, 2, 1, 1, 1, 2, 1, 1, 2, 1, 1, 2, 1, 1, 1, 1, 2, 2, 2, 1, 1, 1, 1, 1, 1, 1, 1, 1, 1, 1, 1, 1, 2]","[0, 0, 0, 0, 0, 0, 0, 0, 0, 0, 1, 1, 0, 0, 1, 0, 0, 0, 0, 0, 0, 0, 0, 0, 0, 0, 0, 0, 0, 0, 1, 1, 0, 0, 0, 0, 0, 0, 1, 0, 0, 0, 0, 0, 0, 0, 0, 0, 0, 0, 1, 0, 0, 0, 0, 0, 0, 0, 0, 0, 0, 0, 1, 0, 0, 0, 0, 0, 1, 0, 0, 1, 0, 0, 0, 1, 0, 1, 0, 0, 0, 1, 0, 0, 1, 0, 0, 1, 0, 0, 0, 0, 1, 1, 1, 0, 0, 0, 0, 0, 0, 0, 0, 0, 0, 0, 0, 0, 1]","[1, 1, 1, 1, 1, 1, 1, 1, 1, 1, 2, 2, 1, 1, 2, 1, 1, 1, 1, 1, 1, 1, 1, 1, 1, 1, 1, 1, 1, 1, 2, 2, 1, 1, 1, 1, 1, 1, 2, 1, 1, 1, 1, 1, 1, 1, 1, 1, 1, 1, 2, 1, 1, 1, 1, 1, 1, 1, 1, 1, 1, 1, 2, 1, 1, 1, 1, 1, 2, 1, 1, 2, 1, 1, 1, 2, 1, 2, 1, 1, 1, 2, 1, 1, 2, 1, 1, 2, 1, 1, 1, 1, 2, 2, 2, 1, 1, 1, 1, 1, 1, 1, 1, 1, 1, 1, 1, 1, 2]",128,109,26,False,1
T4_D4,142,1.2075,"[1, 1, 1, 1, 1, 1, 1, 2, 1, 2, 1, 1, 1, 1, 1, 2, 1, 1, 1, 1, 1, 1, 1, 1, 1, 2, 2, 1, 1, 1, 1, 1, 2, 2, 1, 1, 1, 1, 1, 1, 2, 2, 1, 1, 1, 1, 1, 1, 1, 2, 1, 1, 2, 1, 1, 1, 2, 1, 1, 1, 1, 1, 1, 2, 1, 2, 1, 1, 1, 1, 1, 1, 1, 2, 1, 1, 2, 2, 1, 1, 1, 1, 1, 1, 1, 1, 1, 2, 3, 2, 1, 1, 1, 1, 1, 1, 1, 1, 1, 2, 1, 1, 1, 1, 1, 1]","[0, 0, 0, 0, 0, 0, 0, 1, 0, 1, 0, 0, 0, 0, 0, 1, 0, 0, 0, 0, 0, 0, 0, 0, 0, 1, 1, 0, 0, 0, 0, 0, 1, 1, 0, 0, 0, 0, 0, 0, 1, 1, 0, 0, 0, 0, 0, 0, 0, 1, 0, 0, 1, 0, 0, 0, 1, 0, 0, 0, 0, 0, 0, 1, 0, 1, 0, 0, 0, 0, 0, 0, 0, 1, 0, 0, 1, 1, 0, 0, 0, 0, 0, 0, 0, 0, 0, 1, 2, 1, 0, 0, 0, 0, 0, 0, 0, 0, 0, 1, 0, 0, 0, 0, 0, 0]","[1, 1, 1, 1, 1, 1, 1, 2, 1, 2, 1, 1, 1, 1, 1, 2, 1, 1, 1, 1, 1, 1, 1, 1, 1, 2, 2, 1, 1, 1, 1, 1, 2, 2, 1, 1, 1, 1, 1, 1, 2, 2, 1, 1, 1, 1, 1, 1, 1, 2, 1, 1, 2, 1, 1, 1, 2, 1, 1, 1, 1, 1, 1, 2, 1, 2, 1, 1, 1, 1, 1, 1, 1, 2, 1, 1, 2, 2, 1, 1, 1, 1, 1, 1, 1, 1, 1, 2, 3, 2, 1, 1, 1, 1, 1, 1, 1, 1, 1, 2, 1, 1, 1, 1, 1, 1]",128,106,26,False,8
T4_D4,143,1.2524,"[1, 1, 1, 1, 1, 1, 1, 1, 2, 1, 1, 1, 2, 2, 1, 1, 2, 2, 1, 1, 1, 1, 2, 2, 1, 1, 1, 1, 2, 2, 1, 1, 1, 1, 2, 1, 1, 1, 2, 2, 1, 1, 1, 1, 2, 1, 1, 1, 1, 1, 1, 2, 1, 1, 1, 1, 1, 1, 2, 1, 2, 1, 1, 1, 2, 1, 1, 1, 1, 2, 1, 1, 1, 1, 1, 1, 2, 2, 1, 2, 1, 2, 1, 1, 1, 1, 1, 1, 1, 1, 1, 2, 1, 1, 2, 1, 1, 1, 2, 1, 1, 1, 2]","[0, 0, 0, 0, 0, 0, 0, 0, 1, 0, 0, 0, 1, 1, 0, 0, 1, 1, 0, 0, 0, 0, 1, 1, 0, 0, 0, 0, 1, 1, 0, 0, 0, 0, 1, 0, 0, 0, 1, 1, 0, 0, 0, 0, 1, 0, 0, 0, 0, 0, 0, 1, 0, 0, 0, 0, 0, 0, 1, 0, 1, 0, 0, 0, 1, 0, 0, 0, 0, 1, 0, 0, 0, 0, 0, 0, 1, 1, 0, 1, 0, 1, 0, 0, 0, 0, 0, 0, 0, 0, 0, 1, 0, 0, 1, 0, 0, 0, 1, 0, 0, 0, 1]","[1, 1, 1, 1, 1, 1, 1, 1, 2, 1, 1, 1, 2, 2, 1, 1, 2, 2, 1, 1, 1, 1, 2, 2, 1, 1, 1, 1, 2, 2, 1, 1, 1, 1, 2, 1, 1, 1, 2, 2, 1, 1, 1, 1, 2, 1, 1, 1, 1, 1, 1, 2, 1, 1, 1, 1, 1, 1, 2, 1, 2, 1, 1, 1, 2, 1, 1, 1, 1, 2, 1, 1, 1, 1, 1, 1, 2, 2, 1, 2, 1, 2, 1, 1, 1, 1, 1, 1, 1, 1, 1, 2, 1, 1, 2, 1, 1, 1, 2, 1, 1, 1, 2]",128,103,26,False,3
T4_D4,144,1.1518,"[1, 1, 1, 1, 1, 1, 1, 1, 1, 1, 2, 1, 1, 1, 2, 2, 1, 1, 1, 2, 1, 1, 1, 1, 1, 1, 1, 1, 1, 2, 1, 2, 1, 1, 1, 1, 1, 1, 1, 2, 1, 1, 1, 1, 2, 1, 1, 2, 1, 1, 1, 1, 1, 1, 1, 1, 1, 1, 1, 1, 1, 1, 1, 1, 1, 1, 1, 1, 1, 2, 1, 2, 1, 1, 1, 1, 2, 1, 2, 1, 1, 1, 1, 1, 1, 1, 1, 1, 1, 1, 1, 1, 1, 1, 1, 2, 1, 2, 1, 1, 1, 1, 1, 1, 2, 1, 1, 1, 1, 1, 1, 2]","[0, 0, 0, 0, 0, 0, 0, 0, 0, 0, 1, 0, 0, 0, 1, 1, 0, 0, 0, 1, 0, 0, 0, 0, 0, 0, 0, 0, 0, 1, 0, 1, 0, 0, 0, 0, 0, 0, 0, 1, 0, 0, 0, 0, 1, 0, 0, 1, 0, 0, 0, 0, 0, 0, 0, 0, 0, 0, 0, 0, 0, 0, 0, 0, 0, 0, 0, 0, 0, 1, 0, 1, 0, 0, 0, 0, 1, 0, 1, 0, 0, 0, 0, 0, 0, 0, 0, 0, 0, 0, 0, 0, 0, 0, 0, 1, 0, 1, 0, 0, 0, 0, 0, 0, 1, 0, 0, 0, 0, 0, 0, 1]","[1, 1, 1, 1, 1, 1, 1, 1, 1, 1, 2, 1, 1, 1, 2, 2, 1, 1, 1, 2, 1, 1, 1, 1, 1, 1, 1, 1, 1, 2, 1, 2, 1, 1, 1, 1, 1, 1, 1, 2, 1, 1, 1, 1, 2, 1, 1, 2, 1, 1, 1, 1, 1, 1, 1, 1, 1, 1, 1, 1, 1, 1, 1, 1, 1, 1, 1, 1, 1, 2, 1, 2, 1, 1, 1, 1, 2, 1, 2, 1, 1, 1, 1, 1, 1, 1, 1, 1, 1, 1, 1, 1, 1, 1, 1, 2, 1, 2, 1, 1, 1, 1, 1, 1, 2, 1, 1, 1, 1, 1, 1, 2]",128,112,26,False,33
T4_D4,145,1.2673,"[1, 2, 1, 1, 1, 1, 2, 2, 1, 1, 1, 1, 2, 1, 1, 1, 1, 1, 2, 1, 1, 1, 1, 1, 3, 1, 1, 1, 1, 2, 1, 1, 1, 1, 1, 1, 2, 1, 1, 1, 1, 2, 1, 1, 1, 2, 2, 1, 1, 1, 1, 2, 1, 1, 2, 2, 1, 1, 1, 1, 1, 1, 2, 1, 1, 1, 1, 1, 1, 1, 2, 1, 2, 1, 2, 1, 1, 1, 2, 1, 1, 1, 2, 1, 1, 2, 2, 2, 1, 1, 2, 1, 1, 1, 1, 1, 2, 1, 2, 1, 1]","[0, 1, 0, 0, 0, 0, 1, 1, 0, 0, 0, 0, 1, 0, 0, 0, 0, 0, 1, 0, 0, 0, 0, 0, 2, 0, 0, 0, 0, 1, 0, 0, 0, 0, 0, 0, 1, 0, 0, 0, 0, 1, 0, 0, 0, 1, 1, 0, 0, 0, 0, 1, 0, 0, 1, 1, 0, 0, 0, 0, 0, 0, 1, 0, 0, 0, 0, 0, 0, 0, 1, 0, 1, 0, 1, 0, 0, 0, 1, 0, 0, 0, 1, 0, 0, 1, 1, 1, 0, 0, 1, 0, 0, 0, 0, 0, 1, 0, 1, 0, 0]","[1, 2, 1, 1, 1, 1, 2, 2, 1, 1, 1, 1, 2, 1, 1, 1, 1, 1, 2, 1, 1, 1, 1, 1, 3, 1, 1, 1, 1, 2, 1, 1, 1, 1, 1, 1, 2, 1, 1, 1, 1, 2, 1, 1, 1, 2, 2, 1, 1, 1, 1, 2, 1, 1, 2, 2, 1, 1, 1, 1, 1, 1, 2, 1, 1, 1, 1, 1, 1, 1, 2, 1, 2, 1, 2, 1, 1, 1, 2, 1, 1, 1, 2, 1, 1, 2, 2, 2, 1, 1, 2, 1, 1, 1, 1, 1, 2, 1, 2, 1, 1]",128,101,26,False,11
T4_D4,146,1.28,"[1, 1, 1, 2, 1, 1, 1, 1, 2, 1, 1, 1, 2, 1, 1, 1, 1, 2, 1, 2, 2, 1, 2, 2, 1, 2, 1, 2, 1, 1, 1, 1, 2, 2, 2, 1, 1, 1, 1, 1, 1, 1, 2, 1, 1, 1, 3, 1, 1, 2, 1, 2, 1, 1, 1, 1, 1, 1, 1, 1, 1, 1, 2, 1, 1, 1, 1, 1, 2, 2, 1, 1, 1, 1, 1, 1, 2, 2, 1, 1, 1, 1, 1, 1, 2, 1, 2, 2, 1, 1, 1, 1, 1, 1, 2, 1, 1, 2, 1, 1]","[0, 0, 0, 1, 0, 0, 0, 0, 1, 0, 0, 0, 1, 0, 0, 0, 0, 1, 0, 1, 1, 0, 1, 1, 0, 1, 0, 1, 0, 0, 0, 0, 1, 1, 1, 0, 0, 0, 0, 0, 0, 0, 1, 0, 0, 0, 2, 0, 0, 1, 0, 1, 0, 0, 0, 0, 0, 0, 0, 0, 0, 0, 1, 0, 0, 0, 0, 0, 1, 1, 0, 0, 0, 0, 0, 0, 1, 1, 0, 0, 0, 0, 0, 0, 1, 0, 1, 1, 0, 0, 0, 0, 0, 0, 1, 0, 0, 1, 0, 0]","[1, 1, 1, 2, 1, 1, 1, 1, 2, 1, 1, 1, 2, 1, 1, 1, 1, 2, 1, 2, 2, 1, 2, 2, 1, 2, 1, 2, 1, 1, 1, 1, 2, 2, 2, 1, 1, 1, 1, 1, 1, 1, 2, 1, 1, 1, 3, 1, 1, 2, 1, 2, 1, 1, 1, 1, 1, 1, 1, 1, 1, 1, 2, 1, 1, 1, 1, 1, 2, 2, 1, 1, 1, 1, 1, 1, 2, 2, 1, 1, 1, 1, 1, 1, 2, 1, 2, 2, 1, 1, 1, 1, 1, 1, 2, 1, 1, 2, 1, 1]",128,100,26,False,1
T4_D4,147,1.2929,"[1, 1, 1, 1, 1, 1, 1, 2, 2, 1, 2, 1, 1, 2, 1, 1, 1, 2, 2, 1, 1, 1, 1, 1, 2, 1, 2, 2, 1, 1, 2, 2, 1, 2, 1, 1, 1, 1, 2, 2, 1, 1, 2, 1, 1, 1, 2, 1, 2, 1, 1, 1, 1, 1, 2, 1, 1, 1, 2, 1, 1, 1, 1, 1, 1, 1, 1, 1, 2, 1, 1, 1, 1, 1, 1, 1, 2, 1, 2, 2, 2, 1, 1, 1, 2, 1, 1, 1, 2, 1, 1, 1, 1, 2, 2, 2, 1, 1, 1]","[0, 0, 0, 0, 0, 0, 0, 1, 1, 0, 1, 0, 0, 1, 0, 0, 0, 1, 1, 0, 0, 0, 0, 0, 1, 0, 1, 1, 0, 0, 1, 1, 0, 1, 0, 0, 0, 0, 1, 1, 0, 0, 1, 0, 0, 0, 1, 0, 1, 0, 0, 0, 0, 0, 1, 0, 0, 0, 1, 0, 0, 0, 0, 0, 0, 0, 0, 0, 1, 0, 0, 0, 0, 0, 0, 0, 1, 0, 1, 1, 1, 0, 0, 0, 1, 0, 0, 0, 1, 0, 0, 0, 0, 1, 1, 1, 0, 0, 0]","[1, 1, 1, 1, 1, 1, 1, 2, 2, 1, 2, 1, 1, 2, 1, 1, 1, 2, 2, 1, 1, 1, 1, 1, 2, 1, 2, 2, 1, 1, 2, 2, 1, 2, 1, 1, 1, 1, 2, 2, 1, 1, 2, 1, 1, 1, 2, 1, 2, 1, 1, 1, 1, 1, 2, 1, 1, 1, 2, 1, 1, 1, 1, 1, 1, 1, 1, 1, 2, 1, 1, 1, 1, 1, 1, 1, 2, 1, 2, 2, 2, 1, 1, 1, 2, 1, 1, 1, 2, 1, 1, 1, 1, 2, 2, 2, 1, 1, 1]",128,99,26,False,7
T4_D4,148,1.2075,"[1, 1, 1, 1, 1, 1, 1, 1, 1, 1, 1, 1, 1, 1, 1, 1, 1, 1, 1, 1, 2, 2, 2, 1, 2, 1, 1, 3, 1, 1, 1, 2, 1, 1, 1, 1, 1, 1, 2, 1, 1, 1, 1, 1, 1, 1, 3, 3, 1, 2, 1, 1, 1, 1, 1, 1, 1, 2, 1, 1, 1, 1, 2, 1, 1, 1, 1, 1, 2, 1, 1, 2, 1, 2, 1, 1, 1, 1, 1, 1, 1, 2, 1, 1, 1, 1, 1, 2, 1, 1, 2, 1, 1, 1, 1, 1, 1, 1, 1, 1, 1, 1, 1, 1, 1, 2]","[0, 0, 0, 0, 0, 0, 0, 0, 0, 0, 0, 0, 0, 0, 0, 0, 0, 0, 0, 0, 1, 1, 1, 0, 1, 0, 0, 2, 0, 0, 0, 1, 0, 0, 0, 0, 0, 0, 1, 0, 0, 0, 0, 0, 0, 0, 2, 2, 0, 1, 0, 0, 0, 0, 0, 0, 0, 1, 0, 0, 0, 0, 1, 0, 0, 0, 0, 0, 1, 0, 0, 1, 0, 1, 0, 0, 0, 0, 0, 0, 0, 1, 0, 0, 0, 0, 0, 1, 0, 0, 1, 0, 0, 0, 0, 0, 0, 0, 0, 0, 0, 0, 0, 0, 0, 1]","[1, 1, 1, 1, 1, 1, 1, 1, 1, 1, 1, 1, 1, 1, 1, 1, 1, 1, 1, 1, 2, 2, 2, 1, 2, 1, 1, 3, 1, 1, 1, 2, 1, 1, 1, 1, 1, 1, 2, 1, 1, 1, 1, 1, 1, 1, 3, 3, 1, 2, 1, 1, 1, 1, 1, 1, 1, 2, 1, 1, 1, 1, 2, 1, 1, 1, 1, 1, 2, 1, 1, 2, 1, 2, 1, 1, 1, 1, 1, 1, 1, 2, 1, 1, 1, 1, 1, 2, 1, 1, 2, 1, 1, 1, 1, 1, 1, 1, 1, 1, 1, 1, 1, 1, 1, 2]",128,106,26,False,18
T4_D4,149,1.1963,"[1, 1, 1, 1, 1, 1, 2, 1, 1, 1, 1, 1, 1, 1, 1, 1, 1, 1, 1, 2, 1, 1, 1, 1, 1, 1, 1, 1, 1, 1, 2, 1, 2, 1, 1, 1, 1, 1, 1, 1, 1, 1, 1, 2, 1, 2, 1, 1, 1, 1, 1, 1, 1, 1, 1, 1, 1, 1, 1, 1, 2, 1, 2, 1, 1, 1, 2, 2, 1, 1, 2, 1, 2, 1, 1, 2, 1, 1, 2, 1, 1, 1, 1, 3, 1, 1, 1, 1, 1, 1, 2, 2, 1, 1, 1, 1, 2, 1, 2, 1, 1, 1, 1, 1, 1, 2, 1]","[0, 0, 0, 0, 0, 0, 1, 0, 0, 0, 0, 0, 0, 0, 0, 0, 0, 0, 0, 1, 0, 0, 0, 0, 0, 0, 0, 0, 0, 0, 1, 0, 1, 0, 0, 0, 0, 0, 0, 0, 0, 0, 0, 1, 0, 1, 0, 0, 0, 0, 0, 0, 0, 0, 0, 0, 0, 0, 0, 0, 1, 0, 1, 0, 0, 0, 1, 1, 0, 0, 1, 0, 1, 0, 0, 1, 0, 0, 1, 0, 0, 0, 0, 2, 0, 0, 0, 0, 0, 0, 1, 1, 0, 0, 0, 0, 1, 0, 1, 0, 0, 0, 0, 0, 0, 1, 0]","[1, 1, 1, 1, 1, 1, 2, 1, 1, 1, 1, 1, 1, 1, 1, 1, 1, 1, 1, 2, 1, 1, 1, 1, 1, 1, 1, 1, 1, 1, 2, 1, 2, 1, 1, 1, 1, 1, 1, 1, 1, 1, 1, 2, 1, 2, 1, 1, 1, 1, 1, 1, 1, 1, 1, 1, 1, 1, 1, 1, 2, 1, 2, 1, 1, 1, 2, 2, 1, 1, 2, 1, 2, 1, 1, 2, 1, 1, 2, 1, 1, 1, 1, 3, 1, 1, 1, 1, 1, 1, 2, 2, 1, 1, 1, 1, 2, 1, 2, 1, 1, 1, 1, 1, 1, 2, 1]",128,107,26,False,4
T4_D4,150,1.1852,"[1, 1, 1, 1, 1, 1, 1, 1, 1, 1, 1, 1, 2, 1, 1, 1, 2, 1, 1, 1, 1, 2, 1, 2, 1, 2, 1, 1, 1, 1, 1, 1, 1, 1, 1, 1, 1, 1, 1, 2, 1, 1, 2, 1, 2, 1, 1, 2, 1, 1, 1, 1, 1, 1, 2, 1, 1, 2, 1, 1, 1, 1, 1, 1, 1, 1, 1, 1, 1, 1, 1, 1, 1, 1, 1, 1, 2, 2, 1, 1, 1, 1, 1, 2, 1, 1, 1, 1, 1, 2, 1, 2, 2, 1, 1, 1, 2, 1, 1, 2, 1, 1, 1, 1, 1, 1, 2, 1]","[0, 0, 0, 0, 0, 0, 0, 0, 0, 0, 0, 0, 1, 0, 0, 0, 1, 0, 0, 0, 0, 1, 0, 1, 0, 1, 0, 0, 0, 0, 0, 0, 0, 0, 0, 0, 0, 0, 0, 1, 0, 0, 1, 0, 1, 0, 0, 1, 0, 0, 0, 0, 0, 0, 1, 0, 0, 1, 0, 0, 0, 0, 0, 0, 0, 0, 0, 0, 0, 0, 0, 0, 0, 0, 0, 0, 1, 1, 0, 0, 0, 0, 0, 1, 0, 0, 0, 0, 0, 1, 0, 1, 1, 0, 0, 0, 1, 0, 0, 1, 0, 0, 0, 0, 0, 0, 1, 0]","[1, 1, 1, 1, 1, 1, 1, 1, 1, 1, 1, 1, 2, 1, 1, 1, 2, 1, 1, 1, 1, 2, 1, 2, 1, 2, 1, 1, 1, 1, 1, 1, 1, 1, 1, 1, 1, 1, 1, 2, 1, 1, 2, 1, 2, 1, 1, 2, 1, 1, 1, 1, 1, 1, 2, 1, 1, 2, 1, 1, 1, 1, 1, 1, 1, 1, 1, 1, 1, 1, 1, 1, 1, 1, 1, 1, 2, 2, 1, 1, 1, 1, 1, 2, 1, 1, 1, 1, 1, 2, 1, 2, 2, 1, 1, 1, 2, 1, 1, 2, 1, 1, 1, 1, 1, 1, 2, 1]",128,108,26,False,1
T4_D4,151,1.1327,"[1, 1, 1, 1, 1, 1, 1, 2, 1, 1, 1, 1, 1, 1, 1, 1, 1, 1, 1, 2, 1, 1, 1, 1, 2, 1, 1, 1, 1, 2, 2, 1, 1, 2, 1, 1, 1, 1, 1, 1, 1, 2, 2, 1, 1, 1, 1, 1, 1, 1, 1, 2, 1, 1, 1, 2, 1, 1, 1, 2, 1, 1, 1, 1, 1, 1, 1, 1, 1, 1, 1, 1, 2, 1, 1, 1, 1, 1, 1, 1, 1, 1, 1, 1, 1, 1, 1, 1, 1, 3, 1, 1, 1, 1, 1, 1, 1, 1, 1, 1, 1, 1, 1, 1, 1, 1, 1, 1, 1, 1, 1, 1, 2]","[0, 0, 0, 0, 0, 0, 0, 1, 0, 0, 0, 0, 0, 0, 0, 0, 0, 0, 0, 1, 0, 0, 0, 0, 1, 0, 0, 0, 0, 1, 1, 0, 0, 1, 0, 0, 0, 0, 0, 0, 0, 1, 1, 0, 0, 0, 0, 0, 0, 0, 0, 1, 0, 0, 0, 1, 0, 0, 0, 1, 0, 0, 0, 0, 0, 0, 0, 0, 0, 0, 0, 0, 1, 0, 0, 0, 0, 0, 0, 0, 0, 0, 0, 0, 0, 0, 0, 0, 0, 2, 0, 0, 0, 0, 0, 0, 0, 0, 0, 0, 0, 0, 0, 0, 0, 0, 0, 0, 0, 0, 0, 0, 1]","[1, 1, 1, 1, 1, 1, 1, 2, 1, 1, 1, 1, 1, 1, 1, 1, 1, 1, 1, 2, 1, 1, 1, 1, 2, 1, 1, 1, 1, 2, 2, 1, 1, 2, 1, 1, 1, 1, 1, 1, 1, 2, 2, 1, 1, 1, 1, 1, 1, 1, 1, 2, 1, 1, 1, 2, 1, 1, 1, 2, 1, 1, 1, 1, 1, 1, 1, 1, 1, 1, 1, 1, 2, 1, 1, 1, 1, 1, 1, 1, 1, 1, 1, 1, 1, 1, 1, 1, 1, 3, 1, 1, 1, 1, 1, 1, 1, 1, 1, 1, 1, 1, 1, 1, 1, 1, 1, 1, 1, 1, 1, 1, 2]",128,113,26,False,1
T4_D4,152,1.2075,"[1, 1, 1, 1, 1, 1, 1, 1, 1, 2, 1, 1, 1, 1, 1, 1, 1, 1, 2, 1, 1, 1, 1, 2, 2, 2, 2, 1, 1, 2, 1, 1, 1, 1, 2, 1, 1, 1, 1, 1, 1, 1, 1, 2, 2, 1, 1, 1, 1, 1, 1, 2, 2, 1, 1, 1, 1, 1, 1, 2, 1, 1, 2, 1, 1, 1, 1, 1, 1, 1, 1, 2, 2, 1, 1, 2, 1, 1, 2, 1, 1, 2, 1, 1, 1, 1, 1, 2, 1, 1, 1, 1, 1, 1, 1, 1, 1, 1, 1, 1, 2, 1, 1, 1, 1, 2]","[0, 0, 0, 0, 0, 0, 0, 0, 0, 1, 0, 0, 0, 0, 0, 0, 0, 0, 1, 0, 0, 0, 0, 1, 1, 1, 1, 0, 0, 1, 0, 0, 0, 0, 1, 0, 0, 0, 0, 0, 0, 0, 0, 1, 1, 0, 0, 0, 0, 0, 0, 1, 1, 0, 0, 0, 0, 0, 0, 1, 0, 0, 1, 0, 0, 0, 0, 0, 0, 0, 0, 1, 1, 0, 0, 1, 0, 0, 1, 0, 0, 1, 0, 0, 0, 0, 0, 1, 0, 0, 0, 0, 0, 0, 0, 0, 0, 0, 0, 0, 1, 0, 0, 0, 0, 1]","[1, 1, 1, 1, 1, 1, 1, 1, 1, 2, 1, 1, 1, 1, 1, 1, 1, 1, 2, 1, 1, 1, 1, 2, 2, 2, 2, 1, 1, 2, 1, 1, 1, 1, 2, 1, 1, 1, 1, 1, 1, 1, 1, 2, 2, 1, 1, 1, 1, 1, 1, 2, 2, 1, 1, 1, 1, 1, 1, 2, 1, 1, 2, 1, 1, 1, 1, 1, 1, 1, 1, 2, 2, 1, 1, 2, 1, 1, 2, 1, 1, 2, 1, 1, 1, 1, 1, 2, 1, 1, 1, 1, 1, 1, 1, 1, 1, 1, 1, 1, 2, 1, 1, 1, 1, 2]",128,106,26,False,2
T4_D4,153,1.217,"[1, 2, 1, 1, 1, 1, 1, 1, 1, 1, 1, 1, 1, 2, 1, 1, 2, 2, 1, 1, 1, 1, 1, 1, 2, 2, 1, 2, 1, 1, 1, 1, 1, 1, 1, 1, 1, 1, 1, 1, 1, 1, 1, 1, 1, 1, 1, 1, 2, 1, 1, 1, 2, 1, 1, 3, 2, 1, 1, 1, 2, 2, 1, 1, 2, 1, 1, 1, 2, 1, 1, 1, 1, 1, 1, 1, 2, 2, 1, 1, 1, 1, 1, 1, 1, 1, 1, 1, 1, 2, 1, 1, 1, 1, 1, 2, 1, 1, 2, 2, 1, 1, 1, 1, 1, 2]","[0, 1, 0, 0, 0, 0, 0, 0, 0, 0, 0, 0, 0, 1, 0, 0, 1, 1, 0, 0, 0, 0, 0, 0, 1, 1, 0, 1, 0, 0, 0, 0, 0, 0, 0, 0, 0, 0, 0, 0, 0, 0, 0, 0, 0, 0, 0, 0, 1, 0, 0, 0, 1, 0, 0, 2, 1, 0, 0, 0, 1, 1, 0, 0, 1, 0, 0, 0, 1, 0, 0, 0, 0, 0, 0, 0, 1, 1, 0, 0, 0, 0, 0, 0, 0, 0, 0, 0, 0, 1, 0, 0, 0, 0, 0, 1, 0, 0, 1, 1, 0, 0, 0, 0, 0, 1]","[1, 2, 1, 1, 1, 1, 1, 1, 1, 1, 1, 1, 1, 2, 1, 1, 2, 2, 1, 1, 1, 1, 1, 1, 2, 2, 1, 2, 1, 1, 1, 1, 1, 1, 1, 1, 1, 1, 1, 1, 1, 1, 1, 1, 1, 1, 1, 1, 2, 1, 1, 1, 2, 1, 1, 3, 2, 1, 1, 1, 2, 2, 1, 1, 2, 1, 1, 1, 2, 1, 1, 1, 1, 1, 1, 1, 2, 2, 1, 1, 1, 1, 1, 1, 1, 1, 1, 1, 1, 2, 1, 1, 1, 1, 1, 2, 1, 1, 2, 2, 1, 1, 1, 1, 1, 2]",128,106,26,False,28
T4_D4,154,1.28,"[1, 1, 1, 1, 3, 1, 1, 1, 1, 1, 1, 1, 1, 1, 1, 3, 1, 1, 2, 1, 1, 2, 1, 1, 1, 1, 1, 1, 1, 1, 1, 1, 1, 2, 1, 1, 1, 1, 2, 1, 1, 2, 1, 1, 1, 2, 1, 1, 1, 3, 1, 1, 1, 2, 1, 1, 2, 1, 1, 1, 1, 1, 1, 2, 1, 1, 1, 1, 3, 3, 1, 1, 2, 2, 1, 1, 1, 2, 1, 2, 1, 1, 1, 1, 1, 2, 1, 2, 1, 1, 2, 1, 1, 1, 2, 1, 1, 1, 1, 2]","[0, 0, 0, 0, 2, 0, 0, 0, 0, 0, 0, 0, 0, 0, 0, 2, 0, 0, 1, 0, 0, 1, 0, 0, 0, 0, 0, 0, 0, 0, 0, 0, 0, 1, 0, 0, 0, 0, 1, 0, 0, 1, 0, 0, 0, 1, 0, 0, 0, 2, 0, 0, 0, 1, 0, 0, 1, 0, 0, 0, 0, 0, 0, 1, 0, 0, 0, 0, 2, 2, 0, 0, 1, 1, 0, 0, 0, 1, 0, 1, 0, 0, 0, 0, 0, 1, 0, 1, 0, 0, 1, 0, 0, 0, 1, 0, 0, 0, 0, 1]","[1, 1, 1, 1, 3, 1, 1, 1, 1, 1, 1, 1, 1, 1, 1, 3, 1, 1, 2, 1, 1, 2, 1, 1, 1, 1, 1, 1, 1, 1, 1, 1, 1, 2, 1, 1, 1, 1, 2, 1, 1, 2, 1, 1, 1, 2, 1, 1, 1, 3, 1, 1, 1, 2, 1, 1, 2, 1, 1, 1, 1, 1, 1, 2, 1, 1, 1, 1, 3, 3, 1, 1, 2, 2, 1, 1, 1, 2, 1, 2, 1, 1, 1, 1, 1, 2, 1, 2, 1, 1, 2, 1, 1, 1, 2, 1, 1, 1, 1, 2]",128,100,26,False,42
T4_D4,155,1.2075,"[1, 1, 1, 2, 1, 1, 1, 2, 1, 1, 1, 1, 1, 2, 1, 1, 2, 1, 3, 2, 1, 2, 1, 1, 1, 1, 1, 1, 1, 1, 1, 1, 2, 2, 1, 1, 2, 1, 2, 1, 1, 1, 1, 1, 1, 1, 1, 1, 1, 1, 1, 1, 1, 1, 1, 1, 1, 1, 1, 1, 1, 1, 1, 1, 1, 1, 1, 1, 1, 2, 1, 2, 1, 1, 1, 1, 2, 1, 1, 1, 1, 1, 2, 2, 2, 1, 1, 1, 1, 1, 1, 1, 1, 1, 2, 2, 1, 1, 2, 2, 1, 1, 1, 1, 1, 1]","[0, 0, 0, 1, 0, 0, 0, 1, 0, 0, 0, 0, 0, 1, 0, 0, 1, 0, 2, 1, 0, 1, 0, 0, 0, 0, 0, 0, 0, 0, 0, 0, 1, 1, 0, 0, 1, 0, 1, 0, 0, 0, 0, 0, 0, 0, 0, 0, 0, 0, 0, 0, 0, 0, 0, 0, 0, 0, 0, 0, 0, 0, 0, 0, 0, 0, 0, 0, 0, 1, 0, 1, 0, 0, 0, 0, 1, 0, 0, 0, 0, 0, 1, 1, 1, 0, 0, 0, 0, 0, 0, 0, 0, 0, 1, 1, 0, 0, 1, 1, 0, 0, 0, 0, 0, 0]","[1, 1, 1, 2, 1, 1, 1, 2, 1, 1, 1, 1, 1, 2, 1, 1, 2, 1, 3, 2, 1, 2, 1, 1, 1, 1, 1, 1, 1, 1, 1, 1, 2, 2, 1, 1, 2, 1, 2, 1, 1, 1, 1, 1, 1, 1, 1, 1, 1, 1, 1, 1, 1, 1, 1, 1, 1, 1, 1, 1, 1, 1, 1, 1, 1, 1, 1, 1, 1, 2, 1, 2, 1, 1, 1, 1, 2, 1, 1, 1, 1, 1, 2, 2, 2, 1, 1, 1, 1, 1, 1, 1, 1, 1, 2, 2, 1, 1, 2, 2, 1, 1, 1, 1, 1, 1]",128,106,26,False,12
T4_D4,156,1.219,"[1, 1, 1, 1, 1, 1, 1, 1, 1, 1, 1, 1, 2, 1, 1, 1, 1, 1, 1, 1, 1, 2, 1, 1, 1, 1, 1, 2, 3, 2, 1, 1, 1, 1, 2, 1, 1, 2, 1, 1, 1, 1, 1, 1, 1, 1, 1, 1, 2, 2, 1, 1, 1, 1, 2, 1, 1, 1, 1, 1, 1, 2, 1, 1, 2, 1, 1, 2, 1, 1, 1, 2, 2, 2, 1, 1, 1, 2, 1, 1, 1, 2, 1, 2, 2, 1, 2, 1, 1, 1, 1, 1, 1, 1, 2, 1, 1, 1, 1, 1, 1, 1, 1, 1, 1]","[0, 0, 0, 0, 0, 0, 0, 0, 0, 0, 0, 0, 1, 0, 0, 0, 0, 0, 0, 0, 0, 1, 0, 0, 0, 0, 0, 1, 2, 1, 0, 0, 0, 0, 1, 0, 0, 1, 0, 0, 0, 0, 0, 0, 0, 0, 0, 0, 1, 1, 0, 0, 0, 0, 1, 0, 0, 0, 0, 0, 0, 1, 0, 0, 1, 0, 0, 1, 0, 0, 0, 1, 1, 1, 0, 0, 0, 1, 0, 0, 0, 1, 0, 1, 1, 0, 1, 0, 0, 0, 0, 0, 0, 0, 1, 0, 0, 0, 0, 0, 0, 0, 0, 0, 0]","[1, 1, 1, 1, 1, 1, 1, 1, 1, 1, 1, 1, 2, 1, 1, 1, 1, 1, 1, 1, 1, 2, 1, 1, 1, 1, 1, 2, 3, 2, 1, 1, 1, 1, 2, 1, 1, 2, 1, 1, 1, 1, 1, 1, 1, 1, 1, 1, 2, 2, 1, 1, 1, 1, 2, 1, 1, 1, 1, 1, 1, 2, 1, 1, 2, 1, 1, 2, 1, 1, 1, 2, 2, 2, 1, 1, 1, 2, 1, 1, 1, 2, 1, 2, 2, 1, 2, 1, 1, 1, 1, 1, 1, 1, 2, 1, 1, 1, 1, 1, 1, 1, 1, 1, 1]",128,105,26,False,7
T4_D4,157,1.28,"[1, 1, 1, 2, 1, 2, 1, 2, 1, 1, 1, 1, 2, 2, 1, 2, 1, 2, 2, 1, 1, 1, 1, 1, 2, 1, 1, 1, 1, 2, 2, 1, 1, 1, 1, 2, 1, 1, 2, 2, 1, 2, 1, 1, 1, 2, 2, 1, 1, 2, 1, 1, 1, 2, 1, 1, 1, 2, 1, 1, 2, 1, 1, 1, 2, 1, 1, 1, 1, 1, 2, 1, 1, 1, 2, 1, 2, 1, 1, 1, 1, 1, 1, 1, 1, 1, 1, 2, 1, 1, 1, 1, 1, 1, 1, 2, 1, 1, 2, 1]","[0, 0, 0, 1, 0, 1, 0, 1, 0, 0, 0, 0, 1, 1, 0, 1, 0, 1, 1, 0, 0, 0, 0, 0, 1, 0, 0, 0, 0, 1, 1, 0, 0, 0, 0, 1, 0, 0, 1, 1, 0, 1, 0, 0, 0, 1, 1, 0, 0, 1, 0, 0, 0, 1, 0, 0, 0, 1, 0, 0, 1, 0, 0, 0, 1, 0, 0, 0, 0, 0, 1, 0, 0, 0, 1, 0, 1, 0, 0, 0, 0, 0, 0, 0, 0, 0, 0, 1, 0, 0, 0, 0, 0, 0, 0, 1, 0, 0, 1, 0]","[1, 1, 1, 2, 1, 2, 1, 2, 1, 1, 1, 1, 2, 2, 1, 2, 1, 2, 2, 1, 1, 1, 1, 1, 2, 1, 1, 1, 1, 2, 2, 1, 1, 1, 1, 2, 1, 1, 2, 2, 1, 2, 1, 1, 1, 2, 2, 1, 1, 2, 1, 1, 1, 2, 1, 1, 1, 2, 1, 1, 2, 1, 1, 1, 2, 1, 1, 1, 1, 1, 2, 1, 1, 1, 2, 1, 2, 1, 1, 1, 1, 1, 1, 1, 1, 1, 1, 2, 1, 1, 1, 1, 1, 1, 1, 2, 1, 1, 2, 1]",128,100,26,False,1
T4_D4,158,1.1944,"[1, 1, 1, 1, 1, 1, 1, 1, 1, 1, 1, 1, 2, 2, 1, 1, 1, 1, 1, 1, 1, 1, 1, 1, 1, 2, 1, 1, 2, 1, 2, 1, 1, 2, 1, 1, 1, 1, 1, 1, 2, 1, 1, 2, 1, 1, 1, 2, 2, 1, 2, 1, 2, 1, 2, 1, 1, 1, 1, 1, 1, 1, 1, 1, 1, 1, 1, 1, 1, 1, 2, 1, 2, 1, 1, 1, 1, 1, 1, 1, 2, 1, 1, 2, 1, 1, 1, 2, 2, 1, 1, 2, 1, 1, 1, 1, 1, 1, 1, 1, 1, 1, 1, 1, 1, 1, 1, 2]","[0, 0, 0, 0, 0, 0, 0, 0, 0, 0, 0, 0, 1, 1, 0, 0, 0, 0, 0, 0, 0, 0, 0, 0, 0, 1, 0, 0, 1, 0, 1, 0, 0, 1, 0, 0, 0, 0, 0, 0, 1, 0, 0, 1, 0, 0, 0, 1, 1, 0, 1, 0, 1, 0, 1, 0, 0, 0, 0, 0, 0, 0, 0, 0, 0, 0, 0, 0, 0, 0, 1, 0, 1, 0, 0, 0, 0, 0, 0, 0, 1, 0, 0, 1, 0, 0, 0, 1, 1, 0, 0, 1, 0, 0, 0, 0, 0, 0, 0, 0, 0, 0, 0, 0, 0, 0, 0, 1]","[1, 1, 1, 1, 1, 1, 1, 1, 1, 1, 1, 1, 2, 2, 1, 1, 1, 1, 1, 1, 1, 1, 1, 1, 1, 2, 1, 1, 2, 1, 2, 1, 1, 2, 1, 1, 1, 1, 1, 1, 2, 1, 1, 2, 1, 1, 1, 2, 2, 1, 2, 1, 2, 1, 2, 1, 1, 1, 1, 1, 1, 1, 1, 1, 1, 1, 1, 1, 1, 1, 2, 1, 2, 1, 1, 1, 1, 1, 1, 1, 2, 1, 1, 2, 1, 1, 1, 2, 2, 1, 1, 2, 1, 1, 1, 1, 1, 1, 1, 1, 1, 1, 1, 1, 1, 1, 1, 2]",128,108,26,False,1
T4_D4,159,1.2075,"[1, 1, 1, 1, 1, 1, 1, 1, 1, 2, 1, 1, 1, 1, 2, 1, 1, 1, 1, 1, 2, 1, 2, 1, 1, 2, 1, 1, 1, 1, 2, 1, 1, 1, 1, 2, 1, 1, 1, 1, 2, 1, 2, 1, 1, 1, 1, 2, 2, 1, 1, 1, 1, 1, 1, 1, 1, 1, 2, 1, 1, 1, 1, 1, 2, 2, 1, 1, 1, 1, 1, 1, 1, 1, 1, 1, 1, 1, 1, 1, 1, 2, 2, 1, 1, 1, 1, 1, 1, 1, 1, 1, 1, 3, 1, 2, 2, 2, 1, 1, 1, 1, 2, 1, 1, 1]","[0, 0, 0, 0, 0, 0, 0, 0, 0, 1, 0, 0, 0, 0, 1, 0, 0, 0, 0, 0, 1, 0, 1, 0, 0, 1, 0, 0, 0, 0, 1, 0, 0, 0, 0, 1, 0, 0, 0, 0, 1, 0, 1, 0, 0, 0, 0, 1, 1, 0, 0, 0, 0, 0, 0, 0, 0, 0, 1, 0, 0, 0, 0, 0, 1, 1, 0, 0, 0, 0, 0, 0, 0, 0, 0, 0, 0, 0, 0, 0, 0, 1, 1, 0, 0, 0, 0, 0, 0, 0, 0, 0, 0, 2, 0, 1, 1, 1, 0, 0, 0, 0, 1, 0, 0, 0]","[1, 1, 1, 1, 1, 1, 1, 1, 1, 2, 1, 1, 1, 1, 2, 1, 1, 1, 1, 1, 2, 1, 2, 1, 1, 2, 1, 1, 1, 1, 2, 1, 1, 1, 1, 2, 1, 1, 1, 1, 2, 1, 2, 1, 1, 1, 1, 2, 2, 1, 1, 1, 1, 1, 1, 1, 1, 1, 2, 1, 1, 1, 1, 1, 2, 2, 1, 1, 1, 1, 1, 1, 1, 1, 1, 1, 1, 1, 1, 1, 1, 2, 2, 1, 1, 1, 1, 1, 1, 1, 1, 1, 1, 3, 1, 2, 2, 2, 1, 1, 1, 1, 2, 1, 1, 1]",128,106,26,False,36
T4_D4,160,1.28,"[1, 1, 1, 2, 1, 2, 1, 1, 1, 2, 2, 1, 1, 1, 1, 1, 1, 2, 1, 2, 2, 2, 1, 2, 1, 1, 1, 2, 1, 2, 1, 2, 1, 2, 1, 1, 1, 2, 1, 1, 1, 1, 1, 2, 1, 1, 1, 1, 1, 1, 1, 2, 1, 1, 1, 1, 2, 1, 2, 1, 1, 1, 1, 1, 1, 1, 2, 1, 1, 1, 1, 1, 2, 1, 2, 1, 1, 1, 1, 1, 2, 1, 1, 1, 1, 2, 1, 2, 1, 1, 2, 1, 1, 1, 1, 1, 2, 2, 2, 1]","[0, 0, 0, 1, 0, 1, 0, 0, 0, 1, 1, 0, 0, 0, 0, 0, 0, 1, 0, 1, 1, 1, 0, 1, 0, 0, 0, 1, 0, 1, 0, 1, 0, 1, 0, 0, 0, 1, 0, 0, 0, 0, 0, 1, 0, 0, 0, 0, 0, 0, 0, 1, 0, 0, 0, 0, 1, 0, 1, 0, 0, 0, 0, 0, 0, 0, 1, 0, 0, 0, 0, 0, 1, 0, 1, 0, 0, 0, 0, 0, 1, 0, 0, 0, 0, 1, 0, 1, 0, 0, 1, 0, 0, 0, 0, 0, 1, 1, 1, 0]","[1, 1, 1, 2, 1, 2, 1, 1, 1, 2, 2, 1, 1, 1, 1, 1, 1, 2, 1, 2, 2, 2, 1, 2, 1, 1, 1, 2, 1, 2, 1, 2, 1, 2, 1, 1, 1, 2, 1, 1, 1, 1, 1, 2, 1, 1, 1, 1, 1, 1, 1, 2, 1, 1, 1, 1, 2, 1, 2, 1, 1, 1, 1, 1, 1, 1, 2, 1, 1, 1, 1, 1, 2, 1, 2, 1, 1, 1, 1, 1, 2, 1, 1, 1, 1, 2, 1, 2, 1, 1, 2, 1, 1, 1, 1, 1, 2, 2, 2, 1]",128,100,26,False,1
