cell,prompt_id,mean_acceptance,acceptance_list,accepted_depths,first_rejection_depths,n_new_tokens,n_cycles,tree_size,exact_match,first_mismatch
T16_D16,81,3.2,"[3, 6, 1, 4, 6, 5, 5, 4, 4, 3, 2, 4, 4, 1, 3, 4, 2, 2, 3, 1, 3, 4, 4, 2, 2, 1, 5, 4, 4, 6, 1, 2, 4, 3, 3, 4, 3, 2, 2, 2]","[2, 5, 0, 3, 5, 4, 4, 3, 3, 2, 1, 3, 3, 0, 2, 3, 1, 1, 2, 0, 2, 3, 3, 1, 1, 0, 4, 3, 3, 5, 0, 1, 3, 2, 2, 3, 2, 1, 1, 1]","[3, 5, 1, 4, 5, 5, 5, 4, 4, 3, 2, 4, 4, 1, 3, 4, 2, 2, 3, 1, 3, 4, 4, 2, 2, 1, 5, 4, 4, 5, 1, 2, 4, 3, 3, 4, 3, 2, 2, 2]",128,40,26,True,-1
T16_D16,82,4.3,"[4, 4, 3, 4, 6, 4, 6, 6, 6, 5, 6, 4, 2, 3, 3, 4, 4, 6, 4, 5, 4, 4, 4, 3, 4, 5, 5, 4, 3, 4]","[3, 3, 2, 3, 5, 3, 5, 5, 5, 4, 5, 3, 1, 2, 2, 3, 3, 5, 3, 4, 3, 3, 3, 2, 3, 4, 4, 3, 2, 3]","[4, 4, 3, 4, 5, 4, 5, 5, 5, 5, 5, 4, 2, 3, 3, 4, 4, 5, 4, 5, 4, 4, 4, 3, 4, 5, 5, 4, 3, 4]",128,30,26,True,-1
T16_D16,83,3.7647,"[6, 4, 4, 6, 6, 6, 3, 4, 4, 4, 4, 2, 6, 4, 3, 3, 4, 6, 4, 1, 1, 5, 4, 4, 1, 3, 6, 6, 3, 4, 1, 1, 1, 4]","[5, 3, 3, 5, 5, 5, 2, 3, 3, 3, 3, 1, 5, 3, 2, 2, 3, 5, 3, 0, 0, 4, 3, 3, 0, 2, 5, 5, 2, 3, 0, 0, 0, 3]","[5, 4, 4, 5, 5, 5, 3, 4, 4, 4, 4, 2, 5, 4, 3, 3, 4, 5, 4, 1, 1, 5, 4, 4, 1, 3, 5, 5, 3, 4, 1, 1, 1, 4]",128,34,26,True,-1
T16_D16,84,3.5135,"[4, 2, 3, 4, 3, 6, 2, 2, 6, 5, 4, 2, 3, 2, 2, 4, 2, 4, 1, 4, 4, 3, 2, 4, 4, 3, 6, 5, 1, 4, 4, 6, 3, 4, 4, 4, 4]","[3, 1, 2, 3, 2, 5, 1, 1, 5, 4, 3, 1, 2, 1, 1, 3, 1, 3, 0, 3, 3, 2, 1, 3, 3, 2, 5, 4, 0, 3, 3, 5, 2, 3, 3, 3, 3]","[4, 2, 3, 4, 3, 5, 2, 2, 5, 5, 4, 2, 3, 2, 2, 4, 2, 4, 1, 4, 4, 3, 2, 4, 4, 3, 5, 5, 1, 4, 4, 5, 3, 4, 4, 4, 4]",128,37,26,True,-1
T16_D16,85,2.6,"[1, 5, 3, 2, 3, 3, 4, 4, 1, 3, 3, 3, 4, 2, 3, 3, 2, 1, 3, 2, 2, 3, 2, 2, 2, 1, 2, 3, 1, 1, 2, 2, 4, 3, 1, 4, 2, 3, 3, 3, 2, 3, 5, 2, 2, 3, 2, 3, 3, 4]","[0, 4, 2, 1, 2, 2, 3, 3, 0, 2, 2, 2, 3, 1, 2, 2, 1, 0, 2, 1, 1, 2, 1, 1, 1, 0, 1, 2, 0, 0, 1, 1, 3, 2, 0, 3, 1, 2, 2, 2, 1, 2, 4, 1, 1, 2, 1, 2, 2, 3]","[1, 5, 3, 2, 3, 3, 4, 4, 1, 3, 3, 3, 4, 2, 3, 3, 2, 1, 3, 2, 2, 3, 2, 2, 2, 1, 2, 3, 1, 1, 2, 2, 4, 3, 1, 4, 2, 3, 3, 3, 2, 3, 5, 2, 2, 3, 2, 3, 3, 4]",128,50,26,True,-1
T16_D16,86,2.6122,"[3, 4, 6, 6, 3, 4, 1, 4, 1, 2, 3, 3, 1, 2, 4, 3, 2, 1, 4, 3, 2, 1, 2, 3, 3, 1, 1, 3, 1, 1, 3, 2, 4, 2, 3, 1, 5, 4, 2, 3, 2, 4, 2, 2, 2, 1, 2, 2, 4]","[2, 3, 5, 5, 2, 3, 0, 3, 0, 1, 2, 2, 0, 1, 3, 2, 1, 0, 3, 2, 1, 0, 1, 2, 2, 0, 0, 2, 0, 0, 2, 1, 3, 1, 2, 0, 4, 3, 1, 2, 1, 3, 1, 1, 1, 0, 1, 1, 3]","[3, 4, 5, 5, 3, 4, 1, 4, 1, 2, 3, 3, 1, 2, 4, 3, 2, 1, 4, 3, 2, 1, 2, 3, 3, 1, 1, 3, 1, 1, 3, 2, 4, 2, 3, 1, 5, 4, 2, 3, 2, 4, 2, 2, 2, 1, 2, 2, 4]",128,49,26,True,-1
T16_D16,87,2.9545,"[3, 4, 5, 3, 5, 6, 3, 4, 6, 3, 3, 2, 3, 5, 1, 2, 2, 2, 3, 3, 3, 2, 3, 1, 2, 4, 4, 4, 3, 2, 1, 1, 2, 4, 2, 2, 3, 2, 2, 3, 4, 1, 4, 3]","[2, 3, 4, 2, 4, 5, 2, 3, 5, 2, 2, 1, 2, 4, 0, 1, 1, 1, 2, 2, 2, 1, 2, 0, 1, 3, 3, 3, 2, 1, 0, 0, 1, 3, 1, 1, 2, 1, 1, 2, 3, 0, 3, 2]","[3, 4, 5, 3, 5, 5, 3, 4, 5, 3, 3, 2, 3, 5, 1, 2, 2, 2, 3, 3, 3, 2, 3, 1, 2, 4, 4, 4, 3, 2, 1, 1, 2, 4, 2, 2, 3, 2, 2, 3, 4, 1, 4, 3]",128,44,26,True,-1
T16_D16,88,2.9767,"[1, 3, 3, 2, 4, 4, 3, 2, 2, 4, 5, 4, 3, 3, 4, 3, 1, 2, 3, 5, 3, 2, 3, 2, 3, 2, 1, 1, 4, 4, 2, 4, 2, 5, 1, 5, 2, 5, 4, 2, 4, 3, 3]","[0, 2, 2, 1, 3, 3, 2, 1, 1, 3, 4, 3, 2, 2, 3, 2, 0, 1, 2, 4, 2, 1, 2, 1, 2, 1, 0, 0, 3, 3, 1, 3, 1, 4, 0, 4, 1, 4, 3, 1, 3, 2, 2]","[1, 3, 3, 2, 4, 4, 3, 2, 2, 4, 5, 4, 3, 3, 4, 3, 1, 2, 3, 5, 3, 2, 3, 2, 3, 2, 1, 1, 4, 4, 2, 4, 2, 5, 1, 5, 2, 5, 4, 2, 4, 3, 3]",128,43,26,True,-1
T16_D16,89,3.7647,"[3, 3, 6, 6, 2, 6, 4, 4, 5, 4, 3, 6, 5, 6, 2, 3, 5, 1, 4, 1, 2, 4, 1, 4, 5, 2, 4, 2, 4, 3, 4, 6, 4, 4]","[2, 2, 5, 5, 1, 5, 3, 3, 4, 3, 2, 5, 4, 5, 1, 2, 4, 0, 3, 0, 1, 3, 0, 3, 4, 1, 3, 1, 3, 2, 3, 5, 3, 3]","[3, 3, 5, 5, 2, 5, 4, 4, 5, 4, 3, 5, 5, 5, 2, 3, 5, 1, 4, 1, 2, 4, 1, 4, 5, 2, 4, 2, 4, 3, 4, 5, 4, 4]",128,34,26,True,-1
T16_D16,90,3.625,"[3, 6, 5, 4, 2, 4, 3, 4, 3, 3, 1, 4, 4, 5, 2, 2, 4, 4, 5, 4, 4, 5, 5, 1]","[2, 5, 4, 3, 1, 3, 2, 3, 2, 2, 0, 3, 3, 4, 1, 1, 3, 3, 4, 3, 3, 4, 4, 0]","[3, 5, 5, 4, 2, 4, 3, 4, 3, 3, 1, 4, 4, 5, 2, 2, 4, 4, 5, 4, 4, 5, 5, 1]",87,24,26,True,-1
T16_D16,91,3.0952,"[1, 4, 3, 4, 3, 1, 4, 6, 4, 2, 4, 5, 2, 2, 2, 3, 2, 4, 3, 4, 3, 2, 4, 2, 2, 3, 4, 2, 2, 4, 1, 2, 3, 4, 4, 3, 1, 4, 5, 4, 4, 4]","[0, 3, 2, 3, 2, 0, 3, 5, 3, 1, 3, 4, 1, 1, 1, 2, 1, 3, 2, 3, 2, 1, 3, 1, 1, 2, 3, 1, 1, 3, 0, 1, 2, 3, 3, 2, 0, 3, 4, 3, 3, 3]","[1, 4, 3, 4, 3, 1, 4, 5, 4, 2, 4, 5, 2, 2, 2, 3, 2, 4, 3, 4, 3, 2, 4, 2, 2, 3, 4, 2, 2, 4, 1, 2, 3, 4, 4, 3, 1, 4, 5, 4, 4, 4]",128,42,26,True,-1
T16_D16,92,2.6939,"[3, 3, 3, 3, 3, 3, 2, 3, 4, 4, 1, 1, 1, 4, 4, 1, 3, 2, 4, 4, 1, 2, 1, 3, 1, 4, 2, 3, 2, 4, 2, 3, 2, 2, 2, 3, 5, 2, 1, 5, 2, 3, 2, 2, 3, 3, 4, 2, 5]","[2, 2, 2, 2, 2, 2, 1, 2, 3, 3, 0, 0, 0, 3, 3, 0, 2, 1, 3, 3, 0, 1, 0, 2, 0, 3, 1, 2, 1, 3, 1, 2, 1, 1, 1, 2, 4, 1, 0, 4, 1, 2, 1, 1, 2, 2, 3, 1, 4]","[3, 3, 3, 3, 3, 3, 2, 3, 4, 4, 1, 1, 1, 4, 4, 1, 3, 2, 4, 4, 1, 2, 1, 3, 1, 4, 2, 3, 2, 4, 2, 3, 2, 2, 2, 3, 5, 2, 1, 5, 2, 3, 2, 2, 3, 3, 4, 2, 5]",128,49,26,True,-1
T16_D16,93,3.5556,"[6, 6, 3, 3, 4, 4, 6, 2, 4, 4, 4, 4, 5, 4, 2, 5, 4, 3, 1, 2, 2, 4, 4, 4, 5, 4, 2, 3, 4, 4, 1, 1, 4, 3, 3, 4]","[5, 5, 2, 2, 3, 3, 5, 1, 3, 3, 3, 3, 4, 3, 1, 4, 3, 2, 0, 1, 1, 3, 3, 3, 4, 3, 1, 2, 3, 3, 0, 0, 3, 2, 2, 3]","[5, 5, 3, 3, 4, 4, 5, 2, 4, 4, 4, 4, 5, 4, 2, 5, 4, 3, 1, 2, 2, 4, 4, 4, 5, 4, 2, 3, 4, 4, 1, 1, 4, 3, 3, 4]",128,36,26,True,-1
T16_D16,94,3.2353,"[6, 5, 1, 2, 5, 6, 4, 4, 2, 2, 2, 3, 2, 2, 3, 4, 2]","[5, 4, 0, 1, 4, 5, 3, 3, 1, 1, 1, 2, 1, 1, 2, 3, 1]","[5, 5, 1, 2, 5, 5, 4, 4, 2, 2, 2, 3, 2, 2, 3, 4, 2]",55,17,26,True,-1
T16_D16,95,3.2821,"[5, 6, 2, 3, 2, 2, 3, 4, 4, 2, 1, 2, 1, 4, 2, 3, 2, 2, 4, 4, 6, 4, 6, 3, 2, 6, 5, 3, 3, 4, 3, 2, 6, 2, 2, 3, 4, 3, 3]","[4, 5, 1, 2, 1, 1, 2, 3, 3, 1, 0, 1, 0, 3, 1, 2, 1, 1, 3, 3, 5, 3, 5, 2, 1, 5, 4, 2, 2, 3, 2, 1, 5, 1, 1, 2, 3, 2, 2]","[5, 5, 2, 3, 2, 2, 3, 4, 4, 2, 1, 2, 1, 4, 2, 3, 2, 2, 4, 4, 5, 4, 5, 3, 2, 5, 5, 3, 3, 4, 3, 2, 5, 2, 2, 3, 4, 3, 3]",128,39,26,True,-1
T16_D16,96,3.9091,"[1, 3, 5, 4, 3, 4, 6, 4, 2, 4, 5, 6, 3, 4, 4, 5, 3, 5, 5, 2, 4, 5, 5, 3, 4, 6, 2, 4, 1, 4, 4, 6, 3]","[0, 2, 4, 3, 2, 3, 5, 3, 1, 3, 4, 5, 2, 3, 3, 4, 2, 4, 4, 1, 3, 4, 4, 2, 3, 5, 1, 3, 0, 3, 3, 5, 2]","[1, 3, 5, 4, 3, 4, 5, 4, 2, 4, 5, 5, 3, 4, 4, 5, 3, 5, 5, 2, 4, 5, 5, 3, 4, 5, 2, 4, 1, 4, 4, 5, 3]",128,33,26,True,-1
T16_D16,97,3.7143,"[4, 6, 3, 2, 6, 4, 2, 2, 6, 6, 2, 3, 4, 4, 4, 4, 1, 6, 3, 3, 6, 4, 2, 6, 2, 3, 6, 4, 2, 2, 5, 2, 2, 3, 6]","[3, 5, 2, 1, 5, 3, 1, 1, 5, 5, 1, 2, 3, 3, 3, 3, 0, 5, 2, 2, 5, 3, 1, 5, 1, 2, 5, 3, 1, 1, 4, 1, 1, 2, 5]","[4, 5, 3, 2, 5, 4, 2, 2, 5, 5, 2, 3, 4, 4, 4, 4, 1, 5, 3, 3, 5, 4, 2, 5, 2, 3, 5, 4, 2, 2, 5, 2, 2, 3, 5]",128,35,26,True,-1
T16_D16,98,2.9111,"[3, 2, 1, 3, 2, 3, 2, 5, 4, 6, 1, 1, 2, 4, 4, 2, 2, 3, 2, 3, 4, 3, 4, 1, 4, 3, 3, 1, 4, 3, 2, 5, 3, 2, 2, 4, 3, 1, 4, 4, 4, 3, 4, 1, 4]","[2, 1, 0, 2, 1, 2, 1, 4, 3, 5, 0, 0, 1, 3, 3, 1, 1, 2, 1, 2, 3, 2, 3, 0, 3, 2, 2, 0, 3, 2, 1, 4, 2, 1, 1, 3, 2, 0, 3, 3, 3, 2, 3, 0, 3]","[3, 2, 1, 3, 2, 3, 2, 5, 4, 5, 1, 1, 2, 4, 4, 2, 2, 3, 2, 3, 4, 3, 4, 1, 4, 3, 3, 1, 4, 3, 2, 5, 3, 2, 2, 4, 3, 1, 4, 4, 4, 3, 4, 1, 4]",128,45,26,True,-1
T16_D16,99,3.3333,"[1, 2, 3, 4, 4, 3, 2, 6, 6, 2, 5, 4, 6, 6, 3, 3, 2, 2, 3, 4, 2, 1, 1, 4, 4, 3, 3, 3, 4, 2, 3, 2, 4, 5, 4, 6, 4, 1, 3]","[0, 1, 2, 3, 3, 2, 1, 5, 5, 1, 4, 3, 5, 5, 2, 2, 1, 1, 2, 3, 1, 0, 0, 3, 3, 2, 2, 2, 3, 1, 2, 1, 3, 4, 3, 5, 3, 0, 2]","[1, 2, 3, 4, 4, 3, 2, 5, 5, 2, 5, 4, 5, 5, 3, 3, 2, 2, 3, 4, 2, 1, 1, 4, 4, 3, 3, 3, 4, 2, 3, 2, 4, 5, 4, 5, 4, 1, 3]",128,39,26,True,-1
T16_D16,100,2.9091,"[3, 1, 2, 2, 4, 3, 3, 4, 2, 2, 1, 3, 2, 4, 3, 1, 3, 5, 3, 5, 1, 2, 2, 3, 4, 2, 1, 2, 3, 2, 5, 2, 6, 4, 4, 3, 6, 4, 3, 3, 3, 4, 2, 1]","[2, 0, 1, 1, 3, 2, 2, 3, 1, 1, 0, 2, 1, 3, 2, 0, 2, 4, 2, 4, 0, 1, 1, 2, 3, 1, 0, 1, 2, 1, 4, 1, 5, 3, 3, 2, 5, 3, 2, 2, 2, 3, 1, 0]","[3, 1, 2, 2, 4, 3, 3, 4, 2, 2, 1, 3, 2, 4, 3, 1, 3, 5, 3, 5, 1, 2, 2, 3, 4, 2, 1, 2, 3, 2, 5, 2, 5, 4, 4, 3, 5, 4, 3, 3, 3, 4, 2, 1]",128,44,26,True,-1
T16_D16,101,3.2941,"[1, 4, 4, 5, 1, 5, 6, 6, 3, 1, 4, 2, 2, 4, 2, 3, 5, 3, 1, 4, 5, 3, 4, 3, 2, 1, 4, 3, 3, 3, 3, 6, 4, 2]","[0, 3, 3, 4, 0, 4, 5, 5, 2, 0, 3, 1, 1, 3, 1, 2, 4, 2, 0, 3, 4, 2, 3, 2, 1, 0, 3, 2, 2, 2, 2, 5, 3, 1]","[1, 4, 4, 5, 1, 5, 5, 5, 3, 1, 4, 2, 2, 4, 2, 3, 5, 3, 1, 4, 5, 3, 4, 3, 2, 1, 4, 3, 3, 3, 3, 5, 4, 2]",112,34,26,True,-1
T16_D16,102,3.2353,"[1, 3, 1, 2, 6, 4, 4, 3, 4, 2, 6, 6, 3, 5, 3, 3, 6, 2, 2, 2, 3, 2, 2, 4, 3, 1, 2, 2, 2, 3, 4, 6, 4, 4]","[0, 2, 0, 1, 5, 3, 3, 2, 3, 1, 5, 5, 2, 4, 2, 2, 5, 1, 1, 1, 2, 1, 1, 3, 2, 0, 1, 1, 1, 2, 3, 5, 3, 3]","[1, 3, 1, 2, 5, 4, 4, 3, 4, 2, 5, 5, 3, 5, 3, 3, 5, 2, 2, 2, 3, 2, 2, 4, 3, 1, 2, 2, 2, 3, 4, 5, 4, 4]",110,34,26,True,-1
T16_D16,103,3.7647,"[1, 4, 4, 4, 5, 4, 4, 4, 2, 5, 6, 4, 6, 3, 6, 1, 6, 4, 4, 6, 2, 3, 4, 6, 3, 4, 2, 3, 4, 1, 3, 2, 4, 4]","[0, 3, 3, 3, 4, 3, 3, 3, 1, 4, 5, 3, 5, 2, 5, 0, 5, 3, 3, 5, 1, 2, 3, 5, 2, 3, 1, 2, 3, 0, 2, 1, 3, 3]","[1, 4, 4, 4, 5, 4, 4, 4, 2, 5, 5, 4, 5, 3, 5, 1, 5, 4, 4, 5, 2, 3, 4, 5, 3, 4, 2, 3, 4, 1, 3, 2, 4, 4]",128,34,26,True,-1
T16_D16,104,3.7826,"[2, 5, 5, 4, 2, 5, 4, 4, 6, 2, 4, 4, 5, 3, 6, 4, 3, 5, 2, 2, 4, 5, 1]","[1, 4, 4, 3, 1, 4, 3, 3, 5, 1, 3, 3, 4, 2, 5, 3, 2, 4, 1, 1, 3, 4, 0]","[2, 5, 5, 4, 2, 5, 4, 4, 5, 2, 4, 4, 5, 3, 5, 4, 3, 5, 2, 2, 4, 5, 1]",87,23,26,True,-1
T16_D16,105,3.9524,"[3, 4, 6, 4, 5, 6, 4, 3, 3, 4, 3, 1, 4, 3, 3, 5, 4, 2, 6, 6, 4]","[2, 3, 5, 3, 4, 5, 3, 2, 2, 3, 2, 0, 3, 2, 2, 4, 3, 1, 5, 5, 3]","[3, 4, 5, 4, 5, 5, 4, 3, 3, 4, 3, 1, 4, 3, 3, 5, 4, 2, 5, 5, 4]",83,21,26,True,-1
T16_D16,106,3.8788,"[3, 3, 4, 4, 2, 6, 1, 4, 4, 4, 6, 2, 6, 4, 3, 2, 2, 6, 2, 6, 5, 4, 3, 6, 4, 4, 3, 4, 4, 3, 6, 3, 5]","[2, 2, 3, 3, 1, 5, 0, 3, 3, 3, 5, 1, 5, 3, 2, 1, 1, 5, 1, 5, 4, 3, 2, 5, 3, 3, 2, 3, 3, 2, 5, 2, 4]","[3, 3, 4, 4, 2, 5, 1, 4, 4, 4, 5, 2, 5, 4, 3, 2, 2, 5, 2, 5, 5, 4, 3, 5, 4, 4, 3, 4, 4, 3, 5, 3, 5]",128,33,26,True,-1
T16_D16,107,4.037,"[2, 5, 5, 6, 6, 4, 1, 4, 5, 6, 3, 6, 5, 4, 4, 4, 4, 3, 4, 3, 3, 2, 5, 2, 6, 4, 3]","[1, 4, 4, 5, 5, 3, 0, 3, 4, 5, 2, 5, 4, 3, 3, 3, 3, 2, 3, 2, 2, 1, 4, 1, 5, 3, 2]","[2, 5, 5, 5, 5, 4, 1, 4, 5, 5, 3, 5, 5, 4, 4, 4, 4, 3, 4, 3, 3, 2, 5, 2, 5, 4, 3]",109,27,26,True,-1
T16_D16,108,3.7241,"[1, 3, 4, 5, 4, 1, 4, 3, 2, 3, 2, 4, 5, 6, 4, 6, 3, 3, 3, 6, 2, 5, 4, 2, 5, 4, 3, 5, 6]","[0, 2, 3, 4, 3, 0, 3, 2, 1, 2, 1, 3, 4, 5, 3, 5, 2, 2, 2, 5, 1, 4, 3, 1, 4, 3, 2, 4, 5]","[1, 3, 4, 5, 4, 1, 4, 3, 2, 3, 2, 4, 5, 5, 4, 5, 3, 3, 3, 5, 2, 5, 4, 2, 5, 4, 3, 5, 5]",108,29,26,True,-1
T16_D16,109,3.7429,"[3, 6, 4, 2, 6, 2, 3, 4, 6, 5, 1, 4, 6, 4, 4, 1, 4, 6, 2, 6, 4, 4, 2, 4, 2, 2, 5, 4, 2, 4, 3, 6, 4, 2, 4]","[2, 5, 3, 1, 5, 1, 2, 3, 5, 4, 0, 3, 5, 3, 3, 0, 3, 5, 1, 5, 3, 3, 1, 3, 1, 1, 4, 3, 1, 3, 2, 5, 3, 1, 3]","[3, 5, 4, 2, 5, 2, 3, 4, 5, 5, 1, 4, 5, 4, 4, 1, 4, 5, 2, 5, 4, 4, 2, 4, 2, 2, 5, 4, 2, 4, 3, 5, 4, 2, 4]",128,35,26,False,30
T16_D16,110,3.3684,"[3, 6, 4, 1, 3, 4, 6, 4, 2, 3, 4, 4, 6, 2, 3, 2, 2, 3, 5, 2, 2, 3, 1, 3, 4, 6, 5, 2, 2, 3, 2, 3, 6, 3, 4, 4, 3, 3]","[2, 5, 3, 0, 2, 3, 5, 3, 1, 2, 3, 3, 5, 1, 2, 1, 1, 2, 4, 1, 1, 2, 0, 2, 3, 5, 4, 1, 1, 2, 1, 2, 5, 2, 3, 3, 2, 2]","[3, 5, 4, 1, 3, 4, 5, 4, 2, 3, 4, 4, 5, 2, 3, 2, 2, 3, 5, 2, 2, 3, 1, 3, 4, 5, 5, 2, 2, 3, 2, 3, 5, 3, 4, 4, 3, 3]",128,38,26,True,-1
T16_D16,111,3.8235,"[3, 3, 4, 4, 3, 2, 6, 5, 4, 2, 4, 2, 6, 5, 3, 6, 3, 4, 2, 3, 4, 6, 4, 6, 4, 1, 3, 6, 4, 1, 4, 4, 4, 5]","[2, 2, 3, 3, 2, 1, 5, 4, 3, 1, 3, 1, 5, 4, 2, 5, 2, 3, 1, 2, 3, 5, 3, 5, 3, 0, 2, 5, 3, 0, 3, 3, 3, 4]","[3, 3, 4, 4, 3, 2, 5, 5, 4, 2, 4, 2, 5, 5, 3, 5, 3, 4, 2, 3, 4, 5, 4, 5, 4, 1, 3, 5, 4, 1, 4, 4, 4, 5]",128,34,26,True,-1
T16_D16,112,4.0,"[3, 3, 3, 2, 3, 2, 3, 2, 6, 5, 6, 6, 5, 6, 5, 6, 5, 6, 3, 4, 6, 1, 4, 5, 6, 4, 3, 2, 5, 4, 2, 2]","[2, 2, 2, 1, 2, 1, 2, 1, 5, 4, 5, 5, 4, 5, 4, 5, 4, 5, 2, 3, 5, 0, 3, 4, 5, 3, 2, 1, 4, 3, 1, 1]","[3, 3, 3, 2, 3, 2, 3, 2, 5, 5, 5, 5, 5, 5, 5, 5, 5, 5, 3, 4, 5, 1, 4, 5, 5, 4, 3, 2, 5, 4, 2, 2]",128,32,26,False,21
T16_D16,113,3.5833,"[3, 4, 4, 2, 4, 4, 5, 2, 4, 3, 3, 2, 1, 4, 1, 1, 5, 4, 3, 2, 6, 6, 6, 4, 2, 3, 2, 2, 6, 2, 4, 6, 6, 5, 2, 6]","[2, 3, 3, 1, 3, 3, 4, 1, 3, 2, 2, 1, 0, 3, 0, 0, 4, 3, 2, 1, 5, 5, 5, 3, 1, 2, 1, 1, 5, 1, 3, 5, 5, 4, 1, 5]","[3, 4, 4, 2, 4, 4, 5, 2, 4, 3, 3, 2, 1, 4, 1, 1, 5, 4, 3, 2, 5, 5, 5, 4, 2, 3, 2, 2, 5, 2, 4, 5, 5, 5, 2, 5]",128,36,26,True,-1
T16_D16,114,3.2432,"[1, 6, 5, 3, 3, 5, 5, 4, 2, 2, 1, 1, 3, 1, 3, 2, 3, 5, 5, 1, 2, 4, 6, 5, 2, 5, 5, 5, 4, 3, 4, 1, 1, 1, 4, 6, 1]","[0, 5, 4, 2, 2, 4, 4, 3, 1, 1, 0, 0, 2, 0, 2, 1, 2, 4, 4, 0, 1, 3, 5, 4, 1, 4, 4, 4, 3, 2, 3, 0, 0, 0, 3, 5, 0]","[1, 5, 5, 3, 3, 5, 5, 4, 2, 2, 1, 1, 3, 1, 3, 2, 3, 5, 5, 1, 2, 4, 5, 5, 2, 5, 5, 5, 4, 3, 4, 1, 1, 1, 4, 5, 1]",120,37,26,True,-1
T16_D16,115,4.0,"[3, 3, 3, 5, 1, 4, 2, 1, 3, 4, 3, 4, 4, 6, 4, 4, 2, 6, 5, 3, 5, 5, 4, 4, 3, 6, 6, 6, 3, 4, 6, 6]","[2, 2, 2, 4, 0, 3, 1, 0, 2, 3, 2, 3, 3, 5, 3, 3, 1, 5, 4, 2, 4, 4, 3, 3, 2, 5, 5, 5, 2, 3, 5, 5]","[3, 3, 3, 5, 1, 4, 2, 1, 3, 4, 3, 4, 4, 5, 4, 4, 2, 5, 5, 3, 5, 5, 4, 4, 3, 5, 5, 5, 3, 4, 5, 5]",128,32,26,True,-1
T16_D16,116,3.5833,"[3, 3, 3, 4, 1, 4, 5, 4, 4, 5, 4, 6, 2, 2, 3, 4, 3, 2, 1, 3, 6, 4, 4, 4, 5, 6, 4, 5, 1, 2, 2, 2, 5, 3, 4, 6]","[2, 2, 2, 3, 0, 3, 4, 3, 3, 4, 3, 5, 1, 1, 2, 3, 2, 1, 0, 2, 5, 3, 3, 3, 4, 5, 3, 4, 0, 1, 1, 1, 4, 2, 3, 5]","[3, 3, 3, 4, 1, 4, 5, 4, 4, 5, 4, 5, 2, 2, 3, 4, 3, 2, 1, 3, 5, 4, 4, 4, 5, 5, 4, 5, 1, 2, 2, 2, 5, 3, 4, 5]",128,36,26,True,-1
T16_D16,117,3.7647,"[1, 4, 4, 6, 4, 6, 6, 4, 3, 4, 4, 3, 4, 6, 3, 2, 3, 6, 2, 1, 3, 2, 3, 2, 2, 5, 4, 2, 1, 5, 6, 6, 6, 5]","[0, 3, 3, 5, 3, 5, 5, 3, 2, 3, 3, 2, 3, 5, 2, 1, 2, 5, 1, 0, 2, 1, 2, 1, 1, 4, 3, 1, 0, 4, 5, 5, 5, 4]","[1, 4, 4, 5, 4, 5, 5, 4, 3, 4, 4, 3, 4, 5, 3, 2, 3, 5, 2, 1, 3, 2, 3, 2, 2, 5, 4, 2, 1, 5, 5, 5, 5, 5]",128,34,26,False,7
T16_D16,118,3.8529,"[1, 4, 6, 4, 3, 6, 2, 2, 4, 4, 4, 6, 6, 2, 2, 1, 2, 5, 6, 4, 4, 5, 2, 3, 5, 4, 3, 4, 5, 4, 3, 6, 5, 4]","[0, 3, 5, 3, 2, 5, 1, 1, 3, 3, 3, 5, 5, 1, 1, 0, 1, 4, 5, 3, 3, 4, 1, 2, 4, 3, 2, 3, 4, 3, 2, 5, 4, 3]","[1, 4, 5, 4, 3, 5, 2, 2, 4, 4, 4, 5, 5, 2, 2, 1, 2, 5, 5, 4, 4, 5, 2, 3, 5, 4, 3, 4, 5, 4, 3, 5, 5, 4]",128,34,26,True,-1
T16_D16,119,3.6571,"[3, 4, 2, 2, 3, 2, 3, 4, 4, 4, 4, 6, 2, 6, 5, 4, 2, 3, 5, 3, 5, 6, 3, 2, 5, 5, 4, 6, 4, 4, 3, 2, 2, 3, 3]","[2, 3, 1, 1, 2, 1, 2, 3, 3, 3, 3, 5, 1, 5, 4, 3, 1, 2, 4, 2, 4, 5, 2, 1, 4, 4, 3, 5, 3, 3, 2, 1, 1, 2, 2]","[3, 4, 2, 2, 3, 2, 3, 4, 4, 4, 4, 5, 2, 5, 5, 4, 2, 3, 5, 3, 5, 5, 3, 2, 5, 5, 4, 5, 4, 4, 3, 2, 2, 3, 3]",128,35,26,False,11
T16_D16,120,3.8,"[3, 3, 3, 2, 2, 1, 6, 6, 5, 3, 5, 6, 4, 4, 3, 4, 4, 6, 1, 6, 4, 3, 2, 4, 4, 2, 4, 3, 6, 3, 5, 5, 2, 3, 6]","[2, 2, 2, 1, 1, 0, 5, 5, 4, 2, 4, 5, 3, 3, 2, 3, 3, 5, 0, 5, 3, 2, 1, 3, 3, 1, 3, 2, 5, 2, 4, 4, 1, 2, 5]","[3, 3, 3, 2, 2, 1, 5, 5, 5, 3, 5, 5, 4, 4, 3, 4, 4, 5, 1, 5, 4, 3, 2, 4, 4, 2, 4, 3, 5, 3, 5, 5, 2, 3, 5]",128,35,26,True,-1
T16_D16,121,4.0312,"[3, 4, 4, 4, 1, 4, 2, 1, 6, 3, 5, 4, 6, 5, 3, 4, 4, 6, 4, 3, 4, 4, 5, 6, 4, 4, 6, 3, 4, 5, 6, 2]","[2, 3, 3, 3, 0, 3, 1, 0, 5, 2, 4, 3, 5, 4, 2, 3, 3, 5, 3, 2, 3, 3, 4, 5, 3, 3, 5, 2, 3, 4, 5, 1]","[3, 4, 4, 4, 1, 4, 2, 1, 5, 3, 5, 4, 5, 5, 3, 4, 4, 5, 4, 3, 4, 4, 5, 5, 4, 4, 5, 3, 4, 5, 5, 2]",128,32,26,True,-1
T16_D16,122,4.3333,"[1, 2, 4, 4, 2, 1, 5, 3, 4, 5, 5, 5, 3, 3, 4, 4, 6, 6, 6, 6, 4, 4, 3, 6, 6, 6, 6, 4, 6, 6]","[0, 1, 3, 3, 1, 0, 4, 2, 3, 4, 4, 4, 2, 2, 3, 3, 5, 5, 5, 5, 3, 3, 2, 5, 5, 5, 5, 3, 5, 5]","[1, 2, 4, 4, 2, 1, 5, 3, 4, 5, 5, 5, 3, 3, 4, 4, 5, 5, 5, 5, 4, 4, 3, 5, 5, 5, 5, 4, 5, 5]",128,30,26,True,-1
T16_D16,123,4.6786,"[4, 6, 6, 4, 4, 3, 5, 4, 6, 6, 6, 3, 6, 6, 4, 6, 6, 5, 3, 2, 2, 6, 4, 4, 6, 4, 6, 4]","[3, 5, 5, 3, 3, 2, 4, 3, 5, 5, 5, 2, 5, 5, 3, 5, 5, 4, 2, 1, 1, 5, 3, 3, 5, 3, 5, 3]","[4, 5, 5, 4, 4, 3, 5, 4, 5, 5, 5, 3, 5, 5, 4, 5, 5, 5, 3, 2, 2, 5, 4, 4, 5, 4, 5, 4]",128,28,26,True,-1
T16_D16,124,3.359,"[1, 3, 3, 3, 4, 4, 4, 2, 2, 4, 2, 2, 2, 3, 4, 4, 2, 3, 5, 1, 3, 4, 5, 1, 1, 6, 4, 5, 3, 1, 3, 5, 6, 3, 4, 6, 5, 4, 4]","[0, 2, 2, 2, 3, 3, 3, 1, 1, 3, 1, 1, 1, 2, 3, 3, 1, 2, 4, 0, 2, 3, 4, 0, 0, 5, 3, 4, 2, 0, 2, 4, 5, 2, 3, 5, 4, 3, 3]","[1, 3, 3, 3, 4, 4, 4, 2, 2, 4, 2, 2, 2, 3, 4, 4, 2, 3, 5, 1, 3, 4, 5, 1, 1, 5, 4, 5, 3, 1, 3, 5, 5, 3, 4, 5, 5, 4, 4]",128,39,26,True,-1
T16_D16,125,4.1613,"[3, 3, 3, 2, 2, 6, 4, 6, 6, 6, 4, 6, 5, 4, 5, 6, 4, 4, 5, 6, 6, 5, 3, 1, 2, 2, 4, 2, 4, 6, 4]","[2, 2, 2, 1, 1, 5, 3, 5, 5, 5, 3, 5, 4, 3, 4, 5, 3, 3, 4, 5, 5, 4, 2, 0, 1, 1, 3, 1, 3, 5, 3]","[3, 3, 3, 2, 2, 5, 4, 5, 5, 5, 4, 5, 5, 4, 5, 5, 4, 4, 5, 5, 5, 5, 3, 1, 2, 2, 4, 2, 4, 5, 4]",128,31,26,True,-1
T16_D16,126,4.129,"[3, 3, 3, 2, 6, 6, 4, 3, 5, 5, 2, 6, 3, 6, 4, 4, 6, 6, 4, 3, 4, 3, 3, 4, 4, 3, 6, 6, 4, 4, 3]","[2, 2, 2, 1, 5, 5, 3, 2, 4, 4, 1, 5, 2, 5, 3, 3, 5, 5, 3, 2, 3, 2, 2, 3, 3, 2, 5, 5, 3, 3, 2]","[3, 3, 3, 2, 5, 5, 4, 3, 5, 5, 2, 5, 3, 5, 4, 4, 5, 5, 4, 3, 4, 3, 3, 4, 4, 3, 5, 5, 4, 4, 3]",128,31,26,False,116
T16_D16,127,3.9697,"[3, 3, 3, 2, 6, 4, 4, 2, 4, 5, 2, 5, 4, 3, 6, 6, 4, 6, 4, 3, 6, 3, 2, 5, 3, 5, 5, 6, 6, 3, 2, 2, 4]","[2, 2, 2, 1, 5, 3, 3, 1, 3, 4, 1, 4, 3, 2, 5, 5, 3, 5, 3, 2, 5, 2, 1, 4, 2, 4, 4, 5, 5, 2, 1, 1, 3]","[3, 3, 3, 2, 5, 4, 4, 2, 4, 5, 2, 5, 4, 3, 5, 5, 4, 5, 4, 3, 5, 3, 2, 5, 3, 5, 5, 5, 5, 3, 2, 2, 4]",128,33,26,True,-1
T16_D16,128,3.7941,"[3, 3, 3, 3, 3, 3, 3, 4, 2, 5, 2, 3, 4, 6, 5, 3, 4, 3, 2, 4, 6, 4, 4, 4, 4, 4, 6, 6, 4, 3, 3, 6, 2, 5]","[2, 2, 2, 2, 2, 2, 2, 3, 1, 4, 1, 2, 3, 5, 4, 2, 3, 2, 1, 3, 5, 3, 3, 3, 3, 3, 5, 5, 3, 2, 2, 5, 1, 4]","[3, 3, 3, 3, 3, 3, 3, 4, 2, 5, 2, 3, 4, 5, 5, 3, 4, 3, 2, 4, 5, 4, 4, 4, 4, 4, 5, 5, 4, 3, 3, 5, 2, 5]",128,34,26,True,-1
T16_D16,129,3.7941,"[3, 3, 3, 2, 3, 3, 4, 5, 6, 4, 6, 4, 4, 4, 6, 5, 4, 3, 3, 2, 3, 6, 4, 4, 4, 3, 2, 2, 3, 4, 5, 3, 3, 6]","[2, 2, 2, 1, 2, 2, 3, 4, 5, 3, 5, 3, 3, 3, 5, 4, 3, 2, 2, 1, 2, 5, 3, 3, 3, 2, 1, 1, 2, 3, 4, 2, 2, 5]","[3, 3, 3, 2, 3, 3, 4, 5, 5, 4, 5, 4, 4, 4, 5, 5, 4, 3, 3, 2, 3, 5, 4, 4, 4, 3, 2, 2, 3, 4, 5, 3, 3, 5]",128,34,26,True,-1
T16_D16,130,3.7647,"[3, 3, 3, 2, 4, 4, 2, 6, 5, 4, 2, 5, 2, 2, 4, 5, 2, 6, 6, 6, 4, 5, 2, 3, 3, 6, 4, 6, 3, 1, 6, 4, 1, 4]","[2, 2, 2, 1, 3, 3, 1, 5, 4, 3, 1, 4, 1, 1, 3, 4, 1, 5, 5, 5, 3, 4, 1, 2, 2, 5, 3, 5, 2, 0, 5, 3, 0, 3]","[3, 3, 3, 2, 4, 4, 2, 5, 5, 4, 2, 5, 2, 2, 4, 5, 2, 5, 5, 5, 4, 5, 2, 3, 3, 5, 4, 5, 3, 1, 5, 4, 1, 4]",128,34,26,True,-1
T16_D16,131,3.5135,"[4, 6, 2, 5, 2, 4, 6, 4, 3, 3, 6, 4, 2, 4, 5, 3, 6, 4, 3, 3, 2, 3, 3, 5, 4, 2, 2, 2, 4, 1, 1, 3, 1, 5, 6, 4, 3]","[3, 5, 1, 4, 1, 3, 5, 3, 2, 2, 5, 3, 1, 3, 4, 2, 5, 3, 2, 2, 1, 2, 2, 4, 3, 1, 1, 1, 3, 0, 0, 2, 0, 4, 5, 3, 2]","[4, 5, 2, 5, 2, 4, 5, 4, 3, 3, 5, 4, 2, 4, 5, 3, 5, 4, 3, 3, 2, 3, 3, 5, 4, 2, 2, 2, 4, 1, 1, 3, 1, 5, 5, 4, 3]",128,37,26,True,-1
T16_D16,132,4.9615,"[4, 6, 6, 4, 6, 3, 5, 6, 6, 6, 5, 6, 6, 3, 4, 2, 5, 6, 6, 5, 6, 6, 2, 6, 3, 6]","[3, 5, 5, 3, 5, 2, 4, 5, 5, 5, 4, 5, 5, 2, 3, 1, 4, 5, 5, 4, 5, 5, 1, 5, 2, 5]","[4, 5, 5, 4, 5, 3, 5, 5, 5, 5, 5, 5, 5, 3, 4, 2, 5, 5, 5, 5, 5, 5, 2, 5, 3, 5]",128,26,26,True,-1
T16_D16,133,4.129,"[6, 1, 1, 6, 2, 4, 2, 4, 2, 4, 3, 6, 3, 6, 1, 3, 3, 4, 5, 6, 6, 4, 4, 6, 6, 4, 6, 6, 6, 4, 4]","[5, 0, 0, 5, 1, 3, 1, 3, 1, 3, 2, 5, 2, 5, 0, 2, 2, 3, 4, 5, 5, 3, 3, 5, 5, 3, 5, 5, 5, 3, 3]","[5, 1, 1, 5, 2, 4, 2, 4, 2, 4, 3, 5, 3, 5, 1, 3, 3, 4, 5, 5, 5, 4, 4, 5, 5, 4, 5, 5, 5, 4, 4]",128,31,26,True,-1
T16_D16,134,4.129,"[3, 4, 4, 2, 6, 5, 4, 5, 4, 4, 6, 1, 5, 1, 6, 6, 2, 2, 5, 4, 5, 4, 2, 4, 6, 3, 6, 6, 3, 4, 6]","[2, 3, 3, 1, 5, 4, 3, 4, 3, 3, 5, 0, 4, 0, 5, 5, 1, 1, 4, 3, 4, 3, 1, 3, 5, 2, 5, 5, 2, 3, 5]","[3, 4, 4, 2, 5, 5, 4, 5, 4, 4, 5, 1, 5, 1, 5, 5, 2, 2, 5, 4, 5, 4, 2, 4, 5, 3, 5, 5, 3, 4, 5]",128,31,26,True,-1
T16_D16,135,3.8,"[4, 1, 4, 4, 2, 5, 4, 5, 2, 6, 6, 4, 2, 6, 6, 4, 5, 1, 1, 4, 4, 1, 3, 3, 6, 6, 4, 4, 4, 6, 3, 5, 1, 1, 6]","[3, 0, 3, 3, 1, 4, 3, 4, 1, 5, 5, 3, 1, 5, 5, 3, 4, 0, 0, 3, 3, 0, 2, 2, 5, 5, 3, 3, 3, 5, 2, 4, 0, 0, 5]","[4, 1, 4, 4, 2, 5, 4, 5, 2, 5, 5, 4, 2, 5, 5, 4, 5, 1, 1, 4, 4, 1, 3, 3, 5, 5, 4, 4, 4, 5, 3, 5, 1, 1, 5]",128,35,26,True,-1
T16_D16,136,3.1,"[4, 5, 4, 3, 2, 2, 4, 1, 3, 3]","[3, 4, 3, 2, 1, 1, 3, 0, 2, 2]","[4, 5, 4, 3, 2, 2, 4, 1, 3, 3]",31,10,26,False,2
T16_D16,137,3.5405,"[3, 6, 3, 2, 4, 3, 2, 4, 2, 4, 2, 3, 3, 3, 1, 2, 5, 6, 1, 6, 3, 4, 2, 4, 1, 6, 6, 5, 6, 2, 1, 3, 6, 4, 2, 6, 5]","[2, 5, 2, 1, 3, 2, 1, 3, 1, 3, 1, 2, 2, 2, 0, 1, 4, 5, 0, 5, 2, 3, 1, 3, 0, 5, 5, 4, 5, 1, 0, 2, 5, 3, 1, 5, 4]","[3, 5, 3, 2, 4, 3, 2, 4, 2, 4, 2, 3, 3, 3, 1, 2, 5, 5, 1, 5, 3, 4, 2, 4, 1, 5, 5, 5, 5, 2, 1, 3, 5, 4, 2, 5, 5]",128,37,26,True,-1
T16_D16,138,3.4211,"[3, 6, 3, 5, 6, 4, 1, 5, 4, 1, 4, 4, 6, 4, 4, 6, 3, 3, 3, 2, 4, 4, 2, 4, 4, 2, 3, 3, 2, 3, 2, 3, 3, 2, 1, 1, 6, 4]","[2, 5, 2, 4, 5, 3, 0, 4, 3, 0, 3, 3, 5, 3, 3, 5, 2, 2, 2, 1, 3, 3, 1, 3, 3, 1, 2, 2, 1, 2, 1, 2, 2, 1, 0, 0, 5, 3]","[3, 5, 3, 5, 5, 4, 1, 5, 4, 1, 4, 4, 5, 4, 4, 5, 3, 3, 3, 2, 4, 4, 2, 4, 4, 2, 3, 3, 2, 3, 2, 3, 3, 2, 1, 1, 5, 4]",128,38,26,True,-1
T16_D16,139,4.2581,"[3, 3, 3, 2, 2, 5, 6, 3, 5, 4, 6, 5, 3, 6, 6, 4, 4, 6, 5, 6, 4, 5, 5, 3, 6, 3, 4, 3, 4, 3, 5]","[2, 2, 2, 1, 1, 4, 5, 2, 4, 3, 5, 4, 2, 5, 5, 3, 3, 5, 4, 5, 3, 4, 4, 2, 5, 2, 3, 2, 3, 2, 4]","[3, 3, 3, 2, 2, 5, 5, 3, 5, 4, 5, 5, 3, 5, 5, 4, 4, 5, 5, 5, 4, 5, 5, 3, 5, 3, 4, 3, 4, 3, 5]",128,31,26,True,-1
T16_D16,140,4.1935,"[3, 3, 3, 2, 6, 6, 6, 3, 4, 4, 2, 6, 5, 6, 4, 2, 2, 4, 6, 2, 4, 3, 6, 3, 5, 4, 4, 6, 6, 6, 4]","[2, 2, 2, 1, 5, 5, 5, 2, 3, 3, 1, 5, 4, 5, 3, 1, 1, 3, 5, 1, 3, 2, 5, 2, 4, 3, 3, 5, 5, 5, 3]","[3, 3, 3, 2, 5, 5, 5, 3, 4, 4, 2, 5, 5, 5, 4, 2, 2, 4, 5, 2, 4, 3, 5, 3, 5, 4, 4, 5, 5, 5, 4]",128,31,26,True,-1
T16_D16,141,3.3077,"[1, 3, 4, 4, 6, 3, 2, 3, 6, 4, 3, 3, 4, 4, 3, 6, 4, 5, 4, 4, 3, 3, 3, 3, 2, 2, 1, 2, 4, 6, 4, 2, 2, 2, 2, 3, 4, 3, 2]","[0, 2, 3, 3, 5, 2, 1, 2, 5, 3, 2, 2, 3, 3, 2, 5, 3, 4, 3, 3, 2, 2, 2, 2, 1, 1, 0, 1, 3, 5, 3, 1, 1, 1, 1, 2, 3, 2, 1]","[1, 3, 4, 4, 5, 3, 2, 3, 5, 4, 3, 3, 4, 4, 3, 5, 4, 5, 4, 4, 3, 3, 3, 3, 2, 2, 1, 2, 4, 5, 4, 2, 2, 2, 2, 3, 4, 3, 2]",128,39,26,True,-1
T16_D16,142,3.6111,"[3, 6, 2, 2, 4, 3, 1, 4, 1, 3, 5, 6, 4, 2, 4, 5, 4, 4, 6, 3, 4, 6, 2, 2, 4, 2, 3, 5, 3, 3, 5, 1, 4, 3, 6, 5]","[2, 5, 1, 1, 3, 2, 0, 3, 0, 2, 4, 5, 3, 1, 3, 4, 3, 3, 5, 2, 3, 5, 1, 1, 3, 1, 2, 4, 2, 2, 4, 0, 3, 2, 5, 4]","[3, 5, 2, 2, 4, 3, 1, 4, 1, 3, 5, 5, 4, 2, 4, 5, 4, 4, 5, 3, 4, 5, 2, 2, 4, 2, 3, 5, 3, 3, 5, 1, 4, 3, 5, 5]",128,36,26,True,-1
T16_D16,143,3.5833,"[3, 6, 3, 4, 6, 2, 4, 1, 6, 4, 5, 2, 5, 6, 4, 5, 4, 3, 1, 4, 6, 4, 4, 2, 4, 1, 2, 2, 2, 4, 4, 4, 3, 3, 2, 4]","[2, 5, 2, 3, 5, 1, 3, 0, 5, 3, 4, 1, 4, 5, 3, 4, 3, 2, 0, 3, 5, 3, 3, 1, 3, 0, 1, 1, 1, 3, 3, 3, 2, 2, 1, 3]","[3, 5, 3, 4, 5, 2, 4, 1, 5, 4, 5, 2, 5, 5, 4, 5, 4, 3, 1, 4, 5, 4, 4, 2, 4, 1, 2, 2, 2, 4, 4, 4, 3, 3, 2, 4]",128,36,26,True,-1
T16_D16,144,3.8,"[1, 3, 3, 6, 2, 6, 6, 6, 4, 4, 3, 3, 1, 4, 2, 2, 2, 4, 5, 5, 6, 2, 4, 4, 3, 3, 6, 4, 5, 3, 2, 4, 6, 3, 6]","[0, 2, 2, 5, 1, 5, 5, 5, 3, 3, 2, 2, 0, 3, 1, 1, 1, 3, 4, 4, 5, 1, 3, 3, 2, 2, 5, 3, 4, 2, 1, 3, 5, 2, 5]","[1, 3, 3, 5, 2, 5, 5, 5, 4, 4, 3, 3, 1, 4, 2, 2, 2, 4, 5, 5, 5, 2, 4, 4, 3, 3, 5, 4, 5, 3, 2, 4, 5, 3, 5]",128,35,26,True,-1
T16_D16,145,3.4211,"[3, 3, 4, 1, 4, 1, 3, 3, 2, 4, 4, 4, 6, 3, 4, 4, 4, 3, 1, 3, 5, 2, 3, 3, 4, 1, 4, 3, 2, 4, 4, 6, 2, 6, 4, 3, 6, 4]","[2, 2, 3, 0, 3, 0, 2, 2, 1, 3, 3, 3, 5, 2, 3, 3, 3, 2, 0, 2, 4, 1, 2, 2, 3, 0, 3, 2, 1, 3, 3, 5, 1, 5, 3, 2, 5, 3]","[3, 3, 4, 1, 4, 1, 3, 3, 2, 4, 4, 4, 5, 3, 4, 4, 4, 3, 1, 3, 5, 2, 3, 3, 4, 1, 4, 3, 2, 4, 4, 5, 2, 5, 4, 3, 5, 4]",128,38,26,True,-1
T16_D16,146,3.8824,"[3, 4, 5, 4, 1, 4, 6, 6, 5, 3, 3, 4, 4, 3, 5, 6, 4, 4, 3, 3, 2, 4, 6, 6, 4, 3, 3, 4, 3, 2, 2, 5, 2, 6]","[2, 3, 4, 3, 0, 3, 5, 5, 4, 2, 2, 3, 3, 2, 4, 5, 3, 3, 2, 2, 1, 3, 5, 5, 3, 2, 2, 3, 2, 1, 1, 4, 1, 5]","[3, 4, 5, 4, 1, 4, 5, 5, 5, 3, 3, 4, 4, 3, 5, 5, 4, 4, 3, 3, 2, 4, 5, 5, 4, 3, 3, 4, 3, 2, 2, 5, 2, 5]",128,34,26,True,-1
T16_D16,147,3.6389,"[3, 4, 4, 2, 3, 3, 4, 4, 5, 2, 4, 5, 2, 1, 3, 3, 4, 4, 4, 3, 4, 2, 3, 6, 6, 3, 4, 4, 3, 4, 4, 6, 6, 1, 4, 4]","[2, 3, 3, 1, 2, 2, 3, 3, 4, 1, 3, 4, 1, 0, 2, 2, 3, 3, 3, 2, 3, 1, 2, 5, 5, 2, 3, 3, 2, 3, 3, 5, 5, 0, 3, 3]","[3, 4, 4, 2, 3, 3, 4, 4, 5, 2, 4, 5, 2, 1, 3, 3, 4, 4, 4, 3, 4, 2, 3, 5, 5, 3, 4, 4, 3, 4, 4, 5, 5, 1, 4, 4]",128,36,26,True,-1
T16_D16,148,3.7647,"[3, 4, 5, 3, 6, 6, 6, 3, 4, 4, 4, 1, 6, 5, 3, 3, 1, 4, 3, 5, 4, 4, 3, 4, 6, 3, 3, 3, 1, 4, 2, 4, 6, 2]","[2, 3, 4, 2, 5, 5, 5, 2, 3, 3, 3, 0, 5, 4, 2, 2, 0, 3, 2, 4, 3, 3, 2, 3, 5, 2, 2, 2, 0, 3, 1, 3, 5, 1]","[3, 4, 5, 3, 5, 5, 5, 3, 4, 4, 4, 1, 5, 5, 3, 3, 1, 4, 3, 5, 4, 4, 3, 4, 5, 3, 3, 3, 1, 4, 2, 4, 5, 2]",128,34,26,True,-1
T16_D16,149,3.7941,"[3, 6, 4, 4, 6, 4, 3, 4, 4, 4, 2, 5, 4, 2, 6, 5, 2, 3, 4, 2, 2, 2, 2, 4, 1, 4, 4, 6, 6, 4, 6, 4, 4, 3]","[2, 5, 3, 3, 5, 3, 2, 3, 3, 3, 1, 4, 3, 1, 5, 4, 1, 2, 3, 1, 1, 1, 1, 3, 0, 3, 3, 5, 5, 3, 5, 3, 3, 2]","[3, 5, 4, 4, 5, 4, 3, 4, 4, 4, 2, 5, 4, 2, 5, 5, 2, 3, 4, 2, 2, 2, 2, 4, 1, 4, 4, 5, 5, 4, 5, 4, 4, 3]",128,34,26,True,-1
T16_D16,150,3.7647,"[3, 3, 5, 4, 3, 4, 4, 6, 2, 2, 4, 3, 3, 6, 4, 3, 6, 4, 6, 2, 2, 1, 6, 4, 3, 4, 6, 2, 2, 4, 4, 5, 3, 5]","[2, 2, 4, 3, 2, 3, 3, 5, 1, 1, 3, 2, 2, 5, 3, 2, 5, 3, 5, 1, 1, 0, 5, 3, 2, 3, 5, 1, 1, 3, 3, 4, 2, 4]","[3, 3, 5, 4, 3, 4, 4, 5, 2, 2, 4, 3, 3, 5, 4, 3, 5, 4, 5, 2, 2, 1, 5, 4, 3, 4, 5, 2, 2, 4, 4, 5, 3, 5]",128,34,26,True,-1
T16_D16,151,4.3,"[3, 6, 3, 3, 3, 3, 4, 6, 5, 4, 6, 6, 5, 6, 5, 6, 6, 5, 3, 4, 3, 5, 4, 2, 4, 3, 5, 4, 5, 2]","[2, 5, 2, 2, 2, 2, 3, 5, 4, 3, 5, 5, 4, 5, 4, 5, 5, 4, 2, 3, 2, 4, 3, 1, 3, 2, 4, 3, 4, 1]","[3, 5, 3, 3, 3, 3, 4, 5, 5, 4, 5, 5, 5, 5, 5, 5, 5, 5, 3, 4, 3, 5, 4, 2, 4, 3, 5, 4, 5, 2]",128,30,26,True,-1
T16_D16,152,3.3077,"[1, 3, 3, 6, 2, 5, 4, 4, 6, 3, 4, 4, 2, 3, 6, 5, 4, 3, 3, 4, 3, 4, 2, 2, 4, 1, 1, 2, 3, 2, 2, 2, 3, 6, 4, 4, 3, 2, 4]","[0, 2, 2, 5, 1, 4, 3, 3, 5, 2, 3, 3, 1, 2, 5, 4, 3, 2, 2, 3, 2, 3, 1, 1, 3, 0, 0, 1, 2, 1, 1, 1, 2, 5, 3, 3, 2, 1, 3]","[1, 3, 3, 5, 2, 5, 4, 4, 5, 3, 4, 4, 2, 3, 5, 5, 4, 3, 3, 4, 3, 4, 2, 2, 4, 1, 1, 2, 3, 2, 2, 2, 3, 5, 4, 4, 3, 2, 4]",128,39,26,True,-1
T16_D16,153,3.4737,"[3, 6, 3, 3, 6, 6, 3, 4, 4, 4, 1, 5, 3, 5, 2, 3, 4, 2, 6, 4, 1, 1, 2, 1, 2, 6, 2, 1, 4, 4, 3, 4, 2, 3, 4, 5, 4, 6]","[2, 5, 2, 2, 5, 5, 2, 3, 3, 3, 0, 4, 2, 4, 1, 2, 3, 1, 5, 3, 0, 0, 1, 0, 1, 5, 1, 0, 3, 3, 2, 3, 1, 2, 3, 4, 3, 5]","[3, 5, 3, 3, 5, 5, 3, 4, 4, 4, 1, 5, 3, 5, 2, 3, 4, 2, 5, 4, 1, 1, 2, 1, 2, 5, 2, 1, 4, 4, 3, 4, 2, 3, 4, 5, 4, 5]",128,38,26,True,-1
T16_D16,154,3.9394,"[4, 1, 1, 6, 3, 1, 3, 6, 4, 5, 3, 2, 6, 2, 6, 4, 4, 6, 6, 5, 3, 5, 6, 4, 2, 3, 5, 3, 5, 6, 2, 4, 4]","[3, 0, 0, 5, 2, 0, 2, 5, 3, 4, 2, 1, 5, 1, 5, 3, 3, 5, 5, 4, 2, 4, 5, 3, 1, 2, 4, 2, 4, 5, 1, 3, 3]","[4, 1, 1, 5, 3, 1, 3, 5, 4, 5, 3, 2, 5, 2, 5, 4, 4, 5, 5, 5, 3, 5, 5, 4, 2, 3, 5, 3, 5, 5, 2, 4, 4]",128,33,26,True,-1
T16_D16,155,3.7429,"[3, 3, 4, 3, 4, 6, 6, 2, 2, 4, 3, 3, 4, 6, 6, 3, 1, 4, 4, 4, 4, 5, 6, 3, 3, 4, 4, 2, 4, 5, 3, 3, 1, 4, 5]","[2, 2, 3, 2, 3, 5, 5, 1, 1, 3, 2, 2, 3, 5, 5, 2, 0, 3, 3, 3, 3, 4, 5, 2, 2, 3, 3, 1, 3, 4, 2, 2, 0, 3, 4]","[3, 3, 4, 3, 4, 5, 5, 2, 2, 4, 3, 3, 4, 5, 5, 3, 1, 4, 4, 4, 4, 5, 5, 3, 3, 4, 4, 2, 4, 5, 3, 3, 1, 4, 5]",128,35,26,True,-1
T16_D16,156,3.1429,"[3, 6, 2, 4, 2, 2, 2, 4, 1, 1, 5, 5, 6, 3, 3, 6, 2, 2, 4, 1, 2, 2, 2, 4, 2, 4, 1, 5, 4, 4, 4, 2, 4, 2, 3, 2, 3, 6, 4, 2, 1, 5]","[2, 5, 1, 3, 1, 1, 1, 3, 0, 0, 4, 4, 5, 2, 2, 5, 1, 1, 3, 0, 1, 1, 1, 3, 1, 3, 0, 4, 3, 3, 3, 1, 3, 1, 2, 1, 2, 5, 3, 1, 0, 4]","[3, 5, 2, 4, 2, 2, 2, 4, 1, 1, 5, 5, 5, 3, 3, 5, 2, 2, 4, 1, 2, 2, 2, 4, 2, 4, 1, 5, 4, 4, 4, 2, 4, 2, 3, 2, 3, 5, 4, 2, 1, 5]",128,42,26,True,-1
T16_D16,157,3.275,"[3, 4, 2, 2, 4, 4, 4, 2, 4, 4, 4, 4, 1, 3, 4, 3, 2, 2, 5, 6, 1, 5, 4, 2, 2, 2, 3, 5, 3, 5, 2, 2, 5, 2, 2, 4, 6, 2, 3, 4]","[2, 3, 1, 1, 3, 3, 3, 1, 3, 3, 3, 3, 0, 2, 3, 2, 1, 1, 4, 5, 0, 4, 3, 1, 1, 1, 2, 4, 2, 4, 1, 1, 4, 1, 1, 3, 5, 1, 2, 3]","[3, 4, 2, 2, 4, 4, 4, 2, 4, 4, 4, 4, 1, 3, 4, 3, 2, 2, 5, 5, 1, 5, 4, 2, 2, 2, 3, 5, 3, 5, 2, 2, 5, 2, 2, 4, 5, 2, 3, 4]",128,40,26,True,-1
T16_D16,158,3.5676,"[1, 3, 3, 6, 2, 6, 3, 2, 4, 4, 3, 6, 5, 5, 4, 2, 2, 4, 3, 6, 2, 2, 6, 4, 5, 2, 3, 3, 4, 5, 2, 3, 4, 2, 2, 3, 6]","[0, 2, 2, 5, 1, 5, 2, 1, 3, 3, 2, 5, 4, 4, 3, 1, 1, 3, 2, 5, 1, 1, 5, 3, 4, 1, 2, 2, 3, 4, 1, 2, 3, 1, 1, 2, 5]","[1, 3, 3, 5, 2, 5, 3, 2, 4, 4, 3, 5, 5, 5, 4, 2, 2, 4, 3, 5, 2, 2, 5, 4, 5, 2, 3, 3, 4, 5, 2, 3, 4, 2, 2, 3, 5]",128,37,26,True,-1
T16_D16,159,3.0476,"[1, 3, 4, 4, 3, 4, 4, 4, 4, 6, 3, 6, 3, 5, 1, 2, 6, 3, 3, 3, 1, 2, 2, 2, 2, 2, 2, 4, 3, 3, 2, 2, 2, 2, 2, 6, 2, 2, 4, 4, 1, 4]","[0, 2, 3, 3, 2, 3, 3, 3, 3, 5, 2, 5, 2, 4, 0, 1, 5, 2, 2, 2, 0, 1, 1, 1, 1, 1, 1, 3, 2, 2, 1, 1, 1, 1, 1, 5, 1, 1, 3, 3, 0, 3]","[1, 3, 4, 4, 3, 4, 4, 4, 4, 5, 3, 5, 3, 5, 1, 2, 5, 3, 3, 3, 1, 2, 2, 2, 2, 2, 2, 4, 3, 3, 2, 2, 2, 2, 2, 5, 2, 2, 4, 4, 1, 4]",128,42,26,True,-1
T16_D16,160,2.7447,"[1, 3, 4, 4, 1, 6, 2, 6, 2, 3, 3, 1, 4, 4, 4, 3, 1, 1, 4, 6, 2, 1, 1, 1, 1, 4, 2, 1, 1, 2, 2, 2, 3, 3, 2, 4, 4, 5, 1, 3, 3, 5, 2, 4, 2, 2, 3]","[0, 2, 3, 3, 0, 5, 1, 5, 1, 2, 2, 0, 3, 3, 3, 2, 0, 0, 3, 5, 1, 0, 0, 0, 0, 3, 1, 0, 0, 1, 1, 1, 2, 2, 1, 3, 3, 4, 0, 2, 2, 4, 1, 3, 1, 1, 2]","[1, 3, 4, 4, 1, 5, 2, 5, 2, 3, 3, 1, 4, 4, 4, 3, 1, 1, 4, 5, 2, 1, 1, 1, 1, 4, 2, 1, 1, 2, 2, 2, 3, 3, 2, 4, 4, 5, 1, 3, 3, 5, 2, 4, 2, 2, 3]",128,47,26,True,-1
T16_D8,81,1.9394,"[3, 1, 3, 1, 2, 1, 3, 4, 2, 1, 3, 4, 4, 2, 1, 3, 1, 3, 1, 1, 3, 4, 1, 1, 1, 3, 1, 3, 1, 1, 1, 1, 1, 1, 3, 3, 1, 4, 2, 1, 1, 1, 1, 3, 1, 4, 3, 6, 2, 1, 1, 1, 3, 2, 2, 1, 3, 2, 1, 2, 1, 1, 1, 1, 1, 1]","[2, 0, 2, 0, 1, 0, 2, 3, 1, 0, 2, 3, 3, 1, 0, 2, 0, 2, 0, 0, 2, 3, 0, 0, 0, 2, 0, 2, 0, 0, 0, 0, 0, 0, 2, 2, 0, 3, 1, 0, 0, 0, 0, 2, 0, 3, 2, 5, 1, 0, 0, 0, 2, 1, 1, 0, 2, 1, 0, 1, 0, 0, 0, 0, 0, 0]","[3, 1, 3, 1, 2, 1, 3, 4, 2, 1, 3, 4, 4, 2, 1, 3, 1, 3, 1, 1, 3, 4, 1, 1, 1, 3, 1, 3, 1, 1, 1, 1, 1, 1, 3, 3, 1, 4, 2, 1, 1, 1, 1, 3, 1, 4, 3, 5, 2, 1, 1, 1, 3, 2, 2, 1, 3, 2, 1, 2, 1, 1, 1, 1, 1, 1]",128,66,26,True,-1
T16_D8,82,2.434,"[4, 1, 4, 1, 1, 1, 2, 1, 4, 3, 2, 2, 4, 4, 3, 3, 3, 2, 3, 1, 6, 4, 1, 3, 1, 3, 1, 2, 1, 6, 1, 2, 1, 4, 5, 3, 4, 3, 1, 1, 2, 4, 1, 1, 1, 1, 1, 3, 2, 1, 3, 3, 4]","[3, 0, 3, 0, 0, 0, 1, 0, 3, 2, 1, 1, 3, 3, 2, 2, 2, 1, 2, 0, 5, 3, 0, 2, 0, 2, 0, 1, 0, 5, 0, 1, 0, 3, 4, 2, 3, 2, 0, 0, 1, 3, 0, 0, 0, 0, 0, 2, 1, 0, 2, 2, 3]","[4, 1, 4, 1, 1, 1, 2, 1, 4, 3, 2, 2, 4, 4, 3, 3, 3, 2, 3, 1, 5, 4, 1, 3, 1, 3, 1, 2, 1, 5, 1, 2, 1, 4, 5, 3, 4, 3, 1, 1, 2, 4, 1, 1, 1, 1, 1, 3, 2, 1, 3, 3, 4]",128,53,26,True,-1
T16_D8,83,2.3455,"[3, 1, 1, 5, 3, 1, 3, 1, 1, 2, 1, 6, 5, 3, 3, 1, 3, 1, 2, 1, 4, 2, 2, 6, 2, 1, 1, 1, 3, 1, 2, 4, 5, 1, 3, 1, 3, 4, 1, 1, 1, 3, 1, 1, 1, 4, 4, 5, 1, 3, 1, 3, 1, 2, 3]","[2, 0, 0, 4, 2, 0, 2, 0, 0, 1, 0, 5, 4, 2, 2, 0, 2, 0, 1, 0, 3, 1, 1, 5, 1, 0, 0, 0, 2, 0, 1, 3, 4, 0, 2, 0, 2, 3, 0, 0, 0, 2, 0, 0, 0, 3, 3, 4, 0, 2, 0, 2, 0, 1, 2]","[3, 1, 1, 5, 3, 1, 3, 1, 1, 2, 1, 5, 5, 3, 3, 1, 3, 1, 2, 1, 4, 2, 2, 5, 2, 1, 1, 1, 3, 1, 2, 4, 5, 1, 3, 1, 3, 4, 1, 1, 1, 3, 1, 1, 1, 4, 4, 5, 1, 3, 1, 3, 1, 2, 3]",128,55,26,True,-1
T16_D8,84,2.2857,"[4, 1, 4, 1, 3, 1, 1, 3, 4, 2, 1, 4, 3, 4, 2, 3, 1, 1, 3, 2, 2, 2, 2, 1, 3, 2, 3, 4, 5, 1, 2, 1, 3, 2, 2, 4, 4, 1, 2, 2, 1, 1, 3, 2, 4, 4, 1, 2, 1, 3, 1, 2, 3, 2, 1, 1]","[3, 0, 3, 0, 2, 0, 0, 2, 3, 1, 0, 3, 2, 3, 1, 2, 0, 0, 2, 1, 1, 1, 1, 0, 2, 1, 2, 3, 4, 0, 1, 0, 2, 1, 1, 3, 3, 0, 1, 1, 0, 0, 2, 1, 3, 3, 0, 1, 0, 2, 0, 1, 2, 1, 0, 0]","[4, 1, 4, 1, 3, 1, 1, 3, 4, 2, 1, 4, 3, 4, 2, 3, 1, 1, 3, 2, 2, 2, 2, 1, 3, 2, 3, 4, 5, 1, 2, 1, 3, 2, 2, 4, 4, 1, 2, 2, 1, 1, 3, 2, 4, 4, 1, 2, 1, 3, 1, 2, 3, 2, 1, 1]",128,56,26,True,-1
T16_D8,85,1.6203,"[1, 1, 3, 2, 1, 3, 1, 1, 3, 1, 4, 2, 2, 1, 1, 1, 2, 2, 1, 1, 1, 3, 1, 2, 1, 2, 1, 2, 1, 1, 1, 1, 1, 1, 1, 1, 2, 3, 2, 4, 1, 1, 1, 3, 1, 1, 2, 1, 1, 2, 2, 1, 2, 1, 1, 3, 1, 1, 1, 1, 4, 1, 2, 2, 2, 4, 1, 3, 1, 1, 1, 2, 2, 1, 1, 2, 2, 1, 1]","[0, 0, 2, 1, 0, 2, 0, 0, 2, 0, 3, 1, 1, 0, 0, 0, 1, 1, 0, 0, 0, 2, 0, 1, 0, 1, 0, 1, 0, 0, 0, 0, 0, 0, 0, 0, 1, 2, 1, 3, 0, 0, 0, 2, 0, 0, 1, 0, 0, 1, 1, 0, 1, 0, 0, 2, 0, 0, 0, 0, 3, 0, 1, 1, 1, 3, 0, 2, 0, 0, 0, 1, 1, 0, 0, 1, 1, 0, 0]","[1, 1, 3, 2, 1, 3, 1, 1, 3, 1, 4, 2, 2, 1, 1, 1, 2, 2, 1, 1, 1, 3, 1, 2, 1, 2, 1, 2, 1, 1, 1, 1, 1, 1, 1, 1, 2, 3, 2, 4, 1, 1, 1, 3, 1, 1, 2, 1, 1, 2, 2, 1, 2, 1, 1, 3, 1, 1, 1, 1, 4, 1, 2, 2, 2, 4, 1, 3, 1, 1, 1, 2, 2, 1, 1, 2, 2, 1, 1]",128,79,26,True,-1
T16_D8,86,1.8824,"[1, 1, 3, 1, 1, 2, 3, 3, 6, 1, 1, 1, 3, 4, 1, 1, 1, 3, 1, 2, 1, 2, 1, 4, 2, 1, 2, 1, 4, 2, 1, 2, 2, 3, 3, 1, 1, 1, 2, 1, 2, 1, 1, 1, 2, 4, 1, 1, 2, 1, 2, 1, 2, 1, 3, 4, 1, 2, 1, 4, 3, 2, 1, 2, 1, 1, 1, 3]","[0, 0, 2, 0, 0, 1, 2, 2, 5, 0, 0, 0, 2, 3, 0, 0, 0, 2, 0, 1, 0, 1, 0, 3, 1, 0, 1, 0, 3, 1, 0, 1, 1, 2, 2, 0, 0, 0, 1, 0, 1, 0, 0, 0, 1, 3, 0, 0, 1, 0, 1, 0, 1, 0, 2, 3, 0, 1, 0, 3, 2, 1, 0, 1, 0, 0, 0, 2]","[1, 1, 3, 1, 1, 2, 3, 3, 5, 1, 1, 1, 3, 4, 1, 1, 1, 3, 1, 2, 1, 2, 1, 4, 2, 1, 2, 1, 4, 2, 1, 2, 2, 3, 3, 1, 1, 1, 2, 1, 2, 1, 1, 1, 2, 4, 1, 1, 2, 1, 2, 1, 2, 1, 3, 4, 1, 2, 1, 4, 3, 2, 1, 2, 1, 1, 1, 3]",128,68,26,True,-1
T16_D8,87,1.6203,"[1, 1, 2, 1, 2, 1, 4, 1, 2, 4, 1, 2, 4, 3, 1, 3, 1, 4, 1, 1, 1, 1, 2, 1, 1, 2, 2, 1, 2, 1, 1, 1, 1, 2, 1, 1, 3, 1, 1, 1, 3, 1, 2, 2, 2, 1, 2, 3, 2, 2, 1, 1, 1, 1, 1, 2, 2, 1, 1, 1, 1, 3, 1, 2, 1, 3, 1, 4, 1, 2, 1, 1, 1, 1, 1, 2, 1, 1, 1]","[0, 0, 1, 0, 1, 0, 3, 0, 1, 3, 0, 1, 3, 2, 0, 2, 0, 3, 0, 0, 0, 0, 1, 0, 0, 1, 1, 0, 1, 0, 0, 0, 0, 1, 0, 0, 2, 0, 0, 0, 2, 0, 1, 1, 1, 0, 1, 2, 1, 1, 0, 0, 0, 0, 0, 1, 1, 0, 0, 0, 0, 2, 0, 1, 0, 2, 0, 3, 0, 1, 0, 0, 0, 0, 0, 1, 0, 0, 0]","[1, 1, 2, 1, 2, 1, 4, 1, 2, 4, 1, 2, 4, 3, 1, 3, 1, 4, 1, 1, 1, 1, 2, 1, 1, 2, 2, 1, 2, 1, 1, 1, 1, 2, 1, 1, 3, 1, 1, 1, 3, 1, 2, 2, 2, 1, 2, 3, 2, 2, 1, 1, 1, 1, 1, 2, 2, 1, 1, 1, 1, 3, 1, 2, 1, 3, 1, 4, 1, 2, 1, 1, 1, 1, 1, 2, 1, 1, 1]",128,79,26,True,-1
T16_D8,88,1.6753,"[1, 1, 2, 1, 2, 2, 1, 1, 2, 1, 1, 3, 1, 3, 1, 1, 2, 3, 1, 3, 1, 1, 2, 2, 1, 1, 1, 3, 1, 2, 2, 1, 1, 1, 2, 2, 3, 1, 1, 3, 1, 1, 2, 1, 1, 2, 3, 1, 1, 2, 1, 1, 2, 2, 1, 1, 1, 3, 2, 3, 2, 2, 3, 1, 1, 1, 4, 1, 1, 3, 1, 3, 1, 2, 3, 1, 2]","[0, 0, 1, 0, 1, 1, 0, 0, 1, 0, 0, 2, 0, 2, 0, 0, 1, 2, 0, 2, 0, 0, 1, 1, 0, 0, 0, 2, 0, 1, 1, 0, 0, 0, 1, 1, 2, 0, 0, 2, 0, 0, 1, 0, 0, 1, 2, 0, 0, 1, 0, 0, 1, 1, 0, 0, 0, 2, 1, 2, 1, 1, 2, 0, 0, 0, 3, 0, 0, 2, 0, 2, 0, 1, 2, 0, 1]","[1, 1, 2, 1, 2, 2, 1, 1, 2, 1, 1, 3, 1, 3, 1, 1, 2, 3, 1, 3, 1, 1, 2, 2, 1, 1, 1, 3, 1, 2, 2, 1, 1, 1, 2, 2, 3, 1, 1, 3, 1, 1, 2, 1, 1, 2, 3, 1, 1, 2, 1, 1, 2, 2, 1, 1, 1, 3, 2, 3, 2, 2, 3, 1, 1, 1, 4, 1, 1, 3, 1, 3, 1, 2, 3, 1, 2]",128,77,26,True,-1
T16_D8,89,2.2069,"[3, 2, 1, 3, 3, 2, 4, 1, 4, 1, 1, 2, 2, 4, 3, 1, 1, 1, 4, 1, 1, 1, 3, 2, 1, 4, 1, 4, 1, 1, 2, 1, 2, 1, 5, 1, 1, 1, 2, 1, 4, 1, 3, 3, 4, 1, 1, 3, 3, 1, 1, 2, 2, 2, 4, 5, 3, 5]","[2, 1, 0, 2, 2, 1, 3, 0, 3, 0, 0, 1, 1, 3, 2, 0, 0, 0, 3, 0, 0, 0, 2, 1, 0, 3, 0, 3, 0, 0, 1, 0, 1, 0, 4, 0, 0, 0, 1, 0, 3, 0, 2, 2, 3, 0, 0, 2, 2, 0, 0, 1, 1, 1, 3, 4, 2, 4]","[3, 2, 1, 3, 3, 2, 4, 1, 4, 1, 1, 2, 2, 4, 3, 1, 1, 1, 4, 1, 1, 1, 3, 2, 1, 4, 1, 4, 1, 1, 2, 1, 2, 1, 5, 1, 1, 1, 2, 1, 4, 1, 3, 3, 4, 1, 1, 3, 3, 1, 1, 2, 2, 2, 4, 5, 3, 5]",128,58,26,True,-1
T16_D8,90,2.0233,"[1, 1, 4, 3, 1, 2, 2, 2, 3, 2, 1, 1, 3, 3, 2, 1, 2, 1, 2, 1, 1, 1, 1, 4, 1, 5, 1, 2, 1, 1, 3, 1, 3, 4, 1, 2, 1, 3, 3, 4, 1, 4, 1]","[0, 0, 3, 2, 0, 1, 1, 1, 2, 1, 0, 0, 2, 2, 1, 0, 1, 0, 1, 0, 0, 0, 0, 3, 0, 4, 0, 1, 0, 0, 2, 0, 2, 3, 0, 1, 0, 2, 2, 3, 0, 3, 0]","[1, 1, 4, 3, 1, 2, 2, 2, 3, 2, 1, 1, 3, 3, 2, 1, 2, 1, 2, 1, 1, 1, 1, 4, 1, 5, 1, 2, 1, 1, 3, 1, 3, 4, 1, 2, 1, 3, 3, 4, 1, 4, 1]",87,43,26,True,-1
T16_D8,91,1.7297,"[1, 1, 4, 1, 3, 1, 3, 1, 1, 2, 1, 1, 1, 3, 2, 1, 3, 1, 3, 4, 1, 2, 1, 1, 1, 1, 2, 3, 1, 1, 4, 1, 2, 1, 1, 2, 2, 1, 1, 1, 2, 1, 1, 2, 1, 1, 2, 6, 1, 1, 2, 1, 1, 2, 1, 1, 1, 3, 2, 1, 3, 2, 1, 1, 1, 3, 6, 1, 1, 1, 1, 1, 2, 3]","[0, 0, 3, 0, 2, 0, 2, 0, 0, 1, 0, 0, 0, 2, 1, 0, 2, 0, 2, 3, 0, 1, 0, 0, 0, 0, 1, 2, 0, 0, 3, 0, 1, 0, 0, 1, 1, 0, 0, 0, 1, 0, 0, 1, 0, 0, 1, 5, 0, 0, 1, 0, 0, 1, 0, 0, 0, 2, 1, 0, 2, 1, 0, 0, 0, 2, 5, 0, 0, 0, 0, 0, 1, 2]","[1, 1, 4, 1, 3, 1, 3, 1, 1, 2, 1, 1, 1, 3, 2, 1, 3, 1, 3, 4, 1, 2, 1, 1, 1, 1, 2, 3, 1, 1, 4, 1, 2, 1, 1, 2, 2, 1, 1, 1, 2, 1, 1, 2, 1, 1, 2, 5, 1, 1, 2, 1, 1, 2, 1, 1, 1, 3, 2, 1, 3, 2, 1, 1, 1, 3, 5, 1, 1, 1, 1, 1, 2, 3]",128,74,26,True,-1
T16_D8,92,1.7534,"[3, 3, 1, 1, 4, 1, 3, 1, 3, 1, 4, 1, 1, 1, 3, 1, 1, 1, 3, 1, 3, 1, 1, 1, 2, 2, 1, 2, 1, 3, 1, 1, 1, 2, 1, 2, 1, 3, 1, 1, 2, 3, 2, 5, 1, 2, 2, 1, 1, 1, 1, 1, 2, 1, 3, 1, 2, 4, 1, 1, 1, 1, 3, 1, 1, 2, 3, 1, 2, 2, 1, 3, 1]","[2, 2, 0, 0, 3, 0, 2, 0, 2, 0, 3, 0, 0, 0, 2, 0, 0, 0, 2, 0, 2, 0, 0, 0, 1, 1, 0, 1, 0, 2, 0, 0, 0, 1, 0, 1, 0, 2, 0, 0, 1, 2, 1, 4, 0, 1, 1, 0, 0, 0, 0, 0, 1, 0, 2, 0, 1, 3, 0, 0, 0, 0, 2, 0, 0, 1, 2, 0, 1, 1, 0, 2, 0]","[3, 3, 1, 1, 4, 1, 3, 1, 3, 1, 4, 1, 1, 1, 3, 1, 1, 1, 3, 1, 3, 1, 1, 1, 2, 2, 1, 2, 1, 3, 1, 1, 1, 2, 1, 2, 1, 3, 1, 1, 2, 3, 2, 5, 1, 2, 2, 1, 1, 1, 1, 1, 2, 1, 3, 1, 2, 4, 1, 1, 1, 1, 3, 1, 1, 2, 3, 1, 2, 2, 1, 3, 1]",128,73,26,True,-1
T16_D8,93,2.4906,"[1, 1, 3, 1, 4, 1, 3, 1, 2, 3, 3, 1, 4, 4, 4, 1, 4, 4, 4, 3, 4, 1, 3, 3, 4, 3, 3, 1, 1, 1, 2, 1, 1, 3, 3, 1, 3, 4, 4, 2, 1, 2, 4, 1, 1, 3, 1, 2, 3, 2, 3, 3, 6]","[0, 0, 2, 0, 3, 0, 2, 0, 1, 2, 2, 0, 3, 3, 3, 0, 3, 3, 3, 2, 3, 0, 2, 2, 3, 2, 2, 0, 0, 0, 1, 0, 0, 2, 2, 0, 2, 3, 3, 1, 0, 1, 3, 0, 0, 2, 0, 1, 2, 1, 2, 2, 5]","[1, 1, 3, 1, 4, 1, 3, 1, 2, 3, 3, 1, 4, 4, 4, 1, 4, 4, 4, 3, 4, 1, 3, 3, 4, 3, 3, 1, 1, 1, 2, 1, 1, 3, 3, 1, 3, 4, 4, 2, 1, 2, 4, 1, 1, 3, 1, 2, 3, 2, 3, 3, 5]",128,53,26,True,-1
T16_D8,94,1.9643,"[4, 1, 1, 4, 2, 1, 3, 3, 1, 4, 3, 1, 2, 3, 1, 1, 1, 3, 2, 1, 1, 1, 1, 1, 3, 3, 2, 1]","[3, 0, 0, 3, 1, 0, 2, 2, 0, 3, 2, 0, 1, 2, 0, 0, 0, 2, 1, 0, 0, 0, 0, 0, 2, 2, 1, 0]","[4, 1, 1, 4, 2, 1, 3, 3, 1, 4, 3, 1, 2, 3, 1, 1, 1, 3, 2, 1, 1, 1, 1, 1, 3, 3, 2, 1]",55,28,26,True,-1
T16_D8,95,1.9692,"[4, 2, 1, 1, 3, 2, 1, 3, 1, 2, 2, 1, 1, 3, 3, 3, 1, 1, 1, 1, 1, 1, 2, 2, 1, 1, 1, 2, 3, 1, 2, 1, 3, 1, 6, 1, 1, 3, 3, 1, 3, 1, 1, 1, 2, 1, 1, 1, 3, 1, 4, 3, 1, 5, 3, 2, 4, 2, 1, 4, 1, 4, 2, 1, 2]","[3, 1, 0, 0, 2, 1, 0, 2, 0, 1, 1, 0, 0, 2, 2, 2, 0, 0, 0, 0, 0, 0, 1, 1, 0, 0, 0, 1, 2, 0, 1, 0, 2, 0, 5, 0, 0, 2, 2, 0, 2, 0, 0, 0, 1, 0, 0, 0, 2, 0, 3, 2, 0, 4, 2, 1, 3, 1, 0, 3, 0, 3, 1, 0, 1]","[4, 2, 1, 1, 3, 2, 1, 3, 1, 2, 2, 1, 1, 3, 3, 3, 1, 1, 1, 1, 1, 1, 2, 2, 1, 1, 1, 2, 3, 1, 2, 1, 3, 1, 5, 1, 1, 3, 3, 1, 3, 1, 1, 1, 2, 1, 1, 1, 3, 1, 4, 3, 1, 5, 3, 2, 4, 2, 1, 4, 1, 4, 2, 1, 2]",128,65,26,True,-1
T16_D8,96,1.9403,"[1, 1, 2, 1, 1, 3, 1, 3, 1, 2, 1, 2, 1, 3, 3, 1, 1, 4, 3, 3, 1, 4, 3, 1, 3, 1, 1, 3, 2, 1, 5, 1, 1, 4, 1, 1, 1, 1, 2, 1, 2, 3, 1, 1, 1, 4, 3, 3, 3, 2, 1, 1, 2, 2, 1, 2, 3, 1, 1, 1, 1, 2, 2, 1, 4, 3, 3]","[0, 0, 1, 0, 0, 2, 0, 2, 0, 1, 0, 1, 0, 2, 2, 0, 0, 3, 2, 2, 0, 3, 2, 0, 2, 0, 0, 2, 1, 0, 4, 0, 0, 3, 0, 0, 0, 0, 1, 0, 1, 2, 0, 0, 0, 3, 2, 2, 2, 1, 0, 0, 1, 1, 0, 1, 2, 0, 0, 0, 0, 1, 1, 0, 3, 2, 2]","[1, 1, 2, 1, 1, 3, 1, 3, 1, 2, 1, 2, 1, 3, 3, 1, 1, 4, 3, 3, 1, 4, 3, 1, 3, 1, 1, 3, 2, 1, 5, 1, 1, 4, 1, 1, 1, 1, 2, 1, 2, 3, 1, 1, 1, 4, 3, 3, 3, 2, 1, 1, 2, 2, 1, 2, 3, 1, 1, 1, 1, 2, 2, 1, 4, 3, 3]",128,67,26,True,-1
T16_D8,97,2.0,"[1, 1, 3, 3, 4, 1, 2, 1, 4, 3, 1, 1, 1, 4, 6, 1, 1, 1, 2, 1, 1, 1, 2, 4, 3, 1, 3, 1, 2, 3, 1, 2, 2, 3, 1, 3, 1, 1, 3, 3, 1, 3, 1, 1, 1, 4, 1, 1, 2, 1, 3, 4, 2, 2, 2, 1, 4, 2, 2, 1, 2, 2, 1, 1]","[0, 0, 2, 2, 3, 0, 1, 0, 3, 2, 0, 0, 0, 3, 5, 0, 0, 0, 1, 0, 0, 0, 1, 3, 2, 0, 2, 0, 1, 2, 0, 1, 1, 2, 0, 2, 0, 0, 2, 2, 0, 2, 0, 0, 0, 3, 0, 0, 1, 0, 2, 3, 1, 1, 1, 0, 3, 1, 1, 0, 1, 1, 0, 0]","[1, 1, 3, 3, 4, 1, 2, 1, 4, 3, 1, 1, 1, 4, 5, 1, 1, 1, 2, 1, 1, 1, 2, 4, 3, 1, 3, 1, 2, 3, 1, 2, 2, 3, 1, 3, 1, 1, 3, 3, 1, 3, 1, 1, 1, 4, 1, 1, 2, 1, 3, 4, 2, 2, 2, 1, 4, 2, 2, 1, 2, 2, 1, 1]",128,64,26,True,-1
T16_D8,98,1.7671,"[1, 1, 3, 1, 2, 3, 1, 2, 1, 3, 1, 1, 1, 1, 3, 3, 1, 3, 1, 2, 4, 1, 3, 1, 1, 2, 1, 1, 3, 1, 1, 2, 2, 2, 2, 2, 1, 2, 1, 4, 2, 1, 2, 1, 2, 1, 2, 2, 1, 1, 4, 3, 1, 1, 1, 2, 1, 3, 1, 1, 1, 1, 3, 3, 1, 3, 1, 2, 1, 1, 4, 1, 2]","[0, 0, 2, 0, 1, 2, 0, 1, 0, 2, 0, 0, 0, 0, 2, 2, 0, 2, 0, 1, 3, 0, 2, 0, 0, 1, 0, 0, 2, 0, 0, 1, 1, 1, 1, 1, 0, 1, 0, 3, 1, 0, 1, 0, 1, 0, 1, 1, 0, 0, 3, 2, 0, 0, 0, 1, 0, 2, 0, 0, 0, 0, 2, 2, 0, 2, 0, 1, 0, 0, 3, 0, 1]","[1, 1, 3, 1, 2, 3, 1, 2, 1, 3, 1, 1, 1, 1, 3, 3, 1, 3, 1, 2, 4, 1, 3, 1, 1, 2, 1, 1, 3, 1, 1, 2, 2, 2, 2, 2, 1, 2, 1, 4, 2, 1, 2, 1, 2, 1, 2, 2, 1, 1, 4, 3, 1, 1, 1, 2, 1, 3, 1, 1, 1, 1, 3, 3, 1, 3, 1, 2, 1, 1, 4, 1, 2]",128,73,26,True,-1
T16_D8,99,2.0317,"[1, 1, 1, 1, 1, 4, 3, 1, 3, 1, 2, 3, 3, 5, 1, 1, 1, 5, 4, 1, 3, 4, 3, 1, 1, 2, 3, 1, 1, 1, 4, 3, 1, 1, 2, 1, 3, 2, 1, 1, 1, 1, 1, 3, 2, 1, 1, 4, 2, 3, 1, 1, 1, 4, 4, 1, 4, 1, 3, 1, 4, 1, 1]","[0, 0, 0, 0, 0, 3, 2, 0, 2, 0, 1, 2, 2, 4, 0, 0, 0, 4, 3, 0, 2, 3, 2, 0, 0, 1, 2, 0, 0, 0, 3, 2, 0, 0, 1, 0, 2, 1, 0, 0, 0, 0, 0, 2, 1, 0, 0, 3, 1, 2, 0, 0, 0, 3, 3, 0, 3, 0, 2, 0, 3, 0, 0]","[1, 1, 1, 1, 1, 4, 3, 1, 3, 1, 2, 3, 3, 5, 1, 1, 1, 5, 4, 1, 3, 4, 3, 1, 1, 2, 3, 1, 1, 1, 4, 3, 1, 1, 2, 1, 3, 2, 1, 1, 1, 1, 1, 3, 2, 1, 1, 4, 2, 3, 1, 1, 1, 4, 4, 1, 4, 1, 3, 1, 4, 1, 1]",128,63,26,True,-1
T16_D8,100,1.7297,"[1, 1, 2, 2, 1, 1, 2, 1, 2, 2, 1, 1, 1, 2, 2, 1, 3, 1, 2, 1, 1, 1, 3, 1, 1, 2, 1, 2, 1, 1, 3, 2, 2, 1, 4, 1, 1, 1, 2, 1, 2, 1, 3, 2, 1, 2, 1, 1, 3, 3, 1, 2, 2, 5, 1, 2, 1, 1, 1, 1, 1, 3, 6, 1, 3, 3, 2, 4, 2, 1, 1, 1, 1, 1]","[0, 0, 1, 1, 0, 0, 1, 0, 1, 1, 0, 0, 0, 1, 1, 0, 2, 0, 1, 0, 0, 0, 2, 0, 0, 1, 0, 1, 0, 0, 2, 1, 1, 0, 3, 0, 0, 0, 1, 0, 1, 0, 2, 1, 0, 1, 0, 0, 2, 2, 0, 1, 1, 4, 0, 1, 0, 0, 0, 0, 0, 2, 5, 0, 2, 2, 1, 3, 1, 0, 0, 0, 0, 0]","[1, 1, 2, 2, 1, 1, 2, 1, 2, 2, 1, 1, 1, 2, 2, 1, 3, 1, 2, 1, 1, 1, 3, 1, 1, 2, 1, 2, 1, 1, 3, 2, 2, 1, 4, 1, 1, 1, 2, 1, 2, 1, 3, 2, 1, 2, 1, 1, 3, 3, 1, 2, 2, 5, 1, 2, 1, 1, 1, 1, 1, 3, 5, 1, 3, 3, 2, 4, 2, 1, 1, 1, 1, 1]",128,74,26,True,-1
T16_D8,101,2.0741,"[1, 1, 3, 1, 3, 1, 3, 2, 1, 1, 2, 5, 5, 4, 3, 1, 3, 2, 1, 2, 1, 4, 1, 1, 1, 5, 1, 1, 1, 1, 3, 1, 4, 1, 1, 3, 3, 3, 2, 1, 1, 2, 1, 3, 1, 2, 1, 2, 1, 2, 3, 4, 1, 4]","[0, 0, 2, 0, 2, 0, 2, 1, 0, 0, 1, 4, 4, 3, 2, 0, 2, 1, 0, 1, 0, 3, 0, 0, 0, 4, 0, 0, 0, 0, 2, 0, 3, 0, 0, 2, 2, 2, 1, 0, 0, 1, 0, 2, 0, 1, 0, 1, 0, 1, 2, 3, 0, 3]","[1, 1, 3, 1, 3, 1, 3, 2, 1, 1, 2, 5, 5, 4, 3, 1, 3, 2, 1, 2, 1, 4, 1, 1, 1, 5, 1, 1, 1, 1, 3, 1, 4, 1, 1, 3, 3, 3, 2, 1, 1, 2, 1, 3, 1, 2, 1, 2, 1, 2, 3, 4, 1, 4]",112,54,26,True,-1
T16_D8,102,1.8333,"[1, 1, 2, 1, 1, 1, 1, 1, 1, 3, 1, 1, 1, 2, 2, 1, 2, 1, 3, 1, 2, 2, 1, 4, 2, 2, 2, 1, 2, 1, 3, 1, 1, 2, 2, 1, 6, 1, 1, 3, 1, 2, 2, 2, 1, 1, 4, 2, 1, 4, 1, 1, 1, 1, 2, 4, 3, 3, 3, 3]","[0, 0, 1, 0, 0, 0, 0, 0, 0, 2, 0, 0, 0, 1, 1, 0, 1, 0, 2, 0, 1, 1, 0, 3, 1, 1, 1, 0, 1, 0, 2, 0, 0, 1, 1, 0, 5, 0, 0, 2, 0, 1, 1, 1, 0, 0, 3, 1, 0, 3, 0, 0, 0, 0, 1, 3, 2, 2, 2, 2]","[1, 1, 2, 1, 1, 1, 1, 1, 1, 3, 1, 1, 1, 2, 2, 1, 2, 1, 3, 1, 2, 2, 1, 4, 2, 2, 2, 1, 2, 1, 3, 1, 1, 2, 2, 1, 5, 1, 1, 3, 1, 2, 2, 2, 1, 1, 4, 2, 1, 4, 1, 1, 1, 1, 2, 4, 3, 3, 3, 3]",110,60,26,True,-1
T16_D8,103,2.0984,"[1, 1, 2, 1, 1, 1, 1, 3, 4, 3, 1, 1, 4, 2, 1, 3, 2, 2, 1, 2, 2, 3, 3, 2, 3, 5, 1, 2, 4, 1, 2, 1, 3, 1, 4, 1, 2, 6, 1, 4, 1, 1, 3, 5, 3, 1, 1, 2, 2, 3, 1, 2, 1, 1, 3, 2, 2, 1, 1, 1, 3]","[0, 0, 1, 0, 0, 0, 0, 2, 3, 2, 0, 0, 3, 1, 0, 2, 1, 1, 0, 1, 1, 2, 2, 1, 2, 4, 0, 1, 3, 0, 1, 0, 2, 0, 3, 0, 1, 5, 0, 3, 0, 0, 2, 4, 2, 0, 0, 1, 1, 2, 0, 1, 0, 0, 2, 1, 1, 0, 0, 0, 2]","[1, 1, 2, 1, 1, 1, 1, 3, 4, 3, 1, 1, 4, 2, 1, 3, 2, 2, 1, 2, 2, 3, 3, 2, 3, 5, 1, 2, 4, 1, 2, 1, 3, 1, 4, 1, 2, 5, 1, 4, 1, 1, 3, 5, 3, 1, 1, 2, 2, 3, 1, 2, 1, 1, 3, 2, 2, 1, 1, 1, 3]",128,61,26,True,-1
T16_D8,104,2.2308,"[1, 1, 2, 1, 1, 1, 1, 3, 4, 3, 1, 1, 4, 3, 4, 1, 6, 4, 1, 1, 3, 3, 4, 3, 1, 2, 3, 3, 2, 1, 2, 1, 2, 1, 1, 4, 1, 3, 3]","[0, 0, 1, 0, 0, 0, 0, 2, 3, 2, 0, 0, 3, 2, 3, 0, 5, 3, 0, 0, 2, 2, 3, 2, 0, 1, 2, 2, 1, 0, 1, 0, 1, 0, 0, 3, 0, 2, 2]","[1, 1, 2, 1, 1, 1, 1, 3, 4, 3, 1, 1, 4, 3, 4, 1, 5, 4, 1, 1, 3, 3, 4, 3, 1, 2, 3, 3, 2, 1, 2, 1, 2, 1, 1, 4, 1, 3, 3]",87,39,26,True,-1
T16_D8,105,2.075,"[1, 1, 2, 1, 1, 1, 5, 1, 3, 4, 5, 3, 2, 2, 3, 1, 1, 4, 1, 1, 1, 2, 1, 1, 2, 2, 1, 3, 5, 1, 1, 1, 1, 2, 1, 1, 3, 1, 5, 5]","[0, 0, 1, 0, 0, 0, 4, 0, 2, 3, 4, 2, 1, 1, 2, 0, 0, 3, 0, 0, 0, 1, 0, 0, 1, 1, 0, 2, 4, 0, 0, 0, 0, 1, 0, 0, 2, 0, 4, 4]","[1, 1, 2, 1, 1, 1, 5, 1, 3, 4, 5, 3, 2, 2, 3, 1, 1, 4, 1, 1, 1, 2, 1, 1, 2, 2, 1, 3, 5, 1, 1, 1, 1, 2, 1, 1, 3, 1, 5, 5]",83,40,26,True,-1
T16_D8,106,2.4259,"[1, 2, 1, 2, 1, 3, 2, 4, 4, 1, 2, 4, 4, 1, 3, 4, 3, 1, 3, 3, 4, 1, 1, 1, 1, 3, 3, 3, 1, 3, 4, 5, 3, 1, 1, 2, 4, 1, 2, 4, 1, 1, 2, 1, 1, 1, 3, 3, 3, 3, 3, 4, 4, 4]","[0, 1, 0, 1, 0, 2, 1, 3, 3, 0, 1, 3, 3, 0, 2, 3, 2, 0, 2, 2, 3, 0, 0, 0, 0, 2, 2, 2, 0, 2, 3, 4, 2, 0, 0, 1, 3, 0, 1, 3, 0, 0, 1, 0, 0, 0, 2, 2, 2, 2, 2, 3, 3, 3]","[1, 2, 1, 2, 1, 3, 2, 4, 4, 1, 2, 4, 4, 1, 3, 4, 3, 1, 3, 3, 4, 1, 1, 1, 1, 3, 3, 3, 1, 3, 4, 5, 3, 1, 1, 2, 4, 1, 2, 4, 1, 1, 2, 1, 1, 1, 3, 3, 3, 3, 3, 4, 4, 4]",128,54,26,True,-1
T16_D8,107,2.18,"[1, 1, 2, 1, 2, 1, 3, 4, 3, 1, 3, 1, 1, 1, 1, 3, 1, 1, 2, 4, 4, 3, 3, 1, 1, 3, 2, 3, 3, 2, 4, 1, 1, 5, 1, 3, 1, 1, 5, 1, 2, 1, 1, 3, 3, 1, 1, 5, 6, 1]","[0, 0, 1, 0, 1, 0, 2, 3, 2, 0, 2, 0, 0, 0, 0, 2, 0, 0, 1, 3, 3, 2, 2, 0, 0, 2, 1, 2, 2, 1, 3, 0, 0, 4, 0, 2, 0, 0, 4, 0, 1, 0, 0, 2, 2, 0, 0, 4, 5, 0]","[1, 1, 2, 1, 2, 1, 3, 4, 3, 1, 3, 1, 1, 1, 1, 3, 1, 1, 2, 4, 4, 3, 3, 1, 1, 3, 2, 3, 3, 2, 4, 1, 1, 5, 1, 3, 1, 1, 5, 1, 2, 1, 1, 3, 3, 1, 1, 5, 5, 1]",109,50,26,True,-1
T16_D8,108,2.16,"[1, 1, 2, 1, 1, 1, 1, 3, 4, 4, 1, 2, 3, 1, 2, 2, 2, 3, 4, 2, 1, 1, 5, 3, 3, 4, 1, 2, 2, 1, 1, 4, 4, 1, 5, 1, 3, 1, 1, 1, 4, 1, 1, 1, 1, 1, 1, 6, 4, 2]","[0, 0, 1, 0, 0, 0, 0, 2, 3, 3, 0, 1, 2, 0, 1, 1, 1, 2, 3, 1, 0, 0, 4, 2, 2, 3, 0, 1, 1, 0, 0, 3, 3, 0, 4, 0, 2, 0, 0, 0, 3, 0, 0, 0, 0, 0, 0, 5, 3, 1]","[1, 1, 2, 1, 1, 1, 1, 3, 4, 4, 1, 2, 3, 1, 2, 2, 2, 3, 4, 2, 1, 1, 5, 3, 3, 4, 1, 2, 2, 1, 1, 4, 4, 1, 5, 1, 3, 1, 1, 1, 4, 1, 1, 1, 1, 1, 1, 5, 4, 2]",108,50,26,True,-1
T16_D8,109,1.9394,"[1, 1, 2, 1, 1, 3, 3, 3, 1, 1, 5, 1, 3, 3, 1, 3, 4, 4, 1, 1, 1, 1, 6, 3, 2, 1, 4, 1, 1, 6, 2, 1, 2, 4, 1, 1, 1, 1, 3, 1, 1, 1, 3, 3, 1, 1, 3, 1, 2, 1, 3, 1, 3, 1, 1, 1, 1, 1, 4, 2, 1, 2, 1, 1, 1, 1]","[0, 0, 1, 0, 0, 2, 2, 2, 0, 0, 4, 0, 2, 2, 0, 2, 3, 3, 0, 0, 0, 0, 5, 2, 1, 0, 3, 0, 0, 5, 1, 0, 1, 3, 0, 0, 0, 0, 2, 0, 0, 0, 2, 2, 0, 0, 2, 0, 1, 0, 2, 0, 2, 0, 0, 0, 0, 0, 3, 1, 0, 1, 0, 0, 0, 0]","[1, 1, 2, 1, 1, 3, 3, 3, 1, 1, 5, 1, 3, 3, 1, 3, 4, 4, 1, 1, 1, 1, 5, 3, 2, 1, 4, 1, 1, 5, 2, 1, 2, 4, 1, 1, 1, 1, 3, 1, 1, 1, 3, 3, 1, 1, 3, 1, 2, 1, 3, 1, 3, 1, 1, 1, 1, 1, 4, 2, 1, 2, 1, 1, 1, 1]",128,66,26,True,-1
T16_D8,110,2.0645,"[1, 2, 1, 1, 2, 2, 3, 2, 1, 1, 5, 2, 1, 3, 3, 1, 1, 2, 4, 4, 1, 3, 1, 5, 1, 1, 1, 1, 1, 2, 3, 5, 1, 3, 3, 1, 3, 1, 4, 5, 1, 1, 3, 2, 1, 1, 1, 3, 3, 2, 2, 1, 4, 1, 1, 1, 2, 4, 3, 1, 1, 1]","[0, 1, 0, 0, 1, 1, 2, 1, 0, 0, 4, 1, 0, 2, 2, 0, 0, 1, 3, 3, 0, 2, 0, 4, 0, 0, 0, 0, 0, 1, 2, 4, 0, 2, 2, 0, 2, 0, 3, 4, 0, 0, 2, 1, 0, 0, 0, 2, 2, 1, 1, 0, 3, 0, 0, 0, 1, 3, 2, 0, 0, 0]","[1, 2, 1, 1, 2, 2, 3, 2, 1, 1, 5, 2, 1, 3, 3, 1, 1, 2, 4, 4, 1, 3, 1, 5, 1, 1, 1, 1, 1, 2, 3, 5, 1, 3, 3, 1, 3, 1, 4, 5, 1, 1, 3, 2, 1, 1, 1, 3, 3, 2, 2, 1, 4, 1, 1, 1, 2, 4, 3, 1, 1, 1]",128,62,26,True,-1
T16_D8,111,2.3455,"[3, 1, 2, 1, 3, 2, 1, 1, 3, 2, 2, 3, 3, 1, 1, 2, 1, 1, 3, 4, 1, 1, 1, 3, 3, 4, 1, 1, 5, 5, 4, 2, 3, 6, 1, 3, 2, 1, 4, 1, 4, 3, 1, 4, 3, 5, 1, 1, 4, 1, 1, 1, 2, 2, 4]","[2, 0, 1, 0, 2, 1, 0, 0, 2, 1, 1, 2, 2, 0, 0, 1, 0, 0, 2, 3, 0, 0, 0, 2, 2, 3, 0, 0, 4, 4, 3, 1, 2, 5, 0, 2, 1, 0, 3, 0, 3, 2, 0, 3, 2, 4, 0, 0, 3, 0, 0, 0, 1, 1, 3]","[3, 1, 2, 1, 3, 2, 1, 1, 3, 2, 2, 3, 3, 1, 1, 2, 1, 1, 3, 4, 1, 1, 1, 3, 3, 4, 1, 1, 5, 5, 4, 2, 3, 5, 1, 3, 2, 1, 4, 1, 4, 3, 1, 4, 3, 5, 1, 1, 4, 1, 1, 1, 2, 2, 4]",128,55,26,True,-1
T16_D8,112,2.1333,"[3, 1, 3, 2, 1, 1, 3, 2, 1, 1, 2, 1, 1, 1, 2, 1, 1, 1, 1, 3, 1, 2, 2, 3, 2, 1, 1, 1, 4, 1, 3, 4, 3, 3, 5, 4, 3, 4, 1, 1, 3, 2, 4, 1, 1, 1, 6, 3, 4, 3, 1, 2, 3, 1, 3, 2, 3, 1, 1, 2]","[2, 0, 2, 1, 0, 0, 2, 1, 0, 0, 1, 0, 0, 0, 1, 0, 0, 0, 0, 2, 0, 1, 1, 2, 1, 0, 0, 0, 3, 0, 2, 3, 2, 2, 4, 3, 2, 3, 0, 0, 2, 1, 3, 0, 0, 0, 5, 2, 3, 2, 0, 1, 2, 0, 2, 1, 2, 0, 0, 1]","[3, 1, 3, 2, 1, 1, 3, 2, 1, 1, 2, 1, 1, 1, 2, 1, 1, 1, 1, 3, 1, 2, 2, 3, 2, 1, 1, 1, 4, 1, 3, 4, 3, 3, 5, 4, 3, 4, 1, 1, 3, 2, 4, 1, 1, 1, 5, 3, 4, 3, 1, 2, 3, 1, 3, 2, 3, 1, 1, 2]",128,60,26,False,21
T16_D8,113,2.2069,"[3, 1, 3, 4, 1, 1, 1, 1, 2, 4, 1, 1, 3, 2, 4, 1, 2, 1, 2, 2, 1, 2, 1, 1, 1, 1, 3, 4, 2, 1, 5, 3, 3, 3, 2, 1, 3, 1, 4, 3, 1, 2, 2, 2, 1, 3, 1, 3, 2, 1, 4, 4, 2, 1, 4, 3, 2, 5]","[2, 0, 2, 3, 0, 0, 0, 0, 1, 3, 0, 0, 2, 1, 3, 0, 1, 0, 1, 1, 0, 1, 0, 0, 0, 0, 2, 3, 1, 0, 4, 2, 2, 2, 1, 0, 2, 0, 3, 2, 0, 1, 1, 1, 0, 2, 0, 2, 1, 0, 3, 3, 1, 0, 3, 2, 1, 4]","[3, 1, 3, 4, 1, 1, 1, 1, 2, 4, 1, 1, 3, 2, 4, 1, 2, 1, 2, 2, 1, 2, 1, 1, 1, 1, 3, 4, 2, 1, 5, 3, 3, 3, 2, 1, 3, 1, 4, 3, 1, 2, 2, 2, 1, 3, 1, 3, 2, 1, 4, 4, 2, 1, 4, 3, 2, 5]",128,58,26,True,-1
T16_D8,114,2.2642,"[1, 1, 3, 1, 1, 3, 3, 2, 3, 1, 4, 2, 3, 1, 2, 3, 1, 2, 1, 3, 1, 1, 1, 1, 4, 1, 1, 2, 3, 4, 1, 2, 3, 1, 3, 6, 2, 2, 1, 4, 1, 3, 1, 4, 4, 4, 3, 2, 2, 1, 4, 3, 3]","[0, 0, 2, 0, 0, 2, 2, 1, 2, 0, 3, 1, 2, 0, 1, 2, 0, 1, 0, 2, 0, 0, 0, 0, 3, 0, 0, 1, 2, 3, 0, 1, 2, 0, 2, 5, 1, 1, 0, 3, 0, 2, 0, 3, 3, 3, 2, 1, 1, 0, 3, 2, 2]","[1, 1, 3, 1, 1, 3, 3, 2, 3, 1, 4, 2, 3, 1, 2, 3, 1, 2, 1, 3, 1, 1, 1, 1, 4, 1, 1, 2, 3, 4, 1, 2, 3, 1, 3, 5, 2, 2, 1, 4, 1, 3, 1, 4, 4, 4, 3, 2, 2, 1, 4, 3, 3]",120,53,26,True,-1
T16_D8,115,2.5294,"[3, 1, 3, 2, 1, 1, 4, 3, 3, 1, 3, 1, 3, 1, 6, 1, 3, 4, 3, 1, 1, 4, 1, 2, 5, 5, 2, 1, 1, 1, 1, 1, 6, 3, 2, 1, 3, 3, 1, 3, 3, 3, 1, 5, 1, 4, 3, 5, 1, 2, 6]","[2, 0, 2, 1, 0, 0, 3, 2, 2, 0, 2, 0, 2, 0, 5, 0, 2, 3, 2, 0, 0, 3, 0, 1, 4, 4, 1, 0, 0, 0, 0, 0, 5, 2, 1, 0, 2, 2, 0, 2, 2, 2, 0, 4, 0, 3, 2, 4, 0, 1, 5]","[3, 1, 3, 2, 1, 1, 4, 3, 3, 1, 3, 1, 3, 1, 5, 1, 3, 4, 3, 1, 1, 4, 1, 2, 5, 5, 2, 1, 1, 1, 1, 1, 5, 3, 2, 1, 3, 3, 1, 3, 3, 3, 1, 5, 1, 4, 3, 5, 1, 2, 5]",128,51,26,True,-1
T16_D8,116,2.0156,"[3, 1, 3, 2, 2, 3, 4, 1, 2, 2, 1, 2, 1, 2, 4, 2, 1, 3, 4, 3, 1, 1, 2, 1, 1, 3, 2, 1, 1, 3, 1, 1, 3, 4, 1, 2, 2, 1, 1, 2, 1, 1, 1, 1, 1, 1, 3, 5, 3, 1, 3, 2, 1, 1, 1, 3, 2, 1, 3, 4, 2, 3, 1, 4]","[2, 0, 2, 1, 1, 2, 3, 0, 1, 1, 0, 1, 0, 1, 3, 1, 0, 2, 3, 2, 0, 0, 1, 0, 0, 2, 1, 0, 0, 2, 0, 0, 2, 3, 0, 1, 1, 0, 0, 1, 0, 0, 0, 0, 0, 0, 2, 4, 2, 0, 2, 1, 0, 0, 0, 2, 1, 0, 2, 3, 1, 2, 0, 3]","[3, 1, 3, 2, 2, 3, 4, 1, 2, 2, 1, 2, 1, 2, 4, 2, 1, 3, 4, 3, 1, 1, 2, 1, 1, 3, 2, 1, 1, 3, 1, 1, 3, 4, 1, 2, 2, 1, 1, 2, 1, 1, 1, 1, 1, 1, 3, 5, 3, 1, 3, 2, 1, 1, 1, 3, 2, 1, 3, 4, 2, 3, 1, 4]",128,64,26,True,-1
T16_D8,117,2.082,"[1, 1, 2, 1, 1, 5, 4, 3, 3, 2, 1, 3, 2, 3, 1, 2, 1, 2, 3, 1, 1, 4, 2, 1, 4, 1, 1, 3, 2, 1, 2, 1, 2, 4, 1, 1, 1, 2, 1, 1, 1, 1, 1, 2, 1, 1, 4, 2, 4, 2, 2, 1, 6, 1, 2, 2, 2, 3, 1, 6, 4]","[0, 0, 1, 0, 0, 4, 3, 2, 2, 1, 0, 2, 1, 2, 0, 1, 0, 1, 2, 0, 0, 3, 1, 0, 3, 0, 0, 2, 1, 0, 1, 0, 1, 3, 0, 0, 0, 1, 0, 0, 0, 0, 0, 1, 0, 0, 3, 1, 3, 1, 1, 0, 5, 0, 1, 1, 1, 2, 0, 5, 3]","[1, 1, 2, 1, 1, 5, 4, 3, 3, 2, 1, 3, 2, 3, 1, 2, 1, 2, 3, 1, 1, 4, 2, 1, 4, 1, 1, 3, 2, 1, 2, 1, 2, 4, 1, 1, 1, 2, 1, 1, 1, 1, 1, 2, 1, 1, 4, 2, 4, 2, 2, 1, 5, 1, 2, 2, 2, 3, 1, 5, 4]",127,61,26,False,7
T16_D8,118,2.2069,"[1, 1, 2, 1, 2, 4, 4, 3, 1, 1, 2, 1, 2, 1, 2, 1, 1, 2, 3, 1, 1, 3, 3, 4, 3, 1, 2, 1, 1, 1, 3, 3, 2, 1, 1, 1, 1, 1, 2, 2, 3, 2, 3, 2, 1, 4, 6, 1, 4, 4, 1, 6, 1, 4, 1, 4, 4, 4]","[0, 0, 1, 0, 1, 3, 3, 2, 0, 0, 1, 0, 1, 0, 1, 0, 0, 1, 2, 0, 0, 2, 2, 3, 2, 0, 1, 0, 0, 0, 2, 2, 1, 0, 0, 0, 0, 0, 1, 1, 2, 1, 2, 1, 0, 3, 5, 0, 3, 3, 0, 5, 0, 3, 0, 3, 3, 3]","[1, 1, 2, 1, 2, 4, 4, 3, 1, 1, 2, 1, 2, 1, 2, 1, 1, 2, 3, 1, 1, 3, 3, 4, 3, 1, 2, 1, 1, 1, 3, 3, 2, 1, 1, 1, 1, 1, 2, 2, 3, 2, 3, 2, 1, 4, 5, 1, 4, 4, 1, 5, 1, 4, 1, 4, 4, 4]",128,58,26,True,-1
T16_D8,119,2.2414,"[3, 1, 3, 2, 1, 1, 2, 1, 2, 1, 1, 2, 1, 1, 1, 4, 3, 1, 1, 3, 1, 4, 2, 1, 3, 3, 4, 1, 4, 1, 2, 3, 5, 2, 1, 4, 4, 1, 2, 2, 2, 5, 2, 1, 3, 4, 6, 1, 2, 1, 3, 1, 4, 1, 1, 2, 2, 4]","[2, 0, 2, 1, 0, 0, 1, 0, 1, 0, 0, 1, 0, 0, 0, 3, 2, 0, 0, 2, 0, 3, 1, 0, 2, 2, 3, 0, 3, 0, 1, 2, 4, 1, 0, 3, 3, 0, 1, 1, 1, 4, 1, 0, 2, 3, 5, 0, 1, 0, 2, 0, 3, 0, 0, 1, 1, 3]","[3, 1, 3, 2, 1, 1, 2, 1, 2, 1, 1, 2, 1, 1, 1, 4, 3, 1, 1, 3, 1, 4, 2, 1, 3, 3, 4, 1, 4, 1, 2, 3, 5, 2, 1, 4, 4, 1, 2, 2, 2, 5, 2, 1, 3, 4, 5, 1, 2, 1, 3, 1, 4, 1, 1, 2, 2, 4]",128,58,26,False,11
T16_D8,120,2.1864,"[3, 1, 3, 2, 2, 3, 1, 2, 3, 2, 3, 4, 2, 2, 2, 3, 2, 1, 1, 3, 1, 2, 1, 1, 4, 4, 2, 1, 3, 4, 3, 1, 4, 2, 2, 2, 2, 2, 3, 3, 2, 1, 1, 2, 1, 2, 1, 4, 4, 3, 4, 1, 1, 1, 4, 1, 1, 1, 2]","[2, 0, 2, 1, 1, 2, 0, 1, 2, 1, 2, 3, 1, 1, 1, 2, 1, 0, 0, 2, 0, 1, 0, 0, 3, 3, 1, 0, 2, 3, 2, 0, 3, 1, 1, 1, 1, 1, 2, 2, 1, 0, 0, 1, 0, 1, 0, 3, 3, 2, 3, 0, 0, 0, 3, 0, 0, 0, 1]","[3, 1, 3, 2, 2, 3, 1, 2, 3, 2, 3, 4, 2, 2, 2, 3, 2, 1, 1, 3, 1, 2, 1, 1, 4, 4, 2, 1, 3, 4, 3, 1, 4, 2, 2, 2, 2, 2, 3, 3, 2, 1, 1, 2, 1, 2, 1, 4, 4, 3, 4, 1, 1, 1, 4, 1, 1, 1, 2]",128,59,26,True,-1
T16_D8,121,2.4808,"[3, 1, 3, 2, 2, 3, 1, 3, 2, 2, 1, 5, 1, 3, 5, 4, 1, 3, 6, 1, 1, 4, 2, 4, 3, 2, 3, 2, 2, 3, 4, 1, 1, 4, 3, 4, 4, 2, 1, 3, 3, 1, 3, 1, 1, 1, 3, 3, 1, 3, 1, 3]","[2, 0, 2, 1, 1, 2, 0, 2, 1, 1, 0, 4, 0, 2, 4, 3, 0, 2, 5, 0, 0, 3, 1, 3, 2, 1, 2, 1, 1, 2, 3, 0, 0, 3, 2, 3, 3, 1, 0, 2, 2, 0, 2, 0, 0, 0, 2, 2, 0, 2, 0, 2]","[3, 1, 3, 2, 2, 3, 1, 3, 2, 2, 1, 5, 1, 3, 5, 4, 1, 3, 5, 1, 1, 4, 2, 4, 3, 2, 3, 2, 2, 3, 4, 1, 1, 4, 3, 4, 4, 2, 1, 3, 3, 1, 3, 1, 1, 1, 3, 3, 1, 3, 1, 3]",128,52,26,True,-1
T16_D8,122,2.3636,"[1, 2, 1, 3, 4, 1, 1, 1, 4, 2, 2, 4, 4, 1, 3, 1, 1, 4, 2, 1, 4, 4, 1, 3, 1, 3, 2, 1, 5, 6, 4, 1, 2, 1, 1, 2, 1, 1, 1, 1, 2, 1, 3, 6, 6, 3, 1, 1, 1, 4, 3, 4, 3, 1, 3]","[0, 1, 0, 2, 3, 0, 0, 0, 3, 1, 1, 3, 3, 0, 2, 0, 0, 3, 1, 0, 3, 3, 0, 2, 0, 2, 1, 0, 4, 5, 3, 0, 1, 0, 0, 1, 0, 0, 0, 0, 1, 0, 2, 5, 5, 2, 0, 0, 0, 3, 2, 3, 2, 0, 2]","[1, 2, 1, 3, 4, 1, 1, 1, 4, 2, 2, 4, 4, 1, 3, 1, 1, 4, 2, 1, 4, 4, 1, 3, 1, 3, 2, 1, 5, 5, 4, 1, 2, 1, 1, 2, 1, 1, 1, 1, 2, 1, 3, 5, 5, 3, 1, 1, 1, 4, 3, 4, 3, 1, 3]",128,55,26,True,-1
T16_D8,123,2.4151,"[3, 1, 2, 3, 2, 3, 1, 3, 1, 3, 2, 4, 3, 5, 2, 4, 6, 4, 2, 1, 1, 1, 1, 4, 1, 1, 5, 4, 1, 4, 1, 3, 4, 1, 1, 2, 1, 1, 3, 1, 1, 1, 4, 3, 3, 1, 4, 4, 1, 4, 1, 1, 4]","[2, 0, 1, 2, 1, 2, 0, 2, 0, 2, 1, 3, 2, 4, 1, 3, 5, 3, 1, 0, 0, 0, 0, 3, 0, 0, 4, 3, 0, 3, 0, 2, 3, 0, 0, 1, 0, 0, 2, 0, 0, 0, 3, 2, 2, 0, 3, 3, 0, 3, 0, 0, 3]","[3, 1, 2, 3, 2, 3, 1, 3, 1, 3, 2, 4, 3, 5, 2, 4, 5, 4, 2, 1, 1, 1, 1, 4, 1, 1, 5, 4, 1, 4, 1, 3, 4, 1, 1, 2, 1, 1, 3, 1, 1, 1, 4, 3, 3, 1, 4, 4, 1, 4, 1, 1, 4]",128,53,26,True,-1
T16_D8,124,1.7534,"[1, 1, 2, 1, 1, 1, 1, 2, 1, 2, 4, 1, 3, 1, 2, 1, 1, 1, 5, 2, 1, 1, 1, 2, 1, 3, 1, 1, 2, 1, 1, 1, 1, 1, 2, 1, 3, 1, 1, 2, 4, 1, 1, 3, 1, 1, 6, 4, 2, 1, 1, 1, 1, 1, 1, 1, 2, 1, 1, 3, 4, 1, 3, 1, 1, 1, 3, 5, 4, 1, 1, 3, 1]","[0, 0, 1, 0, 0, 0, 0, 1, 0, 1, 3, 0, 2, 0, 1, 0, 0, 0, 4, 1, 0, 0, 0, 1, 0, 2, 0, 0, 1, 0, 0, 0, 0, 0, 1, 0, 2, 0, 0, 1, 3, 0, 0, 2, 0, 0, 5, 3, 1, 0, 0, 0, 0, 0, 0, 0, 1, 0, 0, 2, 3, 0, 2, 0, 0, 0, 2, 4, 3, 0, 0, 2, 0]","[1, 1, 2, 1, 1, 1, 1, 2, 1, 2, 4, 1, 3, 1, 2, 1, 1, 1, 5, 2, 1, 1, 1, 2, 1, 3, 1, 1, 2, 1, 1, 1, 1, 1, 2, 1, 3, 1, 1, 2, 4, 1, 1, 3, 1, 1, 5, 4, 2, 1, 1, 1, 1, 1, 1, 1, 2, 1, 1, 3, 4, 1, 3, 1, 1, 1, 3, 5, 4, 1, 1, 3, 1]",128,73,26,True,-1
T16_D8,125,2.2857,"[3, 1, 3, 2, 2, 2, 2, 2, 4, 1, 1, 1, 2, 3, 4, 1, 3, 5, 4, 1, 3, 6, 1, 1, 1, 1, 6, 2, 5, 2, 1, 1, 1, 1, 4, 1, 3, 4, 4, 1, 3, 2, 1, 2, 3, 2, 3, 1, 2, 2, 1, 4, 2, 1, 2, 1]","[2, 0, 2, 1, 1, 1, 1, 1, 3, 0, 0, 0, 1, 2, 3, 0, 2, 4, 3, 0, 2, 5, 0, 0, 0, 0, 5, 1, 4, 1, 0, 0, 0, 0, 3, 0, 2, 3, 3, 0, 2, 1, 0, 1, 2, 1, 2, 0, 1, 1, 0, 3, 1, 0, 1, 0]","[3, 1, 3, 2, 2, 2, 2, 2, 4, 1, 1, 1, 2, 3, 4, 1, 3, 5, 4, 1, 3, 5, 1, 1, 1, 1, 5, 2, 5, 2, 1, 1, 1, 1, 4, 1, 3, 4, 4, 1, 3, 2, 1, 2, 3, 2, 3, 1, 2, 2, 1, 4, 2, 1, 2, 1]",128,56,26,True,-1
T16_D8,126,2.2069,"[3, 1, 3, 2, 2, 2, 1, 3, 4, 1, 3, 1, 1, 3, 5, 4, 1, 2, 1, 4, 3, 1, 4, 1, 2, 4, 2, 6, 2, 1, 3, 4, 1, 2, 2, 1, 1, 1, 1, 1, 1, 2, 4, 1, 3, 1, 3, 4, 1, 3, 1, 2, 1, 3, 2, 2, 2, 2]","[2, 0, 2, 1, 1, 1, 0, 2, 3, 0, 2, 0, 0, 2, 4, 3, 0, 1, 0, 3, 2, 0, 3, 0, 1, 3, 1, 5, 1, 0, 2, 3, 0, 1, 1, 0, 0, 0, 0, 0, 0, 1, 3, 0, 2, 0, 2, 3, 0, 2, 0, 1, 0, 2, 1, 1, 1, 1]","[3, 1, 3, 2, 2, 2, 1, 3, 4, 1, 3, 1, 1, 3, 5, 4, 1, 2, 1, 4, 3, 1, 4, 1, 2, 4, 2, 5, 2, 1, 3, 4, 1, 2, 2, 1, 1, 1, 1, 1, 1, 2, 4, 1, 3, 1, 3, 4, 1, 3, 1, 2, 1, 3, 2, 2, 2, 2]",128,58,26,True,-1
T16_D8,127,2.1333,"[1, 2, 1, 3, 2, 2, 2, 1, 3, 4, 4, 1, 2, 1, 1, 1, 3, 1, 3, 5, 4, 1, 2, 3, 4, 4, 1, 5, 2, 6, 1, 1, 2, 1, 1, 1, 4, 1, 1, 1, 1, 1, 1, 1, 1, 1, 1, 6, 5, 3, 3, 3, 2, 1, 1, 2, 1, 2, 2, 1]","[0, 1, 0, 2, 1, 1, 1, 0, 2, 3, 3, 0, 1, 0, 0, 0, 2, 0, 2, 4, 3, 0, 1, 2, 3, 3, 0, 4, 1, 5, 0, 0, 1, 0, 0, 0, 3, 0, 0, 0, 0, 0, 0, 0, 0, 0, 0, 5, 4, 2, 2, 2, 1, 0, 0, 1, 0, 1, 1, 0]","[1, 2, 1, 3, 2, 2, 2, 1, 3, 4, 4, 1, 2, 1, 1, 1, 3, 1, 3, 5, 4, 1, 2, 3, 4, 4, 1, 5, 2, 5, 1, 1, 2, 1, 1, 1, 4, 1, 1, 1, 1, 1, 1, 1, 1, 1, 1, 5, 5, 3, 3, 3, 2, 1, 1, 2, 1, 2, 2, 1]",128,60,26,True,-1
T16_D8,128,2.2414,"[3, 1, 3, 2, 2, 1, 3, 1, 3, 2, 1, 4, 2, 4, 3, 3, 1, 2, 1, 4, 4, 2, 1, 3, 1, 1, 1, 1, 4, 1, 3, 3, 2, 1, 1, 1, 4, 3, 1, 2, 2, 3, 3, 1, 6, 5, 1, 2, 1, 1, 4, 1, 4, 1, 2, 1, 1, 5]","[2, 0, 2, 1, 1, 0, 2, 0, 2, 1, 0, 3, 1, 3, 2, 2, 0, 1, 0, 3, 3, 1, 0, 2, 0, 0, 0, 0, 3, 0, 2, 2, 1, 0, 0, 0, 3, 2, 0, 1, 1, 2, 2, 0, 5, 4, 0, 1, 0, 0, 3, 0, 3, 0, 1, 0, 0, 4]","[3, 1, 3, 2, 2, 1, 3, 1, 3, 2, 1, 4, 2, 4, 3, 3, 1, 2, 1, 4, 4, 2, 1, 3, 1, 1, 1, 1, 4, 1, 3, 3, 2, 1, 1, 1, 4, 3, 1, 2, 2, 3, 3, 1, 5, 5, 1, 2, 1, 1, 4, 1, 4, 1, 2, 1, 1, 5]",128,58,26,True,-1
T16_D8,129,2.5098,"[3, 1, 3, 2, 2, 3, 3, 4, 3, 2, 4, 1, 5, 1, 4, 1, 1, 3, 4, 3, 2, 1, 3, 6, 1, 1, 4, 2, 3, 3, 2, 1, 2, 3, 3, 4, 1, 1, 1, 1, 1, 3, 1, 2, 1, 5, 4, 3, 5, 2, 3]","[2, 0, 2, 1, 1, 2, 2, 3, 2, 1, 3, 0, 4, 0, 3, 0, 0, 2, 3, 2, 1, 0, 2, 5, 0, 0, 3, 1, 2, 2, 1, 0, 1, 2, 2, 3, 0, 0, 0, 0, 0, 2, 0, 1, 0, 4, 3, 2, 4, 1, 2]","[3, 1, 3, 2, 2, 3, 3, 4, 3, 2, 4, 1, 5, 1, 4, 1, 1, 3, 4, 3, 2, 1, 3, 5, 1, 1, 4, 2, 3, 3, 2, 1, 2, 3, 3, 4, 1, 1, 1, 1, 1, 3, 1, 2, 1, 5, 4, 3, 5, 2, 3]",128,51,26,False,123
T16_D8,130,2.2456,"[3, 1, 3, 2, 2, 1, 4, 2, 3, 4, 4, 3, 1, 3, 1, 2, 1, 1, 2, 1, 3, 4, 4, 1, 2, 1, 1, 3, 3, 4, 1, 4, 2, 1, 3, 3, 1, 1, 1, 1, 3, 1, 5, 3, 1, 2, 2, 3, 1, 4, 1, 5, 1, 2, 2, 1, 3]","[2, 0, 2, 1, 1, 0, 3, 1, 2, 3, 3, 2, 0, 2, 0, 1, 0, 0, 1, 0, 2, 3, 3, 0, 1, 0, 0, 2, 2, 3, 0, 3, 1, 0, 2, 2, 0, 0, 0, 0, 2, 0, 4, 2, 0, 1, 1, 2, 0, 3, 0, 4, 0, 1, 1, 0, 2]","[3, 1, 3, 2, 2, 1, 4, 2, 3, 4, 4, 3, 1, 3, 1, 2, 1, 1, 2, 1, 3, 4, 4, 1, 2, 1, 1, 3, 3, 4, 1, 4, 2, 1, 3, 3, 1, 1, 1, 1, 3, 1, 5, 3, 1, 2, 2, 3, 1, 4, 1, 5, 1, 2, 2, 1, 3]",128,57,26,True,-1
T16_D8,131,2.2456,"[1, 1, 2, 2, 4, 2, 4, 1, 2, 3, 2, 5, 4, 3, 1, 4, 2, 5, 2, 1, 1, 1, 2, 1, 3, 1, 3, 5, 5, 2, 1, 1, 1, 3, 3, 2, 1, 4, 3, 3, 1, 1, 2, 1, 3, 2, 1, 3, 1, 2, 1, 2, 4, 2, 3, 1, 1]","[0, 0, 1, 1, 3, 1, 3, 0, 1, 2, 1, 4, 3, 2, 0, 3, 1, 4, 1, 0, 0, 0, 1, 0, 2, 0, 2, 4, 4, 1, 0, 0, 0, 2, 2, 1, 0, 3, 2, 2, 0, 0, 1, 0, 2, 1, 0, 2, 0, 1, 0, 1, 3, 1, 2, 0, 0]","[1, 1, 2, 2, 4, 2, 4, 1, 2, 3, 2, 5, 4, 3, 1, 4, 2, 5, 2, 1, 1, 1, 2, 1, 3, 1, 3, 5, 5, 2, 1, 1, 1, 3, 3, 2, 1, 4, 3, 3, 1, 1, 2, 1, 3, 2, 1, 3, 1, 2, 1, 2, 4, 2, 3, 1, 1]",128,57,26,True,-1
T16_D8,132,2.2632,"[1, 1, 2, 2, 4, 1, 1, 3, 2, 6, 1, 1, 2, 1, 2, 3, 1, 1, 3, 1, 4, 3, 1, 2, 1, 1, 1, 2, 1, 2, 2, 4, 4, 3, 2, 1, 3, 2, 3, 4, 5, 4, 2, 3, 2, 1, 1, 4, 3, 4, 1, 4, 2, 1, 1, 2, 4]","[0, 0, 1, 1, 3, 0, 0, 2, 1, 5, 0, 0, 1, 0, 1, 2, 0, 0, 2, 0, 3, 2, 0, 1, 0, 0, 0, 1, 0, 1, 1, 3, 3, 2, 1, 0, 2, 1, 2, 3, 4, 3, 1, 2, 1, 0, 0, 3, 2, 3, 0, 3, 1, 0, 0, 1, 3]","[1, 1, 2, 2, 4, 1, 1, 3, 2, 5, 1, 1, 2, 1, 2, 3, 1, 1, 3, 1, 4, 3, 1, 2, 1, 1, 1, 2, 1, 2, 2, 4, 4, 3, 2, 1, 3, 2, 3, 4, 5, 4, 2, 3, 2, 1, 1, 4, 3, 4, 1, 4, 2, 1, 1, 2, 4]",128,57,26,True,-1
T16_D8,133,2.2857,"[1, 1, 1, 1, 2, 1, 1, 1, 1, 3, 1, 2, 1, 3, 2, 4, 1, 3, 1, 1, 3, 1, 3, 3, 2, 2, 4, 1, 1, 6, 1, 3, 3, 3, 3, 2, 3, 4, 3, 4, 2, 4, 4, 2, 3, 1, 3, 2, 1, 6, 3, 4, 2, 1, 1, 2]","[0, 0, 0, 0, 1, 0, 0, 0, 0, 2, 0, 1, 0, 2, 1, 3, 0, 2, 0, 0, 2, 0, 2, 2, 1, 1, 3, 0, 0, 5, 0, 2, 2, 2, 2, 1, 2, 3, 2, 3, 1, 3, 3, 1, 2, 0, 2, 1, 0, 5, 2, 3, 1, 0, 0, 1]","[1, 1, 1, 1, 2, 1, 1, 1, 1, 3, 1, 2, 1, 3, 2, 4, 1, 3, 1, 1, 3, 1, 3, 3, 2, 2, 4, 1, 1, 5, 1, 3, 3, 3, 3, 2, 3, 4, 3, 4, 2, 4, 4, 2, 3, 1, 3, 2, 1, 5, 3, 4, 2, 1, 1, 2]",128,56,26,True,-1
T16_D8,134,2.5192,"[1, 1, 2, 2, 3, 1, 1, 2, 3, 6, 2, 1, 2, 1, 5, 4, 1, 3, 4, 3, 1, 5, 6, 6, 2, 1, 3, 1, 3, 1, 1, 4, 2, 1, 1, 4, 2, 6, 1, 2, 1, 1, 1, 3, 5, 1, 3, 2, 1, 4, 4, 4]","[0, 0, 1, 1, 2, 0, 0, 1, 2, 5, 1, 0, 1, 0, 4, 3, 0, 2, 3, 2, 0, 4, 5, 5, 1, 0, 2, 0, 2, 0, 0, 3, 1, 0, 0, 3, 1, 5, 0, 1, 0, 0, 0, 2, 4, 0, 2, 1, 0, 3, 3, 3]","[1, 1, 2, 2, 3, 1, 1, 2, 3, 5, 2, 1, 2, 1, 5, 4, 1, 3, 4, 3, 1, 5, 5, 5, 2, 1, 3, 1, 3, 1, 1, 4, 2, 1, 1, 4, 2, 5, 1, 2, 1, 1, 1, 3, 5, 1, 3, 2, 1, 4, 4, 4]",128,52,26,True,-1
T16_D8,135,2.3704,"[3, 1, 1, 2, 4, 1, 1, 1, 1, 1, 1, 3, 1, 4, 4, 2, 2, 4, 1, 2, 1, 2, 4, 1, 1, 4, 6, 1, 1, 2, 3, 4, 1, 1, 3, 3, 3, 1, 4, 2, 1, 5, 6, 2, 5, 3, 2, 6, 2, 1, 1, 3, 1, 2]","[2, 0, 0, 1, 3, 0, 0, 0, 0, 0, 0, 2, 0, 3, 3, 1, 1, 3, 0, 1, 0, 1, 3, 0, 0, 3, 5, 0, 0, 1, 2, 3, 0, 0, 2, 2, 2, 0, 3, 1, 0, 4, 5, 1, 4, 2, 1, 5, 1, 0, 0, 2, 0, 1]","[3, 1, 1, 2, 4, 1, 1, 1, 1, 1, 1, 3, 1, 4, 4, 2, 2, 4, 1, 2, 1, 2, 4, 1, 1, 4, 5, 1, 1, 2, 3, 4, 1, 1, 3, 3, 3, 1, 4, 2, 1, 5, 5, 2, 5, 3, 2, 5, 2, 1, 1, 3, 1, 2]",128,54,26,True,-1
T16_D8,136,1.8235,"[1, 1, 1, 1, 4, 1, 1, 3, 1, 2, 2, 2, 2, 1, 2, 3, 3]","[0, 0, 0, 0, 3, 0, 0, 2, 0, 1, 1, 1, 1, 0, 1, 2, 2]","[1, 1, 1, 1, 4, 1, 1, 3, 1, 2, 2, 2, 2, 1, 2, 3, 3]",31,17,26,False,2
T16_D8,137,2.1864,"[1, 1, 2, 2, 5, 1, 2, 1, 1, 3, 2, 1, 5, 1, 5, 1, 1, 3, 1, 2, 1, 2, 1, 1, 1, 1, 3, 1, 3, 1, 2, 1, 1, 1, 4, 3, 4, 1, 1, 1, 3, 1, 5, 4, 4, 4, 4, 2, 2, 1, 2, 1, 3, 3, 3, 3, 1, 4, 4]","[0, 0, 1, 1, 4, 0, 1, 0, 0, 2, 1, 0, 4, 0, 4, 0, 0, 2, 0, 1, 0, 1, 0, 0, 0, 0, 2, 0, 2, 0, 1, 0, 0, 0, 3, 2, 3, 0, 0, 0, 2, 0, 4, 3, 3, 3, 3, 1, 1, 0, 1, 0, 2, 2, 2, 2, 0, 3, 3]","[1, 1, 2, 2, 5, 1, 2, 1, 1, 3, 2, 1, 5, 1, 5, 1, 1, 3, 1, 2, 1, 2, 1, 1, 1, 1, 3, 1, 3, 1, 2, 1, 1, 1, 4, 3, 4, 1, 1, 1, 3, 1, 5, 4, 4, 4, 4, 2, 2, 1, 2, 1, 3, 3, 3, 3, 1, 4, 4]",128,59,26,True,-1
T16_D8,138,2.1148,"[1, 1, 2, 2, 4, 2, 4, 1, 4, 2, 1, 1, 3, 1, 5, 1, 2, 1, 1, 1, 2, 1, 3, 1, 1, 4, 2, 1, 5, 3, 4, 2, 3, 1, 1, 3, 1, 4, 2, 3, 1, 1, 1, 2, 3, 2, 3, 1, 3, 1, 1, 2, 1, 3, 2, 1, 3, 1, 1, 4, 5]","[0, 0, 1, 1, 3, 1, 3, 0, 3, 1, 0, 0, 2, 0, 4, 0, 1, 0, 0, 0, 1, 0, 2, 0, 0, 3, 1, 0, 4, 2, 3, 1, 2, 0, 0, 2, 0, 3, 1, 2, 0, 0, 0, 1, 2, 1, 2, 0, 2, 0, 0, 1, 0, 2, 1, 0, 2, 0, 0, 3, 4]","[1, 1, 2, 2, 4, 2, 4, 1, 4, 2, 1, 1, 3, 1, 5, 1, 2, 1, 1, 1, 2, 1, 3, 1, 1, 4, 2, 1, 5, 3, 4, 2, 3, 1, 1, 3, 1, 4, 2, 3, 1, 1, 1, 2, 3, 2, 3, 1, 3, 1, 1, 2, 1, 3, 2, 1, 3, 1, 1, 4, 5]",128,61,26,True,-1
T16_D8,139,2.1333,"[1, 1, 3, 2, 2, 2, 1, 5, 3, 4, 3, 4, 3, 2, 1, 3, 6, 1, 1, 6, 3, 4, 3, 4, 1, 1, 1, 1, 1, 3, 1, 3, 4, 2, 1, 3, 2, 2, 2, 2, 2, 1, 2, 3, 2, 1, 2, 1, 3, 1, 1, 1, 1, 1, 1, 1, 2, 2, 1, 1]","[0, 0, 2, 1, 1, 1, 0, 4, 2, 3, 2, 3, 2, 1, 0, 2, 5, 0, 0, 5, 2, 3, 2, 3, 0, 0, 0, 0, 0, 2, 0, 2, 3, 1, 0, 2, 1, 1, 1, 1, 1, 0, 1, 2, 1, 0, 1, 0, 2, 0, 0, 0, 0, 0, 0, 0, 1, 1, 0, 0]","[1, 1, 3, 2, 2, 2, 1, 5, 3, 4, 3, 4, 3, 2, 1, 3, 5, 1, 1, 5, 3, 4, 3, 4, 1, 1, 1, 1, 1, 3, 1, 3, 4, 2, 1, 3, 2, 2, 2, 2, 2, 1, 2, 3, 2, 1, 2, 1, 3, 1, 1, 1, 1, 1, 1, 1, 2, 2, 1, 1]",128,60,26,True,-1
T16_D8,140,2.4151,"[2, 3, 2, 2, 1, 1, 1, 2, 3, 4, 1, 6, 2, 1, 3, 4, 3, 1, 1, 3, 4, 6, 2, 2, 1, 1, 2, 1, 2, 2, 1, 1, 1, 2, 3, 2, 2, 6, 5, 1, 2, 1, 4, 1, 2, 1, 3, 1, 4, 6, 6, 3, 1]","[1, 2, 1, 1, 0, 0, 0, 1, 2, 3, 0, 5, 1, 0, 2, 3, 2, 0, 0, 2, 3, 5, 1, 1, 0, 0, 1, 0, 1, 1, 0, 0, 0, 1, 2, 1, 1, 5, 4, 0, 1, 0, 3, 0, 1, 0, 2, 0, 3, 5, 5, 2, 0]","[2, 3, 2, 2, 1, 1, 1, 2, 3, 4, 1, 5, 2, 1, 3, 4, 3, 1, 1, 3, 4, 5, 2, 2, 1, 1, 2, 1, 2, 2, 1, 1, 1, 2, 3, 2, 2, 5, 5, 1, 2, 1, 4, 1, 2, 1, 3, 1, 4, 5, 5, 3, 1]",128,53,26,True,-1
T16_D8,141,2.0,"[1, 1, 2, 1, 1, 3, 2, 1, 3, 5, 1, 1, 1, 1, 1, 4, 3, 1, 2, 3, 3, 1, 3, 3, 1, 1, 3, 4, 4, 2, 2, 4, 1, 1, 1, 2, 4, 1, 3, 1, 5, 2, 1, 1, 1, 1, 3, 4, 1, 2, 3, 1, 3, 1, 1, 2, 2, 2, 4, 1, 1, 1, 1, 1]","[0, 0, 1, 0, 0, 2, 1, 0, 2, 4, 0, 0, 0, 0, 0, 3, 2, 0, 1, 2, 2, 0, 2, 2, 0, 0, 2, 3, 3, 1, 1, 3, 0, 0, 0, 1, 3, 0, 2, 0, 4, 1, 0, 0, 0, 0, 2, 3, 0, 1, 2, 0, 2, 0, 0, 1, 1, 1, 3, 0, 0, 0, 0, 0]","[1, 1, 2, 1, 1, 3, 2, 1, 3, 5, 1, 1, 1, 1, 1, 4, 3, 1, 2, 3, 3, 1, 3, 3, 1, 1, 3, 4, 4, 2, 2, 4, 1, 1, 1, 2, 4, 1, 3, 1, 5, 2, 1, 1, 1, 1, 3, 4, 1, 2, 3, 1, 3, 1, 1, 2, 2, 2, 4, 1, 1, 1, 1, 1]",128,64,26,True,-1
T16_D8,142,2.1695,"[3, 1, 3, 4, 1, 1, 4, 3, 1, 3, 2, 3, 2, 4, 3, 2, 4, 1, 1, 3, 3, 3, 4, 1, 2, 1, 6, 1, 1, 3, 1, 3, 4, 1, 1, 1, 3, 2, 1, 3, 1, 2, 2, 1, 3, 1, 2, 1, 3, 1, 1, 2, 1, 1, 2, 1, 1, 5, 3]","[2, 0, 2, 3, 0, 0, 3, 2, 0, 2, 1, 2, 1, 3, 2, 1, 3, 0, 0, 2, 2, 2, 3, 0, 1, 0, 5, 0, 0, 2, 0, 2, 3, 0, 0, 0, 2, 1, 0, 2, 0, 1, 1, 0, 2, 0, 1, 0, 2, 0, 0, 1, 0, 0, 1, 0, 0, 4, 2]","[3, 1, 3, 4, 1, 1, 4, 3, 1, 3, 2, 3, 2, 4, 3, 2, 4, 1, 1, 3, 3, 3, 4, 1, 2, 1, 5, 1, 1, 3, 1, 3, 4, 1, 1, 1, 3, 2, 1, 3, 1, 2, 2, 1, 3, 1, 2, 1, 3, 1, 1, 2, 1, 1, 2, 1, 1, 5, 3]",128,59,26,True,-1
T16_D8,143,2.0968,"[1, 1, 3, 4, 3, 1, 1, 3, 3, 4, 2, 1, 2, 4, 3, 6, 2, 1, 1, 1, 3, 1, 5, 2, 1, 3, 4, 1, 1, 1, 3, 1, 1, 2, 1, 2, 1, 3, 1, 4, 1, 1, 2, 2, 1, 3, 1, 1, 1, 1, 3, 1, 1, 6, 4, 1, 3, 2, 2, 1, 1, 3]","[0, 0, 2, 3, 2, 0, 0, 2, 2, 3, 1, 0, 1, 3, 2, 5, 1, 0, 0, 0, 2, 0, 4, 1, 0, 2, 3, 0, 0, 0, 2, 0, 0, 1, 0, 1, 0, 2, 0, 3, 0, 0, 1, 1, 0, 2, 0, 0, 0, 0, 2, 0, 0, 5, 3, 0, 2, 1, 1, 0, 0, 2]","[1, 1, 3, 4, 3, 1, 1, 3, 3, 4, 2, 1, 2, 4, 3, 5, 2, 1, 1, 1, 3, 1, 5, 2, 1, 3, 4, 1, 1, 1, 3, 1, 1, 2, 1, 2, 1, 3, 1, 4, 1, 1, 2, 2, 1, 3, 1, 1, 1, 1, 3, 1, 1, 5, 4, 1, 3, 2, 2, 1, 1, 3]",128,62,26,True,-1
T16_D8,144,2.0781,"[1, 1, 2, 1, 1, 1, 1, 3, 4, 1, 1, 1, 6, 1, 1, 3, 1, 4, 3, 2, 2, 1, 1, 4, 1, 1, 4, 1, 2, 2, 1, 2, 4, 2, 1, 3, 2, 5, 2, 1, 1, 3, 1, 2, 3, 1, 1, 1, 2, 2, 3, 2, 6, 1, 1, 1, 1, 4, 3, 1, 1, 1, 4, 6]","[0, 0, 1, 0, 0, 0, 0, 2, 3, 0, 0, 0, 5, 0, 0, 2, 0, 3, 2, 1, 1, 0, 0, 3, 0, 0, 3, 0, 1, 1, 0, 1, 3, 1, 0, 2, 1, 4, 1, 0, 0, 2, 0, 1, 2, 0, 0, 0, 1, 1, 2, 1, 5, 0, 0, 0, 0, 3, 2, 0, 0, 0, 3, 5]","[1, 1, 2, 1, 1, 1, 1, 3, 4, 1, 1, 1, 5, 1, 1, 3, 1, 4, 3, 2, 2, 1, 1, 4, 1, 1, 4, 1, 2, 2, 1, 2, 4, 2, 1, 3, 2, 5, 2, 1, 1, 3, 1, 2, 3, 1, 1, 1, 2, 2, 3, 2, 5, 1, 1, 1, 1, 4, 3, 1, 1, 1, 4, 5]",128,64,26,True,-1
T16_D8,145,2.3889,"[3, 1, 3, 4, 4, 1, 2, 2, 1, 1, 1, 1, 4, 4, 1, 3, 4, 3, 1, 1, 4, 4, 1, 3, 1, 1, 3, 2, 5, 2, 3, 3, 1, 1, 2, 1, 1, 3, 4, 1, 1, 4, 1, 4, 2, 1, 3, 1, 5, 6, 1, 3, 4, 2]","[2, 0, 2, 3, 3, 0, 1, 1, 0, 0, 0, 0, 3, 3, 0, 2, 3, 2, 0, 0, 3, 3, 0, 2, 0, 0, 2, 1, 4, 1, 2, 2, 0, 0, 1, 0, 0, 2, 3, 0, 0, 3, 0, 3, 1, 0, 2, 0, 4, 5, 0, 2, 3, 1]","[3, 1, 3, 4, 4, 1, 2, 2, 1, 1, 1, 1, 4, 4, 1, 3, 4, 3, 1, 1, 4, 4, 1, 3, 1, 1, 3, 2, 5, 2, 3, 3, 1, 1, 2, 1, 1, 3, 4, 1, 1, 4, 1, 4, 2, 1, 3, 1, 5, 5, 1, 3, 4, 2]",128,54,26,True,-1
T16_D8,146,2.3158,"[1, 1, 3, 2, 2, 3, 3, 2, 1, 3, 1, 6, 5, 1, 2, 3, 2, 1, 4, 5, 1, 1, 2, 1, 4, 6, 1, 6, 1, 1, 2, 3, 3, 1, 4, 1, 1, 3, 6, 4, 2, 1, 1, 1, 3, 1, 1, 1, 4, 1, 2, 1, 1, 1, 1, 1, 6]","[0, 0, 2, 1, 1, 2, 2, 1, 0, 2, 0, 5, 4, 0, 1, 2, 1, 0, 3, 4, 0, 0, 1, 0, 3, 5, 0, 5, 0, 0, 1, 2, 2, 0, 3, 0, 0, 2, 5, 3, 1, 0, 0, 0, 2, 0, 0, 0, 3, 0, 1, 0, 0, 0, 0, 0, 5]","[1, 1, 3, 2, 2, 3, 3, 2, 1, 3, 1, 5, 5, 1, 2, 3, 2, 1, 4, 5, 1, 1, 2, 1, 4, 5, 1, 5, 1, 1, 2, 3, 3, 1, 4, 1, 1, 3, 5, 4, 2, 1, 1, 1, 3, 1, 1, 1, 4, 1, 2, 1, 1, 1, 1, 1, 5]",128,57,26,True,-1
T16_D8,147,2.3636,"[2, 4, 1, 2, 3, 1, 3, 3, 2, 4, 4, 1, 2, 2, 4, 3, 1, 1, 2, 1, 2, 1, 3, 1, 2, 1, 1, 4, 2, 5, 4, 1, 3, 4, 3, 3, 1, 2, 1, 1, 1, 3, 3, 3, 1, 1, 3, 3, 3, 6, 4, 1, 3, 1, 3]","[1, 3, 0, 1, 2, 0, 2, 2, 1, 3, 3, 0, 1, 1, 3, 2, 0, 0, 1, 0, 1, 0, 2, 0, 1, 0, 0, 3, 1, 4, 3, 0, 2, 3, 2, 2, 0, 1, 0, 0, 0, 2, 2, 2, 0, 0, 2, 2, 2, 5, 3, 0, 2, 0, 2]","[2, 4, 1, 2, 3, 1, 3, 3, 2, 4, 4, 1, 2, 2, 4, 3, 1, 1, 2, 1, 2, 1, 3, 1, 2, 1, 1, 4, 2, 5, 4, 1, 3, 4, 3, 3, 1, 2, 1, 1, 1, 3, 3, 3, 1, 1, 3, 3, 3, 5, 4, 1, 3, 1, 3]",128,55,26,True,-1
T16_D8,148,2.2807,"[3, 1, 3, 2, 3, 1, 3, 4, 2, 4, 2, 1, 4, 1, 2, 4, 4, 2, 1, 2, 4, 6, 1, 3, 2, 3, 3, 1, 2, 4, 3, 3, 2, 1, 1, 2, 1, 3, 3, 4, 1, 1, 1, 2, 1, 2, 1, 2, 2, 1, 1, 1, 3, 3, 3, 1, 3]","[2, 0, 2, 1, 2, 0, 2, 3, 1, 3, 1, 0, 3, 0, 1, 3, 3, 1, 0, 1, 3, 5, 0, 2, 1, 2, 2, 0, 1, 3, 2, 2, 1, 0, 0, 1, 0, 2, 2, 3, 0, 0, 0, 1, 0, 1, 0, 1, 1, 0, 0, 0, 2, 2, 2, 0, 2]","[3, 1, 3, 2, 3, 1, 3, 4, 2, 4, 2, 1, 4, 1, 2, 4, 4, 2, 1, 2, 4, 5, 1, 3, 2, 3, 3, 1, 2, 4, 3, 3, 2, 1, 1, 2, 1, 3, 3, 4, 1, 1, 1, 2, 1, 2, 1, 2, 2, 1, 1, 1, 3, 3, 3, 1, 3]",128,57,26,True,-1
T16_D8,149,2.1864,"[1, 1, 2, 1, 2, 4, 3, 1, 3, 1, 1, 1, 3, 4, 2, 3, 4, 3, 2, 1, 1, 3, 2, 3, 1, 2, 1, 2, 1, 1, 5, 1, 2, 1, 3, 3, 2, 1, 1, 2, 1, 1, 2, 3, 1, 3, 3, 4, 6, 3, 3, 5, 3, 1, 4, 1, 1, 1, 2]","[0, 0, 1, 0, 1, 3, 2, 0, 2, 0, 0, 0, 2, 3, 1, 2, 3, 2, 1, 0, 0, 2, 1, 2, 0, 1, 0, 1, 0, 0, 4, 0, 1, 0, 2, 2, 1, 0, 0, 1, 0, 0, 1, 2, 0, 2, 2, 3, 5, 2, 2, 4, 2, 0, 3, 0, 0, 0, 1]","[1, 1, 2, 1, 2, 4, 3, 1, 3, 1, 1, 1, 3, 4, 2, 3, 4, 3, 2, 1, 1, 3, 2, 3, 1, 2, 1, 2, 1, 1, 5, 1, 2, 1, 3, 3, 2, 1, 1, 2, 1, 1, 2, 3, 1, 3, 3, 4, 5, 3, 3, 5, 3, 1, 4, 1, 1, 1, 2]",128,59,26,True,-1
T16_D8,150,2.3704,"[3, 1, 1, 2, 5, 4, 2, 1, 3, 1, 3, 5, 1, 1, 3, 4, 1, 2, 1, 2, 1, 1, 6, 5, 4, 4, 1, 2, 1, 6, 1, 2, 1, 1, 1, 1, 3, 3, 1, 3, 3, 5, 1, 2, 2, 3, 1, 3, 4, 2, 2, 3, 2, 1]","[2, 0, 0, 1, 4, 3, 1, 0, 2, 0, 2, 4, 0, 0, 2, 3, 0, 1, 0, 1, 0, 0, 5, 4, 3, 3, 0, 1, 0, 5, 0, 1, 0, 0, 0, 0, 2, 2, 0, 2, 2, 4, 0, 1, 1, 2, 0, 2, 3, 1, 1, 2, 1, 0]","[3, 1, 1, 2, 5, 4, 2, 1, 3, 1, 3, 5, 1, 1, 3, 4, 1, 2, 1, 2, 1, 1, 5, 5, 4, 4, 1, 2, 1, 5, 1, 2, 1, 1, 1, 1, 3, 3, 1, 3, 3, 5, 1, 2, 2, 3, 1, 3, 4, 2, 2, 3, 2, 1]",128,54,26,True,-1
T16_D8,151,2.2456,"[3, 1, 1, 2, 2, 1, 1, 3, 2, 1, 4, 4, 4, 4, 1, 1, 1, 1, 1, 1, 1, 3, 5, 1, 5, 1, 2, 1, 2, 1, 6, 1, 1, 6, 4, 5, 4, 1, 1, 1, 5, 3, 4, 1, 1, 1, 1, 2, 3, 2, 2, 1, 3, 2, 1, 4, 1]","[2, 0, 0, 1, 1, 0, 0, 2, 1, 0, 3, 3, 3, 3, 0, 0, 0, 0, 0, 0, 0, 2, 4, 0, 4, 0, 1, 0, 1, 0, 5, 0, 0, 5, 3, 4, 3, 0, 0, 0, 4, 2, 3, 0, 0, 0, 0, 1, 2, 1, 1, 0, 2, 1, 0, 3, 0]","[3, 1, 1, 2, 2, 1, 1, 3, 2, 1, 4, 4, 4, 4, 1, 1, 1, 1, 1, 1, 1, 3, 5, 1, 5, 1, 2, 1, 2, 1, 5, 1, 1, 5, 4, 5, 4, 1, 1, 1, 5, 3, 4, 1, 1, 1, 1, 2, 3, 2, 2, 1, 3, 2, 1, 4, 1]",128,57,26,True,-1
T16_D8,152,1.8169,"[1, 1, 2, 1, 2, 4, 1, 1, 1, 1, 3, 2, 1, 1, 4, 1, 1, 1, 3, 4, 1, 1, 4, 1, 2, 1, 1, 2, 1, 4, 1, 3, 2, 1, 2, 1, 2, 1, 1, 3, 1, 3, 1, 1, 5, 1, 1, 2, 1, 2, 1, 1, 1, 1, 2, 2, 1, 1, 1, 1, 2, 1, 2, 4, 1, 3, 5, 2, 1, 3, 4]","[0, 0, 1, 0, 1, 3, 0, 0, 0, 0, 2, 1, 0, 0, 3, 0, 0, 0, 2, 3, 0, 0, 3, 0, 1, 0, 0, 1, 0, 3, 0, 2, 1, 0, 1, 0, 1, 0, 0, 2, 0, 2, 0, 0, 4, 0, 0, 1, 0, 1, 0, 0, 0, 0, 1, 1, 0, 0, 0, 0, 1, 0, 1, 3, 0, 2, 4, 1, 0, 2, 3]","[1, 1, 2, 1, 2, 4, 1, 1, 1, 1, 3, 2, 1, 1, 4, 1, 1, 1, 3, 4, 1, 1, 4, 1, 2, 1, 1, 2, 1, 4, 1, 3, 2, 1, 2, 1, 2, 1, 1, 3, 1, 3, 1, 1, 5, 1, 1, 2, 1, 2, 1, 1, 1, 1, 2, 2, 1, 1, 1, 1, 2, 1, 2, 4, 1, 3, 5, 2, 1, 3, 4]",128,71,26,True,-1
T16_D8,153,2.1475,"[2, 4, 1, 2, 3, 1, 4, 4, 2, 4, 1, 1, 3, 1, 4, 1, 2, 1, 2, 1, 4, 3, 3, 1, 2, 1, 3, 1, 3, 2, 1, 2, 2, 4, 1, 1, 1, 1, 2, 2, 1, 4, 3, 1, 1, 3, 2, 3, 2, 1, 1, 2, 2, 1, 1, 4, 1, 4, 1, 5, 4]","[1, 3, 0, 1, 2, 0, 3, 3, 1, 3, 0, 0, 2, 0, 3, 0, 1, 0, 1, 0, 3, 2, 2, 0, 1, 0, 2, 0, 2, 1, 0, 1, 1, 3, 0, 0, 0, 0, 1, 1, 0, 3, 2, 0, 0, 2, 1, 2, 1, 0, 0, 1, 1, 0, 0, 3, 0, 3, 0, 4, 3]","[2, 4, 1, 2, 3, 1, 4, 4, 2, 4, 1, 1, 3, 1, 4, 1, 2, 1, 2, 1, 4, 3, 3, 1, 2, 1, 3, 1, 3, 2, 1, 2, 2, 4, 1, 1, 1, 1, 2, 2, 1, 4, 3, 1, 1, 3, 2, 3, 2, 1, 1, 2, 2, 1, 1, 4, 1, 4, 1, 5, 4]",128,61,26,True,-1
T16_D8,154,2.3636,"[5, 1, 1, 4, 3, 1, 1, 1, 3, 1, 1, 4, 4, 3, 2, 1, 2, 1, 1, 4, 3, 4, 4, 2, 1, 3, 3, 4, 6, 3, 4, 4, 1, 1, 3, 4, 1, 3, 1, 2, 1, 4, 1, 4, 3, 1, 3, 1, 1, 1, 1, 1, 2, 2, 3]","[4, 0, 0, 3, 2, 0, 0, 0, 2, 0, 0, 3, 3, 2, 1, 0, 1, 0, 0, 3, 2, 3, 3, 1, 0, 2, 2, 3, 5, 2, 3, 3, 0, 0, 2, 3, 0, 2, 0, 1, 0, 3, 0, 3, 2, 0, 2, 0, 0, 0, 0, 0, 1, 1, 2]","[5, 1, 1, 4, 3, 1, 1, 1, 3, 1, 1, 4, 4, 3, 2, 1, 2, 1, 1, 4, 3, 4, 4, 2, 1, 3, 3, 4, 5, 3, 4, 4, 1, 1, 3, 4, 1, 3, 1, 2, 1, 4, 1, 4, 3, 1, 3, 1, 1, 1, 1, 1, 2, 2, 3]",128,55,26,True,-1
T16_D8,155,2.1695,"[3, 1, 3, 1, 4, 1, 2, 1, 2, 3, 5, 1, 1, 1, 1, 3, 4, 1, 2, 1, 2, 1, 6, 4, 1, 1, 1, 4, 1, 1, 2, 3, 3, 3, 1, 2, 4, 6, 5, 3, 1, 3, 2, 3, 1, 1, 1, 3, 2, 3, 1, 2, 1, 2, 1, 1, 1, 2, 2]","[2, 0, 2, 0, 3, 0, 1, 0, 1, 2, 4, 0, 0, 0, 0, 2, 3, 0, 1, 0, 1, 0, 5, 3, 0, 0, 0, 3, 0, 0, 1, 2, 2, 2, 0, 1, 3, 5, 4, 2, 0, 2, 1, 2, 0, 0, 0, 2, 1, 2, 0, 1, 0, 1, 0, 0, 0, 1, 1]","[3, 1, 3, 1, 4, 1, 2, 1, 2, 3, 5, 1, 1, 1, 1, 3, 4, 1, 2, 1, 2, 1, 5, 4, 1, 1, 1, 4, 1, 1, 2, 3, 3, 3, 1, 2, 4, 5, 5, 3, 1, 3, 2, 3, 1, 1, 1, 3, 2, 3, 1, 2, 1, 2, 1, 1, 1, 2, 2]",128,59,26,True,-1
T16_D8,156,2.0794,"[3, 1, 1, 2, 4, 1, 1, 1, 1, 2, 1, 3, 5, 1, 5, 1, 3, 1, 4, 2, 1, 2, 1, 2, 4, 4, 2, 4, 1, 1, 1, 1, 3, 4, 1, 1, 2, 2, 1, 1, 4, 1, 1, 1, 4, 2, 3, 2, 2, 1, 1, 2, 1, 3, 1, 4, 4, 4, 1, 1, 1, 1, 4]","[2, 0, 0, 1, 3, 0, 0, 0, 0, 1, 0, 2, 4, 0, 4, 0, 2, 0, 3, 1, 0, 1, 0, 1, 3, 3, 1, 3, 0, 0, 0, 0, 2, 3, 0, 0, 1, 1, 0, 0, 3, 0, 0, 0, 3, 1, 2, 1, 1, 0, 0, 1, 0, 2, 0, 3, 3, 3, 0, 0, 0, 0, 3]","[3, 1, 1, 2, 4, 1, 1, 1, 1, 2, 1, 3, 5, 1, 5, 1, 3, 1, 4, 2, 1, 2, 1, 2, 4, 4, 2, 4, 1, 1, 1, 1, 3, 4, 1, 1, 2, 2, 1, 1, 4, 1, 1, 1, 4, 2, 3, 2, 2, 1, 1, 2, 1, 3, 1, 4, 4, 4, 1, 1, 1, 1, 4]",128,63,26,True,-1
T16_D8,157,2.0984,"[3, 1, 1, 2, 2, 1, 1, 2, 5, 2, 2, 3, 1, 1, 3, 1, 3, 3, 4, 1, 1, 2, 1, 4, 4, 4, 2, 1, 1, 5, 2, 2, 1, 2, 4, 1, 1, 1, 2, 1, 1, 3, 2, 1, 2, 1, 4, 3, 2, 3, 3, 1, 1, 2, 2, 1, 4, 2, 2, 3, 1]","[2, 0, 0, 1, 1, 0, 0, 1, 4, 1, 1, 2, 0, 0, 2, 0, 2, 2, 3, 0, 0, 1, 0, 3, 3, 3, 1, 0, 0, 4, 1, 1, 0, 1, 3, 0, 0, 0, 1, 0, 0, 2, 1, 0, 1, 0, 3, 2, 1, 2, 2, 0, 0, 1, 1, 0, 3, 1, 1, 2, 0]","[3, 1, 1, 2, 2, 1, 1, 2, 5, 2, 2, 3, 1, 1, 3, 1, 3, 3, 4, 1, 1, 2, 1, 4, 4, 4, 2, 1, 1, 5, 2, 2, 1, 2, 4, 1, 1, 1, 2, 1, 1, 3, 2, 1, 2, 1, 4, 3, 2, 3, 3, 1, 1, 2, 2, 1, 4, 2, 2, 3, 1]",128,61,26,True,-1
T16_D8,158,2.0317,"[1, 1, 3, 1, 1, 1, 3, 2, 2, 1, 4, 4, 2, 1, 3, 1, 4, 3, 2, 1, 4, 3, 1, 4, 1, 1, 4, 1, 1, 4, 3, 4, 2, 1, 1, 1, 2, 3, 1, 1, 2, 4, 2, 1, 2, 1, 3, 2, 1, 2, 4, 4, 1, 2, 1, 1, 2, 1, 1, 2, 1, 3, 1]","[0, 0, 2, 0, 0, 0, 2, 1, 1, 0, 3, 3, 1, 0, 2, 0, 3, 2, 1, 0, 3, 2, 0, 3, 0, 0, 3, 0, 0, 3, 2, 3, 1, 0, 0, 0, 1, 2, 0, 0, 1, 3, 1, 0, 1, 0, 2, 1, 0, 1, 3, 3, 0, 1, 0, 0, 1, 0, 0, 1, 0, 2, 0]","[1, 1, 3, 1, 1, 1, 3, 2, 2, 1, 4, 4, 2, 1, 3, 1, 4, 3, 2, 1, 4, 3, 1, 4, 1, 1, 4, 1, 1, 4, 3, 4, 2, 1, 1, 1, 2, 3, 1, 1, 2, 4, 2, 1, 2, 1, 3, 2, 1, 2, 4, 4, 1, 2, 1, 1, 2, 1, 1, 2, 1, 3, 1]",128,63,26,True,-1
T16_D8,159,2.0317,"[1, 1, 3, 1, 3, 2, 2, 2, 1, 4, 3, 2, 4, 2, 2, 4, 1, 1, 4, 4, 1, 4, 2, 1, 2, 2, 1, 2, 2, 2, 1, 2, 1, 3, 2, 2, 1, 3, 2, 1, 1, 4, 1, 2, 2, 1, 2, 1, 3, 2, 1, 1, 1, 3, 2, 2, 2, 4, 1, 2, 1, 1, 4]","[0, 0, 2, 0, 2, 1, 1, 1, 0, 3, 2, 1, 3, 1, 1, 3, 0, 0, 3, 3, 0, 3, 1, 0, 1, 1, 0, 1, 1, 1, 0, 1, 0, 2, 1, 1, 0, 2, 1, 0, 0, 3, 0, 1, 1, 0, 1, 0, 2, 1, 0, 0, 0, 2, 1, 1, 1, 3, 0, 1, 0, 0, 3]","[1, 1, 3, 1, 3, 2, 2, 2, 1, 4, 3, 2, 4, 2, 2, 4, 1, 1, 4, 4, 1, 4, 2, 1, 2, 2, 1, 2, 2, 2, 1, 2, 1, 3, 2, 2, 1, 3, 2, 1, 1, 4, 1, 2, 2, 1, 2, 1, 3, 2, 1, 1, 1, 3, 2, 2, 2, 4, 1, 2, 1, 1, 4]",128,63,26,True,-1
T16_D8,160,1.6974,"[1, 1, 2, 1, 1, 4, 1, 1, 1, 2, 4, 1, 4, 3, 2, 3, 1, 2, 1, 1, 1, 1, 1, 2, 6, 1, 2, 1, 1, 1, 1, 2, 1, 1, 1, 1, 1, 1, 2, 1, 1, 1, 1, 1, 3, 2, 1, 1, 1, 1, 1, 1, 1, 3, 1, 2, 2, 3, 2, 1, 3, 1, 1, 2, 2, 2, 3, 1, 4, 1, 2, 3, 1, 2, 2, 3]","[0, 0, 1, 0, 0, 3, 0, 0, 0, 1, 3, 0, 3, 2, 1, 2, 0, 1, 0, 0, 0, 0, 0, 1, 5, 0, 1, 0, 0, 0, 0, 1, 0, 0, 0, 0, 0, 0, 1, 0, 0, 0, 0, 0, 2, 1, 0, 0, 0, 0, 0, 0, 0, 2, 0, 1, 1, 2, 1, 0, 2, 0, 0, 1, 1, 1, 2, 0, 3, 0, 1, 2, 0, 1, 1, 2]","[1, 1, 2, 1, 1, 4, 1, 1, 1, 2, 4, 1, 4, 3, 2, 3, 1, 2, 1, 1, 1, 1, 1, 2, 5, 1, 2, 1, 1, 1, 1, 2, 1, 1, 1, 1, 1, 1, 2, 1, 1, 1, 1, 1, 3, 2, 1, 1, 1, 1, 1, 1, 1, 3, 1, 2, 2, 3, 2, 1, 3, 1, 1, 2, 2, 2, 3, 1, 4, 1, 2, 3, 1, 2, 2, 3]",128,76,26,True,-1
T16_D4,81,1.0079,"[1, 1, 1, 1, 1, 1, 1, 1, 1, 1, 1, 1, 1, 1, 1, 1, 1, 1, 1, 1, 1, 1, 1, 1, 1, 1, 1, 1, 1, 1, 1, 1, 1, 1, 1, 1, 1, 1, 1, 1, 1, 1, 1, 1, 1, 1, 1, 1, 1, 1, 1, 1, 1, 1, 1, 1, 1, 1, 1, 1, 1, 1, 1, 1, 1, 1, 1, 1, 1, 1, 1, 1, 1, 1, 1, 1, 1, 1, 1, 1, 1, 1, 1, 1, 1, 1, 1, 1, 1, 1, 1, 1, 1, 1, 1, 1, 1, 1, 1, 1, 1, 1, 1, 1, 1, 1, 1, 1, 1, 1, 1, 1, 1, 2, 1, 1, 1, 1, 1, 1, 1, 1, 1, 1, 1, 1, 1]","[0, 0, 0, 0, 0, 0, 0, 0, 0, 0, 0, 0, 0, 0, 0, 0, 0, 0, 0, 0, 0, 0, 0, 0, 0, 0, 0, 0, 0, 0, 0, 0, 0, 0, 0, 0, 0, 0, 0, 0, 0, 0, 0, 0, 0, 0, 0, 0, 0, 0, 0, 0, 0, 0, 0, 0, 0, 0, 0, 0, 0, 0, 0, 0, 0, 0, 0, 0, 0, 0, 0, 0, 0, 0, 0, 0, 0, 0, 0, 0, 0, 0, 0, 0, 0, 0, 0, 0, 0, 0, 0, 0, 0, 0, 0, 0, 0, 0, 0, 0, 0, 0, 0, 0, 0, 0, 0, 0, 0, 0, 0, 0, 0, 1, 0, 0, 0, 0, 0, 0, 0, 0, 0, 0, 0, 0, 0]","[1, 1, 1, 1, 1, 1, 1, 1, 1, 1, 1, 1, 1, 1, 1, 1, 1, 1, 1, 1, 1, 1, 1, 1, 1, 1, 1, 1, 1, 1, 1, 1, 1, 1, 1, 1, 1, 1, 1, 1, 1, 1, 1, 1, 1, 1, 1, 1, 1, 1, 1, 1, 1, 1, 1, 1, 1, 1, 1, 1, 1, 1, 1, 1, 1, 1, 1, 1, 1, 1, 1, 1, 1, 1, 1, 1, 1, 1, 1, 1, 1, 1, 1, 1, 1, 1, 1, 1, 1, 1, 1, 1, 1, 1, 1, 1, 1, 1, 1, 1, 1, 1, 1, 1, 1, 1, 1, 1, 1, 1, 1, 1, 1, 2, 1, 1, 1, 1, 1, 1, 1, 1, 1, 1, 1, 1, 1]",128,127,26,True,-1
T16_D4,82,1.0579,"[1, 1, 1, 1, 1, 1, 1, 1, 1, 1, 1, 1, 1, 1, 1, 1, 1, 1, 2, 1, 1, 1, 1, 1, 1, 1, 1, 1, 2, 1, 1, 1, 1, 1, 1, 1, 1, 1, 1, 1, 1, 1, 1, 1, 1, 1, 1, 1, 1, 1, 1, 1, 1, 1, 1, 1, 1, 1, 1, 1, 1, 1, 1, 1, 1, 1, 2, 1, 1, 1, 2, 1, 1, 1, 1, 1, 1, 1, 1, 1, 1, 1, 2, 1, 1, 1, 1, 1, 1, 1, 1, 2, 1, 1, 1, 1, 1, 1, 1, 1, 1, 1, 1, 1, 1, 1, 1, 1, 2, 1, 1, 1, 1, 1, 1, 1, 1, 1, 1, 1, 1]","[0, 0, 0, 0, 0, 0, 0, 0, 0, 0, 0, 0, 0, 0, 0, 0, 0, 0, 1, 0, 0, 0, 0, 0, 0, 0, 0, 0, 1, 0, 0, 0, 0, 0, 0, 0, 0, 0, 0, 0, 0, 0, 0, 0, 0, 0, 0, 0, 0, 0, 0, 0, 0, 0, 0, 0, 0, 0, 0, 0, 0, 0, 0, 0, 0, 0, 1, 0, 0, 0, 1, 0, 0, 0, 0, 0, 0, 0, 0, 0, 0, 0, 1, 0, 0, 0, 0, 0, 0, 0, 0, 1, 0, 0, 0, 0, 0, 0, 0, 0, 0, 0, 0, 0, 0, 0, 0, 0, 1, 0, 0, 0, 0, 0, 0, 0, 0, 0, 0, 0, 0]","[1, 1, 1, 1, 1, 1, 1, 1, 1, 1, 1, 1, 1, 1, 1, 1, 1, 1, 2, 1, 1, 1, 1, 1, 1, 1, 1, 1, 2, 1, 1, 1, 1, 1, 1, 1, 1, 1, 1, 1, 1, 1, 1, 1, 1, 1, 1, 1, 1, 1, 1, 1, 1, 1, 1, 1, 1, 1, 1, 1, 1, 1, 1, 1, 1, 1, 2, 1, 1, 1, 2, 1, 1, 1, 1, 1, 1, 1, 1, 1, 1, 1, 2, 1, 1, 1, 1, 1, 1, 1, 1, 2, 1, 1, 1, 1, 1, 1, 1, 1, 1, 1, 1, 1, 1, 1, 1, 1, 2, 1, 1, 1, 1, 1, 1, 1, 1, 1, 1, 1, 1]",128,121,26,True,-1
T16_D4,83,1.113,"[1, 1, 1, 1, 1, 1, 1, 1, 1, 1, 1, 1, 1, 1, 1, 1, 1, 1, 1, 2, 1, 1, 1, 2, 1, 1, 1, 1, 1, 2, 1, 1, 1, 1, 1, 1, 1, 1, 2, 1, 1, 1, 1, 1, 1, 1, 1, 1, 1, 1, 1, 2, 1, 2, 1, 1, 1, 1, 1, 1, 2, 1, 1, 1, 2, 1, 1, 1, 1, 1, 1, 1, 1, 1, 1, 1, 1, 1, 1, 1, 2, 1, 1, 1, 1, 1, 1, 1, 1, 1, 1, 1, 1, 1, 1, 1, 1, 2, 1, 1, 1, 2, 1, 1, 1, 2, 1, 1, 1, 1, 1, 1, 1, 2, 1]","[0, 0, 0, 0, 0, 0, 0, 0, 0, 0, 0, 0, 0, 0, 0, 0, 0, 0, 0, 1, 0, 0, 0, 1, 0, 0, 0, 0, 0, 1, 0, 0, 0, 0, 0, 0, 0, 0, 1, 0, 0, 0, 0, 0, 0, 0, 0, 0, 0, 0, 0, 1, 0, 1, 0, 0, 0, 0, 0, 0, 1, 0, 0, 0, 1, 0, 0, 0, 0, 0, 0, 0, 0, 0, 0, 0, 0, 0, 0, 0, 1, 0, 0, 0, 0, 0, 0, 0, 0, 0, 0, 0, 0, 0, 0, 0, 0, 1, 0, 0, 0, 1, 0, 0, 0, 1, 0, 0, 0, 0, 0, 0, 0, 1, 0]","[1, 1, 1, 1, 1, 1, 1, 1, 1, 1, 1, 1, 1, 1, 1, 1, 1, 1, 1, 2, 1, 1, 1, 2, 1, 1, 1, 1, 1, 2, 1, 1, 1, 1, 1, 1, 1, 1, 2, 1, 1, 1, 1, 1, 1, 1, 1, 1, 1, 1, 1, 2, 1, 2, 1, 1, 1, 1, 1, 1, 2, 1, 1, 1, 2, 1, 1, 1, 1, 1, 1, 1, 1, 1, 1, 1, 1, 1, 1, 1, 2, 1, 1, 1, 1, 1, 1, 1, 1, 1, 1, 1, 1, 1, 1, 1, 1, 2, 1, 1, 1, 2, 1, 1, 1, 2, 1, 1, 1, 1, 1, 1, 1, 2, 1]",128,115,26,True,-1
T16_D4,84,1.024,"[1, 1, 1, 1, 1, 1, 1, 1, 1, 1, 1, 1, 1, 1, 1, 1, 1, 1, 2, 1, 1, 1, 1, 1, 1, 1, 1, 1, 1, 1, 1, 1, 1, 1, 1, 1, 1, 1, 1, 1, 1, 1, 1, 1, 1, 1, 1, 1, 1, 1, 1, 1, 1, 1, 1, 1, 1, 1, 1, 1, 1, 1, 1, 1, 1, 1, 1, 1, 1, 1, 1, 1, 1, 1, 1, 1, 1, 1, 1, 1, 1, 1, 1, 1, 1, 1, 1, 1, 1, 1, 1, 1, 1, 1, 1, 1, 1, 1, 1, 1, 1, 1, 1, 1, 1, 1, 1, 1, 2, 1, 1, 1, 1, 1, 1, 1, 1, 1, 1, 1, 1, 2, 1, 1, 1]","[0, 0, 0, 0, 0, 0, 0, 0, 0, 0, 0, 0, 0, 0, 0, 0, 0, 0, 1, 0, 0, 0, 0, 0, 0, 0, 0, 0, 0, 0, 0, 0, 0, 0, 0, 0, 0, 0, 0, 0, 0, 0, 0, 0, 0, 0, 0, 0, 0, 0, 0, 0, 0, 0, 0, 0, 0, 0, 0, 0, 0, 0, 0, 0, 0, 0, 0, 0, 0, 0, 0, 0, 0, 0, 0, 0, 0, 0, 0, 0, 0, 0, 0, 0, 0, 0, 0, 0, 0, 0, 0, 0, 0, 0, 0, 0, 0, 0, 0, 0, 0, 0, 0, 0, 0, 0, 0, 0, 1, 0, 0, 0, 0, 0, 0, 0, 0, 0, 0, 0, 0, 1, 0, 0, 0]","[1, 1, 1, 1, 1, 1, 1, 1, 1, 1, 1, 1, 1, 1, 1, 1, 1, 1, 2, 1, 1, 1, 1, 1, 1, 1, 1, 1, 1, 1, 1, 1, 1, 1, 1, 1, 1, 1, 1, 1, 1, 1, 1, 1, 1, 1, 1, 1, 1, 1, 1, 1, 1, 1, 1, 1, 1, 1, 1, 1, 1, 1, 1, 1, 1, 1, 1, 1, 1, 1, 1, 1, 1, 1, 1, 1, 1, 1, 1, 1, 1, 1, 1, 1, 1, 1, 1, 1, 1, 1, 1, 1, 1, 1, 1, 1, 1, 1, 1, 1, 1, 1, 1, 1, 1, 1, 1, 1, 2, 1, 1, 1, 1, 1, 1, 1, 1, 1, 1, 1, 1, 2, 1, 1, 1]",128,125,26,False,94
T16_D4,85,1.024,"[1, 1, 1, 1, 1, 1, 1, 1, 1, 1, 1, 1, 1, 1, 1, 1, 1, 2, 1, 1, 1, 1, 1, 1, 1, 1, 1, 1, 1, 1, 1, 1, 1, 1, 1, 2, 1, 1, 1, 1, 1, 1, 1, 1, 1, 1, 1, 1, 1, 1, 1, 1, 1, 1, 1, 1, 1, 1, 1, 2, 1, 1, 1, 1, 1, 1, 1, 1, 1, 1, 1, 1, 1, 1, 1, 1, 1, 1, 1, 1, 1, 1, 1, 1, 1, 1, 1, 1, 1, 1, 1, 1, 1, 1, 1, 1, 1, 1, 1, 1, 1, 1, 1, 1, 1, 1, 1, 1, 1, 1, 1, 1, 1, 1, 1, 1, 1, 1, 1, 1, 1, 1, 1, 1, 1]","[0, 0, 0, 0, 0, 0, 0, 0, 0, 0, 0, 0, 0, 0, 0, 0, 0, 1, 0, 0, 0, 0, 0, 0, 0, 0, 0, 0, 0, 0, 0, 0, 0, 0, 0, 1, 0, 0, 0, 0, 0, 0, 0, 0, 0, 0, 0, 0, 0, 0, 0, 0, 0, 0, 0, 0, 0, 0, 0, 1, 0, 0, 0, 0, 0, 0, 0, 0, 0, 0, 0, 0, 0, 0, 0, 0, 0, 0, 0, 0, 0, 0, 0, 0, 0, 0, 0, 0, 0, 0, 0, 0, 0, 0, 0, 0, 0, 0, 0, 0, 0, 0, 0, 0, 0, 0, 0, 0, 0, 0, 0, 0, 0, 0, 0, 0, 0, 0, 0, 0, 0, 0, 0, 0, 0]","[1, 1, 1, 1, 1, 1, 1, 1, 1, 1, 1, 1, 1, 1, 1, 1, 1, 2, 1, 1, 1, 1, 1, 1, 1, 1, 1, 1, 1, 1, 1, 1, 1, 1, 1, 2, 1, 1, 1, 1, 1, 1, 1, 1, 1, 1, 1, 1, 1, 1, 1, 1, 1, 1, 1, 1, 1, 1, 1, 2, 1, 1, 1, 1, 1, 1, 1, 1, 1, 1, 1, 1, 1, 1, 1, 1, 1, 1, 1, 1, 1, 1, 1, 1, 1, 1, 1, 1, 1, 1, 1, 1, 1, 1, 1, 1, 1, 1, 1, 1, 1, 1, 1, 1, 1, 1, 1, 1, 1, 1, 1, 1, 1, 1, 1, 1, 1, 1, 1, 1, 1, 1, 1, 1, 1]",128,125,26,True,-1
T16_D4,86,1.0756,"[1, 1, 1, 1, 1, 1, 1, 1, 1, 1, 1, 1, 1, 2, 1, 1, 1, 1, 1, 1, 1, 1, 1, 1, 2, 1, 2, 1, 1, 1, 1, 1, 1, 1, 1, 1, 1, 1, 2, 1, 1, 1, 1, 1, 2, 1, 1, 1, 1, 1, 1, 1, 1, 2, 1, 1, 1, 1, 1, 1, 1, 1, 1, 2, 1, 1, 1, 1, 1, 1, 1, 1, 1, 1, 1, 1, 1, 2, 1, 1, 1, 1, 1, 1, 1, 1, 2, 1, 1, 1, 1, 1, 1, 1, 1, 1, 1, 1, 1, 1, 1, 1, 1, 1, 1, 1, 1, 1, 1, 1, 1, 1, 1, 1, 1, 1, 1, 1, 1]","[0, 0, 0, 0, 0, 0, 0, 0, 0, 0, 0, 0, 0, 1, 0, 0, 0, 0, 0, 0, 0, 0, 0, 0, 1, 0, 1, 0, 0, 0, 0, 0, 0, 0, 0, 0, 0, 0, 1, 0, 0, 0, 0, 0, 1, 0, 0, 0, 0, 0, 0, 0, 0, 1, 0, 0, 0, 0, 0, 0, 0, 0, 0, 1, 0, 0, 0, 0, 0, 0, 0, 0, 0, 0, 0, 0, 0, 1, 0, 0, 0, 0, 0, 0, 0, 0, 1, 0, 0, 0, 0, 0, 0, 0, 0, 0, 0, 0, 0, 0, 0, 0, 0, 0, 0, 0, 0, 0, 0, 0, 0, 0, 0, 0, 0, 0, 0, 0, 0]","[1, 1, 1, 1, 1, 1, 1, 1, 1, 1, 1, 1, 1, 2, 1, 1, 1, 1, 1, 1, 1, 1, 1, 1, 2, 1, 2, 1, 1, 1, 1, 1, 1, 1, 1, 1, 1, 1, 2, 1, 1, 1, 1, 1, 2, 1, 1, 1, 1, 1, 1, 1, 1, 2, 1, 1, 1, 1, 1, 1, 1, 1, 1, 2, 1, 1, 1, 1, 1, 1, 1, 1, 1, 1, 1, 1, 1, 2, 1, 1, 1, 1, 1, 1, 1, 1, 2, 1, 1, 1, 1, 1, 1, 1, 1, 1, 1, 1, 1, 1, 1, 1, 1, 1, 1, 1, 1, 1, 1, 1, 1, 1, 1, 1, 1, 1, 1, 1, 1]",128,119,26,True,-1
T16_D4,87,1.0667,"[1, 1, 1, 1, 1, 1, 1, 1, 1, 1, 1, 1, 1, 2, 1, 1, 1, 1, 1, 1, 1, 1, 2, 1, 2, 1, 1, 1, 1, 1, 1, 1, 1, 1, 1, 1, 1, 1, 1, 1, 1, 1, 1, 2, 1, 1, 1, 2, 1, 1, 1, 1, 1, 1, 1, 1, 1, 1, 1, 2, 1, 1, 1, 1, 1, 2, 1, 1, 1, 1, 1, 1, 1, 1, 1, 1, 1, 1, 1, 1, 1, 1, 1, 1, 1, 2, 1, 1, 1, 1, 1, 1, 1, 1, 1, 1, 1, 1, 1, 1, 1, 1, 1, 1, 1, 1, 1, 1, 1, 1, 1, 1, 1, 1, 1, 1, 1, 1, 1, 1]","[0, 0, 0, 0, 0, 0, 0, 0, 0, 0, 0, 0, 0, 1, 0, 0, 0, 0, 0, 0, 0, 0, 1, 0, 1, 0, 0, 0, 0, 0, 0, 0, 0, 0, 0, 0, 0, 0, 0, 0, 0, 0, 0, 1, 0, 0, 0, 1, 0, 0, 0, 0, 0, 0, 0, 0, 0, 0, 0, 1, 0, 0, 0, 0, 0, 1, 0, 0, 0, 0, 0, 0, 0, 0, 0, 0, 0, 0, 0, 0, 0, 0, 0, 0, 0, 1, 0, 0, 0, 0, 0, 0, 0, 0, 0, 0, 0, 0, 0, 0, 0, 0, 0, 0, 0, 0, 0, 0, 0, 0, 0, 0, 0, 0, 0, 0, 0, 0, 0, 0]","[1, 1, 1, 1, 1, 1, 1, 1, 1, 1, 1, 1, 1, 2, 1, 1, 1, 1, 1, 1, 1, 1, 2, 1, 2, 1, 1, 1, 1, 1, 1, 1, 1, 1, 1, 1, 1, 1, 1, 1, 1, 1, 1, 2, 1, 1, 1, 2, 1, 1, 1, 1, 1, 1, 1, 1, 1, 1, 1, 2, 1, 1, 1, 1, 1, 2, 1, 1, 1, 1, 1, 1, 1, 1, 1, 1, 1, 1, 1, 1, 1, 1, 1, 1, 1, 2, 1, 1, 1, 1, 1, 1, 1, 1, 1, 1, 1, 1, 1, 1, 1, 1, 1, 1, 1, 1, 1, 1, 1, 1, 1, 1, 1, 1, 1, 1, 1, 1, 1, 1]",128,120,26,True,-1
T16_D4,88,1.0407,"[1, 1, 1, 1, 1, 1, 1, 1, 1, 2, 1, 1, 2, 1, 1, 1, 1, 1, 2, 1, 1, 1, 1, 1, 1, 1, 1, 1, 1, 1, 1, 1, 1, 1, 1, 1, 1, 1, 1, 1, 1, 1, 1, 1, 1, 1, 1, 1, 1, 1, 1, 1, 1, 1, 1, 1, 1, 1, 1, 1, 1, 1, 1, 2, 1, 1, 1, 1, 1, 1, 1, 1, 1, 1, 1, 1, 1, 1, 1, 1, 1, 1, 1, 1, 1, 1, 1, 1, 2, 1, 1, 1, 1, 1, 1, 1, 1, 1, 1, 1, 1, 1, 1, 1, 1, 1, 1, 1, 1, 1, 1, 1, 1, 1, 1, 1, 1, 1, 1, 1, 1, 1, 1]","[0, 0, 0, 0, 0, 0, 0, 0, 0, 1, 0, 0, 1, 0, 0, 0, 0, 0, 1, 0, 0, 0, 0, 0, 0, 0, 0, 0, 0, 0, 0, 0, 0, 0, 0, 0, 0, 0, 0, 0, 0, 0, 0, 0, 0, 0, 0, 0, 0, 0, 0, 0, 0, 0, 0, 0, 0, 0, 0, 0, 0, 0, 0, 1, 0, 0, 0, 0, 0, 0, 0, 0, 0, 0, 0, 0, 0, 0, 0, 0, 0, 0, 0, 0, 0, 0, 0, 0, 1, 0, 0, 0, 0, 0, 0, 0, 0, 0, 0, 0, 0, 0, 0, 0, 0, 0, 0, 0, 0, 0, 0, 0, 0, 0, 0, 0, 0, 0, 0, 0, 0, 0, 0]","[1, 1, 1, 1, 1, 1, 1, 1, 1, 2, 1, 1, 2, 1, 1, 1, 1, 1, 2, 1, 1, 1, 1, 1, 1, 1, 1, 1, 1, 1, 1, 1, 1, 1, 1, 1, 1, 1, 1, 1, 1, 1, 1, 1, 1, 1, 1, 1, 1, 1, 1, 1, 1, 1, 1, 1, 1, 1, 1, 1, 1, 1, 1, 2, 1, 1, 1, 1, 1, 1, 1, 1, 1, 1, 1, 1, 1, 1, 1, 1, 1, 1, 1, 1, 1, 1, 1, 1, 2, 1, 1, 1, 1, 1, 1, 1, 1, 1, 1, 1, 1, 1, 1, 1, 1, 1, 1, 1, 1, 1, 1, 1, 1, 1, 1, 1, 1, 1, 1, 1, 1, 1, 1]",128,123,26,True,-1
T16_D4,89,1.0323,"[1, 1, 1, 1, 1, 1, 1, 1, 1, 1, 1, 1, 1, 1, 1, 1, 1, 1, 1, 2, 1, 1, 1, 1, 1, 1, 1, 1, 1, 1, 1, 1, 1, 1, 1, 1, 1, 1, 1, 1, 1, 1, 1, 1, 1, 1, 1, 1, 2, 1, 1, 1, 1, 1, 1, 1, 1, 1, 1, 1, 1, 1, 1, 1, 1, 1, 1, 1, 1, 1, 1, 1, 1, 1, 1, 1, 1, 1, 1, 1, 1, 1, 1, 1, 1, 1, 1, 1, 1, 1, 1, 1, 1, 1, 1, 1, 1, 2, 1, 1, 1, 1, 1, 1, 1, 1, 1, 1, 1, 2, 1, 1, 1, 1, 1, 1, 1, 1, 1, 1, 1, 1, 1, 1]","[0, 0, 0, 0, 0, 0, 0, 0, 0, 0, 0, 0, 0, 0, 0, 0, 0, 0, 0, 1, 0, 0, 0, 0, 0, 0, 0, 0, 0, 0, 0, 0, 0, 0, 0, 0, 0, 0, 0, 0, 0, 0, 0, 0, 0, 0, 0, 0, 1, 0, 0, 0, 0, 0, 0, 0, 0, 0, 0, 0, 0, 0, 0, 0, 0, 0, 0, 0, 0, 0, 0, 0, 0, 0, 0, 0, 0, 0, 0, 0, 0, 0, 0, 0, 0, 0, 0, 0, 0, 0, 0, 0, 0, 0, 0, 0, 0, 1, 0, 0, 0, 0, 0, 0, 0, 0, 0, 0, 0, 1, 0, 0, 0, 0, 0, 0, 0, 0, 0, 0, 0, 0, 0, 0]","[1, 1, 1, 1, 1, 1, 1, 1, 1, 1, 1, 1, 1, 1, 1, 1, 1, 1, 1, 2, 1, 1, 1, 1, 1, 1, 1, 1, 1, 1, 1, 1, 1, 1, 1, 1, 1, 1, 1, 1, 1, 1, 1, 1, 1, 1, 1, 1, 2, 1, 1, 1, 1, 1, 1, 1, 1, 1, 1, 1, 1, 1, 1, 1, 1, 1, 1, 1, 1, 1, 1, 1, 1, 1, 1, 1, 1, 1, 1, 1, 1, 1, 1, 1, 1, 1, 1, 1, 1, 1, 1, 1, 1, 1, 1, 1, 1, 2, 1, 1, 1, 1, 1, 1, 1, 1, 1, 1, 1, 2, 1, 1, 1, 1, 1, 1, 1, 1, 1, 1, 1, 1, 1, 1]",128,124,26,True,-1
T16_D4,90,1.0116,"[1, 1, 1, 1, 1, 1, 1, 1, 1, 1, 1, 1, 1, 1, 1, 1, 1, 1, 1, 1, 1, 1, 1, 1, 1, 1, 1, 1, 1, 1, 1, 1, 1, 1, 1, 1, 1, 1, 1, 1, 1, 1, 1, 1, 1, 2, 1, 1, 1, 1, 1, 1, 1, 1, 1, 1, 1, 1, 1, 1, 1, 1, 1, 1, 1, 1, 1, 1, 1, 1, 1, 1, 1, 1, 1, 1, 1, 1, 1, 1, 1, 1, 1, 1, 1, 1]","[0, 0, 0, 0, 0, 0, 0, 0, 0, 0, 0, 0, 0, 0, 0, 0, 0, 0, 0, 0, 0, 0, 0, 0, 0, 0, 0, 0, 0, 0, 0, 0, 0, 0, 0, 0, 0, 0, 0, 0, 0, 0, 0, 0, 0, 1, 0, 0, 0, 0, 0, 0, 0, 0, 0, 0, 0, 0, 0, 0, 0, 0, 0, 0, 0, 0, 0, 0, 0, 0, 0, 0, 0, 0, 0, 0, 0, 0, 0, 0, 0, 0, 0, 0, 0, 0]","[1, 1, 1, 1, 1, 1, 1, 1, 1, 1, 1, 1, 1, 1, 1, 1, 1, 1, 1, 1, 1, 1, 1, 1, 1, 1, 1, 1, 1, 1, 1, 1, 1, 1, 1, 1, 1, 1, 1, 1, 1, 1, 1, 1, 1, 2, 1, 1, 1, 1, 1, 1, 1, 1, 1, 1, 1, 1, 1, 1, 1, 1, 1, 1, 1, 1, 1, 1, 1, 1, 1, 1, 1, 1, 1, 1, 1, 1, 1, 1, 1, 1, 1, 1, 1, 1]",87,86,26,True,-1
T16_D4,91,1.0323,"[1, 1, 1, 1, 1, 1, 1, 1, 1, 1, 1, 1, 1, 1, 1, 1, 1, 1, 1, 1, 1, 1, 1, 1, 1, 1, 1, 1, 1, 1, 1, 1, 1, 1, 2, 1, 1, 1, 2, 1, 1, 1, 1, 1, 1, 1, 1, 1, 1, 1, 1, 1, 1, 1, 1, 1, 1, 1, 1, 1, 1, 1, 1, 1, 1, 1, 1, 1, 1, 1, 1, 1, 1, 1, 1, 1, 1, 1, 1, 1, 2, 1, 1, 1, 1, 1, 1, 1, 1, 1, 1, 1, 1, 1, 1, 1, 1, 1, 1, 1, 1, 1, 1, 1, 1, 1, 1, 1, 1, 1, 1, 1, 2, 1, 1, 1, 1, 1, 1, 1, 1, 1, 1, 1]","[0, 0, 0, 0, 0, 0, 0, 0, 0, 0, 0, 0, 0, 0, 0, 0, 0, 0, 0, 0, 0, 0, 0, 0, 0, 0, 0, 0, 0, 0, 0, 0, 0, 0, 1, 0, 0, 0, 1, 0, 0, 0, 0, 0, 0, 0, 0, 0, 0, 0, 0, 0, 0, 0, 0, 0, 0, 0, 0, 0, 0, 0, 0, 0, 0, 0, 0, 0, 0, 0, 0, 0, 0, 0, 0, 0, 0, 0, 0, 0, 1, 0, 0, 0, 0, 0, 0, 0, 0, 0, 0, 0, 0, 0, 0, 0, 0, 0, 0, 0, 0, 0, 0, 0, 0, 0, 0, 0, 0, 0, 0, 0, 1, 0, 0, 0, 0, 0, 0, 0, 0, 0, 0, 0]","[1, 1, 1, 1, 1, 1, 1, 1, 1, 1, 1, 1, 1, 1, 1, 1, 1, 1, 1, 1, 1, 1, 1, 1, 1, 1, 1, 1, 1, 1, 1, 1, 1, 1, 2, 1, 1, 1, 2, 1, 1, 1, 1, 1, 1, 1, 1, 1, 1, 1, 1, 1, 1, 1, 1, 1, 1, 1, 1, 1, 1, 1, 1, 1, 1, 1, 1, 1, 1, 1, 1, 1, 1, 1, 1, 1, 1, 1, 1, 1, 2, 1, 1, 1, 1, 1, 1, 1, 1, 1, 1, 1, 1, 1, 1, 1, 1, 1, 1, 1, 1, 1, 1, 1, 1, 1, 1, 1, 1, 1, 1, 1, 2, 1, 1, 1, 1, 1, 1, 1, 1, 1, 1, 1]",128,124,26,True,-1
T16_D4,92,1.0159,"[1, 1, 1, 1, 1, 1, 1, 1, 1, 1, 1, 1, 1, 1, 1, 1, 1, 1, 1, 1, 1, 1, 1, 1, 2, 1, 1, 1, 1, 1, 1, 1, 1, 1, 1, 1, 1, 1, 1, 1, 1, 1, 1, 1, 1, 1, 1, 1, 1, 1, 1, 1, 1, 1, 1, 1, 1, 1, 1, 1, 1, 1, 1, 1, 1, 1, 1, 1, 1, 1, 1, 1, 2, 1, 1, 1, 1, 1, 1, 1, 1, 1, 1, 1, 1, 1, 1, 1, 1, 1, 1, 1, 1, 1, 1, 1, 1, 1, 1, 1, 1, 1, 1, 1, 1, 1, 1, 1, 1, 1, 1, 1, 1, 1, 1, 1, 1, 1, 1, 1, 1, 1, 1, 1, 1, 1]","[0, 0, 0, 0, 0, 0, 0, 0, 0, 0, 0, 0, 0, 0, 0, 0, 0, 0, 0, 0, 0, 0, 0, 0, 1, 0, 0, 0, 0, 0, 0, 0, 0, 0, 0, 0, 0, 0, 0, 0, 0, 0, 0, 0, 0, 0, 0, 0, 0, 0, 0, 0, 0, 0, 0, 0, 0, 0, 0, 0, 0, 0, 0, 0, 0, 0, 0, 0, 0, 0, 0, 0, 1, 0, 0, 0, 0, 0, 0, 0, 0, 0, 0, 0, 0, 0, 0, 0, 0, 0, 0, 0, 0, 0, 0, 0, 0, 0, 0, 0, 0, 0, 0, 0, 0, 0, 0, 0, 0, 0, 0, 0, 0, 0, 0, 0, 0, 0, 0, 0, 0, 0, 0, 0, 0, 0]","[1, 1, 1, 1, 1, 1, 1, 1, 1, 1, 1, 1, 1, 1, 1, 1, 1, 1, 1, 1, 1, 1, 1, 1, 2, 1, 1, 1, 1, 1, 1, 1, 1, 1, 1, 1, 1, 1, 1, 1, 1, 1, 1, 1, 1, 1, 1, 1, 1, 1, 1, 1, 1, 1, 1, 1, 1, 1, 1, 1, 1, 1, 1, 1, 1, 1, 1, 1, 1, 1, 1, 1, 2, 1, 1, 1, 1, 1, 1, 1, 1, 1, 1, 1, 1, 1, 1, 1, 1, 1, 1, 1, 1, 1, 1, 1, 1, 1, 1, 1, 1, 1, 1, 1, 1, 1, 1, 1, 1, 1, 1, 1, 1, 1, 1, 1, 1, 1, 1, 1, 1, 1, 1, 1, 1, 1]",128,126,26,True,-1
T16_D4,93,1.0407,"[1, 1, 1, 1, 1, 1, 1, 1, 1, 1, 1, 1, 1, 1, 1, 1, 1, 1, 1, 1, 1, 1, 1, 1, 1, 1, 1, 1, 1, 1, 1, 1, 1, 2, 1, 1, 1, 1, 1, 1, 1, 1, 1, 1, 1, 1, 1, 2, 1, 1, 1, 1, 1, 1, 1, 1, 1, 1, 1, 1, 1, 1, 1, 1, 1, 1, 1, 1, 2, 1, 1, 1, 1, 1, 1, 1, 1, 1, 1, 1, 1, 1, 1, 1, 1, 1, 1, 2, 1, 1, 1, 1, 1, 1, 1, 1, 1, 1, 1, 1, 1, 1, 1, 1, 1, 1, 1, 1, 1, 1, 1, 1, 1, 1, 1, 1, 1, 1, 1, 1, 1, 1, 2]","[0, 0, 0, 0, 0, 0, 0, 0, 0, 0, 0, 0, 0, 0, 0, 0, 0, 0, 0, 0, 0, 0, 0, 0, 0, 0, 0, 0, 0, 0, 0, 0, 0, 1, 0, 0, 0, 0, 0, 0, 0, 0, 0, 0, 0, 0, 0, 1, 0, 0, 0, 0, 0, 0, 0, 0, 0, 0, 0, 0, 0, 0, 0, 0, 0, 0, 0, 0, 1, 0, 0, 0, 0, 0, 0, 0, 0, 0, 0, 0, 0, 0, 0, 0, 0, 0, 0, 1, 0, 0, 0, 0, 0, 0, 0, 0, 0, 0, 0, 0, 0, 0, 0, 0, 0, 0, 0, 0, 0, 0, 0, 0, 0, 0, 0, 0, 0, 0, 0, 0, 0, 0, 1]","[1, 1, 1, 1, 1, 1, 1, 1, 1, 1, 1, 1, 1, 1, 1, 1, 1, 1, 1, 1, 1, 1, 1, 1, 1, 1, 1, 1, 1, 1, 1, 1, 1, 2, 1, 1, 1, 1, 1, 1, 1, 1, 1, 1, 1, 1, 1, 2, 1, 1, 1, 1, 1, 1, 1, 1, 1, 1, 1, 1, 1, 1, 1, 1, 1, 1, 1, 1, 2, 1, 1, 1, 1, 1, 1, 1, 1, 1, 1, 1, 1, 1, 1, 1, 1, 1, 1, 2, 1, 1, 1, 1, 1, 1, 1, 1, 1, 1, 1, 1, 1, 1, 1, 1, 1, 1, 1, 1, 1, 1, 1, 1, 1, 1, 1, 1, 1, 1, 1, 1, 1, 1, 2]",128,123,26,True,-1
T16_D4,94,1.0577,"[1, 1, 1, 1, 1, 1, 1, 1, 1, 1, 1, 1, 1, 1, 1, 1, 1, 2, 1, 1, 1, 1, 2, 1, 1, 1, 2, 1, 1, 1, 1, 1, 1, 1, 1, 1, 1, 1, 1, 1, 1, 1, 1, 1, 1, 1, 1, 1, 1, 1, 1, 1]","[0, 0, 0, 0, 0, 0, 0, 0, 0, 0, 0, 0, 0, 0, 0, 0, 0, 1, 0, 0, 0, 0, 1, 0, 0, 0, 1, 0, 0, 0, 0, 0, 0, 0, 0, 0, 0, 0, 0, 0, 0, 0, 0, 0, 0, 0, 0, 0, 0, 0, 0, 0]","[1, 1, 1, 1, 1, 1, 1, 1, 1, 1, 1, 1, 1, 1, 1, 1, 1, 2, 1, 1, 1, 1, 2, 1, 1, 1, 2, 1, 1, 1, 1, 1, 1, 1, 1, 1, 1, 1, 1, 1, 1, 1, 1, 1, 1, 1, 1, 1, 1, 1, 1, 1]",55,52,26,True,-1
T16_D4,95,1.0847,"[1, 1, 1, 1, 1, 1, 1, 1, 1, 1, 1, 1, 1, 1, 1, 1, 1, 2, 1, 1, 1, 1, 1, 1, 1, 1, 1, 1, 1, 2, 1, 1, 1, 1, 1, 1, 1, 1, 1, 1, 1, 1, 1, 1, 1, 1, 1, 1, 1, 1, 1, 1, 1, 1, 1, 1, 1, 1, 1, 1, 1, 1, 2, 2, 1, 1, 2, 1, 1, 1, 1, 1, 1, 1, 2, 1, 1, 1, 1, 1, 1, 1, 1, 1, 1, 1, 1, 1, 1, 1, 1, 1, 2, 1, 1, 1, 1, 1, 2, 1, 1, 2, 1, 1, 1, 1, 1, 1, 1, 2, 1, 1, 1, 1, 1, 1, 1, 1]","[0, 0, 0, 0, 0, 0, 0, 0, 0, 0, 0, 0, 0, 0, 0, 0, 0, 1, 0, 0, 0, 0, 0, 0, 0, 0, 0, 0, 0, 1, 0, 0, 0, 0, 0, 0, 0, 0, 0, 0, 0, 0, 0, 0, 0, 0, 0, 0, 0, 0, 0, 0, 0, 0, 0, 0, 0, 0, 0, 0, 0, 0, 1, 1, 0, 0, 1, 0, 0, 0, 0, 0, 0, 0, 1, 0, 0, 0, 0, 0, 0, 0, 0, 0, 0, 0, 0, 0, 0, 0, 0, 0, 1, 0, 0, 0, 0, 0, 1, 0, 0, 1, 0, 0, 0, 0, 0, 0, 0, 1, 0, 0, 0, 0, 0, 0, 0, 0]","[1, 1, 1, 1, 1, 1, 1, 1, 1, 1, 1, 1, 1, 1, 1, 1, 1, 2, 1, 1, 1, 1, 1, 1, 1, 1, 1, 1, 1, 2, 1, 1, 1, 1, 1, 1, 1, 1, 1, 1, 1, 1, 1, 1, 1, 1, 1, 1, 1, 1, 1, 1, 1, 1, 1, 1, 1, 1, 1, 1, 1, 1, 2, 2, 1, 1, 2, 1, 1, 1, 1, 1, 1, 1, 2, 1, 1, 1, 1, 1, 1, 1, 1, 1, 1, 1, 1, 1, 1, 1, 1, 1, 2, 1, 1, 1, 1, 1, 2, 1, 1, 2, 1, 1, 1, 1, 1, 1, 1, 2, 1, 1, 1, 1, 1, 1, 1, 1]",128,118,26,True,-1
T16_D4,96,1.0407,"[1, 1, 1, 1, 1, 1, 1, 1, 1, 1, 1, 1, 1, 1, 1, 1, 1, 1, 1, 1, 1, 1, 1, 2, 1, 1, 1, 1, 1, 1, 1, 1, 2, 1, 1, 1, 1, 1, 1, 1, 1, 1, 1, 1, 1, 1, 1, 1, 1, 1, 1, 1, 1, 1, 1, 1, 1, 1, 1, 1, 1, 1, 1, 1, 1, 1, 1, 1, 1, 1, 1, 1, 2, 1, 1, 1, 1, 1, 1, 1, 1, 1, 1, 1, 1, 1, 1, 1, 1, 1, 1, 1, 1, 1, 2, 1, 1, 1, 1, 1, 1, 1, 1, 1, 1, 1, 1, 1, 1, 1, 1, 1, 1, 1, 2, 1, 1, 1, 1, 1, 1, 1, 1]","[0, 0, 0, 0, 0, 0, 0, 0, 0, 0, 0, 0, 0, 0, 0, 0, 0, 0, 0, 0, 0, 0, 0, 1, 0, 0, 0, 0, 0, 0, 0, 0, 1, 0, 0, 0, 0, 0, 0, 0, 0, 0, 0, 0, 0, 0, 0, 0, 0, 0, 0, 0, 0, 0, 0, 0, 0, 0, 0, 0, 0, 0, 0, 0, 0, 0, 0, 0, 0, 0, 0, 0, 1, 0, 0, 0, 0, 0, 0, 0, 0, 0, 0, 0, 0, 0, 0, 0, 0, 0, 0, 0, 0, 0, 1, 0, 0, 0, 0, 0, 0, 0, 0, 0, 0, 0, 0, 0, 0, 0, 0, 0, 0, 0, 1, 0, 0, 0, 0, 0, 0, 0, 0]","[1, 1, 1, 1, 1, 1, 1, 1, 1, 1, 1, 1, 1, 1, 1, 1, 1, 1, 1, 1, 1, 1, 1, 2, 1, 1, 1, 1, 1, 1, 1, 1, 2, 1, 1, 1, 1, 1, 1, 1, 1, 1, 1, 1, 1, 1, 1, 1, 1, 1, 1, 1, 1, 1, 1, 1, 1, 1, 1, 1, 1, 1, 1, 1, 1, 1, 1, 1, 1, 1, 1, 1, 2, 1, 1, 1, 1, 1, 1, 1, 1, 1, 1, 1, 1, 1, 1, 1, 1, 1, 1, 1, 1, 1, 2, 1, 1, 1, 1, 1, 1, 1, 1, 1, 1, 1, 1, 1, 1, 1, 1, 1, 1, 1, 2, 1, 1, 1, 1, 1, 1, 1, 1]",128,123,26,True,-1
T16_D4,97,1.0492,"[1, 1, 1, 1, 1, 1, 1, 1, 2, 1, 1, 1, 1, 1, 1, 1, 1, 1, 1, 1, 1, 1, 1, 1, 1, 1, 1, 1, 1, 1, 1, 1, 1, 1, 1, 1, 1, 1, 1, 1, 1, 1, 1, 2, 1, 1, 1, 1, 1, 1, 1, 1, 1, 1, 1, 1, 1, 1, 1, 1, 1, 1, 1, 2, 1, 2, 1, 1, 1, 1, 1, 1, 1, 1, 1, 1, 1, 1, 1, 1, 1, 1, 1, 1, 1, 1, 1, 1, 1, 1, 1, 1, 1, 1, 1, 1, 1, 1, 1, 1, 1, 1, 1, 1, 1, 1, 1, 2, 1, 1, 1, 2, 1, 1, 1, 1, 1, 1, 1, 1, 1, 1]","[0, 0, 0, 0, 0, 0, 0, 0, 1, 0, 0, 0, 0, 0, 0, 0, 0, 0, 0, 0, 0, 0, 0, 0, 0, 0, 0, 0, 0, 0, 0, 0, 0, 0, 0, 0, 0, 0, 0, 0, 0, 0, 0, 1, 0, 0, 0, 0, 0, 0, 0, 0, 0, 0, 0, 0, 0, 0, 0, 0, 0, 0, 0, 1, 0, 1, 0, 0, 0, 0, 0, 0, 0, 0, 0, 0, 0, 0, 0, 0, 0, 0, 0, 0, 0, 0, 0, 0, 0, 0, 0, 0, 0, 0, 0, 0, 0, 0, 0, 0, 0, 0, 0, 0, 0, 0, 0, 1, 0, 0, 0, 1, 0, 0, 0, 0, 0, 0, 0, 0, 0, 0]","[1, 1, 1, 1, 1, 1, 1, 1, 2, 1, 1, 1, 1, 1, 1, 1, 1, 1, 1, 1, 1, 1, 1, 1, 1, 1, 1, 1, 1, 1, 1, 1, 1, 1, 1, 1, 1, 1, 1, 1, 1, 1, 1, 2, 1, 1, 1, 1, 1, 1, 1, 1, 1, 1, 1, 1, 1, 1, 1, 1, 1, 1, 1, 2, 1, 2, 1, 1, 1, 1, 1, 1, 1, 1, 1, 1, 1, 1, 1, 1, 1, 1, 1, 1, 1, 1, 1, 1, 1, 1, 1, 1, 1, 1, 1, 1, 1, 1, 1, 1, 1, 1, 1, 1, 1, 1, 1, 2, 1, 1, 1, 2, 1, 1, 1, 1, 1, 1, 1, 1, 1, 1]",128,122,26,True,-1
T16_D4,98,1.0159,"[1, 1, 1, 1, 1, 1, 1, 1, 1, 1, 1, 1, 1, 1, 1, 1, 2, 1, 1, 1, 1, 1, 1, 1, 1, 1, 1, 1, 1, 1, 1, 1, 1, 1, 1, 1, 1, 1, 1, 1, 1, 1, 1, 1, 1, 1, 1, 1, 1, 1, 1, 1, 1, 1, 1, 1, 1, 1, 1, 1, 1, 1, 1, 1, 1, 1, 1, 1, 1, 1, 1, 1, 1, 1, 1, 1, 1, 1, 1, 1, 1, 1, 1, 1, 1, 1, 1, 1, 1, 1, 1, 1, 1, 1, 1, 1, 1, 1, 1, 1, 2, 1, 1, 1, 1, 1, 1, 1, 1, 1, 1, 1, 1, 1, 1, 1, 1, 1, 1, 1, 1, 1, 1, 1, 1, 1]","[0, 0, 0, 0, 0, 0, 0, 0, 0, 0, 0, 0, 0, 0, 0, 0, 1, 0, 0, 0, 0, 0, 0, 0, 0, 0, 0, 0, 0, 0, 0, 0, 0, 0, 0, 0, 0, 0, 0, 0, 0, 0, 0, 0, 0, 0, 0, 0, 0, 0, 0, 0, 0, 0, 0, 0, 0, 0, 0, 0, 0, 0, 0, 0, 0, 0, 0, 0, 0, 0, 0, 0, 0, 0, 0, 0, 0, 0, 0, 0, 0, 0, 0, 0, 0, 0, 0, 0, 0, 0, 0, 0, 0, 0, 0, 0, 0, 0, 0, 0, 1, 0, 0, 0, 0, 0, 0, 0, 0, 0, 0, 0, 0, 0, 0, 0, 0, 0, 0, 0, 0, 0, 0, 0, 0, 0]","[1, 1, 1, 1, 1, 1, 1, 1, 1, 1, 1, 1, 1, 1, 1, 1, 2, 1, 1, 1, 1, 1, 1, 1, 1, 1, 1, 1, 1, 1, 1, 1, 1, 1, 1, 1, 1, 1, 1, 1, 1, 1, 1, 1, 1, 1, 1, 1, 1, 1, 1, 1, 1, 1, 1, 1, 1, 1, 1, 1, 1, 1, 1, 1, 1, 1, 1, 1, 1, 1, 1, 1, 1, 1, 1, 1, 1, 1, 1, 1, 1, 1, 1, 1, 1, 1, 1, 1, 1, 1, 1, 1, 1, 1, 1, 1, 1, 1, 1, 1, 2, 1, 1, 1, 1, 1, 1, 1, 1, 1, 1, 1, 1, 1, 1, 1, 1, 1, 1, 1, 1, 1, 1, 1, 1, 1]",128,126,26,True,-1
T16_D4,99,1.0407,"[1, 1, 1, 1, 1, 1, 1, 1, 1, 1, 1, 1, 1, 1, 1, 1, 1, 1, 1, 1, 1, 2, 1, 1, 1, 1, 1, 1, 1, 1, 1, 1, 1, 1, 1, 1, 1, 1, 1, 1, 1, 1, 2, 1, 1, 2, 1, 1, 1, 1, 1, 1, 1, 1, 1, 1, 1, 1, 1, 1, 1, 1, 1, 1, 1, 1, 1, 1, 1, 1, 1, 1, 1, 1, 1, 1, 1, 1, 1, 1, 1, 1, 1, 1, 1, 2, 1, 1, 1, 1, 1, 1, 1, 1, 1, 1, 1, 1, 1, 1, 1, 1, 2, 1, 1, 1, 1, 1, 1, 1, 1, 1, 1, 1, 1, 1, 1, 1, 1, 1, 1, 1, 1]","[0, 0, 0, 0, 0, 0, 0, 0, 0, 0, 0, 0, 0, 0, 0, 0, 0, 0, 0, 0, 0, 1, 0, 0, 0, 0, 0, 0, 0, 0, 0, 0, 0, 0, 0, 0, 0, 0, 0, 0, 0, 0, 1, 0, 0, 1, 0, 0, 0, 0, 0, 0, 0, 0, 0, 0, 0, 0, 0, 0, 0, 0, 0, 0, 0, 0, 0, 0, 0, 0, 0, 0, 0, 0, 0, 0, 0, 0, 0, 0, 0, 0, 0, 0, 0, 1, 0, 0, 0, 0, 0, 0, 0, 0, 0, 0, 0, 0, 0, 0, 0, 0, 1, 0, 0, 0, 0, 0, 0, 0, 0, 0, 0, 0, 0, 0, 0, 0, 0, 0, 0, 0, 0]","[1, 1, 1, 1, 1, 1, 1, 1, 1, 1, 1, 1, 1, 1, 1, 1, 1, 1, 1, 1, 1, 2, 1, 1, 1, 1, 1, 1, 1, 1, 1, 1, 1, 1, 1, 1, 1, 1, 1, 1, 1, 1, 2, 1, 1, 2, 1, 1, 1, 1, 1, 1, 1, 1, 1, 1, 1, 1, 1, 1, 1, 1, 1, 1, 1, 1, 1, 1, 1, 1, 1, 1, 1, 1, 1, 1, 1, 1, 1, 1, 1, 1, 1, 1, 1, 2, 1, 1, 1, 1, 1, 1, 1, 1, 1, 1, 1, 1, 1, 1, 1, 1, 2, 1, 1, 1, 1, 1, 1, 1, 1, 1, 1, 1, 1, 1, 1, 1, 1, 1, 1, 1, 1]",128,123,26,True,-1
T16_D4,100,1.0159,"[1, 1, 1, 1, 1, 1, 1, 1, 1, 1, 1, 1, 1, 1, 1, 1, 1, 1, 1, 1, 1, 1, 1, 1, 1, 1, 1, 1, 1, 1, 1, 1, 1, 1, 1, 1, 1, 1, 1, 1, 1, 1, 1, 1, 1, 1, 1, 1, 1, 1, 1, 1, 1, 1, 1, 1, 1, 1, 1, 1, 1, 1, 1, 1, 1, 1, 1, 1, 1, 1, 1, 1, 1, 1, 1, 1, 1, 1, 1, 1, 1, 1, 1, 1, 1, 1, 1, 1, 1, 1, 1, 1, 1, 1, 1, 1, 1, 1, 1, 1, 1, 1, 1, 1, 1, 1, 1, 1, 1, 1, 1, 2, 1, 1, 1, 1, 1, 1, 2, 1, 1, 1, 1, 1, 1, 1]","[0, 0, 0, 0, 0, 0, 0, 0, 0, 0, 0, 0, 0, 0, 0, 0, 0, 0, 0, 0, 0, 0, 0, 0, 0, 0, 0, 0, 0, 0, 0, 0, 0, 0, 0, 0, 0, 0, 0, 0, 0, 0, 0, 0, 0, 0, 0, 0, 0, 0, 0, 0, 0, 0, 0, 0, 0, 0, 0, 0, 0, 0, 0, 0, 0, 0, 0, 0, 0, 0, 0, 0, 0, 0, 0, 0, 0, 0, 0, 0, 0, 0, 0, 0, 0, 0, 0, 0, 0, 0, 0, 0, 0, 0, 0, 0, 0, 0, 0, 0, 0, 0, 0, 0, 0, 0, 0, 0, 0, 0, 0, 1, 0, 0, 0, 0, 0, 0, 1, 0, 0, 0, 0, 0, 0, 0]","[1, 1, 1, 1, 1, 1, 1, 1, 1, 1, 1, 1, 1, 1, 1, 1, 1, 1, 1, 1, 1, 1, 1, 1, 1, 1, 1, 1, 1, 1, 1, 1, 1, 1, 1, 1, 1, 1, 1, 1, 1, 1, 1, 1, 1, 1, 1, 1, 1, 1, 1, 1, 1, 1, 1, 1, 1, 1, 1, 1, 1, 1, 1, 1, 1, 1, 1, 1, 1, 1, 1, 1, 1, 1, 1, 1, 1, 1, 1, 1, 1, 1, 1, 1, 1, 1, 1, 1, 1, 1, 1, 1, 1, 1, 1, 1, 1, 1, 1, 1, 1, 1, 1, 1, 1, 1, 1, 1, 1, 1, 1, 2, 1, 1, 1, 1, 1, 1, 2, 1, 1, 1, 1, 1, 1, 1]",128,126,26,True,-1
T16_D4,101,1.0275,"[1, 1, 1, 1, 1, 1, 1, 1, 1, 1, 1, 1, 1, 1, 1, 1, 1, 1, 1, 1, 1, 1, 1, 1, 1, 1, 1, 1, 2, 1, 1, 1, 1, 1, 1, 1, 1, 1, 1, 1, 1, 1, 1, 1, 1, 1, 1, 1, 1, 1, 1, 1, 1, 1, 1, 1, 1, 1, 1, 1, 1, 1, 1, 1, 1, 1, 1, 2, 1, 1, 1, 2, 1, 1, 1, 1, 1, 1, 1, 1, 1, 1, 1, 1, 1, 1, 1, 1, 1, 1, 1, 1, 1, 1, 1, 1, 1, 1, 1, 1, 1, 1, 1, 1, 1, 1, 1, 1, 1]","[0, 0, 0, 0, 0, 0, 0, 0, 0, 0, 0, 0, 0, 0, 0, 0, 0, 0, 0, 0, 0, 0, 0, 0, 0, 0, 0, 0, 1, 0, 0, 0, 0, 0, 0, 0, 0, 0, 0, 0, 0, 0, 0, 0, 0, 0, 0, 0, 0, 0, 0, 0, 0, 0, 0, 0, 0, 0, 0, 0, 0, 0, 0, 0, 0, 0, 0, 1, 0, 0, 0, 1, 0, 0, 0, 0, 0, 0, 0, 0, 0, 0, 0, 0, 0, 0, 0, 0, 0, 0, 0, 0, 0, 0, 0, 0, 0, 0, 0, 0, 0, 0, 0, 0, 0, 0, 0, 0, 0]","[1, 1, 1, 1, 1, 1, 1, 1, 1, 1, 1, 1, 1, 1, 1, 1, 1, 1, 1, 1, 1, 1, 1, 1, 1, 1, 1, 1, 2, 1, 1, 1, 1, 1, 1, 1, 1, 1, 1, 1, 1, 1, 1, 1, 1, 1, 1, 1, 1, 1, 1, 1, 1, 1, 1, 1, 1, 1, 1, 1, 1, 1, 1, 1, 1, 1, 1, 2, 1, 1, 1, 2, 1, 1, 1, 1, 1, 1, 1, 1, 1, 1, 1, 1, 1, 1, 1, 1, 1, 1, 1, 1, 1, 1, 1, 1, 1, 1, 1, 1, 1, 1, 1, 1, 1, 1, 1, 1, 1]",112,109,26,True,-1
T16_D4,102,1.0476,"[1, 1, 1, 1, 1, 1, 1, 1, 1, 1, 1, 1, 1, 1, 1, 1, 1, 1, 1, 1, 1, 1, 1, 1, 1, 1, 1, 1, 1, 1, 2, 1, 1, 1, 1, 1, 1, 1, 1, 1, 1, 1, 1, 1, 1, 1, 2, 2, 1, 1, 1, 1, 1, 1, 1, 1, 1, 1, 1, 1, 1, 1, 1, 1, 1, 1, 2, 1, 1, 2, 1, 1, 1, 1, 1, 1, 1, 1, 1, 1, 1, 1, 1, 1, 1, 1, 1, 1, 1, 1, 1, 1, 1, 1, 1, 1, 1, 1, 1, 1, 1, 1, 1, 1, 1]","[0, 0, 0, 0, 0, 0, 0, 0, 0, 0, 0, 0, 0, 0, 0, 0, 0, 0, 0, 0, 0, 0, 0, 0, 0, 0, 0, 0, 0, 0, 1, 0, 0, 0, 0, 0, 0, 0, 0, 0, 0, 0, 0, 0, 0, 0, 1, 1, 0, 0, 0, 0, 0, 0, 0, 0, 0, 0, 0, 0, 0, 0, 0, 0, 0, 0, 1, 0, 0, 1, 0, 0, 0, 0, 0, 0, 0, 0, 0, 0, 0, 0, 0, 0, 0, 0, 0, 0, 0, 0, 0, 0, 0, 0, 0, 0, 0, 0, 0, 0, 0, 0, 0, 0, 0]","[1, 1, 1, 1, 1, 1, 1, 1, 1, 1, 1, 1, 1, 1, 1, 1, 1, 1, 1, 1, 1, 1, 1, 1, 1, 1, 1, 1, 1, 1, 2, 1, 1, 1, 1, 1, 1, 1, 1, 1, 1, 1, 1, 1, 1, 1, 2, 2, 1, 1, 1, 1, 1, 1, 1, 1, 1, 1, 1, 1, 1, 1, 1, 1, 1, 1, 2, 1, 1, 2, 1, 1, 1, 1, 1, 1, 1, 1, 1, 1, 1, 1, 1, 1, 1, 1, 1, 1, 1, 1, 1, 1, 1, 1, 1, 1, 1, 1, 1, 1, 1, 1, 1, 1, 1]",110,105,26,True,-1
T16_D4,103,1.0323,"[1, 1, 1, 1, 1, 1, 1, 1, 1, 1, 1, 1, 1, 1, 2, 1, 1, 1, 1, 1, 1, 1, 1, 1, 1, 1, 1, 1, 1, 1, 1, 2, 1, 1, 1, 1, 1, 1, 1, 1, 1, 1, 1, 1, 1, 1, 1, 1, 1, 1, 1, 1, 1, 1, 1, 1, 1, 1, 1, 1, 1, 1, 1, 1, 1, 1, 1, 1, 1, 1, 1, 1, 1, 1, 1, 1, 1, 1, 2, 1, 1, 1, 1, 1, 1, 1, 1, 1, 1, 1, 1, 1, 1, 1, 1, 1, 1, 1, 1, 1, 1, 1, 1, 1, 1, 1, 1, 1, 1, 1, 1, 1, 1, 1, 2, 1, 1, 1, 1, 1, 1, 1, 1, 1]","[0, 0, 0, 0, 0, 0, 0, 0, 0, 0, 0, 0, 0, 0, 1, 0, 0, 0, 0, 0, 0, 0, 0, 0, 0, 0, 0, 0, 0, 0, 0, 1, 0, 0, 0, 0, 0, 0, 0, 0, 0, 0, 0, 0, 0, 0, 0, 0, 0, 0, 0, 0, 0, 0, 0, 0, 0, 0, 0, 0, 0, 0, 0, 0, 0, 0, 0, 0, 0, 0, 0, 0, 0, 0, 0, 0, 0, 0, 1, 0, 0, 0, 0, 0, 0, 0, 0, 0, 0, 0, 0, 0, 0, 0, 0, 0, 0, 0, 0, 0, 0, 0, 0, 0, 0, 0, 0, 0, 0, 0, 0, 0, 0, 0, 1, 0, 0, 0, 0, 0, 0, 0, 0, 0]","[1, 1, 1, 1, 1, 1, 1, 1, 1, 1, 1, 1, 1, 1, 2, 1, 1, 1, 1, 1, 1, 1, 1, 1, 1, 1, 1, 1, 1, 1, 1, 2, 1, 1, 1, 1, 1, 1, 1, 1, 1, 1, 1, 1, 1, 1, 1, 1, 1, 1, 1, 1, 1, 1, 1, 1, 1, 1, 1, 1, 1, 1, 1, 1, 1, 1, 1, 1, 1, 1, 1, 1, 1, 1, 1, 1, 1, 1, 2, 1, 1, 1, 1, 1, 1, 1, 1, 1, 1, 1, 1, 1, 1, 1, 1, 1, 1, 1, 1, 1, 1, 1, 1, 1, 1, 1, 1, 1, 1, 1, 1, 1, 1, 1, 2, 1, 1, 1, 1, 1, 1, 1, 1, 1]",128,124,26,False,12
T16_D4,104,1.061,"[1, 1, 1, 1, 1, 1, 1, 1, 1, 1, 1, 1, 1, 1, 1, 1, 1, 2, 1, 1, 1, 1, 1, 1, 1, 1, 1, 1, 1, 1, 1, 2, 1, 1, 1, 1, 1, 1, 1, 1, 1, 1, 1, 1, 1, 1, 1, 1, 2, 1, 1, 2, 1, 1, 1, 1, 2, 1, 1, 1, 1, 1, 1, 1, 1, 1, 1, 1, 1, 1, 1, 1, 1, 1, 1, 1, 1, 1, 1, 1, 1, 1]","[0, 0, 0, 0, 0, 0, 0, 0, 0, 0, 0, 0, 0, 0, 0, 0, 0, 1, 0, 0, 0, 0, 0, 0, 0, 0, 0, 0, 0, 0, 0, 1, 0, 0, 0, 0, 0, 0, 0, 0, 0, 0, 0, 0, 0, 0, 0, 0, 1, 0, 0, 1, 0, 0, 0, 0, 1, 0, 0, 0, 0, 0, 0, 0, 0, 0, 0, 0, 0, 0, 0, 0, 0, 0, 0, 0, 0, 0, 0, 0, 0, 0]","[1, 1, 1, 1, 1, 1, 1, 1, 1, 1, 1, 1, 1, 1, 1, 1, 1, 2, 1, 1, 1, 1, 1, 1, 1, 1, 1, 1, 1, 1, 1, 2, 1, 1, 1, 1, 1, 1, 1, 1, 1, 1, 1, 1, 1, 1, 1, 1, 2, 1, 1, 2, 1, 1, 1, 1, 2, 1, 1, 1, 1, 1, 1, 1, 1, 1, 1, 1, 1, 1, 1, 1, 1, 1, 1, 1, 1, 1, 1, 1, 1, 1]",87,82,26,True,-1
T16_D4,105,1.1067,"[1, 1, 1, 1, 1, 1, 1, 1, 1, 1, 1, 1, 1, 1, 1, 2, 1, 1, 1, 2, 1, 1, 2, 2, 1, 1, 2, 1, 1, 1, 1, 1, 1, 2, 1, 1, 1, 1, 2, 1, 1, 1, 1, 1, 1, 1, 1, 2, 1, 1, 1, 1, 1, 1, 1, 1, 1, 1, 1, 1, 1, 1, 1, 1, 1, 1, 1, 1, 1, 1, 1, 1, 1, 1, 1]","[0, 0, 0, 0, 0, 0, 0, 0, 0, 0, 0, 0, 0, 0, 0, 1, 0, 0, 0, 1, 0, 0, 1, 1, 0, 0, 1, 0, 0, 0, 0, 0, 0, 1, 0, 0, 0, 0, 1, 0, 0, 0, 0, 0, 0, 0, 0, 1, 0, 0, 0, 0, 0, 0, 0, 0, 0, 0, 0, 0, 0, 0, 0, 0, 0, 0, 0, 0, 0, 0, 0, 0, 0, 0, 0]","[1, 1, 1, 1, 1, 1, 1, 1, 1, 1, 1, 1, 1, 1, 1, 2, 1, 1, 1, 2, 1, 1, 2, 2, 1, 1, 2, 1, 1, 1, 1, 1, 1, 2, 1, 1, 1, 1, 2, 1, 1, 1, 1, 1, 1, 1, 1, 2, 1, 1, 1, 1, 1, 1, 1, 1, 1, 1, 1, 1, 1, 1, 1, 1, 1, 1, 1, 1, 1, 1, 1, 1, 1, 1, 1]",83,75,26,True,-1
T16_D4,106,1.0,"[1, 1, 1, 1, 1, 1, 1, 1, 1, 1, 1, 1, 1, 1, 1, 1, 1, 1, 1, 1, 1, 1, 1, 1, 1, 1, 1, 1, 1, 1, 1, 1, 1, 1, 1, 1, 1, 1, 1, 1, 1, 1, 1, 1, 1, 1, 1, 1, 1, 1, 1, 1, 1, 1, 1, 1, 1, 1, 1, 1, 1, 1, 1, 1, 1, 1, 1, 1, 1, 1, 1, 1, 1, 1, 1, 1, 1, 1, 1, 1, 1, 1, 1, 1, 1, 1, 1, 1, 1, 1, 1, 1, 1, 1, 1, 1, 1, 1, 1, 1, 1, 1, 1, 1, 1, 1, 1, 1, 1, 1, 1, 1, 1, 1, 1, 1, 1, 1, 1, 1, 1, 1, 1, 1, 1, 1, 1, 1]","[0, 0, 0, 0, 0, 0, 0, 0, 0, 0, 0, 0, 0, 0, 0, 0, 0, 0, 0, 0, 0, 0, 0, 0, 0, 0, 0, 0, 0, 0, 0, 0, 0, 0, 0, 0, 0, 0, 0, 0, 0, 0, 0, 0, 0, 0, 0, 0, 0, 0, 0, 0, 0, 0, 0, 0, 0, 0, 0, 0, 0, 0, 0, 0, 0, 0, 0, 0, 0, 0, 0, 0, 0, 0, 0, 0, 0, 0, 0, 0, 0, 0, 0, 0, 0, 0, 0, 0, 0, 0, 0, 0, 0, 0, 0, 0, 0, 0, 0, 0, 0, 0, 0, 0, 0, 0, 0, 0, 0, 0, 0, 0, 0, 0, 0, 0, 0, 0, 0, 0, 0, 0, 0, 0, 0, 0, 0, 0]","[1, 1, 1, 1, 1, 1, 1, 1, 1, 1, 1, 1, 1, 1, 1, 1, 1, 1, 1, 1, 1, 1, 1, 1, 1, 1, 1, 1, 1, 1, 1, 1, 1, 1, 1, 1, 1, 1, 1, 1, 1, 1, 1, 1, 1, 1, 1, 1, 1, 1, 1, 1, 1, 1, 1, 1, 1, 1, 1, 1, 1, 1, 1, 1, 1, 1, 1, 1, 1, 1, 1, 1, 1, 1, 1, 1, 1, 1, 1, 1, 1, 1, 1, 1, 1, 1, 1, 1, 1, 1, 1, 1, 1, 1, 1, 1, 1, 1, 1, 1, 1, 1, 1, 1, 1, 1, 1, 1, 1, 1, 1, 1, 1, 1, 1, 1, 1, 1, 1, 1, 1, 1, 1, 1, 1, 1, 1, 1]",128,128,26,True,-1
T16_D4,107,1.0792,"[1, 1, 1, 1, 1, 1, 1, 1, 1, 1, 1, 1, 1, 1, 1, 1, 1, 1, 1, 1, 1, 1, 1, 1, 1, 1, 1, 1, 1, 1, 1, 1, 1, 1, 2, 1, 1, 1, 1, 1, 1, 1, 1, 1, 1, 1, 1, 1, 1, 1, 1, 1, 1, 1, 1, 2, 1, 1, 2, 2, 1, 1, 1, 1, 1, 1, 2, 1, 1, 1, 1, 2, 1, 1, 1, 2, 1, 1, 1, 1, 1, 1, 1, 1, 1, 1, 1, 1, 1, 1, 1, 1, 1, 1, 1, 2, 1, 1, 1, 1, 1]","[0, 0, 0, 0, 0, 0, 0, 0, 0, 0, 0, 0, 0, 0, 0, 0, 0, 0, 0, 0, 0, 0, 0, 0, 0, 0, 0, 0, 0, 0, 0, 0, 0, 0, 1, 0, 0, 0, 0, 0, 0, 0, 0, 0, 0, 0, 0, 0, 0, 0, 0, 0, 0, 0, 0, 1, 0, 0, 1, 1, 0, 0, 0, 0, 0, 0, 1, 0, 0, 0, 0, 1, 0, 0, 0, 1, 0, 0, 0, 0, 0, 0, 0, 0, 0, 0, 0, 0, 0, 0, 0, 0, 0, 0, 0, 1, 0, 0, 0, 0, 0]","[1, 1, 1, 1, 1, 1, 1, 1, 1, 1, 1, 1, 1, 1, 1, 1, 1, 1, 1, 1, 1, 1, 1, 1, 1, 1, 1, 1, 1, 1, 1, 1, 1, 1, 2, 1, 1, 1, 1, 1, 1, 1, 1, 1, 1, 1, 1, 1, 1, 1, 1, 1, 1, 1, 1, 2, 1, 1, 2, 2, 1, 1, 1, 1, 1, 1, 2, 1, 1, 1, 1, 2, 1, 1, 1, 2, 1, 1, 1, 1, 1, 1, 1, 1, 1, 1, 1, 1, 1, 1, 1, 1, 1, 1, 1, 2, 1, 1, 1, 1, 1]",109,101,26,True,-1
T16_D4,108,1.0485,"[1, 1, 1, 1, 1, 1, 1, 1, 1, 1, 1, 1, 1, 1, 1, 1, 1, 2, 1, 1, 1, 1, 1, 1, 1, 1, 1, 1, 1, 1, 1, 1, 1, 1, 1, 2, 1, 1, 1, 1, 1, 1, 1, 1, 1, 1, 1, 1, 1, 1, 1, 1, 1, 1, 1, 1, 1, 1, 1, 1, 2, 1, 1, 2, 1, 1, 1, 1, 2, 1, 1, 1, 1, 1, 1, 1, 1, 1, 1, 1, 1, 1, 1, 1, 1, 1, 1, 1, 1, 1, 1, 1, 1, 1, 1, 1, 1, 1, 1, 1, 1, 1, 1]","[0, 0, 0, 0, 0, 0, 0, 0, 0, 0, 0, 0, 0, 0, 0, 0, 0, 1, 0, 0, 0, 0, 0, 0, 0, 0, 0, 0, 0, 0, 0, 0, 0, 0, 0, 1, 0, 0, 0, 0, 0, 0, 0, 0, 0, 0, 0, 0, 0, 0, 0, 0, 0, 0, 0, 0, 0, 0, 0, 0, 1, 0, 0, 1, 0, 0, 0, 0, 1, 0, 0, 0, 0, 0, 0, 0, 0, 0, 0, 0, 0, 0, 0, 0, 0, 0, 0, 0, 0, 0, 0, 0, 0, 0, 0, 0, 0, 0, 0, 0, 0, 0, 0]","[1, 1, 1, 1, 1, 1, 1, 1, 1, 1, 1, 1, 1, 1, 1, 1, 1, 2, 1, 1, 1, 1, 1, 1, 1, 1, 1, 1, 1, 1, 1, 1, 1, 1, 1, 2, 1, 1, 1, 1, 1, 1, 1, 1, 1, 1, 1, 1, 1, 1, 1, 1, 1, 1, 1, 1, 1, 1, 1, 1, 2, 1, 1, 2, 1, 1, 1, 1, 2, 1, 1, 1, 1, 1, 1, 1, 1, 1, 1, 1, 1, 1, 1, 1, 1, 1, 1, 1, 1, 1, 1, 1, 1, 1, 1, 1, 1, 1, 1, 1, 1, 1, 1]",108,103,26,True,-1
T16_D4,109,1.0492,"[1, 1, 1, 1, 1, 1, 1, 1, 1, 1, 1, 1, 1, 1, 1, 1, 1, 1, 1, 1, 1, 1, 1, 2, 1, 1, 2, 1, 1, 1, 1, 1, 1, 2, 1, 1, 1, 1, 1, 1, 1, 1, 2, 1, 1, 1, 1, 1, 1, 1, 2, 1, 1, 1, 1, 1, 1, 1, 1, 2, 1, 1, 1, 1, 1, 1, 1, 1, 1, 1, 1, 1, 1, 1, 1, 1, 1, 1, 1, 1, 1, 1, 1, 1, 1, 1, 1, 1, 1, 1, 1, 1, 1, 1, 1, 1, 1, 1, 1, 1, 1, 1, 1, 1, 1, 1, 1, 1, 1, 1, 1, 1, 1, 1, 1, 1, 1, 1, 1, 1, 1, 1]","[0, 0, 0, 0, 0, 0, 0, 0, 0, 0, 0, 0, 0, 0, 0, 0, 0, 0, 0, 0, 0, 0, 0, 1, 0, 0, 1, 0, 0, 0, 0, 0, 0, 1, 0, 0, 0, 0, 0, 0, 0, 0, 1, 0, 0, 0, 0, 0, 0, 0, 1, 0, 0, 0, 0, 0, 0, 0, 0, 1, 0, 0, 0, 0, 0, 0, 0, 0, 0, 0, 0, 0, 0, 0, 0, 0, 0, 0, 0, 0, 0, 0, 0, 0, 0, 0, 0, 0, 0, 0, 0, 0, 0, 0, 0, 0, 0, 0, 0, 0, 0, 0, 0, 0, 0, 0, 0, 0, 0, 0, 0, 0, 0, 0, 0, 0, 0, 0, 0, 0, 0, 0]","[1, 1, 1, 1, 1, 1, 1, 1, 1, 1, 1, 1, 1, 1, 1, 1, 1, 1, 1, 1, 1, 1, 1, 2, 1, 1, 2, 1, 1, 1, 1, 1, 1, 2, 1, 1, 1, 1, 1, 1, 1, 1, 2, 1, 1, 1, 1, 1, 1, 1, 2, 1, 1, 1, 1, 1, 1, 1, 1, 2, 1, 1, 1, 1, 1, 1, 1, 1, 1, 1, 1, 1, 1, 1, 1, 1, 1, 1, 1, 1, 1, 1, 1, 1, 1, 1, 1, 1, 1, 1, 1, 1, 1, 1, 1, 1, 1, 1, 1, 1, 1, 1, 1, 1, 1, 1, 1, 1, 1, 1, 1, 1, 1, 1, 1, 1, 1, 1, 1, 1, 1, 1]",128,122,26,True,-1
T16_D4,110,1.0159,"[1, 1, 1, 1, 1, 1, 1, 1, 1, 1, 1, 1, 1, 1, 1, 1, 1, 1, 1, 1, 1, 1, 1, 1, 1, 1, 1, 1, 1, 1, 1, 1, 1, 1, 1, 1, 1, 1, 1, 1, 1, 1, 1, 1, 1, 1, 1, 1, 1, 1, 1, 1, 1, 1, 1, 1, 2, 1, 1, 1, 1, 1, 1, 1, 1, 1, 1, 1, 1, 1, 1, 1, 1, 1, 1, 1, 1, 1, 1, 1, 1, 1, 1, 1, 1, 1, 1, 1, 1, 1, 1, 1, 1, 1, 1, 1, 1, 1, 1, 1, 1, 1, 1, 1, 1, 1, 1, 1, 1, 1, 1, 1, 1, 1, 1, 1, 1, 1, 1, 1, 2, 1, 1, 1, 1, 1]","[0, 0, 0, 0, 0, 0, 0, 0, 0, 0, 0, 0, 0, 0, 0, 0, 0, 0, 0, 0, 0, 0, 0, 0, 0, 0, 0, 0, 0, 0, 0, 0, 0, 0, 0, 0, 0, 0, 0, 0, 0, 0, 0, 0, 0, 0, 0, 0, 0, 0, 0, 0, 0, 0, 0, 0, 1, 0, 0, 0, 0, 0, 0, 0, 0, 0, 0, 0, 0, 0, 0, 0, 0, 0, 0, 0, 0, 0, 0, 0, 0, 0, 0, 0, 0, 0, 0, 0, 0, 0, 0, 0, 0, 0, 0, 0, 0, 0, 0, 0, 0, 0, 0, 0, 0, 0, 0, 0, 0, 0, 0, 0, 0, 0, 0, 0, 0, 0, 0, 0, 1, 0, 0, 0, 0, 0]","[1, 1, 1, 1, 1, 1, 1, 1, 1, 1, 1, 1, 1, 1, 1, 1, 1, 1, 1, 1, 1, 1, 1, 1, 1, 1, 1, 1, 1, 1, 1, 1, 1, 1, 1, 1, 1, 1, 1, 1, 1, 1, 1, 1, 1, 1, 1, 1, 1, 1, 1, 1, 1, 1, 1, 1, 2, 1, 1, 1, 1, 1, 1, 1, 1, 1, 1, 1, 1, 1, 1, 1, 1, 1, 1, 1, 1, 1, 1, 1, 1, 1, 1, 1, 1, 1, 1, 1, 1, 1, 1, 1, 1, 1, 1, 1, 1, 1, 1, 1, 1, 1, 1, 1, 1, 1, 1, 1, 1, 1, 1, 1, 1, 1, 1, 1, 1, 1, 1, 1, 2, 1, 1, 1, 1, 1]",128,126,26,True,-1
T16_D4,111,1.0756,"[1, 1, 1, 1, 1, 1, 1, 1, 1, 1, 1, 1, 1, 1, 1, 1, 1, 2, 1, 1, 1, 1, 1, 1, 1, 1, 1, 1, 1, 1, 1, 1, 1, 1, 1, 1, 1, 1, 1, 1, 1, 1, 1, 1, 1, 1, 1, 1, 1, 1, 1, 1, 1, 1, 1, 1, 1, 1, 1, 1, 1, 1, 1, 1, 1, 1, 1, 1, 1, 1, 2, 1, 2, 1, 1, 1, 2, 1, 1, 1, 1, 1, 1, 1, 2, 1, 1, 2, 2, 1, 1, 1, 1, 1, 1, 2, 1, 1, 1, 1, 1, 1, 1, 1, 1, 1, 1, 1, 1, 1, 1, 1, 2, 1, 1, 1, 1, 1, 1]","[0, 0, 0, 0, 0, 0, 0, 0, 0, 0, 0, 0, 0, 0, 0, 0, 0, 1, 0, 0, 0, 0, 0, 0, 0, 0, 0, 0, 0, 0, 0, 0, 0, 0, 0, 0, 0, 0, 0, 0, 0, 0, 0, 0, 0, 0, 0, 0, 0, 0, 0, 0, 0, 0, 0, 0, 0, 0, 0, 0, 0, 0, 0, 0, 0, 0, 0, 0, 0, 0, 1, 0, 1, 0, 0, 0, 1, 0, 0, 0, 0, 0, 0, 0, 1, 0, 0, 1, 1, 0, 0, 0, 0, 0, 0, 1, 0, 0, 0, 0, 0, 0, 0, 0, 0, 0, 0, 0, 0, 0, 0, 0, 1, 0, 0, 0, 0, 0, 0]","[1, 1, 1, 1, 1, 1, 1, 1, 1, 1, 1, 1, 1, 1, 1, 1, 1, 2, 1, 1, 1, 1, 1, 1, 1, 1, 1, 1, 1, 1, 1, 1, 1, 1, 1, 1, 1, 1, 1, 1, 1, 1, 1, 1, 1, 1, 1, 1, 1, 1, 1, 1, 1, 1, 1, 1, 1, 1, 1, 1, 1, 1, 1, 1, 1, 1, 1, 1, 1, 1, 2, 1, 2, 1, 1, 1, 2, 1, 1, 1, 1, 1, 1, 1, 2, 1, 1, 2, 2, 1, 1, 1, 1, 1, 1, 2, 1, 1, 1, 1, 1, 1, 1, 1, 1, 1, 1, 1, 1, 1, 1, 1, 2, 1, 1, 1, 1, 1, 1]",128,119,26,True,-1
T16_D4,112,1.0323,"[1, 1, 1, 1, 1, 1, 1, 1, 1, 1, 1, 1, 1, 1, 1, 1, 1, 1, 1, 1, 1, 1, 1, 1, 1, 1, 1, 1, 1, 1, 1, 1, 1, 1, 1, 1, 1, 1, 1, 1, 1, 1, 1, 1, 1, 1, 1, 1, 1, 1, 1, 1, 1, 1, 1, 1, 1, 1, 1, 1, 1, 1, 1, 1, 1, 1, 1, 1, 1, 1, 1, 1, 1, 1, 1, 1, 1, 1, 1, 2, 1, 1, 1, 2, 1, 1, 1, 1, 1, 1, 1, 1, 1, 1, 1, 1, 1, 1, 1, 1, 1, 1, 1, 1, 1, 1, 1, 1, 1, 1, 1, 1, 1, 1, 1, 1, 1, 2, 1, 1, 2, 1, 1, 1]","[0, 0, 0, 0, 0, 0, 0, 0, 0, 0, 0, 0, 0, 0, 0, 0, 0, 0, 0, 0, 0, 0, 0, 0, 0, 0, 0, 0, 0, 0, 0, 0, 0, 0, 0, 0, 0, 0, 0, 0, 0, 0, 0, 0, 0, 0, 0, 0, 0, 0, 0, 0, 0, 0, 0, 0, 0, 0, 0, 0, 0, 0, 0, 0, 0, 0, 0, 0, 0, 0, 0, 0, 0, 0, 0, 0, 0, 0, 0, 1, 0, 0, 0, 1, 0, 0, 0, 0, 0, 0, 0, 0, 0, 0, 0, 0, 0, 0, 0, 0, 0, 0, 0, 0, 0, 0, 0, 0, 0, 0, 0, 0, 0, 0, 0, 0, 0, 1, 0, 0, 1, 0, 0, 0]","[1, 1, 1, 1, 1, 1, 1, 1, 1, 1, 1, 1, 1, 1, 1, 1, 1, 1, 1, 1, 1, 1, 1, 1, 1, 1, 1, 1, 1, 1, 1, 1, 1, 1, 1, 1, 1, 1, 1, 1, 1, 1, 1, 1, 1, 1, 1, 1, 1, 1, 1, 1, 1, 1, 1, 1, 1, 1, 1, 1, 1, 1, 1, 1, 1, 1, 1, 1, 1, 1, 1, 1, 1, 1, 1, 1, 1, 1, 1, 2, 1, 1, 1, 2, 1, 1, 1, 1, 1, 1, 1, 1, 1, 1, 1, 1, 1, 1, 1, 1, 1, 1, 1, 1, 1, 1, 1, 1, 1, 1, 1, 1, 1, 1, 1, 1, 1, 2, 1, 1, 2, 1, 1, 1]",128,124,26,True,-1
T16_D4,113,1.0492,"[1, 1, 1, 1, 1, 1, 1, 1, 1, 1, 1, 1, 1, 1, 1, 1, 1, 1, 1, 1, 1, 1, 1, 1, 1, 1, 1, 1, 1, 2, 1, 1, 1, 1, 1, 1, 1, 1, 1, 1, 1, 1, 1, 1, 1, 1, 1, 1, 1, 1, 1, 1, 1, 1, 1, 1, 2, 1, 2, 1, 1, 1, 1, 1, 1, 1, 1, 1, 2, 1, 1, 1, 1, 1, 2, 1, 1, 1, 1, 1, 1, 1, 1, 1, 1, 1, 1, 1, 1, 1, 1, 1, 1, 1, 1, 1, 1, 1, 1, 1, 1, 1, 1, 1, 1, 2, 1, 1, 1, 1, 1, 1, 1, 1, 1, 1, 1, 1, 1, 1, 1, 1]","[0, 0, 0, 0, 0, 0, 0, 0, 0, 0, 0, 0, 0, 0, 0, 0, 0, 0, 0, 0, 0, 0, 0, 0, 0, 0, 0, 0, 0, 1, 0, 0, 0, 0, 0, 0, 0, 0, 0, 0, 0, 0, 0, 0, 0, 0, 0, 0, 0, 0, 0, 0, 0, 0, 0, 0, 1, 0, 1, 0, 0, 0, 0, 0, 0, 0, 0, 0, 1, 0, 0, 0, 0, 0, 1, 0, 0, 0, 0, 0, 0, 0, 0, 0, 0, 0, 0, 0, 0, 0, 0, 0, 0, 0, 0, 0, 0, 0, 0, 0, 0, 0, 0, 0, 0, 1, 0, 0, 0, 0, 0, 0, 0, 0, 0, 0, 0, 0, 0, 0, 0, 0]","[1, 1, 1, 1, 1, 1, 1, 1, 1, 1, 1, 1, 1, 1, 1, 1, 1, 1, 1, 1, 1, 1, 1, 1, 1, 1, 1, 1, 1, 2, 1, 1, 1, 1, 1, 1, 1, 1, 1, 1, 1, 1, 1, 1, 1, 1, 1, 1, 1, 1, 1, 1, 1, 1, 1, 1, 2, 1, 2, 1, 1, 1, 1, 1, 1, 1, 1, 1, 2, 1, 1, 1, 1, 1, 2, 1, 1, 1, 1, 1, 1, 1, 1, 1, 1, 1, 1, 1, 1, 1, 1, 1, 1, 1, 1, 1, 1, 1, 1, 1, 1, 1, 1, 1, 1, 2, 1, 1, 1, 1, 1, 1, 1, 1, 1, 1, 1, 1, 1, 1, 1, 1]",128,122,26,True,-1
T16_D4,114,1.0909,"[1, 1, 1, 1, 1, 1, 1, 1, 1, 1, 1, 1, 1, 1, 1, 1, 1, 1, 1, 1, 1, 2, 1, 1, 1, 1, 1, 1, 2, 1, 1, 1, 1, 2, 1, 1, 1, 1, 1, 1, 1, 1, 1, 2, 1, 1, 1, 1, 1, 1, 1, 1, 1, 1, 2, 3, 1, 1, 1, 2, 1, 1, 1, 1, 1, 1, 1, 2, 1, 1, 1, 1, 2, 1, 1, 1, 1, 1, 1, 1, 1, 1, 1, 1, 1, 1, 1, 1, 1, 1, 1, 1, 1, 1, 1, 1, 1, 1, 1, 1, 1, 1, 1, 1, 1, 1, 1, 1, 1, 1]","[0, 0, 0, 0, 0, 0, 0, 0, 0, 0, 0, 0, 0, 0, 0, 0, 0, 0, 0, 0, 0, 1, 0, 0, 0, 0, 0, 0, 1, 0, 0, 0, 0, 1, 0, 0, 0, 0, 0, 0, 0, 0, 0, 1, 0, 0, 0, 0, 0, 0, 0, 0, 0, 0, 1, 2, 0, 0, 0, 1, 0, 0, 0, 0, 0, 0, 0, 1, 0, 0, 0, 0, 1, 0, 0, 0, 0, 0, 0, 0, 0, 0, 0, 0, 0, 0, 0, 0, 0, 0, 0, 0, 0, 0, 0, 0, 0, 0, 0, 0, 0, 0, 0, 0, 0, 0, 0, 0, 0, 0]","[1, 1, 1, 1, 1, 1, 1, 1, 1, 1, 1, 1, 1, 1, 1, 1, 1, 1, 1, 1, 1, 2, 1, 1, 1, 1, 1, 1, 2, 1, 1, 1, 1, 2, 1, 1, 1, 1, 1, 1, 1, 1, 1, 2, 1, 1, 1, 1, 1, 1, 1, 1, 1, 1, 2, 3, 1, 1, 1, 2, 1, 1, 1, 1, 1, 1, 1, 2, 1, 1, 1, 1, 2, 1, 1, 1, 1, 1, 1, 1, 1, 1, 1, 1, 1, 1, 1, 1, 1, 1, 1, 1, 1, 1, 1, 1, 1, 1, 1, 1, 1, 1, 1, 1, 1, 1, 1, 1, 1, 1]",120,110,26,True,-1
T16_D4,115,1.0403,"[1, 1, 1, 1, 1, 1, 1, 1, 1, 1, 1, 1, 1, 1, 1, 1, 1, 1, 1, 1, 1, 1, 1, 1, 1, 1, 1, 1, 1, 1, 1, 1, 1, 1, 1, 1, 1, 1, 1, 1, 1, 1, 1, 1, 1, 1, 1, 1, 1, 1, 1, 1, 1, 1, 1, 1, 2, 1, 1, 1, 1, 1, 1, 1, 1, 1, 2, 1, 1, 1, 1, 1, 2, 1, 1, 1, 1, 1, 1, 1, 1, 1, 1, 1, 1, 1, 1, 1, 1, 1, 1, 1, 1, 1, 1, 1, 1, 1, 1, 1, 1, 1, 1, 1, 1, 2, 1, 1, 1, 1, 1, 1, 1, 1, 1, 1, 1, 1, 1, 1, 1, 1, 1, 2]","[0, 0, 0, 0, 0, 0, 0, 0, 0, 0, 0, 0, 0, 0, 0, 0, 0, 0, 0, 0, 0, 0, 0, 0, 0, 0, 0, 0, 0, 0, 0, 0, 0, 0, 0, 0, 0, 0, 0, 0, 0, 0, 0, 0, 0, 0, 0, 0, 0, 0, 0, 0, 0, 0, 0, 0, 1, 0, 0, 0, 0, 0, 0, 0, 0, 0, 1, 0, 0, 0, 0, 0, 1, 0, 0, 0, 0, 0, 0, 0, 0, 0, 0, 0, 0, 0, 0, 0, 0, 0, 0, 0, 0, 0, 0, 0, 0, 0, 0, 0, 0, 0, 0, 0, 0, 1, 0, 0, 0, 0, 0, 0, 0, 0, 0, 0, 0, 0, 0, 0, 0, 0, 0, 1]","[1, 1, 1, 1, 1, 1, 1, 1, 1, 1, 1, 1, 1, 1, 1, 1, 1, 1, 1, 1, 1, 1, 1, 1, 1, 1, 1, 1, 1, 1, 1, 1, 1, 1, 1, 1, 1, 1, 1, 1, 1, 1, 1, 1, 1, 1, 1, 1, 1, 1, 1, 1, 1, 1, 1, 1, 2, 1, 1, 1, 1, 1, 1, 1, 1, 1, 2, 1, 1, 1, 1, 1, 2, 1, 1, 1, 1, 1, 1, 1, 1, 1, 1, 1, 1, 1, 1, 1, 1, 1, 1, 1, 1, 1, 1, 1, 1, 1, 1, 1, 1, 1, 1, 1, 1, 2, 1, 1, 1, 1, 1, 1, 1, 1, 1, 1, 1, 1, 1, 1, 1, 1, 1, 2]",128,124,26,True,-1
T16_D4,116,1.0159,"[1, 1, 1, 1, 1, 1, 1, 1, 1, 1, 1, 1, 1, 1, 1, 1, 1, 1, 1, 1, 1, 1, 1, 1, 1, 1, 1, 1, 1, 1, 1, 1, 1, 1, 1, 1, 1, 1, 1, 1, 1, 1, 1, 1, 1, 1, 1, 1, 1, 1, 1, 1, 1, 1, 1, 1, 1, 1, 1, 1, 1, 1, 1, 1, 1, 1, 1, 1, 1, 1, 1, 1, 1, 1, 1, 1, 1, 1, 1, 1, 1, 1, 1, 1, 1, 1, 1, 1, 1, 1, 2, 1, 1, 1, 1, 1, 1, 1, 1, 1, 1, 1, 1, 1, 1, 1, 1, 1, 1, 1, 1, 1, 1, 1, 1, 1, 1, 1, 1, 1, 1, 1, 1, 1, 1, 2]","[0, 0, 0, 0, 0, 0, 0, 0, 0, 0, 0, 0, 0, 0, 0, 0, 0, 0, 0, 0, 0, 0, 0, 0, 0, 0, 0, 0, 0, 0, 0, 0, 0, 0, 0, 0, 0, 0, 0, 0, 0, 0, 0, 0, 0, 0, 0, 0, 0, 0, 0, 0, 0, 0, 0, 0, 0, 0, 0, 0, 0, 0, 0, 0, 0, 0, 0, 0, 0, 0, 0, 0, 0, 0, 0, 0, 0, 0, 0, 0, 0, 0, 0, 0, 0, 0, 0, 0, 0, 0, 1, 0, 0, 0, 0, 0, 0, 0, 0, 0, 0, 0, 0, 0, 0, 0, 0, 0, 0, 0, 0, 0, 0, 0, 0, 0, 0, 0, 0, 0, 0, 0, 0, 0, 0, 1]","[1, 1, 1, 1, 1, 1, 1, 1, 1, 1, 1, 1, 1, 1, 1, 1, 1, 1, 1, 1, 1, 1, 1, 1, 1, 1, 1, 1, 1, 1, 1, 1, 1, 1, 1, 1, 1, 1, 1, 1, 1, 1, 1, 1, 1, 1, 1, 1, 1, 1, 1, 1, 1, 1, 1, 1, 1, 1, 1, 1, 1, 1, 1, 1, 1, 1, 1, 1, 1, 1, 1, 1, 1, 1, 1, 1, 1, 1, 1, 1, 1, 1, 1, 1, 1, 1, 1, 1, 1, 1, 2, 1, 1, 1, 1, 1, 1, 1, 1, 1, 1, 1, 1, 1, 1, 1, 1, 1, 1, 1, 1, 1, 1, 1, 1, 1, 1, 1, 1, 1, 1, 1, 1, 1, 1, 2]",128,126,26,True,-1
T16_D4,117,1.0357,"[1, 1, 1, 1, 1, 1, 1, 1, 1, 1, 1, 1, 1, 1, 1, 1, 1, 1, 1, 1, 1, 1, 1, 1, 1, 1, 1, 1, 2, 1, 1, 1, 1, 1, 1, 1, 2, 1, 1, 1, 1, 1, 1, 1, 1, 1, 1, 1, 1, 1, 1, 1, 1, 1, 1, 1]","[0, 0, 0, 0, 0, 0, 0, 0, 0, 0, 0, 0, 0, 0, 0, 0, 0, 0, 0, 0, 0, 0, 0, 0, 0, 0, 0, 0, 1, 0, 0, 0, 0, 0, 0, 0, 1, 0, 0, 0, 0, 0, 0, 0, 0, 0, 0, 0, 0, 0, 0, 0, 0, 0, 0, 0]","[1, 1, 1, 1, 1, 1, 1, 1, 1, 1, 1, 1, 1, 1, 1, 1, 1, 1, 1, 1, 1, 1, 1, 1, 1, 1, 1, 1, 2, 1, 1, 1, 1, 1, 1, 1, 2, 1, 1, 1, 1, 1, 1, 1, 1, 1, 1, 1, 1, 1, 1, 1, 1, 1, 1, 1]",58,56,26,True,-1
T16_D4,118,1.1327,"[1, 1, 1, 1, 1, 1, 1, 1, 1, 1, 1, 1, 1, 1, 1, 1, 1, 1, 1, 1, 1, 1, 1, 1, 1, 1, 1, 1, 1, 1, 1, 1, 1, 2, 1, 2, 1, 1, 2, 1, 1, 1, 1, 1, 2, 1, 1, 1, 1, 1, 1, 1, 1, 1, 1, 2, 1, 1, 1, 1, 1, 1, 1, 1, 2, 1, 2, 1, 1, 2, 1, 1, 1, 1, 1, 1, 1, 2, 1, 2, 2, 1, 1, 1, 1, 1, 1, 1, 1, 1, 1, 1, 1, 1, 1, 1, 1, 2, 2, 1, 1, 1, 1, 1, 1, 1, 2, 1, 1, 1, 2, 1, 1]","[0, 0, 0, 0, 0, 0, 0, 0, 0, 0, 0, 0, 0, 0, 0, 0, 0, 0, 0, 0, 0, 0, 0, 0, 0, 0, 0, 0, 0, 0, 0, 0, 0, 1, 0, 1, 0, 0, 1, 0, 0, 0, 0, 0, 1, 0, 0, 0, 0, 0, 0, 0, 0, 0, 0, 1, 0, 0, 0, 0, 0, 0, 0, 0, 1, 0, 1, 0, 0, 1, 0, 0, 0, 0, 0, 0, 0, 1, 0, 1, 1, 0, 0, 0, 0, 0, 0, 0, 0, 0, 0, 0, 0, 0, 0, 0, 0, 1, 1, 0, 0, 0, 0, 0, 0, 0, 1, 0, 0, 0, 1, 0, 0]","[1, 1, 1, 1, 1, 1, 1, 1, 1, 1, 1, 1, 1, 1, 1, 1, 1, 1, 1, 1, 1, 1, 1, 1, 1, 1, 1, 1, 1, 1, 1, 1, 1, 2, 1, 2, 1, 1, 2, 1, 1, 1, 1, 1, 2, 1, 1, 1, 1, 1, 1, 1, 1, 1, 1, 2, 1, 1, 1, 1, 1, 1, 1, 1, 2, 1, 2, 1, 1, 2, 1, 1, 1, 1, 1, 1, 1, 2, 1, 2, 2, 1, 1, 1, 1, 1, 1, 1, 1, 1, 1, 1, 1, 1, 1, 1, 1, 2, 2, 1, 1, 1, 1, 1, 1, 1, 2, 1, 1, 1, 2, 1, 1]",128,113,26,True,-1
T16_D4,119,1.0492,"[1, 1, 1, 1, 1, 1, 1, 1, 1, 1, 1, 1, 1, 2, 1, 1, 1, 1, 1, 1, 1, 1, 1, 1, 1, 1, 1, 1, 1, 1, 1, 2, 1, 1, 1, 1, 1, 1, 1, 1, 1, 1, 1, 1, 1, 1, 1, 1, 1, 1, 1, 1, 1, 1, 1, 1, 1, 1, 1, 1, 1, 1, 1, 1, 1, 1, 1, 1, 1, 1, 1, 1, 1, 1, 1, 1, 1, 1, 1, 1, 1, 1, 1, 1, 1, 1, 2, 1, 1, 1, 1, 1, 1, 1, 1, 1, 1, 1, 1, 2, 1, 1, 1, 1, 1, 1, 1, 1, 2, 1, 1, 1, 1, 1, 1, 1, 1, 1, 2, 1, 1, 1]","[0, 0, 0, 0, 0, 0, 0, 0, 0, 0, 0, 0, 0, 1, 0, 0, 0, 0, 0, 0, 0, 0, 0, 0, 0, 0, 0, 0, 0, 0, 0, 1, 0, 0, 0, 0, 0, 0, 0, 0, 0, 0, 0, 0, 0, 0, 0, 0, 0, 0, 0, 0, 0, 0, 0, 0, 0, 0, 0, 0, 0, 0, 0, 0, 0, 0, 0, 0, 0, 0, 0, 0, 0, 0, 0, 0, 0, 0, 0, 0, 0, 0, 0, 0, 0, 0, 1, 0, 0, 0, 0, 0, 0, 0, 0, 0, 0, 0, 0, 1, 0, 0, 0, 0, 0, 0, 0, 0, 1, 0, 0, 0, 0, 0, 0, 0, 0, 0, 1, 0, 0, 0]","[1, 1, 1, 1, 1, 1, 1, 1, 1, 1, 1, 1, 1, 2, 1, 1, 1, 1, 1, 1, 1, 1, 1, 1, 1, 1, 1, 1, 1, 1, 1, 2, 1, 1, 1, 1, 1, 1, 1, 1, 1, 1, 1, 1, 1, 1, 1, 1, 1, 1, 1, 1, 1, 1, 1, 1, 1, 1, 1, 1, 1, 1, 1, 1, 1, 1, 1, 1, 1, 1, 1, 1, 1, 1, 1, 1, 1, 1, 1, 1, 1, 1, 1, 1, 1, 1, 2, 1, 1, 1, 1, 1, 1, 1, 1, 1, 1, 1, 1, 2, 1, 1, 1, 1, 1, 1, 1, 1, 2, 1, 1, 1, 1, 1, 1, 1, 1, 1, 2, 1, 1, 1]",128,122,26,False,11
T16_D4,120,1.0407,"[1, 1, 1, 1, 1, 1, 1, 1, 1, 1, 1, 1, 1, 1, 1, 1, 1, 1, 2, 1, 1, 1, 1, 1, 1, 1, 1, 1, 1, 1, 1, 1, 1, 1, 1, 1, 1, 1, 1, 1, 1, 1, 1, 1, 1, 1, 1, 1, 1, 1, 1, 1, 1, 1, 1, 1, 1, 1, 1, 1, 1, 1, 1, 1, 1, 1, 1, 1, 1, 1, 1, 1, 1, 1, 2, 1, 1, 1, 1, 1, 1, 1, 1, 2, 1, 1, 1, 1, 2, 1, 1, 1, 1, 1, 1, 1, 1, 1, 2, 1, 1, 1, 1, 1, 1, 1, 1, 1, 1, 1, 1, 1, 1, 1, 1, 1, 1, 1, 1, 1, 1, 1, 1]","[0, 0, 0, 0, 0, 0, 0, 0, 0, 0, 0, 0, 0, 0, 0, 0, 0, 0, 1, 0, 0, 0, 0, 0, 0, 0, 0, 0, 0, 0, 0, 0, 0, 0, 0, 0, 0, 0, 0, 0, 0, 0, 0, 0, 0, 0, 0, 0, 0, 0, 0, 0, 0, 0, 0, 0, 0, 0, 0, 0, 0, 0, 0, 0, 0, 0, 0, 0, 0, 0, 0, 0, 0, 0, 1, 0, 0, 0, 0, 0, 0, 0, 0, 1, 0, 0, 0, 0, 1, 0, 0, 0, 0, 0, 0, 0, 0, 0, 1, 0, 0, 0, 0, 0, 0, 0, 0, 0, 0, 0, 0, 0, 0, 0, 0, 0, 0, 0, 0, 0, 0, 0, 0]","[1, 1, 1, 1, 1, 1, 1, 1, 1, 1, 1, 1, 1, 1, 1, 1, 1, 1, 2, 1, 1, 1, 1, 1, 1, 1, 1, 1, 1, 1, 1, 1, 1, 1, 1, 1, 1, 1, 1, 1, 1, 1, 1, 1, 1, 1, 1, 1, 1, 1, 1, 1, 1, 1, 1, 1, 1, 1, 1, 1, 1, 1, 1, 1, 1, 1, 1, 1, 1, 1, 1, 1, 1, 1, 2, 1, 1, 1, 1, 1, 1, 1, 1, 2, 1, 1, 1, 1, 2, 1, 1, 1, 1, 1, 1, 1, 1, 1, 2, 1, 1, 1, 1, 1, 1, 1, 1, 1, 1, 1, 1, 1, 1, 1, 1, 1, 1, 1, 1, 1, 1, 1, 1]",128,123,26,True,-1
T16_D4,121,1.0667,"[1, 1, 1, 1, 1, 1, 1, 1, 1, 1, 1, 1, 1, 1, 1, 2, 1, 2, 1, 1, 1, 1, 1, 1, 1, 1, 1, 1, 1, 1, 1, 1, 2, 1, 1, 1, 1, 1, 1, 1, 1, 1, 1, 1, 1, 1, 1, 1, 1, 1, 1, 1, 1, 1, 1, 1, 1, 1, 1, 1, 2, 1, 1, 1, 2, 1, 1, 1, 1, 1, 1, 1, 1, 1, 2, 1, 1, 1, 1, 1, 1, 1, 1, 1, 1, 1, 2, 1, 1, 1, 1, 1, 1, 1, 1, 1, 1, 1, 1, 1, 1, 1, 1, 1, 1, 1, 1, 1, 1, 1, 2, 1, 1, 1, 1, 1, 1, 1, 1, 1]","[0, 0, 0, 0, 0, 0, 0, 0, 0, 0, 0, 0, 0, 0, 0, 1, 0, 1, 0, 0, 0, 0, 0, 0, 0, 0, 0, 0, 0, 0, 0, 0, 1, 0, 0, 0, 0, 0, 0, 0, 0, 0, 0, 0, 0, 0, 0, 0, 0, 0, 0, 0, 0, 0, 0, 0, 0, 0, 0, 0, 1, 0, 0, 0, 1, 0, 0, 0, 0, 0, 0, 0, 0, 0, 1, 0, 0, 0, 0, 0, 0, 0, 0, 0, 0, 0, 1, 0, 0, 0, 0, 0, 0, 0, 0, 0, 0, 0, 0, 0, 0, 0, 0, 0, 0, 0, 0, 0, 0, 0, 1, 0, 0, 0, 0, 0, 0, 0, 0, 0]","[1, 1, 1, 1, 1, 1, 1, 1, 1, 1, 1, 1, 1, 1, 1, 2, 1, 2, 1, 1, 1, 1, 1, 1, 1, 1, 1, 1, 1, 1, 1, 1, 2, 1, 1, 1, 1, 1, 1, 1, 1, 1, 1, 1, 1, 1, 1, 1, 1, 1, 1, 1, 1, 1, 1, 1, 1, 1, 1, 1, 2, 1, 1, 1, 2, 1, 1, 1, 1, 1, 1, 1, 1, 1, 2, 1, 1, 1, 1, 1, 1, 1, 1, 1, 1, 1, 2, 1, 1, 1, 1, 1, 1, 1, 1, 1, 1, 1, 1, 1, 1, 1, 1, 1, 1, 1, 1, 1, 1, 1, 2, 1, 1, 1, 1, 1, 1, 1, 1, 1]",128,120,26,True,-1
T16_D4,122,1.0407,"[1, 1, 1, 1, 1, 1, 1, 1, 1, 1, 1, 1, 1, 1, 1, 1, 1, 1, 1, 1, 1, 1, 1, 1, 1, 1, 1, 1, 1, 1, 1, 1, 1, 1, 1, 1, 1, 1, 1, 1, 1, 1, 1, 1, 1, 1, 2, 1, 1, 1, 1, 1, 1, 1, 1, 1, 2, 2, 1, 1, 1, 1, 1, 1, 1, 1, 1, 2, 1, 1, 1, 1, 1, 1, 1, 1, 1, 1, 1, 1, 1, 1, 1, 1, 1, 1, 1, 1, 1, 1, 1, 1, 1, 1, 1, 1, 1, 1, 1, 1, 1, 1, 1, 1, 1, 1, 1, 1, 1, 1, 2, 1, 1, 1, 1, 1, 1, 1, 1, 1, 1, 1, 1]","[0, 0, 0, 0, 0, 0, 0, 0, 0, 0, 0, 0, 0, 0, 0, 0, 0, 0, 0, 0, 0, 0, 0, 0, 0, 0, 0, 0, 0, 0, 0, 0, 0, 0, 0, 0, 0, 0, 0, 0, 0, 0, 0, 0, 0, 0, 1, 0, 0, 0, 0, 0, 0, 0, 0, 0, 1, 1, 0, 0, 0, 0, 0, 0, 0, 0, 0, 1, 0, 0, 0, 0, 0, 0, 0, 0, 0, 0, 0, 0, 0, 0, 0, 0, 0, 0, 0, 0, 0, 0, 0, 0, 0, 0, 0, 0, 0, 0, 0, 0, 0, 0, 0, 0, 0, 0, 0, 0, 0, 0, 1, 0, 0, 0, 0, 0, 0, 0, 0, 0, 0, 0, 0]","[1, 1, 1, 1, 1, 1, 1, 1, 1, 1, 1, 1, 1, 1, 1, 1, 1, 1, 1, 1, 1, 1, 1, 1, 1, 1, 1, 1, 1, 1, 1, 1, 1, 1, 1, 1, 1, 1, 1, 1, 1, 1, 1, 1, 1, 1, 2, 1, 1, 1, 1, 1, 1, 1, 1, 1, 2, 2, 1, 1, 1, 1, 1, 1, 1, 1, 1, 2, 1, 1, 1, 1, 1, 1, 1, 1, 1, 1, 1, 1, 1, 1, 1, 1, 1, 1, 1, 1, 1, 1, 1, 1, 1, 1, 1, 1, 1, 1, 1, 1, 1, 1, 1, 1, 1, 1, 1, 1, 1, 1, 2, 1, 1, 1, 1, 1, 1, 1, 1, 1, 1, 1, 1]",128,123,26,True,-1
T16_D4,123,1.094,"[1, 1, 1, 1, 1, 1, 1, 1, 1, 1, 1, 1, 1, 1, 1, 1, 1, 1, 1, 1, 1, 1, 2, 1, 1, 1, 1, 2, 1, 1, 1, 2, 1, 1, 1, 1, 1, 1, 1, 1, 1, 1, 1, 1, 1, 1, 1, 1, 1, 1, 1, 1, 1, 1, 1, 1, 1, 1, 2, 1, 1, 2, 1, 1, 2, 1, 1, 1, 1, 1, 1, 1, 1, 1, 1, 1, 1, 2, 1, 1, 1, 1, 1, 1, 1, 1, 1, 1, 1, 1, 1, 1, 1, 1, 2, 1, 1, 1, 1, 1, 1, 1, 1, 1, 2, 2, 1, 1, 2, 1, 1, 1, 1, 1, 1, 1, 1]","[0, 0, 0, 0, 0, 0, 0, 0, 0, 0, 0, 0, 0, 0, 0, 0, 0, 0, 0, 0, 0, 0, 1, 0, 0, 0, 0, 1, 0, 0, 0, 1, 0, 0, 0, 0, 0, 0, 0, 0, 0, 0, 0, 0, 0, 0, 0, 0, 0, 0, 0, 0, 0, 0, 0, 0, 0, 0, 1, 0, 0, 1, 0, 0, 1, 0, 0, 0, 0, 0, 0, 0, 0, 0, 0, 0, 0, 1, 0, 0, 0, 0, 0, 0, 0, 0, 0, 0, 0, 0, 0, 0, 0, 0, 1, 0, 0, 0, 0, 0, 0, 0, 0, 0, 1, 1, 0, 0, 1, 0, 0, 0, 0, 0, 0, 0, 0]","[1, 1, 1, 1, 1, 1, 1, 1, 1, 1, 1, 1, 1, 1, 1, 1, 1, 1, 1, 1, 1, 1, 2, 1, 1, 1, 1, 2, 1, 1, 1, 2, 1, 1, 1, 1, 1, 1, 1, 1, 1, 1, 1, 1, 1, 1, 1, 1, 1, 1, 1, 1, 1, 1, 1, 1, 1, 1, 2, 1, 1, 2, 1, 1, 2, 1, 1, 1, 1, 1, 1, 1, 1, 1, 1, 1, 1, 2, 1, 1, 1, 1, 1, 1, 1, 1, 1, 1, 1, 1, 1, 1, 1, 1, 2, 1, 1, 1, 1, 1, 1, 1, 1, 1, 2, 2, 1, 1, 2, 1, 1, 1, 1, 1, 1, 1, 1]",128,117,26,True,-1
T16_D4,124,1.0407,"[1, 1, 1, 1, 1, 1, 1, 1, 1, 1, 1, 1, 1, 1, 1, 1, 1, 1, 1, 1, 1, 1, 1, 1, 1, 1, 1, 2, 1, 1, 1, 1, 1, 1, 1, 1, 1, 1, 1, 2, 1, 1, 1, 1, 1, 1, 1, 1, 1, 1, 1, 1, 2, 1, 1, 1, 1, 1, 1, 1, 1, 1, 1, 1, 1, 1, 1, 1, 1, 1, 1, 1, 1, 1, 1, 1, 1, 1, 1, 1, 1, 1, 1, 1, 1, 1, 1, 1, 1, 1, 1, 1, 1, 1, 1, 1, 1, 1, 1, 1, 1, 1, 1, 1, 1, 1, 1, 1, 1, 1, 2, 1, 1, 1, 1, 1, 1, 1, 1, 1, 1, 2, 1]","[0, 0, 0, 0, 0, 0, 0, 0, 0, 0, 0, 0, 0, 0, 0, 0, 0, 0, 0, 0, 0, 0, 0, 0, 0, 0, 0, 1, 0, 0, 0, 0, 0, 0, 0, 0, 0, 0, 0, 1, 0, 0, 0, 0, 0, 0, 0, 0, 0, 0, 0, 0, 1, 0, 0, 0, 0, 0, 0, 0, 0, 0, 0, 0, 0, 0, 0, 0, 0, 0, 0, 0, 0, 0, 0, 0, 0, 0, 0, 0, 0, 0, 0, 0, 0, 0, 0, 0, 0, 0, 0, 0, 0, 0, 0, 0, 0, 0, 0, 0, 0, 0, 0, 0, 0, 0, 0, 0, 0, 0, 1, 0, 0, 0, 0, 0, 0, 0, 0, 0, 0, 1, 0]","[1, 1, 1, 1, 1, 1, 1, 1, 1, 1, 1, 1, 1, 1, 1, 1, 1, 1, 1, 1, 1, 1, 1, 1, 1, 1, 1, 2, 1, 1, 1, 1, 1, 1, 1, 1, 1, 1, 1, 2, 1, 1, 1, 1, 1, 1, 1, 1, 1, 1, 1, 1, 2, 1, 1, 1, 1, 1, 1, 1, 1, 1, 1, 1, 1, 1, 1, 1, 1, 1, 1, 1, 1, 1, 1, 1, 1, 1, 1, 1, 1, 1, 1, 1, 1, 1, 1, 1, 1, 1, 1, 1, 1, 1, 1, 1, 1, 1, 1, 1, 1, 1, 1, 1, 1, 1, 1, 1, 1, 1, 2, 1, 1, 1, 1, 1, 1, 1, 1, 1, 1, 2, 1]",128,123,26,True,-1
T16_D4,125,1.0579,"[1, 1, 1, 1, 1, 1, 1, 1, 1, 1, 1, 1, 1, 1, 1, 2, 1, 1, 1, 1, 1, 1, 1, 1, 1, 1, 2, 1, 1, 1, 1, 1, 1, 1, 1, 1, 1, 1, 1, 1, 1, 1, 1, 1, 1, 1, 1, 1, 1, 1, 1, 1, 1, 1, 1, 1, 1, 1, 1, 1, 1, 2, 1, 2, 1, 1, 2, 1, 1, 2, 1, 1, 1, 1, 1, 1, 1, 1, 1, 1, 1, 1, 1, 1, 1, 1, 1, 1, 1, 1, 1, 1, 1, 1, 1, 1, 1, 1, 1, 1, 1, 1, 1, 1, 1, 1, 1, 1, 1, 1, 1, 1, 1, 1, 1, 1, 1, 2, 1, 1, 1]","[0, 0, 0, 0, 0, 0, 0, 0, 0, 0, 0, 0, 0, 0, 0, 1, 0, 0, 0, 0, 0, 0, 0, 0, 0, 0, 1, 0, 0, 0, 0, 0, 0, 0, 0, 0, 0, 0, 0, 0, 0, 0, 0, 0, 0, 0, 0, 0, 0, 0, 0, 0, 0, 0, 0, 0, 0, 0, 0, 0, 0, 1, 0, 1, 0, 0, 1, 0, 0, 1, 0, 0, 0, 0, 0, 0, 0, 0, 0, 0, 0, 0, 0, 0, 0, 0, 0, 0, 0, 0, 0, 0, 0, 0, 0, 0, 0, 0, 0, 0, 0, 0, 0, 0, 0, 0, 0, 0, 0, 0, 0, 0, 0, 0, 0, 0, 0, 1, 0, 0, 0]","[1, 1, 1, 1, 1, 1, 1, 1, 1, 1, 1, 1, 1, 1, 1, 2, 1, 1, 1, 1, 1, 1, 1, 1, 1, 1, 2, 1, 1, 1, 1, 1, 1, 1, 1, 1, 1, 1, 1, 1, 1, 1, 1, 1, 1, 1, 1, 1, 1, 1, 1, 1, 1, 1, 1, 1, 1, 1, 1, 1, 1, 2, 1, 2, 1, 1, 2, 1, 1, 2, 1, 1, 1, 1, 1, 1, 1, 1, 1, 1, 1, 1, 1, 1, 1, 1, 1, 1, 1, 1, 1, 1, 1, 1, 1, 1, 1, 1, 1, 1, 1, 1, 1, 1, 1, 1, 1, 1, 1, 1, 1, 1, 1, 1, 1, 1, 1, 2, 1, 1, 1]",128,121,26,True,-1
T16_D4,126,1.0579,"[1, 1, 1, 1, 1, 1, 1, 1, 1, 1, 1, 2, 1, 1, 1, 1, 1, 1, 1, 1, 1, 1, 1, 1, 1, 1, 1, 1, 1, 1, 1, 1, 1, 1, 1, 1, 1, 1, 1, 1, 1, 1, 2, 1, 1, 1, 1, 1, 1, 1, 1, 1, 1, 1, 1, 1, 1, 1, 1, 1, 1, 1, 1, 1, 1, 1, 1, 1, 2, 1, 1, 2, 1, 1, 1, 1, 1, 1, 1, 1, 2, 1, 1, 1, 1, 1, 1, 1, 1, 1, 1, 1, 2, 1, 1, 1, 1, 1, 1, 1, 1, 1, 1, 1, 1, 1, 1, 1, 1, 1, 2, 1, 1, 1, 1, 1, 1, 1, 1, 1, 1]","[0, 0, 0, 0, 0, 0, 0, 0, 0, 0, 0, 1, 0, 0, 0, 0, 0, 0, 0, 0, 0, 0, 0, 0, 0, 0, 0, 0, 0, 0, 0, 0, 0, 0, 0, 0, 0, 0, 0, 0, 0, 0, 1, 0, 0, 0, 0, 0, 0, 0, 0, 0, 0, 0, 0, 0, 0, 0, 0, 0, 0, 0, 0, 0, 0, 0, 0, 0, 1, 0, 0, 1, 0, 0, 0, 0, 0, 0, 0, 0, 1, 0, 0, 0, 0, 0, 0, 0, 0, 0, 0, 0, 1, 0, 0, 0, 0, 0, 0, 0, 0, 0, 0, 0, 0, 0, 0, 0, 0, 0, 1, 0, 0, 0, 0, 0, 0, 0, 0, 0, 0]","[1, 1, 1, 1, 1, 1, 1, 1, 1, 1, 1, 2, 1, 1, 1, 1, 1, 1, 1, 1, 1, 1, 1, 1, 1, 1, 1, 1, 1, 1, 1, 1, 1, 1, 1, 1, 1, 1, 1, 1, 1, 1, 2, 1, 1, 1, 1, 1, 1, 1, 1, 1, 1, 1, 1, 1, 1, 1, 1, 1, 1, 1, 1, 1, 1, 1, 1, 1, 2, 1, 1, 2, 1, 1, 1, 1, 1, 1, 1, 1, 2, 1, 1, 1, 1, 1, 1, 1, 1, 1, 1, 1, 2, 1, 1, 1, 1, 1, 1, 1, 1, 1, 1, 1, 1, 1, 1, 1, 1, 1, 2, 1, 1, 1, 1, 1, 1, 1, 1, 1, 1]",128,121,26,True,-1
T16_D4,127,1.0492,"[1, 1, 1, 1, 1, 1, 1, 1, 1, 1, 1, 1, 1, 1, 1, 2, 1, 2, 1, 1, 1, 1, 1, 1, 1, 1, 1, 1, 1, 1, 1, 1, 1, 1, 1, 1, 1, 1, 2, 1, 1, 1, 1, 1, 1, 1, 1, 1, 1, 1, 1, 1, 1, 1, 1, 1, 1, 1, 1, 1, 1, 1, 1, 1, 1, 1, 1, 1, 1, 1, 1, 1, 1, 1, 1, 1, 1, 1, 1, 1, 1, 1, 1, 1, 1, 1, 2, 1, 1, 1, 1, 1, 1, 1, 1, 1, 1, 1, 1, 1, 1, 1, 1, 1, 1, 1, 2, 1, 1, 1, 1, 2, 1, 1, 1, 1, 1, 1, 1, 1, 1, 1]","[0, 0, 0, 0, 0, 0, 0, 0, 0, 0, 0, 0, 0, 0, 0, 1, 0, 1, 0, 0, 0, 0, 0, 0, 0, 0, 0, 0, 0, 0, 0, 0, 0, 0, 0, 0, 0, 0, 1, 0, 0, 0, 0, 0, 0, 0, 0, 0, 0, 0, 0, 0, 0, 0, 0, 0, 0, 0, 0, 0, 0, 0, 0, 0, 0, 0, 0, 0, 0, 0, 0, 0, 0, 0, 0, 0, 0, 0, 0, 0, 0, 0, 0, 0, 0, 0, 1, 0, 0, 0, 0, 0, 0, 0, 0, 0, 0, 0, 0, 0, 0, 0, 0, 0, 0, 0, 1, 0, 0, 0, 0, 1, 0, 0, 0, 0, 0, 0, 0, 0, 0, 0]","[1, 1, 1, 1, 1, 1, 1, 1, 1, 1, 1, 1, 1, 1, 1, 2, 1, 2, 1, 1, 1, 1, 1, 1, 1, 1, 1, 1, 1, 1, 1, 1, 1, 1, 1, 1, 1, 1, 2, 1, 1, 1, 1, 1, 1, 1, 1, 1, 1, 1, 1, 1, 1, 1, 1, 1, 1, 1, 1, 1, 1, 1, 1, 1, 1, 1, 1, 1, 1, 1, 1, 1, 1, 1, 1, 1, 1, 1, 1, 1, 1, 1, 1, 1, 1, 1, 2, 1, 1, 1, 1, 1, 1, 1, 1, 1, 1, 1, 1, 1, 1, 1, 1, 1, 1, 1, 2, 1, 1, 1, 1, 2, 1, 1, 1, 1, 1, 1, 1, 1, 1, 1]",128,122,26,True,-1
T16_D4,128,1.0407,"[1, 1, 1, 1, 1, 1, 1, 1, 1, 1, 1, 1, 1, 1, 1, 1, 2, 1, 1, 1, 1, 1, 1, 1, 1, 2, 1, 1, 1, 1, 1, 1, 1, 1, 1, 1, 1, 1, 1, 1, 1, 1, 1, 1, 1, 1, 1, 1, 1, 1, 1, 1, 1, 1, 1, 1, 1, 1, 1, 1, 1, 1, 1, 1, 1, 1, 2, 1, 1, 1, 1, 1, 1, 1, 1, 1, 1, 1, 1, 1, 1, 1, 1, 1, 1, 1, 1, 1, 1, 1, 1, 2, 1, 1, 1, 1, 1, 2, 1, 1, 1, 1, 1, 1, 1, 1, 1, 1, 1, 1, 1, 1, 1, 1, 1, 1, 1, 1, 1, 1, 1, 1, 1]","[0, 0, 0, 0, 0, 0, 0, 0, 0, 0, 0, 0, 0, 0, 0, 0, 1, 0, 0, 0, 0, 0, 0, 0, 0, 1, 0, 0, 0, 0, 0, 0, 0, 0, 0, 0, 0, 0, 0, 0, 0, 0, 0, 0, 0, 0, 0, 0, 0, 0, 0, 0, 0, 0, 0, 0, 0, 0, 0, 0, 0, 0, 0, 0, 0, 0, 1, 0, 0, 0, 0, 0, 0, 0, 0, 0, 0, 0, 0, 0, 0, 0, 0, 0, 0, 0, 0, 0, 0, 0, 0, 1, 0, 0, 0, 0, 0, 1, 0, 0, 0, 0, 0, 0, 0, 0, 0, 0, 0, 0, 0, 0, 0, 0, 0, 0, 0, 0, 0, 0, 0, 0, 0]","[1, 1, 1, 1, 1, 1, 1, 1, 1, 1, 1, 1, 1, 1, 1, 1, 2, 1, 1, 1, 1, 1, 1, 1, 1, 2, 1, 1, 1, 1, 1, 1, 1, 1, 1, 1, 1, 1, 1, 1, 1, 1, 1, 1, 1, 1, 1, 1, 1, 1, 1, 1, 1, 1, 1, 1, 1, 1, 1, 1, 1, 1, 1, 1, 1, 1, 2, 1, 1, 1, 1, 1, 1, 1, 1, 1, 1, 1, 1, 1, 1, 1, 1, 1, 1, 1, 1, 1, 1, 1, 1, 2, 1, 1, 1, 1, 1, 2, 1, 1, 1, 1, 1, 1, 1, 1, 1, 1, 1, 1, 1, 1, 1, 1, 1, 1, 1, 1, 1, 1, 1, 1, 1]",128,123,26,True,-1
T16_D4,129,1.0756,"[1, 1, 1, 1, 1, 1, 1, 1, 1, 1, 1, 1, 1, 1, 1, 1, 1, 1, 1, 1, 1, 1, 1, 2, 1, 2, 1, 1, 1, 1, 1, 2, 1, 1, 1, 1, 1, 1, 1, 1, 1, 1, 1, 1, 1, 1, 1, 1, 1, 1, 1, 1, 1, 1, 1, 1, 1, 1, 1, 1, 1, 1, 1, 1, 1, 1, 1, 1, 2, 1, 1, 1, 1, 1, 1, 1, 1, 1, 1, 1, 1, 1, 1, 1, 1, 1, 1, 1, 1, 1, 1, 1, 1, 1, 1, 1, 1, 1, 1, 1, 1, 2, 1, 1, 1, 1, 2, 1, 1, 1, 1, 2, 1, 2, 1, 1, 1, 1, 2]","[0, 0, 0, 0, 0, 0, 0, 0, 0, 0, 0, 0, 0, 0, 0, 0, 0, 0, 0, 0, 0, 0, 0, 1, 0, 1, 0, 0, 0, 0, 0, 1, 0, 0, 0, 0, 0, 0, 0, 0, 0, 0, 0, 0, 0, 0, 0, 0, 0, 0, 0, 0, 0, 0, 0, 0, 0, 0, 0, 0, 0, 0, 0, 0, 0, 0, 0, 0, 1, 0, 0, 0, 0, 0, 0, 0, 0, 0, 0, 0, 0, 0, 0, 0, 0, 0, 0, 0, 0, 0, 0, 0, 0, 0, 0, 0, 0, 0, 0, 0, 0, 1, 0, 0, 0, 0, 1, 0, 0, 0, 0, 1, 0, 1, 0, 0, 0, 0, 1]","[1, 1, 1, 1, 1, 1, 1, 1, 1, 1, 1, 1, 1, 1, 1, 1, 1, 1, 1, 1, 1, 1, 1, 2, 1, 2, 1, 1, 1, 1, 1, 2, 1, 1, 1, 1, 1, 1, 1, 1, 1, 1, 1, 1, 1, 1, 1, 1, 1, 1, 1, 1, 1, 1, 1, 1, 1, 1, 1, 1, 1, 1, 1, 1, 1, 1, 1, 1, 2, 1, 1, 1, 1, 1, 1, 1, 1, 1, 1, 1, 1, 1, 1, 1, 1, 1, 1, 1, 1, 1, 1, 1, 1, 1, 1, 1, 1, 1, 1, 1, 1, 2, 1, 1, 1, 1, 2, 1, 1, 1, 1, 2, 1, 2, 1, 1, 1, 1, 2]",128,119,26,False,123
T16_D4,130,1.024,"[1, 1, 1, 1, 1, 1, 1, 1, 1, 1, 1, 1, 1, 1, 1, 1, 1, 1, 1, 1, 1, 1, 1, 1, 1, 1, 1, 1, 1, 1, 1, 1, 1, 1, 1, 1, 1, 2, 1, 1, 1, 1, 2, 1, 1, 1, 2, 1, 1, 1, 1, 1, 1, 1, 1, 1, 1, 1, 1, 1, 1, 1, 1, 1, 1, 1, 1, 1, 1, 1, 1, 1, 1, 1, 1, 1, 1, 1, 1, 1, 1, 1, 1, 1, 1, 1, 1, 1, 1, 1, 1, 1, 1, 1, 1, 1, 1, 1, 1, 1, 1, 1, 1, 1, 1, 1, 1, 1, 1, 1, 1, 1, 1, 1, 1, 1, 1, 1, 1, 1, 1, 1, 1, 1, 1]","[0, 0, 0, 0, 0, 0, 0, 0, 0, 0, 0, 0, 0, 0, 0, 0, 0, 0, 0, 0, 0, 0, 0, 0, 0, 0, 0, 0, 0, 0, 0, 0, 0, 0, 0, 0, 0, 1, 0, 0, 0, 0, 1, 0, 0, 0, 1, 0, 0, 0, 0, 0, 0, 0, 0, 0, 0, 0, 0, 0, 0, 0, 0, 0, 0, 0, 0, 0, 0, 0, 0, 0, 0, 0, 0, 0, 0, 0, 0, 0, 0, 0, 0, 0, 0, 0, 0, 0, 0, 0, 0, 0, 0, 0, 0, 0, 0, 0, 0, 0, 0, 0, 0, 0, 0, 0, 0, 0, 0, 0, 0, 0, 0, 0, 0, 0, 0, 0, 0, 0, 0, 0, 0, 0, 0]","[1, 1, 1, 1, 1, 1, 1, 1, 1, 1, 1, 1, 1, 1, 1, 1, 1, 1, 1, 1, 1, 1, 1, 1, 1, 1, 1, 1, 1, 1, 1, 1, 1, 1, 1, 1, 1, 2, 1, 1, 1, 1, 2, 1, 1, 1, 2, 1, 1, 1, 1, 1, 1, 1, 1, 1, 1, 1, 1, 1, 1, 1, 1, 1, 1, 1, 1, 1, 1, 1, 1, 1, 1, 1, 1, 1, 1, 1, 1, 1, 1, 1, 1, 1, 1, 1, 1, 1, 1, 1, 1, 1, 1, 1, 1, 1, 1, 1, 1, 1, 1, 1, 1, 1, 1, 1, 1, 1, 1, 1, 1, 1, 1, 1, 1, 1, 1, 1, 1, 1, 1, 1, 1, 1, 1]",128,125,26,True,-1
T16_D4,131,1.1429,"[1, 1, 1, 1, 1, 1, 1, 1, 1, 1, 1, 1, 1, 1, 1, 1, 1, 1, 1, 1, 1, 1, 1, 1, 1, 1, 2, 1, 2, 2, 2, 1, 1, 1, 1, 2, 1, 1, 1, 1, 1, 2, 2, 1, 1, 1, 2, 1, 2, 1, 1, 1, 2, 1, 2, 1, 1, 1, 2, 1, 1, 2, 1, 1, 1, 1, 1, 1, 1, 1, 1, 1, 1, 1, 1, 2, 1, 1, 1, 1, 1, 1, 1, 1, 1, 1, 1, 1, 1, 1, 1, 1, 1, 1, 1, 1, 1, 1, 1, 1, 2, 1, 1, 1, 1, 1, 1, 1, 2, 1, 1, 1]","[0, 0, 0, 0, 0, 0, 0, 0, 0, 0, 0, 0, 0, 0, 0, 0, 0, 0, 0, 0, 0, 0, 0, 0, 0, 0, 1, 0, 1, 1, 1, 0, 0, 0, 0, 1, 0, 0, 0, 0, 0, 1, 1, 0, 0, 0, 1, 0, 1, 0, 0, 0, 1, 0, 1, 0, 0, 0, 1, 0, 0, 1, 0, 0, 0, 0, 0, 0, 0, 0, 0, 0, 0, 0, 0, 1, 0, 0, 0, 0, 0, 0, 0, 0, 0, 0, 0, 0, 0, 0, 0, 0, 0, 0, 0, 0, 0, 0, 0, 0, 1, 0, 0, 0, 0, 0, 0, 0, 1, 0, 0, 0]","[1, 1, 1, 1, 1, 1, 1, 1, 1, 1, 1, 1, 1, 1, 1, 1, 1, 1, 1, 1, 1, 1, 1, 1, 1, 1, 2, 1, 2, 2, 2, 1, 1, 1, 1, 2, 1, 1, 1, 1, 1, 2, 2, 1, 1, 1, 2, 1, 2, 1, 1, 1, 2, 1, 2, 1, 1, 1, 2, 1, 1, 2, 1, 1, 1, 1, 1, 1, 1, 1, 1, 1, 1, 1, 1, 2, 1, 1, 1, 1, 1, 1, 1, 1, 1, 1, 1, 1, 1, 1, 1, 1, 1, 1, 1, 1, 1, 1, 1, 1, 2, 1, 1, 1, 1, 1, 1, 1, 2, 1, 1, 1]",128,112,26,True,-1
T16_D4,132,1.0579,"[1, 1, 1, 1, 1, 1, 1, 1, 1, 1, 1, 1, 2, 1, 1, 1, 1, 1, 1, 2, 1, 1, 1, 1, 1, 1, 1, 1, 1, 1, 1, 1, 1, 1, 1, 1, 1, 1, 1, 1, 1, 1, 1, 1, 1, 1, 1, 1, 1, 1, 1, 1, 1, 2, 1, 1, 1, 1, 1, 1, 1, 1, 1, 1, 1, 2, 1, 1, 1, 1, 1, 1, 1, 1, 1, 1, 1, 1, 1, 1, 1, 1, 1, 1, 1, 1, 1, 1, 1, 1, 1, 1, 1, 1, 1, 1, 1, 1, 1, 1, 1, 1, 1, 1, 2, 2, 1, 1, 1, 1, 1, 2, 1, 1, 1, 1, 1, 1, 1, 1, 1]","[0, 0, 0, 0, 0, 0, 0, 0, 0, 0, 0, 0, 1, 0, 0, 0, 0, 0, 0, 1, 0, 0, 0, 0, 0, 0, 0, 0, 0, 0, 0, 0, 0, 0, 0, 0, 0, 0, 0, 0, 0, 0, 0, 0, 0, 0, 0, 0, 0, 0, 0, 0, 0, 1, 0, 0, 0, 0, 0, 0, 0, 0, 0, 0, 0, 1, 0, 0, 0, 0, 0, 0, 0, 0, 0, 0, 0, 0, 0, 0, 0, 0, 0, 0, 0, 0, 0, 0, 0, 0, 0, 0, 0, 0, 0, 0, 0, 0, 0, 0, 0, 0, 0, 0, 1, 1, 0, 0, 0, 0, 0, 1, 0, 0, 0, 0, 0, 0, 0, 0, 0]","[1, 1, 1, 1, 1, 1, 1, 1, 1, 1, 1, 1, 2, 1, 1, 1, 1, 1, 1, 2, 1, 1, 1, 1, 1, 1, 1, 1, 1, 1, 1, 1, 1, 1, 1, 1, 1, 1, 1, 1, 1, 1, 1, 1, 1, 1, 1, 1, 1, 1, 1, 1, 1, 2, 1, 1, 1, 1, 1, 1, 1, 1, 1, 1, 1, 2, 1, 1, 1, 1, 1, 1, 1, 1, 1, 1, 1, 1, 1, 1, 1, 1, 1, 1, 1, 1, 1, 1, 1, 1, 1, 1, 1, 1, 1, 1, 1, 1, 1, 1, 1, 1, 1, 1, 2, 2, 1, 1, 1, 1, 1, 2, 1, 1, 1, 1, 1, 1, 1, 1, 1]",128,121,26,True,-1
T16_D4,133,1.0492,"[1, 1, 1, 1, 1, 1, 1, 1, 1, 2, 1, 1, 1, 2, 1, 1, 1, 1, 1, 1, 1, 1, 1, 1, 1, 1, 1, 1, 1, 1, 1, 1, 1, 1, 1, 1, 1, 1, 1, 1, 1, 1, 1, 1, 1, 1, 1, 1, 1, 1, 1, 1, 1, 1, 1, 1, 1, 1, 1, 1, 1, 1, 1, 1, 1, 2, 1, 1, 1, 1, 1, 1, 1, 1, 1, 1, 1, 1, 1, 1, 1, 1, 1, 1, 1, 1, 1, 1, 1, 1, 1, 1, 1, 1, 2, 1, 1, 1, 1, 1, 1, 1, 2, 1, 1, 1, 1, 1, 1, 1, 1, 1, 2, 1, 1, 1, 1, 1, 1, 1, 1, 1]","[0, 0, 0, 0, 0, 0, 0, 0, 0, 1, 0, 0, 0, 1, 0, 0, 0, 0, 0, 0, 0, 0, 0, 0, 0, 0, 0, 0, 0, 0, 0, 0, 0, 0, 0, 0, 0, 0, 0, 0, 0, 0, 0, 0, 0, 0, 0, 0, 0, 0, 0, 0, 0, 0, 0, 0, 0, 0, 0, 0, 0, 0, 0, 0, 0, 1, 0, 0, 0, 0, 0, 0, 0, 0, 0, 0, 0, 0, 0, 0, 0, 0, 0, 0, 0, 0, 0, 0, 0, 0, 0, 0, 0, 0, 1, 0, 0, 0, 0, 0, 0, 0, 1, 0, 0, 0, 0, 0, 0, 0, 0, 0, 1, 0, 0, 0, 0, 0, 0, 0, 0, 0]","[1, 1, 1, 1, 1, 1, 1, 1, 1, 2, 1, 1, 1, 2, 1, 1, 1, 1, 1, 1, 1, 1, 1, 1, 1, 1, 1, 1, 1, 1, 1, 1, 1, 1, 1, 1, 1, 1, 1, 1, 1, 1, 1, 1, 1, 1, 1, 1, 1, 1, 1, 1, 1, 1, 1, 1, 1, 1, 1, 1, 1, 1, 1, 1, 1, 2, 1, 1, 1, 1, 1, 1, 1, 1, 1, 1, 1, 1, 1, 1, 1, 1, 1, 1, 1, 1, 1, 1, 1, 1, 1, 1, 1, 1, 2, 1, 1, 1, 1, 1, 1, 1, 2, 1, 1, 1, 1, 1, 1, 1, 1, 1, 2, 1, 1, 1, 1, 1, 1, 1, 1, 1]",128,122,26,True,-1
T16_D4,134,1.0667,"[1, 1, 1, 1, 1, 1, 1, 1, 1, 1, 1, 1, 1, 1, 1, 1, 2, 1, 1, 1, 1, 1, 1, 1, 1, 1, 1, 1, 1, 2, 1, 1, 1, 1, 1, 1, 1, 1, 1, 1, 1, 1, 1, 1, 1, 1, 3, 1, 1, 2, 1, 1, 1, 1, 1, 2, 1, 1, 1, 1, 1, 1, 1, 1, 1, 1, 1, 1, 1, 1, 1, 1, 1, 1, 1, 1, 1, 1, 2, 1, 1, 1, 1, 1, 1, 1, 1, 1, 1, 1, 2, 1, 1, 1, 1, 1, 1, 1, 1, 1, 1, 1, 1, 1, 1, 1, 1, 1, 1, 1, 1, 1, 1, 1, 1, 1, 1, 1, 1, 1]","[0, 0, 0, 0, 0, 0, 0, 0, 0, 0, 0, 0, 0, 0, 0, 0, 1, 0, 0, 0, 0, 0, 0, 0, 0, 0, 0, 0, 0, 1, 0, 0, 0, 0, 0, 0, 0, 0, 0, 0, 0, 0, 0, 0, 0, 0, 2, 0, 0, 1, 0, 0, 0, 0, 0, 1, 0, 0, 0, 0, 0, 0, 0, 0, 0, 0, 0, 0, 0, 0, 0, 0, 0, 0, 0, 0, 0, 0, 1, 0, 0, 0, 0, 0, 0, 0, 0, 0, 0, 0, 1, 0, 0, 0, 0, 0, 0, 0, 0, 0, 0, 0, 0, 0, 0, 0, 0, 0, 0, 0, 0, 0, 0, 0, 0, 0, 0, 0, 0, 0]","[1, 1, 1, 1, 1, 1, 1, 1, 1, 1, 1, 1, 1, 1, 1, 1, 2, 1, 1, 1, 1, 1, 1, 1, 1, 1, 1, 1, 1, 2, 1, 1, 1, 1, 1, 1, 1, 1, 1, 1, 1, 1, 1, 1, 1, 1, 3, 1, 1, 2, 1, 1, 1, 1, 1, 2, 1, 1, 1, 1, 1, 1, 1, 1, 1, 1, 1, 1, 1, 1, 1, 1, 1, 1, 1, 1, 1, 1, 2, 1, 1, 1, 1, 1, 1, 1, 1, 1, 1, 1, 2, 1, 1, 1, 1, 1, 1, 1, 1, 1, 1, 1, 1, 1, 1, 1, 1, 1, 1, 1, 1, 1, 1, 1, 1, 1, 1, 1, 1, 1]",128,120,26,True,-1
T16_D4,135,1.024,"[1, 1, 1, 1, 1, 1, 1, 2, 1, 1, 1, 1, 1, 1, 1, 1, 1, 1, 1, 1, 1, 1, 1, 1, 1, 1, 1, 1, 1, 1, 2, 1, 1, 1, 1, 1, 1, 1, 1, 1, 1, 1, 1, 1, 1, 1, 1, 1, 1, 1, 1, 1, 1, 1, 1, 1, 1, 1, 1, 1, 1, 1, 1, 1, 1, 1, 1, 1, 1, 1, 1, 1, 1, 1, 1, 1, 1, 1, 1, 1, 1, 1, 1, 1, 1, 1, 1, 1, 1, 1, 1, 1, 1, 1, 1, 2, 1, 1, 1, 1, 1, 1, 1, 1, 1, 1, 1, 1, 1, 1, 1, 1, 1, 1, 1, 1, 1, 1, 1, 1, 1, 1, 1, 1, 1]","[0, 0, 0, 0, 0, 0, 0, 1, 0, 0, 0, 0, 0, 0, 0, 0, 0, 0, 0, 0, 0, 0, 0, 0, 0, 0, 0, 0, 0, 0, 1, 0, 0, 0, 0, 0, 0, 0, 0, 0, 0, 0, 0, 0, 0, 0, 0, 0, 0, 0, 0, 0, 0, 0, 0, 0, 0, 0, 0, 0, 0, 0, 0, 0, 0, 0, 0, 0, 0, 0, 0, 0, 0, 0, 0, 0, 0, 0, 0, 0, 0, 0, 0, 0, 0, 0, 0, 0, 0, 0, 0, 0, 0, 0, 0, 1, 0, 0, 0, 0, 0, 0, 0, 0, 0, 0, 0, 0, 0, 0, 0, 0, 0, 0, 0, 0, 0, 0, 0, 0, 0, 0, 0, 0, 0]","[1, 1, 1, 1, 1, 1, 1, 2, 1, 1, 1, 1, 1, 1, 1, 1, 1, 1, 1, 1, 1, 1, 1, 1, 1, 1, 1, 1, 1, 1, 2, 1, 1, 1, 1, 1, 1, 1, 1, 1, 1, 1, 1, 1, 1, 1, 1, 1, 1, 1, 1, 1, 1, 1, 1, 1, 1, 1, 1, 1, 1, 1, 1, 1, 1, 1, 1, 1, 1, 1, 1, 1, 1, 1, 1, 1, 1, 1, 1, 1, 1, 1, 1, 1, 1, 1, 1, 1, 1, 1, 1, 1, 1, 1, 1, 2, 1, 1, 1, 1, 1, 1, 1, 1, 1, 1, 1, 1, 1, 1, 1, 1, 1, 1, 1, 1, 1, 1, 1, 1, 1, 1, 1, 1, 1]",128,125,26,True,-1
T16_D4,136,1.1481,"[1, 1, 1, 1, 2, 1, 1, 1, 1, 1, 1, 1, 1, 1, 1, 2, 1, 1, 2, 1, 1, 1, 1, 1, 1, 1, 2]","[0, 0, 0, 0, 1, 0, 0, 0, 0, 0, 0, 0, 0, 0, 0, 1, 0, 0, 1, 0, 0, 0, 0, 0, 0, 0, 1]","[1, 1, 1, 1, 2, 1, 1, 1, 1, 1, 1, 1, 1, 1, 1, 2, 1, 1, 2, 1, 1, 1, 1, 1, 1, 1, 2]",31,27,26,False,2
T16_D4,137,1.0756,"[1, 1, 1, 1, 1, 1, 1, 1, 1, 1, 1, 1, 2, 1, 1, 1, 1, 2, 1, 1, 1, 1, 1, 1, 2, 1, 1, 2, 1, 1, 1, 1, 1, 1, 1, 2, 1, 1, 1, 1, 1, 1, 1, 1, 1, 1, 1, 1, 1, 1, 1, 1, 1, 1, 1, 1, 1, 1, 1, 1, 1, 1, 1, 1, 2, 1, 1, 1, 1, 1, 1, 1, 1, 1, 1, 1, 1, 2, 1, 1, 1, 1, 1, 1, 1, 1, 2, 2, 1, 1, 1, 1, 1, 1, 1, 1, 1, 1, 1, 1, 1, 1, 1, 1, 1, 1, 1, 1, 1, 1, 1, 1, 1, 1, 1, 1, 1, 1, 1]","[0, 0, 0, 0, 0, 0, 0, 0, 0, 0, 0, 0, 1, 0, 0, 0, 0, 1, 0, 0, 0, 0, 0, 0, 1, 0, 0, 1, 0, 0, 0, 0, 0, 0, 0, 1, 0, 0, 0, 0, 0, 0, 0, 0, 0, 0, 0, 0, 0, 0, 0, 0, 0, 0, 0, 0, 0, 0, 0, 0, 0, 0, 0, 0, 1, 0, 0, 0, 0, 0, 0, 0, 0, 0, 0, 0, 0, 1, 0, 0, 0, 0, 0, 0, 0, 0, 1, 1, 0, 0, 0, 0, 0, 0, 0, 0, 0, 0, 0, 0, 0, 0, 0, 0, 0, 0, 0, 0, 0, 0, 0, 0, 0, 0, 0, 0, 0, 0, 0]","[1, 1, 1, 1, 1, 1, 1, 1, 1, 1, 1, 1, 2, 1, 1, 1, 1, 2, 1, 1, 1, 1, 1, 1, 2, 1, 1, 2, 1, 1, 1, 1, 1, 1, 1, 2, 1, 1, 1, 1, 1, 1, 1, 1, 1, 1, 1, 1, 1, 1, 1, 1, 1, 1, 1, 1, 1, 1, 1, 1, 1, 1, 1, 1, 2, 1, 1, 1, 1, 1, 1, 1, 1, 1, 1, 1, 1, 2, 1, 1, 1, 1, 1, 1, 1, 1, 2, 2, 1, 1, 1, 1, 1, 1, 1, 1, 1, 1, 1, 1, 1, 1, 1, 1, 1, 1, 1, 1, 1, 1, 1, 1, 1, 1, 1, 1, 1, 1, 1]",128,119,26,True,-1
T16_D4,138,1.0847,"[1, 1, 1, 1, 1, 1, 1, 1, 1, 1, 1, 1, 1, 1, 1, 1, 1, 1, 1, 1, 1, 1, 1, 1, 1, 2, 1, 1, 1, 1, 1, 1, 2, 2, 1, 1, 1, 2, 1, 1, 1, 1, 1, 1, 1, 1, 1, 1, 1, 1, 1, 1, 2, 1, 1, 1, 1, 1, 2, 1, 1, 1, 1, 2, 1, 1, 1, 1, 1, 1, 1, 1, 1, 1, 1, 2, 1, 1, 1, 1, 1, 1, 1, 1, 1, 1, 1, 1, 1, 1, 1, 1, 1, 1, 1, 1, 1, 1, 2, 1, 1, 1, 1, 2, 1, 1, 1, 1, 1, 1, 1, 1, 1, 1, 1, 1, 1, 1]","[0, 0, 0, 0, 0, 0, 0, 0, 0, 0, 0, 0, 0, 0, 0, 0, 0, 0, 0, 0, 0, 0, 0, 0, 0, 1, 0, 0, 0, 0, 0, 0, 1, 1, 0, 0, 0, 1, 0, 0, 0, 0, 0, 0, 0, 0, 0, 0, 0, 0, 0, 0, 1, 0, 0, 0, 0, 0, 1, 0, 0, 0, 0, 1, 0, 0, 0, 0, 0, 0, 0, 0, 0, 0, 0, 1, 0, 0, 0, 0, 0, 0, 0, 0, 0, 0, 0, 0, 0, 0, 0, 0, 0, 0, 0, 0, 0, 0, 1, 0, 0, 0, 0, 1, 0, 0, 0, 0, 0, 0, 0, 0, 0, 0, 0, 0, 0, 0]","[1, 1, 1, 1, 1, 1, 1, 1, 1, 1, 1, 1, 1, 1, 1, 1, 1, 1, 1, 1, 1, 1, 1, 1, 1, 2, 1, 1, 1, 1, 1, 1, 2, 2, 1, 1, 1, 2, 1, 1, 1, 1, 1, 1, 1, 1, 1, 1, 1, 1, 1, 1, 2, 1, 1, 1, 1, 1, 2, 1, 1, 1, 1, 2, 1, 1, 1, 1, 1, 1, 1, 1, 1, 1, 1, 2, 1, 1, 1, 1, 1, 1, 1, 1, 1, 1, 1, 1, 1, 1, 1, 1, 1, 1, 1, 1, 1, 1, 2, 1, 1, 1, 1, 2, 1, 1, 1, 1, 1, 1, 1, 1, 1, 1, 1, 1, 1, 1]",128,118,26,True,-1
T16_D4,139,1.0492,"[1, 1, 1, 1, 1, 1, 1, 1, 1, 1, 1, 2, 1, 1, 1, 1, 1, 1, 1, 1, 1, 1, 1, 1, 1, 1, 1, 1, 2, 1, 1, 1, 1, 1, 1, 1, 1, 1, 1, 1, 1, 1, 1, 1, 1, 1, 1, 1, 1, 1, 1, 1, 1, 1, 1, 1, 2, 1, 1, 1, 1, 1, 1, 1, 1, 1, 1, 1, 1, 1, 1, 1, 1, 1, 1, 1, 1, 1, 1, 2, 1, 1, 1, 1, 1, 1, 1, 1, 1, 1, 1, 1, 1, 1, 1, 1, 1, 1, 1, 1, 1, 1, 1, 1, 1, 2, 1, 2, 1, 1, 1, 1, 1, 1, 1, 1, 1, 1, 1, 1, 1, 1]","[0, 0, 0, 0, 0, 0, 0, 0, 0, 0, 0, 1, 0, 0, 0, 0, 0, 0, 0, 0, 0, 0, 0, 0, 0, 0, 0, 0, 1, 0, 0, 0, 0, 0, 0, 0, 0, 0, 0, 0, 0, 0, 0, 0, 0, 0, 0, 0, 0, 0, 0, 0, 0, 0, 0, 0, 1, 0, 0, 0, 0, 0, 0, 0, 0, 0, 0, 0, 0, 0, 0, 0, 0, 0, 0, 0, 0, 0, 0, 1, 0, 0, 0, 0, 0, 0, 0, 0, 0, 0, 0, 0, 0, 0, 0, 0, 0, 0, 0, 0, 0, 0, 0, 0, 0, 1, 0, 1, 0, 0, 0, 0, 0, 0, 0, 0, 0, 0, 0, 0, 0, 0]","[1, 1, 1, 1, 1, 1, 1, 1, 1, 1, 1, 2, 1, 1, 1, 1, 1, 1, 1, 1, 1, 1, 1, 1, 1, 1, 1, 1, 2, 1, 1, 1, 1, 1, 1, 1, 1, 1, 1, 1, 1, 1, 1, 1, 1, 1, 1, 1, 1, 1, 1, 1, 1, 1, 1, 1, 2, 1, 1, 1, 1, 1, 1, 1, 1, 1, 1, 1, 1, 1, 1, 1, 1, 1, 1, 1, 1, 1, 1, 2, 1, 1, 1, 1, 1, 1, 1, 1, 1, 1, 1, 1, 1, 1, 1, 1, 1, 1, 1, 1, 1, 1, 1, 1, 1, 2, 1, 2, 1, 1, 1, 1, 1, 1, 1, 1, 1, 1, 1, 1, 1, 1]",128,122,26,True,-1
T16_D4,140,1.094,"[1, 1, 1, 1, 1, 1, 1, 1, 1, 1, 1, 1, 1, 1, 1, 1, 1, 1, 1, 1, 1, 2, 1, 1, 1, 1, 1, 2, 1, 1, 1, 1, 1, 1, 1, 2, 1, 1, 1, 1, 1, 1, 1, 1, 1, 1, 1, 1, 1, 1, 1, 1, 1, 1, 1, 2, 1, 1, 1, 1, 1, 1, 1, 1, 1, 1, 1, 1, 1, 1, 1, 1, 1, 1, 1, 1, 2, 1, 1, 1, 1, 1, 1, 1, 1, 2, 1, 1, 1, 2, 1, 1, 1, 2, 1, 1, 1, 1, 1, 1, 2, 1, 1, 1, 1, 1, 1, 1, 1, 2, 1, 1, 1, 1, 1, 2, 1]","[0, 0, 0, 0, 0, 0, 0, 0, 0, 0, 0, 0, 0, 0, 0, 0, 0, 0, 0, 0, 0, 1, 0, 0, 0, 0, 0, 1, 0, 0, 0, 0, 0, 0, 0, 1, 0, 0, 0, 0, 0, 0, 0, 0, 0, 0, 0, 0, 0, 0, 0, 0, 0, 0, 0, 1, 0, 0, 0, 0, 0, 0, 0, 0, 0, 0, 0, 0, 0, 0, 0, 0, 0, 0, 0, 0, 1, 0, 0, 0, 0, 0, 0, 0, 0, 1, 0, 0, 0, 1, 0, 0, 0, 1, 0, 0, 0, 0, 0, 0, 1, 0, 0, 0, 0, 0, 0, 0, 0, 1, 0, 0, 0, 0, 0, 1, 0]","[1, 1, 1, 1, 1, 1, 1, 1, 1, 1, 1, 1, 1, 1, 1, 1, 1, 1, 1, 1, 1, 2, 1, 1, 1, 1, 1, 2, 1, 1, 1, 1, 1, 1, 1, 2, 1, 1, 1, 1, 1, 1, 1, 1, 1, 1, 1, 1, 1, 1, 1, 1, 1, 1, 1, 2, 1, 1, 1, 1, 1, 1, 1, 1, 1, 1, 1, 1, 1, 1, 1, 1, 1, 1, 1, 1, 2, 1, 1, 1, 1, 1, 1, 1, 1, 2, 1, 1, 1, 2, 1, 1, 1, 2, 1, 1, 1, 1, 1, 1, 2, 1, 1, 1, 1, 1, 1, 1, 1, 2, 1, 1, 1, 1, 1, 2, 1]",128,117,26,True,-1
T16_D4,141,1.0407,"[1, 1, 1, 1, 1, 1, 1, 1, 1, 1, 1, 1, 1, 1, 1, 1, 1, 1, 1, 1, 1, 1, 1, 1, 1, 1, 1, 1, 1, 1, 1, 1, 1, 1, 1, 1, 1, 1, 1, 1, 1, 1, 1, 1, 1, 1, 1, 1, 1, 2, 1, 1, 1, 1, 1, 3, 1, 1, 1, 1, 1, 1, 1, 1, 1, 1, 1, 1, 1, 1, 1, 1, 1, 1, 1, 1, 1, 1, 1, 1, 1, 1, 1, 1, 1, 1, 1, 1, 2, 1, 1, 1, 1, 1, 1, 1, 1, 1, 1, 1, 1, 1, 1, 1, 1, 1, 1, 1, 1, 1, 1, 1, 1, 1, 2, 1, 1, 1, 1, 1, 1, 1, 1]","[0, 0, 0, 0, 0, 0, 0, 0, 0, 0, 0, 0, 0, 0, 0, 0, 0, 0, 0, 0, 0, 0, 0, 0, 0, 0, 0, 0, 0, 0, 0, 0, 0, 0, 0, 0, 0, 0, 0, 0, 0, 0, 0, 0, 0, 0, 0, 0, 0, 1, 0, 0, 0, 0, 0, 2, 0, 0, 0, 0, 0, 0, 0, 0, 0, 0, 0, 0, 0, 0, 0, 0, 0, 0, 0, 0, 0, 0, 0, 0, 0, 0, 0, 0, 0, 0, 0, 0, 1, 0, 0, 0, 0, 0, 0, 0, 0, 0, 0, 0, 0, 0, 0, 0, 0, 0, 0, 0, 0, 0, 0, 0, 0, 0, 1, 0, 0, 0, 0, 0, 0, 0, 0]","[1, 1, 1, 1, 1, 1, 1, 1, 1, 1, 1, 1, 1, 1, 1, 1, 1, 1, 1, 1, 1, 1, 1, 1, 1, 1, 1, 1, 1, 1, 1, 1, 1, 1, 1, 1, 1, 1, 1, 1, 1, 1, 1, 1, 1, 1, 1, 1, 1, 2, 1, 1, 1, 1, 1, 3, 1, 1, 1, 1, 1, 1, 1, 1, 1, 1, 1, 1, 1, 1, 1, 1, 1, 1, 1, 1, 1, 1, 1, 1, 1, 1, 1, 1, 1, 1, 1, 1, 2, 1, 1, 1, 1, 1, 1, 1, 1, 1, 1, 1, 1, 1, 1, 1, 1, 1, 1, 1, 1, 1, 1, 1, 1, 1, 2, 1, 1, 1, 1, 1, 1, 1, 1]",128,123,26,True,-1
T16_D4,142,1.0579,"[1, 1, 1, 1, 1, 1, 1, 1, 1, 1, 1, 1, 1, 1, 1, 1, 1, 1, 1, 1, 1, 1, 1, 1, 1, 1, 1, 1, 1, 1, 1, 1, 1, 1, 1, 1, 1, 1, 2, 1, 1, 1, 1, 1, 1, 1, 1, 1, 1, 1, 1, 1, 2, 1, 1, 1, 1, 1, 1, 1, 1, 1, 1, 1, 1, 1, 1, 1, 1, 1, 1, 1, 1, 1, 1, 1, 2, 1, 1, 1, 1, 1, 1, 1, 1, 1, 1, 2, 1, 1, 1, 1, 1, 1, 1, 1, 1, 1, 1, 1, 1, 1, 1, 2, 1, 1, 1, 2, 1, 1, 1, 1, 1, 1, 2, 1, 1, 1, 1, 1, 1]","[0, 0, 0, 0, 0, 0, 0, 0, 0, 0, 0, 0, 0, 0, 0, 0, 0, 0, 0, 0, 0, 0, 0, 0, 0, 0, 0, 0, 0, 0, 0, 0, 0, 0, 0, 0, 0, 0, 1, 0, 0, 0, 0, 0, 0, 0, 0, 0, 0, 0, 0, 0, 1, 0, 0, 0, 0, 0, 0, 0, 0, 0, 0, 0, 0, 0, 0, 0, 0, 0, 0, 0, 0, 0, 0, 0, 1, 0, 0, 0, 0, 0, 0, 0, 0, 0, 0, 1, 0, 0, 0, 0, 0, 0, 0, 0, 0, 0, 0, 0, 0, 0, 0, 1, 0, 0, 0, 1, 0, 0, 0, 0, 0, 0, 1, 0, 0, 0, 0, 0, 0]","[1, 1, 1, 1, 1, 1, 1, 1, 1, 1, 1, 1, 1, 1, 1, 1, 1, 1, 1, 1, 1, 1, 1, 1, 1, 1, 1, 1, 1, 1, 1, 1, 1, 1, 1, 1, 1, 1, 2, 1, 1, 1, 1, 1, 1, 1, 1, 1, 1, 1, 1, 1, 2, 1, 1, 1, 1, 1, 1, 1, 1, 1, 1, 1, 1, 1, 1, 1, 1, 1, 1, 1, 1, 1, 1, 1, 2, 1, 1, 1, 1, 1, 1, 1, 1, 1, 1, 2, 1, 1, 1, 1, 1, 1, 1, 1, 1, 1, 1, 1, 1, 1, 1, 2, 1, 1, 1, 2, 1, 1, 1, 1, 1, 1, 2, 1, 1, 1, 1, 1, 1]",128,121,26,True,-1
T16_D4,143,1.0407,"[1, 1, 1, 1, 1, 1, 1, 1, 1, 1, 1, 1, 1, 1, 1, 1, 1, 2, 1, 1, 1, 1, 1, 1, 1, 1, 1, 1, 1, 1, 1, 1, 2, 1, 1, 1, 1, 1, 2, 1, 1, 1, 1, 1, 1, 1, 1, 1, 1, 1, 1, 1, 1, 1, 1, 1, 1, 1, 1, 1, 1, 1, 1, 1, 1, 1, 1, 1, 1, 1, 1, 1, 1, 1, 1, 1, 1, 1, 1, 1, 1, 1, 1, 2, 1, 1, 1, 2, 1, 1, 1, 1, 1, 1, 1, 1, 1, 1, 1, 1, 1, 1, 1, 1, 1, 1, 1, 1, 1, 1, 1, 1, 1, 1, 1, 1, 1, 1, 1, 1, 1, 1, 1]","[0, 0, 0, 0, 0, 0, 0, 0, 0, 0, 0, 0, 0, 0, 0, 0, 0, 1, 0, 0, 0, 0, 0, 0, 0, 0, 0, 0, 0, 0, 0, 0, 1, 0, 0, 0, 0, 0, 1, 0, 0, 0, 0, 0, 0, 0, 0, 0, 0, 0, 0, 0, 0, 0, 0, 0, 0, 0, 0, 0, 0, 0, 0, 0, 0, 0, 0, 0, 0, 0, 0, 0, 0, 0, 0, 0, 0, 0, 0, 0, 0, 0, 0, 1, 0, 0, 0, 1, 0, 0, 0, 0, 0, 0, 0, 0, 0, 0, 0, 0, 0, 0, 0, 0, 0, 0, 0, 0, 0, 0, 0, 0, 0, 0, 0, 0, 0, 0, 0, 0, 0, 0, 0]","[1, 1, 1, 1, 1, 1, 1, 1, 1, 1, 1, 1, 1, 1, 1, 1, 1, 2, 1, 1, 1, 1, 1, 1, 1, 1, 1, 1, 1, 1, 1, 1, 2, 1, 1, 1, 1, 1, 2, 1, 1, 1, 1, 1, 1, 1, 1, 1, 1, 1, 1, 1, 1, 1, 1, 1, 1, 1, 1, 1, 1, 1, 1, 1, 1, 1, 1, 1, 1, 1, 1, 1, 1, 1, 1, 1, 1, 1, 1, 1, 1, 1, 1, 2, 1, 1, 1, 2, 1, 1, 1, 1, 1, 1, 1, 1, 1, 1, 1, 1, 1, 1, 1, 1, 1, 1, 1, 1, 1, 1, 1, 1, 1, 1, 1, 1, 1, 1, 1, 1, 1, 1, 1]",128,123,26,True,-1
T16_D4,144,1.0079,"[1, 1, 1, 1, 1, 1, 1, 1, 1, 1, 1, 1, 1, 1, 1, 1, 1, 1, 1, 1, 1, 1, 1, 1, 1, 1, 1, 1, 1, 1, 1, 1, 1, 1, 1, 1, 1, 1, 1, 1, 1, 1, 1, 1, 1, 1, 1, 1, 1, 1, 1, 1, 1, 1, 1, 1, 1, 1, 1, 1, 1, 1, 1, 1, 1, 1, 1, 1, 1, 1, 1, 1, 1, 1, 1, 1, 1, 1, 1, 1, 1, 1, 1, 1, 1, 1, 1, 1, 1, 1, 1, 1, 1, 2, 1, 1, 1, 1, 1, 1, 1, 1, 1, 1, 1, 1, 1, 1, 1, 1, 1, 1, 1, 1, 1, 1, 1, 1, 1, 1, 1, 1, 1, 1, 1, 1, 1]","[0, 0, 0, 0, 0, 0, 0, 0, 0, 0, 0, 0, 0, 0, 0, 0, 0, 0, 0, 0, 0, 0, 0, 0, 0, 0, 0, 0, 0, 0, 0, 0, 0, 0, 0, 0, 0, 0, 0, 0, 0, 0, 0, 0, 0, 0, 0, 0, 0, 0, 0, 0, 0, 0, 0, 0, 0, 0, 0, 0, 0, 0, 0, 0, 0, 0, 0, 0, 0, 0, 0, 0, 0, 0, 0, 0, 0, 0, 0, 0, 0, 0, 0, 0, 0, 0, 0, 0, 0, 0, 0, 0, 0, 1, 0, 0, 0, 0, 0, 0, 0, 0, 0, 0, 0, 0, 0, 0, 0, 0, 0, 0, 0, 0, 0, 0, 0, 0, 0, 0, 0, 0, 0, 0, 0, 0, 0]","[1, 1, 1, 1, 1, 1, 1, 1, 1, 1, 1, 1, 1, 1, 1, 1, 1, 1, 1, 1, 1, 1, 1, 1, 1, 1, 1, 1, 1, 1, 1, 1, 1, 1, 1, 1, 1, 1, 1, 1, 1, 1, 1, 1, 1, 1, 1, 1, 1, 1, 1, 1, 1, 1, 1, 1, 1, 1, 1, 1, 1, 1, 1, 1, 1, 1, 1, 1, 1, 1, 1, 1, 1, 1, 1, 1, 1, 1, 1, 1, 1, 1, 1, 1, 1, 1, 1, 1, 1, 1, 1, 1, 1, 2, 1, 1, 1, 1, 1, 1, 1, 1, 1, 1, 1, 1, 1, 1, 1, 1, 1, 1, 1, 1, 1, 1, 1, 1, 1, 1, 1, 1, 1, 1, 1, 1, 1]",128,127,26,True,-1
T16_D4,145,1.0407,"[1, 1, 1, 1, 1, 1, 1, 1, 1, 1, 1, 2, 1, 1, 1, 2, 1, 1, 1, 1, 1, 1, 1, 1, 1, 1, 1, 1, 1, 1, 1, 1, 1, 1, 1, 1, 1, 1, 1, 1, 1, 1, 1, 1, 1, 1, 1, 1, 1, 1, 1, 1, 1, 1, 1, 1, 1, 1, 1, 2, 1, 1, 1, 1, 1, 1, 1, 1, 1, 1, 1, 1, 1, 1, 1, 1, 1, 1, 1, 1, 1, 1, 1, 1, 1, 2, 1, 1, 1, 1, 1, 1, 1, 1, 1, 1, 1, 1, 1, 1, 1, 1, 1, 1, 1, 1, 1, 2, 1, 1, 1, 1, 1, 1, 1, 1, 1, 1, 1, 1, 1, 1, 1]","[0, 0, 0, 0, 0, 0, 0, 0, 0, 0, 0, 1, 0, 0, 0, 1, 0, 0, 0, 0, 0, 0, 0, 0, 0, 0, 0, 0, 0, 0, 0, 0, 0, 0, 0, 0, 0, 0, 0, 0, 0, 0, 0, 0, 0, 0, 0, 0, 0, 0, 0, 0, 0, 0, 0, 0, 0, 0, 0, 1, 0, 0, 0, 0, 0, 0, 0, 0, 0, 0, 0, 0, 0, 0, 0, 0, 0, 0, 0, 0, 0, 0, 0, 0, 0, 1, 0, 0, 0, 0, 0, 0, 0, 0, 0, 0, 0, 0, 0, 0, 0, 0, 0, 0, 0, 0, 0, 1, 0, 0, 0, 0, 0, 0, 0, 0, 0, 0, 0, 0, 0, 0, 0]","[1, 1, 1, 1, 1, 1, 1, 1, 1, 1, 1, 2, 1, 1, 1, 2, 1, 1, 1, 1, 1, 1, 1, 1, 1, 1, 1, 1, 1, 1, 1, 1, 1, 1, 1, 1, 1, 1, 1, 1, 1, 1, 1, 1, 1, 1, 1, 1, 1, 1, 1, 1, 1, 1, 1, 1, 1, 1, 1, 2, 1, 1, 1, 1, 1, 1, 1, 1, 1, 1, 1, 1, 1, 1, 1, 1, 1, 1, 1, 1, 1, 1, 1, 1, 1, 2, 1, 1, 1, 1, 1, 1, 1, 1, 1, 1, 1, 1, 1, 1, 1, 1, 1, 1, 1, 1, 1, 2, 1, 1, 1, 1, 1, 1, 1, 1, 1, 1, 1, 1, 1, 1, 1]",128,123,26,True,-1
T16_D4,146,1.0667,"[1, 1, 1, 1, 1, 1, 1, 1, 1, 1, 1, 1, 2, 1, 1, 1, 2, 1, 1, 1, 1, 1, 2, 1, 1, 1, 1, 1, 1, 1, 1, 1, 1, 1, 1, 1, 1, 1, 1, 1, 1, 1, 2, 1, 1, 1, 1, 1, 1, 1, 1, 1, 1, 1, 1, 1, 1, 1, 1, 1, 1, 1, 1, 1, 1, 1, 1, 1, 1, 1, 1, 2, 1, 1, 1, 1, 1, 1, 1, 1, 1, 1, 1, 1, 1, 1, 1, 1, 1, 1, 1, 1, 1, 2, 1, 1, 1, 1, 1, 1, 1, 1, 2, 1, 1, 1, 1, 1, 1, 2, 1, 1, 1, 1, 1, 1, 1, 1, 1, 1]","[0, 0, 0, 0, 0, 0, 0, 0, 0, 0, 0, 0, 1, 0, 0, 0, 1, 0, 0, 0, 0, 0, 1, 0, 0, 0, 0, 0, 0, 0, 0, 0, 0, 0, 0, 0, 0, 0, 0, 0, 0, 0, 1, 0, 0, 0, 0, 0, 0, 0, 0, 0, 0, 0, 0, 0, 0, 0, 0, 0, 0, 0, 0, 0, 0, 0, 0, 0, 0, 0, 0, 1, 0, 0, 0, 0, 0, 0, 0, 0, 0, 0, 0, 0, 0, 0, 0, 0, 0, 0, 0, 0, 0, 1, 0, 0, 0, 0, 0, 0, 0, 0, 1, 0, 0, 0, 0, 0, 0, 1, 0, 0, 0, 0, 0, 0, 0, 0, 0, 0]","[1, 1, 1, 1, 1, 1, 1, 1, 1, 1, 1, 1, 2, 1, 1, 1, 2, 1, 1, 1, 1, 1, 2, 1, 1, 1, 1, 1, 1, 1, 1, 1, 1, 1, 1, 1, 1, 1, 1, 1, 1, 1, 2, 1, 1, 1, 1, 1, 1, 1, 1, 1, 1, 1, 1, 1, 1, 1, 1, 1, 1, 1, 1, 1, 1, 1, 1, 1, 1, 1, 1, 2, 1, 1, 1, 1, 1, 1, 1, 1, 1, 1, 1, 1, 1, 1, 1, 1, 1, 1, 1, 1, 1, 2, 1, 1, 1, 1, 1, 1, 1, 1, 2, 1, 1, 1, 1, 1, 1, 2, 1, 1, 1, 1, 1, 1, 1, 1, 1, 1]",128,120,26,True,-1
T16_D4,147,1.0323,"[1, 1, 1, 1, 1, 1, 1, 1, 1, 1, 1, 1, 1, 1, 2, 1, 1, 2, 1, 1, 1, 1, 1, 1, 1, 1, 1, 1, 1, 1, 1, 1, 1, 1, 1, 1, 1, 1, 1, 1, 1, 1, 1, 1, 1, 1, 1, 1, 1, 1, 1, 2, 1, 1, 1, 1, 1, 1, 1, 1, 1, 1, 1, 1, 1, 1, 1, 1, 1, 1, 1, 1, 1, 1, 1, 1, 1, 1, 1, 1, 1, 1, 1, 1, 1, 1, 1, 1, 1, 1, 1, 1, 1, 1, 1, 1, 1, 1, 1, 1, 1, 1, 1, 1, 1, 1, 1, 1, 1, 2, 1, 1, 1, 1, 1, 1, 1, 1, 1, 1, 1, 1, 1, 1]","[0, 0, 0, 0, 0, 0, 0, 0, 0, 0, 0, 0, 0, 0, 1, 0, 0, 1, 0, 0, 0, 0, 0, 0, 0, 0, 0, 0, 0, 0, 0, 0, 0, 0, 0, 0, 0, 0, 0, 0, 0, 0, 0, 0, 0, 0, 0, 0, 0, 0, 0, 1, 0, 0, 0, 0, 0, 0, 0, 0, 0, 0, 0, 0, 0, 0, 0, 0, 0, 0, 0, 0, 0, 0, 0, 0, 0, 0, 0, 0, 0, 0, 0, 0, 0, 0, 0, 0, 0, 0, 0, 0, 0, 0, 0, 0, 0, 0, 0, 0, 0, 0, 0, 0, 0, 0, 0, 0, 0, 1, 0, 0, 0, 0, 0, 0, 0, 0, 0, 0, 0, 0, 0, 0]","[1, 1, 1, 1, 1, 1, 1, 1, 1, 1, 1, 1, 1, 1, 2, 1, 1, 2, 1, 1, 1, 1, 1, 1, 1, 1, 1, 1, 1, 1, 1, 1, 1, 1, 1, 1, 1, 1, 1, 1, 1, 1, 1, 1, 1, 1, 1, 1, 1, 1, 1, 2, 1, 1, 1, 1, 1, 1, 1, 1, 1, 1, 1, 1, 1, 1, 1, 1, 1, 1, 1, 1, 1, 1, 1, 1, 1, 1, 1, 1, 1, 1, 1, 1, 1, 1, 1, 1, 1, 1, 1, 1, 1, 1, 1, 1, 1, 1, 1, 1, 1, 1, 1, 1, 1, 1, 1, 1, 1, 2, 1, 1, 1, 1, 1, 1, 1, 1, 1, 1, 1, 1, 1, 1]",128,124,26,True,-1
T16_D4,148,1.0579,"[1, 1, 1, 1, 1, 1, 1, 1, 1, 1, 1, 1, 1, 1, 2, 1, 1, 1, 1, 1, 1, 1, 1, 1, 1, 1, 1, 1, 1, 1, 1, 1, 1, 1, 1, 1, 1, 1, 2, 1, 1, 1, 1, 1, 1, 1, 1, 1, 1, 1, 1, 1, 1, 1, 1, 1, 1, 1, 1, 2, 1, 1, 1, 1, 1, 1, 1, 1, 2, 1, 1, 1, 1, 1, 1, 1, 1, 1, 1, 1, 1, 1, 1, 1, 1, 2, 1, 1, 1, 1, 1, 1, 1, 1, 1, 1, 1, 1, 1, 1, 1, 1, 2, 1, 2, 1, 1, 1, 1, 1, 1, 1, 1, 1, 1, 1, 1, 1, 1, 1, 1]","[0, 0, 0, 0, 0, 0, 0, 0, 0, 0, 0, 0, 0, 0, 1, 0, 0, 0, 0, 0, 0, 0, 0, 0, 0, 0, 0, 0, 0, 0, 0, 0, 0, 0, 0, 0, 0, 0, 1, 0, 0, 0, 0, 0, 0, 0, 0, 0, 0, 0, 0, 0, 0, 0, 0, 0, 0, 0, 0, 1, 0, 0, 0, 0, 0, 0, 0, 0, 1, 0, 0, 0, 0, 0, 0, 0, 0, 0, 0, 0, 0, 0, 0, 0, 0, 1, 0, 0, 0, 0, 0, 0, 0, 0, 0, 0, 0, 0, 0, 0, 0, 0, 1, 0, 1, 0, 0, 0, 0, 0, 0, 0, 0, 0, 0, 0, 0, 0, 0, 0, 0]","[1, 1, 1, 1, 1, 1, 1, 1, 1, 1, 1, 1, 1, 1, 2, 1, 1, 1, 1, 1, 1, 1, 1, 1, 1, 1, 1, 1, 1, 1, 1, 1, 1, 1, 1, 1, 1, 1, 2, 1, 1, 1, 1, 1, 1, 1, 1, 1, 1, 1, 1, 1, 1, 1, 1, 1, 1, 1, 1, 2, 1, 1, 1, 1, 1, 1, 1, 1, 2, 1, 1, 1, 1, 1, 1, 1, 1, 1, 1, 1, 1, 1, 1, 1, 1, 2, 1, 1, 1, 1, 1, 1, 1, 1, 1, 1, 1, 1, 1, 1, 1, 1, 2, 1, 2, 1, 1, 1, 1, 1, 1, 1, 1, 1, 1, 1, 1, 1, 1, 1, 1]",128,121,26,True,-1
T16_D4,149,1.0323,"[1, 1, 1, 1, 1, 1, 1, 1, 1, 1, 2, 1, 1, 1, 1, 1, 1, 1, 1, 1, 1, 1, 1, 1, 1, 1, 1, 2, 1, 1, 1, 1, 1, 1, 1, 1, 1, 1, 1, 1, 1, 1, 1, 1, 1, 1, 1, 1, 1, 1, 1, 1, 1, 1, 1, 1, 1, 1, 1, 1, 1, 1, 1, 1, 1, 1, 1, 1, 2, 1, 1, 1, 1, 1, 1, 1, 1, 1, 1, 1, 1, 1, 1, 1, 1, 1, 1, 1, 1, 1, 1, 1, 1, 1, 1, 1, 1, 1, 1, 1, 1, 1, 1, 1, 1, 1, 1, 1, 1, 1, 1, 1, 1, 2, 1, 1, 1, 1, 1, 1, 1, 1, 1, 1]","[0, 0, 0, 0, 0, 0, 0, 0, 0, 0, 1, 0, 0, 0, 0, 0, 0, 0, 0, 0, 0, 0, 0, 0, 0, 0, 0, 1, 0, 0, 0, 0, 0, 0, 0, 0, 0, 0, 0, 0, 0, 0, 0, 0, 0, 0, 0, 0, 0, 0, 0, 0, 0, 0, 0, 0, 0, 0, 0, 0, 0, 0, 0, 0, 0, 0, 0, 0, 1, 0, 0, 0, 0, 0, 0, 0, 0, 0, 0, 0, 0, 0, 0, 0, 0, 0, 0, 0, 0, 0, 0, 0, 0, 0, 0, 0, 0, 0, 0, 0, 0, 0, 0, 0, 0, 0, 0, 0, 0, 0, 0, 0, 0, 1, 0, 0, 0, 0, 0, 0, 0, 0, 0, 0]","[1, 1, 1, 1, 1, 1, 1, 1, 1, 1, 2, 1, 1, 1, 1, 1, 1, 1, 1, 1, 1, 1, 1, 1, 1, 1, 1, 2, 1, 1, 1, 1, 1, 1, 1, 1, 1, 1, 1, 1, 1, 1, 1, 1, 1, 1, 1, 1, 1, 1, 1, 1, 1, 1, 1, 1, 1, 1, 1, 1, 1, 1, 1, 1, 1, 1, 1, 1, 2, 1, 1, 1, 1, 1, 1, 1, 1, 1, 1, 1, 1, 1, 1, 1, 1, 1, 1, 1, 1, 1, 1, 1, 1, 1, 1, 1, 1, 1, 1, 1, 1, 1, 1, 1, 1, 1, 1, 1, 1, 1, 1, 1, 1, 2, 1, 1, 1, 1, 1, 1, 1, 1, 1, 1]",128,124,26,True,-1
T16_D4,150,1.0492,"[1, 1, 1, 1, 1, 1, 1, 1, 1, 1, 2, 1, 2, 1, 1, 1, 1, 1, 1, 1, 1, 1, 1, 2, 1, 1, 1, 1, 1, 1, 1, 1, 1, 1, 2, 1, 1, 1, 1, 1, 1, 1, 1, 1, 1, 1, 1, 1, 1, 1, 1, 1, 1, 1, 1, 1, 1, 1, 2, 1, 1, 1, 1, 1, 1, 1, 1, 1, 1, 1, 1, 1, 1, 1, 1, 1, 1, 1, 1, 1, 1, 1, 1, 1, 1, 1, 1, 1, 1, 1, 1, 1, 1, 1, 1, 1, 1, 1, 1, 1, 1, 1, 1, 1, 1, 1, 1, 2, 1, 1, 1, 1, 1, 1, 1, 1, 1, 1, 1, 1, 1, 1]","[0, 0, 0, 0, 0, 0, 0, 0, 0, 0, 1, 0, 1, 0, 0, 0, 0, 0, 0, 0, 0, 0, 0, 1, 0, 0, 0, 0, 0, 0, 0, 0, 0, 0, 1, 0, 0, 0, 0, 0, 0, 0, 0, 0, 0, 0, 0, 0, 0, 0, 0, 0, 0, 0, 0, 0, 0, 0, 1, 0, 0, 0, 0, 0, 0, 0, 0, 0, 0, 0, 0, 0, 0, 0, 0, 0, 0, 0, 0, 0, 0, 0, 0, 0, 0, 0, 0, 0, 0, 0, 0, 0, 0, 0, 0, 0, 0, 0, 0, 0, 0, 0, 0, 0, 0, 0, 0, 1, 0, 0, 0, 0, 0, 0, 0, 0, 0, 0, 0, 0, 0, 0]","[1, 1, 1, 1, 1, 1, 1, 1, 1, 1, 2, 1, 2, 1, 1, 1, 1, 1, 1, 1, 1, 1, 1, 2, 1, 1, 1, 1, 1, 1, 1, 1, 1, 1, 2, 1, 1, 1, 1, 1, 1, 1, 1, 1, 1, 1, 1, 1, 1, 1, 1, 1, 1, 1, 1, 1, 1, 1, 2, 1, 1, 1, 1, 1, 1, 1, 1, 1, 1, 1, 1, 1, 1, 1, 1, 1, 1, 1, 1, 1, 1, 1, 1, 1, 1, 1, 1, 1, 1, 1, 1, 1, 1, 1, 1, 1, 1, 1, 1, 1, 1, 1, 1, 1, 1, 1, 1, 2, 1, 1, 1, 1, 1, 1, 1, 1, 1, 1, 1, 1, 1, 1]",128,122,26,True,-1
T16_D4,151,1.0407,"[1, 1, 1, 1, 1, 1, 1, 1, 1, 1, 1, 1, 1, 1, 1, 1, 1, 1, 1, 1, 1, 2, 2, 1, 1, 2, 1, 1, 1, 1, 1, 1, 1, 1, 1, 1, 1, 1, 1, 1, 1, 1, 1, 1, 1, 1, 1, 1, 2, 1, 1, 1, 1, 1, 1, 1, 1, 1, 1, 1, 1, 1, 1, 1, 1, 1, 1, 1, 1, 1, 1, 1, 1, 1, 2, 1, 1, 1, 1, 1, 1, 1, 1, 1, 1, 1, 1, 1, 1, 1, 1, 1, 1, 1, 1, 1, 1, 1, 1, 1, 1, 1, 1, 1, 1, 1, 1, 1, 1, 1, 1, 1, 1, 1, 1, 1, 1, 1, 1, 1, 1, 1, 1]","[0, 0, 0, 0, 0, 0, 0, 0, 0, 0, 0, 0, 0, 0, 0, 0, 0, 0, 0, 0, 0, 1, 1, 0, 0, 1, 0, 0, 0, 0, 0, 0, 0, 0, 0, 0, 0, 0, 0, 0, 0, 0, 0, 0, 0, 0, 0, 0, 1, 0, 0, 0, 0, 0, 0, 0, 0, 0, 0, 0, 0, 0, 0, 0, 0, 0, 0, 0, 0, 0, 0, 0, 0, 0, 1, 0, 0, 0, 0, 0, 0, 0, 0, 0, 0, 0, 0, 0, 0, 0, 0, 0, 0, 0, 0, 0, 0, 0, 0, 0, 0, 0, 0, 0, 0, 0, 0, 0, 0, 0, 0, 0, 0, 0, 0, 0, 0, 0, 0, 0, 0, 0, 0]","[1, 1, 1, 1, 1, 1, 1, 1, 1, 1, 1, 1, 1, 1, 1, 1, 1, 1, 1, 1, 1, 2, 2, 1, 1, 2, 1, 1, 1, 1, 1, 1, 1, 1, 1, 1, 1, 1, 1, 1, 1, 1, 1, 1, 1, 1, 1, 1, 2, 1, 1, 1, 1, 1, 1, 1, 1, 1, 1, 1, 1, 1, 1, 1, 1, 1, 1, 1, 1, 1, 1, 1, 1, 1, 2, 1, 1, 1, 1, 1, 1, 1, 1, 1, 1, 1, 1, 1, 1, 1, 1, 1, 1, 1, 1, 1, 1, 1, 1, 1, 1, 1, 1, 1, 1, 1, 1, 1, 1, 1, 1, 1, 1, 1, 1, 1, 1, 1, 1, 1, 1, 1, 1]",128,123,26,True,-1
T16_D4,152,1.0159,"[1, 1, 1, 1, 1, 1, 1, 1, 1, 1, 1, 1, 1, 1, 1, 1, 1, 1, 1, 1, 1, 1, 1, 1, 1, 1, 1, 1, 1, 1, 1, 1, 1, 1, 1, 2, 1, 1, 1, 1, 1, 1, 1, 1, 1, 1, 1, 2, 1, 1, 1, 1, 1, 1, 1, 1, 1, 1, 1, 1, 1, 1, 1, 1, 1, 1, 1, 1, 1, 1, 1, 1, 1, 1, 1, 1, 1, 1, 1, 1, 1, 1, 1, 1, 1, 1, 1, 1, 1, 1, 1, 1, 1, 1, 1, 1, 1, 1, 1, 1, 1, 1, 1, 1, 1, 1, 1, 1, 1, 1, 1, 1, 1, 1, 1, 1, 1, 1, 1, 1, 1, 1, 1, 1, 1, 1]","[0, 0, 0, 0, 0, 0, 0, 0, 0, 0, 0, 0, 0, 0, 0, 0, 0, 0, 0, 0, 0, 0, 0, 0, 0, 0, 0, 0, 0, 0, 0, 0, 0, 0, 0, 1, 0, 0, 0, 0, 0, 0, 0, 0, 0, 0, 0, 1, 0, 0, 0, 0, 0, 0, 0, 0, 0, 0, 0, 0, 0, 0, 0, 0, 0, 0, 0, 0, 0, 0, 0, 0, 0, 0, 0, 0, 0, 0, 0, 0, 0, 0, 0, 0, 0, 0, 0, 0, 0, 0, 0, 0, 0, 0, 0, 0, 0, 0, 0, 0, 0, 0, 0, 0, 0, 0, 0, 0, 0, 0, 0, 0, 0, 0, 0, 0, 0, 0, 0, 0, 0, 0, 0, 0, 0, 0]","[1, 1, 1, 1, 1, 1, 1, 1, 1, 1, 1, 1, 1, 1, 1, 1, 1, 1, 1, 1, 1, 1, 1, 1, 1, 1, 1, 1, 1, 1, 1, 1, 1, 1, 1, 2, 1, 1, 1, 1, 1, 1, 1, 1, 1, 1, 1, 2, 1, 1, 1, 1, 1, 1, 1, 1, 1, 1, 1, 1, 1, 1, 1, 1, 1, 1, 1, 1, 1, 1, 1, 1, 1, 1, 1, 1, 1, 1, 1, 1, 1, 1, 1, 1, 1, 1, 1, 1, 1, 1, 1, 1, 1, 1, 1, 1, 1, 1, 1, 1, 1, 1, 1, 1, 1, 1, 1, 1, 1, 1, 1, 1, 1, 1, 1, 1, 1, 1, 1, 1, 1, 1, 1, 1, 1, 1]",128,126,26,True,-1
T16_D4,153,1.024,"[1, 1, 1, 1, 1, 1, 1, 1, 1, 1, 2, 2, 1, 1, 1, 1, 1, 1, 1, 1, 1, 1, 1, 1, 1, 1, 1, 1, 1, 1, 1, 1, 1, 1, 1, 1, 1, 1, 1, 1, 1, 1, 1, 1, 1, 1, 1, 1, 1, 1, 1, 1, 1, 1, 1, 1, 1, 1, 1, 1, 1, 1, 1, 1, 1, 1, 1, 1, 1, 1, 1, 1, 1, 1, 1, 1, 1, 1, 1, 1, 1, 1, 1, 1, 1, 1, 1, 1, 1, 1, 1, 1, 1, 1, 1, 1, 1, 1, 1, 1, 1, 1, 1, 1, 1, 1, 1, 1, 1, 1, 1, 1, 1, 1, 1, 1, 1, 1, 2, 1, 1, 1, 1, 1, 1]","[0, 0, 0, 0, 0, 0, 0, 0, 0, 0, 1, 1, 0, 0, 0, 0, 0, 0, 0, 0, 0, 0, 0, 0, 0, 0, 0, 0, 0, 0, 0, 0, 0, 0, 0, 0, 0, 0, 0, 0, 0, 0, 0, 0, 0, 0, 0, 0, 0, 0, 0, 0, 0, 0, 0, 0, 0, 0, 0, 0, 0, 0, 0, 0, 0, 0, 0, 0, 0, 0, 0, 0, 0, 0, 0, 0, 0, 0, 0, 0, 0, 0, 0, 0, 0, 0, 0, 0, 0, 0, 0, 0, 0, 0, 0, 0, 0, 0, 0, 0, 0, 0, 0, 0, 0, 0, 0, 0, 0, 0, 0, 0, 0, 0, 0, 0, 0, 0, 1, 0, 0, 0, 0, 0, 0]","[1, 1, 1, 1, 1, 1, 1, 1, 1, 1, 2, 2, 1, 1, 1, 1, 1, 1, 1, 1, 1, 1, 1, 1, 1, 1, 1, 1, 1, 1, 1, 1, 1, 1, 1, 1, 1, 1, 1, 1, 1, 1, 1, 1, 1, 1, 1, 1, 1, 1, 1, 1, 1, 1, 1, 1, 1, 1, 1, 1, 1, 1, 1, 1, 1, 1, 1, 1, 1, 1, 1, 1, 1, 1, 1, 1, 1, 1, 1, 1, 1, 1, 1, 1, 1, 1, 1, 1, 1, 1, 1, 1, 1, 1, 1, 1, 1, 1, 1, 1, 1, 1, 1, 1, 1, 1, 1, 1, 1, 1, 1, 1, 1, 1, 1, 1, 1, 1, 2, 1, 1, 1, 1, 1, 1]",128,125,26,False,58
T16_D4,154,1.1228,"[1, 1, 1, 1, 1, 1, 1, 1, 1, 1, 1, 1, 1, 1, 1, 1, 1, 1, 2, 1, 1, 1, 2, 1, 1, 1, 1, 2, 1, 2, 1, 1, 2, 1, 1, 1, 2, 1, 1, 1, 1, 1, 1, 1, 1, 2, 1, 1, 2, 1, 1, 1, 1, 1, 1, 2, 1, 1, 1, 1, 1, 1, 1, 1, 1, 1, 1, 2, 1, 1, 2, 1, 1, 1, 1, 1, 1, 1, 1, 2, 1, 1, 1, 1, 1, 1, 1, 1, 1, 1, 1, 1, 1, 1, 1, 1, 1, 1, 2, 1, 1, 1, 1, 1, 1, 1, 1, 1, 1, 1, 2, 1, 1, 1]","[0, 0, 0, 0, 0, 0, 0, 0, 0, 0, 0, 0, 0, 0, 0, 0, 0, 0, 1, 0, 0, 0, 1, 0, 0, 0, 0, 1, 0, 1, 0, 0, 1, 0, 0, 0, 1, 0, 0, 0, 0, 0, 0, 0, 0, 1, 0, 0, 1, 0, 0, 0, 0, 0, 0, 1, 0, 0, 0, 0, 0, 0, 0, 0, 0, 0, 0, 1, 0, 0, 1, 0, 0, 0, 0, 0, 0, 0, 0, 1, 0, 0, 0, 0, 0, 0, 0, 0, 0, 0, 0, 0, 0, 0, 0, 0, 0, 0, 1, 0, 0, 0, 0, 0, 0, 0, 0, 0, 0, 0, 1, 0, 0, 0]","[1, 1, 1, 1, 1, 1, 1, 1, 1, 1, 1, 1, 1, 1, 1, 1, 1, 1, 2, 1, 1, 1, 2, 1, 1, 1, 1, 2, 1, 2, 1, 1, 2, 1, 1, 1, 2, 1, 1, 1, 1, 1, 1, 1, 1, 2, 1, 1, 2, 1, 1, 1, 1, 1, 1, 2, 1, 1, 1, 1, 1, 1, 1, 1, 1, 1, 1, 2, 1, 1, 2, 1, 1, 1, 1, 1, 1, 1, 1, 2, 1, 1, 1, 1, 1, 1, 1, 1, 1, 1, 1, 1, 1, 1, 1, 1, 1, 1, 2, 1, 1, 1, 1, 1, 1, 1, 1, 1, 1, 1, 2, 1, 1, 1]",128,114,26,True,-1
T16_D4,155,1.0079,"[1, 1, 1, 1, 1, 1, 1, 1, 1, 1, 1, 1, 1, 1, 1, 1, 1, 1, 1, 1, 1, 1, 1, 1, 1, 1, 1, 1, 1, 1, 1, 1, 1, 1, 1, 1, 1, 1, 1, 1, 1, 1, 1, 1, 1, 1, 1, 1, 1, 1, 1, 1, 1, 1, 1, 1, 1, 1, 1, 1, 1, 1, 1, 1, 1, 1, 1, 1, 1, 1, 1, 1, 1, 1, 1, 1, 1, 1, 1, 1, 1, 1, 1, 1, 1, 1, 1, 1, 1, 1, 1, 1, 1, 1, 1, 1, 1, 1, 1, 1, 1, 1, 1, 1, 2, 1, 1, 1, 1, 1, 1, 1, 1, 1, 1, 1, 1, 1, 1, 1, 1, 1, 1, 1, 1, 1, 1]","[0, 0, 0, 0, 0, 0, 0, 0, 0, 0, 0, 0, 0, 0, 0, 0, 0, 0, 0, 0, 0, 0, 0, 0, 0, 0, 0, 0, 0, 0, 0, 0, 0, 0, 0, 0, 0, 0, 0, 0, 0, 0, 0, 0, 0, 0, 0, 0, 0, 0, 0, 0, 0, 0, 0, 0, 0, 0, 0, 0, 0, 0, 0, 0, 0, 0, 0, 0, 0, 0, 0, 0, 0, 0, 0, 0, 0, 0, 0, 0, 0, 0, 0, 0, 0, 0, 0, 0, 0, 0, 0, 0, 0, 0, 0, 0, 0, 0, 0, 0, 0, 0, 0, 0, 1, 0, 0, 0, 0, 0, 0, 0, 0, 0, 0, 0, 0, 0, 0, 0, 0, 0, 0, 0, 0, 0, 0]","[1, 1, 1, 1, 1, 1, 1, 1, 1, 1, 1, 1, 1, 1, 1, 1, 1, 1, 1, 1, 1, 1, 1, 1, 1, 1, 1, 1, 1, 1, 1, 1, 1, 1, 1, 1, 1, 1, 1, 1, 1, 1, 1, 1, 1, 1, 1, 1, 1, 1, 1, 1, 1, 1, 1, 1, 1, 1, 1, 1, 1, 1, 1, 1, 1, 1, 1, 1, 1, 1, 1, 1, 1, 1, 1, 1, 1, 1, 1, 1, 1, 1, 1, 1, 1, 1, 1, 1, 1, 1, 1, 1, 1, 1, 1, 1, 1, 1, 1, 1, 1, 1, 1, 1, 2, 1, 1, 1, 1, 1, 1, 1, 1, 1, 1, 1, 1, 1, 1, 1, 1, 1, 1, 1, 1, 1, 1]",128,127,26,True,-1
T16_D4,156,1.024,"[1, 1, 1, 1, 1, 1, 1, 1, 1, 1, 1, 1, 1, 1, 1, 1, 1, 2, 1, 1, 1, 1, 1, 1, 1, 1, 1, 1, 1, 1, 1, 1, 1, 1, 1, 1, 1, 1, 1, 1, 1, 1, 1, 1, 1, 1, 1, 1, 1, 1, 1, 1, 1, 1, 1, 1, 1, 1, 1, 1, 1, 1, 1, 1, 1, 1, 1, 1, 1, 1, 1, 1, 1, 1, 1, 1, 1, 1, 1, 1, 1, 1, 1, 1, 1, 1, 1, 1, 1, 1, 1, 1, 1, 1, 1, 1, 3, 1, 1, 1, 1, 1, 1, 1, 1, 1, 1, 1, 1, 1, 1, 1, 1, 1, 1, 1, 1, 1, 1, 1, 1, 1, 1, 1, 1]","[0, 0, 0, 0, 0, 0, 0, 0, 0, 0, 0, 0, 0, 0, 0, 0, 0, 1, 0, 0, 0, 0, 0, 0, 0, 0, 0, 0, 0, 0, 0, 0, 0, 0, 0, 0, 0, 0, 0, 0, 0, 0, 0, 0, 0, 0, 0, 0, 0, 0, 0, 0, 0, 0, 0, 0, 0, 0, 0, 0, 0, 0, 0, 0, 0, 0, 0, 0, 0, 0, 0, 0, 0, 0, 0, 0, 0, 0, 0, 0, 0, 0, 0, 0, 0, 0, 0, 0, 0, 0, 0, 0, 0, 0, 0, 0, 2, 0, 0, 0, 0, 0, 0, 0, 0, 0, 0, 0, 0, 0, 0, 0, 0, 0, 0, 0, 0, 0, 0, 0, 0, 0, 0, 0, 0]","[1, 1, 1, 1, 1, 1, 1, 1, 1, 1, 1, 1, 1, 1, 1, 1, 1, 2, 1, 1, 1, 1, 1, 1, 1, 1, 1, 1, 1, 1, 1, 1, 1, 1, 1, 1, 1, 1, 1, 1, 1, 1, 1, 1, 1, 1, 1, 1, 1, 1, 1, 1, 1, 1, 1, 1, 1, 1, 1, 1, 1, 1, 1, 1, 1, 1, 1, 1, 1, 1, 1, 1, 1, 1, 1, 1, 1, 1, 1, 1, 1, 1, 1, 1, 1, 1, 1, 1, 1, 1, 1, 1, 1, 1, 1, 1, 3, 1, 1, 1, 1, 1, 1, 1, 1, 1, 1, 1, 1, 1, 1, 1, 1, 1, 1, 1, 1, 1, 1, 1, 1, 1, 1, 1, 1]",128,125,26,True,-1
T16_D4,157,1.0323,"[1, 1, 1, 1, 1, 1, 1, 1, 1, 1, 1, 1, 1, 1, 1, 1, 2, 1, 1, 1, 1, 1, 1, 1, 1, 1, 1, 1, 1, 1, 1, 1, 1, 1, 1, 1, 1, 1, 1, 1, 1, 1, 1, 1, 1, 1, 1, 1, 1, 2, 1, 1, 1, 1, 1, 1, 2, 1, 1, 1, 1, 1, 1, 1, 1, 1, 1, 1, 1, 1, 1, 1, 1, 1, 1, 1, 1, 1, 1, 1, 1, 1, 1, 1, 1, 2, 1, 1, 1, 1, 1, 1, 1, 1, 1, 1, 1, 1, 1, 1, 1, 1, 1, 1, 1, 1, 1, 1, 1, 1, 1, 1, 1, 1, 1, 1, 1, 1, 1, 1, 1, 1, 1, 1]","[0, 0, 0, 0, 0, 0, 0, 0, 0, 0, 0, 0, 0, 0, 0, 0, 1, 0, 0, 0, 0, 0, 0, 0, 0, 0, 0, 0, 0, 0, 0, 0, 0, 0, 0, 0, 0, 0, 0, 0, 0, 0, 0, 0, 0, 0, 0, 0, 0, 1, 0, 0, 0, 0, 0, 0, 1, 0, 0, 0, 0, 0, 0, 0, 0, 0, 0, 0, 0, 0, 0, 0, 0, 0, 0, 0, 0, 0, 0, 0, 0, 0, 0, 0, 0, 1, 0, 0, 0, 0, 0, 0, 0, 0, 0, 0, 0, 0, 0, 0, 0, 0, 0, 0, 0, 0, 0, 0, 0, 0, 0, 0, 0, 0, 0, 0, 0, 0, 0, 0, 0, 0, 0, 0]","[1, 1, 1, 1, 1, 1, 1, 1, 1, 1, 1, 1, 1, 1, 1, 1, 2, 1, 1, 1, 1, 1, 1, 1, 1, 1, 1, 1, 1, 1, 1, 1, 1, 1, 1, 1, 1, 1, 1, 1, 1, 1, 1, 1, 1, 1, 1, 1, 1, 2, 1, 1, 1, 1, 1, 1, 2, 1, 1, 1, 1, 1, 1, 1, 1, 1, 1, 1, 1, 1, 1, 1, 1, 1, 1, 1, 1, 1, 1, 1, 1, 1, 1, 1, 1, 2, 1, 1, 1, 1, 1, 1, 1, 1, 1, 1, 1, 1, 1, 1, 1, 1, 1, 1, 1, 1, 1, 1, 1, 1, 1, 1, 1, 1, 1, 1, 1, 1, 1, 1, 1, 1, 1, 1]",128,124,26,True,-1
T16_D4,158,1.024,"[1, 1, 1, 1, 1, 1, 1, 1, 1, 1, 1, 1, 1, 1, 1, 1, 1, 1, 1, 1, 1, 1, 1, 1, 1, 1, 1, 1, 2, 1, 1, 1, 1, 1, 1, 1, 1, 1, 1, 1, 1, 1, 2, 1, 1, 1, 1, 1, 1, 1, 1, 1, 1, 1, 1, 1, 1, 1, 1, 1, 1, 1, 1, 1, 1, 1, 1, 1, 1, 1, 1, 1, 1, 1, 1, 1, 1, 1, 1, 1, 2, 1, 1, 1, 1, 1, 1, 1, 1, 1, 1, 1, 1, 1, 1, 1, 1, 1, 1, 1, 1, 1, 1, 1, 1, 1, 1, 1, 1, 1, 1, 1, 1, 1, 1, 1, 1, 1, 1, 1, 1, 1, 1, 1, 1]","[0, 0, 0, 0, 0, 0, 0, 0, 0, 0, 0, 0, 0, 0, 0, 0, 0, 0, 0, 0, 0, 0, 0, 0, 0, 0, 0, 0, 1, 0, 0, 0, 0, 0, 0, 0, 0, 0, 0, 0, 0, 0, 1, 0, 0, 0, 0, 0, 0, 0, 0, 0, 0, 0, 0, 0, 0, 0, 0, 0, 0, 0, 0, 0, 0, 0, 0, 0, 0, 0, 0, 0, 0, 0, 0, 0, 0, 0, 0, 0, 1, 0, 0, 0, 0, 0, 0, 0, 0, 0, 0, 0, 0, 0, 0, 0, 0, 0, 0, 0, 0, 0, 0, 0, 0, 0, 0, 0, 0, 0, 0, 0, 0, 0, 0, 0, 0, 0, 0, 0, 0, 0, 0, 0, 0]","[1, 1, 1, 1, 1, 1, 1, 1, 1, 1, 1, 1, 1, 1, 1, 1, 1, 1, 1, 1, 1, 1, 1, 1, 1, 1, 1, 1, 2, 1, 1, 1, 1, 1, 1, 1, 1, 1, 1, 1, 1, 1, 2, 1, 1, 1, 1, 1, 1, 1, 1, 1, 1, 1, 1, 1, 1, 1, 1, 1, 1, 1, 1, 1, 1, 1, 1, 1, 1, 1, 1, 1, 1, 1, 1, 1, 1, 1, 1, 1, 2, 1, 1, 1, 1, 1, 1, 1, 1, 1, 1, 1, 1, 1, 1, 1, 1, 1, 1, 1, 1, 1, 1, 1, 1, 1, 1, 1, 1, 1, 1, 1, 1, 1, 1, 1, 1, 1, 1, 1, 1, 1, 1, 1, 1]",128,125,26,True,-1
T16_D4,159,1.0323,"[1, 1, 1, 1, 1, 1, 1, 1, 1, 1, 1, 1, 1, 1, 1, 1, 1, 1, 1, 1, 1, 1, 1, 1, 2, 1, 1, 1, 1, 1, 2, 1, 1, 1, 1, 1, 1, 1, 1, 1, 1, 1, 1, 1, 1, 1, 1, 1, 1, 1, 1, 1, 1, 1, 2, 1, 1, 1, 1, 1, 1, 1, 1, 1, 1, 1, 1, 1, 1, 1, 1, 1, 1, 1, 1, 1, 1, 1, 1, 1, 1, 1, 1, 1, 1, 1, 1, 1, 1, 1, 1, 1, 1, 1, 1, 1, 1, 1, 1, 1, 1, 1, 1, 1, 1, 1, 1, 1, 2, 1, 1, 1, 1, 1, 1, 1, 1, 1, 1, 1, 1, 1, 1, 1]","[0, 0, 0, 0, 0, 0, 0, 0, 0, 0, 0, 0, 0, 0, 0, 0, 0, 0, 0, 0, 0, 0, 0, 0, 1, 0, 0, 0, 0, 0, 1, 0, 0, 0, 0, 0, 0, 0, 0, 0, 0, 0, 0, 0, 0, 0, 0, 0, 0, 0, 0, 0, 0, 0, 1, 0, 0, 0, 0, 0, 0, 0, 0, 0, 0, 0, 0, 0, 0, 0, 0, 0, 0, 0, 0, 0, 0, 0, 0, 0, 0, 0, 0, 0, 0, 0, 0, 0, 0, 0, 0, 0, 0, 0, 0, 0, 0, 0, 0, 0, 0, 0, 0, 0, 0, 0, 0, 0, 1, 0, 0, 0, 0, 0, 0, 0, 0, 0, 0, 0, 0, 0, 0, 0]","[1, 1, 1, 1, 1, 1, 1, 1, 1, 1, 1, 1, 1, 1, 1, 1, 1, 1, 1, 1, 1, 1, 1, 1, 2, 1, 1, 1, 1, 1, 2, 1, 1, 1, 1, 1, 1, 1, 1, 1, 1, 1, 1, 1, 1, 1, 1, 1, 1, 1, 1, 1, 1, 1, 2, 1, 1, 1, 1, 1, 1, 1, 1, 1, 1, 1, 1, 1, 1, 1, 1, 1, 1, 1, 1, 1, 1, 1, 1, 1, 1, 1, 1, 1, 1, 1, 1, 1, 1, 1, 1, 1, 1, 1, 1, 1, 1, 1, 1, 1, 1, 1, 1, 1, 1, 1, 1, 1, 2, 1, 1, 1, 1, 1, 1, 1, 1, 1, 1, 1, 1, 1, 1, 1]",128,124,26,True,-1
T16_D4,160,1.0323,"[1, 1, 1, 1, 1, 1, 1, 1, 1, 1, 1, 1, 1, 1, 1, 1, 1, 1, 1, 1, 1, 1, 1, 1, 1, 1, 1, 1, 1, 1, 1, 1, 1, 1, 1, 1, 1, 1, 1, 1, 1, 1, 1, 1, 1, 1, 1, 1, 1, 1, 1, 1, 1, 2, 1, 1, 1, 1, 1, 1, 1, 1, 1, 1, 1, 1, 1, 1, 1, 1, 1, 1, 1, 1, 1, 1, 1, 1, 1, 1, 1, 1, 1, 1, 1, 1, 1, 1, 1, 1, 1, 1, 1, 1, 1, 1, 1, 1, 1, 1, 1, 1, 2, 1, 1, 1, 1, 1, 1, 1, 1, 1, 2, 1, 1, 1, 1, 1, 2, 1, 1, 1, 1, 1]","[0, 0, 0, 0, 0, 0, 0, 0, 0, 0, 0, 0, 0, 0, 0, 0, 0, 0, 0, 0, 0, 0, 0, 0, 0, 0, 0, 0, 0, 0, 0, 0, 0, 0, 0, 0, 0, 0, 0, 0, 0, 0, 0, 0, 0, 0, 0, 0, 0, 0, 0, 0, 0, 1, 0, 0, 0, 0, 0, 0, 0, 0, 0, 0, 0, 0, 0, 0, 0, 0, 0, 0, 0, 0, 0, 0, 0, 0, 0, 0, 0, 0, 0, 0, 0, 0, 0, 0, 0, 0, 0, 0, 0, 0, 0, 0, 0, 0, 0, 0, 0, 0, 1, 0, 0, 0, 0, 0, 0, 0, 0, 0, 1, 0, 0, 0, 0, 0, 1, 0, 0, 0, 0, 0]","[1, 1, 1, 1, 1, 1, 1, 1, 1, 1, 1, 1, 1, 1, 1, 1, 1, 1, 1, 1, 1, 1, 1, 1, 1, 1, 1, 1, 1, 1, 1, 1, 1, 1, 1, 1, 1, 1, 1, 1, 1, 1, 1, 1, 1, 1, 1, 1, 1, 1, 1, 1, 1, 2, 1, 1, 1, 1, 1, 1, 1, 1, 1, 1, 1, 1, 1, 1, 1, 1, 1, 1, 1, 1, 1, 1, 1, 1, 1, 1, 1, 1, 1, 1, 1, 1, 1, 1, 1, 1, 1, 1, 1, 1, 1, 1, 1, 1, 1, 1, 1, 1, 2, 1, 1, 1, 1, 1, 1, 1, 1, 1, 2, 1, 1, 1, 1, 1, 2, 1, 1, 1, 1, 1]",128,124,26,True,-1
