cell,prompt_id,mean_acceptance,acceptance_list,accepted_depths,first_rejection_depths,n_new_tokens,n_cycles,tree_size,exact_match,first_mismatch
T8_D16,81,3.2,"[3, 6, 1, 4, 6, 5, 5, 4, 4, 3, 2, 4, 4, 1, 3, 4, 2, 2, 3, 1, 3, 3, 3, 4, 2, 1, 5, 4, 4, 6, 1, 2, 4, 3, 3, 4, 3, 2, 2, 2]","[2, 5, 0, 3, 5, 4, 4, 3, 3, 2, 1, 3, 3, 0, 2, 3, 1, 1, 2, 0, 2, 2, 2, 3, 1, 0, 4, 3, 3, 5, 0, 1, 3, 2, 2, 3, 2, 1, 1, 1]","[3, 5, 1, 4, 5, 5, 5, 4, 4, 3, 2, 4, 4, 1, 3, 4, 2, 2, 3, 1, 3, 3, 3, 4, 2, 1, 5, 4, 4, 5, 1, 2, 4, 3, 3, 4, 3, 2, 2, 2]",128,40,26,False,20
T8_D16,82,4.1613,"[4, 4, 3, 4, 4, 4, 6, 6, 6, 2, 5, 6, 4, 2, 3, 3, 4, 4, 6, 4, 5, 4, 4, 4, 4, 3, 4, 5, 4, 4, 4]","[3, 3, 2, 3, 3, 3, 5, 5, 5, 1, 4, 5, 3, 1, 2, 2, 3, 3, 5, 3, 4, 3, 3, 3, 3, 2, 3, 4, 3, 3, 3]","[4, 4, 3, 4, 4, 4, 5, 5, 5, 2, 5, 5, 4, 2, 3, 3, 4, 4, 5, 4, 5, 4, 4, 4, 4, 3, 4, 5, 4, 4, 4]",128,31,26,False,101
T8_D16,83,3.6111,"[6, 4, 4, 6, 6, 3, 4, 3, 4, 6, 4, 4, 4, 6, 2, 3, 3, 3, 2, 3, 4, 2, 4, 3, 1, 4, 4, 3, 1, 3, 3, 5, 6, 2, 2, 3]","[5, 3, 3, 5, 5, 2, 3, 2, 3, 5, 3, 3, 3, 5, 1, 2, 2, 2, 1, 2, 3, 1, 3, 2, 0, 3, 3, 2, 0, 2, 2, 4, 5, 1, 1, 2]","[5, 4, 4, 5, 5, 3, 4, 3, 4, 5, 4, 4, 4, 5, 2, 3, 3, 3, 2, 3, 4, 2, 4, 3, 1, 4, 4, 3, 1, 3, 3, 5, 5, 2, 2, 3]",128,36,26,True,-1
T8_D16,84,3.5135,"[4, 2, 3, 4, 3, 6, 2, 2, 6, 5, 4, 2, 3, 2, 2, 4, 2, 4, 1, 4, 4, 3, 2, 4, 4, 3, 6, 5, 1, 4, 4, 6, 3, 4, 4, 4, 4]","[3, 1, 2, 3, 2, 5, 1, 1, 5, 4, 3, 1, 2, 1, 1, 3, 1, 3, 0, 3, 3, 2, 1, 3, 3, 2, 5, 4, 0, 3, 3, 5, 2, 3, 3, 3, 3]","[4, 2, 3, 4, 3, 5, 2, 2, 5, 5, 4, 2, 3, 2, 2, 4, 2, 4, 1, 4, 4, 3, 2, 4, 4, 3, 5, 5, 1, 4, 4, 5, 3, 4, 4, 4, 4]",128,37,26,True,-1
T8_D16,85,2.8043,"[1, 5, 3, 2, 3, 3, 4, 4, 1, 1, 5, 3, 4, 2, 3, 3, 1, 3, 2, 1, 2, 3, 2, 2, 4, 4, 4, 5, 2, 2, 4, 2, 4, 1, 1, 6, 4, 3, 1, 2, 3, 3, 2, 2, 2, 5]","[0, 4, 2, 1, 2, 2, 3, 3, 0, 0, 4, 2, 3, 1, 2, 2, 0, 2, 1, 0, 1, 2, 1, 1, 3, 3, 3, 4, 1, 1, 3, 1, 3, 0, 0, 5, 3, 2, 0, 1, 2, 2, 1, 1, 1, 4]","[1, 5, 3, 2, 3, 3, 4, 4, 1, 1, 5, 3, 4, 2, 3, 3, 1, 3, 2, 1, 2, 3, 2, 2, 4, 4, 4, 5, 2, 2, 4, 2, 4, 1, 1, 5, 4, 3, 1, 2, 3, 3, 2, 2, 2, 5]",128,46,26,True,-1
T8_D16,86,2.7234,"[3, 4, 6, 6, 3, 4, 1, 4, 1, 2, 3, 3, 1, 2, 4, 3, 2, 1, 4, 3, 2, 1, 2, 3, 3, 1, 1, 3, 1, 1, 3, 2, 4, 2, 5, 4, 4, 3, 2, 4, 2, 5, 2, 2, 2, 3, 1]","[2, 3, 5, 5, 2, 3, 0, 3, 0, 1, 2, 2, 0, 1, 3, 2, 1, 0, 3, 2, 1, 0, 1, 2, 2, 0, 0, 2, 0, 0, 2, 1, 3, 1, 4, 3, 3, 2, 1, 3, 1, 4, 1, 1, 1, 2, 0]","[3, 4, 5, 5, 3, 4, 1, 4, 1, 2, 3, 3, 1, 2, 4, 3, 2, 1, 4, 3, 2, 1, 2, 3, 3, 1, 1, 3, 1, 1, 3, 2, 4, 2, 5, 4, 4, 3, 2, 4, 2, 5, 2, 2, 2, 3, 1]",128,47,26,False,41
T8_D16,87,3.0476,"[3, 4, 5, 3, 5, 6, 3, 4, 6, 3, 3, 2, 3, 5, 1, 1, 2, 2, 3, 4, 2, 6, 1, 1, 4, 2, 4, 3, 5, 2, 3, 2, 3, 2, 2, 4, 3, 2, 2, 4, 1, 2]","[2, 3, 4, 2, 4, 5, 2, 3, 5, 2, 2, 1, 2, 4, 0, 0, 1, 1, 2, 3, 1, 5, 0, 0, 3, 1, 3, 2, 4, 1, 2, 1, 2, 1, 1, 3, 2, 1, 1, 3, 0, 1]","[3, 4, 5, 3, 5, 5, 3, 4, 5, 3, 3, 2, 3, 5, 1, 1, 2, 2, 3, 4, 2, 5, 1, 1, 4, 2, 4, 3, 5, 2, 3, 2, 3, 2, 2, 4, 3, 2, 2, 4, 1, 2]",128,42,26,False,60
T8_D16,88,2.9767,"[1, 3, 3, 2, 4, 4, 3, 2, 2, 4, 5, 4, 3, 3, 4, 3, 1, 4, 2, 4, 3, 2, 3, 2, 3, 2, 1, 1, 4, 4, 2, 4, 2, 5, 1, 5, 4, 3, 4, 2, 4, 3, 3]","[0, 2, 2, 1, 3, 3, 2, 1, 1, 3, 4, 3, 2, 2, 3, 2, 0, 3, 1, 3, 2, 1, 2, 1, 2, 1, 0, 0, 3, 3, 1, 3, 1, 4, 0, 4, 3, 2, 3, 1, 3, 2, 2]","[1, 3, 3, 2, 4, 4, 3, 2, 2, 4, 5, 4, 3, 3, 4, 3, 1, 4, 2, 4, 3, 2, 3, 2, 3, 2, 1, 1, 4, 4, 2, 4, 2, 5, 1, 5, 4, 3, 4, 2, 4, 3, 3]",128,43,26,True,-1
T8_D16,89,3.6857,"[3, 3, 6, 4, 3, 2, 6, 3, 5, 5, 4, 3, 6, 5, 6, 2, 3, 5, 1, 4, 1, 2, 4, 1, 4, 5, 2, 4, 2, 4, 3, 4, 6, 4, 4]","[2, 2, 5, 3, 2, 1, 5, 2, 4, 4, 3, 2, 5, 4, 5, 1, 2, 4, 0, 3, 0, 1, 3, 0, 3, 4, 1, 3, 1, 3, 2, 3, 5, 3, 3]","[3, 3, 5, 4, 3, 2, 5, 3, 5, 5, 4, 3, 5, 5, 5, 2, 3, 5, 1, 4, 1, 2, 4, 1, 4, 5, 2, 4, 2, 4, 3, 4, 5, 4, 4]",128,35,26,False,13
T8_D16,90,3.6667,"[3, 6, 5, 4, 2, 4, 3, 4, 3, 3, 1, 4, 4, 5, 2, 2, 5, 4, 5, 4, 5, 4, 5, 1]","[2, 5, 4, 3, 1, 3, 2, 3, 2, 2, 0, 3, 3, 4, 1, 1, 4, 3, 4, 3, 4, 3, 4, 0]","[3, 5, 5, 4, 2, 4, 3, 4, 3, 3, 1, 4, 4, 5, 2, 2, 5, 4, 5, 4, 5, 4, 5, 1]",88,24,26,False,32
T8_D16,91,2.8667,"[1, 4, 3, 4, 3, 1, 4, 6, 4, 4, 5, 2, 2, 1, 2, 3, 2, 4, 2, 2, 2, 3, 1, 3, 1, 2, 4, 6, 1, 2, 2, 4, 5, 1, 2, 4, 1, 1, 4, 5, 2, 3, 4, 5, 2]","[0, 3, 2, 3, 2, 0, 3, 5, 3, 3, 4, 1, 1, 0, 1, 2, 1, 3, 1, 1, 1, 2, 0, 2, 0, 1, 3, 5, 0, 1, 1, 3, 4, 0, 1, 3, 0, 0, 3, 4, 1, 2, 3, 4, 1]","[1, 4, 3, 4, 3, 1, 4, 5, 4, 4, 5, 2, 2, 1, 2, 3, 2, 4, 2, 2, 2, 3, 1, 3, 1, 2, 4, 5, 1, 2, 2, 4, 5, 1, 2, 4, 1, 1, 4, 5, 2, 3, 4, 5, 2]",128,45,26,False,31
T8_D16,92,2.6735,"[3, 3, 3, 3, 3, 3, 2, 4, 6, 2, 1, 1, 4, 4, 1, 3, 2, 3, 2, 1, 4, 4, 2, 1, 1, 4, 1, 1, 1, 2, 4, 4, 4, 4, 1, 2, 5, 2, 1, 4, 4, 4, 2, 2, 6, 1, 1, 1, 4]","[2, 2, 2, 2, 2, 2, 1, 3, 5, 1, 0, 0, 3, 3, 0, 2, 1, 2, 1, 0, 3, 3, 1, 0, 0, 3, 0, 0, 0, 1, 3, 3, 3, 3, 0, 1, 4, 1, 0, 3, 3, 3, 1, 1, 5, 0, 0, 0, 3]","[3, 3, 3, 3, 3, 3, 2, 4, 5, 2, 1, 1, 4, 4, 1, 3, 2, 3, 2, 1, 4, 4, 2, 1, 1, 4, 1, 1, 1, 2, 4, 4, 4, 4, 1, 2, 5, 2, 1, 4, 4, 4, 2, 2, 5, 1, 1, 1, 4]",128,49,26,False,53
T8_D16,93,3.8788,"[6, 6, 3, 3, 4, 4, 6, 2, 4, 5, 4, 4, 4, 4, 2, 5, 4, 3, 2, 3, 4, 4, 4, 5, 4, 2, 2, 4, 6, 2, 6, 4, 3]","[5, 5, 2, 2, 3, 3, 5, 1, 3, 4, 3, 3, 3, 3, 1, 4, 3, 2, 1, 2, 3, 3, 3, 4, 3, 1, 1, 3, 5, 1, 5, 3, 2]","[5, 5, 3, 3, 4, 4, 5, 2, 4, 5, 4, 4, 4, 4, 2, 5, 4, 3, 2, 3, 4, 4, 4, 5, 4, 2, 2, 4, 5, 2, 5, 4, 3]",128,33,26,False,101
T8_D16,94,3.2353,"[6, 5, 1, 2, 5, 6, 4, 4, 2, 2, 2, 3, 2, 2, 3, 4, 2]","[5, 4, 0, 1, 4, 5, 3, 3, 1, 1, 1, 2, 1, 1, 2, 3, 1]","[5, 5, 1, 2, 5, 5, 4, 4, 2, 2, 2, 3, 2, 2, 3, 4, 2]",55,17,26,True,-1
T8_D16,95,2.9091,"[5, 6, 2, 3, 2, 2, 3, 4, 4, 2, 2, 2, 2, 1, 1, 3, 2, 3, 2, 2, 2, 2, 2, 6, 4, 6, 4, 4, 3, 4, 1, 3, 2, 2, 2, 3, 6, 2, 4, 3, 3, 2, 3, 2]","[4, 5, 1, 2, 1, 1, 2, 3, 3, 1, 1, 1, 1, 0, 0, 2, 1, 2, 1, 1, 1, 1, 1, 5, 3, 5, 3, 3, 2, 3, 0, 2, 1, 1, 1, 2, 5, 1, 3, 2, 2, 1, 2, 1]","[5, 5, 2, 3, 2, 2, 3, 4, 4, 2, 2, 2, 2, 1, 1, 3, 2, 3, 2, 2, 2, 2, 2, 5, 4, 5, 4, 4, 3, 4, 1, 3, 2, 2, 2, 3, 5, 2, 4, 3, 3, 2, 3, 2]",128,44,26,False,98
T8_D16,96,3.6857,"[1, 3, 5, 4, 3, 4, 6, 4, 2, 5, 4, 6, 3, 4, 4, 6, 2, 3, 2, 4, 5, 6, 2, 3, 5, 4, 4, 3, 3, 4, 4, 2, 4, 1, 4]","[0, 2, 4, 3, 2, 3, 5, 3, 1, 4, 3, 5, 2, 3, 3, 5, 1, 2, 1, 3, 4, 5, 1, 2, 4, 3, 3, 2, 2, 3, 3, 1, 3, 0, 3]","[1, 3, 5, 4, 3, 4, 5, 4, 2, 5, 4, 5, 3, 4, 4, 5, 2, 3, 2, 4, 5, 5, 2, 3, 5, 4, 4, 3, 3, 4, 4, 2, 4, 1, 4]",128,35,26,True,-1
T8_D16,97,3.7143,"[4, 6, 3, 2, 6, 4, 2, 2, 6, 6, 2, 3, 4, 4, 4, 4, 1, 6, 3, 3, 6, 4, 2, 6, 2, 3, 6, 4, 2, 2, 5, 2, 2, 3, 6]","[3, 5, 2, 1, 5, 3, 1, 1, 5, 5, 1, 2, 3, 3, 3, 3, 0, 5, 2, 2, 5, 3, 1, 5, 1, 2, 5, 3, 1, 1, 4, 1, 1, 2, 5]","[4, 5, 3, 2, 5, 4, 2, 2, 5, 5, 2, 3, 4, 4, 4, 4, 1, 5, 3, 3, 5, 4, 2, 5, 2, 3, 5, 4, 2, 2, 5, 2, 2, 3, 5]",128,35,26,True,-1
T8_D16,98,2.4615,"[3, 2, 1, 3, 2, 3, 2, 2, 3, 2, 1, 3, 2, 4, 6, 1, 1, 2, 5, 3, 3, 5, 1, 1, 2, 3, 1, 1, 2, 1, 6, 1, 2, 3, 1, 2, 2, 3, 1, 4, 2, 2, 3, 4, 3, 3, 1, 4, 4, 2, 2, 2]","[2, 1, 0, 2, 1, 2, 1, 1, 2, 1, 0, 2, 1, 3, 5, 0, 0, 1, 4, 2, 2, 4, 0, 0, 1, 2, 0, 0, 1, 0, 5, 0, 1, 2, 0, 1, 1, 2, 0, 3, 1, 1, 2, 3, 2, 2, 0, 3, 3, 1, 1, 1]","[3, 2, 1, 3, 2, 3, 2, 2, 3, 2, 1, 3, 2, 4, 5, 1, 1, 2, 5, 3, 3, 5, 1, 1, 2, 3, 1, 1, 2, 1, 5, 1, 2, 3, 1, 2, 2, 3, 1, 4, 2, 2, 3, 4, 3, 3, 1, 4, 4, 2, 2, 2]",128,52,26,False,59
T8_D16,99,3.6571,"[1, 2, 3, 4, 4, 3, 2, 6, 6, 4, 5, 4, 6, 5, 5, 2, 2, 4, 4, 6, 4, 5, 4, 6, 6, 5, 5, 2, 3, 1, 2, 3, 1, 2, 1]","[0, 1, 2, 3, 3, 2, 1, 5, 5, 3, 4, 3, 5, 4, 4, 1, 1, 3, 3, 5, 3, 4, 3, 5, 5, 4, 4, 1, 2, 0, 1, 2, 0, 1, 0]","[1, 2, 3, 4, 4, 3, 2, 5, 5, 4, 5, 4, 5, 5, 5, 2, 2, 4, 4, 5, 4, 5, 4, 5, 5, 5, 5, 2, 3, 1, 2, 3, 1, 2, 1]",128,35,26,False,33
T8_D16,100,2.8444,"[3, 1, 2, 2, 4, 3, 3, 4, 2, 2, 1, 3, 2, 4, 3, 1, 3, 5, 3, 5, 1, 3, 4, 1, 4, 3, 6, 4, 3, 4, 3, 2, 1, 4, 5, 2, 1, 1, 2, 3, 3, 2, 5, 3, 2]","[2, 0, 1, 1, 3, 2, 2, 3, 1, 1, 0, 2, 1, 3, 2, 0, 2, 4, 2, 4, 0, 2, 3, 0, 3, 2, 5, 3, 2, 3, 2, 1, 0, 3, 4, 1, 0, 0, 1, 2, 2, 1, 4, 2, 1]","[3, 1, 2, 2, 4, 3, 3, 4, 2, 2, 1, 3, 2, 4, 3, 1, 3, 5, 3, 5, 1, 3, 4, 1, 4, 3, 5, 4, 3, 4, 3, 2, 1, 4, 5, 2, 1, 1, 2, 3, 3, 2, 5, 3, 2]",128,45,26,True,-1
T8_D16,101,3.2941,"[1, 4, 4, 5, 1, 5, 6, 6, 3, 1, 4, 2, 2, 4, 2, 3, 5, 3, 1, 4, 5, 3, 4, 3, 2, 1, 4, 3, 3, 3, 3, 6, 4, 2]","[0, 3, 3, 4, 0, 4, 5, 5, 2, 0, 3, 1, 1, 3, 1, 2, 4, 2, 0, 3, 4, 2, 3, 2, 1, 0, 3, 2, 2, 2, 2, 5, 3, 1]","[1, 4, 4, 5, 1, 5, 5, 5, 3, 1, 4, 2, 2, 4, 2, 3, 5, 3, 1, 4, 5, 3, 4, 3, 2, 1, 4, 3, 3, 3, 3, 5, 4, 2]",112,34,26,True,-1
T8_D16,102,3.0233,"[1, 3, 1, 2, 6, 4, 4, 5, 1, 2, 1, 2, 3, 3, 4, 2, 3, 6, 3, 2, 3, 4, 3, 3, 2, 2, 4, 2, 4, 4, 3, 2, 4, 1, 3, 4, 4, 2, 4, 4, 4, 3, 3]","[0, 2, 0, 1, 5, 3, 3, 4, 0, 1, 0, 1, 2, 2, 3, 1, 2, 5, 2, 1, 2, 3, 2, 2, 1, 1, 3, 1, 3, 3, 2, 1, 3, 0, 2, 3, 3, 1, 3, 3, 3, 2, 2]","[1, 3, 1, 2, 5, 4, 4, 5, 1, 2, 1, 2, 3, 3, 4, 2, 3, 5, 3, 2, 3, 4, 3, 3, 2, 2, 4, 2, 4, 4, 3, 2, 4, 1, 3, 4, 4, 2, 4, 4, 4, 3, 3]",128,43,26,False,11
T8_D16,103,3.4737,"[1, 4, 4, 4, 5, 3, 2, 2, 6, 2, 6, 1, 3, 2, 5, 6, 1, 6, 6, 6, 2, 3, 4, 6, 3, 4, 2, 3, 2, 3, 1, 3, 2, 4, 4, 2, 4, 5]","[0, 3, 3, 3, 4, 2, 1, 1, 5, 1, 5, 0, 2, 1, 4, 5, 0, 5, 5, 5, 1, 2, 3, 5, 2, 3, 1, 2, 1, 2, 0, 2, 1, 3, 3, 1, 3, 4]","[1, 4, 4, 4, 5, 3, 2, 2, 5, 2, 5, 1, 3, 2, 5, 5, 1, 5, 5, 5, 2, 3, 4, 5, 3, 4, 2, 3, 2, 3, 1, 3, 2, 4, 4, 2, 4, 5]",128,38,26,True,-1
T8_D16,104,3.9048,"[2, 5, 5, 4, 2, 4, 5, 4, 6, 2, 4, 4, 5, 3, 6, 4, 3, 4, 4, 5, 1]","[1, 4, 4, 3, 1, 3, 4, 3, 5, 1, 3, 3, 4, 2, 5, 3, 2, 3, 3, 4, 0]","[2, 5, 5, 4, 2, 4, 5, 4, 5, 2, 4, 4, 5, 3, 5, 4, 3, 4, 4, 5, 1]",82,21,26,False,74
T8_D16,105,4.05,"[3, 4, 6, 4, 5, 6, 4, 4, 6, 3, 1, 1, 4, 4, 5, 3, 2, 6, 6, 4]","[2, 3, 5, 3, 4, 5, 3, 3, 5, 2, 0, 0, 3, 3, 4, 2, 1, 5, 5, 3]","[3, 4, 5, 4, 5, 5, 4, 4, 5, 3, 1, 1, 4, 4, 5, 3, 2, 5, 5, 4]",81,20,26,True,-1
T8_D16,106,3.8788,"[3, 3, 4, 4, 2, 6, 1, 4, 4, 4, 6, 2, 6, 4, 3, 2, 2, 6, 2, 6, 5, 4, 3, 6, 4, 4, 3, 4, 4, 3, 6, 3, 5]","[2, 2, 3, 3, 1, 5, 0, 3, 3, 3, 5, 1, 5, 3, 2, 1, 1, 5, 1, 5, 4, 3, 2, 5, 3, 3, 2, 3, 3, 2, 5, 2, 4]","[3, 3, 4, 4, 2, 5, 1, 4, 4, 4, 5, 2, 5, 4, 3, 2, 2, 5, 2, 5, 5, 4, 3, 5, 4, 4, 3, 4, 4, 3, 5, 3, 5]",128,33,26,True,-1
T8_D16,107,3.7419,"[1, 3, 3, 5, 6, 6, 5, 4, 3, 6, 4, 4, 3, 5, 4, 5, 6, 3, 1, 2, 2, 2, 4, 3, 2, 6, 3, 2, 6, 4, 3]","[0, 2, 2, 4, 5, 5, 4, 3, 2, 5, 3, 3, 2, 4, 3, 4, 5, 2, 0, 1, 1, 1, 3, 2, 1, 5, 2, 1, 5, 3, 2]","[1, 3, 3, 5, 5, 5, 5, 4, 3, 5, 4, 4, 3, 5, 4, 5, 5, 3, 1, 2, 2, 2, 4, 3, 2, 5, 3, 2, 5, 4, 3]",116,31,26,True,-1
T8_D16,108,3.7333,"[1, 3, 3, 5, 3, 3, 4, 3, 2, 3, 2, 4, 5, 6, 4, 6, 3, 3, 3, 3, 6, 5, 3, 4, 2, 5, 4, 3, 5, 6]","[0, 2, 2, 4, 2, 2, 3, 2, 1, 2, 1, 3, 4, 5, 3, 5, 2, 2, 2, 2, 5, 4, 2, 3, 1, 4, 3, 2, 4, 5]","[1, 3, 3, 5, 3, 3, 4, 3, 2, 3, 2, 4, 5, 5, 4, 5, 3, 3, 3, 3, 5, 5, 3, 4, 2, 5, 4, 3, 5, 5]",112,30,26,True,-1
T8_D16,109,3.7143,"[3, 6, 4, 2, 5, 2, 3, 4, 4, 4, 4, 1, 4, 6, 4, 4, 2, 6, 4, 2, 6, 5, 4, 4, 2, 2, 5, 4, 2, 4, 3, 6, 3, 3, 3]","[2, 5, 3, 1, 4, 1, 2, 3, 3, 3, 3, 0, 3, 5, 3, 3, 1, 5, 3, 1, 5, 4, 3, 3, 1, 1, 4, 3, 1, 3, 2, 5, 2, 2, 2]","[3, 5, 4, 2, 5, 2, 3, 4, 4, 4, 4, 1, 4, 5, 4, 4, 2, 5, 4, 2, 5, 5, 4, 4, 2, 2, 5, 4, 2, 4, 3, 5, 3, 3, 3]",128,35,26,True,-1
T8_D16,110,3.5135,"[3, 6, 2, 3, 4, 3, 6, 4, 2, 4, 4, 6, 4, 3, 2, 2, 3, 5, 4, 4, 4, 6, 4, 2, 3, 2, 3, 3, 4, 6, 3, 2, 3, 2, 2, 3, 4]","[2, 5, 1, 2, 3, 2, 5, 3, 1, 3, 3, 5, 3, 2, 1, 1, 2, 4, 3, 3, 3, 5, 3, 1, 2, 1, 2, 2, 3, 5, 2, 1, 2, 1, 1, 2, 3]","[3, 5, 2, 3, 4, 3, 5, 4, 2, 4, 4, 5, 4, 3, 2, 2, 3, 5, 4, 4, 4, 5, 4, 2, 3, 2, 3, 3, 4, 5, 3, 2, 3, 2, 2, 3, 4]",128,37,26,True,-1
T8_D16,111,3.8235,"[3, 3, 4, 4, 3, 2, 6, 5, 4, 2, 4, 2, 6, 5, 3, 6, 3, 4, 2, 3, 4, 6, 4, 6, 4, 1, 3, 6, 4, 1, 4, 4, 4, 5]","[2, 2, 3, 3, 2, 1, 5, 4, 3, 1, 3, 1, 5, 4, 2, 5, 2, 3, 1, 2, 3, 5, 3, 5, 3, 0, 2, 5, 3, 0, 3, 3, 3, 4]","[3, 3, 4, 4, 3, 2, 5, 5, 4, 2, 4, 2, 5, 5, 3, 5, 3, 4, 2, 3, 4, 5, 4, 5, 4, 1, 3, 5, 4, 1, 4, 4, 4, 5]",128,34,26,True,-1
T8_D16,112,3.8529,"[3, 3, 3, 2, 3, 2, 3, 3, 5, 4, 4, 6, 4, 6, 3, 4, 2, 2, 2, 5, 2, 4, 6, 4, 4, 6, 3, 4, 4, 4, 6, 6, 3, 6]","[2, 2, 2, 1, 2, 1, 2, 2, 4, 3, 3, 5, 3, 5, 2, 3, 1, 1, 1, 4, 1, 3, 5, 3, 3, 5, 2, 3, 3, 3, 5, 5, 2, 5]","[3, 3, 3, 2, 3, 2, 3, 3, 5, 4, 4, 5, 4, 5, 3, 4, 2, 2, 2, 5, 2, 4, 5, 4, 4, 5, 3, 4, 4, 4, 5, 5, 3, 5]",128,34,26,True,-1
T8_D16,113,3.7941,"[3, 4, 4, 2, 6, 6, 3, 5, 4, 1, 2, 1, 4, 1, 1, 4, 5, 3, 4, 5, 6, 6, 5, 3, 2, 2, 6, 2, 4, 6, 6, 5, 2, 6]","[2, 3, 3, 1, 5, 5, 2, 4, 3, 0, 1, 0, 3, 0, 0, 3, 4, 2, 3, 4, 5, 5, 4, 2, 1, 1, 5, 1, 3, 5, 5, 4, 1, 5]","[3, 4, 4, 2, 5, 5, 3, 5, 4, 1, 2, 1, 4, 1, 1, 4, 5, 3, 4, 5, 5, 5, 5, 3, 2, 2, 5, 2, 4, 5, 5, 5, 2, 5]",128,34,26,False,67
T8_D16,114,3.8235,"[1, 6, 5, 3, 3, 3, 2, 5, 4, 3, 4, 3, 1, 4, 3, 4, 4, 2, 5, 4, 2, 1, 3, 4, 5, 5, 6, 4, 4, 6, 6, 5, 6, 4]","[0, 5, 4, 2, 2, 2, 1, 4, 3, 2, 3, 2, 0, 3, 2, 3, 3, 1, 4, 3, 1, 0, 2, 3, 4, 4, 5, 3, 3, 5, 5, 4, 5, 3]","[1, 5, 5, 3, 3, 3, 2, 5, 4, 3, 4, 3, 1, 4, 3, 4, 4, 2, 5, 4, 2, 1, 3, 4, 5, 5, 5, 4, 4, 5, 5, 5, 5, 4]",128,34,26,False,19
T8_D16,115,4.0,"[3, 4, 4, 3, 1, 4, 2, 1, 3, 4, 3, 4, 4, 6, 4, 4, 2, 6, 5, 3, 5, 5, 4, 4, 3, 6, 6, 6, 3, 4, 6, 6]","[2, 3, 3, 2, 0, 3, 1, 0, 2, 3, 2, 3, 3, 5, 3, 3, 1, 5, 4, 2, 4, 4, 3, 3, 2, 5, 5, 5, 2, 3, 5, 5]","[3, 4, 4, 3, 1, 4, 2, 1, 3, 4, 3, 4, 4, 5, 4, 4, 2, 5, 5, 3, 5, 5, 4, 4, 3, 5, 5, 5, 3, 4, 5, 5]",128,32,26,True,-1
T8_D16,116,3.3947,"[3, 3, 3, 4, 1, 4, 5, 4, 4, 5, 4, 6, 2, 2, 3, 6, 3, 6, 2, 2, 3, 3, 2, 2, 2, 3, 6, 3, 4, 1, 6, 3, 3, 4, 4, 3, 1, 4]","[2, 2, 2, 3, 0, 3, 4, 3, 3, 4, 3, 5, 1, 1, 2, 5, 2, 5, 1, 1, 2, 2, 1, 1, 1, 2, 5, 2, 3, 0, 5, 2, 2, 3, 3, 2, 0, 3]","[3, 3, 3, 4, 1, 4, 5, 4, 4, 5, 4, 5, 2, 2, 3, 5, 3, 5, 2, 2, 3, 3, 2, 2, 2, 3, 5, 3, 4, 1, 5, 3, 3, 4, 4, 3, 1, 4]",128,38,26,True,-1
T8_D16,117,3.7143,"[1, 4, 4, 6, 3, 6, 2, 4, 6, 6, 3, 6, 1, 3, 4, 5, 4, 5, 5, 4, 2, 4, 3, 3, 2, 4, 6, 4, 3, 1, 4, 1, 4, 1, 6]","[0, 3, 3, 5, 2, 5, 1, 3, 5, 5, 2, 5, 0, 2, 3, 4, 3, 4, 4, 3, 1, 3, 2, 2, 1, 3, 5, 3, 2, 0, 3, 0, 3, 0, 5]","[1, 4, 4, 5, 3, 5, 2, 4, 5, 5, 3, 5, 1, 3, 4, 5, 4, 5, 5, 4, 2, 4, 3, 3, 2, 4, 5, 4, 3, 1, 4, 1, 4, 1, 5]",128,35,26,False,15
T8_D16,118,3.5556,"[1, 4, 6, 4, 3, 6, 2, 2, 4, 4, 4, 6, 6, 2, 2, 1, 4, 3, 6, 4, 4, 5, 2, 3, 5, 4, 3, 4, 2, 4, 5, 3, 1, 1, 6, 2]","[0, 3, 5, 3, 2, 5, 1, 1, 3, 3, 3, 5, 5, 1, 1, 0, 3, 2, 5, 3, 3, 4, 1, 2, 4, 3, 2, 3, 1, 3, 4, 2, 0, 0, 5, 1]","[1, 4, 5, 4, 3, 5, 2, 2, 4, 4, 4, 5, 5, 2, 2, 1, 4, 3, 5, 4, 4, 5, 2, 3, 5, 4, 3, 4, 2, 4, 5, 3, 1, 1, 5, 2]",128,36,26,True,-1
T8_D16,119,3.6667,"[3, 4, 2, 2, 3, 2, 3, 4, 4, 4, 6, 5, 3, 6, 3, 4, 2, 3, 5, 3, 5, 6, 6, 5, 4, 6, 2, 2, 4, 3, 2, 2, 3, 3, 3, 5]","[2, 3, 1, 1, 2, 1, 2, 3, 3, 3, 5, 4, 2, 5, 2, 3, 1, 2, 4, 2, 4, 5, 5, 4, 3, 5, 1, 1, 3, 2, 1, 1, 2, 2, 2, 4]","[3, 4, 2, 2, 3, 2, 3, 4, 4, 4, 5, 5, 3, 5, 3, 4, 2, 3, 5, 3, 5, 5, 5, 5, 4, 5, 2, 2, 4, 3, 2, 2, 3, 3, 3, 5]",128,36,26,False,16
T8_D16,120,3.6857,"[3, 3, 3, 2, 2, 1, 6, 6, 5, 3, 5, 4, 5, 3, 2, 3, 4, 4, 6, 1, 6, 4, 3, 2, 4, 4, 2, 4, 3, 6, 1, 6, 4, 5, 4]","[2, 2, 2, 1, 1, 0, 5, 5, 4, 2, 4, 3, 4, 2, 1, 2, 3, 3, 5, 0, 5, 3, 2, 1, 3, 3, 1, 3, 2, 5, 0, 5, 3, 4, 3]","[3, 3, 3, 2, 2, 1, 5, 5, 5, 3, 5, 4, 5, 3, 2, 3, 4, 4, 5, 1, 5, 4, 3, 2, 4, 4, 2, 4, 3, 5, 1, 5, 4, 5, 4]",128,35,26,False,82
T8_D16,121,3.9091,"[4, 4, 2, 4, 1, 4, 1, 6, 3, 3, 4, 4, 6, 2, 6, 3, 4, 5, 4, 4, 4, 4, 6, 6, 4, 4, 4, 2, 6, 3, 3, 6, 3]","[3, 3, 1, 3, 0, 3, 0, 5, 2, 2, 3, 3, 5, 1, 5, 2, 3, 4, 3, 3, 3, 3, 5, 5, 3, 3, 3, 1, 5, 2, 2, 5, 2]","[4, 4, 2, 4, 1, 4, 1, 5, 3, 3, 4, 4, 5, 2, 5, 3, 4, 5, 4, 4, 4, 4, 5, 5, 4, 4, 4, 2, 5, 3, 3, 5, 3]",128,33,26,True,-1
T8_D16,122,4.0,"[1, 2, 4, 4, 4, 6, 6, 5, 3, 5, 4, 6, 5, 2, 3, 3, 2, 2, 1, 4, 6, 4, 4, 4, 2, 4, 3, 6, 6, 3, 6, 6, 6]","[0, 1, 3, 3, 3, 5, 5, 4, 2, 4, 3, 5, 4, 1, 2, 2, 1, 1, 0, 3, 5, 3, 3, 3, 1, 3, 2, 5, 5, 2, 5, 5, 5]","[1, 2, 4, 4, 4, 5, 5, 5, 3, 5, 4, 5, 5, 2, 3, 3, 2, 2, 1, 4, 5, 4, 4, 4, 2, 4, 3, 5, 5, 3, 5, 5, 5]",128,33,26,False,11
T8_D16,123,4.5714,"[4, 6, 6, 3, 4, 4, 5, 6, 6, 6, 3, 2, 6, 6, 3, 6, 6, 4, 4, 3, 6, 4, 6, 4, 6, 4, 4, 1]","[3, 5, 5, 2, 3, 3, 4, 5, 5, 5, 2, 1, 5, 5, 2, 5, 5, 3, 3, 2, 5, 3, 5, 3, 5, 3, 3, 0]","[4, 5, 5, 3, 4, 4, 5, 5, 5, 5, 3, 2, 5, 5, 3, 5, 5, 4, 4, 3, 5, 4, 5, 4, 5, 4, 4, 1]",128,28,26,False,22
T8_D16,124,3.7143,"[1, 3, 3, 3, 6, 6, 4, 2, 4, 2, 3, 4, 6, 4, 3, 3, 4, 3, 3, 6, 3, 3, 2, 4, 4, 6, 2, 4, 3, 4, 4, 4, 6, 5, 3]","[0, 2, 2, 2, 5, 5, 3, 1, 3, 1, 2, 3, 5, 3, 2, 2, 3, 2, 2, 5, 2, 2, 1, 3, 3, 5, 1, 3, 2, 3, 3, 3, 5, 4, 2]","[1, 3, 3, 3, 5, 5, 4, 2, 4, 2, 3, 4, 5, 4, 3, 3, 4, 3, 3, 5, 3, 3, 2, 4, 4, 5, 2, 4, 3, 4, 4, 4, 5, 5, 3]",128,35,26,False,26
T8_D16,125,4.0938,"[3, 3, 3, 2, 2, 6, 4, 6, 6, 6, 4, 6, 5, 4, 6, 5, 4, 6, 3, 4, 6, 5, 3, 1, 2, 2, 4, 2, 4, 6, 4, 4]","[2, 2, 2, 1, 1, 5, 3, 5, 5, 5, 3, 5, 4, 3, 5, 4, 3, 5, 2, 3, 5, 4, 2, 0, 1, 1, 3, 1, 3, 5, 3, 3]","[3, 3, 3, 2, 2, 5, 4, 5, 5, 5, 4, 5, 5, 4, 5, 5, 4, 5, 3, 4, 5, 5, 3, 1, 2, 2, 4, 2, 4, 5, 4, 4]",128,32,26,False,73
T8_D16,126,4.129,"[3, 3, 3, 2, 6, 6, 4, 3, 5, 5, 2, 6, 3, 6, 4, 4, 6, 6, 4, 3, 4, 3, 3, 4, 4, 3, 6, 6, 4, 4, 3]","[2, 2, 2, 1, 5, 5, 3, 2, 4, 4, 1, 5, 2, 5, 3, 3, 5, 5, 3, 2, 3, 2, 2, 3, 3, 2, 5, 5, 3, 3, 2]","[3, 3, 3, 2, 5, 5, 4, 3, 5, 5, 2, 5, 3, 5, 4, 4, 5, 5, 4, 3, 4, 3, 3, 4, 4, 3, 5, 5, 4, 4, 3]",128,31,26,False,116
T8_D16,127,3.9091,"[3, 3, 3, 2, 6, 4, 4, 2, 4, 4, 3, 5, 5, 2, 6, 6, 4, 6, 4, 3, 6, 3, 2, 2, 2, 5, 4, 5, 6, 4, 3, 2, 6]","[2, 2, 2, 1, 5, 3, 3, 1, 3, 3, 2, 4, 4, 1, 5, 5, 3, 5, 3, 2, 5, 2, 1, 1, 1, 4, 3, 4, 5, 3, 2, 1, 5]","[3, 3, 3, 2, 5, 4, 4, 2, 4, 4, 3, 5, 5, 2, 5, 5, 4, 5, 4, 3, 5, 3, 2, 2, 2, 5, 4, 5, 5, 4, 3, 2, 5]",128,33,26,True,-1
T8_D16,128,3.4474,"[3, 3, 3, 4, 2, 4, 2, 4, 3, 3, 6, 2, 3, 4, 6, 5, 4, 4, 2, 4, 6, 4, 2, 4, 3, 4, 2, 5, 1, 3, 3, 2, 4, 3, 4, 4, 2, 4]","[2, 2, 2, 3, 1, 3, 1, 3, 2, 2, 5, 1, 2, 3, 5, 4, 3, 3, 1, 3, 5, 3, 1, 3, 2, 3, 1, 4, 0, 2, 2, 1, 3, 2, 3, 3, 1, 3]","[3, 3, 3, 4, 2, 4, 2, 4, 3, 3, 5, 2, 3, 4, 5, 5, 4, 4, 2, 4, 5, 4, 2, 4, 3, 4, 2, 5, 1, 3, 3, 2, 4, 3, 4, 4, 2, 4]",128,38,26,False,12
T8_D16,129,3.7714,"[3, 3, 3, 2, 3, 3, 4, 4, 6, 5, 6, 4, 4, 4, 6, 5, 4, 2, 4, 3, 6, 4, 4, 4, 3, 2, 2, 2, 4, 4, 5, 2, 5, 2, 5]","[2, 2, 2, 1, 2, 2, 3, 3, 5, 4, 5, 3, 3, 3, 5, 4, 3, 1, 3, 2, 5, 3, 3, 3, 2, 1, 1, 1, 3, 3, 4, 1, 4, 1, 4]","[3, 3, 3, 2, 3, 3, 4, 4, 5, 5, 5, 4, 4, 4, 5, 5, 4, 2, 4, 3, 5, 4, 4, 4, 3, 2, 2, 2, 4, 4, 5, 2, 5, 2, 5]",128,35,26,True,-1
T8_D16,130,3.8,"[3, 3, 3, 2, 4, 4, 2, 6, 5, 4, 2, 5, 2, 1, 1, 4, 5, 2, 6, 6, 6, 4, 5, 2, 3, 3, 6, 4, 6, 3, 1, 6, 4, 4, 6]","[2, 2, 2, 1, 3, 3, 1, 5, 4, 3, 1, 4, 1, 0, 0, 3, 4, 1, 5, 5, 5, 3, 4, 1, 2, 2, 5, 3, 5, 2, 0, 5, 3, 3, 5]","[3, 3, 3, 2, 4, 4, 2, 5, 5, 4, 2, 5, 2, 1, 1, 4, 5, 2, 5, 5, 5, 4, 5, 2, 3, 3, 5, 4, 5, 3, 1, 5, 4, 4, 5]",128,35,26,False,3
T8_D16,131,3.7941,"[4, 6, 2, 5, 2, 4, 6, 4, 3, 3, 6, 4, 2, 6, 6, 2, 6, 6, 4, 3, 3, 3, 5, 4, 1, 2, 4, 1, 3, 1, 5, 6, 4, 3]","[3, 5, 1, 4, 1, 3, 5, 3, 2, 2, 5, 3, 1, 5, 5, 1, 5, 5, 3, 2, 2, 2, 4, 3, 0, 1, 3, 0, 2, 0, 4, 5, 3, 2]","[4, 5, 2, 5, 2, 4, 5, 4, 3, 3, 5, 4, 2, 5, 5, 2, 5, 5, 4, 3, 3, 3, 5, 4, 1, 2, 4, 1, 3, 1, 5, 5, 4, 3]",128,34,26,True,-1
T8_D16,132,4.9615,"[4, 6, 6, 4, 6, 3, 5, 6, 6, 6, 5, 6, 6, 3, 4, 2, 5, 6, 6, 5, 6, 6, 2, 6, 3, 6]","[3, 5, 5, 3, 5, 2, 4, 5, 5, 5, 4, 5, 5, 2, 3, 1, 4, 5, 5, 4, 5, 5, 1, 5, 2, 5]","[4, 5, 5, 4, 5, 3, 5, 5, 5, 5, 5, 5, 5, 3, 4, 2, 5, 5, 5, 5, 5, 5, 2, 5, 3, 5]",128,26,26,True,-1
T8_D16,133,4.0,"[6, 1, 1, 6, 2, 4, 2, 4, 2, 4, 3, 6, 3, 6, 1, 3, 3, 4, 6, 4, 2, 6, 6, 6, 6, 2, 3, 6, 6, 6, 4, 4]","[5, 0, 0, 5, 1, 3, 1, 3, 1, 3, 2, 5, 2, 5, 0, 2, 2, 3, 5, 3, 1, 5, 5, 5, 5, 1, 2, 5, 5, 5, 3, 3]","[5, 1, 1, 5, 2, 4, 2, 4, 2, 4, 3, 5, 3, 5, 1, 3, 3, 4, 5, 4, 2, 5, 5, 5, 5, 2, 3, 5, 5, 5, 4, 4]",128,32,26,False,6
T8_D16,134,4.2667,"[1, 4, 5, 3, 6, 5, 4, 5, 4, 4, 6, 1, 5, 3, 6, 5, 3, 5, 4, 5, 4, 2, 4, 6, 3, 6, 6, 3, 4, 6]","[0, 3, 4, 2, 5, 4, 3, 4, 3, 3, 5, 0, 4, 2, 5, 4, 2, 4, 3, 4, 3, 1, 3, 5, 2, 5, 5, 2, 3, 5]","[1, 4, 5, 3, 5, 5, 4, 5, 4, 4, 5, 1, 5, 3, 5, 5, 3, 5, 4, 5, 4, 2, 4, 5, 3, 5, 5, 3, 4, 5]",128,30,26,True,-1
T8_D16,135,4.0312,"[4, 1, 4, 4, 2, 5, 4, 4, 5, 5, 6, 6, 5, 2, 6, 6, 6, 3, 4, 5, 1, 1, 3, 5, 4, 2, 3, 4, 3, 6, 6, 4]","[3, 0, 3, 3, 1, 4, 3, 3, 4, 4, 5, 5, 4, 1, 5, 5, 5, 2, 3, 4, 0, 0, 2, 4, 3, 1, 2, 3, 2, 5, 5, 3]","[4, 1, 4, 4, 2, 5, 4, 4, 5, 5, 5, 5, 5, 2, 5, 5, 5, 3, 4, 5, 1, 1, 3, 5, 4, 2, 3, 4, 3, 5, 5, 4]",128,32,26,True,-1
T8_D16,136,3.1,"[4, 5, 4, 3, 2, 2, 4, 1, 3, 3]","[3, 4, 3, 2, 1, 1, 3, 0, 2, 2]","[4, 5, 4, 3, 2, 2, 4, 1, 3, 3]",31,10,26,False,-1
T8_D16,137,3.4595,"[1, 2, 3, 3, 2, 4, 2, 5, 2, 3, 5, 5, 5, 4, 6, 6, 1, 6, 3, 5, 3, 2, 2, 1, 5, 5, 4, 4, 4, 4, 2, 4, 4, 2, 4, 2, 3]","[0, 1, 2, 2, 1, 3, 1, 4, 1, 2, 4, 4, 4, 3, 5, 5, 0, 5, 2, 4, 2, 1, 1, 0, 4, 4, 3, 3, 3, 3, 1, 3, 3, 1, 3, 1, 2]","[1, 2, 3, 3, 2, 4, 2, 5, 2, 3, 5, 5, 5, 4, 5, 5, 1, 5, 3, 5, 3, 2, 2, 1, 5, 5, 4, 4, 4, 4, 2, 4, 4, 2, 4, 2, 3]",128,37,26,True,-1
T8_D16,138,3.3947,"[3, 6, 3, 5, 6, 4, 1, 5, 4, 1, 4, 4, 6, 4, 4, 6, 1, 4, 4, 2, 4, 4, 2, 4, 4, 2, 3, 3, 2, 3, 2, 3, 3, 2, 1, 1, 6, 3]","[2, 5, 2, 4, 5, 3, 0, 4, 3, 0, 3, 3, 5, 3, 3, 5, 0, 3, 3, 1, 3, 3, 1, 3, 3, 1, 2, 2, 1, 2, 1, 2, 2, 1, 0, 0, 5, 2]","[3, 5, 3, 5, 5, 4, 1, 5, 4, 1, 4, 4, 5, 4, 4, 5, 1, 4, 4, 2, 4, 4, 2, 4, 4, 2, 3, 3, 2, 3, 2, 3, 3, 2, 1, 1, 5, 3]",128,38,26,True,-1
T8_D16,139,4.2581,"[3, 3, 3, 2, 2, 5, 6, 3, 5, 4, 6, 5, 3, 6, 6, 4, 4, 6, 5, 6, 4, 5, 5, 3, 6, 3, 4, 3, 4, 3, 5]","[2, 2, 2, 1, 1, 4, 5, 2, 4, 3, 5, 4, 2, 5, 5, 3, 3, 5, 4, 5, 3, 4, 4, 2, 5, 2, 3, 2, 3, 2, 4]","[3, 3, 3, 2, 2, 5, 5, 3, 5, 4, 5, 5, 3, 5, 5, 4, 4, 5, 5, 5, 4, 5, 5, 3, 5, 3, 4, 3, 4, 3, 5]",128,31,26,True,-1
T8_D16,140,4.1562,"[3, 3, 3, 2, 6, 6, 6, 1, 4, 5, 5, 2, 6, 5, 6, 3, 1, 6, 4, 4, 5, 2, 5, 6, 2, 3, 5, 4, 2, 6, 6, 6]","[2, 2, 2, 1, 5, 5, 5, 0, 3, 4, 4, 1, 5, 4, 5, 2, 0, 5, 3, 3, 4, 1, 4, 5, 1, 2, 4, 3, 1, 5, 5, 5]","[3, 3, 3, 2, 5, 5, 5, 1, 4, 5, 5, 2, 5, 5, 5, 3, 1, 5, 4, 4, 5, 2, 5, 5, 2, 3, 5, 4, 2, 5, 5, 5]",128,32,26,True,-1
T8_D16,141,3.3947,"[1, 3, 4, 4, 6, 3, 2, 3, 6, 4, 4, 4, 6, 2, 3, 6, 4, 4, 5, 4, 4, 3, 4, 1, 2, 2, 1, 2, 4, 6, 4, 2, 2, 2, 2, 3, 4, 3]","[0, 2, 3, 3, 5, 2, 1, 2, 5, 3, 3, 3, 5, 1, 2, 5, 3, 3, 4, 3, 3, 2, 3, 0, 1, 1, 0, 1, 3, 5, 3, 1, 1, 1, 1, 2, 3, 2]","[1, 3, 4, 4, 5, 3, 2, 3, 5, 4, 4, 4, 5, 2, 3, 5, 4, 4, 5, 4, 4, 3, 4, 1, 2, 2, 1, 2, 4, 5, 4, 2, 2, 2, 2, 3, 4, 3]",128,38,26,False,38
T8_D16,142,3.4211,"[3, 6, 3, 5, 4, 3, 3, 4, 4, 5, 2, 2, 5, 4, 4, 6, 1, 4, 5, 2, 4, 4, 3, 4, 3, 1, 1, 4, 2, 5, 1, 2, 4, 4, 4, 3, 2, 4]","[2, 5, 2, 4, 3, 2, 2, 3, 3, 4, 1, 1, 4, 3, 3, 5, 0, 3, 4, 1, 3, 3, 2, 3, 2, 0, 0, 3, 1, 4, 0, 1, 3, 3, 3, 2, 1, 3]","[3, 5, 3, 5, 4, 3, 3, 4, 4, 5, 2, 2, 5, 4, 4, 5, 1, 4, 5, 2, 4, 4, 3, 4, 3, 1, 1, 4, 2, 5, 1, 2, 4, 4, 4, 3, 2, 4]",128,38,26,True,-1
T8_D16,143,3.6857,"[3, 6, 3, 4, 6, 2, 4, 1, 6, 4, 5, 2, 5, 6, 4, 5, 5, 3, 4, 6, 4, 4, 2, 4, 1, 2, 2, 2, 4, 6, 4, 1, 2, 3, 4]","[2, 5, 2, 3, 5, 1, 3, 0, 5, 3, 4, 1, 4, 5, 3, 4, 4, 2, 3, 5, 3, 3, 1, 3, 0, 1, 1, 1, 3, 5, 3, 0, 1, 2, 3]","[3, 5, 3, 4, 5, 2, 4, 1, 5, 4, 5, 2, 5, 5, 4, 5, 5, 3, 4, 5, 4, 4, 2, 4, 1, 2, 2, 2, 4, 5, 4, 1, 2, 3, 4]",128,35,26,True,-1
T8_D16,144,3.3077,"[1, 3, 3, 6, 2, 6, 6, 6, 4, 4, 3, 3, 1, 4, 2, 2, 2, 2, 3, 6, 2, 6, 1, 5, 2, 5, 3, 3, 2, 6, 4, 3, 3, 1, 3, 3, 4, 2, 2]","[0, 2, 2, 5, 1, 5, 5, 5, 3, 3, 2, 2, 0, 3, 1, 1, 1, 1, 2, 5, 1, 5, 0, 4, 1, 4, 2, 2, 1, 5, 3, 2, 2, 0, 2, 2, 3, 1, 1]","[1, 3, 3, 5, 2, 5, 5, 5, 4, 4, 3, 3, 1, 4, 2, 2, 2, 2, 3, 5, 2, 5, 1, 5, 2, 5, 3, 3, 2, 5, 4, 3, 3, 1, 3, 3, 4, 2, 2]",128,39,26,True,-1
T8_D16,145,3.7143,"[3, 3, 5, 4, 1, 3, 3, 2, 5, 2, 4, 6, 2, 5, 4, 4, 3, 2, 2, 6, 6, 6, 5, 2, 6, 2, 6, 4, 2, 4, 3, 6, 2, 4, 3]","[2, 2, 4, 3, 0, 2, 2, 1, 4, 1, 3, 5, 1, 4, 3, 3, 2, 1, 1, 5, 5, 5, 4, 1, 5, 1, 5, 3, 1, 3, 2, 5, 1, 3, 2]","[3, 3, 5, 4, 1, 3, 3, 2, 5, 2, 4, 5, 2, 5, 4, 4, 3, 2, 2, 5, 5, 5, 5, 2, 5, 2, 5, 4, 2, 4, 3, 5, 2, 4, 3]",128,35,26,False,28
T8_D16,146,3.9394,"[3, 4, 4, 3, 4, 4, 4, 6, 6, 3, 4, 4, 4, 6, 6, 2, 3, 6, 3, 2, 2, 2, 4, 4, 4, 3, 6, 4, 3, 3, 3, 6, 5]","[2, 3, 3, 2, 3, 3, 3, 5, 5, 2, 3, 3, 3, 5, 5, 1, 2, 5, 2, 1, 1, 1, 3, 3, 3, 2, 5, 3, 2, 2, 2, 5, 4]","[3, 4, 4, 3, 4, 4, 4, 5, 5, 3, 4, 4, 4, 5, 5, 2, 3, 5, 3, 2, 2, 2, 4, 4, 4, 3, 5, 4, 3, 3, 3, 5, 5]",128,33,26,True,-1
T8_D16,147,3.4865,"[3, 4, 4, 1, 2, 5, 1, 6, 3, 3, 3, 3, 4, 5, 5, 5, 1, 4, 4, 4, 4, 2, 1, 3, 5, 2, 4, 5, 1, 4, 4, 5, 4, 6, 1, 4, 4]","[2, 3, 3, 0, 1, 4, 0, 5, 2, 2, 2, 2, 3, 4, 4, 4, 0, 3, 3, 3, 3, 1, 0, 2, 4, 1, 3, 4, 0, 3, 3, 4, 3, 5, 0, 3, 3]","[3, 4, 4, 1, 2, 5, 1, 5, 3, 3, 3, 3, 4, 5, 5, 5, 1, 4, 4, 4, 4, 2, 1, 3, 5, 2, 4, 5, 1, 4, 4, 5, 4, 5, 1, 4, 4]",128,37,26,False,14
T8_D16,148,3.8788,"[3, 4, 4, 1, 3, 6, 6, 6, 3, 4, 4, 4, 1, 6, 5, 3, 3, 2, 5, 6, 5, 3, 4, 6, 2, 3, 4, 2, 3, 6, 3, 4, 4]","[2, 3, 3, 0, 2, 5, 5, 5, 2, 3, 3, 3, 0, 5, 4, 2, 2, 1, 4, 5, 4, 2, 3, 5, 1, 2, 3, 1, 2, 5, 2, 3, 3]","[3, 4, 4, 1, 3, 5, 5, 5, 3, 4, 4, 4, 1, 5, 5, 3, 3, 2, 5, 5, 5, 3, 4, 5, 2, 3, 4, 2, 3, 5, 3, 4, 4]",128,33,26,False,108
T8_D16,149,4.0,"[3, 6, 4, 4, 6, 4, 3, 4, 4, 4, 2, 5, 4, 2, 6, 5, 2, 3, 6, 2, 3, 1, 4, 4, 4, 6, 6, 4, 6, 4, 4, 3]","[2, 5, 3, 3, 5, 3, 2, 3, 3, 3, 1, 4, 3, 1, 5, 4, 1, 2, 5, 1, 2, 0, 3, 3, 3, 5, 5, 3, 5, 3, 3, 2]","[3, 5, 4, 4, 5, 4, 3, 4, 4, 4, 2, 5, 4, 2, 5, 5, 2, 3, 5, 2, 3, 1, 4, 4, 4, 5, 5, 4, 5, 4, 4, 3]",128,32,26,True,-1
T8_D16,150,3.7647,"[3, 3, 5, 4, 3, 4, 4, 6, 2, 2, 4, 3, 3, 6, 4, 3, 6, 4, 6, 2, 2, 1, 6, 4, 3, 4, 6, 2, 2, 4, 4, 5, 3, 5]","[2, 2, 4, 3, 2, 3, 3, 5, 1, 1, 3, 2, 2, 5, 3, 2, 5, 3, 5, 1, 1, 0, 5, 3, 2, 3, 5, 1, 1, 3, 3, 4, 2, 4]","[3, 3, 5, 4, 3, 4, 4, 5, 2, 2, 4, 3, 3, 5, 4, 3, 5, 4, 5, 2, 2, 1, 5, 4, 3, 4, 5, 2, 2, 4, 4, 5, 3, 5]",128,34,26,True,-1
T8_D16,151,3.8235,"[3, 6, 2, 6, 4, 6, 5, 4, 6, 6, 4, 3, 4, 5, 4, 6, 6, 2, 2, 5, 2, 2, 3, 2, 4, 3, 4, 3, 2, 4, 3, 3, 2, 4]","[2, 5, 1, 5, 3, 5, 4, 3, 5, 5, 3, 2, 3, 4, 3, 5, 5, 1, 1, 4, 1, 1, 2, 1, 3, 2, 3, 2, 1, 3, 2, 2, 1, 3]","[3, 5, 2, 5, 4, 5, 5, 4, 5, 5, 4, 3, 4, 5, 4, 5, 5, 2, 2, 5, 2, 2, 3, 2, 4, 3, 4, 3, 2, 4, 3, 3, 2, 4]",128,34,26,False,9
T8_D16,152,3.225,"[1, 3, 3, 6, 2, 5, 4, 4, 6, 3, 4, 4, 2, 3, 6, 5, 4, 1, 2, 3, 4, 3, 4, 2, 2, 3, 1, 6, 3, 4, 2, 2, 4, 2, 4, 3, 1, 2, 3, 3]","[0, 2, 2, 5, 1, 4, 3, 3, 5, 2, 3, 3, 1, 2, 5, 4, 3, 0, 1, 2, 3, 2, 3, 1, 1, 2, 0, 5, 2, 3, 1, 1, 3, 1, 3, 2, 0, 1, 2, 2]","[1, 3, 3, 5, 2, 5, 4, 4, 5, 3, 4, 4, 2, 3, 5, 5, 4, 1, 2, 3, 4, 3, 4, 2, 2, 3, 1, 5, 3, 4, 2, 2, 4, 2, 4, 3, 1, 2, 3, 3]",128,40,26,False,47
T8_D16,153,3.6389,"[3, 4, 4, 3, 4, 4, 6, 2, 4, 4, 4, 1, 5, 3, 5, 2, 2, 1, 4, 3, 5, 4, 3, 1, 4, 3, 3, 5, 1, 5, 2, 6, 6, 6, 4, 5]","[2, 3, 3, 2, 3, 3, 5, 1, 3, 3, 3, 0, 4, 2, 4, 1, 1, 0, 3, 2, 4, 3, 2, 0, 3, 2, 2, 4, 0, 4, 1, 5, 5, 5, 3, 4]","[3, 4, 4, 3, 4, 4, 5, 2, 4, 4, 4, 1, 5, 3, 5, 2, 2, 1, 4, 3, 5, 4, 3, 1, 4, 3, 3, 5, 1, 5, 2, 5, 5, 5, 4, 5]",128,36,26,False,78
T8_D16,154,3.9394,"[4, 1, 1, 6, 3, 1, 3, 6, 4, 5, 3, 2, 6, 2, 6, 4, 4, 6, 6, 5, 3, 5, 6, 4, 2, 3, 5, 3, 5, 6, 2, 4, 4]","[3, 0, 0, 5, 2, 0, 2, 5, 3, 4, 2, 1, 5, 1, 5, 3, 3, 5, 5, 4, 2, 4, 5, 3, 1, 2, 4, 2, 4, 5, 1, 3, 3]","[4, 1, 1, 5, 3, 1, 3, 5, 4, 5, 3, 2, 5, 2, 5, 4, 4, 5, 5, 5, 3, 5, 5, 4, 2, 3, 5, 3, 5, 5, 2, 4, 4]",128,33,26,True,-1
T8_D16,155,3.7429,"[3, 3, 4, 3, 4, 6, 6, 2, 2, 4, 3, 3, 4, 6, 6, 3, 1, 4, 4, 4, 4, 5, 6, 3, 3, 4, 4, 2, 4, 5, 3, 3, 1, 4, 5]","[2, 2, 3, 2, 3, 5, 5, 1, 1, 3, 2, 2, 3, 5, 5, 2, 0, 3, 3, 3, 3, 4, 5, 2, 2, 3, 3, 1, 3, 4, 2, 2, 0, 3, 4]","[3, 3, 4, 3, 4, 5, 5, 2, 2, 4, 3, 3, 4, 5, 5, 3, 1, 4, 4, 4, 4, 5, 5, 3, 3, 4, 4, 2, 4, 5, 3, 3, 1, 4, 5]",128,35,26,True,-1
T8_D16,156,3.0,"[3, 6, 2, 4, 2, 2, 2, 4, 1, 1, 5, 5, 6, 3, 3, 6, 2, 2, 4, 1, 2, 2, 2, 4, 2, 3, 2, 2, 3, 6, 2, 5, 3, 1, 2, 5, 3, 2, 3, 3, 1, 3, 4]","[2, 5, 1, 3, 1, 1, 1, 3, 0, 0, 4, 4, 5, 2, 2, 5, 1, 1, 3, 0, 1, 1, 1, 3, 1, 2, 1, 1, 2, 5, 1, 4, 2, 0, 1, 4, 2, 1, 2, 2, 0, 2, 3]","[3, 5, 2, 4, 2, 2, 2, 4, 1, 1, 5, 5, 5, 3, 3, 5, 2, 2, 4, 1, 2, 2, 2, 4, 2, 3, 2, 2, 3, 5, 2, 5, 3, 1, 2, 5, 3, 2, 3, 3, 1, 3, 4]",128,43,26,False,90
T8_D16,157,3.6571,"[3, 6, 2, 4, 4, 4, 2, 4, 4, 4, 4, 1, 3, 4, 3, 4, 6, 4, 3, 6, 4, 4, 2, 2, 6, 4, 3, 1, 6, 4, 4, 4, 1, 4, 4]","[2, 5, 1, 3, 3, 3, 1, 3, 3, 3, 3, 0, 2, 3, 2, 3, 5, 3, 2, 5, 3, 3, 1, 1, 5, 3, 2, 0, 5, 3, 3, 3, 0, 3, 3]","[3, 5, 2, 4, 4, 4, 2, 4, 4, 4, 4, 1, 3, 4, 3, 4, 5, 4, 3, 5, 4, 4, 2, 2, 5, 4, 3, 1, 5, 4, 4, 4, 1, 4, 4]",128,35,26,False,54
T8_D16,158,3.4737,"[1, 3, 3, 6, 2, 6, 3, 2, 4, 4, 3, 6, 6, 4, 4, 2, 2, 4, 3, 6, 2, 2, 6, 5, 3, 3, 3, 3, 4, 5, 2, 3, 3, 1, 2, 2, 3, 6]","[0, 2, 2, 5, 1, 5, 2, 1, 3, 3, 2, 5, 5, 3, 3, 1, 1, 3, 2, 5, 1, 1, 5, 4, 2, 2, 2, 2, 3, 4, 1, 2, 2, 0, 1, 1, 2, 5]","[1, 3, 3, 5, 2, 5, 3, 2, 4, 4, 3, 5, 5, 4, 4, 2, 2, 4, 3, 5, 2, 2, 5, 5, 3, 3, 3, 3, 4, 5, 2, 3, 3, 1, 2, 2, 3, 5]",128,38,26,False,47
T8_D16,159,3.0476,"[1, 3, 4, 4, 3, 4, 4, 4, 4, 6, 3, 6, 3, 5, 1, 2, 6, 3, 3, 3, 1, 2, 2, 2, 2, 2, 2, 4, 3, 3, 2, 2, 2, 2, 2, 6, 2, 2, 4, 4, 1, 4]","[0, 2, 3, 3, 2, 3, 3, 3, 3, 5, 2, 5, 2, 4, 0, 1, 5, 2, 2, 2, 0, 1, 1, 1, 1, 1, 1, 3, 2, 2, 1, 1, 1, 1, 1, 5, 1, 1, 3, 3, 0, 3]","[1, 3, 4, 4, 3, 4, 4, 4, 4, 5, 3, 5, 3, 5, 1, 2, 5, 3, 3, 3, 1, 2, 2, 2, 2, 2, 2, 4, 3, 3, 2, 2, 2, 2, 2, 5, 2, 2, 4, 4, 1, 4]",128,42,26,True,-1
T8_D16,160,2.7447,"[1, 3, 4, 4, 1, 6, 2, 6, 2, 3, 3, 1, 4, 4, 4, 3, 1, 1, 4, 6, 2, 1, 1, 1, 1, 4, 2, 1, 1, 2, 2, 2, 4, 2, 2, 4, 4, 5, 1, 3, 3, 5, 2, 4, 2, 2, 3]","[0, 2, 3, 3, 0, 5, 1, 5, 1, 2, 2, 0, 3, 3, 3, 2, 0, 0, 3, 5, 1, 0, 0, 0, 0, 3, 1, 0, 0, 1, 1, 1, 3, 1, 1, 3, 3, 4, 0, 2, 2, 4, 1, 3, 1, 1, 2]","[1, 3, 4, 4, 1, 5, 2, 5, 2, 3, 3, 1, 4, 4, 4, 3, 1, 1, 4, 5, 2, 1, 1, 1, 1, 4, 2, 1, 1, 2, 2, 2, 4, 2, 2, 4, 4, 5, 1, 3, 3, 5, 2, 4, 2, 2, 3]",128,47,26,True,-1
T8_D8,81,3.0952,"[3, 4, 3, 4, 6, 5, 5, 4, 4, 3, 2, 4, 4, 1, 3, 3, 4, 1, 3, 1, 3, 3, 1, 4, 2, 2, 1, 5, 4, 4, 6, 1, 2, 4, 4, 3, 3, 3, 1, 1, 2, 4]","[2, 3, 2, 3, 5, 4, 4, 3, 3, 2, 1, 3, 3, 0, 2, 2, 3, 0, 2, 0, 2, 2, 0, 3, 1, 1, 0, 4, 3, 3, 5, 0, 1, 3, 3, 2, 2, 2, 0, 0, 1, 3]","[3, 4, 3, 4, 5, 5, 5, 4, 4, 3, 2, 4, 4, 1, 3, 3, 4, 1, 3, 1, 3, 3, 1, 4, 2, 2, 1, 5, 4, 4, 5, 1, 2, 4, 4, 3, 3, 3, 1, 1, 2, 4]",128,42,26,False,20
T8_D8,82,3.6857,"[4, 2, 3, 2, 4, 4, 4, 6, 6, 4, 4, 5, 6, 5, 3, 3, 4, 1, 2, 6, 2, 4, 5, 4, 2, 2, 4, 3, 4, 4, 1, 5, 4, 3, 4]","[3, 1, 2, 1, 3, 3, 3, 5, 5, 3, 3, 4, 5, 4, 2, 2, 3, 0, 1, 5, 1, 3, 4, 3, 1, 1, 3, 2, 3, 3, 0, 4, 3, 2, 3]","[4, 2, 3, 2, 4, 4, 4, 5, 5, 4, 4, 5, 5, 5, 3, 3, 4, 1, 2, 5, 2, 4, 5, 4, 2, 2, 4, 3, 4, 4, 1, 5, 4, 3, 4]",128,35,26,True,-1
T8_D8,83,3.6389,"[4, 6, 4, 6, 6, 6, 3, 4, 4, 3, 4, 3, 4, 6, 3, 3, 4, 4, 5, 2, 1, 4, 3, 2, 4, 1, 1, 3, 4, 1, 6, 6, 3, 1, 2, 5]","[3, 5, 3, 5, 5, 5, 2, 3, 3, 2, 3, 2, 3, 5, 2, 2, 3, 3, 4, 1, 0, 3, 2, 1, 3, 0, 0, 2, 3, 0, 5, 5, 2, 0, 1, 4]","[4, 5, 4, 5, 5, 5, 3, 4, 4, 3, 4, 3, 4, 5, 3, 3, 4, 4, 5, 2, 1, 4, 3, 2, 4, 1, 1, 3, 4, 1, 5, 5, 3, 1, 2, 5]",128,36,26,False,29
T8_D8,84,3.3947,"[4, 2, 3, 4, 3, 4, 4, 2, 6, 4, 5, 2, 3, 2, 2, 2, 2, 2, 4, 1, 5, 4, 2, 2, 4, 3, 2, 4, 5, 4, 1, 4, 4, 6, 6, 3, 6, 3]","[3, 1, 2, 3, 2, 3, 3, 1, 5, 3, 4, 1, 2, 1, 1, 1, 1, 1, 3, 0, 4, 3, 1, 1, 3, 2, 1, 3, 4, 3, 0, 3, 3, 5, 5, 2, 5, 2]","[4, 2, 3, 4, 3, 4, 4, 2, 5, 4, 5, 2, 3, 2, 2, 2, 2, 2, 4, 1, 5, 4, 2, 2, 4, 3, 2, 4, 5, 4, 1, 4, 4, 5, 5, 3, 5, 3]",128,38,26,True,-1
T8_D8,85,2.6,"[1, 6, 4, 2, 4, 4, 2, 2, 1, 4, 2, 3, 4, 2, 3, 2, 1, 1, 3, 2, 1, 1, 3, 3, 2, 4, 4, 2, 3, 4, 2, 2, 4, 2, 2, 1, 3, 3, 4, 4, 2, 1, 3, 1, 1, 2, 3, 4, 3, 3]","[0, 5, 3, 1, 3, 3, 1, 1, 0, 3, 1, 2, 3, 1, 2, 1, 0, 0, 2, 1, 0, 0, 2, 2, 1, 3, 3, 1, 2, 3, 1, 1, 3, 1, 1, 0, 2, 2, 3, 3, 1, 0, 2, 0, 0, 1, 2, 3, 2, 2]","[1, 5, 4, 2, 4, 4, 2, 2, 1, 4, 2, 3, 4, 2, 3, 2, 1, 1, 3, 2, 1, 1, 3, 3, 2, 4, 4, 2, 3, 4, 2, 2, 4, 2, 2, 1, 3, 3, 4, 4, 2, 1, 3, 1, 1, 2, 3, 4, 3, 3]",128,50,26,False,92
T8_D8,86,2.6875,"[3, 2, 4, 5, 6, 3, 4, 4, 1, 2, 3, 3, 1, 2, 3, 4, 1, 2, 4, 3, 2, 1, 2, 3, 3, 1, 1, 3, 1, 1, 3, 2, 4, 2, 5, 3, 3, 3, 4, 4, 2, 5, 1, 1, 2, 2, 3, 2]","[2, 1, 3, 4, 5, 2, 3, 3, 0, 1, 2, 2, 0, 1, 2, 3, 0, 1, 3, 2, 1, 0, 1, 2, 2, 0, 0, 2, 0, 0, 2, 1, 3, 1, 4, 2, 2, 2, 3, 3, 1, 4, 0, 0, 1, 1, 2, 1]","[3, 2, 4, 5, 5, 3, 4, 4, 1, 2, 3, 3, 1, 2, 3, 4, 1, 2, 4, 3, 2, 1, 2, 3, 3, 1, 1, 3, 1, 1, 3, 2, 4, 2, 5, 3, 3, 3, 4, 4, 2, 5, 1, 1, 2, 2, 3, 2]",128,48,26,False,41
T8_D8,87,3.0,"[3, 4, 5, 3, 4, 6, 4, 4, 6, 3, 2, 1, 3, 2, 4, 1, 1, 1, 2, 1, 2, 1, 4, 2, 3, 5, 6, 5, 2, 4, 1, 2, 2, 2, 2, 3, 3, 4, 4, 2, 3, 4, 3]","[2, 3, 4, 2, 3, 5, 3, 3, 5, 2, 1, 0, 2, 1, 3, 0, 0, 0, 1, 0, 1, 0, 3, 1, 2, 4, 5, 4, 1, 3, 0, 1, 1, 1, 1, 2, 2, 3, 3, 1, 2, 3, 2]","[3, 4, 5, 3, 4, 5, 4, 4, 5, 3, 2, 1, 3, 2, 4, 1, 1, 1, 2, 1, 2, 1, 4, 2, 3, 5, 5, 5, 2, 4, 1, 2, 2, 2, 2, 3, 3, 4, 4, 2, 3, 4, 3]",128,43,26,True,-1
T8_D8,88,2.6,"[1, 3, 3, 2, 2, 2, 4, 2, 3, 2, 3, 2, 5, 3, 3, 1, 2, 4, 3, 1, 2, 4, 4, 2, 2, 1, 3, 2, 3, 2, 1, 1, 4, 4, 2, 4, 2, 4, 2, 1, 5, 4, 3, 2, 2, 2, 2, 3, 3, 3]","[0, 2, 2, 1, 1, 1, 3, 1, 2, 1, 2, 1, 4, 2, 2, 0, 1, 3, 2, 0, 1, 3, 3, 1, 1, 0, 2, 1, 2, 1, 0, 0, 3, 3, 1, 3, 1, 3, 1, 0, 4, 3, 2, 1, 1, 1, 1, 2, 2, 2]","[1, 3, 3, 2, 2, 2, 4, 2, 3, 2, 3, 2, 5, 3, 3, 1, 2, 4, 3, 1, 2, 4, 4, 2, 2, 1, 3, 2, 3, 2, 1, 1, 4, 4, 2, 4, 2, 4, 2, 1, 5, 4, 3, 2, 2, 2, 2, 3, 3, 3]",128,50,26,False,94
T8_D8,89,3.6571,"[3, 2, 4, 4, 6, 2, 6, 3, 5, 4, 5, 3, 6, 4, 4, 5, 3, 5, 3, 3, 2, 4, 1, 3, 4, 2, 2, 4, 2, 4, 3, 4, 5, 4, 4]","[2, 1, 3, 3, 5, 1, 5, 2, 4, 3, 4, 2, 5, 3, 3, 4, 2, 4, 2, 2, 1, 3, 0, 2, 3, 1, 1, 3, 1, 3, 2, 3, 4, 3, 3]","[3, 2, 4, 4, 5, 2, 5, 3, 5, 4, 5, 3, 5, 4, 4, 5, 3, 5, 3, 3, 2, 4, 1, 3, 4, 2, 2, 4, 2, 4, 3, 4, 5, 4, 4]",128,35,26,False,13
T8_D8,90,3.3793,"[4, 3, 6, 4, 2, 2, 3, 3, 4, 3, 3, 4, 5, 1, 3, 2, 4, 4, 3, 2, 5, 4, 5, 2, 5, 1, 5, 5, 1]","[3, 2, 5, 3, 1, 1, 2, 2, 3, 2, 2, 3, 4, 0, 2, 1, 3, 3, 2, 1, 4, 3, 4, 1, 4, 0, 4, 4, 0]","[4, 3, 5, 4, 2, 2, 3, 3, 4, 3, 3, 4, 5, 1, 3, 2, 4, 4, 3, 2, 5, 4, 5, 2, 5, 1, 5, 5, 1]",98,29,26,True,-1
T8_D8,91,2.8261,"[1, 4, 3, 4, 3, 1, 3, 4, 4, 4, 5, 5, 1, 1, 2, 1, 2, 3, 2, 4, 2, 2, 1, 2, 2, 3, 2, 2, 3, 2, 6, 2, 2, 4, 5, 1, 2, 4, 1, 3, 6, 3, 3, 4, 2, 4]","[0, 3, 2, 3, 2, 0, 2, 3, 3, 3, 4, 4, 0, 0, 1, 0, 1, 2, 1, 3, 1, 1, 0, 1, 1, 2, 1, 1, 2, 1, 5, 1, 1, 3, 4, 0, 1, 3, 0, 2, 5, 2, 2, 3, 1, 3]","[1, 4, 3, 4, 3, 1, 3, 4, 4, 4, 5, 5, 1, 1, 2, 1, 2, 3, 2, 4, 2, 2, 1, 2, 2, 3, 2, 2, 3, 2, 5, 2, 2, 4, 5, 1, 2, 4, 1, 3, 5, 3, 3, 4, 2, 4]",128,46,26,False,46
T8_D8,92,2.6531,"[3, 3, 2, 4, 3, 2, 3, 4, 4, 3, 1, 1, 1, 3, 2, 3, 1, 1, 4, 3, 2, 3, 4, 2, 1, 2, 2, 2, 5, 3, 2, 1, 1, 2, 3, 2, 4, 4, 2, 2, 2, 5, 2, 3, 3, 5, 4, 2, 4]","[2, 2, 1, 3, 2, 1, 2, 3, 3, 2, 0, 0, 0, 2, 1, 2, 0, 0, 3, 2, 1, 2, 3, 1, 0, 1, 1, 1, 4, 2, 1, 0, 0, 1, 2, 1, 3, 3, 1, 1, 1, 4, 1, 2, 2, 4, 3, 1, 3]","[3, 3, 2, 4, 3, 2, 3, 4, 4, 3, 1, 1, 1, 3, 2, 3, 1, 1, 4, 3, 2, 3, 4, 2, 1, 2, 2, 2, 5, 3, 2, 1, 1, 2, 3, 2, 4, 4, 2, 2, 2, 5, 2, 3, 3, 5, 4, 2, 4]",128,49,26,True,-1
T8_D8,93,3.4474,"[4, 5, 4, 2, 3, 5, 6, 5, 4, 3, 4, 6, 5, 3, 2, 5, 4, 3, 1, 2, 2, 2, 3, 4, 3, 5, 4, 2, 3, 4, 4, 1, 1, 4, 2, 3, 4, 4]","[3, 4, 3, 1, 2, 4, 5, 4, 3, 2, 3, 5, 4, 2, 1, 4, 3, 2, 0, 1, 1, 1, 2, 3, 2, 4, 3, 1, 2, 3, 3, 0, 0, 3, 1, 2, 3, 3]","[4, 5, 4, 2, 3, 5, 5, 5, 4, 3, 4, 5, 5, 3, 2, 5, 4, 3, 1, 2, 2, 2, 3, 4, 3, 5, 4, 2, 3, 4, 4, 1, 1, 4, 2, 3, 4, 4]",128,38,26,True,-1
T8_D8,94,3.2353,"[6, 6, 2, 5, 6, 5, 4, 1, 2, 2, 3, 2, 2, 3, 3, 2, 1]","[5, 5, 1, 4, 5, 4, 3, 0, 1, 1, 2, 1, 1, 2, 2, 1, 0]","[5, 5, 2, 5, 5, 5, 4, 1, 2, 2, 3, 2, 2, 3, 3, 2, 1]",55,17,26,True,-1
T8_D8,95,2.9767,"[5, 5, 3, 4, 3, 3, 4, 4, 2, 2, 2, 2, 1, 1, 3, 2, 3, 2, 2, 2, 3, 3, 3, 4, 4, 4, 4, 3, 3, 4, 1, 3, 2, 2, 2, 3, 6, 3, 3, 6, 2, 3, 2]","[4, 4, 2, 3, 2, 2, 3, 3, 1, 1, 1, 1, 0, 0, 2, 1, 2, 1, 1, 1, 2, 2, 2, 3, 3, 3, 3, 2, 2, 3, 0, 2, 1, 1, 1, 2, 5, 2, 2, 5, 1, 2, 1]","[5, 5, 3, 4, 3, 3, 4, 4, 2, 2, 2, 2, 1, 1, 3, 2, 3, 2, 2, 2, 3, 3, 3, 4, 4, 4, 4, 3, 3, 4, 1, 3, 2, 2, 2, 3, 5, 3, 3, 5, 2, 3, 2]",128,43,26,False,98
T8_D8,96,3.5405,"[1, 3, 4, 3, 4, 1, 4, 6, 3, 3, 4, 6, 4, 4, 4, 4, 5, 2, 3, 3, 4, 4, 2, 5, 2, 3, 5, 4, 4, 3, 3, 3, 5, 2, 4, 1, 6]","[0, 2, 3, 2, 3, 0, 3, 5, 2, 2, 3, 5, 3, 3, 3, 3, 4, 1, 2, 2, 3, 3, 1, 4, 1, 2, 4, 3, 3, 2, 2, 2, 4, 1, 3, 0, 5]","[1, 3, 4, 3, 4, 1, 4, 5, 3, 3, 4, 5, 4, 4, 4, 4, 5, 2, 3, 3, 4, 4, 2, 5, 2, 3, 5, 4, 4, 3, 3, 3, 5, 2, 4, 1, 5]",128,37,26,True,-1
T8_D8,97,3.5135,"[4, 5, 4, 2, 2, 4, 4, 3, 4, 6, 3, 2, 3, 3, 3, 3, 3, 5, 3, 4, 2, 3, 5, 4, 3, 6, 2, 3, 5, 5, 2, 2, 5, 1, 3, 3, 6]","[3, 4, 3, 1, 1, 3, 3, 2, 3, 5, 2, 1, 2, 2, 2, 2, 2, 4, 2, 3, 1, 2, 4, 3, 2, 5, 1, 2, 4, 4, 1, 1, 4, 0, 2, 2, 5]","[4, 5, 4, 2, 2, 4, 4, 3, 4, 5, 3, 2, 3, 3, 3, 3, 3, 5, 3, 4, 2, 3, 5, 4, 3, 5, 2, 3, 5, 5, 2, 2, 5, 1, 3, 3, 5]",128,37,26,True,-1
T8_D8,98,2.3273,"[3, 2, 1, 3, 2, 3, 2, 2, 3, 2, 1, 3, 2, 4, 4, 3, 1, 2, 4, 4, 3, 5, 1, 1, 2, 3, 1, 1, 2, 1, 3, 1, 2, 1, 2, 2, 2, 2, 2, 1, 3, 3, 3, 2, 2, 2, 3, 3, 3, 1, 3, 4, 3, 2, 2]","[2, 1, 0, 2, 1, 2, 1, 1, 2, 1, 0, 2, 1, 3, 3, 2, 0, 1, 3, 3, 2, 4, 0, 0, 1, 2, 0, 0, 1, 0, 2, 0, 1, 0, 1, 1, 1, 1, 1, 0, 2, 2, 2, 1, 1, 1, 2, 2, 2, 0, 2, 3, 2, 1, 1]","[3, 2, 1, 3, 2, 3, 2, 2, 3, 2, 1, 3, 2, 4, 4, 3, 1, 2, 4, 4, 3, 5, 1, 1, 2, 3, 1, 1, 2, 1, 3, 1, 2, 1, 2, 2, 2, 2, 2, 1, 3, 3, 3, 2, 2, 2, 3, 3, 3, 1, 3, 4, 3, 2, 2]",128,55,26,False,59
T8_D8,99,3.5556,"[1, 2, 3, 4, 6, 1, 2, 5, 6, 3, 6, 5, 4, 6, 4, 4, 2, 3, 2, 4, 4, 5, 4, 5, 6, 5, 3, 4, 1, 3, 2, 3, 1, 3, 2, 4]","[0, 1, 2, 3, 5, 0, 1, 4, 5, 2, 5, 4, 3, 5, 3, 3, 1, 2, 1, 3, 3, 4, 3, 4, 5, 4, 2, 3, 0, 2, 1, 2, 0, 2, 1, 3]","[1, 2, 3, 4, 5, 1, 2, 5, 5, 3, 5, 5, 4, 5, 4, 4, 2, 3, 2, 4, 4, 5, 4, 5, 5, 5, 3, 4, 1, 3, 2, 3, 1, 3, 2, 4]",128,36,26,False,33
T8_D8,100,2.7234,"[3, 3, 2, 2, 4, 3, 1, 4, 4, 1, 3, 2, 4, 3, 1, 3, 4, 3, 3, 4, 4, 2, 1, 1, 4, 3, 4, 2, 4, 3, 2, 2, 3, 3, 4, 3, 3, 1, 1, 1, 2, 3, 1, 4, 4, 4, 2]","[2, 2, 1, 1, 3, 2, 0, 3, 3, 0, 2, 1, 3, 2, 0, 2, 3, 2, 2, 3, 3, 1, 0, 0, 3, 2, 3, 1, 3, 2, 1, 1, 2, 2, 3, 2, 2, 0, 0, 0, 1, 2, 0, 3, 3, 3, 1]","[3, 3, 2, 2, 4, 3, 1, 4, 4, 1, 3, 2, 4, 3, 1, 3, 4, 3, 3, 4, 4, 2, 1, 1, 4, 3, 4, 2, 4, 3, 2, 2, 3, 3, 4, 3, 3, 1, 1, 1, 2, 3, 1, 4, 4, 4, 2]",128,47,26,True,-1
T8_D8,101,3.2941,"[1, 4, 4, 2, 2, 2, 4, 6, 6, 2, 3, 4, 2, 2, 6, 3, 5, 3, 1, 6, 3, 3, 4, 3, 2, 4, 1, 3, 4, 4, 2, 6, 3, 2]","[0, 3, 3, 1, 1, 1, 3, 5, 5, 1, 2, 3, 1, 1, 5, 2, 4, 2, 0, 5, 2, 2, 3, 2, 1, 3, 0, 2, 3, 3, 1, 5, 2, 1]","[1, 4, 4, 2, 2, 2, 4, 5, 5, 2, 3, 4, 2, 2, 5, 3, 5, 3, 1, 5, 3, 3, 4, 3, 2, 4, 1, 3, 4, 4, 2, 5, 3, 2]",112,34,26,True,-1
T8_D8,102,3.1951,"[1, 3, 1, 2, 4, 4, 3, 3, 4, 2, 2, 4, 2, 5, 3, 3, 4, 3, 4, 6, 3, 1, 2, 2, 3, 5, 4, 2, 3, 3, 3, 5, 5, 1, 1, 2, 4, 4, 6, 5, 4]","[0, 2, 0, 1, 3, 3, 2, 2, 3, 1, 1, 3, 1, 4, 2, 2, 3, 2, 3, 5, 2, 0, 1, 1, 2, 4, 3, 1, 2, 2, 2, 4, 4, 0, 0, 1, 3, 3, 5, 4, 3]","[1, 3, 1, 2, 4, 4, 3, 3, 4, 2, 2, 4, 2, 5, 3, 3, 4, 3, 4, 5, 3, 1, 2, 2, 3, 5, 4, 2, 3, 3, 3, 5, 5, 1, 1, 2, 4, 4, 5, 5, 4]",128,41,26,False,11
T8_D8,103,3.122,"[1, 4, 4, 2, 4, 3, 3, 2, 2, 6, 2, 3, 3, 1, 4, 6, 6, 1, 5, 6, 4, 5, 3, 3, 3, 6, 1, 2, 2, 2, 3, 2, 3, 1, 3, 2, 4, 3, 3, 3, 2]","[0, 3, 3, 1, 3, 2, 2, 1, 1, 5, 1, 2, 2, 0, 3, 5, 5, 0, 4, 5, 3, 4, 2, 2, 2, 5, 0, 1, 1, 1, 2, 1, 2, 0, 2, 1, 3, 2, 2, 2, 1]","[1, 4, 4, 2, 4, 3, 3, 2, 2, 5, 2, 3, 3, 1, 4, 5, 5, 1, 5, 5, 4, 5, 3, 3, 3, 5, 1, 2, 2, 2, 3, 2, 3, 1, 3, 2, 4, 3, 3, 3, 2]",128,41,26,False,113
T8_D8,104,3.5652,"[2, 4, 3, 2, 3, 4, 4, 5, 4, 4, 4, 3, 3, 4, 3, 3, 6, 4, 3, 4, 4, 4, 2]","[1, 3, 2, 1, 2, 3, 3, 4, 3, 3, 3, 2, 2, 3, 2, 2, 5, 3, 2, 3, 3, 3, 1]","[2, 4, 3, 2, 3, 4, 4, 5, 4, 4, 4, 3, 3, 4, 3, 3, 5, 4, 3, 4, 4, 4, 2]",82,23,26,False,74
T8_D8,105,3.5217,"[3, 3, 6, 3, 3, 4, 6, 4, 3, 2, 5, 1, 3, 1, 4, 4, 5, 1, 4, 3, 3, 6, 4]","[2, 2, 5, 2, 2, 3, 5, 3, 2, 1, 4, 0, 2, 0, 3, 3, 4, 0, 3, 2, 2, 5, 3]","[3, 3, 5, 3, 3, 4, 5, 4, 3, 2, 5, 1, 3, 1, 4, 4, 5, 1, 4, 3, 3, 5, 4]",81,23,26,True,-1
T8_D8,106,3.7941,"[3, 3, 4, 4, 2, 6, 1, 4, 4, 4, 6, 2, 6, 4, 3, 2, 2, 6, 2, 6, 5, 5, 6, 4, 4, 3, 2, 4, 4, 1, 4, 6, 1, 6]","[2, 2, 3, 3, 1, 5, 0, 3, 3, 3, 5, 1, 5, 3, 2, 1, 1, 5, 1, 5, 4, 4, 5, 3, 3, 2, 1, 3, 3, 0, 3, 5, 0, 5]","[3, 3, 4, 4, 2, 5, 1, 4, 4, 4, 5, 2, 5, 4, 3, 2, 2, 5, 2, 5, 5, 5, 5, 4, 4, 3, 2, 4, 4, 1, 4, 5, 1, 5]",128,34,26,True,-1
T8_D8,107,3.4118,"[1, 3, 3, 4, 4, 3, 4, 4, 3, 3, 1, 3, 4, 6, 4, 2, 5, 3, 6, 3, 6, 1, 1, 4, 2, 4, 3, 2, 4, 3, 2, 5, 5, 5]","[0, 2, 2, 3, 3, 2, 3, 3, 2, 2, 0, 2, 3, 5, 3, 1, 4, 2, 5, 2, 5, 0, 0, 3, 1, 3, 2, 1, 3, 2, 1, 4, 4, 4]","[1, 3, 3, 4, 4, 3, 4, 4, 3, 3, 1, 3, 4, 5, 4, 2, 5, 3, 5, 3, 5, 1, 1, 4, 2, 4, 3, 2, 4, 3, 2, 5, 5, 5]",116,34,26,True,-1
T8_D8,108,3.3939,"[1, 3, 3, 4, 4, 3, 4, 3, 2, 3, 2, 4, 3, 2, 4, 4, 2, 6, 3, 3, 2, 2, 4, 4, 5, 3, 4, 2, 5, 3, 4, 6, 5]","[0, 2, 2, 3, 3, 2, 3, 2, 1, 2, 1, 3, 2, 1, 3, 3, 1, 5, 2, 2, 1, 1, 3, 3, 4, 2, 3, 1, 4, 2, 3, 5, 4]","[1, 3, 3, 4, 4, 3, 4, 3, 2, 3, 2, 4, 3, 2, 4, 4, 2, 5, 3, 3, 2, 2, 4, 4, 5, 3, 4, 2, 5, 3, 4, 5, 5]",112,33,26,True,-1
T8_D8,109,3.4211,"[4, 6, 2, 3, 5, 2, 3, 4, 3, 4, 3, 3, 4, 6, 4, 4, 1, 2, 6, 3, 2, 6, 5, 4, 4, 2, 2, 4, 3, 2, 2, 2, 2, 3, 6, 4, 2, 3]","[3, 5, 1, 2, 4, 1, 2, 3, 2, 3, 2, 2, 3, 5, 3, 3, 0, 1, 5, 2, 1, 5, 4, 3, 3, 1, 1, 3, 2, 1, 1, 1, 1, 2, 5, 3, 1, 2]","[4, 5, 2, 3, 5, 2, 3, 4, 3, 4, 3, 3, 4, 5, 4, 4, 1, 2, 5, 3, 2, 5, 5, 4, 4, 2, 2, 4, 3, 2, 2, 2, 2, 3, 5, 4, 2, 3]",128,38,26,True,-1
T8_D8,110,3.6389,"[3, 6, 2, 4, 2, 6, 4, 4, 3, 3, 4, 6, 4, 3, 2, 2, 3, 5, 4, 4, 4, 6, 4, 2, 3, 5, 3, 4, 6, 3, 2, 2, 3, 2, 3, 5]","[2, 5, 1, 3, 1, 5, 3, 3, 2, 2, 3, 5, 3, 2, 1, 1, 2, 4, 3, 3, 3, 5, 3, 1, 2, 4, 2, 3, 5, 2, 1, 1, 2, 1, 2, 4]","[3, 5, 2, 4, 2, 5, 4, 4, 3, 3, 4, 5, 4, 3, 2, 2, 3, 5, 4, 4, 4, 5, 4, 2, 3, 5, 3, 4, 5, 3, 2, 2, 3, 2, 3, 5]",128,36,26,True,-1
T8_D8,111,3.9394,"[3, 3, 5, 6, 2, 4, 4, 2, 6, 4, 3, 4, 6, 1, 3, 4, 5, 4, 2, 4, 6, 4, 3, 4, 5, 2, 4, 6, 4, 4, 4, 4, 5]","[2, 2, 4, 5, 1, 3, 3, 1, 5, 3, 2, 3, 5, 0, 2, 3, 4, 3, 1, 3, 5, 3, 2, 3, 4, 1, 3, 5, 3, 3, 3, 3, 4]","[3, 3, 5, 5, 2, 4, 4, 2, 5, 4, 3, 4, 5, 1, 3, 4, 5, 4, 2, 4, 5, 4, 3, 4, 5, 2, 4, 5, 4, 4, 4, 4, 5]",128,33,26,True,-1
T8_D8,112,3.9697,"[3, 3, 3, 2, 3, 3, 5, 5, 4, 4, 6, 3, 5, 5, 4, 2, 2, 4, 4, 6, 3, 4, 4, 5, 4, 4, 3, 5, 6, 4, 3, 4, 6]","[2, 2, 2, 1, 2, 2, 4, 4, 3, 3, 5, 2, 4, 4, 3, 1, 1, 3, 3, 5, 2, 3, 3, 4, 3, 3, 2, 4, 5, 3, 2, 3, 5]","[3, 3, 3, 2, 3, 3, 5, 5, 4, 4, 5, 3, 5, 5, 4, 2, 2, 4, 4, 5, 3, 4, 4, 5, 4, 4, 3, 5, 5, 4, 3, 4, 5]",128,33,26,True,-1
T8_D8,113,3.4865,"[3, 4, 4, 1, 3, 5, 4, 2, 2, 4, 3, 3, 2, 1, 4, 1, 1, 4, 5, 3, 6, 4, 6, 4, 3, 3, 3, 2, 2, 5, 3, 4, 6, 6, 5, 2, 6]","[2, 3, 3, 0, 2, 4, 3, 1, 1, 3, 2, 2, 1, 0, 3, 0, 0, 3, 4, 2, 5, 3, 5, 3, 2, 2, 2, 1, 1, 4, 2, 3, 5, 5, 4, 1, 5]","[3, 4, 4, 1, 3, 5, 4, 2, 2, 4, 3, 3, 2, 1, 4, 1, 1, 4, 5, 3, 5, 4, 5, 4, 3, 3, 3, 2, 2, 5, 3, 4, 5, 5, 5, 2, 5]",128,37,26,False,67
T8_D8,114,3.225,"[1, 4, 2, 5, 3, 3, 3, 2, 5, 4, 1, 4, 3, 3, 4, 3, 4, 4, 2, 5, 2, 3, 3, 3, 3, 6, 5, 4, 2, 3, 3, 2, 1, 1, 4, 6, 3, 3, 4, 3]","[0, 3, 1, 4, 2, 2, 2, 1, 4, 3, 0, 3, 2, 2, 3, 2, 3, 3, 1, 4, 1, 2, 2, 2, 2, 5, 4, 3, 1, 2, 2, 1, 0, 0, 3, 5, 2, 2, 3, 2]","[1, 4, 2, 5, 3, 3, 3, 2, 5, 4, 1, 4, 3, 3, 4, 3, 4, 4, 2, 5, 2, 3, 3, 3, 3, 5, 5, 4, 2, 3, 3, 2, 1, 1, 4, 5, 3, 3, 4, 3]",128,40,26,False,19
T8_D8,115,3.8788,"[3, 4, 2, 5, 1, 3, 3, 2, 5, 4, 4, 4, 6, 4, 4, 2, 6, 4, 2, 2, 3, 6, 3, 2, 4, 3, 5, 6, 6, 4, 4, 6, 6]","[2, 3, 1, 4, 0, 2, 2, 1, 4, 3, 3, 3, 5, 3, 3, 1, 5, 3, 1, 1, 2, 5, 2, 1, 3, 2, 4, 5, 5, 3, 3, 5, 5]","[3, 4, 2, 5, 1, 3, 3, 2, 5, 4, 4, 4, 5, 4, 4, 2, 5, 4, 2, 2, 3, 5, 3, 2, 4, 3, 5, 5, 5, 4, 4, 5, 5]",128,33,26,True,-1
T8_D8,116,3.4103,"[3, 3, 3, 4, 1, 4, 4, 3, 2, 4, 4, 4, 6, 1, 2, 2, 1, 2, 6, 4, 6, 3, 2, 4, 4, 2, 3, 6, 2, 1, 4, 1, 6, 4, 4, 3, 5, 4, 6]","[2, 2, 2, 3, 0, 3, 3, 2, 1, 3, 3, 3, 5, 0, 1, 1, 0, 1, 5, 3, 5, 2, 1, 3, 3, 1, 2, 5, 1, 0, 3, 0, 5, 3, 3, 2, 4, 3, 5]","[3, 3, 3, 4, 1, 4, 4, 3, 2, 4, 4, 4, 5, 1, 2, 2, 1, 2, 5, 4, 5, 3, 2, 4, 4, 2, 3, 5, 2, 1, 4, 1, 5, 4, 4, 3, 5, 4, 5]",128,39,26,True,-1
T8_D8,117,3.8788,"[1, 4, 4, 2, 4, 4, 6, 5, 4, 4, 3, 6, 3, 2, 5, 2, 6, 4, 5, 4, 4, 2, 2, 4, 4, 1, 4, 6, 3, 4, 5, 5, 6]","[0, 3, 3, 1, 3, 3, 5, 4, 3, 3, 2, 5, 2, 1, 4, 1, 5, 3, 4, 3, 3, 1, 1, 3, 3, 0, 3, 5, 2, 3, 4, 4, 5]","[1, 4, 4, 2, 4, 4, 5, 5, 4, 4, 3, 5, 3, 2, 5, 2, 5, 4, 5, 4, 4, 2, 2, 4, 4, 1, 4, 5, 3, 4, 5, 5, 5]",128,33,26,False,18
T8_D8,118,3.2821,"[1, 3, 3, 4, 4, 3, 4, 2, 2, 2, 3, 3, 2, 4, 5, 6, 2, 1, 2, 3, 3, 4, 6, 4, 5, 2, 3, 4, 5, 5, 4, 2, 4, 5, 3, 1, 1, 6, 2]","[0, 2, 2, 3, 3, 2, 3, 1, 1, 1, 2, 2, 1, 3, 4, 5, 1, 0, 1, 2, 2, 3, 5, 3, 4, 1, 2, 3, 4, 4, 3, 1, 3, 4, 2, 0, 0, 5, 1]","[1, 3, 3, 4, 4, 3, 4, 2, 2, 2, 3, 3, 2, 4, 5, 5, 2, 1, 2, 3, 3, 4, 5, 4, 5, 2, 3, 4, 5, 5, 4, 2, 4, 5, 3, 1, 1, 5, 2]",128,39,26,True,-1
T8_D8,119,3.6389,"[3, 4, 2, 2, 3, 2, 3, 4, 4, 4, 4, 6, 2, 5, 5, 3, 2, 1, 3, 5, 4, 4, 1, 2, 5, 4, 6, 3, 6, 3, 4, 2, 6, 3, 5, 6]","[2, 3, 1, 1, 2, 1, 2, 3, 3, 3, 3, 5, 1, 4, 4, 2, 1, 0, 2, 4, 3, 3, 0, 1, 4, 3, 5, 2, 5, 2, 3, 1, 5, 2, 4, 5]","[3, 4, 2, 2, 3, 2, 3, 4, 4, 4, 4, 5, 2, 5, 5, 3, 2, 1, 3, 5, 4, 4, 1, 2, 5, 4, 5, 3, 5, 3, 4, 2, 5, 3, 5, 5]",128,36,26,False,16
T8_D8,120,3.3,"[3, 3, 3, 2, 2, 1, 6, 6, 4, 3, 2, 4, 4, 4, 4, 2, 3, 4, 4, 6, 1, 4, 4, 3, 2, 2, 4, 4, 2, 2, 3, 2, 3, 4, 4, 4, 3, 3, 3, 5]","[2, 2, 2, 1, 1, 0, 5, 5, 3, 2, 1, 3, 3, 3, 3, 1, 2, 3, 3, 5, 0, 3, 3, 2, 1, 1, 3, 3, 1, 1, 2, 1, 2, 3, 3, 3, 2, 2, 2, 4]","[3, 3, 3, 2, 2, 1, 5, 5, 4, 3, 2, 4, 4, 4, 4, 2, 3, 4, 4, 5, 1, 4, 4, 3, 2, 2, 4, 4, 2, 2, 3, 2, 3, 4, 4, 4, 3, 3, 3, 5]",128,40,26,False,82
T8_D8,121,3.4865,"[3, 3, 4, 4, 1, 2, 2, 1, 6, 3, 3, 4, 4, 6, 2, 4, 3, 3, 3, 4, 6, 4, 2, 4, 2, 5, 4, 6, 2, 2, 2, 4, 4, 5, 3, 5, 4]","[2, 2, 3, 3, 0, 1, 1, 0, 5, 2, 2, 3, 3, 5, 1, 3, 2, 2, 2, 3, 5, 3, 1, 3, 1, 4, 3, 5, 1, 1, 1, 3, 3, 4, 2, 4, 3]","[3, 3, 4, 4, 1, 2, 2, 1, 5, 3, 3, 4, 4, 5, 2, 4, 3, 3, 3, 4, 5, 4, 2, 4, 2, 5, 4, 5, 2, 2, 2, 4, 4, 5, 3, 5, 4]",128,37,26,True,-1
T8_D8,122,3.6667,"[1, 2, 3, 5, 2, 2, 4, 6, 6, 4, 5, 4, 5, 5, 1, 2, 3, 3, 2, 2, 1, 4, 6, 4, 4, 4, 2, 4, 5, 6, 4, 3, 2, 4, 6, 6]","[0, 1, 2, 4, 1, 1, 3, 5, 5, 3, 4, 3, 4, 4, 0, 1, 2, 2, 1, 1, 0, 3, 5, 3, 3, 3, 1, 3, 4, 5, 3, 2, 1, 3, 5, 5]","[1, 2, 3, 5, 2, 2, 4, 5, 5, 4, 5, 4, 5, 5, 1, 2, 3, 3, 2, 2, 1, 4, 5, 4, 4, 4, 2, 4, 5, 5, 4, 3, 2, 4, 5, 5]",128,36,26,False,11
T8_D8,123,4.3667,"[4, 6, 4, 5, 3, 5, 3, 6, 6, 5, 4, 6, 4, 4, 4, 4, 6, 2, 4, 4, 6, 3, 5, 2, 6, 3, 3, 6, 4, 4]","[3, 5, 3, 4, 2, 4, 2, 5, 5, 4, 3, 5, 3, 3, 3, 3, 5, 1, 3, 3, 5, 2, 4, 1, 5, 2, 2, 5, 3, 3]","[4, 5, 4, 5, 3, 5, 3, 5, 5, 5, 4, 5, 4, 4, 4, 4, 5, 2, 4, 4, 5, 3, 5, 2, 5, 3, 3, 5, 4, 4]",128,30,26,True,-1
T8_D8,124,3.25,"[1, 3, 2, 2, 4, 3, 2, 4, 4, 1, 3, 4, 3, 3, 3, 6, 3, 2, 3, 2, 3, 3, 3, 2, 4, 3, 3, 2, 3, 3, 6, 4, 4, 3, 3, 4, 5, 6, 4, 4]","[0, 2, 1, 1, 3, 2, 1, 3, 3, 0, 2, 3, 2, 2, 2, 5, 2, 1, 2, 1, 2, 2, 2, 1, 3, 2, 2, 1, 2, 2, 5, 3, 3, 2, 2, 3, 4, 5, 3, 3]","[1, 3, 2, 2, 4, 3, 2, 4, 4, 1, 3, 4, 3, 3, 3, 5, 3, 2, 3, 2, 3, 3, 3, 2, 4, 3, 3, 2, 3, 3, 5, 4, 4, 3, 3, 4, 5, 5, 4, 4]",128,40,26,False,26
T8_D8,125,3.7941,"[3, 3, 3, 2, 2, 6, 3, 6, 6, 3, 5, 4, 5, 5, 3, 6, 6, 4, 4, 4, 5, 3, 3, 2, 4, 3, 3, 4, 6, 4, 4, 1, 2, 2]","[2, 2, 2, 1, 1, 5, 2, 5, 5, 2, 4, 3, 4, 4, 2, 5, 5, 3, 3, 3, 4, 2, 2, 1, 3, 2, 2, 3, 5, 3, 3, 0, 1, 1]","[3, 3, 3, 2, 2, 5, 3, 5, 5, 3, 5, 4, 5, 5, 3, 5, 5, 4, 4, 4, 5, 3, 3, 2, 4, 3, 3, 4, 5, 4, 4, 1, 2, 2]",128,34,26,True,-1
T8_D8,126,4.0625,"[3, 3, 3, 2, 6, 6, 4, 3, 5, 4, 3, 6, 2, 6, 5, 3, 6, 4, 6, 3, 3, 4, 4, 4, 3, 4, 6, 5, 6, 2, 2, 4]","[2, 2, 2, 1, 5, 5, 3, 2, 4, 3, 2, 5, 1, 5, 4, 2, 5, 3, 5, 2, 2, 3, 3, 3, 2, 3, 5, 4, 5, 1, 1, 3]","[3, 3, 3, 2, 5, 5, 4, 3, 5, 4, 3, 5, 2, 5, 5, 3, 5, 4, 5, 3, 3, 4, 4, 4, 3, 4, 5, 5, 5, 2, 2, 4]",128,32,26,True,-1
T8_D8,127,3.6571,"[3, 3, 3, 2, 6, 4, 4, 2, 4, 4, 3, 5, 4, 3, 6, 5, 6, 2, 6, 4, 6, 3, 2, 2, 2, 5, 4, 4, 5, 2, 2, 2, 2, 3, 5]","[2, 2, 2, 1, 5, 3, 3, 1, 3, 3, 2, 4, 3, 2, 5, 4, 5, 1, 5, 3, 5, 2, 1, 1, 1, 4, 3, 3, 4, 1, 1, 1, 1, 2, 4]","[3, 3, 3, 2, 5, 4, 4, 2, 4, 4, 3, 5, 4, 3, 5, 5, 5, 2, 5, 4, 5, 3, 2, 2, 2, 5, 4, 4, 5, 2, 2, 2, 2, 3, 5]",128,35,26,True,-1
T8_D8,128,3.3333,"[3, 3, 3, 3, 3, 4, 4, 3, 2, 3, 5, 3, 3, 4, 5, 5, 2, 4, 3, 2, 3, 6, 3, 4, 4, 3, 4, 2, 4, 2, 3, 4, 1, 4, 3, 3, 4, 3, 3]","[2, 2, 2, 2, 2, 3, 3, 2, 1, 2, 4, 2, 2, 3, 4, 4, 1, 3, 2, 1, 2, 5, 2, 3, 3, 2, 3, 1, 3, 1, 2, 3, 0, 3, 2, 2, 3, 2, 2]","[3, 3, 3, 3, 3, 4, 4, 3, 2, 3, 5, 3, 3, 4, 5, 5, 2, 4, 3, 2, 3, 5, 3, 4, 4, 3, 4, 2, 4, 2, 3, 4, 1, 4, 3, 3, 4, 3, 3]",128,39,26,False,12
T8_D8,129,3.5946,"[3, 3, 3, 4, 1, 3, 3, 1, 4, 6, 5, 3, 4, 3, 4, 4, 5, 6, 3, 3, 4, 3, 5, 3, 3, 3, 4, 4, 3, 1, 5, 2, 4, 4, 6, 2, 6]","[2, 2, 2, 3, 0, 2, 2, 0, 3, 5, 4, 2, 3, 2, 3, 3, 4, 5, 2, 2, 3, 2, 4, 2, 2, 2, 3, 3, 2, 0, 4, 1, 3, 3, 5, 1, 5]","[3, 3, 3, 4, 1, 3, 3, 1, 4, 5, 5, 3, 4, 3, 4, 4, 5, 5, 3, 3, 4, 3, 5, 3, 3, 3, 4, 4, 3, 1, 5, 2, 4, 4, 5, 2, 5]",128,37,26,True,-1
T8_D8,130,3.4595,"[3, 3, 3, 2, 4, 4, 2, 6, 5, 4, 2, 3, 2, 3, 1, 4, 4, 3, 3, 4, 6, 6, 5, 3, 2, 3, 2, 6, 4, 3, 4, 3, 1, 5, 4, 2, 4]","[2, 2, 2, 1, 3, 3, 1, 5, 4, 3, 1, 2, 1, 2, 0, 3, 3, 2, 2, 3, 5, 5, 4, 2, 1, 2, 1, 5, 3, 2, 3, 2, 0, 4, 3, 1, 3]","[3, 3, 3, 2, 4, 4, 2, 5, 5, 4, 2, 3, 2, 3, 1, 4, 4, 3, 3, 4, 5, 5, 5, 3, 2, 3, 2, 5, 4, 3, 4, 3, 1, 5, 4, 2, 4]",128,37,26,False,3
T8_D8,131,3.5833,"[4, 6, 2, 5, 2, 3, 1, 6, 4, 3, 3, 5, 5, 2, 4, 5, 5, 6, 6, 4, 3, 3, 2, 1, 5, 4, 1, 2, 4, 1, 3, 1, 5, 6, 4, 3]","[3, 5, 1, 4, 1, 2, 0, 5, 3, 2, 2, 4, 4, 1, 3, 4, 4, 5, 5, 3, 2, 2, 1, 0, 4, 3, 0, 1, 3, 0, 2, 0, 4, 5, 3, 2]","[4, 5, 2, 5, 2, 3, 1, 5, 4, 3, 3, 5, 5, 2, 4, 5, 5, 5, 5, 4, 3, 3, 2, 1, 5, 4, 1, 2, 4, 1, 3, 1, 5, 5, 4, 3]",128,36,26,True,-1
T8_D8,132,4.6071,"[4, 6, 5, 2, 6, 4, 3, 3, 3, 6, 6, 6, 3, 6, 6, 3, 2, 4, 5, 6, 6, 4, 6, 6, 3, 6, 3, 6]","[3, 5, 4, 1, 5, 3, 2, 2, 2, 5, 5, 5, 2, 5, 5, 2, 1, 3, 4, 5, 5, 3, 5, 5, 2, 5, 2, 5]","[4, 5, 5, 2, 5, 4, 3, 3, 3, 5, 5, 5, 3, 5, 5, 3, 2, 4, 5, 5, 5, 4, 5, 5, 3, 5, 3, 5]",128,28,26,True,-1
T8_D8,133,3.9697,"[4, 2, 2, 3, 3, 4, 4, 3, 4, 3, 4, 5, 2, 4, 4, 6, 2, 4, 5, 4, 3, 6, 2, 5, 4, 6, 4, 5, 6, 4, 6, 2, 6]","[3, 1, 1, 2, 2, 3, 3, 2, 3, 2, 3, 4, 1, 3, 3, 5, 1, 3, 4, 3, 2, 5, 1, 4, 3, 5, 3, 4, 5, 3, 5, 1, 5]","[4, 2, 2, 3, 3, 4, 4, 3, 4, 3, 4, 5, 2, 4, 4, 5, 2, 4, 5, 4, 3, 5, 2, 5, 4, 5, 4, 5, 5, 4, 5, 2, 5]",128,33,26,True,-1
T8_D8,134,3.9697,"[1, 3, 3, 3, 3, 5, 6, 4, 5, 4, 4, 6, 1, 6, 6, 6, 2, 2, 5, 4, 5, 4, 2, 4, 6, 3, 4, 5, 4, 2, 3, 6, 4]","[0, 2, 2, 2, 2, 4, 5, 3, 4, 3, 3, 5, 0, 5, 5, 5, 1, 1, 4, 3, 4, 3, 1, 3, 5, 2, 3, 4, 3, 1, 2, 5, 3]","[1, 3, 3, 3, 3, 5, 5, 4, 5, 4, 4, 5, 1, 5, 5, 5, 2, 2, 5, 4, 5, 4, 2, 4, 5, 3, 4, 5, 4, 2, 3, 5, 4]",128,33,26,True,-1
T8_D8,135,4.0938,"[4, 1, 4, 3, 3, 5, 4, 4, 5, 4, 6, 3, 5, 4, 2, 6, 6, 6, 3, 4, 5, 1, 1, 6, 2, 6, 3, 2, 5, 6, 6, 6]","[3, 0, 3, 2, 2, 4, 3, 3, 4, 3, 5, 2, 4, 3, 1, 5, 5, 5, 2, 3, 4, 0, 0, 5, 1, 5, 2, 1, 4, 5, 5, 5]","[4, 1, 4, 3, 3, 5, 4, 4, 5, 4, 5, 3, 5, 4, 2, 5, 5, 5, 3, 4, 5, 1, 1, 5, 2, 5, 3, 2, 5, 5, 5, 5]",128,32,26,True,-1
T8_D8,136,2.5833,"[3, 3, 2, 1, 4, 3, 2, 2, 3, 2, 3, 3]","[2, 2, 1, 0, 3, 2, 1, 1, 2, 1, 2, 2]","[3, 3, 2, 1, 4, 3, 2, 2, 3, 2, 3, 3]",31,12,26,False,-1
T8_D8,137,3.3684,"[1, 2, 3, 3, 2, 4, 1, 6, 2, 3, 4, 5, 5, 4, 2, 5, 6, 1, 4, 3, 3, 4, 1, 4, 2, 1, 5, 5, 3, 6, 4, 5, 2, 4, 4, 4, 2, 3]","[0, 1, 2, 2, 1, 3, 0, 5, 1, 2, 3, 4, 4, 3, 1, 4, 5, 0, 3, 2, 2, 3, 0, 3, 1, 0, 4, 4, 2, 5, 3, 4, 1, 3, 3, 3, 1, 2]","[1, 2, 3, 3, 2, 4, 1, 5, 2, 3, 4, 5, 5, 4, 2, 5, 5, 1, 4, 3, 3, 4, 1, 4, 2, 1, 5, 5, 3, 5, 4, 5, 2, 4, 4, 4, 2, 3]",128,38,26,True,-1
T8_D8,138,3.3077,"[1, 3, 6, 2, 5, 4, 5, 2, 6, 3, 2, 3, 4, 2, 6, 2, 4, 6, 1, 4, 4, 2, 4, 4, 2, 4, 4, 2, 3, 4, 1, 3, 2, 3, 2, 3, 2, 4, 5]","[0, 2, 5, 1, 4, 3, 4, 1, 5, 2, 1, 2, 3, 1, 5, 1, 3, 5, 0, 3, 3, 1, 3, 3, 1, 3, 3, 1, 2, 3, 0, 2, 1, 2, 1, 2, 1, 3, 4]","[1, 3, 5, 2, 5, 4, 5, 2, 5, 3, 2, 3, 4, 2, 5, 2, 4, 5, 1, 4, 4, 2, 4, 4, 2, 4, 4, 2, 3, 4, 1, 3, 2, 3, 2, 3, 2, 4, 5]",128,39,26,True,-1
T8_D8,139,4.125,"[3, 3, 3, 2, 2, 5, 6, 3, 5, 4, 6, 5, 3, 6, 6, 4, 4, 5, 4, 4, 4, 4, 5, 4, 5, 4, 4, 4, 3, 3, 4, 5]","[2, 2, 2, 1, 1, 4, 5, 2, 4, 3, 5, 4, 2, 5, 5, 3, 3, 4, 3, 3, 3, 3, 4, 3, 4, 3, 3, 3, 2, 2, 3, 4]","[3, 3, 3, 2, 2, 5, 5, 3, 5, 4, 5, 5, 3, 5, 5, 4, 4, 5, 4, 4, 4, 4, 5, 4, 5, 4, 4, 4, 3, 3, 4, 5]",128,32,26,True,-1
T8_D8,140,3.7429,"[3, 3, 3, 4, 6, 6, 5, 4, 5, 3, 6, 5, 6, 4, 2, 6, 4, 4, 3, 2, 3, 4, 1, 2, 2, 3, 1, 2, 2, 2, 4, 4, 6, 6, 5]","[2, 2, 2, 3, 5, 5, 4, 3, 4, 2, 5, 4, 5, 3, 1, 5, 3, 3, 2, 1, 2, 3, 0, 1, 1, 2, 0, 1, 1, 1, 3, 3, 5, 5, 4]","[3, 3, 3, 4, 5, 5, 5, 4, 5, 3, 5, 5, 5, 4, 2, 5, 4, 4, 3, 2, 3, 4, 1, 2, 2, 3, 1, 2, 2, 2, 4, 4, 5, 5, 5]",128,35,26,False,29
T8_D8,141,3.1463,"[1, 3, 3, 4, 4, 6, 2, 3, 6, 4, 4, 2, 3, 5, 4, 2, 3, 3, 3, 4, 4, 3, 4, 3, 5, 2, 2, 1, 2, 4, 6, 3, 3, 2, 2, 2, 3, 3, 1, 3, 2]","[0, 2, 2, 3, 3, 5, 1, 2, 5, 3, 3, 1, 2, 4, 3, 1, 2, 2, 2, 3, 3, 2, 3, 2, 4, 1, 1, 0, 1, 3, 5, 2, 2, 1, 1, 1, 2, 2, 0, 2, 1]","[1, 3, 3, 4, 4, 5, 2, 3, 5, 4, 4, 2, 3, 5, 4, 2, 3, 3, 3, 4, 4, 3, 4, 3, 5, 2, 2, 1, 2, 4, 5, 3, 3, 2, 2, 2, 3, 3, 1, 3, 2]",128,41,26,True,-1
T8_D8,142,3.275,"[3, 4, 4, 2, 6, 1, 1, 3, 2, 3, 5, 4, 2, 4, 2, 5, 4, 4, 4, 6, 3, 4, 6, 2, 2, 2, 2, 2, 3, 4, 3, 3, 4, 2, 1, 3, 4, 4, 4, 4]","[2, 3, 3, 1, 5, 0, 0, 2, 1, 2, 4, 3, 1, 3, 1, 4, 3, 3, 3, 5, 2, 3, 5, 1, 1, 1, 1, 1, 2, 3, 2, 2, 3, 1, 0, 2, 3, 3, 3, 3]","[3, 4, 4, 2, 5, 1, 1, 3, 2, 3, 5, 4, 2, 4, 2, 5, 4, 4, 4, 5, 3, 4, 5, 2, 2, 2, 2, 2, 3, 4, 3, 3, 4, 2, 1, 3, 4, 4, 4, 4]",128,40,26,False,11
T8_D8,143,3.1707,"[5, 6, 1, 3, 4, 5, 2, 3, 5, 2, 6, 2, 2, 5, 5, 4, 6, 2, 3, 2, 1, 2, 4, 5, 3, 4, 2, 2, 2, 2, 1, 1, 3, 1, 4, 5, 4, 1, 4, 2, 4]","[4, 5, 0, 2, 3, 4, 1, 2, 4, 1, 5, 1, 1, 4, 4, 3, 5, 1, 2, 1, 0, 1, 3, 4, 2, 3, 1, 1, 1, 1, 0, 0, 2, 0, 3, 4, 3, 0, 3, 1, 3]","[5, 5, 1, 3, 4, 5, 2, 3, 5, 2, 5, 2, 2, 5, 5, 4, 5, 2, 3, 2, 1, 2, 4, 5, 3, 4, 2, 2, 2, 2, 1, 1, 3, 1, 4, 5, 4, 1, 4, 2, 4]",128,41,26,True,-1
T8_D8,144,3.0,"[1, 3, 3, 4, 4, 6, 5, 3, 2, 5, 1, 4, 3, 3, 1, 4, 2, 3, 3, 3, 6, 2, 3, 4, 4, 2, 3, 4, 2, 3, 2, 4, 4, 3, 2, 3, 1, 3, 2, 1, 4, 2, 2]","[0, 2, 2, 3, 3, 5, 4, 2, 1, 4, 0, 3, 2, 2, 0, 3, 1, 2, 2, 2, 5, 1, 2, 3, 3, 1, 2, 3, 1, 2, 1, 3, 3, 2, 1, 2, 0, 2, 1, 0, 3, 1, 1]","[1, 3, 3, 4, 4, 5, 5, 3, 2, 5, 1, 4, 3, 3, 1, 4, 2, 3, 3, 3, 5, 2, 3, 4, 4, 2, 3, 4, 2, 3, 2, 4, 4, 3, 2, 3, 1, 3, 2, 1, 4, 2, 2]",128,43,26,True,-1
T8_D8,145,3.6111,"[3, 3, 5, 4, 2, 6, 1, 4, 4, 4, 6, 3, 4, 4, 4, 3, 1, 3, 5, 2, 3, 3, 4, 1, 4, 3, 2, 3, 5, 5, 3, 6, 4, 3, 6, 4]","[2, 2, 4, 3, 1, 5, 0, 3, 3, 3, 5, 2, 3, 3, 3, 2, 0, 2, 4, 1, 2, 2, 3, 0, 3, 2, 1, 2, 4, 4, 2, 5, 3, 2, 5, 3]","[3, 3, 5, 4, 2, 5, 1, 4, 4, 4, 5, 3, 4, 4, 4, 3, 1, 3, 5, 2, 3, 3, 4, 1, 4, 3, 2, 3, 5, 5, 3, 5, 4, 3, 5, 4]",128,36,26,True,-1
T8_D8,146,3.6111,"[3, 4, 4, 3, 4, 4, 4, 6, 6, 3, 2, 6, 4, 4, 6, 3, 1, 2, 3, 4, 3, 2, 2, 2, 2, 3, 4, 3, 3, 6, 4, 3, 3, 3, 6, 5]","[2, 3, 3, 2, 3, 3, 3, 5, 5, 2, 1, 5, 3, 3, 5, 2, 0, 1, 2, 3, 2, 1, 1, 1, 1, 2, 3, 2, 2, 5, 3, 2, 2, 2, 5, 4]","[3, 4, 4, 3, 4, 4, 4, 5, 5, 3, 2, 5, 4, 4, 5, 3, 1, 2, 3, 4, 3, 2, 2, 2, 2, 3, 4, 3, 3, 5, 4, 3, 3, 3, 5, 5]",128,36,26,True,-1
T8_D8,147,3.2821,"[3, 4, 4, 1, 2, 4, 2, 6, 3, 3, 2, 4, 4, 4, 2, 3, 4, 3, 4, 4, 3, 3, 4, 1, 3, 5, 4, 6, 2, 3, 4, 1, 4, 2, 3, 6, 1, 4, 3]","[2, 3, 3, 0, 1, 3, 1, 5, 2, 2, 1, 3, 3, 3, 1, 2, 3, 2, 3, 3, 2, 2, 3, 0, 2, 4, 3, 5, 1, 2, 3, 0, 3, 1, 2, 5, 0, 3, 2]","[3, 4, 4, 1, 2, 4, 2, 5, 3, 3, 2, 4, 4, 4, 2, 3, 4, 3, 4, 4, 3, 3, 4, 1, 3, 5, 4, 5, 2, 3, 4, 1, 4, 2, 3, 5, 1, 4, 3]",128,39,26,False,14
T8_D8,148,3.5833,"[3, 3, 4, 2, 3, 4, 6, 4, 6, 3, 4, 4, 3, 6, 4, 4, 3, 1, 4, 4, 5, 4, 3, 3, 6, 3, 3, 4, 2, 4, 3, 3, 2, 3, 4, 2]","[2, 2, 3, 1, 2, 3, 5, 3, 5, 2, 3, 3, 2, 5, 3, 3, 2, 0, 3, 3, 4, 3, 2, 2, 5, 2, 2, 3, 1, 3, 2, 2, 1, 2, 3, 1]","[3, 3, 4, 2, 3, 4, 5, 4, 5, 3, 4, 4, 3, 5, 4, 4, 3, 1, 4, 4, 5, 4, 3, 3, 5, 3, 3, 4, 2, 4, 3, 3, 2, 3, 4, 2]",128,36,26,True,-1
T8_D8,149,3.5556,"[3, 4, 4, 4, 3, 6, 5, 5, 3, 2, 3, 1, 4, 6, 2, 4, 4, 2, 1, 2, 3, 4, 3, 2, 3, 4, 4, 4, 4, 4, 6, 2, 5, 6, 3, 3]","[2, 3, 3, 3, 2, 5, 4, 4, 2, 1, 2, 0, 3, 5, 1, 3, 3, 1, 0, 1, 2, 3, 2, 1, 2, 3, 3, 3, 3, 3, 5, 1, 4, 5, 2, 2]","[3, 4, 4, 4, 3, 5, 5, 5, 3, 2, 3, 1, 4, 5, 2, 4, 4, 2, 1, 2, 3, 4, 3, 2, 3, 4, 4, 4, 4, 4, 5, 2, 5, 5, 3, 3]",128,36,26,True,-1
T8_D8,150,3.7647,"[3, 3, 6, 6, 4, 4, 5, 3, 2, 4, 3, 3, 6, 2, 4, 4, 5, 6, 4, 2, 1, 6, 4, 3, 4, 6, 2, 2, 4, 4, 4, 1, 3, 5]","[2, 2, 5, 5, 3, 3, 4, 2, 1, 3, 2, 2, 5, 1, 3, 3, 4, 5, 3, 1, 0, 5, 3, 2, 3, 5, 1, 1, 3, 3, 3, 0, 2, 4]","[3, 3, 5, 5, 4, 4, 5, 3, 2, 4, 3, 3, 5, 2, 4, 4, 5, 5, 4, 2, 1, 5, 4, 3, 4, 5, 2, 2, 4, 4, 4, 1, 3, 5]",128,34,26,True,-1
T8_D8,151,3.9091,"[3, 4, 4, 2, 3, 5, 4, 6, 5, 4, 4, 6, 4, 3, 4, 6, 6, 6, 6, 3, 2, 3, 3, 3, 5, 2, 4, 4, 2, 2, 4, 4, 3]","[2, 3, 3, 1, 2, 4, 3, 5, 4, 3, 3, 5, 3, 2, 3, 5, 5, 5, 5, 2, 1, 2, 2, 2, 4, 1, 3, 3, 1, 1, 3, 3, 2]","[3, 4, 4, 2, 3, 5, 4, 5, 5, 4, 4, 5, 4, 3, 4, 5, 5, 5, 5, 3, 2, 3, 3, 3, 5, 2, 4, 4, 2, 2, 4, 4, 3]",128,33,26,True,-1
T8_D8,152,2.9091,"[1, 1, 4, 3, 4, 2, 5, 2, 4, 2, 4, 4, 1, 4, 4, 2, 3, 4, 2, 4, 4, 2, 2, 4, 4, 3, 4, 2, 2, 4, 4, 4, 2, 2, 3, 3, 2, 2, 2, 3, 2, 3, 3, 2]","[0, 0, 3, 2, 3, 1, 4, 1, 3, 1, 3, 3, 0, 3, 3, 1, 2, 3, 1, 3, 3, 1, 1, 3, 3, 2, 3, 1, 1, 3, 3, 3, 1, 1, 2, 2, 1, 1, 1, 2, 1, 2, 2, 1]","[1, 1, 4, 3, 4, 2, 5, 2, 4, 2, 4, 4, 1, 4, 4, 2, 3, 4, 2, 4, 4, 2, 2, 4, 4, 3, 4, 2, 2, 4, 4, 4, 2, 2, 3, 3, 2, 2, 2, 3, 2, 3, 3, 2]",128,44,26,False,68
T8_D8,153,3.119,"[3, 4, 4, 4, 5, 6, 4, 2, 1, 4, 3, 3, 5, 3, 3, 1, 2, 1, 2, 1, 4, 3, 5, 2, 2, 4, 4, 1, 2, 2, 2, 3, 3, 3, 2, 2, 2, 6, 6, 4, 4, 4]","[2, 3, 3, 3, 4, 5, 3, 1, 0, 3, 2, 2, 4, 2, 2, 0, 1, 0, 1, 0, 3, 2, 4, 1, 1, 3, 3, 0, 1, 1, 1, 2, 2, 2, 1, 1, 1, 5, 5, 3, 3, 3]","[3, 4, 4, 4, 5, 5, 4, 2, 1, 4, 3, 3, 5, 3, 3, 1, 2, 1, 2, 1, 4, 3, 5, 2, 2, 4, 4, 1, 2, 2, 2, 3, 3, 3, 2, 2, 2, 5, 5, 4, 4, 4]",128,42,26,True,-1
T8_D8,154,3.6111,"[4, 1, 1, 6, 3, 1, 1, 3, 6, 4, 5, 3, 1, 6, 2, 6, 3, 3, 4, 5, 6, 4, 3, 5, 6, 4, 2, 3, 5, 3, 5, 5, 1, 2, 4, 4]","[3, 0, 0, 5, 2, 0, 0, 2, 5, 3, 4, 2, 0, 5, 1, 5, 2, 2, 3, 4, 5, 3, 2, 4, 5, 3, 1, 2, 4, 2, 4, 4, 0, 1, 3, 3]","[4, 1, 1, 5, 3, 1, 1, 3, 5, 4, 5, 3, 1, 5, 2, 5, 3, 3, 4, 5, 5, 4, 3, 5, 5, 4, 2, 3, 5, 3, 5, 5, 1, 2, 4, 4]",128,36,26,True,-1
T8_D8,155,3.5405,"[3, 3, 3, 4, 2, 4, 6, 6, 2, 4, 3, 3, 4, 6, 4, 5, 1, 3, 6, 2, 2, 4, 1, 4, 6, 2, 3, 5, 3, 2, 4, 5, 3, 3, 1, 4, 5]","[2, 2, 2, 3, 1, 3, 5, 5, 1, 3, 2, 2, 3, 5, 3, 4, 0, 2, 5, 1, 1, 3, 0, 3, 5, 1, 2, 4, 2, 1, 3, 4, 2, 2, 0, 3, 4]","[3, 3, 3, 4, 2, 4, 5, 5, 2, 4, 3, 3, 4, 5, 4, 5, 1, 3, 5, 2, 2, 4, 1, 4, 5, 2, 3, 5, 3, 2, 4, 5, 3, 3, 1, 4, 5]",128,37,26,True,-1
T8_D8,156,3.1707,"[3, 4, 4, 3, 3, 3, 5, 1, 1, 5, 5, 6, 3, 3, 6, 4, 4, 1, 2, 4, 4, 2, 3, 4, 3, 4, 3, 4, 3, 2, 1, 2, 3, 3, 2, 2, 3, 3, 2, 3, 4]","[2, 3, 3, 2, 2, 2, 4, 0, 0, 4, 4, 5, 2, 2, 5, 3, 3, 0, 1, 3, 3, 1, 2, 3, 2, 3, 2, 3, 2, 1, 0, 1, 2, 2, 1, 1, 2, 2, 1, 2, 3]","[3, 4, 4, 3, 3, 3, 5, 1, 1, 5, 5, 5, 3, 3, 5, 4, 4, 1, 2, 4, 4, 2, 3, 4, 3, 4, 3, 4, 3, 2, 1, 2, 3, 3, 2, 2, 3, 3, 2, 3, 4]",128,41,26,False,90
T8_D8,157,3.1463,"[3, 4, 2, 2, 4, 3, 2, 4, 5, 2, 6, 4, 1, 3, 3, 4, 4, 5, 5, 1, 1, 5, 3, 3, 2, 2, 3, 5, 2, 1, 5, 2, 2, 4, 3, 4, 4, 2, 2, 4, 3]","[2, 3, 1, 1, 3, 2, 1, 3, 4, 1, 5, 3, 0, 2, 2, 3, 3, 4, 4, 0, 0, 4, 2, 2, 1, 1, 2, 4, 1, 0, 4, 1, 1, 3, 2, 3, 3, 1, 1, 3, 2]","[3, 4, 2, 2, 4, 3, 2, 4, 5, 2, 5, 4, 1, 3, 3, 4, 4, 5, 5, 1, 1, 5, 3, 3, 2, 2, 3, 5, 2, 1, 5, 2, 2, 4, 3, 4, 4, 2, 2, 4, 3]",128,41,26,True,-1
T8_D8,158,3.119,"[1, 3, 3, 4, 2, 2, 6, 3, 2, 2, 4, 6, 6, 2, 3, 4, 4, 2, 2, 6, 3, 5, 1, 2, 4, 2, 4, 5, 2, 2, 3, 1, 4, 4, 3, 3, 4, 1, 1, 2, 4, 4]","[0, 2, 2, 3, 1, 1, 5, 2, 1, 1, 3, 5, 5, 1, 2, 3, 3, 1, 1, 5, 2, 4, 0, 1, 3, 1, 3, 4, 1, 1, 2, 0, 3, 3, 2, 2, 3, 0, 0, 1, 3, 3]","[1, 3, 3, 4, 2, 2, 5, 3, 2, 2, 4, 5, 5, 2, 3, 4, 4, 2, 2, 5, 3, 5, 1, 2, 4, 2, 4, 5, 2, 2, 3, 1, 4, 4, 3, 3, 4, 1, 1, 2, 4, 4]",128,42,26,False,47
T8_D8,159,3.1667,"[1, 3, 3, 4, 4, 4, 4, 4, 4, 6, 3, 6, 3, 4, 2, 2, 4, 3, 2, 2, 4, 3, 2, 2, 2, 2, 2, 4, 3, 2, 1, 3, 3, 2, 2, 4, 3, 3, 6, 3, 3, 6]","[0, 2, 2, 3, 3, 3, 3, 3, 3, 5, 2, 5, 2, 3, 1, 1, 3, 2, 1, 1, 3, 2, 1, 1, 1, 1, 1, 3, 2, 1, 0, 2, 2, 1, 1, 3, 2, 2, 5, 2, 2, 5]","[1, 3, 3, 4, 4, 4, 4, 4, 4, 5, 3, 5, 3, 4, 2, 2, 4, 3, 2, 2, 4, 3, 2, 2, 2, 2, 2, 4, 3, 2, 1, 3, 3, 2, 2, 4, 3, 3, 5, 3, 3, 5]",128,42,26,True,-1
T8_D8,160,2.6327,"[1, 3, 3, 4, 2, 6, 2, 6, 2, 3, 2, 2, 4, 4, 4, 3, 1, 1, 4, 4, 3, 1, 1, 1, 1, 1, 2, 4, 1, 1, 2, 2, 2, 3, 2, 3, 4, 2, 4, 2, 2, 2, 5, 4, 2, 3, 3, 2, 3]","[0, 2, 2, 3, 1, 5, 1, 5, 1, 2, 1, 1, 3, 3, 3, 2, 0, 0, 3, 3, 2, 0, 0, 0, 0, 0, 1, 3, 0, 0, 1, 1, 1, 2, 1, 2, 3, 1, 3, 1, 1, 1, 4, 3, 1, 2, 2, 1, 2]","[1, 3, 3, 4, 2, 5, 2, 5, 2, 3, 2, 2, 4, 4, 4, 3, 1, 1, 4, 4, 3, 1, 1, 1, 1, 1, 2, 4, 1, 1, 2, 2, 2, 3, 2, 3, 4, 2, 4, 2, 2, 2, 5, 4, 2, 3, 3, 2, 3]",128,49,26,True,-1
T8_D4,81,1.1727,"[1, 2, 1, 2, 1, 1, 1, 1, 1, 1, 1, 1, 1, 1, 1, 1, 2, 1, 1, 1, 1, 1, 1, 1, 2, 1, 1, 1, 1, 2, 1, 1, 2, 1, 1, 1, 1, 1, 1, 2, 1, 1, 1, 1, 1, 1, 1, 2, 1, 1, 1, 1, 2, 1, 1, 1, 1, 2, 1, 2, 1, 1, 1, 1, 2, 1, 1, 1, 1, 1, 2, 1, 1, 1, 1, 1, 1, 1, 1, 1, 2, 2, 1, 1, 1, 1, 1, 1, 1, 1, 1, 1, 1, 2, 2, 1, 1, 1, 1, 2, 1, 1, 1, 1, 1, 1, 1, 1, 1, 2]","[0, 1, 0, 1, 0, 0, 0, 0, 0, 0, 0, 0, 0, 0, 0, 0, 1, 0, 0, 0, 0, 0, 0, 0, 1, 0, 0, 0, 0, 1, 0, 0, 1, 0, 0, 0, 0, 0, 0, 1, 0, 0, 0, 0, 0, 0, 0, 1, 0, 0, 0, 0, 1, 0, 0, 0, 0, 1, 0, 1, 0, 0, 0, 0, 1, 0, 0, 0, 0, 0, 1, 0, 0, 0, 0, 0, 0, 0, 0, 0, 1, 1, 0, 0, 0, 0, 0, 0, 0, 0, 0, 0, 0, 1, 1, 0, 0, 0, 0, 1, 0, 0, 0, 0, 0, 0, 0, 0, 0, 1]","[1, 2, 1, 2, 1, 1, 1, 1, 1, 1, 1, 1, 1, 1, 1, 1, 2, 1, 1, 1, 1, 1, 1, 1, 2, 1, 1, 1, 1, 2, 1, 1, 2, 1, 1, 1, 1, 1, 1, 2, 1, 1, 1, 1, 1, 1, 1, 2, 1, 1, 1, 1, 2, 1, 1, 1, 1, 2, 1, 2, 1, 1, 1, 1, 2, 1, 1, 1, 1, 1, 2, 1, 1, 1, 1, 1, 1, 1, 1, 1, 2, 2, 1, 1, 1, 1, 1, 1, 1, 1, 1, 1, 1, 2, 2, 1, 1, 1, 1, 2, 1, 1, 1, 1, 1, 1, 1, 1, 1, 2]",128,110,26,True,-1
T8_D4,82,1.28,"[1, 1, 2, 1, 1, 2, 1, 1, 1, 1, 1, 1, 1, 1, 1, 1, 2, 1, 2, 1, 1, 1, 1, 1, 1, 2, 1, 1, 1, 1, 1, 1, 2, 1, 1, 2, 2, 2, 1, 1, 1, 2, 2, 1, 2, 1, 1, 1, 1, 1, 1, 1, 2, 1, 2, 1, 1, 2, 2, 1, 2, 2, 1, 1, 1, 1, 2, 2, 1, 1, 1, 2, 2, 1, 1, 2, 1, 1, 1, 1, 2, 2, 1, 1, 1, 1, 1, 1, 1, 1, 2, 1, 1, 2, 1, 1, 2, 1, 1, 1]","[0, 0, 1, 0, 0, 1, 0, 0, 0, 0, 0, 0, 0, 0, 0, 0, 1, 0, 1, 0, 0, 0, 0, 0, 0, 1, 0, 0, 0, 0, 0, 0, 1, 0, 0, 1, 1, 1, 0, 0, 0, 1, 1, 0, 1, 0, 0, 0, 0, 0, 0, 0, 1, 0, 1, 0, 0, 1, 1, 0, 1, 1, 0, 0, 0, 0, 1, 1, 0, 0, 0, 1, 1, 0, 0, 1, 0, 0, 0, 0, 1, 1, 0, 0, 0, 0, 0, 0, 0, 0, 1, 0, 0, 1, 0, 0, 1, 0, 0, 0]","[1, 1, 2, 1, 1, 2, 1, 1, 1, 1, 1, 1, 1, 1, 1, 1, 2, 1, 2, 1, 1, 1, 1, 1, 1, 2, 1, 1, 1, 1, 1, 1, 2, 1, 1, 2, 2, 2, 1, 1, 1, 2, 2, 1, 2, 1, 1, 1, 1, 1, 1, 1, 2, 1, 2, 1, 1, 2, 2, 1, 2, 2, 1, 1, 1, 1, 2, 2, 1, 1, 1, 2, 2, 1, 1, 2, 1, 1, 1, 1, 2, 2, 1, 1, 1, 1, 1, 1, 1, 1, 2, 1, 1, 2, 1, 1, 2, 1, 1, 1]",128,100,26,False,101
T8_D4,83,1.3474,"[1, 1, 1, 1, 1, 2, 1, 1, 1, 1, 2, 1, 2, 1, 2, 2, 1, 2, 2, 1, 1, 1, 1, 1, 2, 2, 1, 2, 1, 1, 2, 2, 2, 1, 1, 1, 1, 1, 2, 1, 2, 2, 3, 2, 1, 1, 1, 2, 1, 1, 1, 2, 1, 1, 1, 2, 2, 1, 1, 1, 1, 2, 3, 1, 1, 1, 1, 1, 1, 1, 2, 1, 1, 1, 1, 1, 1, 2, 1, 1, 1, 2, 1, 2, 1, 2, 1, 1, 2, 1, 1, 1, 1, 2, 1]","[0, 0, 0, 0, 0, 1, 0, 0, 0, 0, 1, 0, 1, 0, 1, 1, 0, 1, 1, 0, 0, 0, 0, 0, 1, 1, 0, 1, 0, 0, 1, 1, 1, 0, 0, 0, 0, 0, 1, 0, 1, 1, 2, 1, 0, 0, 0, 1, 0, 0, 0, 1, 0, 0, 0, 1, 1, 0, 0, 0, 0, 1, 2, 0, 0, 0, 0, 0, 0, 0, 1, 0, 0, 0, 0, 0, 0, 1, 0, 0, 0, 1, 0, 1, 0, 1, 0, 0, 1, 0, 0, 0, 0, 1, 0]","[1, 1, 1, 1, 1, 2, 1, 1, 1, 1, 2, 1, 2, 1, 2, 2, 1, 2, 2, 1, 1, 1, 1, 1, 2, 2, 1, 2, 1, 1, 2, 2, 2, 1, 1, 1, 1, 1, 2, 1, 2, 2, 3, 2, 1, 1, 1, 2, 1, 1, 1, 2, 1, 1, 1, 2, 2, 1, 1, 1, 1, 2, 3, 1, 1, 1, 1, 1, 1, 1, 2, 1, 1, 1, 1, 1, 1, 2, 1, 1, 1, 2, 1, 2, 1, 2, 1, 1, 2, 1, 1, 1, 1, 2, 1]",128,95,26,False,29
T8_D4,84,1.3333,"[1, 1, 2, 1, 1, 2, 1, 1, 2, 1, 1, 1, 2, 2, 2, 1, 2, 1, 1, 2, 1, 1, 2, 1, 1, 1, 1, 1, 2, 1, 1, 1, 1, 1, 2, 1, 1, 1, 1, 1, 2, 1, 2, 1, 2, 1, 2, 3, 2, 2, 1, 2, 1, 1, 2, 2, 2, 1, 2, 1, 1, 1, 1, 1, 2, 1, 1, 2, 1, 1, 2, 1, 1, 1, 2, 1, 1, 1, 2, 1, 1, 1, 1, 1, 2, 1, 1, 1, 1, 1, 2, 2, 1, 1, 1, 1]","[0, 0, 1, 0, 0, 1, 0, 0, 1, 0, 0, 0, 1, 1, 1, 0, 1, 0, 0, 1, 0, 0, 1, 0, 0, 0, 0, 0, 1, 0, 0, 0, 0, 0, 1, 0, 0, 0, 0, 0, 1, 0, 1, 0, 1, 0, 1, 2, 1, 1, 0, 1, 0, 0, 1, 1, 1, 0, 1, 0, 0, 0, 0, 0, 1, 0, 0, 1, 0, 0, 1, 0, 0, 0, 1, 0, 0, 0, 1, 0, 0, 0, 0, 0, 1, 0, 0, 0, 0, 0, 1, 1, 0, 0, 0, 0]","[1, 1, 2, 1, 1, 2, 1, 1, 2, 1, 1, 1, 2, 2, 2, 1, 2, 1, 1, 2, 1, 1, 2, 1, 1, 1, 1, 1, 2, 1, 1, 1, 1, 1, 2, 1, 1, 1, 1, 1, 2, 1, 2, 1, 2, 1, 2, 3, 2, 2, 1, 2, 1, 1, 2, 2, 2, 1, 2, 1, 1, 1, 1, 1, 2, 1, 1, 2, 1, 1, 2, 1, 1, 1, 2, 1, 1, 1, 2, 1, 1, 1, 1, 1, 2, 1, 1, 1, 1, 1, 2, 2, 1, 1, 1, 1]",128,96,26,True,-1
T8_D4,85,1.1944,"[1, 1, 2, 1, 1, 1, 1, 1, 2, 1, 1, 1, 1, 1, 1, 2, 1, 1, 1, 1, 2, 1, 1, 1, 2, 1, 2, 1, 1, 1, 2, 1, 1, 1, 1, 1, 1, 1, 2, 1, 1, 1, 1, 2, 1, 1, 1, 1, 1, 2, 1, 1, 1, 1, 2, 1, 1, 2, 1, 1, 1, 1, 2, 1, 1, 1, 1, 2, 1, 2, 1, 1, 2, 1, 1, 1, 1, 1, 2, 1, 1, 1, 1, 1, 2, 1, 1, 1, 1, 1, 1, 1, 1, 2, 1, 1, 1, 1, 1, 1, 1, 1, 1, 2, 1, 1, 1, 2]","[0, 0, 1, 0, 0, 0, 0, 0, 1, 0, 0, 0, 0, 0, 0, 1, 0, 0, 0, 0, 1, 0, 0, 0, 1, 0, 1, 0, 0, 0, 1, 0, 0, 0, 0, 0, 0, 0, 1, 0, 0, 0, 0, 1, 0, 0, 0, 0, 0, 1, 0, 0, 0, 0, 1, 0, 0, 1, 0, 0, 0, 0, 1, 0, 0, 0, 0, 1, 0, 1, 0, 0, 1, 0, 0, 0, 0, 0, 1, 0, 0, 0, 0, 0, 1, 0, 0, 0, 0, 0, 0, 0, 0, 1, 0, 0, 0, 0, 0, 0, 0, 0, 0, 1, 0, 0, 0, 1]","[1, 1, 2, 1, 1, 1, 1, 1, 2, 1, 1, 1, 1, 1, 1, 2, 1, 1, 1, 1, 2, 1, 1, 1, 2, 1, 2, 1, 1, 1, 2, 1, 1, 1, 1, 1, 1, 1, 2, 1, 1, 1, 1, 2, 1, 1, 1, 1, 1, 2, 1, 1, 1, 1, 2, 1, 1, 2, 1, 1, 1, 1, 2, 1, 1, 1, 1, 2, 1, 2, 1, 1, 2, 1, 1, 1, 1, 1, 2, 1, 1, 1, 1, 1, 2, 1, 1, 1, 1, 1, 1, 1, 1, 2, 1, 1, 1, 1, 1, 1, 1, 1, 1, 2, 1, 1, 1, 2]",128,108,26,False,46
T8_D4,86,1.28,"[1, 1, 1, 2, 1, 1, 2, 1, 1, 1, 2, 1, 1, 1, 1, 2, 2, 1, 1, 1, 1, 1, 1, 2, 1, 1, 1, 1, 1, 1, 1, 1, 1, 2, 2, 1, 1, 2, 2, 2, 1, 1, 1, 1, 1, 1, 1, 1, 2, 1, 1, 2, 1, 1, 1, 1, 1, 2, 1, 1, 1, 1, 1, 2, 1, 2, 2, 1, 2, 1, 1, 1, 1, 1, 1, 1, 1, 2, 1, 2, 2, 1, 1, 1, 1, 1, 1, 2, 1, 1, 2, 2, 1, 2, 1, 2, 1, 2, 1, 2]","[0, 0, 0, 1, 0, 0, 1, 0, 0, 0, 1, 0, 0, 0, 0, 1, 1, 0, 0, 0, 0, 0, 0, 1, 0, 0, 0, 0, 0, 0, 0, 0, 0, 1, 1, 0, 0, 1, 1, 1, 0, 0, 0, 0, 0, 0, 0, 0, 1, 0, 0, 1, 0, 0, 0, 0, 0, 1, 0, 0, 0, 0, 0, 1, 0, 1, 1, 0, 1, 0, 0, 0, 0, 0, 0, 0, 0, 1, 0, 1, 1, 0, 0, 0, 0, 0, 0, 1, 0, 0, 1, 1, 0, 1, 0, 1, 0, 1, 0, 1]","[1, 1, 1, 2, 1, 1, 2, 1, 1, 1, 2, 1, 1, 1, 1, 2, 2, 1, 1, 1, 1, 1, 1, 2, 1, 1, 1, 1, 1, 1, 1, 1, 1, 2, 2, 1, 1, 2, 2, 2, 1, 1, 1, 1, 1, 1, 1, 1, 2, 1, 1, 2, 1, 1, 1, 1, 1, 2, 1, 1, 1, 1, 1, 2, 1, 2, 2, 1, 2, 1, 1, 1, 1, 1, 1, 1, 1, 2, 1, 2, 2, 1, 1, 1, 1, 1, 1, 2, 1, 1, 2, 2, 1, 2, 1, 2, 1, 2, 1, 2]",128,100,26,True,-1
T8_D4,87,1.2308,"[1, 1, 1, 1, 1, 2, 1, 1, 1, 2, 1, 2, 2, 2, 1, 1, 1, 1, 2, 3, 1, 1, 1, 1, 1, 1, 1, 1, 1, 1, 1, 1, 1, 1, 1, 1, 1, 1, 1, 1, 1, 1, 1, 3, 1, 1, 2, 1, 1, 1, 1, 1, 1, 1, 1, 1, 1, 1, 1, 2, 1, 1, 2, 1, 1, 2, 1, 1, 1, 1, 2, 1, 1, 2, 1, 1, 2, 1, 2, 1, 1, 2, 1, 1, 1, 1, 1, 1, 2, 1, 1, 1, 1, 2, 2, 1, 1, 1, 1, 1, 2, 2, 1, 1]","[0, 0, 0, 0, 0, 1, 0, 0, 0, 1, 0, 1, 1, 1, 0, 0, 0, 0, 1, 2, 0, 0, 0, 0, 0, 0, 0, 0, 0, 0, 0, 0, 0, 0, 0, 0, 0, 0, 0, 0, 0, 0, 0, 2, 0, 0, 1, 0, 0, 0, 0, 0, 0, 0, 0, 0, 0, 0, 0, 1, 0, 0, 1, 0, 0, 1, 0, 0, 0, 0, 1, 0, 0, 1, 0, 0, 1, 0, 1, 0, 0, 1, 0, 0, 0, 0, 0, 0, 1, 0, 0, 0, 0, 1, 1, 0, 0, 0, 0, 0, 1, 1, 0, 0]","[1, 1, 1, 1, 1, 2, 1, 1, 1, 2, 1, 2, 2, 2, 1, 1, 1, 1, 2, 3, 1, 1, 1, 1, 1, 1, 1, 1, 1, 1, 1, 1, 1, 1, 1, 1, 1, 1, 1, 1, 1, 1, 1, 3, 1, 1, 2, 1, 1, 1, 1, 1, 1, 1, 1, 1, 1, 1, 1, 2, 1, 1, 2, 1, 1, 2, 1, 1, 1, 1, 2, 1, 1, 2, 1, 1, 2, 1, 2, 1, 1, 2, 1, 1, 1, 1, 1, 1, 2, 1, 1, 1, 1, 2, 2, 1, 1, 1, 1, 1, 2, 2, 1, 1]",128,104,26,True,-1
T8_D4,88,1.2286,"[1, 1, 1, 1, 1, 2, 2, 2, 2, 1, 1, 2, 1, 1, 1, 2, 1, 1, 2, 1, 1, 1, 1, 2, 1, 1, 1, 1, 1, 1, 1, 1, 1, 1, 2, 1, 1, 2, 1, 1, 1, 1, 1, 1, 1, 2, 1, 1, 1, 1, 1, 1, 2, 1, 1, 2, 1, 1, 1, 2, 1, 1, 1, 1, 2, 1, 1, 2, 2, 1, 1, 1, 1, 1, 1, 1, 1, 1, 1, 1, 1, 1, 1, 2, 1, 2, 1, 1, 1, 1, 1, 2, 1, 1, 1, 1, 1, 2, 2, 2, 1, 1, 1, 1, 2]","[0, 0, 0, 0, 0, 1, 1, 1, 1, 0, 0, 1, 0, 0, 0, 1, 0, 0, 1, 0, 0, 0, 0, 1, 0, 0, 0, 0, 0, 0, 0, 0, 0, 0, 1, 0, 0, 1, 0, 0, 0, 0, 0, 0, 0, 1, 0, 0, 0, 0, 0, 0, 1, 0, 0, 1, 0, 0, 0, 1, 0, 0, 0, 0, 1, 0, 0, 1, 1, 0, 0, 0, 0, 0, 0, 0, 0, 0, 0, 0, 0, 0, 0, 1, 0, 1, 0, 0, 0, 0, 0, 1, 0, 0, 0, 0, 0, 1, 1, 1, 0, 0, 0, 0, 1]","[1, 1, 1, 1, 1, 2, 2, 2, 2, 1, 1, 2, 1, 1, 1, 2, 1, 1, 2, 1, 1, 1, 1, 2, 1, 1, 1, 1, 1, 1, 1, 1, 1, 1, 2, 1, 1, 2, 1, 1, 1, 1, 1, 1, 1, 2, 1, 1, 1, 1, 1, 1, 2, 1, 1, 2, 1, 1, 1, 2, 1, 1, 1, 1, 2, 1, 1, 2, 2, 1, 1, 1, 1, 1, 1, 1, 1, 1, 1, 1, 1, 1, 1, 2, 1, 2, 1, 1, 1, 1, 1, 2, 1, 1, 1, 1, 1, 2, 2, 2, 1, 1, 1, 1, 2]",128,105,26,True,-1
T8_D4,89,1.28,"[1, 1, 1, 2, 1, 2, 1, 2, 1, 1, 1, 1, 2, 1, 1, 2, 1, 2, 1, 1, 1, 2, 1, 1, 1, 1, 2, 1, 1, 1, 1, 1, 3, 2, 1, 1, 1, 1, 2, 1, 1, 2, 1, 1, 1, 1, 2, 2, 2, 1, 1, 1, 1, 1, 1, 2, 1, 1, 1, 1, 1, 1, 1, 1, 1, 2, 1, 1, 1, 1, 1, 1, 1, 1, 1, 1, 2, 1, 1, 1, 1, 2, 1, 1, 1, 1, 2, 1, 1, 1, 1, 2, 2, 2, 1, 1, 1, 2, 3, 2]","[0, 0, 0, 1, 0, 1, 0, 1, 0, 0, 0, 0, 1, 0, 0, 1, 0, 1, 0, 0, 0, 1, 0, 0, 0, 0, 1, 0, 0, 0, 0, 0, 2, 1, 0, 0, 0, 0, 1, 0, 0, 1, 0, 0, 0, 0, 1, 1, 1, 0, 0, 0, 0, 0, 0, 1, 0, 0, 0, 0, 0, 0, 0, 0, 0, 1, 0, 0, 0, 0, 0, 0, 0, 0, 0, 0, 1, 0, 0, 0, 0, 1, 0, 0, 0, 0, 1, 0, 0, 0, 0, 1, 1, 1, 0, 0, 0, 1, 2, 1]","[1, 1, 1, 2, 1, 2, 1, 2, 1, 1, 1, 1, 2, 1, 1, 2, 1, 2, 1, 1, 1, 2, 1, 1, 1, 1, 2, 1, 1, 1, 1, 1, 3, 2, 1, 1, 1, 1, 2, 1, 1, 2, 1, 1, 1, 1, 2, 2, 2, 1, 1, 1, 1, 1, 1, 2, 1, 1, 1, 1, 1, 1, 1, 1, 1, 2, 1, 1, 1, 1, 1, 1, 1, 1, 1, 1, 2, 1, 1, 1, 1, 2, 1, 1, 1, 1, 2, 1, 1, 1, 1, 2, 2, 2, 1, 1, 1, 2, 3, 2]",128,100,26,False,13
T8_D4,90,1.3425,"[1, 1, 2, 1, 2, 2, 1, 1, 1, 1, 1, 2, 1, 1, 2, 1, 1, 1, 2, 3, 1, 2, 1, 1, 1, 1, 1, 2, 1, 2, 1, 1, 1, 1, 2, 1, 1, 1, 1, 1, 2, 2, 2, 1, 2, 1, 1, 1, 1, 1, 2, 2, 2, 1, 1, 1, 2, 1, 1, 1, 1, 1, 2, 1, 2, 2, 2, 1, 1, 1, 1, 2, 1]","[0, 0, 1, 0, 1, 1, 0, 0, 0, 0, 0, 1, 0, 0, 1, 0, 0, 0, 1, 2, 0, 1, 0, 0, 0, 0, 0, 1, 0, 1, 0, 0, 0, 0, 1, 0, 0, 0, 0, 0, 1, 1, 1, 0, 1, 0, 0, 0, 0, 0, 1, 1, 1, 0, 0, 0, 1, 0, 0, 0, 0, 0, 1, 0, 1, 1, 1, 0, 0, 0, 0, 1, 0]","[1, 1, 2, 1, 2, 2, 1, 1, 1, 1, 1, 2, 1, 1, 2, 1, 1, 1, 2, 3, 1, 2, 1, 1, 1, 1, 1, 2, 1, 2, 1, 1, 1, 1, 2, 1, 1, 1, 1, 1, 2, 2, 2, 1, 2, 1, 1, 1, 1, 1, 2, 2, 2, 1, 1, 1, 2, 1, 1, 1, 1, 1, 2, 1, 2, 2, 2, 1, 1, 1, 1, 2, 1]",98,73,26,True,-1
T8_D4,91,1.2929,"[1, 1, 1, 1, 2, 1, 2, 1, 1, 1, 2, 1, 1, 2, 1, 1, 1, 1, 2, 2, 2, 1, 1, 2, 2, 1, 1, 1, 2, 1, 1, 2, 1, 1, 1, 1, 2, 1, 1, 1, 1, 1, 1, 2, 1, 1, 1, 1, 1, 1, 2, 1, 2, 1, 1, 2, 1, 1, 2, 1, 1, 1, 1, 1, 1, 1, 1, 1, 1, 2, 2, 1, 1, 1, 2, 1, 2, 1, 2, 1, 1, 2, 2, 1, 1, 1, 1, 1, 2, 1, 1, 1, 1, 2, 2, 2, 1, 1, 2]","[0, 0, 0, 0, 1, 0, 1, 0, 0, 0, 1, 0, 0, 1, 0, 0, 0, 0, 1, 1, 1, 0, 0, 1, 1, 0, 0, 0, 1, 0, 0, 1, 0, 0, 0, 0, 1, 0, 0, 0, 0, 0, 0, 1, 0, 0, 0, 0, 0, 0, 1, 0, 1, 0, 0, 1, 0, 0, 1, 0, 0, 0, 0, 0, 0, 0, 0, 0, 0, 1, 1, 0, 0, 0, 1, 0, 1, 0, 1, 0, 0, 1, 1, 0, 0, 0, 0, 0, 1, 0, 0, 0, 0, 1, 1, 1, 0, 0, 1]","[1, 1, 1, 1, 2, 1, 2, 1, 1, 1, 2, 1, 1, 2, 1, 1, 1, 1, 2, 2, 2, 1, 1, 2, 2, 1, 1, 1, 2, 1, 1, 2, 1, 1, 1, 1, 2, 1, 1, 1, 1, 1, 1, 2, 1, 1, 1, 1, 1, 1, 2, 1, 2, 1, 1, 2, 1, 1, 2, 1, 1, 1, 1, 1, 1, 1, 1, 1, 1, 2, 2, 1, 1, 1, 2, 1, 2, 1, 2, 1, 1, 2, 2, 1, 1, 1, 1, 1, 2, 1, 1, 1, 1, 2, 2, 2, 1, 1, 2]",128,99,26,False,31
T8_D4,92,1.219,"[1, 2, 1, 1, 1, 1, 1, 1, 1, 1, 1, 1, 1, 2, 1, 1, 2, 1, 1, 1, 1, 2, 1, 1, 2, 1, 1, 1, 1, 1, 2, 1, 1, 1, 2, 1, 1, 1, 2, 1, 1, 2, 1, 1, 1, 1, 1, 1, 1, 2, 2, 1, 1, 1, 2, 1, 2, 1, 1, 1, 1, 2, 1, 1, 1, 1, 1, 1, 1, 1, 1, 2, 1, 1, 1, 2, 2, 1, 1, 1, 1, 1, 1, 2, 1, 2, 1, 1, 1, 1, 2, 1, 1, 1, 1, 2, 2, 1, 1, 2, 1, 1, 1, 1, 1]","[0, 1, 0, 0, 0, 0, 0, 0, 0, 0, 0, 0, 0, 1, 0, 0, 1, 0, 0, 0, 0, 1, 0, 0, 1, 0, 0, 0, 0, 0, 1, 0, 0, 0, 1, 0, 0, 0, 1, 0, 0, 1, 0, 0, 0, 0, 0, 0, 0, 1, 1, 0, 0, 0, 1, 0, 1, 0, 0, 0, 0, 1, 0, 0, 0, 0, 0, 0, 0, 0, 0, 1, 0, 0, 0, 1, 1, 0, 0, 0, 0, 0, 0, 1, 0, 1, 0, 0, 0, 0, 1, 0, 0, 0, 0, 1, 1, 0, 0, 1, 0, 0, 0, 0, 0]","[1, 2, 1, 1, 1, 1, 1, 1, 1, 1, 1, 1, 1, 2, 1, 1, 2, 1, 1, 1, 1, 2, 1, 1, 2, 1, 1, 1, 1, 1, 2, 1, 1, 1, 2, 1, 1, 1, 2, 1, 1, 2, 1, 1, 1, 1, 1, 1, 1, 2, 2, 1, 1, 1, 2, 1, 2, 1, 1, 1, 1, 2, 1, 1, 1, 1, 1, 1, 1, 1, 1, 2, 1, 1, 1, 2, 2, 1, 1, 1, 1, 1, 1, 2, 1, 2, 1, 1, 1, 1, 2, 1, 1, 1, 1, 2, 2, 1, 1, 2, 1, 1, 1, 1, 1]",128,105,26,True,-1
T8_D4,93,1.3061,"[1, 1, 2, 1, 1, 1, 1, 2, 1, 1, 1, 2, 1, 1, 2, 2, 1, 1, 1, 1, 1, 2, 1, 1, 1, 1, 2, 2, 1, 2, 1, 1, 2, 1, 2, 2, 3, 1, 2, 2, 1, 2, 1, 1, 1, 1, 1, 1, 3, 1, 2, 1, 1, 1, 1, 1, 1, 1, 1, 1, 1, 1, 1, 1, 1, 2, 1, 1, 1, 2, 1, 1, 2, 1, 2, 2, 1, 2, 1, 1, 1, 1, 2, 1, 1, 2, 1, 1, 1, 2, 2, 1, 1, 1, 1, 1, 1, 1]","[0, 0, 1, 0, 0, 0, 0, 1, 0, 0, 0, 1, 0, 0, 1, 1, 0, 0, 0, 0, 0, 1, 0, 0, 0, 0, 1, 1, 0, 1, 0, 0, 1, 0, 1, 1, 2, 0, 1, 1, 0, 1, 0, 0, 0, 0, 0, 0, 2, 0, 1, 0, 0, 0, 0, 0, 0, 0, 0, 0, 0, 0, 0, 0, 0, 1, 0, 0, 0, 1, 0, 0, 1, 0, 1, 1, 0, 1, 0, 0, 0, 0, 1, 0, 0, 1, 0, 0, 0, 1, 1, 0, 0, 0, 0, 0, 0, 0]","[1, 1, 2, 1, 1, 1, 1, 2, 1, 1, 1, 2, 1, 1, 2, 2, 1, 1, 1, 1, 1, 2, 1, 1, 1, 1, 2, 2, 1, 2, 1, 1, 2, 1, 2, 2, 3, 1, 2, 2, 1, 2, 1, 1, 1, 1, 1, 1, 3, 1, 2, 1, 1, 1, 1, 1, 1, 1, 1, 1, 1, 1, 1, 1, 1, 2, 1, 1, 1, 2, 1, 1, 2, 1, 2, 2, 1, 2, 1, 1, 1, 1, 2, 1, 1, 2, 1, 1, 1, 2, 2, 1, 1, 1, 1, 1, 1, 1]",128,98,26,False,101
T8_D4,94,1.2222,"[1, 1, 2, 1, 1, 1, 2, 2, 1, 1, 1, 1, 1, 1, 2, 1, 1, 2, 1, 1, 1, 1, 1, 2, 1, 1, 1, 1, 1, 1, 1, 1, 1, 2, 1, 1, 1, 1, 1, 2, 1, 2, 1, 2, 1]","[0, 0, 1, 0, 0, 0, 1, 1, 0, 0, 0, 0, 0, 0, 1, 0, 0, 1, 0, 0, 0, 0, 0, 1, 0, 0, 0, 0, 0, 0, 0, 0, 0, 1, 0, 0, 0, 0, 0, 1, 0, 1, 0, 1, 0]","[1, 1, 2, 1, 1, 1, 2, 2, 1, 1, 1, 1, 1, 1, 2, 1, 1, 2, 1, 1, 1, 1, 1, 2, 1, 1, 1, 1, 1, 1, 1, 1, 1, 2, 1, 1, 1, 1, 1, 2, 1, 2, 1, 2, 1]",55,45,26,True,-1
T8_D4,95,1.2427,"[1, 1, 1, 2, 1, 1, 1, 1, 2, 1, 1, 1, 1, 1, 1, 1, 1, 2, 1, 1, 1, 1, 1, 1, 2, 1, 2, 1, 1, 1, 1, 1, 2, 1, 1, 2, 1, 1, 1, 1, 1, 1, 2, 1, 1, 1, 1, 1, 1, 1, 1, 1, 2, 2, 1, 1, 2, 1, 1, 2, 1, 1, 2, 2, 2, 2, 1, 1, 1, 2, 1, 2, 1, 1, 2, 2, 1, 1, 1, 1, 1, 1, 1, 1, 1, 1, 1, 1, 2, 1, 1, 1, 1, 2, 1, 1, 2, 1, 2, 1, 2, 1, 1]","[0, 0, 0, 1, 0, 0, 0, 0, 1, 0, 0, 0, 0, 0, 0, 0, 0, 1, 0, 0, 0, 0, 0, 0, 1, 0, 1, 0, 0, 0, 0, 0, 1, 0, 0, 1, 0, 0, 0, 0, 0, 0, 1, 0, 0, 0, 0, 0, 0, 0, 0, 0, 1, 1, 0, 0, 1, 0, 0, 1, 0, 0, 1, 1, 1, 1, 0, 0, 0, 1, 0, 1, 0, 0, 1, 1, 0, 0, 0, 0, 0, 0, 0, 0, 0, 0, 0, 0, 1, 0, 0, 0, 0, 1, 0, 0, 1, 0, 1, 0, 1, 0, 0]","[1, 1, 1, 2, 1, 1, 1, 1, 2, 1, 1, 1, 1, 1, 1, 1, 1, 2, 1, 1, 1, 1, 1, 1, 2, 1, 2, 1, 1, 1, 1, 1, 2, 1, 1, 2, 1, 1, 1, 1, 1, 1, 2, 1, 1, 1, 1, 1, 1, 1, 1, 1, 2, 2, 1, 1, 2, 1, 1, 2, 1, 1, 2, 2, 2, 2, 1, 1, 1, 2, 1, 2, 1, 1, 2, 2, 1, 1, 1, 1, 1, 1, 1, 1, 1, 1, 1, 1, 2, 1, 1, 1, 1, 2, 1, 1, 2, 1, 2, 1, 2, 1, 1]",128,103,26,True,-1
T8_D4,96,1.28,"[1, 1, 1, 1, 1, 1, 1, 1, 1, 1, 1, 1, 2, 2, 1, 1, 1, 1, 1, 1, 2, 1, 1, 1, 1, 1, 2, 1, 1, 1, 1, 1, 1, 1, 1, 2, 1, 1, 3, 1, 2, 1, 1, 1, 2, 1, 2, 1, 1, 1, 2, 1, 1, 1, 1, 2, 1, 1, 1, 2, 2, 1, 2, 1, 1, 1, 2, 2, 1, 2, 2, 1, 2, 1, 1, 1, 1, 1, 2, 1, 2, 1, 2, 1, 1, 1, 1, 1, 1, 1, 2, 1, 2, 1, 2, 2, 2, 1, 1, 1]","[0, 0, 0, 0, 0, 0, 0, 0, 0, 0, 0, 0, 1, 1, 0, 0, 0, 0, 0, 0, 1, 0, 0, 0, 0, 0, 1, 0, 0, 0, 0, 0, 0, 0, 0, 1, 0, 0, 2, 0, 1, 0, 0, 0, 1, 0, 1, 0, 0, 0, 1, 0, 0, 0, 0, 1, 0, 0, 0, 1, 1, 0, 1, 0, 0, 0, 1, 1, 0, 1, 1, 0, 1, 0, 0, 0, 0, 0, 1, 0, 1, 0, 1, 0, 0, 0, 0, 0, 0, 0, 1, 0, 1, 0, 1, 1, 1, 0, 0, 0]","[1, 1, 1, 1, 1, 1, 1, 1, 1, 1, 1, 1, 2, 2, 1, 1, 1, 1, 1, 1, 2, 1, 1, 1, 1, 1, 2, 1, 1, 1, 1, 1, 1, 1, 1, 2, 1, 1, 3, 1, 2, 1, 1, 1, 2, 1, 2, 1, 1, 1, 2, 1, 1, 1, 1, 2, 1, 1, 1, 2, 2, 1, 2, 1, 1, 1, 2, 2, 1, 2, 2, 1, 2, 1, 1, 1, 1, 1, 2, 1, 2, 1, 2, 1, 1, 1, 1, 1, 1, 1, 2, 1, 2, 1, 2, 2, 2, 1, 1, 1]",128,100,26,True,-1
T8_D4,97,1.28,"[1, 1, 2, 1, 1, 1, 1, 2, 1, 2, 1, 1, 1, 1, 3, 1, 2, 1, 1, 1, 2, 1, 1, 2, 2, 1, 1, 1, 1, 1, 2, 1, 1, 1, 2, 1, 1, 3, 1, 1, 1, 1, 1, 1, 1, 2, 1, 2, 1, 2, 2, 1, 2, 1, 2, 1, 1, 1, 1, 1, 1, 1, 1, 1, 1, 2, 1, 1, 1, 1, 1, 1, 2, 1, 1, 1, 1, 2, 2, 1, 1, 1, 1, 2, 1, 1, 1, 1, 1, 1, 2, 1, 2, 2, 1, 2, 1, 1, 1, 1]","[0, 0, 1, 0, 0, 0, 0, 1, 0, 1, 0, 0, 0, 0, 2, 0, 1, 0, 0, 0, 1, 0, 0, 1, 1, 0, 0, 0, 0, 0, 1, 0, 0, 0, 1, 0, 0, 2, 0, 0, 0, 0, 0, 0, 0, 1, 0, 1, 0, 1, 1, 0, 1, 0, 1, 0, 0, 0, 0, 0, 0, 0, 0, 0, 0, 1, 0, 0, 0, 0, 0, 0, 1, 0, 0, 0, 0, 1, 1, 0, 0, 0, 0, 1, 0, 0, 0, 0, 0, 0, 1, 0, 1, 1, 0, 1, 0, 0, 0, 0]","[1, 1, 2, 1, 1, 1, 1, 2, 1, 2, 1, 1, 1, 1, 3, 1, 2, 1, 1, 1, 2, 1, 1, 2, 2, 1, 1, 1, 1, 1, 2, 1, 1, 1, 2, 1, 1, 3, 1, 1, 1, 1, 1, 1, 1, 2, 1, 2, 1, 2, 2, 1, 2, 1, 2, 1, 1, 1, 1, 1, 1, 1, 1, 1, 1, 2, 1, 1, 1, 1, 1, 1, 2, 1, 1, 1, 1, 2, 2, 1, 1, 1, 1, 2, 1, 1, 1, 1, 1, 1, 2, 1, 2, 2, 1, 2, 1, 1, 1, 1]",128,100,26,True,-1
T8_D4,98,1.1429,"[1, 1, 2, 1, 1, 1, 1, 1, 1, 1, 1, 1, 1, 1, 3, 1, 1, 1, 1, 2, 1, 1, 1, 1, 1, 1, 1, 1, 1, 2, 1, 1, 1, 1, 1, 1, 1, 1, 1, 2, 1, 1, 1, 2, 1, 1, 2, 1, 1, 2, 1, 1, 1, 1, 1, 1, 1, 1, 1, 1, 1, 1, 1, 2, 1, 1, 1, 1, 1, 1, 1, 2, 1, 1, 1, 2, 1, 1, 1, 1, 1, 1, 1, 2, 1, 1, 1, 1, 1, 1, 1, 1, 2, 1, 1, 1, 2, 1, 1, 1, 1, 1, 1, 2, 1, 1, 1, 1, 1, 1, 1, 1]","[0, 0, 1, 0, 0, 0, 0, 0, 0, 0, 0, 0, 0, 0, 2, 0, 0, 0, 0, 1, 0, 0, 0, 0, 0, 0, 0, 0, 0, 1, 0, 0, 0, 0, 0, 0, 0, 0, 0, 1, 0, 0, 0, 1, 0, 0, 1, 0, 0, 1, 0, 0, 0, 0, 0, 0, 0, 0, 0, 0, 0, 0, 0, 1, 0, 0, 0, 0, 0, 0, 0, 1, 0, 0, 0, 1, 0, 0, 0, 0, 0, 0, 0, 1, 0, 0, 0, 0, 0, 0, 0, 0, 1, 0, 0, 0, 1, 0, 0, 0, 0, 0, 0, 1, 0, 0, 0, 0, 0, 0, 0, 0]","[1, 1, 2, 1, 1, 1, 1, 1, 1, 1, 1, 1, 1, 1, 3, 1, 1, 1, 1, 2, 1, 1, 1, 1, 1, 1, 1, 1, 1, 2, 1, 1, 1, 1, 1, 1, 1, 1, 1, 2, 1, 1, 1, 2, 1, 1, 2, 1, 1, 2, 1, 1, 1, 1, 1, 1, 1, 1, 1, 1, 1, 1, 1, 2, 1, 1, 1, 1, 1, 1, 1, 2, 1, 1, 1, 2, 1, 1, 1, 1, 1, 1, 1, 2, 1, 1, 1, 1, 1, 1, 1, 1, 2, 1, 1, 1, 2, 1, 1, 1, 1, 1, 1, 2, 1, 1, 1, 1, 1, 1, 1, 1]",128,112,26,False,59
T8_D4,99,1.28,"[1, 2, 1, 2, 1, 1, 1, 2, 1, 1, 1, 1, 1, 1, 2, 1, 2, 2, 1, 1, 1, 1, 1, 2, 1, 1, 1, 2, 2, 1, 1, 2, 1, 2, 1, 2, 1, 2, 2, 1, 1, 1, 1, 1, 2, 1, 1, 1, 1, 1, 2, 1, 1, 2, 1, 1, 1, 1, 1, 1, 1, 1, 1, 1, 1, 1, 1, 1, 1, 1, 2, 1, 1, 1, 3, 1, 2, 1, 2, 2, 1, 1, 1, 2, 1, 1, 2, 1, 1, 2, 1, 1, 1, 1, 1, 2, 2, 1, 1, 1]","[0, 1, 0, 1, 0, 0, 0, 1, 0, 0, 0, 0, 0, 0, 1, 0, 1, 1, 0, 0, 0, 0, 0, 1, 0, 0, 0, 1, 1, 0, 0, 1, 0, 1, 0, 1, 0, 1, 1, 0, 0, 0, 0, 0, 1, 0, 0, 0, 0, 0, 1, 0, 0, 1, 0, 0, 0, 0, 0, 0, 0, 0, 0, 0, 0, 0, 0, 0, 0, 0, 1, 0, 0, 0, 2, 0, 1, 0, 1, 1, 0, 0, 0, 1, 0, 0, 1, 0, 0, 1, 0, 0, 0, 0, 0, 1, 1, 0, 0, 0]","[1, 2, 1, 2, 1, 1, 1, 2, 1, 1, 1, 1, 1, 1, 2, 1, 2, 2, 1, 1, 1, 1, 1, 2, 1, 1, 1, 2, 2, 1, 1, 2, 1, 2, 1, 2, 1, 2, 2, 1, 1, 1, 1, 1, 2, 1, 1, 1, 1, 1, 2, 1, 1, 2, 1, 1, 1, 1, 1, 1, 1, 1, 1, 1, 1, 1, 1, 1, 1, 1, 2, 1, 1, 1, 3, 1, 2, 1, 2, 2, 1, 1, 1, 2, 1, 1, 2, 1, 1, 2, 1, 1, 1, 1, 1, 2, 2, 1, 1, 1]",128,100,26,False,127
T8_D4,100,1.1429,"[1, 1, 1, 1, 2, 1, 1, 1, 1, 1, 2, 1, 1, 1, 1, 1, 1, 1, 1, 1, 1, 1, 2, 1, 1, 2, 1, 1, 1, 1, 1, 1, 1, 2, 1, 1, 2, 1, 1, 1, 1, 1, 1, 1, 1, 1, 1, 1, 1, 1, 1, 1, 2, 1, 1, 1, 1, 1, 1, 1, 2, 1, 1, 1, 1, 1, 1, 1, 2, 1, 2, 1, 1, 1, 1, 1, 1, 1, 1, 1, 1, 1, 1, 2, 1, 1, 2, 2, 1, 1, 1, 1, 1, 1, 1, 2, 1, 1, 1, 1, 1, 2, 1, 1, 1, 2, 1, 1, 1, 1, 1, 1]","[0, 0, 0, 0, 1, 0, 0, 0, 0, 0, 1, 0, 0, 0, 0, 0, 0, 0, 0, 0, 0, 0, 1, 0, 0, 1, 0, 0, 0, 0, 0, 0, 0, 1, 0, 0, 1, 0, 0, 0, 0, 0, 0, 0, 0, 0, 0, 0, 0, 0, 0, 0, 1, 0, 0, 0, 0, 0, 0, 0, 1, 0, 0, 0, 0, 0, 0, 0, 1, 0, 1, 0, 0, 0, 0, 0, 0, 0, 0, 0, 0, 0, 0, 1, 0, 0, 1, 1, 0, 0, 0, 0, 0, 0, 0, 1, 0, 0, 0, 0, 0, 1, 0, 0, 0, 1, 0, 0, 0, 0, 0, 0]","[1, 1, 1, 1, 2, 1, 1, 1, 1, 1, 2, 1, 1, 1, 1, 1, 1, 1, 1, 1, 1, 1, 2, 1, 1, 2, 1, 1, 1, 1, 1, 1, 1, 2, 1, 1, 2, 1, 1, 1, 1, 1, 1, 1, 1, 1, 1, 1, 1, 1, 1, 1, 2, 1, 1, 1, 1, 1, 1, 1, 2, 1, 1, 1, 1, 1, 1, 1, 2, 1, 2, 1, 1, 1, 1, 1, 1, 1, 1, 1, 1, 1, 1, 2, 1, 1, 2, 2, 1, 1, 1, 1, 1, 1, 1, 2, 1, 1, 1, 1, 1, 2, 1, 1, 1, 2, 1, 1, 1, 1, 1, 1]",128,112,26,True,-1
T8_D4,101,1.2444,"[1, 1, 1, 1, 1, 1, 1, 1, 1, 1, 1, 1, 1, 2, 1, 1, 1, 1, 1, 1, 1, 1, 1, 1, 1, 1, 1, 2, 2, 2, 2, 1, 1, 1, 2, 1, 1, 1, 1, 1, 1, 1, 2, 1, 1, 1, 1, 1, 1, 2, 1, 1, 1, 1, 1, 2, 2, 2, 1, 2, 2, 1, 1, 1, 1, 1, 3, 2, 1, 1, 1, 1, 1, 2, 1, 1, 2, 1, 1, 1, 2, 1, 1, 1, 2, 2, 1, 1, 2, 1]","[0, 0, 0, 0, 0, 0, 0, 0, 0, 0, 0, 0, 0, 1, 0, 0, 0, 0, 0, 0, 0, 0, 0, 0, 0, 0, 0, 1, 1, 1, 1, 0, 0, 0, 1, 0, 0, 0, 0, 0, 0, 0, 1, 0, 0, 0, 0, 0, 0, 1, 0, 0, 0, 0, 0, 1, 1, 1, 0, 1, 1, 0, 0, 0, 0, 0, 2, 1, 0, 0, 0, 0, 0, 1, 0, 0, 1, 0, 0, 0, 1, 0, 0, 0, 1, 1, 0, 0, 1, 0]","[1, 1, 1, 1, 1, 1, 1, 1, 1, 1, 1, 1, 1, 2, 1, 1, 1, 1, 1, 1, 1, 1, 1, 1, 1, 1, 1, 2, 2, 2, 2, 1, 1, 1, 2, 1, 1, 1, 1, 1, 1, 1, 2, 1, 1, 1, 1, 1, 1, 2, 1, 1, 1, 1, 1, 2, 2, 2, 1, 2, 2, 1, 1, 1, 1, 1, 3, 2, 1, 1, 1, 1, 1, 2, 1, 1, 2, 1, 1, 1, 2, 1, 1, 1, 2, 2, 1, 1, 2, 1]",112,90,26,True,-1
T8_D4,102,1.113,"[1, 1, 1, 1, 1, 1, 1, 1, 1, 1, 1, 1, 1, 1, 1, 1, 1, 1, 1, 1, 1, 1, 1, 1, 1, 1, 1, 1, 1, 1, 2, 1, 1, 1, 1, 1, 1, 1, 1, 1, 1, 1, 1, 1, 2, 2, 1, 1, 2, 1, 1, 1, 1, 2, 1, 1, 1, 1, 1, 1, 1, 1, 1, 2, 1, 1, 1, 1, 1, 1, 1, 1, 1, 2, 1, 1, 1, 1, 1, 2, 1, 2, 1, 1, 1, 1, 1, 2, 1, 1, 1, 1, 1, 1, 1, 1, 1, 1, 1, 1, 1, 1, 1, 1, 1, 1, 1, 1, 1, 1, 2, 2, 1, 1, 2]","[0, 0, 0, 0, 0, 0, 0, 0, 0, 0, 0, 0, 0, 0, 0, 0, 0, 0, 0, 0, 0, 0, 0, 0, 0, 0, 0, 0, 0, 0, 1, 0, 0, 0, 0, 0, 0, 0, 0, 0, 0, 0, 0, 0, 1, 1, 0, 0, 1, 0, 0, 0, 0, 1, 0, 0, 0, 0, 0, 0, 0, 0, 0, 1, 0, 0, 0, 0, 0, 0, 0, 0, 0, 1, 0, 0, 0, 0, 0, 1, 0, 1, 0, 0, 0, 0, 0, 1, 0, 0, 0, 0, 0, 0, 0, 0, 0, 0, 0, 0, 0, 0, 0, 0, 0, 0, 0, 0, 0, 0, 1, 1, 0, 0, 1]","[1, 1, 1, 1, 1, 1, 1, 1, 1, 1, 1, 1, 1, 1, 1, 1, 1, 1, 1, 1, 1, 1, 1, 1, 1, 1, 1, 1, 1, 1, 2, 1, 1, 1, 1, 1, 1, 1, 1, 1, 1, 1, 1, 1, 2, 2, 1, 1, 2, 1, 1, 1, 1, 2, 1, 1, 1, 1, 1, 1, 1, 1, 1, 2, 1, 1, 1, 1, 1, 1, 1, 1, 1, 2, 1, 1, 1, 1, 1, 2, 1, 2, 1, 1, 1, 1, 1, 2, 1, 1, 1, 1, 1, 1, 1, 1, 1, 1, 1, 1, 1, 1, 1, 1, 1, 1, 1, 1, 1, 1, 2, 2, 1, 1, 2]",128,115,26,False,11
T8_D4,103,1.2075,"[1, 1, 1, 1, 1, 1, 1, 1, 1, 1, 1, 1, 2, 1, 1, 2, 1, 1, 1, 1, 1, 2, 1, 2, 1, 1, 1, 1, 1, 1, 1, 1, 1, 1, 1, 1, 1, 1, 1, 1, 1, 1, 2, 2, 1, 1, 1, 1, 1, 1, 1, 1, 1, 1, 2, 2, 2, 1, 1, 2, 1, 2, 1, 1, 1, 1, 1, 2, 1, 1, 1, 1, 2, 1, 2, 2, 1, 1, 1, 1, 2, 1, 1, 2, 2, 1, 2, 1, 1, 1, 1, 1, 1, 1, 1, 1, 2, 1, 2, 1, 1, 1, 1, 1, 2, 1]","[0, 0, 0, 0, 0, 0, 0, 0, 0, 0, 0, 0, 1, 0, 0, 1, 0, 0, 0, 0, 0, 1, 0, 1, 0, 0, 0, 0, 0, 0, 0, 0, 0, 0, 0, 0, 0, 0, 0, 0, 0, 0, 1, 1, 0, 0, 0, 0, 0, 0, 0, 0, 0, 0, 1, 1, 1, 0, 0, 1, 0, 1, 0, 0, 0, 0, 0, 1, 0, 0, 0, 0, 1, 0, 1, 1, 0, 0, 0, 0, 1, 0, 0, 1, 1, 0, 1, 0, 0, 0, 0, 0, 0, 0, 0, 0, 1, 0, 1, 0, 0, 0, 0, 0, 1, 0]","[1, 1, 1, 1, 1, 1, 1, 1, 1, 1, 1, 1, 2, 1, 1, 2, 1, 1, 1, 1, 1, 2, 1, 2, 1, 1, 1, 1, 1, 1, 1, 1, 1, 1, 1, 1, 1, 1, 1, 1, 1, 1, 2, 2, 1, 1, 1, 1, 1, 1, 1, 1, 1, 1, 2, 2, 2, 1, 1, 2, 1, 2, 1, 1, 1, 1, 1, 2, 1, 1, 1, 1, 2, 1, 2, 2, 1, 1, 1, 1, 2, 1, 1, 2, 2, 1, 2, 1, 1, 1, 1, 1, 1, 1, 1, 1, 2, 1, 2, 1, 1, 1, 1, 1, 2, 1]",128,106,26,False,113
T8_D4,104,1.2576,"[1, 1, 1, 1, 1, 1, 1, 1, 1, 1, 1, 2, 1, 1, 1, 3, 1, 2, 1, 2, 2, 2, 1, 1, 1, 2, 1, 1, 1, 1, 2, 1, 1, 1, 1, 1, 2, 2, 1, 2, 1, 1, 2, 1, 1, 1, 1, 2, 1, 1, 1, 1, 2, 1, 1, 2, 1, 1, 1, 2, 1, 1, 1, 1, 1, 1]","[0, 0, 0, 0, 0, 0, 0, 0, 0, 0, 0, 1, 0, 0, 0, 2, 0, 1, 0, 1, 1, 1, 0, 0, 0, 1, 0, 0, 0, 0, 1, 0, 0, 0, 0, 0, 1, 1, 0, 1, 0, 0, 1, 0, 0, 0, 0, 1, 0, 0, 0, 0, 1, 0, 0, 1, 0, 0, 0, 1, 0, 0, 0, 0, 0, 0]","[1, 1, 1, 1, 1, 1, 1, 1, 1, 1, 1, 2, 1, 1, 1, 3, 1, 2, 1, 2, 2, 2, 1, 1, 1, 2, 1, 1, 1, 1, 2, 1, 1, 1, 1, 1, 2, 2, 1, 2, 1, 1, 2, 1, 1, 1, 1, 2, 1, 1, 1, 1, 2, 1, 1, 2, 1, 1, 1, 2, 1, 1, 1, 1, 1, 1]",83,66,26,True,-1
T8_D4,105,1.2857,"[1, 1, 1, 1, 1, 1, 1, 2, 1, 1, 1, 1, 1, 2, 2, 1, 1, 2, 1, 1, 2, 1, 1, 1, 1, 2, 3, 1, 1, 2, 2, 1, 1, 1, 2, 1, 1, 1, 1, 2, 1, 2, 1, 2, 1, 1, 1, 1, 1, 2, 1, 1, 1, 1, 1, 1, 2, 1, 1, 2, 2, 1, 1]","[0, 0, 0, 0, 0, 0, 0, 1, 0, 0, 0, 0, 0, 1, 1, 0, 0, 1, 0, 0, 1, 0, 0, 0, 0, 1, 2, 0, 0, 1, 1, 0, 0, 0, 1, 0, 0, 0, 0, 1, 0, 1, 0, 1, 0, 0, 0, 0, 0, 1, 0, 0, 0, 0, 0, 0, 1, 0, 0, 1, 1, 0, 0]","[1, 1, 1, 1, 1, 1, 1, 2, 1, 1, 1, 1, 1, 2, 2, 1, 1, 2, 1, 1, 2, 1, 1, 1, 1, 2, 3, 1, 1, 2, 2, 1, 1, 1, 2, 1, 1, 1, 1, 2, 1, 2, 1, 2, 1, 1, 1, 1, 1, 2, 1, 1, 1, 1, 1, 1, 2, 1, 1, 2, 2, 1, 1]",81,63,26,True,-1
T8_D4,106,1.3196,"[1, 2, 1, 2, 1, 1, 1, 1, 1, 1, 1, 1, 1, 1, 2, 1, 1, 1, 1, 1, 2, 2, 1, 1, 2, 1, 1, 2, 2, 2, 2, 1, 1, 1, 1, 2, 2, 2, 1, 1, 2, 1, 1, 2, 1, 1, 1, 1, 1, 2, 1, 1, 2, 2, 1, 1, 1, 1, 2, 1, 1, 2, 1, 1, 1, 1, 1, 1, 1, 2, 2, 2, 2, 1, 1, 2, 1, 1, 1, 1, 2, 1, 1, 1, 2, 1, 2, 2, 2, 1, 1, 1, 1, 2, 1, 1, 1]","[0, 1, 0, 1, 0, 0, 0, 0, 0, 0, 0, 0, 0, 0, 1, 0, 0, 0, 0, 0, 1, 1, 0, 0, 1, 0, 0, 1, 1, 1, 1, 0, 0, 0, 0, 1, 1, 1, 0, 0, 1, 0, 0, 1, 0, 0, 0, 0, 0, 1, 0, 0, 1, 1, 0, 0, 0, 0, 1, 0, 0, 1, 0, 0, 0, 0, 0, 0, 0, 1, 1, 1, 1, 0, 0, 1, 0, 0, 0, 0, 1, 0, 0, 0, 1, 0, 1, 1, 1, 0, 0, 0, 0, 1, 0, 0, 0]","[1, 2, 1, 2, 1, 1, 1, 1, 1, 1, 1, 1, 1, 1, 2, 1, 1, 1, 1, 1, 2, 2, 1, 1, 2, 1, 1, 2, 2, 2, 2, 1, 1, 1, 1, 2, 2, 2, 1, 1, 2, 1, 1, 2, 1, 1, 1, 1, 1, 2, 1, 1, 2, 2, 1, 1, 1, 1, 2, 1, 1, 2, 1, 1, 1, 1, 1, 1, 1, 2, 2, 2, 2, 1, 1, 2, 1, 1, 1, 1, 2, 1, 1, 1, 2, 1, 2, 2, 2, 1, 1, 1, 1, 2, 1, 1, 1]",128,97,26,True,-1
T8_D4,107,1.2473,"[1, 1, 1, 1, 1, 1, 1, 1, 2, 1, 1, 2, 1, 2, 1, 1, 1, 2, 1, 1, 1, 1, 1, 1, 1, 1, 1, 1, 1, 1, 2, 1, 1, 2, 2, 1, 2, 1, 1, 1, 1, 2, 1, 2, 1, 1, 1, 2, 1, 2, 2, 2, 2, 1, 1, 2, 1, 2, 1, 1, 1, 1, 1, 1, 1, 2, 1, 1, 1, 1, 2, 1, 1, 1, 1, 1, 2, 2, 2, 2, 1, 1, 1, 1, 1, 1, 1, 1, 1, 1, 1, 1, 1]","[0, 0, 0, 0, 0, 0, 0, 0, 1, 0, 0, 1, 0, 1, 0, 0, 0, 1, 0, 0, 0, 0, 0, 0, 0, 0, 0, 0, 0, 0, 1, 0, 0, 1, 1, 0, 1, 0, 0, 0, 0, 1, 0, 1, 0, 0, 0, 1, 0, 1, 1, 1, 1, 0, 0, 1, 0, 1, 0, 0, 0, 0, 0, 0, 0, 1, 0, 0, 0, 0, 1, 0, 0, 0, 0, 0, 1, 1, 1, 1, 0, 0, 0, 0, 0, 0, 0, 0, 0, 0, 0, 0, 0]","[1, 1, 1, 1, 1, 1, 1, 1, 2, 1, 1, 2, 1, 2, 1, 1, 1, 2, 1, 1, 1, 1, 1, 1, 1, 1, 1, 1, 1, 1, 2, 1, 1, 2, 2, 1, 2, 1, 1, 1, 1, 2, 1, 2, 1, 1, 1, 2, 1, 2, 2, 2, 2, 1, 1, 2, 1, 2, 1, 1, 1, 1, 1, 1, 1, 2, 1, 1, 1, 1, 2, 1, 1, 1, 1, 1, 2, 2, 2, 2, 1, 1, 1, 1, 1, 1, 1, 1, 1, 1, 1, 1, 1]",116,93,26,True,-1
T8_D4,108,1.2874,"[1, 1, 1, 1, 1, 1, 1, 1, 2, 1, 1, 1, 1, 1, 1, 3, 1, 2, 1, 2, 1, 1, 1, 2, 1, 1, 1, 1, 1, 1, 3, 2, 1, 1, 1, 1, 1, 1, 2, 1, 1, 2, 1, 2, 2, 3, 2, 1, 1, 2, 2, 1, 1, 2, 1, 1, 1, 2, 1, 2, 2, 1, 1, 1, 1, 1, 1, 1, 2, 1, 1, 1, 1, 1, 1, 1, 1, 2, 2, 1, 1, 1, 1, 1, 1, 1, 1]","[0, 0, 0, 0, 0, 0, 0, 0, 1, 0, 0, 0, 0, 0, 0, 2, 0, 1, 0, 1, 0, 0, 0, 1, 0, 0, 0, 0, 0, 0, 2, 1, 0, 0, 0, 0, 0, 0, 1, 0, 0, 1, 0, 1, 1, 2, 1, 0, 0, 1, 1, 0, 0, 1, 0, 0, 0, 1, 0, 1, 1, 0, 0, 0, 0, 0, 0, 0, 1, 0, 0, 0, 0, 0, 0, 0, 0, 1, 1, 0, 0, 0, 0, 0, 0, 0, 0]","[1, 1, 1, 1, 1, 1, 1, 1, 2, 1, 1, 1, 1, 1, 1, 3, 1, 2, 1, 2, 1, 1, 1, 2, 1, 1, 1, 1, 1, 1, 3, 2, 1, 1, 1, 1, 1, 1, 2, 1, 1, 2, 1, 2, 2, 3, 2, 1, 1, 2, 2, 1, 1, 2, 1, 1, 1, 2, 1, 2, 2, 1, 1, 1, 1, 1, 1, 1, 2, 1, 1, 1, 1, 1, 1, 1, 1, 2, 2, 1, 1, 1, 1, 1, 1, 1, 1]",112,87,26,True,-1
T8_D4,109,1.2673,"[1, 1, 2, 1, 1, 1, 1, 2, 1, 1, 1, 3, 1, 2, 2, 1, 1, 2, 1, 1, 2, 1, 1, 1, 1, 1, 1, 1, 1, 1, 1, 2, 1, 1, 1, 1, 2, 1, 1, 2, 1, 1, 1, 2, 1, 2, 2, 1, 1, 1, 2, 1, 2, 1, 1, 1, 2, 1, 2, 2, 1, 1, 1, 2, 1, 1, 1, 1, 2, 1, 1, 1, 1, 1, 1, 1, 2, 1, 1, 2, 1, 2, 1, 1, 2, 1, 1, 1, 1, 1, 2, 1, 1, 2, 1, 1, 1, 1, 1, 1, 1]","[0, 0, 1, 0, 0, 0, 0, 1, 0, 0, 0, 2, 0, 1, 1, 0, 0, 1, 0, 0, 1, 0, 0, 0, 0, 0, 0, 0, 0, 0, 0, 1, 0, 0, 0, 0, 1, 0, 0, 1, 0, 0, 0, 1, 0, 1, 1, 0, 0, 0, 1, 0, 1, 0, 0, 0, 1, 0, 1, 1, 0, 0, 0, 1, 0, 0, 0, 0, 1, 0, 0, 0, 0, 0, 0, 0, 1, 0, 0, 1, 0, 1, 0, 0, 1, 0, 0, 0, 0, 0, 1, 0, 0, 1, 0, 0, 0, 0, 0, 0, 0]","[1, 1, 2, 1, 1, 1, 1, 2, 1, 1, 1, 3, 1, 2, 2, 1, 1, 2, 1, 1, 2, 1, 1, 1, 1, 1, 1, 1, 1, 1, 1, 2, 1, 1, 1, 1, 2, 1, 1, 2, 1, 1, 1, 2, 1, 2, 2, 1, 1, 1, 2, 1, 2, 1, 1, 1, 2, 1, 2, 2, 1, 1, 1, 2, 1, 1, 1, 1, 2, 1, 1, 1, 1, 1, 1, 1, 2, 1, 1, 2, 1, 2, 1, 1, 2, 1, 1, 1, 1, 1, 2, 1, 1, 2, 1, 1, 1, 1, 1, 1, 1]",128,101,26,True,-1
T8_D4,110,1.2549,"[1, 2, 1, 1, 1, 1, 1, 1, 1, 1, 1, 1, 1, 1, 1, 1, 2, 1, 1, 2, 1, 1, 1, 2, 1, 1, 1, 1, 1, 1, 1, 2, 1, 1, 2, 1, 2, 1, 1, 1, 1, 2, 1, 1, 1, 1, 1, 1, 1, 2, 2, 1, 1, 1, 1, 1, 1, 1, 1, 2, 1, 2, 1, 1, 1, 1, 1, 1, 2, 1, 1, 1, 1, 2, 1, 1, 2, 2, 2, 2, 1, 1, 1, 1, 1, 2, 2, 1, 2, 1, 1, 1, 1, 1, 2, 2, 2, 2, 1, 1, 1, 2]","[0, 1, 0, 0, 0, 0, 0, 0, 0, 0, 0, 0, 0, 0, 0, 0, 1, 0, 0, 1, 0, 0, 0, 1, 0, 0, 0, 0, 0, 0, 0, 1, 0, 0, 1, 0, 1, 0, 0, 0, 0, 1, 0, 0, 0, 0, 0, 0, 0, 1, 1, 0, 0, 0, 0, 0, 0, 0, 0, 1, 0, 1, 0, 0, 0, 0, 0, 0, 1, 0, 0, 0, 0, 1, 0, 0, 1, 1, 1, 1, 0, 0, 0, 0, 0, 1, 1, 0, 1, 0, 0, 0, 0, 0, 1, 1, 1, 1, 0, 0, 0, 1]","[1, 2, 1, 1, 1, 1, 1, 1, 1, 1, 1, 1, 1, 1, 1, 1, 2, 1, 1, 2, 1, 1, 1, 2, 1, 1, 1, 1, 1, 1, 1, 2, 1, 1, 2, 1, 2, 1, 1, 1, 1, 2, 1, 1, 1, 1, 1, 1, 1, 2, 2, 1, 1, 1, 1, 1, 1, 1, 1, 2, 1, 2, 1, 1, 1, 1, 1, 1, 2, 1, 1, 1, 1, 2, 1, 1, 2, 2, 2, 2, 1, 1, 1, 1, 1, 2, 2, 1, 2, 1, 1, 1, 1, 1, 2, 2, 2, 2, 1, 1, 1, 2]",128,102,26,True,-1
T8_D4,111,1.3474,"[1, 2, 1, 1, 2, 2, 1, 1, 1, 1, 1, 1, 1, 1, 2, 1, 1, 2, 1, 1, 1, 1, 1, 1, 1, 1, 1, 1, 1, 1, 2, 1, 2, 2, 1, 2, 1, 1, 1, 1, 2, 2, 1, 1, 2, 1, 1, 1, 1, 1, 1, 1, 1, 2, 2, 1, 2, 1, 1, 1, 2, 1, 3, 2, 2, 1, 1, 3, 2, 2, 3, 1, 1, 1, 1, 1, 2, 1, 1, 2, 1, 2, 2, 1, 1, 1, 1, 2, 1, 1, 2, 1, 2, 1, 1]","[0, 1, 0, 0, 1, 1, 0, 0, 0, 0, 0, 0, 0, 0, 1, 0, 0, 1, 0, 0, 0, 0, 0, 0, 0, 0, 0, 0, 0, 0, 1, 0, 1, 1, 0, 1, 0, 0, 0, 0, 1, 1, 0, 0, 1, 0, 0, 0, 0, 0, 0, 0, 0, 1, 1, 0, 1, 0, 0, 0, 1, 0, 2, 1, 1, 0, 0, 2, 1, 1, 2, 0, 0, 0, 0, 0, 1, 0, 0, 1, 0, 1, 1, 0, 0, 0, 0, 1, 0, 0, 1, 0, 1, 0, 0]","[1, 2, 1, 1, 2, 2, 1, 1, 1, 1, 1, 1, 1, 1, 2, 1, 1, 2, 1, 1, 1, 1, 1, 1, 1, 1, 1, 1, 1, 1, 2, 1, 2, 2, 1, 2, 1, 1, 1, 1, 2, 2, 1, 1, 2, 1, 1, 1, 1, 1, 1, 1, 1, 2, 2, 1, 2, 1, 1, 1, 2, 1, 3, 2, 2, 1, 1, 3, 2, 2, 3, 1, 1, 1, 1, 1, 2, 1, 1, 2, 1, 2, 2, 1, 1, 1, 1, 2, 1, 1, 2, 1, 2, 1, 1]",128,95,26,True,-1
T8_D4,112,1.3474,"[1, 2, 1, 1, 2, 1, 1, 1, 1, 2, 1, 1, 1, 1, 2, 1, 1, 1, 1, 2, 2, 1, 1, 2, 1, 1, 1, 1, 1, 1, 1, 2, 2, 1, 1, 2, 1, 1, 1, 1, 1, 1, 2, 2, 1, 1, 2, 2, 1, 2, 1, 2, 1, 1, 1, 1, 2, 2, 1, 2, 1, 1, 1, 2, 1, 1, 1, 1, 2, 2, 1, 1, 2, 1, 1, 1, 2, 3, 1, 1, 2, 1, 2, 2, 2, 2, 1, 1, 2, 1, 1, 1, 1, 1, 2]","[0, 1, 0, 0, 1, 0, 0, 0, 0, 1, 0, 0, 0, 0, 1, 0, 0, 0, 0, 1, 1, 0, 0, 1, 0, 0, 0, 0, 0, 0, 0, 1, 1, 0, 0, 1, 0, 0, 0, 0, 0, 0, 1, 1, 0, 0, 1, 1, 0, 1, 0, 1, 0, 0, 0, 0, 1, 1, 0, 1, 0, 0, 0, 1, 0, 0, 0, 0, 1, 1, 0, 0, 1, 0, 0, 0, 1, 2, 0, 0, 1, 0, 1, 1, 1, 1, 0, 0, 1, 0, 0, 0, 0, 0, 1]","[1, 2, 1, 1, 2, 1, 1, 1, 1, 2, 1, 1, 1, 1, 2, 1, 1, 1, 1, 2, 2, 1, 1, 2, 1, 1, 1, 1, 1, 1, 1, 2, 2, 1, 1, 2, 1, 1, 1, 1, 1, 1, 2, 2, 1, 1, 2, 2, 1, 2, 1, 2, 1, 1, 1, 1, 2, 2, 1, 2, 1, 1, 1, 2, 1, 1, 1, 1, 2, 2, 1, 1, 2, 1, 1, 1, 2, 3, 1, 1, 2, 1, 2, 2, 2, 2, 1, 1, 2, 1, 1, 1, 1, 1, 2]",128,95,26,True,-1
T8_D4,113,1.3617,"[1, 2, 1, 1, 1, 1, 1, 1, 1, 1, 1, 1, 1, 1, 1, 2, 2, 2, 1, 1, 1, 1, 2, 2, 2, 1, 1, 1, 1, 1, 1, 1, 1, 1, 1, 1, 1, 1, 1, 1, 1, 1, 1, 1, 2, 2, 1, 3, 1, 2, 1, 1, 2, 1, 2, 2, 2, 1, 1, 1, 1, 1, 3, 2, 1, 1, 1, 2, 2, 2, 1, 2, 1, 1, 2, 1, 2, 1, 1, 1, 2, 1, 2, 2, 1, 1, 2, 1, 2, 2, 2, 1, 2, 2]","[0, 1, 0, 0, 0, 0, 0, 0, 0, 0, 0, 0, 0, 0, 0, 1, 1, 1, 0, 0, 0, 0, 1, 1, 1, 0, 0, 0, 0, 0, 0, 0, 0, 0, 0, 0, 0, 0, 0, 0, 0, 0, 0, 0, 1, 1, 0, 2, 0, 1, 0, 0, 1, 0, 1, 1, 1, 0, 0, 0, 0, 0, 2, 1, 0, 0, 0, 1, 1, 1, 0, 1, 0, 0, 1, 0, 1, 0, 0, 0, 1, 0, 1, 1, 0, 0, 1, 0, 1, 1, 1, 0, 1, 1]","[1, 2, 1, 1, 1, 1, 1, 1, 1, 1, 1, 1, 1, 1, 1, 2, 2, 2, 1, 1, 1, 1, 2, 2, 2, 1, 1, 1, 1, 1, 1, 1, 1, 1, 1, 1, 1, 1, 1, 1, 1, 1, 1, 1, 2, 2, 1, 3, 1, 2, 1, 1, 2, 1, 2, 2, 2, 1, 1, 1, 1, 1, 3, 2, 1, 1, 1, 2, 2, 2, 1, 2, 1, 1, 2, 1, 2, 1, 1, 1, 2, 1, 2, 2, 1, 1, 2, 1, 2, 2, 2, 1, 2, 2]",128,94,26,False,67
T8_D4,114,1.3294,"[1, 1, 1, 1, 1, 1, 1, 1, 2, 1, 2, 1, 1, 1, 2, 1, 1, 1, 2, 1, 2, 2, 1, 2, 1, 1, 1, 1, 1, 1, 1, 2, 1, 1, 1, 1, 1, 1, 1, 1, 1, 3, 1, 1, 1, 1, 1, 1, 2, 2, 1, 1, 1, 2, 3, 1, 1, 1, 1, 2, 1, 1, 2, 1, 2, 2, 2, 3, 1, 2, 1, 2, 3, 2, 1, 1, 1, 1, 1, 1, 1, 1, 1, 2, 1]","[0, 0, 0, 0, 0, 0, 0, 0, 1, 0, 1, 0, 0, 0, 1, 0, 0, 0, 1, 0, 1, 1, 0, 1, 0, 0, 0, 0, 0, 0, 0, 1, 0, 0, 0, 0, 0, 0, 0, 0, 0, 2, 0, 0, 0, 0, 0, 0, 1, 1, 0, 0, 0, 1, 2, 0, 0, 0, 0, 1, 0, 0, 1, 0, 1, 1, 1, 2, 0, 1, 0, 1, 2, 1, 0, 0, 0, 0, 0, 0, 0, 0, 0, 1, 0]","[1, 1, 1, 1, 1, 1, 1, 1, 2, 1, 2, 1, 1, 1, 2, 1, 1, 1, 2, 1, 2, 2, 1, 2, 1, 1, 1, 1, 1, 1, 1, 2, 1, 1, 1, 1, 1, 1, 1, 1, 1, 3, 1, 1, 1, 1, 1, 1, 2, 2, 1, 1, 1, 2, 3, 1, 1, 1, 1, 2, 1, 1, 2, 1, 2, 2, 2, 3, 1, 2, 1, 2, 3, 2, 1, 1, 1, 1, 1, 1, 1, 1, 1, 2, 1]",113,85,26,False,41
T8_D4,115,1.303,"[1, 2, 1, 1, 2, 1, 1, 1, 1, 1, 1, 1, 2, 1, 1, 1, 1, 1, 1, 2, 1, 1, 1, 1, 2, 2, 1, 1, 1, 1, 1, 1, 2, 2, 1, 1, 2, 1, 1, 1, 2, 2, 1, 1, 1, 1, 1, 1, 1, 1, 1, 2, 2, 1, 1, 1, 1, 1, 1, 1, 2, 1, 2, 2, 2, 1, 1, 1, 1, 2, 1, 2, 1, 1, 1, 1, 2, 1, 2, 1, 1, 1, 1, 2, 1, 1, 2, 1, 1, 3, 1, 2, 1, 2, 1, 1, 2, 2, 2]","[0, 1, 0, 0, 1, 0, 0, 0, 0, 0, 0, 0, 1, 0, 0, 0, 0, 0, 0, 1, 0, 0, 0, 0, 1, 1, 0, 0, 0, 0, 0, 0, 1, 1, 0, 0, 1, 0, 0, 0, 1, 1, 0, 0, 0, 0, 0, 0, 0, 0, 0, 1, 1, 0, 0, 0, 0, 0, 0, 0, 1, 0, 1, 1, 1, 0, 0, 0, 0, 1, 0, 1, 0, 0, 0, 0, 1, 0, 1, 0, 0, 0, 0, 1, 0, 0, 1, 0, 0, 2, 0, 1, 0, 1, 0, 0, 1, 1, 1]","[1, 2, 1, 1, 2, 1, 1, 1, 1, 1, 1, 1, 2, 1, 1, 1, 1, 1, 1, 2, 1, 1, 1, 1, 2, 2, 1, 1, 1, 1, 1, 1, 2, 2, 1, 1, 2, 1, 1, 1, 2, 2, 1, 1, 1, 1, 1, 1, 1, 1, 1, 2, 2, 1, 1, 1, 1, 1, 1, 1, 2, 1, 2, 2, 2, 1, 1, 1, 1, 2, 1, 2, 1, 1, 1, 1, 2, 1, 2, 1, 1, 1, 1, 2, 1, 1, 2, 1, 1, 3, 1, 2, 1, 2, 1, 1, 2, 2, 2]",128,99,26,True,-1
T8_D4,116,1.303,"[1, 2, 1, 2, 1, 1, 1, 1, 1, 1, 1, 1, 2, 1, 1, 2, 1, 1, 1, 1, 1, 1, 2, 2, 1, 1, 1, 1, 1, 1, 2, 1, 1, 2, 2, 1, 1, 1, 2, 1, 1, 1, 2, 1, 1, 1, 1, 2, 2, 2, 1, 2, 1, 1, 1, 2, 1, 1, 1, 2, 1, 1, 2, 1, 2, 1, 1, 2, 1, 1, 1, 1, 1, 1, 2, 1, 2, 2, 2, 1, 1, 2, 1, 2, 1, 1, 1, 1, 1, 2, 1, 1, 1, 1, 1, 1, 2, 2, 2]","[0, 1, 0, 1, 0, 0, 0, 0, 0, 0, 0, 0, 1, 0, 0, 1, 0, 0, 0, 0, 0, 0, 1, 1, 0, 0, 0, 0, 0, 0, 1, 0, 0, 1, 1, 0, 0, 0, 1, 0, 0, 0, 1, 0, 0, 0, 0, 1, 1, 1, 0, 1, 0, 0, 0, 1, 0, 0, 0, 1, 0, 0, 1, 0, 1, 0, 0, 1, 0, 0, 0, 0, 0, 0, 1, 0, 1, 1, 1, 0, 0, 1, 0, 1, 0, 0, 0, 0, 0, 1, 0, 0, 0, 0, 0, 0, 1, 1, 1]","[1, 2, 1, 2, 1, 1, 1, 1, 1, 1, 1, 1, 2, 1, 1, 2, 1, 1, 1, 1, 1, 1, 2, 2, 1, 1, 1, 1, 1, 1, 2, 1, 1, 2, 2, 1, 1, 1, 2, 1, 1, 1, 2, 1, 1, 1, 1, 2, 2, 2, 1, 2, 1, 1, 1, 2, 1, 1, 1, 2, 1, 1, 2, 1, 2, 1, 1, 2, 1, 1, 1, 1, 1, 1, 2, 1, 2, 2, 2, 1, 1, 2, 1, 2, 1, 1, 1, 1, 1, 2, 1, 1, 1, 1, 1, 1, 2, 2, 2]",128,99,26,False,27
T8_D4,117,1.3196,"[1, 1, 2, 1, 1, 1, 1, 2, 1, 2, 2, 1, 2, 1, 2, 2, 1, 2, 1, 1, 2, 1, 1, 2, 2, 2, 1, 1, 1, 1, 1, 1, 1, 2, 1, 1, 1, 1, 1, 1, 2, 2, 1, 1, 2, 1, 1, 1, 1, 2, 2, 1, 2, 1, 1, 2, 1, 2, 1, 1, 2, 1, 1, 1, 1, 2, 1, 1, 1, 1, 2, 2, 2, 1, 1, 1, 1, 2, 1, 1, 1, 1, 1, 1, 1, 1, 1, 2, 1, 1, 2, 1, 2, 1, 2, 1, 1]","[0, 0, 1, 0, 0, 0, 0, 1, 0, 1, 1, 0, 1, 0, 1, 1, 0, 1, 0, 0, 1, 0, 0, 1, 1, 1, 0, 0, 0, 0, 0, 0, 0, 1, 0, 0, 0, 0, 0, 0, 1, 1, 0, 0, 1, 0, 0, 0, 0, 1, 1, 0, 1, 0, 0, 1, 0, 1, 0, 0, 1, 0, 0, 0, 0, 1, 0, 0, 0, 0, 1, 1, 1, 0, 0, 0, 0, 1, 0, 0, 0, 0, 0, 0, 0, 0, 0, 1, 0, 0, 1, 0, 1, 0, 1, 0, 0]","[1, 1, 2, 1, 1, 1, 1, 2, 1, 2, 2, 1, 2, 1, 2, 2, 1, 2, 1, 1, 2, 1, 1, 2, 2, 2, 1, 1, 1, 1, 1, 1, 1, 2, 1, 1, 1, 1, 1, 1, 2, 2, 1, 1, 2, 1, 1, 1, 1, 2, 2, 1, 2, 1, 1, 2, 1, 2, 1, 1, 2, 1, 1, 1, 1, 2, 1, 1, 1, 1, 2, 2, 2, 1, 1, 1, 1, 2, 1, 1, 1, 1, 1, 1, 1, 1, 1, 2, 1, 1, 2, 1, 2, 1, 2, 1, 1]",128,97,26,False,15
T8_D4,118,1.28,"[1, 1, 1, 1, 1, 1, 1, 2, 1, 1, 1, 2, 1, 1, 2, 1, 1, 2, 1, 1, 1, 1, 2, 1, 1, 1, 1, 2, 1, 1, 2, 1, 1, 2, 1, 1, 1, 2, 2, 2, 1, 1, 1, 1, 2, 1, 1, 2, 1, 2, 1, 1, 1, 1, 1, 1, 1, 2, 1, 1, 1, 2, 2, 2, 1, 1, 2, 1, 1, 2, 2, 1, 1, 1, 2, 1, 1, 1, 2, 2, 1, 1, 1, 1, 2, 1, 1, 2, 1, 1, 2, 1, 1, 1, 1, 2, 1, 1, 1, 1]","[0, 0, 0, 0, 0, 0, 0, 1, 0, 0, 0, 1, 0, 0, 1, 0, 0, 1, 0, 0, 0, 0, 1, 0, 0, 0, 0, 1, 0, 0, 1, 0, 0, 1, 0, 0, 0, 1, 1, 1, 0, 0, 0, 0, 1, 0, 0, 1, 0, 1, 0, 0, 0, 0, 0, 0, 0, 1, 0, 0, 0, 1, 1, 1, 0, 0, 1, 0, 0, 1, 1, 0, 0, 0, 1, 0, 0, 0, 1, 1, 0, 0, 0, 0, 1, 0, 0, 1, 0, 0, 1, 0, 0, 0, 0, 1, 0, 0, 0, 0]","[1, 1, 1, 1, 1, 1, 1, 2, 1, 1, 1, 2, 1, 1, 2, 1, 1, 2, 1, 1, 1, 1, 2, 1, 1, 1, 1, 2, 1, 1, 2, 1, 1, 2, 1, 1, 1, 2, 2, 2, 1, 1, 1, 1, 2, 1, 1, 2, 1, 2, 1, 1, 1, 1, 1, 1, 1, 2, 1, 1, 1, 2, 2, 2, 1, 1, 2, 1, 1, 2, 2, 1, 1, 1, 2, 1, 1, 1, 2, 2, 1, 1, 1, 1, 2, 1, 1, 2, 1, 1, 2, 1, 1, 1, 1, 2, 1, 1, 1, 1]",128,100,26,True,-1
T8_D4,119,1.2308,"[1, 2, 1, 2, 1, 1, 1, 1, 1, 1, 1, 1, 1, 1, 1, 2, 1, 1, 1, 1, 2, 2, 1, 1, 1, 1, 2, 1, 1, 1, 2, 1, 2, 1, 1, 2, 1, 1, 1, 1, 1, 1, 1, 1, 2, 1, 1, 1, 1, 1, 1, 2, 2, 1, 1, 2, 1, 1, 1, 1, 1, 2, 1, 1, 1, 2, 1, 1, 1, 2, 2, 1, 2, 1, 1, 1, 1, 1, 1, 1, 1, 2, 1, 2, 1, 1, 1, 1, 1, 1, 2, 1, 2, 1, 1, 1, 1, 2, 1, 1, 2, 1, 1, 1]","[0, 1, 0, 1, 0, 0, 0, 0, 0, 0, 0, 0, 0, 0, 0, 1, 0, 0, 0, 0, 1, 1, 0, 0, 0, 0, 1, 0, 0, 0, 1, 0, 1, 0, 0, 1, 0, 0, 0, 0, 0, 0, 0, 0, 1, 0, 0, 0, 0, 0, 0, 1, 1, 0, 0, 1, 0, 0, 0, 0, 0, 1, 0, 0, 0, 1, 0, 0, 0, 1, 1, 0, 1, 0, 0, 0, 0, 0, 0, 0, 0, 1, 0, 1, 0, 0, 0, 0, 0, 0, 1, 0, 1, 0, 0, 0, 0, 1, 0, 0, 1, 0, 0, 0]","[1, 2, 1, 2, 1, 1, 1, 1, 1, 1, 1, 1, 1, 1, 1, 2, 1, 1, 1, 1, 2, 2, 1, 1, 1, 1, 2, 1, 1, 1, 2, 1, 2, 1, 1, 2, 1, 1, 1, 1, 1, 1, 1, 1, 2, 1, 1, 1, 1, 1, 1, 2, 2, 1, 1, 2, 1, 1, 1, 1, 1, 2, 1, 1, 1, 2, 1, 1, 1, 2, 2, 1, 2, 1, 1, 1, 1, 1, 1, 1, 1, 2, 1, 2, 1, 1, 1, 1, 1, 1, 2, 1, 2, 1, 1, 1, 1, 2, 1, 1, 2, 1, 1, 1]",128,104,26,True,-1
T8_D4,120,1.2929,"[1, 2, 1, 2, 1, 1, 1, 1, 1, 1, 1, 1, 1, 1, 1, 2, 1, 1, 1, 2, 2, 1, 3, 1, 2, 1, 1, 1, 1, 1, 1, 1, 1, 2, 1, 1, 2, 1, 1, 1, 1, 1, 2, 2, 1, 1, 1, 1, 1, 1, 1, 1, 1, 1, 1, 2, 2, 1, 2, 2, 1, 2, 1, 1, 1, 1, 2, 1, 1, 3, 1, 1, 2, 2, 2, 1, 1, 1, 1, 2, 2, 2, 2, 1, 2, 1, 1, 1, 1, 1, 1, 1, 1, 1, 1, 1, 1, 1, 2]","[0, 1, 0, 1, 0, 0, 0, 0, 0, 0, 0, 0, 0, 0, 0, 1, 0, 0, 0, 1, 1, 0, 2, 0, 1, 0, 0, 0, 0, 0, 0, 0, 0, 1, 0, 0, 1, 0, 0, 0, 0, 0, 1, 1, 0, 0, 0, 0, 0, 0, 0, 0, 0, 0, 0, 1, 1, 0, 1, 1, 0, 1, 0, 0, 0, 0, 1, 0, 0, 2, 0, 0, 1, 1, 1, 0, 0, 0, 0, 1, 1, 1, 1, 0, 1, 0, 0, 0, 0, 0, 0, 0, 0, 0, 0, 0, 0, 0, 1]","[1, 2, 1, 2, 1, 1, 1, 1, 1, 1, 1, 1, 1, 1, 1, 2, 1, 1, 1, 2, 2, 1, 3, 1, 2, 1, 1, 1, 1, 1, 1, 1, 1, 2, 1, 1, 2, 1, 1, 1, 1, 1, 2, 2, 1, 1, 1, 1, 1, 1, 1, 1, 1, 1, 1, 2, 2, 1, 2, 2, 1, 2, 1, 1, 1, 1, 2, 1, 1, 3, 1, 1, 2, 2, 2, 1, 1, 1, 1, 2, 2, 2, 2, 1, 2, 1, 1, 1, 1, 1, 1, 1, 1, 1, 1, 1, 1, 1, 2]",128,99,26,False,82
T8_D4,121,1.3913,"[1, 2, 1, 1, 1, 1, 1, 1, 2, 1, 1, 1, 1, 1, 1, 1, 1, 1, 3, 2, 1, 1, 1, 2, 2, 1, 1, 2, 1, 2, 1, 2, 1, 2, 2, 1, 2, 2, 1, 1, 1, 1, 1, 1, 2, 1, 2, 2, 1, 2, 1, 1, 2, 2, 1, 1, 1, 2, 2, 1, 2, 2, 1, 2, 2, 2, 1, 1, 2, 1, 2, 1, 1, 1, 2, 2, 1, 1, 1, 2, 2, 1, 2, 1, 1, 1, 2, 2, 1, 1, 1, 1]","[0, 1, 0, 0, 0, 0, 0, 0, 1, 0, 0, 0, 0, 0, 0, 0, 0, 0, 2, 1, 0, 0, 0, 1, 1, 0, 0, 1, 0, 1, 0, 1, 0, 1, 1, 0, 1, 1, 0, 0, 0, 0, 0, 0, 1, 0, 1, 1, 0, 1, 0, 0, 1, 1, 0, 0, 0, 1, 1, 0, 1, 1, 0, 1, 1, 1, 0, 0, 1, 0, 1, 0, 0, 0, 1, 1, 0, 0, 0, 1, 1, 0, 1, 0, 0, 0, 1, 1, 0, 0, 0, 0]","[1, 2, 1, 1, 1, 1, 1, 1, 2, 1, 1, 1, 1, 1, 1, 1, 1, 1, 3, 2, 1, 1, 1, 2, 2, 1, 1, 2, 1, 2, 1, 2, 1, 2, 2, 1, 2, 2, 1, 1, 1, 1, 1, 1, 2, 1, 2, 2, 1, 2, 1, 1, 2, 2, 1, 1, 1, 2, 2, 1, 2, 2, 1, 2, 2, 2, 1, 1, 2, 1, 2, 1, 1, 1, 2, 2, 1, 1, 1, 2, 2, 1, 2, 1, 1, 1, 2, 2, 1, 1, 1, 1]",128,92,26,True,-1
T8_D4,122,1.303,"[1, 2, 1, 1, 2, 1, 1, 1, 1, 1, 1, 1, 2, 2, 1, 1, 2, 2, 1, 1, 1, 1, 1, 2, 1, 1, 1, 1, 1, 2, 2, 1, 1, 2, 1, 1, 1, 1, 1, 1, 1, 2, 2, 1, 1, 2, 1, 1, 1, 1, 1, 1, 1, 1, 1, 1, 1, 1, 1, 1, 2, 2, 1, 1, 2, 1, 1, 1, 2, 2, 2, 2, 2, 1, 1, 1, 1, 2, 1, 2, 1, 1, 2, 1, 2, 1, 1, 2, 1, 1, 1, 1, 2, 2, 1, 2, 1, 1, 2]","[0, 1, 0, 0, 1, 0, 0, 0, 0, 0, 0, 0, 1, 1, 0, 0, 1, 1, 0, 0, 0, 0, 0, 1, 0, 0, 0, 0, 0, 1, 1, 0, 0, 1, 0, 0, 0, 0, 0, 0, 0, 1, 1, 0, 0, 1, 0, 0, 0, 0, 0, 0, 0, 0, 0, 0, 0, 0, 0, 0, 1, 1, 0, 0, 1, 0, 0, 0, 1, 1, 1, 1, 1, 0, 0, 0, 0, 1, 0, 1, 0, 0, 1, 0, 1, 0, 0, 1, 0, 0, 0, 0, 1, 1, 0, 1, 0, 0, 1]","[1, 2, 1, 1, 2, 1, 1, 1, 1, 1, 1, 1, 2, 2, 1, 1, 2, 2, 1, 1, 1, 1, 1, 2, 1, 1, 1, 1, 1, 2, 2, 1, 1, 2, 1, 1, 1, 1, 1, 1, 1, 2, 2, 1, 1, 2, 1, 1, 1, 1, 1, 1, 1, 1, 1, 1, 1, 1, 1, 1, 2, 2, 1, 1, 2, 1, 1, 1, 2, 2, 2, 2, 2, 1, 1, 1, 1, 2, 1, 2, 1, 1, 2, 1, 2, 1, 1, 2, 1, 1, 1, 1, 2, 2, 1, 2, 1, 1, 2]",128,99,26,False,11
T8_D4,123,1.2929,"[1, 1, 1, 1, 2, 1, 2, 1, 1, 1, 2, 1, 2, 1, 1, 1, 1, 1, 2, 1, 1, 1, 2, 1, 1, 1, 2, 2, 1, 2, 2, 2, 1, 1, 1, 1, 1, 3, 2, 1, 1, 1, 1, 1, 2, 1, 1, 2, 2, 2, 1, 1, 1, 2, 1, 1, 1, 1, 1, 1, 2, 2, 1, 1, 1, 1, 1, 1, 1, 1, 1, 1, 1, 2, 3, 1, 2, 1, 1, 1, 1, 1, 2, 1, 1, 2, 1, 1, 1, 1, 1, 2, 1, 1, 1, 1, 2, 1, 1]","[0, 0, 0, 0, 1, 0, 1, 0, 0, 0, 1, 0, 1, 0, 0, 0, 0, 0, 1, 0, 0, 0, 1, 0, 0, 0, 1, 1, 0, 1, 1, 1, 0, 0, 0, 0, 0, 2, 1, 0, 0, 0, 0, 0, 1, 0, 0, 1, 1, 1, 0, 0, 0, 1, 0, 0, 0, 0, 0, 0, 1, 1, 0, 0, 0, 0, 0, 0, 0, 0, 0, 0, 0, 1, 2, 0, 1, 0, 0, 0, 0, 0, 1, 0, 0, 1, 0, 0, 0, 0, 0, 1, 0, 0, 0, 0, 1, 0, 0]","[1, 1, 1, 1, 2, 1, 2, 1, 1, 1, 2, 1, 2, 1, 1, 1, 1, 1, 2, 1, 1, 1, 2, 1, 1, 1, 2, 2, 1, 2, 2, 2, 1, 1, 1, 1, 1, 3, 2, 1, 1, 1, 1, 1, 2, 1, 1, 2, 2, 2, 1, 1, 1, 2, 1, 1, 1, 1, 1, 1, 2, 2, 1, 1, 1, 1, 1, 1, 1, 1, 1, 1, 1, 2, 3, 1, 2, 1, 1, 1, 1, 1, 2, 1, 1, 2, 1, 1, 1, 1, 1, 2, 1, 1, 1, 1, 2, 1, 1]",128,99,26,False,22
T8_D4,124,1.219,"[1, 1, 1, 1, 2, 1, 1, 1, 1, 1, 1, 1, 1, 1, 2, 1, 2, 2, 1, 1, 2, 1, 1, 1, 2, 1, 1, 1, 2, 1, 1, 1, 1, 1, 1, 1, 1, 2, 1, 1, 1, 1, 1, 1, 1, 1, 2, 1, 1, 1, 1, 1, 1, 1, 1, 1, 1, 1, 2, 1, 2, 2, 1, 2, 1, 1, 1, 1, 1, 1, 2, 1, 2, 1, 1, 2, 1, 2, 2, 1, 2, 1, 1, 2, 1, 1, 1, 1, 1, 1, 2, 1, 1, 2, 1, 2, 1, 1, 1, 1, 1, 1, 1, 1, 1]","[0, 0, 0, 0, 1, 0, 0, 0, 0, 0, 0, 0, 0, 0, 1, 0, 1, 1, 0, 0, 1, 0, 0, 0, 1, 0, 0, 0, 1, 0, 0, 0, 0, 0, 0, 0, 0, 1, 0, 0, 0, 0, 0, 0, 0, 0, 1, 0, 0, 0, 0, 0, 0, 0, 0, 0, 0, 0, 1, 0, 1, 1, 0, 1, 0, 0, 0, 0, 0, 0, 1, 0, 1, 0, 0, 1, 0, 1, 1, 0, 1, 0, 0, 1, 0, 0, 0, 0, 0, 0, 1, 0, 0, 1, 0, 1, 0, 0, 0, 0, 0, 0, 0, 0, 0]","[1, 1, 1, 1, 2, 1, 1, 1, 1, 1, 1, 1, 1, 1, 2, 1, 2, 2, 1, 1, 2, 1, 1, 1, 2, 1, 1, 1, 2, 1, 1, 1, 1, 1, 1, 1, 1, 2, 1, 1, 1, 1, 1, 1, 1, 1, 2, 1, 1, 1, 1, 1, 1, 1, 1, 1, 1, 1, 2, 1, 2, 2, 1, 2, 1, 1, 1, 1, 1, 1, 2, 1, 2, 1, 1, 2, 1, 2, 2, 1, 2, 1, 1, 2, 1, 1, 1, 1, 1, 1, 2, 1, 1, 2, 1, 2, 1, 1, 1, 1, 1, 1, 1, 1, 1]",128,105,26,False,26
T8_D4,125,1.3061,"[1, 2, 1, 2, 1, 1, 1, 2, 1, 2, 1, 2, 1, 1, 1, 2, 1, 1, 1, 1, 3, 1, 1, 2, 1, 1, 1, 1, 1, 2, 2, 1, 1, 2, 1, 1, 2, 1, 1, 1, 2, 2, 1, 1, 2, 1, 2, 2, 2, 2, 1, 1, 2, 1, 1, 1, 1, 1, 2, 1, 1, 1, 2, 1, 1, 1, 1, 2, 1, 2, 1, 1, 1, 1, 1, 1, 1, 1, 1, 1, 2, 1, 2, 2, 2, 1, 1, 1, 2, 1, 1, 1, 1, 1, 1, 1, 1, 1]","[0, 1, 0, 1, 0, 0, 0, 1, 0, 1, 0, 1, 0, 0, 0, 1, 0, 0, 0, 0, 2, 0, 0, 1, 0, 0, 0, 0, 0, 1, 1, 0, 0, 1, 0, 0, 1, 0, 0, 0, 1, 1, 0, 0, 1, 0, 1, 1, 1, 1, 0, 0, 1, 0, 0, 0, 0, 0, 1, 0, 0, 0, 1, 0, 0, 0, 0, 1, 0, 1, 0, 0, 0, 0, 0, 0, 0, 0, 0, 0, 1, 0, 1, 1, 1, 0, 0, 0, 1, 0, 0, 0, 0, 0, 0, 0, 0, 0]","[1, 2, 1, 2, 1, 1, 1, 2, 1, 2, 1, 2, 1, 1, 1, 2, 1, 1, 1, 1, 3, 1, 1, 2, 1, 1, 1, 1, 1, 2, 2, 1, 1, 2, 1, 1, 2, 1, 1, 1, 2, 2, 1, 1, 2, 1, 2, 2, 2, 2, 1, 1, 2, 1, 1, 1, 1, 1, 2, 1, 1, 1, 2, 1, 1, 1, 1, 2, 1, 2, 1, 1, 1, 1, 1, 1, 1, 1, 1, 1, 2, 1, 2, 2, 2, 1, 1, 1, 2, 1, 1, 1, 1, 1, 1, 1, 1, 1]",128,98,26,True,-1
T8_D4,126,1.3196,"[1, 2, 1, 1, 2, 1, 1, 1, 1, 1, 1, 1, 1, 2, 2, 1, 2, 1, 1, 2, 1, 1, 1, 1, 1, 2, 2, 1, 1, 2, 1, 1, 1, 1, 2, 2, 1, 2, 1, 1, 1, 1, 2, 2, 1, 2, 1, 1, 1, 2, 1, 2, 1, 2, 1, 1, 1, 2, 1, 1, 1, 1, 2, 2, 1, 1, 1, 1, 1, 1, 1, 1, 2, 1, 1, 2, 2, 1, 1, 1, 2, 1, 2, 1, 1, 1, 1, 1, 2, 2, 2, 1, 1, 2, 2, 1, 1]","[0, 1, 0, 0, 1, 0, 0, 0, 0, 0, 0, 0, 0, 1, 1, 0, 1, 0, 0, 1, 0, 0, 0, 0, 0, 1, 1, 0, 0, 1, 0, 0, 0, 0, 1, 1, 0, 1, 0, 0, 0, 0, 1, 1, 0, 1, 0, 0, 0, 1, 0, 1, 0, 1, 0, 0, 0, 1, 0, 0, 0, 0, 1, 1, 0, 0, 0, 0, 0, 0, 0, 0, 1, 0, 0, 1, 1, 0, 0, 0, 1, 0, 1, 0, 0, 0, 0, 0, 1, 1, 1, 0, 0, 1, 1, 0, 0]","[1, 2, 1, 1, 2, 1, 1, 1, 1, 1, 1, 1, 1, 2, 2, 1, 2, 1, 1, 2, 1, 1, 1, 1, 1, 2, 2, 1, 1, 2, 1, 1, 1, 1, 2, 2, 1, 2, 1, 1, 1, 1, 2, 2, 1, 2, 1, 1, 1, 2, 1, 2, 1, 2, 1, 1, 1, 2, 1, 1, 1, 1, 2, 2, 1, 1, 1, 1, 1, 1, 1, 1, 2, 1, 1, 2, 2, 1, 1, 1, 2, 1, 2, 1, 1, 1, 1, 1, 2, 2, 2, 1, 1, 2, 2, 1, 1]",128,97,26,True,-1
T8_D4,127,1.2929,"[1, 2, 1, 1, 2, 1, 1, 1, 1, 1, 1, 2, 2, 1, 2, 1, 2, 1, 1, 1, 2, 1, 1, 1, 1, 1, 1, 1, 1, 1, 1, 1, 2, 2, 1, 1, 2, 1, 1, 1, 1, 1, 2, 1, 2, 1, 2, 1, 1, 1, 2, 1, 2, 1, 2, 1, 2, 1, 1, 1, 2, 1, 2, 2, 1, 1, 1, 1, 1, 1, 1, 1, 1, 1, 2, 1, 2, 1, 2, 2, 1, 2, 1, 1, 1, 1, 1, 2, 2, 1, 1, 1, 1, 2, 2, 1, 1, 1, 1]","[0, 1, 0, 0, 1, 0, 0, 0, 0, 0, 0, 1, 1, 0, 1, 0, 1, 0, 0, 0, 1, 0, 0, 0, 0, 0, 0, 0, 0, 0, 0, 0, 1, 1, 0, 0, 1, 0, 0, 0, 0, 0, 1, 0, 1, 0, 1, 0, 0, 0, 1, 0, 1, 0, 1, 0, 1, 0, 0, 0, 1, 0, 1, 1, 0, 0, 0, 0, 0, 0, 0, 0, 0, 0, 1, 0, 1, 0, 1, 1, 0, 1, 0, 0, 0, 0, 0, 1, 1, 0, 0, 0, 0, 1, 1, 0, 0, 0, 0]","[1, 2, 1, 1, 2, 1, 1, 1, 1, 1, 1, 2, 2, 1, 2, 1, 2, 1, 1, 1, 2, 1, 1, 1, 1, 1, 1, 1, 1, 1, 1, 1, 2, 2, 1, 1, 2, 1, 1, 1, 1, 1, 2, 1, 2, 1, 2, 1, 1, 1, 2, 1, 2, 1, 2, 1, 2, 1, 1, 1, 2, 1, 2, 2, 1, 1, 1, 1, 1, 1, 1, 1, 1, 1, 2, 1, 2, 1, 2, 2, 1, 2, 1, 1, 1, 1, 1, 2, 2, 1, 1, 1, 1, 2, 2, 1, 1, 1, 1]",128,99,26,True,-1
T8_D4,128,1.1743,"[1, 2, 1, 2, 1, 1, 1, 1, 1, 1, 1, 1, 1, 2, 1, 1, 1, 1, 1, 1, 1, 1, 1, 1, 1, 1, 2, 1, 1, 2, 1, 1, 1, 2, 2, 1, 1, 2, 1, 1, 1, 1, 1, 1, 1, 1, 1, 2, 1, 2, 2, 1, 2, 1, 1, 1, 1, 1, 2, 1, 1, 1, 1, 1, 1, 1, 1, 1, 1, 1, 1, 1, 1, 1, 1, 1, 1, 2, 2, 1, 1, 2, 1, 1, 1, 1, 1, 1, 1, 1, 2, 1, 1, 1, 1, 1, 1, 1, 1, 1, 2, 2, 1, 1, 1, 1, 1, 1, 1]","[0, 1, 0, 1, 0, 0, 0, 0, 0, 0, 0, 0, 0, 1, 0, 0, 0, 0, 0, 0, 0, 0, 0, 0, 0, 0, 1, 0, 0, 1, 0, 0, 0, 1, 1, 0, 0, 1, 0, 0, 0, 0, 0, 0, 0, 0, 0, 1, 0, 1, 1, 0, 1, 0, 0, 0, 0, 0, 1, 0, 0, 0, 0, 0, 0, 0, 0, 0, 0, 0, 0, 0, 0, 0, 0, 0, 0, 1, 1, 0, 0, 1, 0, 0, 0, 0, 0, 0, 0, 0, 1, 0, 0, 0, 0, 0, 0, 0, 0, 0, 1, 1, 0, 0, 0, 0, 0, 0, 0]","[1, 2, 1, 2, 1, 1, 1, 1, 1, 1, 1, 1, 1, 2, 1, 1, 1, 1, 1, 1, 1, 1, 1, 1, 1, 1, 2, 1, 1, 2, 1, 1, 1, 2, 2, 1, 1, 2, 1, 1, 1, 1, 1, 1, 1, 1, 1, 2, 1, 2, 2, 1, 2, 1, 1, 1, 1, 1, 2, 1, 1, 1, 1, 1, 1, 1, 1, 1, 1, 1, 1, 1, 1, 1, 1, 1, 1, 2, 2, 1, 1, 2, 1, 1, 1, 1, 1, 1, 1, 1, 2, 1, 1, 1, 1, 1, 1, 1, 1, 1, 2, 2, 1, 1, 1, 1, 1, 1, 1]",128,109,26,False,12
T8_D4,129,1.3763,"[1, 2, 1, 1, 2, 1, 1, 2, 1, 2, 1, 1, 1, 2, 1, 1, 1, 2, 1, 1, 2, 1, 2, 2, 1, 2, 1, 1, 1, 2, 1, 1, 1, 1, 1, 1, 2, 2, 1, 1, 2, 1, 2, 1, 1, 1, 2, 1, 2, 1, 1, 1, 2, 1, 1, 1, 1, 1, 2, 1, 1, 2, 2, 1, 2, 1, 2, 2, 2, 1, 1, 1, 1, 1, 1, 1, 1, 1, 1, 1, 1, 2, 2, 2, 2, 3, 2, 1, 1, 2, 2, 1, 2]","[0, 1, 0, 0, 1, 0, 0, 1, 0, 1, 0, 0, 0, 1, 0, 0, 0, 1, 0, 0, 1, 0, 1, 1, 0, 1, 0, 0, 0, 1, 0, 0, 0, 0, 0, 0, 1, 1, 0, 0, 1, 0, 1, 0, 0, 0, 1, 0, 1, 0, 0, 0, 1, 0, 0, 0, 0, 0, 1, 0, 0, 1, 1, 0, 1, 0, 1, 1, 1, 0, 0, 0, 0, 0, 0, 0, 0, 0, 0, 0, 0, 1, 1, 1, 1, 2, 1, 0, 0, 1, 1, 0, 1]","[1, 2, 1, 1, 2, 1, 1, 2, 1, 2, 1, 1, 1, 2, 1, 1, 1, 2, 1, 1, 2, 1, 2, 2, 1, 2, 1, 1, 1, 2, 1, 1, 1, 1, 1, 1, 2, 2, 1, 1, 2, 1, 2, 1, 1, 1, 2, 1, 2, 1, 1, 1, 2, 1, 1, 1, 1, 1, 2, 1, 1, 2, 2, 1, 2, 1, 2, 2, 2, 1, 1, 1, 1, 1, 1, 1, 1, 1, 1, 1, 1, 2, 2, 2, 2, 3, 2, 1, 1, 2, 2, 1, 2]",128,93,26,True,-1
T8_D4,130,1.2647,"[1, 2, 1, 2, 1, 1, 1, 1, 1, 1, 2, 1, 1, 1, 1, 1, 1, 1, 1, 1, 1, 1, 2, 2, 1, 1, 1, 1, 1, 2, 1, 1, 2, 1, 1, 1, 2, 1, 1, 2, 2, 1, 1, 2, 1, 2, 1, 1, 1, 1, 1, 1, 2, 1, 1, 2, 1, 1, 2, 2, 1, 1, 1, 2, 1, 1, 2, 1, 1, 1, 1, 1, 1, 1, 2, 2, 1, 1, 2, 1, 1, 1, 1, 2, 2, 1, 2, 1, 1, 1, 1, 2, 1, 1, 1, 2, 1, 1, 1, 1, 1, 2]","[0, 1, 0, 1, 0, 0, 0, 0, 0, 0, 1, 0, 0, 0, 0, 0, 0, 0, 0, 0, 0, 0, 1, 1, 0, 0, 0, 0, 0, 1, 0, 0, 1, 0, 0, 0, 1, 0, 0, 1, 1, 0, 0, 1, 0, 1, 0, 0, 0, 0, 0, 0, 1, 0, 0, 1, 0, 0, 1, 1, 0, 0, 0, 1, 0, 0, 1, 0, 0, 0, 0, 0, 0, 0, 1, 1, 0, 0, 1, 0, 0, 0, 0, 1, 1, 0, 1, 0, 0, 0, 0, 1, 0, 0, 0, 1, 0, 0, 0, 0, 0, 1]","[1, 2, 1, 2, 1, 1, 1, 1, 1, 1, 2, 1, 1, 1, 1, 1, 1, 1, 1, 1, 1, 1, 2, 2, 1, 1, 1, 1, 1, 2, 1, 1, 2, 1, 1, 1, 2, 1, 1, 2, 2, 1, 1, 2, 1, 2, 1, 1, 1, 1, 1, 1, 2, 1, 1, 2, 1, 1, 2, 2, 1, 1, 1, 2, 1, 1, 2, 1, 1, 1, 1, 1, 1, 1, 2, 2, 1, 1, 2, 1, 1, 1, 1, 2, 2, 1, 2, 1, 1, 1, 1, 2, 1, 1, 1, 2, 1, 1, 1, 1, 1, 2]",128,102,26,False,3
T8_D4,131,1.4382,"[1, 1, 1, 1, 2, 1, 2, 1, 1, 1, 2, 2, 1, 1, 1, 1, 1, 1, 1, 1, 1, 1, 2, 3, 1, 3, 1, 1, 1, 2, 2, 2, 2, 2, 1, 1, 1, 2, 1, 2, 1, 2, 1, 2, 3, 2, 1, 1, 2, 3, 2, 2, 1, 1, 1, 1, 1, 1, 1, 1, 2, 1, 1, 2, 2, 1, 1, 2, 1, 1, 1, 1, 1, 1, 2, 1, 1, 2, 1, 2, 2, 1, 1, 1, 2, 2, 2, 2, 2]","[0, 0, 0, 0, 1, 0, 1, 0, 0, 0, 1, 1, 0, 0, 0, 0, 0, 0, 0, 0, 0, 0, 1, 2, 0, 2, 0, 0, 0, 1, 1, 1, 1, 1, 0, 0, 0, 1, 0, 1, 0, 1, 0, 1, 2, 1, 0, 0, 1, 2, 1, 1, 0, 0, 0, 0, 0, 0, 0, 0, 1, 0, 0, 1, 1, 0, 0, 1, 0, 0, 0, 0, 0, 0, 1, 0, 0, 1, 0, 1, 1, 0, 0, 0, 1, 1, 1, 1, 1]","[1, 1, 1, 1, 2, 1, 2, 1, 1, 1, 2, 2, 1, 1, 1, 1, 1, 1, 1, 1, 1, 1, 2, 3, 1, 3, 1, 1, 1, 2, 2, 2, 2, 2, 1, 1, 1, 2, 1, 2, 1, 2, 1, 2, 3, 2, 1, 1, 2, 3, 2, 2, 1, 1, 1, 1, 1, 1, 1, 1, 2, 1, 1, 2, 2, 1, 1, 2, 1, 1, 1, 1, 1, 1, 2, 1, 1, 2, 1, 2, 2, 1, 1, 1, 2, 2, 2, 2, 2]",128,89,26,True,-1
T8_D4,132,1.2308,"[1, 2, 1, 1, 1, 1, 2, 2, 1, 2, 1, 1, 1, 2, 1, 2, 1, 1, 1, 1, 1, 1, 2, 1, 1, 2, 1, 1, 1, 1, 1, 1, 2, 1, 1, 1, 1, 1, 1, 1, 1, 1, 1, 1, 1, 1, 1, 1, 1, 1, 1, 2, 1, 1, 1, 1, 1, 1, 2, 2, 1, 1, 1, 1, 2, 1, 1, 1, 1, 1, 1, 1, 2, 1, 2, 1, 1, 1, 1, 1, 1, 2, 2, 1, 1, 2, 1, 1, 1, 2, 1, 2, 1, 1, 1, 1, 1, 1, 1, 2, 2, 2, 2, 1]","[0, 1, 0, 0, 0, 0, 1, 1, 0, 1, 0, 0, 0, 1, 0, 1, 0, 0, 0, 0, 0, 0, 1, 0, 0, 1, 0, 0, 0, 0, 0, 0, 1, 0, 0, 0, 0, 0, 0, 0, 0, 0, 0, 0, 0, 0, 0, 0, 0, 0, 0, 1, 0, 0, 0, 0, 0, 0, 1, 1, 0, 0, 0, 0, 1, 0, 0, 0, 0, 0, 0, 0, 1, 0, 1, 0, 0, 0, 0, 0, 0, 1, 1, 0, 0, 1, 0, 0, 0, 1, 0, 1, 0, 0, 0, 0, 0, 0, 0, 1, 1, 1, 1, 0]","[1, 2, 1, 1, 1, 1, 2, 2, 1, 2, 1, 1, 1, 2, 1, 2, 1, 1, 1, 1, 1, 1, 2, 1, 1, 2, 1, 1, 1, 1, 1, 1, 2, 1, 1, 1, 1, 1, 1, 1, 1, 1, 1, 1, 1, 1, 1, 1, 1, 1, 1, 2, 1, 1, 1, 1, 1, 1, 2, 2, 1, 1, 1, 1, 2, 1, 1, 1, 1, 1, 1, 1, 2, 1, 2, 1, 1, 1, 1, 1, 1, 2, 2, 1, 1, 2, 1, 1, 1, 2, 1, 2, 1, 1, 1, 1, 1, 1, 1, 2, 2, 2, 2, 1]",128,104,26,True,-1
T8_D4,133,1.3474,"[1, 1, 1, 1, 2, 1, 1, 1, 1, 1, 1, 2, 1, 2, 1, 1, 2, 2, 2, 2, 1, 1, 1, 1, 1, 1, 1, 2, 1, 1, 1, 1, 2, 1, 1, 1, 1, 1, 1, 2, 1, 2, 1, 2, 1, 2, 1, 1, 2, 1, 1, 1, 1, 3, 1, 1, 1, 1, 2, 1, 1, 1, 2, 1, 2, 1, 2, 1, 1, 2, 1, 1, 2, 2, 1, 2, 2, 2, 2, 1, 2, 1, 1, 3, 1, 1, 1, 3, 1, 1, 1, 1, 2, 1, 1]","[0, 0, 0, 0, 1, 0, 0, 0, 0, 0, 0, 1, 0, 1, 0, 0, 1, 1, 1, 1, 0, 0, 0, 0, 0, 0, 0, 1, 0, 0, 0, 0, 1, 0, 0, 0, 0, 0, 0, 1, 0, 1, 0, 1, 0, 1, 0, 0, 1, 0, 0, 0, 0, 2, 0, 0, 0, 0, 1, 0, 0, 0, 1, 0, 1, 0, 1, 0, 0, 1, 0, 0, 1, 1, 0, 1, 1, 1, 1, 0, 1, 0, 0, 2, 0, 0, 0, 2, 0, 0, 0, 0, 1, 0, 0]","[1, 1, 1, 1, 2, 1, 1, 1, 1, 1, 1, 2, 1, 2, 1, 1, 2, 2, 2, 2, 1, 1, 1, 1, 1, 1, 1, 2, 1, 1, 1, 1, 2, 1, 1, 1, 1, 1, 1, 2, 1, 2, 1, 2, 1, 2, 1, 1, 2, 1, 1, 1, 1, 3, 1, 1, 1, 1, 2, 1, 1, 1, 2, 1, 2, 1, 2, 1, 1, 2, 1, 1, 2, 2, 1, 2, 2, 2, 2, 1, 2, 1, 1, 3, 1, 1, 1, 3, 1, 1, 1, 1, 2, 1, 1]",128,95,26,True,-1
T8_D4,134,1.4382,"[1, 2, 1, 1, 1, 1, 1, 1, 1, 1, 1, 1, 2, 1, 2, 2, 2, 2, 1, 1, 1, 1, 1, 2, 2, 1, 1, 2, 1, 2, 1, 1, 1, 1, 2, 2, 1, 2, 1, 1, 3, 2, 1, 2, 2, 2, 2, 1, 1, 1, 1, 2, 2, 2, 1, 2, 1, 1, 2, 1, 1, 1, 2, 1, 2, 1, 2, 2, 2, 2, 2, 1, 2, 1, 1, 2, 2, 1, 1, 1, 1, 1, 1, 1, 2, 2, 2, 2, 1]","[0, 1, 0, 0, 0, 0, 0, 0, 0, 0, 0, 0, 1, 0, 1, 1, 1, 1, 0, 0, 0, 0, 0, 1, 1, 0, 0, 1, 0, 1, 0, 0, 0, 0, 1, 1, 0, 1, 0, 0, 2, 1, 0, 1, 1, 1, 1, 0, 0, 0, 0, 1, 1, 1, 0, 1, 0, 0, 1, 0, 0, 0, 1, 0, 1, 0, 1, 1, 1, 1, 1, 0, 1, 0, 0, 1, 1, 0, 0, 0, 0, 0, 0, 0, 1, 1, 1, 1, 0]","[1, 2, 1, 1, 1, 1, 1, 1, 1, 1, 1, 1, 2, 1, 2, 2, 2, 2, 1, 1, 1, 1, 1, 2, 2, 1, 1, 2, 1, 2, 1, 1, 1, 1, 2, 2, 1, 2, 1, 1, 3, 2, 1, 2, 2, 2, 2, 1, 1, 1, 1, 2, 2, 2, 1, 2, 1, 1, 2, 1, 1, 1, 2, 1, 2, 1, 2, 2, 2, 2, 2, 1, 2, 1, 1, 2, 2, 1, 1, 1, 1, 1, 1, 1, 2, 2, 2, 2, 1]",128,89,26,True,-1
T8_D4,135,1.2673,"[1, 2, 1, 1, 2, 2, 1, 2, 1, 1, 1, 1, 1, 1, 1, 1, 1, 2, 1, 1, 1, 1, 2, 1, 1, 1, 1, 1, 1, 2, 2, 2, 1, 1, 1, 1, 1, 1, 1, 2, 1, 1, 2, 1, 1, 1, 2, 1, 1, 1, 1, 1, 1, 1, 1, 2, 2, 2, 1, 2, 1, 1, 1, 1, 1, 1, 1, 1, 1, 1, 1, 1, 1, 1, 1, 1, 2, 2, 1, 1, 1, 2, 2, 2, 1, 1, 1, 2, 2, 2, 1, 2, 1, 1, 2, 2, 1, 1, 1, 1, 1]","[0, 1, 0, 0, 1, 1, 0, 1, 0, 0, 0, 0, 0, 0, 0, 0, 0, 1, 0, 0, 0, 0, 1, 0, 0, 0, 0, 0, 0, 1, 1, 1, 0, 0, 0, 0, 0, 0, 0, 1, 0, 0, 1, 0, 0, 0, 1, 0, 0, 0, 0, 0, 0, 0, 0, 1, 1, 1, 0, 1, 0, 0, 0, 0, 0, 0, 0, 0, 0, 0, 0, 0, 0, 0, 0, 0, 1, 1, 0, 0, 0, 1, 1, 1, 0, 0, 0, 1, 1, 1, 0, 1, 0, 0, 1, 1, 0, 0, 0, 0, 0]","[1, 2, 1, 1, 2, 2, 1, 2, 1, 1, 1, 1, 1, 1, 1, 1, 1, 2, 1, 1, 1, 1, 2, 1, 1, 1, 1, 1, 1, 2, 2, 2, 1, 1, 1, 1, 1, 1, 1, 2, 1, 1, 2, 1, 1, 1, 2, 1, 1, 1, 1, 1, 1, 1, 1, 2, 2, 2, 1, 2, 1, 1, 1, 1, 1, 1, 1, 1, 1, 1, 1, 1, 1, 1, 1, 1, 2, 2, 1, 1, 1, 2, 2, 2, 1, 1, 1, 2, 2, 2, 1, 2, 1, 1, 2, 2, 1, 1, 1, 1, 1]",128,101,26,True,-1
T8_D4,136,1.3478,"[1, 1, 1, 1, 2, 1, 1, 1, 1, 2, 1, 1, 1, 2, 1, 2, 2, 1, 2, 2, 1, 1, 2]","[0, 0, 0, 0, 1, 0, 0, 0, 0, 1, 0, 0, 0, 1, 0, 1, 1, 0, 1, 1, 0, 0, 1]","[1, 1, 1, 1, 2, 1, 1, 1, 1, 2, 1, 1, 1, 2, 1, 2, 2, 1, 2, 2, 1, 1, 2]",31,23,26,False,-1
T8_D4,137,1.3333,"[1, 2, 1, 2, 1, 1, 1, 1, 1, 1, 2, 2, 1, 2, 1, 1, 1, 1, 2, 2, 1, 1, 1, 1, 1, 1, 1, 1, 2, 1, 2, 2, 1, 2, 1, 2, 1, 1, 1, 1, 1, 2, 1, 2, 1, 1, 2, 2, 2, 1, 1, 1, 1, 2, 2, 1, 1, 1, 1, 1, 1, 1, 2, 2, 2, 1, 2, 1, 1, 2, 1, 1, 1, 1, 2, 1, 1, 1, 1, 1, 2, 2, 1, 1, 1, 1, 2, 1, 1, 2, 2, 2, 1, 1, 1, 2]","[0, 1, 0, 1, 0, 0, 0, 0, 0, 0, 1, 1, 0, 1, 0, 0, 0, 0, 1, 1, 0, 0, 0, 0, 0, 0, 0, 0, 1, 0, 1, 1, 0, 1, 0, 1, 0, 0, 0, 0, 0, 1, 0, 1, 0, 0, 1, 1, 1, 0, 0, 0, 0, 1, 1, 0, 0, 0, 0, 0, 0, 0, 1, 1, 1, 0, 1, 0, 0, 1, 0, 0, 0, 0, 1, 0, 0, 0, 0, 0, 1, 1, 0, 0, 0, 0, 1, 0, 0, 1, 1, 1, 0, 0, 0, 1]","[1, 2, 1, 2, 1, 1, 1, 1, 1, 1, 2, 2, 1, 2, 1, 1, 1, 1, 2, 2, 1, 1, 1, 1, 1, 1, 1, 1, 2, 1, 2, 2, 1, 2, 1, 2, 1, 1, 1, 1, 1, 2, 1, 2, 1, 1, 2, 2, 2, 1, 1, 1, 1, 2, 2, 1, 1, 1, 1, 1, 1, 1, 2, 2, 2, 1, 2, 1, 1, 2, 1, 1, 1, 1, 2, 1, 1, 1, 1, 1, 2, 2, 1, 1, 1, 1, 2, 1, 1, 2, 2, 2, 1, 1, 1, 2]",128,96,26,True,-1
T8_D4,138,1.3763,"[1, 2, 1, 2, 1, 2, 1, 1, 1, 2, 1, 1, 1, 2, 2, 2, 1, 1, 2, 1, 2, 1, 2, 2, 1, 1, 1, 1, 1, 2, 1, 1, 2, 1, 1, 1, 2, 1, 2, 2, 1, 2, 1, 2, 1, 2, 2, 2, 2, 1, 1, 1, 1, 1, 1, 1, 1, 1, 1, 1, 2, 1, 1, 1, 1, 1, 1, 2, 1, 2, 2, 2, 1, 1, 2, 2, 1, 2, 1, 1, 1, 3, 1, 2, 1, 1, 1, 2, 1, 1, 2, 1, 1]","[0, 1, 0, 1, 0, 1, 0, 0, 0, 1, 0, 0, 0, 1, 1, 1, 0, 0, 1, 0, 1, 0, 1, 1, 0, 0, 0, 0, 0, 1, 0, 0, 1, 0, 0, 0, 1, 0, 1, 1, 0, 1, 0, 1, 0, 1, 1, 1, 1, 0, 0, 0, 0, 0, 0, 0, 0, 0, 0, 0, 1, 0, 0, 0, 0, 0, 0, 1, 0, 1, 1, 1, 0, 0, 1, 1, 0, 1, 0, 0, 0, 2, 0, 1, 0, 0, 0, 1, 0, 0, 1, 0, 0]","[1, 2, 1, 2, 1, 2, 1, 1, 1, 2, 1, 1, 1, 2, 2, 2, 1, 1, 2, 1, 2, 1, 2, 2, 1, 1, 1, 1, 1, 2, 1, 1, 2, 1, 1, 1, 2, 1, 2, 2, 1, 2, 1, 2, 1, 2, 2, 2, 2, 1, 1, 1, 1, 1, 1, 1, 1, 1, 1, 1, 2, 1, 1, 1, 1, 1, 1, 2, 1, 2, 2, 2, 1, 1, 2, 2, 1, 2, 1, 1, 1, 3, 1, 2, 1, 1, 1, 2, 1, 1, 2, 1, 1]",128,93,26,True,-1
T8_D4,139,1.2075,"[1, 2, 1, 1, 1, 1, 1, 1, 1, 1, 1, 2, 1, 1, 2, 1, 1, 2, 1, 1, 1, 1, 1, 1, 2, 2, 1, 1, 1, 1, 1, 1, 1, 1, 1, 1, 1, 2, 2, 1, 1, 1, 1, 1, 2, 1, 2, 1, 2, 1, 1, 1, 1, 1, 1, 2, 1, 1, 1, 1, 1, 2, 1, 1, 2, 1, 1, 1, 2, 1, 1, 1, 1, 1, 2, 1, 1, 1, 1, 2, 1, 2, 1, 1, 1, 1, 1, 1, 2, 1, 2, 1, 2, 1, 1, 1, 1, 1, 1, 1, 1, 1, 2, 1, 1, 1]","[0, 1, 0, 0, 0, 0, 0, 0, 0, 0, 0, 1, 0, 0, 1, 0, 0, 1, 0, 0, 0, 0, 0, 0, 1, 1, 0, 0, 0, 0, 0, 0, 0, 0, 0, 0, 0, 1, 1, 0, 0, 0, 0, 0, 1, 0, 1, 0, 1, 0, 0, 0, 0, 0, 0, 1, 0, 0, 0, 0, 0, 1, 0, 0, 1, 0, 0, 0, 1, 0, 0, 0, 0, 0, 1, 0, 0, 0, 0, 1, 0, 1, 0, 0, 0, 0, 0, 0, 1, 0, 1, 0, 1, 0, 0, 0, 0, 0, 0, 0, 0, 0, 1, 0, 0, 0]","[1, 2, 1, 1, 1, 1, 1, 1, 1, 1, 1, 2, 1, 1, 2, 1, 1, 2, 1, 1, 1, 1, 1, 1, 2, 2, 1, 1, 1, 1, 1, 1, 1, 1, 1, 1, 1, 2, 2, 1, 1, 1, 1, 1, 2, 1, 2, 1, 2, 1, 1, 1, 1, 1, 1, 2, 1, 1, 1, 1, 1, 2, 1, 1, 2, 1, 1, 1, 2, 1, 1, 1, 1, 1, 2, 1, 1, 1, 1, 2, 1, 2, 1, 1, 1, 1, 1, 1, 2, 1, 2, 1, 2, 1, 1, 1, 1, 1, 1, 1, 1, 1, 2, 1, 1, 1]",128,106,26,True,-1
T8_D4,140,1.3061,"[1, 1, 1, 1, 1, 1, 1, 1, 1, 1, 1, 1, 1, 1, 1, 1, 1, 1, 1, 1, 2, 3, 2, 1, 1, 1, 1, 1, 1, 1, 1, 2, 2, 1, 1, 1, 1, 1, 2, 1, 1, 1, 2, 2, 1, 2, 1, 3, 1, 1, 1, 1, 1, 2, 2, 2, 2, 2, 1, 1, 1, 2, 1, 1, 2, 1, 1, 1, 2, 1, 2, 1, 1, 1, 1, 1, 2, 1, 2, 2, 1, 1, 2, 1, 1, 1, 1, 1, 1, 1, 1, 1, 2, 2, 2, 1, 2, 2]","[0, 0, 0, 0, 0, 0, 0, 0, 0, 0, 0, 0, 0, 0, 0, 0, 0, 0, 0, 0, 1, 2, 1, 0, 0, 0, 0, 0, 0, 0, 0, 1, 1, 0, 0, 0, 0, 0, 1, 0, 0, 0, 1, 1, 0, 1, 0, 2, 0, 0, 0, 0, 0, 1, 1, 1, 1, 1, 0, 0, 0, 1, 0, 0, 1, 0, 0, 0, 1, 0, 1, 0, 0, 0, 0, 0, 1, 0, 1, 1, 0, 0, 1, 0, 0, 0, 0, 0, 0, 0, 0, 0, 1, 1, 1, 0, 1, 1]","[1, 1, 1, 1, 1, 1, 1, 1, 1, 1, 1, 1, 1, 1, 1, 1, 1, 1, 1, 1, 2, 3, 2, 1, 1, 1, 1, 1, 1, 1, 1, 2, 2, 1, 1, 1, 1, 1, 2, 1, 1, 1, 2, 2, 1, 2, 1, 3, 1, 1, 1, 1, 1, 2, 2, 2, 2, 2, 1, 1, 1, 2, 1, 1, 2, 1, 1, 1, 2, 1, 2, 1, 1, 1, 1, 1, 2, 1, 2, 2, 1, 1, 2, 1, 1, 1, 1, 1, 1, 1, 1, 1, 2, 2, 2, 1, 2, 2]",128,98,26,False,29
T8_D4,141,1.2075,"[1, 1, 1, 1, 1, 1, 1, 2, 1, 1, 1, 1, 1, 1, 1, 1, 2, 2, 1, 2, 1, 1, 1, 1, 1, 1, 1, 1, 1, 1, 1, 1, 1, 1, 1, 1, 1, 1, 1, 1, 2, 2, 2, 1, 2, 1, 2, 1, 2, 2, 2, 1, 1, 1, 1, 1, 1, 1, 1, 1, 1, 1, 1, 1, 1, 1, 1, 1, 1, 1, 1, 2, 2, 1, 1, 1, 1, 1, 1, 1, 1, 1, 1, 1, 1, 2, 1, 2, 2, 1, 1, 1, 1, 1, 1, 1, 2, 2, 2, 1, 1, 2, 1, 1, 2, 1]","[0, 0, 0, 0, 0, 0, 0, 1, 0, 0, 0, 0, 0, 0, 0, 0, 1, 1, 0, 1, 0, 0, 0, 0, 0, 0, 0, 0, 0, 0, 0, 0, 0, 0, 0, 0, 0, 0, 0, 0, 1, 1, 1, 0, 1, 0, 1, 0, 1, 1, 1, 0, 0, 0, 0, 0, 0, 0, 0, 0, 0, 0, 0, 0, 0, 0, 0, 0, 0, 0, 0, 1, 1, 0, 0, 0, 0, 0, 0, 0, 0, 0, 0, 0, 0, 1, 0, 1, 1, 0, 0, 0, 0, 0, 0, 0, 1, 1, 1, 0, 0, 1, 0, 0, 1, 0]","[1, 1, 1, 1, 1, 1, 1, 2, 1, 1, 1, 1, 1, 1, 1, 1, 2, 2, 1, 2, 1, 1, 1, 1, 1, 1, 1, 1, 1, 1, 1, 1, 1, 1, 1, 1, 1, 1, 1, 1, 2, 2, 2, 1, 2, 1, 2, 1, 2, 2, 2, 1, 1, 1, 1, 1, 1, 1, 1, 1, 1, 1, 1, 1, 1, 1, 1, 1, 1, 1, 1, 2, 2, 1, 1, 1, 1, 1, 1, 1, 1, 1, 1, 1, 1, 2, 1, 2, 2, 1, 1, 1, 1, 1, 1, 1, 2, 2, 2, 1, 1, 2, 1, 1, 2, 1]",128,106,26,True,-1
T8_D4,142,1.3474,"[1, 2, 1, 2, 1, 1, 1, 1, 1, 1, 3, 1, 1, 1, 2, 2, 1, 1, 1, 1, 1, 1, 1, 2, 1, 1, 2, 2, 1, 1, 1, 2, 1, 1, 1, 1, 1, 2, 1, 1, 2, 1, 1, 2, 2, 1, 2, 2, 1, 1, 1, 1, 2, 1, 1, 2, 1, 2, 2, 1, 3, 1, 1, 1, 2, 2, 1, 2, 1, 1, 1, 1, 1, 1, 1, 1, 1, 1, 1, 1, 2, 1, 1, 2, 1, 1, 3, 1, 3, 1, 1, 2, 2, 1, 1]","[0, 1, 0, 1, 0, 0, 0, 0, 0, 0, 2, 0, 0, 0, 1, 1, 0, 0, 0, 0, 0, 0, 0, 1, 0, 0, 1, 1, 0, 0, 0, 1, 0, 0, 0, 0, 0, 1, 0, 0, 1, 0, 0, 1, 1, 0, 1, 1, 0, 0, 0, 0, 1, 0, 0, 1, 0, 1, 1, 0, 2, 0, 0, 0, 1, 1, 0, 1, 0, 0, 0, 0, 0, 0, 0, 0, 0, 0, 0, 0, 1, 0, 0, 1, 0, 0, 2, 0, 2, 0, 0, 1, 1, 0, 0]","[1, 2, 1, 2, 1, 1, 1, 1, 1, 1, 3, 1, 1, 1, 2, 2, 1, 1, 1, 1, 1, 1, 1, 2, 1, 1, 2, 2, 1, 1, 1, 2, 1, 1, 1, 1, 1, 2, 1, 1, 2, 1, 1, 2, 2, 1, 2, 2, 1, 1, 1, 1, 2, 1, 1, 2, 1, 2, 2, 1, 3, 1, 1, 1, 2, 2, 1, 2, 1, 1, 1, 1, 1, 1, 1, 1, 1, 1, 1, 1, 2, 1, 1, 2, 1, 1, 3, 1, 3, 1, 1, 2, 2, 1, 1]",128,95,26,True,-1
T8_D4,143,1.1963,"[1, 1, 2, 1, 2, 2, 1, 2, 1, 1, 1, 1, 1, 2, 1, 1, 1, 2, 2, 1, 1, 1, 1, 2, 1, 1, 1, 1, 1, 1, 1, 1, 1, 2, 1, 1, 1, 1, 1, 2, 1, 1, 1, 1, 1, 1, 1, 1, 1, 1, 1, 2, 1, 1, 1, 1, 1, 1, 2, 1, 2, 1, 1, 1, 1, 1, 1, 1, 1, 1, 1, 1, 1, 2, 1, 1, 2, 2, 1, 1, 2, 1, 1, 1, 1, 1, 1, 1, 1, 1, 2, 1, 1, 1, 2, 1, 1, 2, 2, 1, 1, 1, 1, 1, 1, 1, 1]","[0, 0, 1, 0, 1, 1, 0, 1, 0, 0, 0, 0, 0, 1, 0, 0, 0, 1, 1, 0, 0, 0, 0, 1, 0, 0, 0, 0, 0, 0, 0, 0, 0, 1, 0, 0, 0, 0, 0, 1, 0, 0, 0, 0, 0, 0, 0, 0, 0, 0, 0, 1, 0, 0, 0, 0, 0, 0, 1, 0, 1, 0, 0, 0, 0, 0, 0, 0, 0, 0, 0, 0, 0, 1, 0, 0, 1, 1, 0, 0, 1, 0, 0, 0, 0, 0, 0, 0, 0, 0, 1, 0, 0, 0, 1, 0, 0, 1, 1, 0, 0, 0, 0, 0, 0, 0, 0]","[1, 1, 2, 1, 2, 2, 1, 2, 1, 1, 1, 1, 1, 2, 1, 1, 1, 2, 2, 1, 1, 1, 1, 2, 1, 1, 1, 1, 1, 1, 1, 1, 1, 2, 1, 1, 1, 1, 1, 2, 1, 1, 1, 1, 1, 1, 1, 1, 1, 1, 1, 2, 1, 1, 1, 1, 1, 1, 2, 1, 2, 1, 1, 1, 1, 1, 1, 1, 1, 1, 1, 1, 1, 2, 1, 1, 2, 2, 1, 1, 2, 1, 1, 1, 1, 1, 1, 1, 1, 1, 2, 1, 1, 1, 2, 1, 1, 2, 2, 1, 1, 1, 1, 1, 1, 1, 1]",128,107,26,True,-1
T8_D4,144,1.2549,"[1, 1, 1, 1, 1, 1, 1, 1, 2, 1, 1, 2, 1, 1, 1, 1, 2, 1, 2, 2, 1, 2, 1, 1, 1, 1, 2, 2, 1, 1, 1, 1, 1, 1, 1, 2, 1, 1, 1, 1, 1, 1, 2, 1, 1, 1, 1, 1, 1, 1, 1, 1, 2, 2, 1, 1, 1, 2, 1, 2, 2, 1, 1, 1, 1, 1, 1, 1, 1, 1, 1, 2, 3, 1, 1, 1, 1, 1, 1, 1, 1, 1, 2, 2, 1, 2, 1, 1, 2, 2, 2, 1, 1, 1, 1, 1, 1, 1, 2, 1, 1, 2]","[0, 0, 0, 0, 0, 0, 0, 0, 1, 0, 0, 1, 0, 0, 0, 0, 1, 0, 1, 1, 0, 1, 0, 0, 0, 0, 1, 1, 0, 0, 0, 0, 0, 0, 0, 1, 0, 0, 0, 0, 0, 0, 1, 0, 0, 0, 0, 0, 0, 0, 0, 0, 1, 1, 0, 0, 0, 1, 0, 1, 1, 0, 0, 0, 0, 0, 0, 0, 0, 0, 0, 1, 2, 0, 0, 0, 0, 0, 0, 0, 0, 0, 1, 1, 0, 1, 0, 0, 1, 1, 1, 0, 0, 0, 0, 0, 0, 0, 1, 0, 0, 1]","[1, 1, 1, 1, 1, 1, 1, 1, 2, 1, 1, 2, 1, 1, 1, 1, 2, 1, 2, 2, 1, 2, 1, 1, 1, 1, 2, 2, 1, 1, 1, 1, 1, 1, 1, 2, 1, 1, 1, 1, 1, 1, 2, 1, 1, 1, 1, 1, 1, 1, 1, 1, 2, 2, 1, 1, 1, 2, 1, 2, 2, 1, 1, 1, 1, 1, 1, 1, 1, 1, 1, 2, 3, 1, 1, 1, 1, 1, 1, 1, 1, 1, 2, 2, 1, 2, 1, 1, 2, 2, 2, 1, 1, 1, 1, 1, 1, 1, 2, 1, 1, 2]",128,102,26,True,-1
T8_D4,145,1.2427,"[1, 2, 1, 1, 1, 1, 1, 1, 1, 1, 1, 1, 1, 1, 1, 1, 2, 1, 1, 1, 1, 1, 2, 2, 1, 1, 2, 1, 2, 1, 1, 1, 1, 2, 2, 1, 1, 1, 1, 1, 1, 2, 1, 1, 1, 1, 2, 1, 1, 1, 2, 2, 1, 1, 1, 2, 2, 1, 1, 1, 2, 1, 1, 1, 1, 1, 1, 1, 2, 1, 1, 2, 1, 1, 1, 1, 1, 2, 1, 2, 1, 1, 1, 1, 1, 1, 1, 1, 1, 2, 1, 3, 2, 1, 2, 1, 1, 1, 1, 1, 2, 1, 1]","[0, 1, 0, 0, 0, 0, 0, 0, 0, 0, 0, 0, 0, 0, 0, 0, 1, 0, 0, 0, 0, 0, 1, 1, 0, 0, 1, 0, 1, 0, 0, 0, 0, 1, 1, 0, 0, 0, 0, 0, 0, 1, 0, 0, 0, 0, 1, 0, 0, 0, 1, 1, 0, 0, 0, 1, 1, 0, 0, 0, 1, 0, 0, 0, 0, 0, 0, 0, 1, 0, 0, 1, 0, 0, 0, 0, 0, 1, 0, 1, 0, 0, 0, 0, 0, 0, 0, 0, 0, 1, 0, 2, 1, 0, 1, 0, 0, 0, 0, 0, 1, 0, 0]","[1, 2, 1, 1, 1, 1, 1, 1, 1, 1, 1, 1, 1, 1, 1, 1, 2, 1, 1, 1, 1, 1, 2, 2, 1, 1, 2, 1, 2, 1, 1, 1, 1, 2, 2, 1, 1, 1, 1, 1, 1, 2, 1, 1, 1, 1, 2, 1, 1, 1, 2, 2, 1, 1, 1, 2, 2, 1, 1, 1, 2, 1, 1, 1, 1, 1, 1, 1, 2, 1, 1, 2, 1, 1, 1, 1, 1, 2, 1, 2, 1, 1, 1, 1, 1, 1, 1, 1, 1, 2, 1, 3, 2, 1, 2, 1, 1, 1, 1, 1, 2, 1, 1]",128,103,26,True,-1
T8_D4,146,1.3163,"[1, 2, 1, 1, 1, 1, 1, 1, 1, 1, 2, 1, 1, 1, 1, 1, 1, 1, 1, 1, 2, 1, 1, 2, 2, 1, 2, 2, 2, 2, 1, 1, 2, 1, 1, 1, 1, 2, 2, 1, 2, 1, 2, 1, 1, 1, 2, 1, 1, 1, 1, 2, 1, 1, 1, 2, 2, 1, 1, 1, 2, 1, 1, 1, 2, 1, 2, 1, 1, 2, 1, 1, 1, 1, 1, 2, 1, 1, 1, 2, 2, 1, 1, 1, 1, 1, 2, 1, 1, 2, 1, 1, 1, 2, 2, 1, 2, 2]","[0, 1, 0, 0, 0, 0, 0, 0, 0, 0, 1, 0, 0, 0, 0, 0, 0, 0, 0, 0, 1, 0, 0, 1, 1, 0, 1, 1, 1, 1, 0, 0, 1, 0, 0, 0, 0, 1, 1, 0, 1, 0, 1, 0, 0, 0, 1, 0, 0, 0, 0, 1, 0, 0, 0, 1, 1, 0, 0, 0, 1, 0, 0, 0, 1, 0, 1, 0, 0, 1, 0, 0, 0, 0, 0, 1, 0, 0, 0, 1, 1, 0, 0, 0, 0, 0, 1, 0, 0, 1, 0, 0, 0, 1, 1, 0, 1, 1]","[1, 2, 1, 1, 1, 1, 1, 1, 1, 1, 2, 1, 1, 1, 1, 1, 1, 1, 1, 1, 2, 1, 1, 2, 2, 1, 2, 2, 2, 2, 1, 1, 2, 1, 1, 1, 1, 2, 2, 1, 2, 1, 2, 1, 1, 1, 2, 1, 1, 1, 1, 2, 1, 1, 1, 2, 2, 1, 1, 1, 2, 1, 1, 1, 2, 1, 2, 1, 1, 2, 1, 1, 1, 1, 1, 2, 1, 1, 1, 2, 2, 1, 1, 1, 1, 1, 2, 1, 1, 2, 1, 1, 1, 2, 2, 1, 2, 2]",128,98,26,True,-1
T8_D4,147,1.2075,"[1, 2, 1, 1, 1, 1, 1, 1, 1, 1, 1, 1, 1, 2, 1, 2, 1, 1, 2, 1, 1, 1, 1, 1, 1, 1, 1, 2, 1, 2, 2, 1, 2, 1, 1, 1, 1, 1, 1, 2, 1, 1, 2, 1, 1, 3, 1, 2, 1, 1, 1, 1, 1, 1, 1, 1, 1, 1, 1, 2, 2, 1, 2, 1, 1, 1, 1, 1, 1, 2, 2, 1, 1, 1, 1, 1, 1, 1, 1, 1, 2, 1, 1, 1, 1, 1, 2, 1, 1, 1, 1, 1, 1, 1, 2, 1, 1, 1, 1, 1, 1, 1, 1, 1, 1, 2]","[0, 1, 0, 0, 0, 0, 0, 0, 0, 0, 0, 0, 0, 1, 0, 1, 0, 0, 1, 0, 0, 0, 0, 0, 0, 0, 0, 1, 0, 1, 1, 0, 1, 0, 0, 0, 0, 0, 0, 1, 0, 0, 1, 0, 0, 2, 0, 1, 0, 0, 0, 0, 0, 0, 0, 0, 0, 0, 0, 1, 1, 0, 1, 0, 0, 0, 0, 0, 0, 1, 1, 0, 0, 0, 0, 0, 0, 0, 0, 0, 1, 0, 0, 0, 0, 0, 1, 0, 0, 0, 0, 0, 0, 0, 1, 0, 0, 0, 0, 0, 0, 0, 0, 0, 0, 1]","[1, 2, 1, 1, 1, 1, 1, 1, 1, 1, 1, 1, 1, 2, 1, 2, 1, 1, 2, 1, 1, 1, 1, 1, 1, 1, 1, 2, 1, 2, 2, 1, 2, 1, 1, 1, 1, 1, 1, 2, 1, 1, 2, 1, 1, 3, 1, 2, 1, 1, 1, 1, 1, 1, 1, 1, 1, 1, 1, 2, 2, 1, 2, 1, 1, 1, 1, 1, 1, 2, 2, 1, 1, 1, 1, 1, 1, 1, 1, 1, 2, 1, 1, 1, 1, 1, 2, 1, 1, 1, 1, 1, 1, 1, 2, 1, 1, 1, 1, 1, 1, 1, 1, 1, 1, 2]",128,106,26,False,38
T8_D4,148,1.2673,"[1, 2, 1, 2, 1, 1, 1, 1, 1, 1, 1, 3, 2, 1, 1, 1, 1, 1, 1, 1, 2, 1, 1, 3, 1, 1, 1, 1, 2, 1, 1, 2, 1, 1, 2, 1, 1, 1, 2, 1, 1, 2, 1, 2, 2, 1, 1, 1, 1, 1, 2, 1, 1, 1, 1, 1, 1, 1, 1, 1, 1, 2, 2, 2, 1, 1, 1, 1, 1, 2, 1, 1, 1, 2, 1, 2, 1, 1, 2, 1, 1, 2, 2, 1, 1, 1, 1, 1, 1, 1, 2, 1, 1, 1, 1, 1, 1, 1, 2, 1, 1]","[0, 1, 0, 1, 0, 0, 0, 0, 0, 0, 0, 2, 1, 0, 0, 0, 0, 0, 0, 0, 1, 0, 0, 2, 0, 0, 0, 0, 1, 0, 0, 1, 0, 0, 1, 0, 0, 0, 1, 0, 0, 1, 0, 1, 1, 0, 0, 0, 0, 0, 1, 0, 0, 0, 0, 0, 0, 0, 0, 0, 0, 1, 1, 1, 0, 0, 0, 0, 0, 1, 0, 0, 0, 1, 0, 1, 0, 0, 1, 0, 0, 1, 1, 0, 0, 0, 0, 0, 0, 0, 1, 0, 0, 0, 0, 0, 0, 0, 1, 0, 0]","[1, 2, 1, 2, 1, 1, 1, 1, 1, 1, 1, 3, 2, 1, 1, 1, 1, 1, 1, 1, 2, 1, 1, 3, 1, 1, 1, 1, 2, 1, 1, 2, 1, 1, 2, 1, 1, 1, 2, 1, 1, 2, 1, 2, 2, 1, 1, 1, 1, 1, 2, 1, 1, 1, 1, 1, 1, 1, 1, 1, 1, 2, 2, 2, 1, 1, 1, 1, 1, 2, 1, 1, 1, 2, 1, 2, 1, 1, 2, 1, 1, 2, 2, 1, 1, 1, 1, 1, 1, 1, 2, 1, 1, 1, 1, 1, 1, 1, 2, 1, 1]",128,101,26,True,-1
T8_D4,149,1.217,"[1, 1, 2, 1, 1, 1, 1, 2, 1, 1, 1, 2, 1, 1, 1, 1, 1, 1, 2, 1, 2, 1, 1, 1, 2, 1, 2, 2, 1, 2, 1, 1, 2, 1, 1, 1, 1, 1, 1, 1, 1, 1, 1, 1, 1, 1, 2, 1, 1, 2, 1, 2, 1, 1, 1, 1, 1, 1, 1, 1, 1, 1, 1, 1, 1, 1, 2, 1, 1, 1, 2, 2, 1, 1, 1, 1, 1, 1, 1, 1, 1, 1, 1, 2, 2, 2, 1, 1, 1, 1, 2, 1, 1, 1, 2, 1, 1, 1, 1, 1, 1, 1, 2, 1, 1, 2]","[0, 0, 1, 0, 0, 0, 0, 1, 0, 0, 0, 1, 0, 0, 0, 0, 0, 0, 1, 0, 1, 0, 0, 0, 1, 0, 1, 1, 0, 1, 0, 0, 1, 0, 0, 0, 0, 0, 0, 0, 0, 0, 0, 0, 0, 0, 1, 0, 0, 1, 0, 1, 0, 0, 0, 0, 0, 0, 0, 0, 0, 0, 0, 0, 0, 0, 1, 0, 0, 0, 1, 1, 0, 0, 0, 0, 0, 0, 0, 0, 0, 0, 0, 1, 1, 1, 0, 0, 0, 0, 1, 0, 0, 0, 1, 0, 0, 0, 0, 0, 0, 0, 1, 0, 0, 1]","[1, 1, 2, 1, 1, 1, 1, 2, 1, 1, 1, 2, 1, 1, 1, 1, 1, 1, 2, 1, 2, 1, 1, 1, 2, 1, 2, 2, 1, 2, 1, 1, 2, 1, 1, 1, 1, 1, 1, 1, 1, 1, 1, 1, 1, 1, 2, 1, 1, 2, 1, 2, 1, 1, 1, 1, 1, 1, 1, 1, 1, 1, 1, 1, 1, 1, 2, 1, 1, 1, 2, 2, 1, 1, 1, 1, 1, 1, 1, 1, 1, 1, 1, 2, 2, 2, 1, 1, 1, 1, 2, 1, 1, 1, 2, 1, 1, 1, 1, 1, 1, 1, 2, 1, 1, 2]",128,106,26,False,76
T8_D4,150,1.2308,"[1, 2, 1, 2, 1, 1, 1, 1, 1, 1, 1, 2, 1, 2, 1, 1, 2, 1, 1, 1, 2, 1, 1, 1, 1, 1, 1, 1, 2, 2, 2, 1, 1, 1, 1, 1, 1, 1, 1, 2, 1, 2, 1, 1, 1, 1, 2, 1, 1, 1, 2, 1, 1, 1, 1, 2, 1, 2, 2, 1, 1, 1, 1, 1, 1, 1, 1, 1, 2, 1, 1, 1, 1, 1, 1, 2, 1, 1, 1, 1, 1, 2, 1, 1, 1, 1, 2, 1, 2, 1, 1, 2, 1, 1, 1, 1, 1, 1, 1, 2, 2, 1, 1, 1]","[0, 1, 0, 1, 0, 0, 0, 0, 0, 0, 0, 1, 0, 1, 0, 0, 1, 0, 0, 0, 1, 0, 0, 0, 0, 0, 0, 0, 1, 1, 1, 0, 0, 0, 0, 0, 0, 0, 0, 1, 0, 1, 0, 0, 0, 0, 1, 0, 0, 0, 1, 0, 0, 0, 0, 1, 0, 1, 1, 0, 0, 0, 0, 0, 0, 0, 0, 0, 1, 0, 0, 0, 0, 0, 0, 1, 0, 0, 0, 0, 0, 1, 0, 0, 0, 0, 1, 0, 1, 0, 0, 1, 0, 0, 0, 0, 0, 0, 0, 1, 1, 0, 0, 0]","[1, 2, 1, 2, 1, 1, 1, 1, 1, 1, 1, 2, 1, 2, 1, 1, 2, 1, 1, 1, 2, 1, 1, 1, 1, 1, 1, 1, 2, 2, 2, 1, 1, 1, 1, 1, 1, 1, 1, 2, 1, 2, 1, 1, 1, 1, 2, 1, 1, 1, 2, 1, 1, 1, 1, 2, 1, 2, 2, 1, 1, 1, 1, 1, 1, 1, 1, 1, 2, 1, 1, 1, 1, 1, 1, 2, 1, 1, 1, 1, 1, 2, 1, 1, 1, 1, 2, 1, 2, 1, 1, 2, 1, 1, 1, 1, 1, 1, 1, 2, 2, 1, 1, 1]",128,104,26,True,-1
T8_D4,151,1.3913,"[1, 2, 1, 1, 1, 1, 1, 1, 2, 1, 1, 2, 1, 1, 2, 1, 1, 2, 2, 1, 2, 2, 1, 1, 2, 1, 1, 1, 2, 1, 1, 2, 1, 1, 2, 1, 1, 1, 2, 2, 1, 1, 1, 1, 1, 2, 1, 1, 2, 2, 1, 1, 2, 2, 1, 2, 1, 2, 2, 1, 1, 2, 2, 2, 1, 1, 2, 3, 2, 2, 2, 1, 1, 1, 1, 1, 1, 1, 2, 2, 1, 1, 1, 1, 1, 2, 2, 1, 1, 1, 1, 2]","[0, 1, 0, 0, 0, 0, 0, 0, 1, 0, 0, 1, 0, 0, 1, 0, 0, 1, 1, 0, 1, 1, 0, 0, 1, 0, 0, 0, 1, 0, 0, 1, 0, 0, 1, 0, 0, 0, 1, 1, 0, 0, 0, 0, 0, 1, 0, 0, 1, 1, 0, 0, 1, 1, 0, 1, 0, 1, 1, 0, 0, 1, 1, 1, 0, 0, 1, 2, 1, 1, 1, 0, 0, 0, 0, 0, 0, 0, 1, 1, 0, 0, 0, 0, 0, 1, 1, 0, 0, 0, 0, 1]","[1, 2, 1, 1, 1, 1, 1, 1, 2, 1, 1, 2, 1, 1, 2, 1, 1, 2, 2, 1, 2, 2, 1, 1, 2, 1, 1, 1, 2, 1, 1, 2, 1, 1, 2, 1, 1, 1, 2, 2, 1, 1, 1, 1, 1, 2, 1, 1, 2, 2, 1, 1, 2, 2, 1, 2, 1, 2, 2, 1, 1, 2, 2, 2, 1, 1, 2, 3, 2, 2, 2, 1, 1, 1, 1, 1, 1, 1, 2, 2, 1, 1, 1, 1, 1, 2, 2, 1, 1, 1, 1, 2]",128,92,26,True,-1
T8_D4,152,1.2549,"[1, 1, 1, 1, 1, 1, 1, 1, 2, 1, 1, 1, 1, 1, 1, 1, 1, 1, 1, 1, 1, 1, 1, 2, 1, 1, 1, 1, 1, 2, 1, 1, 2, 1, 2, 2, 1, 1, 1, 1, 1, 1, 2, 2, 3, 1, 1, 1, 2, 1, 2, 1, 2, 1, 1, 2, 1, 1, 1, 1, 1, 1, 1, 2, 1, 1, 1, 1, 1, 1, 2, 1, 1, 1, 2, 2, 1, 1, 1, 1, 1, 1, 1, 4, 1, 1, 1, 1, 2, 2, 1, 1, 2, 1, 2, 1, 1, 1, 1, 2, 1, 1]","[0, 0, 0, 0, 0, 0, 0, 0, 1, 0, 0, 0, 0, 0, 0, 0, 0, 0, 0, 0, 0, 0, 0, 1, 0, 0, 0, 0, 0, 1, 0, 0, 1, 0, 1, 1, 0, 0, 0, 0, 0, 0, 1, 1, 2, 0, 0, 0, 1, 0, 1, 0, 1, 0, 0, 1, 0, 0, 0, 0, 0, 0, 0, 1, 0, 0, 0, 0, 0, 0, 1, 0, 0, 0, 1, 1, 0, 0, 0, 0, 0, 0, 0, 3, 0, 0, 0, 0, 1, 1, 0, 0, 1, 0, 1, 0, 0, 0, 0, 1, 0, 0]","[1, 1, 1, 1, 1, 1, 1, 1, 2, 1, 1, 1, 1, 1, 1, 1, 1, 1, 1, 1, 1, 1, 1, 2, 1, 1, 1, 1, 1, 2, 1, 1, 2, 1, 2, 2, 1, 1, 1, 1, 1, 1, 2, 2, 3, 1, 1, 1, 2, 1, 2, 1, 2, 1, 1, 2, 1, 1, 1, 1, 1, 1, 1, 2, 1, 1, 1, 1, 1, 1, 2, 1, 1, 1, 2, 2, 1, 1, 1, 1, 1, 1, 1, 4, 1, 1, 1, 1, 2, 2, 1, 1, 2, 1, 2, 1, 1, 1, 1, 2, 1, 1]",128,102,26,False,76
T8_D4,153,1.219,"[1, 2, 1, 1, 1, 1, 1, 1, 1, 1, 2, 2, 1, 1, 1, 2, 2, 2, 2, 1, 1, 1, 1, 1, 1, 1, 2, 2, 1, 2, 1, 1, 1, 1, 1, 1, 2, 1, 1, 2, 1, 1, 1, 1, 1, 1, 2, 1, 1, 1, 1, 1, 1, 1, 2, 1, 1, 2, 1, 1, 1, 1, 1, 2, 1, 1, 1, 1, 1, 1, 1, 1, 2, 1, 2, 1, 1, 1, 1, 1, 1, 1, 1, 2, 1, 1, 1, 1, 1, 1, 1, 1, 1, 1, 2, 2, 1, 1, 2, 1, 2, 1, 1, 1, 1]","[0, 1, 0, 0, 0, 0, 0, 0, 0, 0, 1, 1, 0, 0, 0, 1, 1, 1, 1, 0, 0, 0, 0, 0, 0, 0, 1, 1, 0, 1, 0, 0, 0, 0, 0, 0, 1, 0, 0, 1, 0, 0, 0, 0, 0, 0, 1, 0, 0, 0, 0, 0, 0, 0, 1, 0, 0, 1, 0, 0, 0, 0, 0, 1, 0, 0, 0, 0, 0, 0, 0, 0, 1, 0, 1, 0, 0, 0, 0, 0, 0, 0, 0, 1, 0, 0, 0, 0, 0, 0, 0, 0, 0, 0, 1, 1, 0, 0, 1, 0, 1, 0, 0, 0, 0]","[1, 2, 1, 1, 1, 1, 1, 1, 1, 1, 2, 2, 1, 1, 1, 2, 2, 2, 2, 1, 1, 1, 1, 1, 1, 1, 2, 2, 1, 2, 1, 1, 1, 1, 1, 1, 2, 1, 1, 2, 1, 1, 1, 1, 1, 1, 2, 1, 1, 1, 1, 1, 1, 1, 2, 1, 1, 2, 1, 1, 1, 1, 1, 2, 1, 1, 1, 1, 1, 1, 1, 1, 2, 1, 2, 1, 1, 1, 1, 1, 1, 1, 1, 2, 1, 1, 1, 1, 1, 1, 1, 1, 1, 1, 2, 2, 1, 1, 2, 1, 2, 1, 1, 1, 1]",128,105,26,True,-1
T8_D4,154,1.3333,"[1, 1, 1, 2, 1, 1, 1, 1, 1, 2, 1, 1, 1, 1, 1, 3, 1, 1, 3, 1, 1, 1, 1, 2, 3, 1, 1, 1, 1, 1, 1, 3, 1, 1, 2, 2, 2, 2, 1, 2, 1, 1, 1, 1, 2, 1, 2, 1, 1, 1, 2, 2, 1, 1, 1, 1, 2, 1, 1, 2, 1, 1, 1, 1, 1, 2, 1, 2, 1, 1, 1, 1, 2, 1, 2, 1, 1, 1, 1, 1, 1, 2, 1, 2, 2, 1, 1, 2, 1, 1, 1, 1, 1, 2, 2, 1]","[0, 0, 0, 1, 0, 0, 0, 0, 0, 1, 0, 0, 0, 0, 0, 2, 0, 0, 2, 0, 0, 0, 0, 1, 2, 0, 0, 0, 0, 0, 0, 2, 0, 0, 1, 1, 1, 1, 0, 1, 0, 0, 0, 0, 1, 0, 1, 0, 0, 0, 1, 1, 0, 0, 0, 0, 1, 0, 0, 1, 0, 0, 0, 0, 0, 1, 0, 1, 0, 0, 0, 0, 1, 0, 1, 0, 0, 0, 0, 0, 0, 1, 0, 1, 1, 0, 0, 1, 0, 0, 0, 0, 0, 1, 1, 0]","[1, 1, 1, 2, 1, 1, 1, 1, 1, 2, 1, 1, 1, 1, 1, 3, 1, 1, 3, 1, 1, 1, 1, 2, 3, 1, 1, 1, 1, 1, 1, 3, 1, 1, 2, 2, 2, 2, 1, 2, 1, 1, 1, 1, 2, 1, 2, 1, 1, 1, 2, 2, 1, 1, 1, 1, 2, 1, 1, 2, 1, 1, 1, 1, 1, 2, 1, 2, 1, 1, 1, 1, 2, 1, 2, 1, 1, 1, 1, 1, 1, 2, 1, 2, 2, 1, 1, 2, 1, 1, 1, 1, 1, 2, 2, 1]",128,96,26,True,-1
T8_D4,155,1.1636,"[1, 2, 1, 1, 1, 1, 1, 1, 1, 1, 1, 1, 2, 1, 1, 2, 1, 1, 1, 1, 1, 1, 1, 1, 1, 1, 1, 1, 1, 1, 1, 1, 2, 1, 1, 1, 1, 1, 1, 1, 1, 2, 1, 1, 1, 2, 1, 1, 2, 1, 1, 1, 1, 1, 1, 1, 1, 1, 1, 1, 1, 1, 2, 1, 1, 1, 1, 1, 1, 2, 2, 2, 1, 1, 1, 1, 2, 1, 2, 2, 1, 1, 1, 1, 1, 1, 1, 1, 2, 1, 1, 1, 1, 1, 1, 2, 1, 2, 1, 1, 1, 1, 1, 1, 1, 1, 1, 2, 1, 1]","[0, 1, 0, 0, 0, 0, 0, 0, 0, 0, 0, 0, 1, 0, 0, 1, 0, 0, 0, 0, 0, 0, 0, 0, 0, 0, 0, 0, 0, 0, 0, 0, 1, 0, 0, 0, 0, 0, 0, 0, 0, 1, 0, 0, 0, 1, 0, 0, 1, 0, 0, 0, 0, 0, 0, 0, 0, 0, 0, 0, 0, 0, 1, 0, 0, 0, 0, 0, 0, 1, 1, 1, 0, 0, 0, 0, 1, 0, 1, 1, 0, 0, 0, 0, 0, 0, 0, 0, 1, 0, 0, 0, 0, 0, 0, 1, 0, 1, 0, 0, 0, 0, 0, 0, 0, 0, 0, 1, 0, 0]","[1, 2, 1, 1, 1, 1, 1, 1, 1, 1, 1, 1, 2, 1, 1, 2, 1, 1, 1, 1, 1, 1, 1, 1, 1, 1, 1, 1, 1, 1, 1, 1, 2, 1, 1, 1, 1, 1, 1, 1, 1, 2, 1, 1, 1, 2, 1, 1, 2, 1, 1, 1, 1, 1, 1, 1, 1, 1, 1, 1, 1, 1, 2, 1, 1, 1, 1, 1, 1, 2, 2, 2, 1, 1, 1, 1, 2, 1, 2, 2, 1, 1, 1, 1, 1, 1, 1, 1, 2, 1, 1, 1, 1, 1, 1, 2, 1, 2, 1, 1, 1, 1, 1, 1, 1, 1, 1, 2, 1, 1]",128,110,26,True,-1
T8_D4,156,1.219,"[1, 2, 1, 1, 1, 1, 1, 1, 1, 1, 1, 1, 1, 1, 1, 2, 2, 1, 1, 1, 2, 1, 1, 2, 1, 2, 1, 1, 1, 2, 1, 1, 2, 2, 1, 1, 1, 1, 1, 1, 1, 1, 1, 1, 1, 2, 1, 1, 1, 1, 1, 1, 1, 1, 1, 1, 1, 1, 2, 1, 1, 2, 1, 1, 1, 1, 1, 2, 2, 1, 1, 1, 1, 1, 1, 1, 1, 1, 2, 1, 2, 1, 1, 1, 1, 2, 1, 1, 2, 1, 1, 1, 1, 1, 2, 2, 1, 2, 2, 2, 1, 1, 1, 1, 1]","[0, 1, 0, 0, 0, 0, 0, 0, 0, 0, 0, 0, 0, 0, 0, 1, 1, 0, 0, 0, 1, 0, 0, 1, 0, 1, 0, 0, 0, 1, 0, 0, 1, 1, 0, 0, 0, 0, 0, 0, 0, 0, 0, 0, 0, 1, 0, 0, 0, 0, 0, 0, 0, 0, 0, 0, 0, 0, 1, 0, 0, 1, 0, 0, 0, 0, 0, 1, 1, 0, 0, 0, 0, 0, 0, 0, 0, 0, 1, 0, 1, 0, 0, 0, 0, 1, 0, 0, 1, 0, 0, 0, 0, 0, 1, 1, 0, 1, 1, 1, 0, 0, 0, 0, 0]","[1, 2, 1, 1, 1, 1, 1, 1, 1, 1, 1, 1, 1, 1, 1, 2, 2, 1, 1, 1, 2, 1, 1, 2, 1, 2, 1, 1, 1, 2, 1, 1, 2, 2, 1, 1, 1, 1, 1, 1, 1, 1, 1, 1, 1, 2, 1, 1, 1, 1, 1, 1, 1, 1, 1, 1, 1, 1, 2, 1, 1, 2, 1, 1, 1, 1, 1, 2, 2, 1, 1, 1, 1, 1, 1, 1, 1, 1, 2, 1, 2, 1, 1, 1, 1, 2, 1, 1, 2, 1, 1, 1, 1, 1, 2, 2, 1, 2, 2, 2, 1, 1, 1, 1, 1]",128,105,26,True,-1
T8_D4,157,1.2673,"[1, 2, 1, 1, 1, 1, 1, 1, 2, 1, 1, 1, 2, 2, 1, 1, 1, 1, 1, 1, 1, 1, 1, 1, 1, 1, 2, 1, 1, 2, 1, 2, 1, 1, 1, 1, 1, 1, 1, 1, 1, 2, 2, 1, 1, 1, 2, 2, 1, 1, 1, 1, 1, 2, 1, 1, 2, 1, 1, 2, 2, 1, 2, 1, 1, 1, 1, 1, 1, 1, 2, 2, 1, 1, 1, 1, 2, 1, 2, 2, 2, 1, 1, 1, 1, 2, 1, 1, 2, 1, 2, 2, 1, 1, 2, 1, 1, 1, 1, 1, 1]","[0, 1, 0, 0, 0, 0, 0, 0, 1, 0, 0, 0, 1, 1, 0, 0, 0, 0, 0, 0, 0, 0, 0, 0, 0, 0, 1, 0, 0, 1, 0, 1, 0, 0, 0, 0, 0, 0, 0, 0, 0, 1, 1, 0, 0, 0, 1, 1, 0, 0, 0, 0, 0, 1, 0, 0, 1, 0, 0, 1, 1, 0, 1, 0, 0, 0, 0, 0, 0, 0, 1, 1, 0, 0, 0, 0, 1, 0, 1, 1, 1, 0, 0, 0, 0, 1, 0, 0, 1, 0, 1, 1, 0, 0, 1, 0, 0, 0, 0, 0, 0]","[1, 2, 1, 1, 1, 1, 1, 1, 2, 1, 1, 1, 2, 2, 1, 1, 1, 1, 1, 1, 1, 1, 1, 1, 1, 1, 2, 1, 1, 2, 1, 2, 1, 1, 1, 1, 1, 1, 1, 1, 1, 2, 2, 1, 1, 1, 2, 2, 1, 1, 1, 1, 1, 2, 1, 1, 2, 1, 1, 2, 2, 1, 2, 1, 1, 1, 1, 1, 1, 1, 2, 2, 1, 1, 1, 1, 2, 1, 2, 2, 2, 1, 1, 1, 1, 2, 1, 1, 2, 1, 2, 2, 1, 1, 2, 1, 1, 1, 1, 1, 1]",128,101,26,True,-1
T8_D4,158,1.219,"[1, 1, 1, 1, 1, 1, 1, 1, 2, 1, 1, 1, 2, 1, 1, 2, 1, 1, 1, 1, 1, 1, 1, 1, 1, 1, 1, 1, 2, 2, 1, 1, 2, 1, 1, 1, 1, 1, 1, 1, 2, 1, 2, 2, 1, 1, 1, 1, 1, 1, 1, 1, 2, 2, 1, 2, 2, 1, 2, 1, 2, 1, 1, 2, 1, 2, 1, 1, 1, 1, 1, 1, 1, 1, 1, 2, 1, 1, 1, 1, 1, 1, 2, 1, 1, 2, 1, 1, 1, 2, 2, 1, 1, 1, 1, 1, 1, 1, 1, 1, 1, 2, 1, 1, 1]","[0, 0, 0, 0, 0, 0, 0, 0, 1, 0, 0, 0, 1, 0, 0, 1, 0, 0, 0, 0, 0, 0, 0, 0, 0, 0, 0, 0, 1, 1, 0, 0, 1, 0, 0, 0, 0, 0, 0, 0, 1, 0, 1, 1, 0, 0, 0, 0, 0, 0, 0, 0, 1, 1, 0, 1, 1, 0, 1, 0, 1, 0, 0, 1, 0, 1, 0, 0, 0, 0, 0, 0, 0, 0, 0, 1, 0, 0, 0, 0, 0, 0, 1, 0, 0, 1, 0, 0, 0, 1, 1, 0, 0, 0, 0, 0, 0, 0, 0, 0, 0, 1, 0, 0, 0]","[1, 1, 1, 1, 1, 1, 1, 1, 2, 1, 1, 1, 2, 1, 1, 2, 1, 1, 1, 1, 1, 1, 1, 1, 1, 1, 1, 1, 2, 2, 1, 1, 2, 1, 1, 1, 1, 1, 1, 1, 2, 1, 2, 2, 1, 1, 1, 1, 1, 1, 1, 1, 2, 2, 1, 2, 2, 1, 2, 1, 2, 1, 1, 2, 1, 2, 1, 1, 1, 1, 1, 1, 1, 1, 1, 2, 1, 1, 1, 1, 1, 1, 2, 1, 1, 2, 1, 1, 1, 2, 2, 1, 1, 1, 1, 1, 1, 1, 1, 1, 1, 2, 1, 1, 1]",128,105,26,True,-1
T8_D4,159,1.2549,"[1, 1, 1, 1, 1, 1, 1, 1, 1, 1, 1, 1, 1, 2, 1, 1, 2, 1, 1, 1, 1, 1, 2, 2, 2, 1, 1, 2, 1, 1, 1, 1, 2, 1, 2, 2, 2, 1, 2, 1, 1, 1, 1, 1, 1, 1, 1, 1, 2, 1, 1, 1, 1, 1, 1, 1, 2, 1, 2, 2, 2, 1, 1, 1, 2, 1, 1, 1, 1, 2, 1, 1, 2, 2, 1, 2, 1, 1, 1, 1, 1, 1, 1, 1, 1, 1, 2, 2, 1, 1, 1, 1, 2, 1, 1, 1, 2, 1, 1, 1, 1, 2]","[0, 0, 0, 0, 0, 0, 0, 0, 0, 0, 0, 0, 0, 1, 0, 0, 1, 0, 0, 0, 0, 0, 1, 1, 1, 0, 0, 1, 0, 0, 0, 0, 1, 0, 1, 1, 1, 0, 1, 0, 0, 0, 0, 0, 0, 0, 0, 0, 1, 0, 0, 0, 0, 0, 0, 0, 1, 0, 1, 1, 1, 0, 0, 0, 1, 0, 0, 0, 0, 1, 0, 0, 1, 1, 0, 1, 0, 0, 0, 0, 0, 0, 0, 0, 0, 0, 1, 1, 0, 0, 0, 0, 1, 0, 0, 0, 1, 0, 0, 0, 0, 1]","[1, 1, 1, 1, 1, 1, 1, 1, 1, 1, 1, 1, 1, 2, 1, 1, 2, 1, 1, 1, 1, 1, 2, 2, 2, 1, 1, 2, 1, 1, 1, 1, 2, 1, 2, 2, 2, 1, 2, 1, 1, 1, 1, 1, 1, 1, 1, 1, 2, 1, 1, 1, 1, 1, 1, 1, 2, 1, 2, 2, 2, 1, 1, 1, 2, 1, 1, 1, 1, 2, 1, 1, 2, 2, 1, 2, 1, 1, 1, 1, 1, 1, 1, 1, 1, 1, 2, 2, 1, 1, 1, 1, 2, 1, 1, 1, 2, 1, 1, 1, 1, 2]",128,102,26,True,-1
T8_D4,160,1.2308,"[1, 1, 1, 1, 1, 1, 1, 1, 1, 1, 1, 1, 1, 2, 1, 2, 2, 1, 1, 2, 2, 1, 1, 1, 2, 1, 1, 2, 1, 1, 2, 1, 1, 2, 1, 1, 1, 2, 1, 2, 1, 1, 2, 1, 2, 1, 2, 1, 1, 1, 1, 1, 1, 1, 1, 1, 1, 1, 1, 1, 1, 1, 1, 1, 1, 1, 1, 1, 1, 2, 1, 2, 1, 1, 1, 2, 1, 1, 1, 1, 1, 2, 1, 1, 1, 2, 1, 1, 1, 1, 2, 2, 1, 2, 1, 1, 1, 2, 1, 1, 1, 1, 2, 1]","[0, 0, 0, 0, 0, 0, 0, 0, 0, 0, 0, 0, 0, 1, 0, 1, 1, 0, 0, 1, 1, 0, 0, 0, 1, 0, 0, 1, 0, 0, 1, 0, 0, 1, 0, 0, 0, 1, 0, 1, 0, 0, 1, 0, 1, 0, 1, 0, 0, 0, 0, 0, 0, 0, 0, 0, 0, 0, 0, 0, 0, 0, 0, 0, 0, 0, 0, 0, 0, 1, 0, 1, 0, 0, 0, 1, 0, 0, 0, 0, 0, 1, 0, 0, 0, 1, 0, 0, 0, 0, 1, 1, 0, 1, 0, 0, 0, 1, 0, 0, 0, 0, 1, 0]","[1, 1, 1, 1, 1, 1, 1, 1, 1, 1, 1, 1, 1, 2, 1, 2, 2, 1, 1, 2, 2, 1, 1, 1, 2, 1, 1, 2, 1, 1, 2, 1, 1, 2, 1, 1, 1, 2, 1, 2, 1, 1, 2, 1, 2, 1, 2, 1, 1, 1, 1, 1, 1, 1, 1, 1, 1, 1, 1, 1, 1, 1, 1, 1, 1, 1, 1, 1, 1, 2, 1, 2, 1, 1, 1, 2, 1, 1, 1, 1, 1, 2, 1, 1, 1, 2, 1, 1, 1, 1, 2, 2, 1, 2, 1, 1, 1, 2, 1, 1, 1, 1, 2, 1]",128,104,26,True,-1
