view,out_bin,in_bin,bin_rms
stock,0,0,0.14109499752521515
stock,0,1,0.1430761218070984
stock,0,2,0.14128802716732025
stock,0,3,0.14463172852993011
stock,0,4,0.1442151814699173
stock,0,5,0.14007802307605743
stock,0,6,0.1436474472284317
stock,0,7,0.14189638197422028
stock,0,8,0.14443957805633545
stock,0,9,0.15434089303016663
stock,0,10,0.1422586590051651
stock,0,11,0.14197474718093872
stock,0,12,0.14858658611774445
stock,0,13,0.14244934916496277
stock,0,14,0.13942685723304749
stock,0,15,0.13948722183704376
stock,0,16,0.09865867346525192
stock,0,17,0.09882720559835434
stock,0,18,0.09807049483060837
stock,0,19,0.09885083884000778
stock,0,20,0.09886465966701508
stock,0,21,0.10007260739803314
stock,0,22,0.1004447266459465
stock,0,23,0.09976600855588913
stock,0,24,0.09850605577230453
stock,0,25,0.09899230301380157
stock,0,26,0.09769923985004425
stock,0,27,0.09874210506677628
stock,0,28,0.0994720309972763
stock,0,29,0.09905502200126648
stock,0,30,0.09860724210739136
stock,0,31,0.09892693907022476
stock,0,32,0.11883167922496796
stock,0,33,0.11761854588985443
stock,0,34,0.11778566986322403
stock,0,35,0.11980307847261429
stock,0,36,0.11845196783542633
stock,0,37,0.11975103616714478
stock,0,38,0.11850699037313461
stock,0,39,0.11850167065858841
stock,0,40,0.11853811144828796
stock,0,41,0.11949857324361801
stock,0,42,0.1171298697590828
stock,0,43,0.118217833340168
stock,0,44,0.12024208158254623
stock,0,45,0.11818607896566391
stock,0,46,0.11882466822862625
stock,0,47,0.1182391494512558
stock,0,48,0.0762055441737175
stock,0,49,0.07560013234615326
stock,0,50,0.07677575200796127
stock,0,51,0.07649979740381241
stock,0,52,0.07653111964464188
stock,0,53,0.07655295729637146
stock,0,54,0.07598759979009628
stock,0,55,0.07658758759498596
stock,0,56,0.07620692998170853
stock,0,57,0.07675036787986755
stock,0,58,0.07701262831687927
stock,0,59,0.07653149962425232
stock,0,60,0.07623785734176636
stock,0,61,0.07693257182836533
stock,0,62,0.07704772055149078
stock,0,63,0.07623465359210968
stock,0,64,0.061594825237989426
stock,0,65,0.060815706849098206
stock,0,66,0.060120172798633575
stock,0,67,0.061191435903310776
stock,0,68,0.060924235731363297
stock,0,69,0.06050802767276764
stock,0,70,0.06053585186600685
stock,0,71,0.060424160212278366
stock,0,72,0.06147027388215065
stock,0,73,0.061164431273937225
stock,0,74,0.06032484397292137
stock,0,75,0.06142335757613182
stock,0,76,0.06089721992611885
stock,0,77,0.061562810093164444
stock,0,78,0.06122221052646637
stock,0,79,0.06098725646734238
stock,1,0,0.13746769726276398
stock,1,1,0.1390683948993683
stock,1,2,0.13775405287742615
stock,1,3,0.14025087654590607
stock,1,4,0.14023296535015106
stock,1,5,0.1375146508216858
stock,1,6,0.14075952768325806
stock,1,7,0.1374826580286026
stock,1,8,0.1395183652639389
stock,1,9,0.148543581366539
stock,1,10,0.13960722088813782
stock,1,11,0.13684651255607605
stock,1,12,0.14407439529895782
stock,1,13,0.141188845038414
stock,1,14,0.13622885942459106
stock,1,15,0.13688991963863373
stock,1,16,0.09790226072072983
stock,1,17,0.09820794314146042
stock,1,18,0.09693915396928787
stock,1,19,0.09827106446027756
stock,1,20,0.09762831032276154
stock,1,21,0.09814755618572235
stock,1,22,0.09838087856769562
stock,1,23,0.09805619716644287
stock,1,24,0.09746557474136353
stock,1,25,0.0989699736237526
stock,1,26,0.09683962911367416
stock,1,27,0.09825450927019119
stock,1,28,0.09832923859357834
stock,1,29,0.09872967004776001
stock,1,30,0.09880819916725159
stock,1,31,0.0979943722486496
stock,1,32,0.11909505724906921
stock,1,33,0.11832291632890701
stock,1,34,0.11718156188726425
stock,1,35,0.11747085303068161
stock,1,36,0.11906908452510834
stock,1,37,0.11805196106433868
stock,1,38,0.11828938126564026
stock,1,39,0.11783507466316223
stock,1,40,0.11675360053777695
stock,1,41,0.11780956387519836
stock,1,42,0.11824136972427368
stock,1,43,0.11784300953149796
stock,1,44,0.11882974207401276
stock,1,45,0.11629294604063034
stock,1,46,0.11979281157255173
stock,1,47,0.1180911734700203
stock,1,48,0.07590564340353012
stock,1,49,0.07581128925085068
stock,1,50,0.07648541778326035
stock,1,51,0.07666870206594467
stock,1,52,0.07611304521560669
stock,1,53,0.0766952857375145
stock,1,54,0.07562658190727234
stock,1,55,0.07582982629537582
stock,1,56,0.07554998993873596
stock,1,57,0.07650536298751831
stock,1,58,0.07782071828842163
stock,1,59,0.07659590244293213
stock,1,60,0.07602152228355408
stock,1,61,0.07682693004608154
stock,1,62,0.07644426077604294
stock,1,63,0.0752878487110138
stock,1,64,0.06086059287190437
stock,1,65,0.06080321595072746
stock,1,66,0.059503380209207535
stock,1,67,0.06097668409347534
stock,1,68,0.06107877567410469
stock,1,69,0.05976852402091026
stock,1,70,0.061023905873298645
stock,1,71,0.06028546392917633
stock,1,72,0.060314055532217026
stock,1,73,0.06136539205908775
stock,1,74,0.06008785218000412
stock,1,75,0.060992397367954254
stock,1,76,0.0612809918820858
stock,1,77,0.061124738305807114
stock,1,78,0.06022930145263672
stock,1,79,0.0605158805847168
stock,2,0,0.1385658085346222
stock,2,1,0.13913269340991974
stock,2,2,0.14002422988414764
stock,2,3,0.14308856427669525
stock,2,4,0.14027442038059235
stock,2,5,0.1367480307817459
stock,2,6,0.14198637008666992
stock,2,7,0.14079265296459198
stock,2,8,0.1412503868341446
stock,2,9,0.15050849318504333
stock,2,10,0.13885286450386047
stock,2,11,0.13849087059497833
stock,2,12,0.14299112558364868
stock,2,13,0.14129172265529633
stock,2,14,0.13695457577705383
stock,2,15,0.1379954218864441
stock,2,16,0.09729204326868057
stock,2,17,0.09823776036500931
stock,2,18,0.09790196269750595
stock,2,19,0.0988151878118515
stock,2,20,0.09826907515525818
stock,2,21,0.09923310577869415
stock,2,22,0.09895451366901398
stock,2,23,0.09869974851608276
stock,2,24,0.09850043058395386
stock,2,25,0.0991077870130539
stock,2,26,0.09738202393054962
stock,2,27,0.0994080975651741
stock,2,28,0.09835062175989151
stock,2,29,0.09881406277418137
stock,2,30,0.09988173842430115
stock,2,31,0.09687398374080658
stock,2,32,0.11950801312923431
stock,2,33,0.11867251247167587
stock,2,34,0.11815720796585083
stock,2,35,0.11779465526342392
stock,2,36,0.1177559420466423
stock,2,37,0.11803627014160156
stock,2,38,0.11866580694913864
stock,2,39,0.11754123866558075
stock,2,40,0.11959198862314224
stock,2,41,0.11668039858341217
stock,2,42,0.11656743288040161
stock,2,43,0.11801246553659439
stock,2,44,0.11765903234481812
stock,2,45,0.11649548262357712
stock,2,46,0.1169789731502533
stock,2,47,0.1167042925953865
stock,2,48,0.0755559653043747
stock,2,49,0.07480701804161072
stock,2,50,0.07669898867607117
stock,2,51,0.07638513296842575
stock,2,52,0.07610010355710983
stock,2,53,0.07650118321180344
stock,2,54,0.07575621455907822
stock,2,55,0.07688148319721222
stock,2,56,0.0762832760810852
stock,2,57,0.07548830658197403
stock,2,58,0.07550938427448273
stock,2,59,0.07598694413900375
stock,2,60,0.07588569819927216
stock,2,61,0.07652158290147781
stock,2,62,0.07599059492349625
stock,2,63,0.07561825215816498
stock,2,64,0.06114082410931587
stock,2,65,0.06161746382713318
stock,2,66,0.0594811849296093
stock,2,67,0.060772839933633804
stock,2,68,0.060505595058202744
stock,2,69,0.06003972142934799
stock,2,70,0.06055062636733055
stock,2,71,0.059797655791044235
stock,2,72,0.06095712259411812
stock,2,73,0.06052808091044426
stock,2,74,0.05969976633787155
stock,2,75,0.06022900715470314
stock,2,76,0.06083798035979271
stock,2,77,0.06034475564956665
stock,2,78,0.060636188834905624
stock,2,79,0.059973835945129395
stock,3,0,0.1400899738073349
stock,3,1,0.14112433791160583
stock,3,2,0.13847607374191284
stock,3,3,0.143639475107193
stock,3,4,0.14242245256900787
stock,3,5,0.13751810789108276
stock,3,6,0.14144249260425568
stock,3,7,0.14045259356498718
stock,3,8,0.1427306830883026
stock,3,9,0.150889053940773
stock,3,10,0.14009244740009308
stock,3,11,0.1381954699754715
stock,3,12,0.1451359987258911
stock,3,13,0.13991281390190125
stock,3,14,0.1388694792985916
stock,3,15,0.13814198970794678
stock,3,16,0.09843640774488449
stock,3,17,0.09942478686571121
stock,3,18,0.09681904315948486
stock,3,19,0.09834035485982895
stock,3,20,0.09765133261680603
stock,3,21,0.09876552224159241
stock,3,22,0.09896481037139893
stock,3,23,0.09997706115245819
stock,3,24,0.09819618612527847
stock,3,25,0.09810671210289001
stock,3,26,0.09746771305799484
stock,3,27,0.0988822728395462
stock,3,28,0.09836417436599731
stock,3,29,0.09904370456933975
stock,3,30,0.0996064618229866
stock,3,31,0.09850473701953888
stock,3,32,0.11793988943099976
stock,3,33,0.11816000938415527
stock,3,34,0.11756804585456848
stock,3,35,0.11902729421854019
stock,3,36,0.11800092458724976
stock,3,37,0.1167631670832634
stock,3,38,0.11851207166910172
stock,3,39,0.1178271695971489
stock,3,40,0.11835557222366333
stock,3,41,0.11821465194225311
stock,3,42,0.11795303970575333
stock,3,43,0.11843245476484299
stock,3,44,0.1194753423333168
stock,3,45,0.1182921901345253
stock,3,46,0.11816694587469101
stock,3,47,0.11809366941452026
stock,3,48,0.0765826404094696
stock,3,49,0.07552804797887802
stock,3,50,0.07712505757808685
stock,3,51,0.07719403505325317
stock,3,52,0.07670678943395615
stock,3,53,0.07617984712123871
stock,3,54,0.07583081722259521
stock,3,55,0.07662134617567062
stock,3,56,0.07662893086671829
stock,3,57,0.07685654610395432
stock,3,58,0.0764172300696373
stock,3,59,0.07590025663375854
stock,3,60,0.07670917361974716
stock,3,61,0.07733681052923203
stock,3,62,0.07667150348424911
stock,3,63,0.07633385807275772
stock,3,64,0.06149759516119957
stock,3,65,0.06128450483083725
stock,3,66,0.05966673046350479
stock,3,67,0.06084858998656273
stock,3,68,0.06166992336511612
stock,3,69,0.0605732686817646
stock,3,70,0.060135696083307266
stock,3,71,0.06028563156723976
stock,3,72,0.061494942754507065
stock,3,73,0.061403945088386536
stock,3,74,0.06048104166984558
stock,3,75,0.06025215610861778
stock,3,76,0.061288196593523026
stock,3,77,0.061002373695373535
stock,3,78,0.060639750212430954
stock,3,79,0.06104933097958565
stock,4,0,0.14034900069236755
stock,4,1,0.141263946890831
stock,4,2,0.1404624730348587
stock,4,3,0.14398352801799774
stock,4,4,0.1414177268743515
stock,4,5,0.13782329857349396
stock,4,6,0.1416456401348114
stock,4,7,0.1413360834121704
stock,4,8,0.14110863208770752
stock,4,9,0.1510269194841385
stock,4,10,0.13929778337478638
stock,4,11,0.1382601410150528
stock,4,12,0.14559654891490936
stock,4,13,0.14049579203128815
stock,4,14,0.13807761669158936
stock,4,15,0.1367175430059433
stock,4,16,0.09783465415239334
stock,4,17,0.09922085702419281
stock,4,18,0.09799651801586151
stock,4,19,0.09912228584289551
stock,4,20,0.09802848100662231
stock,4,21,0.09845889359712601
stock,4,22,0.09956849366426468
stock,4,23,0.0991407185792923
stock,4,24,0.09842126071453094
stock,4,25,0.09917160868644714
stock,4,26,0.09768127650022507
stock,4,27,0.09785176068544388
stock,4,28,0.09860743582248688
stock,4,29,0.10043612867593765
stock,4,30,0.10037226974964142
stock,4,31,0.09835860878229141
stock,4,32,0.11892435699701309
stock,4,33,0.11956842243671417
stock,4,34,0.11685818433761597
stock,4,35,0.1193620041012764
stock,4,36,0.11901655048131943
stock,4,37,0.11715361475944519
stock,4,38,0.11818526685237885
stock,4,39,0.11755263060331345
stock,4,40,0.11854495853185654
stock,4,41,0.11860832571983337
stock,4,42,0.11836060881614685
stock,4,43,0.11734326928853989
stock,4,44,0.1186058521270752
stock,4,45,0.1179976761341095
stock,4,46,0.11905907094478607
stock,4,47,0.11833802610635757
stock,4,48,0.07577366381883621
stock,4,49,0.07496701180934906
stock,4,50,0.07698792964220047
stock,4,51,0.07567939162254333
stock,4,52,0.07612583041191101
stock,4,53,0.07547514885663986
stock,4,54,0.07562638819217682
stock,4,55,0.0755537673830986
stock,4,56,0.0765511766076088
stock,4,57,0.07613512873649597
stock,4,58,0.07693847268819809
stock,4,59,0.07536831498146057
stock,4,60,0.07601311802864075
stock,4,61,0.07692985981702805
stock,4,62,0.07652778923511505
stock,4,63,0.07502156496047974
stock,4,64,0.06108248233795166
stock,4,65,0.060695189982652664
stock,4,66,0.06012032553553581
stock,4,67,0.061203379184007645
stock,4,68,0.06084306538105011
stock,4,69,0.06021667271852493
stock,4,70,0.06047428399324417
stock,4,71,0.06058811768889427
stock,4,72,0.06113023683428764
stock,4,73,0.06060212105512619
stock,4,74,0.06048402562737465
stock,4,75,0.05994601175189018
stock,4,76,0.0610228031873703
stock,4,77,0.061335042119026184
stock,4,78,0.06030118837952614
stock,4,79,0.060466524213552475
stock,5,0,0.14407050609588623
stock,5,1,0.1453980952501297
stock,5,2,0.14447513222694397
stock,5,3,0.14828166365623474
stock,5,4,0.1481981873512268
stock,5,5,0.14166702330112457
stock,5,6,0.14826220273971558
stock,5,7,0.14254111051559448
stock,5,8,0.1462569534778595
stock,5,9,0.1545429676771164
stock,5,10,0.1459004431962967
stock,5,11,0.14246247708797455
stock,5,12,0.14916592836380005
stock,5,13,0.1441182792186737
stock,5,14,0.14167891442775726
stock,5,15,0.14272813498973846
stock,5,16,0.09878852963447571
stock,5,17,0.09996367245912552
stock,5,18,0.09848032891750336
stock,5,19,0.10018385201692581
stock,5,20,0.09810607135295868
stock,5,21,0.09963192790746689
stock,5,22,0.10070522874593735
stock,5,23,0.09899371862411499
stock,5,24,0.09951481968164444
stock,5,25,0.10033287107944489
stock,5,26,0.09752752631902695
stock,5,27,0.09889683127403259
stock,5,28,0.09898803383111954
stock,5,29,0.09970039874315262
stock,5,30,0.1003480851650238
stock,5,31,0.0977986678481102
stock,5,32,0.11898968368768692
stock,5,33,0.11901392787694931
stock,5,34,0.1188044548034668
stock,5,35,0.11936520785093307
stock,5,36,0.11851327866315842
stock,5,37,0.11764133721590042
stock,5,38,0.11864221841096878
stock,5,39,0.11816681921482086
stock,5,40,0.11824119091033936
stock,5,41,0.11822641640901566
stock,5,42,0.11846651881933212
stock,5,43,0.11857371777296066
stock,5,44,0.12022356688976288
stock,5,45,0.11748948693275452
stock,5,46,0.119238942861557
stock,5,47,0.116847924888134
stock,5,48,0.07594012469053268
stock,5,49,0.07605095207691193
stock,5,50,0.07672767341136932
stock,5,51,0.07665082812309265
stock,5,52,0.07630931586027145
stock,5,53,0.07645147293806076
stock,5,54,0.07574867457151413
stock,5,55,0.07577794790267944
stock,5,56,0.07731890678405762
stock,5,57,0.0772734209895134
stock,5,58,0.07688650488853455
stock,5,59,0.0764693021774292
stock,5,60,0.076088085770607
stock,5,61,0.07720796763896942
stock,5,62,0.07749056816101074
stock,5,63,0.07535767555236816
stock,5,64,0.06127361208200455
stock,5,65,0.06146131455898285
stock,5,66,0.05982015281915665
stock,5,67,0.06104905530810356
stock,5,68,0.06161690503358841
stock,5,69,0.06056933477520943
stock,5,70,0.060470130294561386
stock,5,71,0.06039998307824135
stock,5,72,0.061066076159477234
stock,5,73,0.0611998587846756
stock,5,74,0.06024076044559479
stock,5,75,0.060513630509376526
stock,5,76,0.060720302164554596
stock,5,77,0.0611686185002327
stock,5,78,0.061088670045137405
stock,5,79,0.06138870492577553
stock,6,0,0.13772211968898773
stock,6,1,0.13796864449977875
stock,6,2,0.1366294026374817
stock,6,3,0.14117486774921417
stock,6,4,0.13902349770069122
stock,6,5,0.1349785178899765
stock,6,6,0.13817369937896729
stock,6,7,0.1376296579837799
stock,6,8,0.13813155889511108
stock,6,9,0.14684294164180756
stock,6,10,0.1361134648323059
stock,6,11,0.13583387434482574
stock,6,12,0.14227233827114105
stock,6,13,0.1381344348192215
stock,6,14,0.1347496211528778
stock,6,15,0.13623130321502686
stock,6,16,0.09786199778318405
stock,6,17,0.09825919568538666
stock,6,18,0.09739921987056732
stock,6,19,0.09781447798013687
stock,6,20,0.0959184542298317
stock,6,21,0.09852595627307892
stock,6,22,0.09987438470125198
stock,6,23,0.0990043357014656
stock,6,24,0.09829483926296234
stock,6,25,0.0985349714756012
stock,6,26,0.09635110199451447
stock,6,27,0.09808399528265
stock,6,28,0.09876272082328796
stock,6,29,0.09994877129793167
stock,6,30,0.09922358393669128
stock,6,31,0.09762650728225708
stock,6,32,0.11868482083082199
stock,6,33,0.11838260293006897
stock,6,34,0.11664167046546936
stock,6,35,0.11752638965845108
stock,6,36,0.11742793023586273
stock,6,37,0.11792788654565811
stock,6,38,0.11827985942363739
stock,6,39,0.1169988140463829
stock,6,40,0.1181178167462349
stock,6,41,0.11772898584604263
stock,6,42,0.11727745085954666
stock,6,43,0.11662302166223526
stock,6,44,0.11838515847921371
stock,6,45,0.11713907122612
stock,6,46,0.11797421425580978
stock,6,47,0.1177152469754219
stock,6,48,0.07504140585660934
stock,6,49,0.07550328969955444
stock,6,50,0.07586253434419632
stock,6,51,0.07577776163816452
stock,6,52,0.075218565762043
stock,6,53,0.07646601647138596
stock,6,54,0.07557046413421631
stock,6,55,0.07566056400537491
stock,6,56,0.0767560601234436
stock,6,57,0.07714225351810455
stock,6,58,0.07569874823093414
stock,6,59,0.07588626444339752
stock,6,60,0.07634535431861877
stock,6,61,0.07617998123168945
stock,6,62,0.07618561387062073
stock,6,63,0.07535484433174133
stock,6,64,0.0610991008579731
stock,6,65,0.06027902290225029
stock,6,66,0.05945224314928055
stock,6,67,0.060840144753456116
stock,6,68,0.060614727437496185
stock,6,69,0.059472404420375824
stock,6,70,0.06056797876954079
stock,6,71,0.060083597898483276
stock,6,72,0.06028839945793152
stock,6,73,0.06079458072781563
stock,6,74,0.05908309668302536
stock,6,75,0.05956447497010231
stock,6,76,0.06062424182891846
stock,6,77,0.06038300320506096
stock,6,78,0.059650223702192307
stock,6,79,0.0604080855846405
stock,7,0,0.14222542941570282
stock,7,1,0.1454877108335495
stock,7,2,0.14175362884998322
stock,7,3,0.1464356780052185
stock,7,4,0.1458701640367508
stock,7,5,0.14059597253799438
stock,7,6,0.14748047292232513
stock,7,7,0.14337973296642303
stock,7,8,0.14510373771190643
stock,7,9,0.15676839649677277
stock,7,10,0.14385899901390076
stock,7,11,0.14122425019741058
stock,7,12,0.14847370982170105
stock,7,13,0.14383170008659363
stock,7,14,0.1422054022550583
stock,7,15,0.14136464893817902
stock,7,16,0.10492736101150513
stock,7,17,0.1046624481678009
stock,7,18,0.10595707595348358
stock,7,19,0.10564447194337845
stock,7,20,0.10289133340120316
stock,7,21,0.10638406872749329
stock,7,22,0.10597991198301315
stock,7,23,0.10793211311101913
stock,7,24,0.10589761286973953
stock,7,25,0.10612880438566208
stock,7,26,0.10460381209850311
stock,7,27,0.1050548329949379
stock,7,28,0.10600163042545319
stock,7,29,0.10500519722700119
stock,7,30,0.10672164708375931
stock,7,31,0.10504819452762604
stock,7,32,0.12050681561231613
stock,7,33,0.12080742418766022
stock,7,34,0.11990632116794586
stock,7,35,0.12099534273147583
stock,7,36,0.12036703526973724
stock,7,37,0.11959514021873474
stock,7,38,0.12124161422252655
stock,7,39,0.1219310536980629
stock,7,40,0.12056318670511246
stock,7,41,0.12167239934206009
stock,7,42,0.12090716511011124
stock,7,43,0.12023603916168213
stock,7,44,0.12229019403457642
stock,7,45,0.11939477920532227
stock,7,46,0.12042363733053207
stock,7,47,0.12007319182157516
stock,7,48,0.07654044777154922
stock,7,49,0.07774823904037476
stock,7,50,0.07762190699577332
stock,7,51,0.07795006036758423
stock,7,52,0.07839206606149673
stock,7,53,0.07845709472894669
stock,7,54,0.07807742059230804
stock,7,55,0.07806071639060974
stock,7,56,0.07875335961580276
stock,7,57,0.07862694561481476
stock,7,58,0.07884898781776428
stock,7,59,0.07758603245019913
stock,7,60,0.07885207235813141
stock,7,61,0.07852448523044586
stock,7,62,0.07824676483869553
stock,7,63,0.0779077336192131
stock,7,64,0.06378442049026489
stock,7,65,0.06296125799417496
stock,7,66,0.06199219077825546
stock,7,67,0.0635363832116127
stock,7,68,0.06320277601480484
stock,7,69,0.06303465366363525
stock,7,70,0.06330998241901398
stock,7,71,0.062332633882761
stock,7,72,0.06274493783712387
stock,7,73,0.06269487738609314
stock,7,74,0.06290439516305923
stock,7,75,0.06301139295101166
stock,7,76,0.06348232924938202
stock,7,77,0.06357648223638535
stock,7,78,0.06271564215421677
stock,7,79,0.06350723654031754
stock,8,0,0.13783521950244904
stock,8,1,0.13829326629638672
stock,8,2,0.13821391761302948
stock,8,3,0.14208915829658508
stock,8,4,0.14123165607452393
stock,8,5,0.13625836372375488
stock,8,6,0.14099964499473572
stock,8,7,0.1382691115140915
stock,8,8,0.13869979977607727
stock,8,9,0.1502077877521515
stock,8,10,0.1372968852519989
stock,8,11,0.1387527734041214
stock,8,12,0.14360302686691284
stock,8,13,0.14062391221523285
stock,8,14,0.13865849375724792
stock,8,15,0.13771210610866547
stock,8,16,0.09849944710731506
stock,8,17,0.09907610714435577
stock,8,18,0.09777872264385223
stock,8,19,0.09860438108444214
stock,8,20,0.09747250378131866
stock,8,21,0.09902758151292801
stock,8,22,0.10022031515836716
stock,8,23,0.1003873199224472
stock,8,24,0.09896992892026901
stock,8,25,0.0993620976805687
stock,8,26,0.0982438176870346
stock,8,27,0.09858650714159012
stock,8,28,0.09870675206184387
stock,8,29,0.09981389343738556
stock,8,30,0.09950648993253708
stock,8,31,0.09794995188713074
stock,8,32,0.11921751499176025
stock,8,33,0.11910997331142426
stock,8,34,0.11667171865701675
stock,8,35,0.11794073134660721
stock,8,36,0.11720369011163712
stock,8,37,0.11787988990545273
stock,8,38,0.11906187236309052
stock,8,39,0.11697816103696823
stock,8,40,0.11730369925498962
stock,8,41,0.11782617121934891
stock,8,42,0.11707648634910583
stock,8,43,0.11763529479503632
stock,8,44,0.11873680353164673
stock,8,45,0.11773638427257538
stock,8,46,0.11727996915578842
stock,8,47,0.11707282066345215
stock,8,48,0.07642056792974472
stock,8,49,0.07529140263795853
stock,8,50,0.07722359895706177
stock,8,51,0.0758371502161026
stock,8,52,0.0751885250210762
stock,8,53,0.0758913904428482
stock,8,54,0.07608724385499954
stock,8,55,0.07628919184207916
stock,8,56,0.07666485756635666
stock,8,57,0.0764971673488617
stock,8,58,0.07694846391677856
stock,8,59,0.07611583173274994
stock,8,60,0.07630401849746704
stock,8,61,0.07762794196605682
stock,8,62,0.07589195668697357
stock,8,63,0.07533972710371017
stock,8,64,0.061270758509635925
stock,8,65,0.06116268411278725
stock,8,66,0.059935685247182846
stock,8,67,0.060886938124895096
stock,8,68,0.06066405400633812
stock,8,69,0.060474857687950134
stock,8,70,0.06042805314064026
stock,8,71,0.05984172224998474
stock,8,72,0.06059984862804413
stock,8,73,0.060797687619924545
stock,8,74,0.06010476127266884
stock,8,75,0.06003018468618393
stock,8,76,0.06114690378308296
stock,8,77,0.060614679008722305
stock,8,78,0.06035919114947319
stock,8,79,0.06138144060969353
stock,9,0,0.1398657262325287
stock,9,1,0.13987280428409576
stock,9,2,0.1407424509525299
stock,9,3,0.14429305493831635
stock,9,4,0.14241571724414825
stock,9,5,0.13696451485157013
stock,9,6,0.1419147551059723
stock,9,7,0.1399044543504715
stock,9,8,0.14212265610694885
stock,9,9,0.15069332718849182
stock,9,10,0.14011822640895844
stock,9,11,0.14024394750595093
stock,9,12,0.14474689960479736
stock,9,13,0.14249517023563385
stock,9,14,0.1384056657552719
stock,9,15,0.13863591849803925
stock,9,16,0.09966832399368286
stock,9,17,0.09944385290145874
stock,9,18,0.09813475608825684
stock,9,19,0.1003667339682579
stock,9,20,0.09906868636608124
stock,9,21,0.10025449097156525
stock,9,22,0.10046344250440598
stock,9,23,0.10035356134176254
stock,9,24,0.09945064038038254
stock,9,25,0.10029663890600204
stock,9,26,0.09897416830062866
stock,9,27,0.09908479452133179
stock,9,28,0.09925775974988937
stock,9,29,0.1006900817155838
stock,9,30,0.10057125985622406
stock,9,31,0.09889094531536102
stock,9,32,0.11924327164888382
stock,9,33,0.11865919083356857
stock,9,34,0.11807814985513687
stock,9,35,0.11897597461938858
stock,9,36,0.11803921312093735
stock,9,37,0.11871220171451569
stock,9,38,0.11835498362779617
stock,9,39,0.11845038831233978
stock,9,40,0.11782924830913544
stock,9,41,0.118674136698246
stock,9,42,0.11710581183433533
stock,9,43,0.11816410720348358
stock,9,44,0.11870644986629486
stock,9,45,0.11671154201030731
stock,9,46,0.11852660775184631
stock,9,47,0.11828593909740448
stock,9,48,0.0763801857829094
stock,9,49,0.0766618475317955
stock,9,50,0.077718585729599
stock,9,51,0.07797243446111679
stock,9,52,0.07758038491010666
stock,9,53,0.07660650461912155
stock,9,54,0.07624339312314987
stock,9,55,0.07759976387023926
stock,9,56,0.07733838260173798
stock,9,57,0.07660622149705887
stock,9,58,0.07736619561910629
stock,9,59,0.07708785682916641
stock,9,60,0.07796639204025269
stock,9,61,0.07769417017698288
stock,9,62,0.07792720943689346
stock,9,63,0.07739629596471786
stock,9,64,0.062195561826229095
stock,9,65,0.0626339241862297
stock,9,66,0.061320044100284576
stock,9,67,0.062195487320423126
stock,9,68,0.06275326013565063
stock,9,69,0.062242284417152405
stock,9,70,0.06212003529071808
stock,9,71,0.062435686588287354
stock,9,72,0.06234261393547058
stock,9,73,0.06343232095241547
stock,9,74,0.06162828579545021
stock,9,75,0.06237936019897461
stock,9,76,0.06278083473443985
stock,9,77,0.06235522776842117
stock,9,78,0.06227942183613777
stock,9,79,0.06261584162712097
stock,10,0,0.13915163278579712
stock,10,1,0.1412792056798935
stock,10,2,0.13942226767539978
stock,10,3,0.14257614314556122
stock,10,4,0.14060543477535248
stock,10,5,0.13763545453548431
stock,10,6,0.14387954771518707
stock,10,7,0.14107903838157654
stock,10,8,0.14080055058002472
stock,10,9,0.14853553473949432
stock,10,10,0.13990770280361176
stock,10,11,0.1403096318244934
stock,10,12,0.14488433301448822
stock,10,13,0.14121276140213013
stock,10,14,0.1387815922498703
stock,10,15,0.13878333568572998
stock,10,16,0.09929273277521133
stock,10,17,0.09893444925546646
stock,10,18,0.09880824387073517
stock,10,19,0.09809955209493637
stock,10,20,0.09771270304918289
stock,10,21,0.09908965229988098
stock,10,22,0.09976410865783691
stock,10,23,0.0990343764424324
stock,10,24,0.09946157783269882
stock,10,25,0.0995766893029213
stock,10,26,0.0982210785150528
stock,10,27,0.09830956906080246
stock,10,28,0.09833711385726929
stock,10,29,0.0983235090970993
stock,10,30,0.10027359426021576
stock,10,31,0.0982164740562439
stock,10,32,0.11844619363546371
stock,10,33,0.11929666250944138
stock,10,34,0.11790622025728226
stock,10,35,0.11783502250909805
stock,10,36,0.1184995248913765
stock,10,37,0.11779789626598358
stock,10,38,0.11990130692720413
stock,10,39,0.11923094093799591
stock,10,40,0.11950337141752243
stock,10,41,0.11786443740129471
stock,10,42,0.1185496374964714
stock,10,43,0.1186201423406601
stock,10,44,0.11927434802055359
stock,10,45,0.11755992472171783
stock,10,46,0.1185918003320694
stock,10,47,0.11781062185764313
stock,10,48,0.07596553862094879
stock,10,49,0.07622247189283371
stock,10,50,0.07701508700847626
stock,10,51,0.07672515511512756
stock,10,52,0.0765046775341034
stock,10,53,0.07574257999658585
stock,10,54,0.07590515911579132
stock,10,55,0.07591282576322556
stock,10,56,0.0770392119884491
stock,10,57,0.07684977352619171
stock,10,58,0.07660410553216934
stock,10,59,0.0760422870516777
stock,10,60,0.07564204931259155
stock,10,61,0.07703232765197754
stock,10,62,0.07656605541706085
stock,10,63,0.07559013366699219
stock,10,64,0.060687799006700516
stock,10,65,0.06129775941371918
stock,10,66,0.06002792343497276
stock,10,67,0.06063361465930939
stock,10,68,0.06086060404777527
stock,10,69,0.060798678547143936
stock,10,70,0.06016065180301666
stock,10,71,0.060344111174345016
stock,10,72,0.060427311807870865
stock,10,73,0.060637399554252625
stock,10,74,0.06042013689875603
stock,10,75,0.06074052304029465
stock,10,76,0.06139831990003586
stock,10,77,0.06083359196782112
stock,10,78,0.05988512188196182
stock,10,79,0.06046048924326897
stock,11,0,0.14032277464866638
stock,11,1,0.1389242261648178
stock,11,2,0.13974003493785858
stock,11,3,0.14550045132637024
stock,11,4,0.14178478717803955
stock,11,5,0.1373668909072876
stock,11,6,0.14275316894054413
stock,11,7,0.1396390199661255
stock,11,8,0.1419890969991684
stock,11,9,0.15213006734848022
stock,11,10,0.13911202549934387
stock,11,11,0.1397118866443634
stock,11,12,0.1441342979669571
stock,11,13,0.14082379639148712
stock,11,14,0.13865996897220612
stock,11,15,0.13877765834331512
stock,11,16,0.09861460328102112
stock,11,17,0.09966058284044266
stock,11,18,0.0980893149971962
stock,11,19,0.0994974821805954
stock,11,20,0.09842508286237717
stock,11,21,0.099636510014534
stock,11,22,0.10054575651884079
stock,11,23,0.10039740055799484
stock,11,24,0.09885901212692261
stock,11,25,0.10024835169315338
stock,11,26,0.09790399670600891
stock,11,27,0.09813694655895233
stock,11,28,0.09951537102460861
stock,11,29,0.09936501085758209
stock,11,30,0.10076771676540375
stock,11,31,0.09953099489212036
stock,11,32,0.11812213063240051
stock,11,33,0.1195480078458786
stock,11,34,0.11784926801919937
stock,11,35,0.11809764802455902
stock,11,36,0.1168983206152916
stock,11,37,0.1186431273818016
stock,11,38,0.11808432638645172
stock,11,39,0.11901047080755234
stock,11,40,0.11838851869106293
stock,11,41,0.11779773980379105
stock,11,42,0.11768477410078049
stock,11,43,0.11678288131952286
stock,11,44,0.11911270767450333
stock,11,45,0.11797250807285309
stock,11,46,0.11897106468677521
stock,11,47,0.11776020377874374
stock,11,48,0.07515805214643478
stock,11,49,0.07602091878652573
stock,11,50,0.07678888738155365
stock,11,51,0.07614535838365555
stock,11,52,0.07570891082286835
stock,11,53,0.0761231780052185
stock,11,54,0.0752980038523674
stock,11,55,0.07609330117702484
stock,11,56,0.07623421400785446
stock,11,57,0.0760233998298645
stock,11,58,0.07641758769750595
stock,11,59,0.07622762769460678
stock,11,60,0.07554864883422852
stock,11,61,0.07680422067642212
stock,11,62,0.0762607678771019
stock,11,63,0.0763130858540535
stock,11,64,0.06124303489923477
stock,11,65,0.061076607555150986
stock,11,66,0.05960887670516968
stock,11,67,0.061375655233860016
stock,11,68,0.06087556853890419
stock,11,69,0.060500483959913254
stock,11,70,0.06096508726477623
stock,11,71,0.06040997430682182
stock,11,72,0.060899488627910614
stock,11,73,0.06081124022603035
stock,11,74,0.06088884919881821
stock,11,75,0.0607600100338459
stock,11,76,0.0615437887609005
stock,11,77,0.06058429554104805
stock,11,78,0.060067418962717056
stock,11,79,0.060480959713459015
stock,12,0,0.14235688745975494
stock,12,1,0.14216415584087372
stock,12,2,0.1432444304227829
stock,12,3,0.14652389287948608
stock,12,4,0.1447988599538803
stock,12,5,0.1399233192205429
stock,12,6,0.14586769044399261
stock,12,7,0.1418561488389969
stock,12,8,0.1450248509645462
stock,12,9,0.15279150009155273
stock,12,10,0.14199768006801605
stock,12,11,0.1422913521528244
stock,12,12,0.14887969195842743
stock,12,13,0.14283837378025055
stock,12,14,0.1408265084028244
stock,12,15,0.1399340033531189
stock,12,16,0.09947594255208969
stock,12,17,0.10028966516256332
stock,12,18,0.09777025878429413
stock,12,19,0.09946466982364655
stock,12,20,0.09933969378471375
stock,12,21,0.09878707677125931
stock,12,22,0.10058631747961044
stock,12,23,0.09986302256584167
stock,12,24,0.09990839660167694
stock,12,25,0.10091065615415573
stock,12,26,0.09904693812131882
stock,12,27,0.09867707639932632
stock,12,28,0.10006380826234818
stock,12,29,0.10067925602197647
stock,12,30,0.10004667192697525
stock,12,31,0.10009690374135971
stock,12,32,0.12067976593971252
stock,12,33,0.11953320354223251
stock,12,34,0.11924399435520172
stock,12,35,0.11826617270708084
stock,12,36,0.1186734065413475
stock,12,37,0.12014544010162354
stock,12,38,0.12065914273262024
stock,12,39,0.11793945729732513
stock,12,40,0.11825622618198395
stock,12,41,0.11844790726900101
stock,12,42,0.11883905529975891
stock,12,43,0.11920442432165146
stock,12,44,0.12027648091316223
stock,12,45,0.11757469177246094
stock,12,46,0.11931254714727402
stock,12,47,0.11893332749605179
stock,12,48,0.07585039734840393
stock,12,49,0.07654383778572083
stock,12,50,0.07677661627531052
stock,12,51,0.07686355710029602
stock,12,52,0.07708580046892166
stock,12,53,0.07633733004331589
stock,12,54,0.07611223310232162
stock,12,55,0.0766393393278122
stock,12,56,0.07762984931468964
stock,12,57,0.07705732434988022
stock,12,58,0.07695004343986511
stock,12,59,0.07642192393541336
stock,12,60,0.07678932696580887
stock,12,61,0.07788320630788803
stock,12,62,0.07633012533187866
stock,12,63,0.07637142390012741
stock,12,64,0.06041344255208969
stock,12,65,0.061130914837121964
stock,12,66,0.0597500205039978
stock,12,67,0.061120934784412384
stock,12,68,0.06053031608462334
stock,12,69,0.060264140367507935
stock,12,70,0.05980769917368889
stock,12,71,0.06035937741398811
stock,12,72,0.061085693538188934
stock,12,73,0.060656577348709106
stock,12,74,0.05998105928301811
stock,12,75,0.060049869120121
stock,12,76,0.06059344857931137
stock,12,77,0.06086752936244011
stock,12,78,0.060617730021476746
stock,12,79,0.06085221469402313
stock,13,0,0.14037832617759705
stock,13,1,0.13944396376609802
stock,13,2,0.14007169008255005
stock,13,3,0.14360447227954865
stock,13,4,0.14192555844783783
stock,13,5,0.1365269422531128
stock,13,6,0.142304465174675
stock,13,7,0.13971781730651855
stock,13,8,0.14236150681972504
stock,13,9,0.14925996959209442
stock,13,10,0.1401393562555313
stock,13,11,0.1396663337945938
stock,13,12,0.1448860466480255
stock,13,13,0.13964106142520905
stock,13,14,0.13981804251670837
stock,13,15,0.13876497745513916
stock,13,16,0.09935317933559418
stock,13,17,0.09892919659614563
stock,13,18,0.09868772327899933
stock,13,19,0.0996190682053566
stock,13,20,0.09888201951980591
stock,13,21,0.0993676707148552
stock,13,22,0.10033044964075089
stock,13,23,0.10087966918945312
stock,13,24,0.09945350885391235
stock,13,25,0.0998925119638443
stock,13,26,0.09857940673828125
stock,13,27,0.09897115081548691
stock,13,28,0.09972488135099411
stock,13,29,0.09970761835575104
stock,13,30,0.09900587052106857
stock,13,31,0.09918136894702911
stock,13,32,0.1191924437880516
stock,13,33,0.11841236799955368
stock,13,34,0.11841847747564316
stock,13,35,0.11905646324157715
stock,13,36,0.11958682537078857
stock,13,37,0.11781564354896545
stock,13,38,0.11980444937944412
stock,13,39,0.11826759576797485
stock,13,40,0.11836142092943192
stock,13,41,0.1180470809340477
stock,13,42,0.11829402297735214
stock,13,43,0.11829912662506104
stock,13,44,0.12016274034976959
stock,13,45,0.1180867850780487
stock,13,46,0.11875797063112259
stock,13,47,0.11933961510658264
stock,13,48,0.07565009593963623
stock,13,49,0.07547253370285034
stock,13,50,0.07680681347846985
stock,13,51,0.07654757052659988
stock,13,52,0.07662668824195862
stock,13,53,0.07579127699136734
stock,13,54,0.07514700293540955
stock,13,55,0.07512647658586502
stock,13,56,0.07617019861936569
stock,13,57,0.0757780373096466
stock,13,58,0.07647933810949326
stock,13,59,0.0761924535036087
stock,13,60,0.07666122168302536
stock,13,61,0.07657260447740555
stock,13,62,0.07579869776964188
stock,13,63,0.07527292519807816
stock,13,64,0.06027884781360626
stock,13,65,0.060512054711580276
stock,13,66,0.06033899635076523
stock,13,67,0.060992103070020676
stock,13,68,0.060705188661813736
stock,13,69,0.05963398143649101
stock,13,70,0.060596536844968796
stock,13,71,0.06052078306674957
stock,13,72,0.05992622300982475
stock,13,73,0.06117096170783043
stock,13,74,0.06018256023526192
stock,13,75,0.060762837529182434
stock,13,76,0.06109467148780823
stock,13,77,0.0605335459113121
stock,13,78,0.060108426958322525
stock,13,79,0.06005450710654259
stock,14,0,0.13542956113815308
stock,14,1,0.1375744491815567
stock,14,2,0.13651657104492188
stock,14,3,0.14195679128170013
stock,14,4,0.13923199474811554
stock,14,5,0.1358436793088913
stock,14,6,0.1403922438621521
stock,14,7,0.13739418983459473
stock,14,8,0.1387241780757904
stock,14,9,0.1489894986152649
stock,14,10,0.13854087889194489
stock,14,11,0.13833056390285492
stock,14,12,0.14335885643959045
stock,14,13,0.13840903341770172
stock,14,14,0.13625468313694
stock,14,15,0.1368766874074936
stock,14,16,0.0971173420548439
stock,14,17,0.0970277264714241
stock,14,18,0.0981566309928894
stock,14,19,0.09883536398410797
stock,14,20,0.09732409566640854
stock,14,21,0.09891488403081894
stock,14,22,0.0998530387878418
stock,14,23,0.09949766844511032
stock,14,24,0.09764320403337479
stock,14,25,0.09935366362333298
stock,14,26,0.09759398549795151
stock,14,27,0.09839468449354172
stock,14,28,0.0985785573720932
stock,14,29,0.09812764078378677
stock,14,30,0.09958319365978241
stock,14,31,0.09784495830535889
stock,14,32,0.11816392093896866
stock,14,33,0.11794567108154297
stock,14,34,0.11766836047172546
stock,14,35,0.11761051416397095
stock,14,36,0.11866205185651779
stock,14,37,0.11837371438741684
stock,14,38,0.11898058652877808
stock,14,39,0.11722830682992935
stock,14,40,0.1177375540137291
stock,14,41,0.11648616194725037
stock,14,42,0.11602102220058441
stock,14,43,0.1175018921494484
stock,14,44,0.11882001161575317
stock,14,45,0.11670459061861038
stock,14,46,0.11651911586523056
stock,14,47,0.11701809614896774
stock,14,48,0.07532534003257751
stock,14,49,0.07486679404973984
stock,14,50,0.0759112685918808
stock,14,51,0.07659792900085449
stock,14,52,0.07591349631547928
stock,14,53,0.07671020179986954
stock,14,54,0.07510220259428024
stock,14,55,0.07665892690420151
stock,14,56,0.07686737924814224
stock,14,57,0.07625976949930191
stock,14,58,0.07586534321308136
stock,14,59,0.0758071318268776
stock,14,60,0.07644160836935043
stock,14,61,0.07660577446222305
stock,14,62,0.07596062868833542
stock,14,63,0.07606527209281921
stock,14,64,0.059841886162757874
stock,14,65,0.060278717428445816
stock,14,66,0.05896859988570213
stock,14,67,0.06077660247683525
stock,14,68,0.06076871603727341
stock,14,69,0.05964358150959015
stock,14,70,0.05969362333416939
stock,14,71,0.05971764028072357
stock,14,72,0.06033521145582199
stock,14,73,0.06043979153037071
stock,14,74,0.0592217855155468
stock,14,75,0.06033853068947792
stock,14,76,0.06116454303264618
stock,14,77,0.060333237051963806
stock,14,78,0.0605735145509243
stock,14,79,0.06016821786761284
stock,15,0,0.14064376056194305
stock,15,1,0.14052808284759521
stock,15,2,0.14195764064788818
stock,15,3,0.1449204981327057
stock,15,4,0.14318090677261353
stock,15,5,0.13913963735103607
stock,15,6,0.14483019709587097
stock,15,7,0.14119400084018707
stock,15,8,0.14329232275485992
stock,15,9,0.1524006426334381
stock,15,10,0.14149703085422516
stock,15,11,0.14097799360752106
stock,15,12,0.14728130400180817
stock,15,13,0.14094406366348267
stock,15,14,0.13950513303279877
stock,15,15,0.14151906967163086
stock,15,16,0.0977170541882515
stock,15,17,0.09858399629592896
stock,15,18,0.09903737157583237
stock,15,19,0.09988418221473694
stock,15,20,0.0974702462553978
stock,15,21,0.10057612508535385
stock,15,22,0.09989812970161438
stock,15,23,0.10044408589601517
stock,15,24,0.09885502606630325
stock,15,25,0.09943395853042603
stock,15,26,0.09856876730918884
stock,15,27,0.09942948818206787
stock,15,28,0.0996503233909607
stock,15,29,0.10062240064144135
stock,15,30,0.0992218405008316
stock,15,31,0.09845854341983795
stock,15,32,0.12012108415365219
stock,15,33,0.11835397779941559
stock,15,34,0.11872601509094238
stock,15,35,0.11883074045181274
stock,15,36,0.11832897365093231
stock,15,37,0.11802973598241806
stock,15,38,0.11970880627632141
stock,15,39,0.11904475837945938
stock,15,40,0.11907745897769928
stock,15,41,0.11842667311429977
stock,15,42,0.11800556629896164
stock,15,43,0.11787988990545273
stock,15,44,0.1201692521572113
stock,15,45,0.11897610872983932
stock,15,46,0.11752328276634216
stock,15,47,0.11729572713375092
stock,15,48,0.07589931041002274
stock,15,49,0.07587508857250214
stock,15,50,0.07670667767524719
stock,15,51,0.07635381072759628
stock,15,52,0.07671685516834259
stock,15,53,0.07606162130832672
stock,15,54,0.07548914849758148
stock,15,55,0.0759425014257431
stock,15,56,0.07619603723287582
stock,15,57,0.07604990899562836
stock,15,58,0.0770251601934433
stock,15,59,0.07618674635887146
stock,15,60,0.07678449898958206
stock,15,61,0.07734392583370209
stock,15,62,0.07593666017055511
stock,15,63,0.07598046213388443
stock,15,64,0.06151505559682846
stock,15,65,0.061614733189344406
stock,15,66,0.06017892062664032
stock,15,67,0.06137998402118683
stock,15,68,0.06109706312417984
stock,15,69,0.06049737706780434
stock,15,70,0.060679107904434204
stock,15,71,0.06106022000312805
stock,15,72,0.06037214770913124
stock,15,73,0.061382848769426346
stock,15,74,0.059980425983667374
stock,15,75,0.06009726598858833
stock,15,76,0.06092514097690582
stock,15,77,0.061677463352680206
stock,15,78,0.06092726066708565
stock,15,79,0.06090575456619263
stock,16,0,0.1384718418121338
stock,16,1,0.13918250799179077
stock,16,2,0.13858377933502197
stock,16,3,0.14393039047718048
stock,16,4,0.1417376697063446
stock,16,5,0.13575327396392822
stock,16,6,0.14235444366931915
stock,16,7,0.13845568895339966
stock,16,8,0.14058278501033783
stock,16,9,0.15050582587718964
stock,16,10,0.1416165828704834
stock,16,11,0.1377560794353485
stock,16,12,0.14238907396793365
stock,16,13,0.1391756385564804
stock,16,14,0.13781234622001648
stock,16,15,0.1378391832113266
stock,16,16,0.09676192700862885
stock,16,17,0.09917296469211578
stock,16,18,0.09712225198745728
stock,16,19,0.0987648144364357
stock,16,20,0.09729523956775665
stock,16,21,0.09899277985095978
stock,16,22,0.09991083294153214
stock,16,23,0.09915240108966827
stock,16,24,0.0972125381231308
stock,16,25,0.09831272065639496
stock,16,26,0.09669999033212662
stock,16,27,0.09920354187488556
stock,16,28,0.09783712029457092
stock,16,29,0.09708455204963684
stock,16,30,0.09987174719572067
stock,16,31,0.098329097032547
stock,16,32,0.11823423951864243
stock,16,33,0.11833129078149796
stock,16,34,0.11877851188182831
stock,16,35,0.11699967086315155
stock,16,36,0.11654996126890182
stock,16,37,0.11822924762964249
stock,16,38,0.11882081627845764
stock,16,39,0.11814392358064651
stock,16,40,0.11718513816595078
stock,16,41,0.11682545393705368
stock,16,42,0.11735782027244568
stock,16,43,0.1161884218454361
stock,16,44,0.11718327552080154
stock,16,45,0.11569485813379288
stock,16,46,0.11673879623413086
stock,16,47,0.11744053661823273
stock,16,48,0.0747121050953865
stock,16,49,0.07573641091585159
stock,16,50,0.07634774595499039
stock,16,51,0.07637185603380203
stock,16,52,0.07611458748579025
stock,16,53,0.07585600018501282
stock,16,54,0.075812928378582
stock,16,55,0.07518570125102997
stock,16,56,0.07593156397342682
stock,16,57,0.07687760889530182
stock,16,58,0.07586709409952164
stock,16,59,0.07558001577854156
stock,16,60,0.07595524936914444
stock,16,61,0.07578954845666885
stock,16,62,0.07538315653800964
stock,16,63,0.07566121220588684
stock,16,64,0.059900444000959396
stock,16,65,0.060972560197114944
stock,16,66,0.059350259602069855
stock,16,67,0.06079656258225441
stock,16,68,0.06083495542407036
stock,16,69,0.060232605785131454
stock,16,70,0.06072283536195755
stock,16,71,0.059514593333005905
stock,16,72,0.059999819844961166
stock,16,73,0.06110755354166031
stock,16,74,0.05946209654211998
stock,16,75,0.060420796275138855
stock,16,76,0.06060773879289627
stock,16,77,0.05995427817106247
stock,16,78,0.05998249351978302
stock,16,79,0.061044227331876755
stock,17,0,0.13919232785701752
stock,17,1,0.1397344172000885
stock,17,2,0.13932578265666962
stock,17,3,0.14382821321487427
stock,17,4,0.14226055145263672
stock,17,5,0.13830439746379852
stock,17,6,0.14395040273666382
stock,17,7,0.14095160365104675
stock,17,8,0.14195995032787323
stock,17,9,0.15160666406154633
stock,17,10,0.13962766528129578
stock,17,11,0.14058245718479156
stock,17,12,0.1459871232509613
stock,17,13,0.14060665667057037
stock,17,14,0.13835321366786957
stock,17,15,0.1395772099494934
stock,17,16,0.09801909327507019
stock,17,17,0.09760474413633347
stock,17,18,0.09830059856176376
stock,17,19,0.09938234835863113
stock,17,20,0.09746735543012619
stock,17,21,0.09968103468418121
stock,17,22,0.09928152710199356
stock,17,23,0.0994410291314125
stock,17,24,0.09907405078411102
stock,17,25,0.09967315942049026
stock,17,26,0.09772711247205734
stock,17,27,0.09859415143728256
stock,17,28,0.0975269079208374
stock,17,29,0.09914305061101913
stock,17,30,0.09804455190896988
stock,17,31,0.09750279039144516
stock,17,32,0.11865903437137604
stock,17,33,0.11921090632677078
stock,17,34,0.11621996015310287
stock,17,35,0.11930156499147415
stock,17,36,0.11930371820926666
stock,17,37,0.11730468273162842
stock,17,38,0.1194460541009903
stock,17,39,0.11841355264186859
stock,17,40,0.11745710670948029
stock,17,41,0.11838998645544052
stock,17,42,0.11817058175802231
stock,17,43,0.11872250586748123
stock,17,44,0.1190720796585083
stock,17,45,0.11760681867599487
stock,17,46,0.11796607822179794
stock,17,47,0.11883678287267685
stock,17,48,0.07547128200531006
stock,17,49,0.07623767107725143
stock,17,50,0.07667706161737442
stock,17,51,0.07595741003751755
stock,17,52,0.0771762952208519
stock,17,53,0.07649273425340652
stock,17,54,0.07570390403270721
stock,17,55,0.07557733356952667
stock,17,56,0.07590346038341522
stock,17,57,0.07646108418703079
stock,17,58,0.07721226662397385
stock,17,59,0.07682757824659348
stock,17,60,0.07669422775506973
stock,17,61,0.076051726937294
stock,17,62,0.0763881579041481
stock,17,63,0.07558964192867279
stock,17,64,0.060427580028772354
stock,17,65,0.06105725094676018
stock,17,66,0.059845492243766785
stock,17,67,0.06010562181472778
stock,17,68,0.06100410223007202
stock,17,69,0.060360196977853775
stock,17,70,0.06037888675928116
stock,17,71,0.06041700392961502
stock,17,72,0.0604398250579834
stock,17,73,0.06120157241821289
stock,17,74,0.060372769832611084
stock,17,75,0.060793232172727585
stock,17,76,0.061261750757694244
stock,17,77,0.061041299253702164
stock,17,78,0.060750871896743774
stock,17,79,0.060657016932964325
stock,18,0,0.1389659345149994
stock,18,1,0.1380520612001419
stock,18,2,0.13928814232349396
stock,18,3,0.1429273635149002
stock,18,4,0.14155514538288116
stock,18,5,0.13690043985843658
stock,18,6,0.14118440449237823
stock,18,7,0.13879114389419556
stock,18,8,0.14134496450424194
stock,18,9,0.14915646612644196
stock,18,10,0.13806800544261932
stock,18,11,0.13873642683029175
stock,18,12,0.14522302150726318
stock,18,13,0.1394418329000473
stock,18,14,0.1379653364419937
stock,18,15,0.13699033856391907
stock,18,16,0.0974850282073021
stock,18,17,0.09733828902244568
stock,18,18,0.09808839112520218
stock,18,19,0.09922052919864655
stock,18,20,0.09816024452447891
stock,18,21,0.09874401986598969
stock,18,22,0.09886489808559418
stock,18,23,0.09819589555263519
stock,18,24,0.09746799618005753
stock,18,25,0.0981745719909668
stock,18,26,0.0975273922085762
stock,18,27,0.09776826202869415
stock,18,28,0.0985485389828682
stock,18,29,0.09789169579744339
stock,18,30,0.09952297061681747
stock,18,31,0.09678933024406433
stock,18,32,0.11757301539182663
stock,18,33,0.11610473692417145
stock,18,34,0.11650177836418152
stock,18,35,0.11592917889356613
stock,18,36,0.11861728131771088
stock,18,37,0.11723087728023529
stock,18,38,0.11774715781211853
stock,18,39,0.11778948456048965
stock,18,40,0.11602097004652023
stock,18,41,0.11806895583868027
stock,18,42,0.11660769581794739
stock,18,43,0.11653240025043488
stock,18,44,0.11724156141281128
stock,18,45,0.11729694157838821
stock,18,46,0.11664364486932755
stock,18,47,0.11724057793617249
stock,18,48,0.07517828047275543
stock,18,49,0.07522556185722351
stock,18,50,0.0763021931052208
stock,18,51,0.0764048844575882
stock,18,52,0.07653483003377914
stock,18,53,0.07670847326517105
stock,18,54,0.07561756670475006
stock,18,55,0.07665273547172546
stock,18,56,0.07672978937625885
stock,18,57,0.07636252790689468
stock,18,58,0.07561697065830231
stock,18,59,0.07561599463224411
stock,18,60,0.07578086107969284
stock,18,61,0.07700426131486893
stock,18,62,0.07642818242311478
stock,18,63,0.07551559805870056
stock,18,64,0.06066729873418808
stock,18,65,0.06015993282198906
stock,18,66,0.059573184698820114
stock,18,67,0.06035563349723816
stock,18,68,0.06110173463821411
stock,18,69,0.05924167111515999
stock,18,70,0.06022969260811806
stock,18,71,0.06006437912583351
stock,18,72,0.06061485782265663
stock,18,73,0.060292188078165054
stock,18,74,0.0595671720802784
stock,18,75,0.060009829699993134
stock,18,76,0.06126656383275986
stock,18,77,0.060800034552812576
stock,18,78,0.06015482917428017
stock,18,79,0.06026986241340637
stock,19,0,0.14026139676570892
stock,19,1,0.14009182155132294
stock,19,2,0.14019805192947388
stock,19,3,0.1425212025642395
stock,19,4,0.14070133864879608
stock,19,5,0.13524438440799713
stock,19,6,0.14338909089565277
stock,19,7,0.14023205637931824
stock,19,8,0.14227710664272308
stock,19,9,0.15021465718746185
stock,19,10,0.13824839890003204
stock,19,11,0.13714110851287842
stock,19,12,0.14515259861946106
stock,19,13,0.13955791294574738
stock,19,14,0.13949726521968842
stock,19,15,0.13599996268749237
stock,19,16,0.09814280271530151
stock,19,17,0.09777246415615082
stock,19,18,0.09708023816347122
stock,19,19,0.0985221117734909
stock,19,20,0.09798117727041245
stock,19,21,0.09853495657444
stock,19,22,0.0994211807847023
stock,19,23,0.09979873150587082
stock,19,24,0.09881821274757385
stock,19,25,0.09867112338542938
stock,19,26,0.0982595682144165
stock,19,27,0.09782443940639496
stock,19,28,0.09778674691915512
stock,19,29,0.09888075292110443
stock,19,30,0.09966196864843369
stock,19,31,0.09865114837884903
stock,19,32,0.11832356452941895
stock,19,33,0.11760901659727097
stock,19,34,0.11742610484361649
stock,19,35,0.11773084849119186
stock,19,36,0.11789149791002274
stock,19,37,0.11692581325769424
stock,19,38,0.11883153766393661
stock,19,39,0.11738555133342743
stock,19,40,0.11780782043933868
stock,19,41,0.11767181754112244
stock,19,42,0.11697790026664734
stock,19,43,0.11838752776384354
stock,19,44,0.11864359676837921
stock,19,45,0.11763796955347061
stock,19,46,0.11806631833314896
stock,19,47,0.11758790910243988
stock,19,48,0.07532438635826111
stock,19,49,0.0745449960231781
stock,19,50,0.07657986134290695
stock,19,51,0.07575380057096481
stock,19,52,0.07558241486549377
stock,19,53,0.07502088695764542
stock,19,54,0.07543241232633591
stock,19,55,0.07488201558589935
stock,19,56,0.07591769099235535
stock,19,57,0.07621964812278748
stock,19,58,0.07513874024152756
stock,19,59,0.07527884095907211
stock,19,60,0.0758681669831276
stock,19,61,0.07673773914575577
stock,19,62,0.07558567076921463
stock,19,63,0.07534286379814148
stock,19,64,0.06056955084204674
stock,19,65,0.06017286330461502
stock,19,66,0.058789610862731934
stock,19,67,0.060710955411195755
stock,19,68,0.060284264385700226
stock,19,69,0.059897590428590775
stock,19,70,0.06006060540676117
stock,19,71,0.05916828662157059
stock,19,72,0.059997063130140305
stock,19,73,0.06092515215277672
stock,19,74,0.05974290519952774
stock,19,75,0.060229118913412094
stock,19,76,0.06077093258500099
stock,19,77,0.06033414974808693
stock,19,78,0.05983922258019447
stock,19,79,0.06037609651684761
stock,20,0,0.13984061777591705
stock,20,1,0.14077235758304596
stock,20,2,0.1410936564207077
stock,20,3,0.14446164667606354
stock,20,4,0.1436775028705597
stock,20,5,0.13685113191604614
stock,20,6,0.1409018337726593
stock,20,7,0.1403181403875351
stock,20,8,0.1430671215057373
stock,20,9,0.1505413055419922
stock,20,10,0.13987405598163605
stock,20,11,0.13953553140163422
stock,20,12,0.14461427927017212
stock,20,13,0.14003750681877136
stock,20,14,0.13807064294815063
stock,20,15,0.13834381103515625
stock,20,16,0.09809871017932892
stock,20,17,0.09872551262378693
stock,20,18,0.09855519235134125
stock,20,19,0.09910062700510025
stock,20,20,0.09811161458492279
stock,20,21,0.09898656606674194
stock,20,22,0.10080347210168839
stock,20,23,0.099347785115242
stock,20,24,0.09812083095312119
stock,20,25,0.09996519237756729
stock,20,26,0.09801243245601654
stock,20,27,0.09874419122934341
stock,20,28,0.09890010952949524
stock,20,29,0.09951432049274445
stock,20,30,0.10005372017621994
stock,20,31,0.09923525154590607
stock,20,32,0.11936947703361511
stock,20,33,0.11792191863059998
stock,20,34,0.11892390251159668
stock,20,35,0.11845448613166809
stock,20,36,0.1178896501660347
stock,20,37,0.11817843466997147
stock,20,38,0.11981995403766632
stock,20,39,0.11825184524059296
stock,20,40,0.11723588407039642
stock,20,41,0.11969181895256042
stock,20,42,0.11720190942287445
stock,20,43,0.11940144002437592
stock,20,44,0.1187879741191864
stock,20,45,0.11705431342124939
stock,20,46,0.11779133975505829
stock,20,47,0.11817111819982529
stock,20,48,0.07577971369028091
stock,20,49,0.07565609365701675
stock,20,50,0.07690710574388504
stock,20,51,0.07668080180883408
stock,20,52,0.07715468108654022
stock,20,53,0.07626046985387802
stock,20,54,0.076841801404953
stock,20,55,0.0758618488907814
stock,20,56,0.07623261213302612
stock,20,57,0.07605795562267303
stock,20,58,0.07652876526117325
stock,20,59,0.07592988014221191
stock,20,60,0.0769617035984993
stock,20,61,0.0775931179523468
stock,20,62,0.0768413320183754
stock,20,63,0.07580382376909256
stock,20,64,0.06133842095732689
stock,20,65,0.06124141067266464
stock,20,66,0.0603611059486866
stock,20,67,0.06052149087190628
stock,20,68,0.06180639564990997
stock,20,69,0.05987607687711716
stock,20,70,0.06101267784833908
stock,20,71,0.06070493534207344
stock,20,72,0.06070103868842125
stock,20,73,0.06105678528547287
stock,20,74,0.06054515019059181
stock,20,75,0.06028097867965698
stock,20,76,0.0614413321018219
stock,20,77,0.061714064329862595
stock,20,78,0.06053018569946289
stock,20,79,0.060639336705207825
stock,21,0,0.14061768352985382
stock,21,1,0.14244502782821655
stock,21,2,0.1418098509311676
stock,21,3,0.14426489174365997
stock,21,4,0.14253604412078857
stock,21,5,0.13882622122764587
stock,21,6,0.14427928626537323
stock,21,7,0.14069272577762604
stock,21,8,0.1424928903579712
stock,21,9,0.15120406448841095
stock,21,10,0.1406356245279312
stock,21,11,0.14074251055717468
stock,21,12,0.1463443636894226
stock,21,13,0.14111779630184174
stock,21,14,0.13878308236598969
stock,21,15,0.1395319402217865
stock,21,16,0.09839630126953125
stock,21,17,0.09877154231071472
stock,21,18,0.09800686687231064
stock,21,19,0.09880050271749496
stock,21,20,0.09804460406303406
stock,21,21,0.09999551624059677
stock,21,22,0.09940636903047562
stock,21,23,0.10011371225118637
stock,21,24,0.09871447086334229
stock,21,25,0.09958839416503906
stock,21,26,0.09759584814310074
stock,21,27,0.09829747676849365
stock,21,28,0.09770449995994568
stock,21,29,0.09938029944896698
stock,21,30,0.09970730543136597
stock,21,31,0.09961411356925964
stock,21,32,0.1197657436132431
stock,21,33,0.11842332035303116
stock,21,34,0.1187538355588913
stock,21,35,0.118752621114254
stock,21,36,0.11801975220441818
stock,21,37,0.11900945752859116
stock,21,38,0.11914554238319397
stock,21,39,0.11909187585115433
stock,21,40,0.118467777967453
stock,21,41,0.11885952949523926
stock,21,42,0.11757078766822815
stock,21,43,0.11819114536046982
stock,21,44,0.11987534165382385
stock,21,45,0.1170874536037445
stock,21,46,0.11832146346569061
stock,21,47,0.11695768684148788
stock,21,48,0.07531973719596863
stock,21,49,0.0760246142745018
stock,21,50,0.07708893716335297
stock,21,51,0.07720844447612762
stock,21,52,0.07663889974355698
stock,21,53,0.07624883949756622
stock,21,54,0.0762927308678627
stock,21,55,0.07719599455595016
stock,21,56,0.07673804461956024
stock,21,57,0.07686272263526917
stock,21,58,0.07580528408288956
stock,21,59,0.07647275179624557
stock,21,60,0.07695683091878891
stock,21,61,0.076482392847538
stock,21,62,0.07682133466005325
stock,21,63,0.07579170167446136
stock,21,64,0.060674507170915604
stock,21,65,0.0611753910779953
stock,21,66,0.05999961495399475
stock,21,67,0.06091790646314621
stock,21,68,0.061240993440151215
stock,21,69,0.060336511582136154
stock,21,70,0.06074349954724312
stock,21,71,0.060422249138355255
stock,21,72,0.061072178184986115
stock,21,73,0.06077912449836731
stock,21,74,0.06036367267370224
stock,21,75,0.06099233776330948
stock,21,76,0.06144604831933975
stock,21,77,0.06082615628838539
stock,21,78,0.05992268770933151
stock,21,79,0.06054944172501564
stock,22,0,0.14020776748657227
stock,22,1,0.13820311427116394
stock,22,2,0.14095529913902283
stock,22,3,0.14334098994731903
stock,22,4,0.14209197461605072
stock,22,5,0.1371687948703766
stock,22,6,0.14141252636909485
stock,22,7,0.13918104767799377
stock,22,8,0.14071059226989746
stock,22,9,0.15313445031642914
stock,22,10,0.13890160620212555
stock,22,11,0.13871484994888306
stock,22,12,0.14673365652561188
stock,22,13,0.1418566107749939
stock,22,14,0.13757489621639252
stock,22,15,0.13833163678646088
stock,22,16,0.09688523411750793
stock,22,17,0.09857653081417084
stock,22,18,0.09878551959991455
stock,22,19,0.09899874776601791
stock,22,20,0.0966111496090889
stock,22,21,0.10008256882429123
stock,22,22,0.09828996658325195
stock,22,23,0.09992778301239014
stock,22,24,0.09820039570331573
stock,22,25,0.09956760704517365
stock,22,26,0.09681996703147888
stock,22,27,0.09949062019586563
stock,22,28,0.09891732782125473
stock,22,29,0.1010180413722992
stock,22,30,0.09814252704381943
stock,22,31,0.09830394387245178
stock,22,32,0.11927109956741333
stock,22,33,0.11852266639471054
stock,22,34,0.1183306947350502
stock,22,35,0.11872388422489166
stock,22,36,0.11735046654939651
stock,22,37,0.1181960478425026
stock,22,38,0.11766169220209122
stock,22,39,0.11814805120229721
stock,22,40,0.11774858087301254
stock,22,41,0.11766877770423889
stock,22,42,0.11708641052246094
stock,22,43,0.11805034428834915
stock,22,44,0.11952538788318634
stock,22,45,0.1178818941116333
stock,22,46,0.11850506067276001
stock,22,47,0.11819664388895035
stock,22,48,0.07568033039569855
stock,22,49,0.07456883788108826
stock,22,50,0.07721764594316483
stock,22,51,0.07685227692127228
stock,22,52,0.07574906200170517
stock,22,53,0.07604234665632248
stock,22,54,0.07425736635923386
stock,22,55,0.07448717951774597
stock,22,56,0.07690256834030151
stock,22,57,0.07562043517827988
stock,22,58,0.07636898756027222
stock,22,59,0.07525437325239182
stock,22,60,0.07525401562452316
stock,22,61,0.07650157064199448
stock,22,62,0.07588064670562744
stock,22,63,0.07495409995317459
stock,22,64,0.06041552871465683
stock,22,65,0.06025579944252968
stock,22,66,0.05917956680059433
stock,22,67,0.060191620141267776
stock,22,68,0.060538340359926224
stock,22,69,0.0595821812748909
stock,22,70,0.060039982199668884
stock,22,71,0.05993850529193878
stock,22,72,0.05987996980547905
stock,22,73,0.06105157360434532
stock,22,74,0.060004424303770065
stock,22,75,0.06020938232541084
stock,22,76,0.0606391616165638
stock,22,77,0.06038505584001541
stock,22,78,0.06013445928692818
stock,22,79,0.060153041034936905
stock,23,0,0.1396247148513794
stock,23,1,0.13995787501335144
stock,23,2,0.14132754504680634
stock,23,3,0.14344310760498047
stock,23,4,0.1420077383518219
stock,23,5,0.1368766874074936
stock,23,6,0.14218473434448242
stock,23,7,0.139376699924469
stock,23,8,0.14168310165405273
stock,23,9,0.15090693533420563
stock,23,10,0.14089341461658478
stock,23,11,0.13913285732269287
stock,23,12,0.14738808572292328
stock,23,13,0.14068911969661713
stock,23,14,0.13900019228458405
stock,23,15,0.13983456790447235
stock,23,16,0.09773031622171402
stock,23,17,0.09831564873456955
stock,23,18,0.09794610738754272
stock,23,19,0.09887346625328064
stock,23,20,0.09808953106403351
stock,23,21,0.09924910217523575
stock,23,22,0.1005101129412651
stock,23,23,0.09995993226766586
stock,23,24,0.09854722768068314
stock,23,25,0.09951485693454742
stock,23,26,0.09744579344987869
stock,23,27,0.09893546253442764
stock,23,28,0.09847719967365265
stock,23,29,0.0987335592508316
stock,23,30,0.099864661693573
stock,23,31,0.0987219288945198
stock,23,32,0.11972607672214508
stock,23,33,0.11989898979663849
stock,23,34,0.11710262298583984
stock,23,35,0.11830724030733109
stock,23,36,0.1170884370803833
stock,23,37,0.11829755455255508
stock,23,38,0.11939990520477295
stock,23,39,0.11928056180477142
stock,23,40,0.11853913962841034
stock,23,41,0.11827708035707474
stock,23,42,0.11851590871810913
stock,23,43,0.11839365214109421
stock,23,44,0.11893882602453232
stock,23,45,0.11859530210494995
stock,23,46,0.1187010258436203
stock,23,47,0.11881247162818909
stock,23,48,0.07574515044689178
stock,23,49,0.07637518644332886
stock,23,50,0.07741349190473557
stock,23,51,0.07721634954214096
stock,23,52,0.07621373981237411
stock,23,53,0.07691831141710281
stock,23,54,0.07525065541267395
stock,23,55,0.07626107335090637
stock,23,56,0.07588205486536026
stock,23,57,0.07684551179409027
stock,23,58,0.07697878032922745
stock,23,59,0.07634371519088745
stock,23,60,0.07661846280097961
stock,23,61,0.07647189497947693
stock,23,62,0.07659545540809631
stock,23,63,0.07623574137687683
stock,23,64,0.06091328710317612
stock,23,65,0.0606805719435215
stock,23,66,0.06029854342341423
stock,23,67,0.060578353703022
stock,23,68,0.060962047427892685
stock,23,69,0.060337018221616745
stock,23,70,0.060266703367233276
stock,23,71,0.06042575091123581
stock,23,72,0.0612274631857872
stock,23,73,0.060972005128860474
stock,23,74,0.06016121432185173
stock,23,75,0.06051173806190491
stock,23,76,0.06112241744995117
stock,23,77,0.060823265463113785
stock,23,78,0.059683047235012054
stock,23,79,0.060391541570425034
stock,24,0,0.1410081386566162
stock,24,1,0.1404065042734146
stock,24,2,0.1404842883348465
stock,24,3,0.1447514444589615
stock,24,4,0.14295651018619537
stock,24,5,0.13793686032295227
stock,24,6,0.14565832912921906
stock,24,7,0.1417446881532669
stock,24,8,0.14270654320716858
stock,24,9,0.15183396637439728
stock,24,10,0.13912375271320343
stock,24,11,0.1410808116197586
stock,24,12,0.14698228240013123
stock,24,13,0.14095976948738098
stock,24,14,0.1396356076002121
stock,24,15,0.1380692571401596
stock,24,16,0.09921123087406158
stock,24,17,0.09784583002328873
stock,24,18,0.09725261479616165
stock,24,19,0.09918804466724396
stock,24,20,0.09815385937690735
stock,24,21,0.09838782995939255
stock,24,22,0.09917178750038147
stock,24,23,0.09882485866546631
stock,24,24,0.09725866466760635
stock,24,25,0.09876699000597
stock,24,26,0.09786718338727951
stock,24,27,0.0990607813000679
stock,24,28,0.09862770140171051
stock,24,29,0.0991707518696785
stock,24,30,0.0984925627708435
stock,24,31,0.09749440848827362
stock,24,32,0.11769448965787888
stock,24,33,0.11778254806995392
stock,24,34,0.1167936846613884
stock,24,35,0.11838386207818985
stock,24,36,0.11639351397752762
stock,24,37,0.11780179291963577
stock,24,38,0.1176372766494751
stock,24,39,0.11688940972089767
stock,24,40,0.11616375297307968
stock,24,41,0.11810626089572906
stock,24,42,0.11608274281024933
stock,24,43,0.1171034723520279
stock,24,44,0.11870571225881577
stock,24,45,0.11573193222284317
stock,24,46,0.11857804656028748
stock,24,47,0.11795147508382797
stock,24,48,0.07576000690460205
stock,24,49,0.0748734101653099
stock,24,50,0.07638714462518692
stock,24,51,0.07664338499307632
stock,24,52,0.07625890523195267
stock,24,53,0.07709881663322449
stock,24,54,0.07537931203842163
stock,24,55,0.07549825310707092
stock,24,56,0.07615970820188522
stock,24,57,0.07576486468315125
stock,24,58,0.07666774094104767
stock,24,59,0.0764990821480751
stock,24,60,0.07557670772075653
stock,24,61,0.07669240981340408
stock,24,62,0.07624614983797073
stock,24,63,0.07620849460363388
stock,24,64,0.06045878306031227
stock,24,65,0.060440585017204285
stock,24,66,0.06002911925315857
stock,24,67,0.061216987669467926
stock,24,68,0.06073003634810448
stock,24,69,0.060276955366134644
stock,24,70,0.0607716366648674
stock,24,71,0.06037832796573639
stock,24,72,0.06098722666501999
stock,24,73,0.0613161101937294
stock,24,74,0.060252416878938675
stock,24,75,0.060570091009140015
stock,24,76,0.06226981431245804
stock,24,77,0.061594441533088684
stock,24,78,0.060340218245983124
stock,24,79,0.06065043807029724
stock,25,0,0.14012090861797333
stock,25,1,0.14105258882045746
stock,25,2,0.1410246044397354
stock,25,3,0.14460398256778717
stock,25,4,0.14350906014442444
stock,25,5,0.1371483951807022
stock,25,6,0.14279329776763916
stock,25,7,0.1404353231191635
stock,25,8,0.1405707150697708
stock,25,9,0.1527748852968216
stock,25,10,0.14195431768894196
stock,25,11,0.14006482064723969
stock,25,12,0.14661568403244019
stock,25,13,0.1405361443758011
stock,25,14,0.13959833979606628
stock,25,15,0.1395517885684967
stock,25,16,0.10006774961948395
stock,25,17,0.09953780472278595
stock,25,18,0.09982805699110031
stock,25,19,0.10068216174840927
stock,25,20,0.09931443631649017
stock,25,21,0.10244634002447128
stock,25,22,0.10175018012523651
stock,25,23,0.10254611074924469
stock,25,24,0.10016012191772461
stock,25,25,0.10307493805885315
stock,25,26,0.09997876733541489
stock,25,27,0.10117707401514053
stock,25,28,0.10154841840267181
stock,25,29,0.10154111683368683
stock,25,30,0.10098013281822205
stock,25,31,0.10030852258205414
stock,25,32,0.11837451905012131
stock,25,33,0.1184443011879921
stock,25,34,0.11886011809110641
stock,25,35,0.11879578977823257
stock,25,36,0.11885302513837814
stock,25,37,0.12005291879177094
stock,25,38,0.11964040249586105
stock,25,39,0.12001082301139832
stock,25,40,0.11734329164028168
stock,25,41,0.11913137882947922
stock,25,42,0.11913890391588211
stock,25,43,0.11863776296377182
stock,25,44,0.11931958794593811
stock,25,45,0.11769997328519821
stock,25,46,0.11801622062921524
stock,25,47,0.11736415326595306
stock,25,48,0.07653279602527618
stock,25,49,0.0758819505572319
stock,25,50,0.07689268887042999
stock,25,51,0.0774301290512085
stock,25,52,0.07648438215255737
stock,25,53,0.07763370126485825
stock,25,54,0.07654789090156555
stock,25,55,0.07652369886636734
stock,25,56,0.07710913568735123
stock,25,57,0.07713151723146439
stock,25,58,0.07775777578353882
stock,25,59,0.07652639597654343
stock,25,60,0.07643427699804306
stock,25,61,0.07738233357667923
stock,25,62,0.07739434391260147
stock,25,63,0.07552125304937363
stock,25,64,0.062011346220970154
stock,25,65,0.061820924282073975
stock,25,66,0.059867579489946365
stock,25,67,0.06236077472567558
stock,25,68,0.06187192350625992
stock,25,69,0.06186135858297348
stock,25,70,0.061313845217227936
stock,25,71,0.06132488325238228
stock,25,72,0.061777740716934204
stock,25,73,0.062124840915203094
stock,25,74,0.061419907957315445
stock,25,75,0.06156354770064354
stock,25,76,0.06144076958298683
stock,25,77,0.06210825964808464
stock,25,78,0.06113047152757645
stock,25,79,0.06130722165107727
stock,26,0,0.1396186351776123
stock,26,1,0.14182904362678528
stock,26,2,0.1404864490032196
stock,26,3,0.14420394599437714
stock,26,4,0.1426355540752411
stock,26,5,0.13782931864261627
stock,26,6,0.14204955101013184
stock,26,7,0.14207974076271057
stock,26,8,0.14273227751255035
stock,26,9,0.1511920839548111
stock,26,10,0.14017312228679657
stock,26,11,0.14068245887756348
stock,26,12,0.14534512162208557
stock,26,13,0.1419883519411087
stock,26,14,0.13768532872200012
stock,26,15,0.1379493921995163
stock,26,16,0.09780889749526978
stock,26,17,0.09787300229072571
stock,26,18,0.09704399108886719
stock,26,19,0.09864149987697601
stock,26,20,0.09728869795799255
stock,26,21,0.09933167695999146
stock,26,22,0.09886484593153
stock,26,23,0.09905637800693512
stock,26,24,0.09852255880832672
stock,26,25,0.09919473528862
stock,26,26,0.0976804718375206
stock,26,27,0.0983792170882225
stock,26,28,0.09787939488887787
stock,26,29,0.09950390458106995
stock,26,30,0.09887734055519104
stock,26,31,0.09901539236307144
stock,26,32,0.11780188232660294
stock,26,33,0.11753301322460175
stock,26,34,0.11725156009197235
stock,26,35,0.11818689852952957
stock,26,36,0.11885954439640045
stock,26,37,0.11766018718481064
stock,26,38,0.11758299171924591
stock,26,39,0.11861404031515121
stock,26,40,0.11670289188623428
stock,26,41,0.11706271022558212
stock,26,42,0.11800236254930496
stock,26,43,0.11814292520284653
stock,26,44,0.1182972714304924
stock,26,45,0.11688777059316635
stock,26,46,0.11849350482225418
stock,26,47,0.11660425364971161
stock,26,48,0.07610144466161728
stock,26,49,0.07588076591491699
stock,26,50,0.07620032131671906
stock,26,51,0.07664524763822556
stock,26,52,0.07677164673805237
stock,26,53,0.07630831748247147
stock,26,54,0.07545169442892075
stock,26,55,0.07594671100378036
stock,26,56,0.07565147429704666
stock,26,57,0.07608872652053833
stock,26,58,0.0765787735581398
stock,26,59,0.07583228498697281
stock,26,60,0.07656560838222504
stock,26,61,0.07693389803171158
stock,26,62,0.07642059773206711
stock,26,63,0.07598789036273956
stock,26,64,0.06120173633098602
stock,26,65,0.060946378856897354
stock,26,66,0.05926857888698578
stock,26,67,0.06068664416670799
stock,26,68,0.061265718191862106
stock,26,69,0.05979256331920624
stock,26,70,0.060051079839468
stock,26,71,0.061251647770404816
stock,26,72,0.060679201036691666
stock,26,73,0.06118441000580788
stock,26,74,0.06023155152797699
stock,26,75,0.060416437685489655
stock,26,76,0.06148242950439453
stock,26,77,0.06109732761979103
stock,26,78,0.06061357259750366
stock,26,79,0.06057148799300194
stock,27,0,0.1384105384349823
stock,27,1,0.13995634019374847
stock,27,2,0.13842254877090454
stock,27,3,0.1430894136428833
stock,27,4,0.14109869301319122
stock,27,5,0.13535238802433014
stock,27,6,0.13998347520828247
stock,27,7,0.13900087773799896
stock,27,8,0.14049507677555084
stock,27,9,0.14790914952754974
stock,27,10,0.14019714295864105
stock,27,11,0.1379021406173706
stock,27,12,0.14364275336265564
stock,27,13,0.13936300575733185
stock,27,14,0.1379154622554779
stock,27,15,0.13733719289302826
stock,27,16,0.09887760877609253
stock,27,17,0.09873353689908981
stock,27,18,0.09864652901887894
stock,27,19,0.0996488705277443
stock,27,20,0.09751546382904053
stock,27,21,0.09996043145656586
stock,27,22,0.10095200687646866
stock,27,23,0.10051322728395462
stock,27,24,0.0976526066660881
stock,27,25,0.10070525109767914
stock,27,26,0.09807497262954712
stock,27,27,0.09986650943756104
stock,27,28,0.0999259352684021
stock,27,29,0.098640076816082
stock,27,30,0.09962344914674759
stock,27,31,0.09814922511577606
stock,27,32,0.11872689425945282
stock,27,33,0.11784517019987106
stock,27,34,0.1168724000453949
stock,27,35,0.1186477392911911
stock,27,36,0.118801049888134
stock,27,37,0.11855883151292801
stock,27,38,0.1199210062623024
stock,27,39,0.11813239753246307
stock,27,40,0.11723704636096954
stock,27,41,0.11743469536304474
stock,27,42,0.11730879545211792
stock,27,43,0.11811935901641846
stock,27,44,0.11776217818260193
stock,27,45,0.11707442998886108
stock,27,46,0.11749616265296936
stock,27,47,0.11616082489490509
stock,27,48,0.07562562078237534
stock,27,49,0.07504839450120926
stock,27,50,0.07760574668645859
stock,27,51,0.07668402045965195
stock,27,52,0.0763079822063446
stock,27,53,0.0759429857134819
stock,27,54,0.07612238079309464
stock,27,55,0.07496039569377899
stock,27,56,0.07688631117343903
stock,27,57,0.07624964416027069
stock,27,58,0.0755983367562294
stock,27,59,0.07628250867128372
stock,27,60,0.07584159076213837
stock,27,61,0.07657552510499954
stock,27,62,0.07631262391805649
stock,27,63,0.07578825950622559
stock,27,64,0.06089317053556442
stock,27,65,0.06085553392767906
stock,27,66,0.059466660022735596
stock,27,67,0.06050434336066246
stock,27,68,0.060267068445682526
stock,27,69,0.06029126048088074
stock,27,70,0.06033993139863014
stock,27,71,0.06016494706273079
stock,27,72,0.06040423363447189
stock,27,73,0.0609738752245903
stock,27,74,0.05980290099978447
stock,27,75,0.05990828573703766
stock,27,76,0.06095621734857559
stock,27,77,0.06085449829697609
stock,27,78,0.06049354746937752
stock,27,79,0.06006044149398804
stock,28,0,0.13927748799324036
stock,28,1,0.13858549296855927
stock,28,2,0.13924917578697205
stock,28,3,0.1416340321302414
stock,28,4,0.142072394490242
stock,28,5,0.13634294271469116
stock,28,6,0.14129824936389923
stock,28,7,0.13913141191005707
stock,28,8,0.14019052684307098
stock,28,9,0.1489866077899933
stock,28,10,0.138915553689003
stock,28,11,0.13936813175678253
stock,28,12,0.1429075002670288
stock,28,13,0.13990667462348938
stock,28,14,0.13870634138584137
stock,28,15,0.13810916244983673
stock,28,16,0.09897801280021667
stock,28,17,0.10002238303422928
stock,28,18,0.0992722362279892
stock,28,19,0.09949171543121338
stock,28,20,0.09940684586763382
stock,28,21,0.09951601922512054
stock,28,22,0.09925485402345657
stock,28,23,0.1015317291021347
stock,28,24,0.0995422750711441
stock,28,25,0.0999164953827858
stock,28,26,0.0996391773223877
stock,28,27,0.10059521347284317
stock,28,28,0.09922564029693604
stock,28,29,0.09966914355754852
stock,28,30,0.10106149315834045
stock,28,31,0.10031559318304062
stock,28,32,0.11922726035118103
stock,28,33,0.11843813210725784
stock,28,34,0.11773648113012314
stock,28,35,0.11902749538421631
stock,28,36,0.11859902739524841
stock,28,37,0.1174735501408577
stock,28,38,0.11834098398685455
stock,28,39,0.11888232827186584
stock,28,40,0.11759862303733826
stock,28,41,0.11799639463424683
stock,28,42,0.11755184829235077
stock,28,43,0.11834532022476196
stock,28,44,0.11911910027265549
stock,28,45,0.1180279478430748
stock,28,46,0.11851814389228821
stock,28,47,0.11701326817274094
stock,28,48,0.07575333118438721
stock,28,49,0.07622896134853363
stock,28,50,0.07703810930252075
stock,28,51,0.07715246826410294
stock,28,52,0.07607167959213257
stock,28,53,0.0762922465801239
stock,28,54,0.07648340612649918
stock,28,55,0.07616006582975388
stock,28,56,0.07605816423892975
stock,28,57,0.07588522881269455
stock,28,58,0.0758964866399765
stock,28,59,0.07605717331171036
stock,28,60,0.07586310803890228
stock,28,61,0.07720664888620377
stock,28,62,0.07669608294963837
stock,28,63,0.0756537988781929
stock,28,64,0.06158269941806793
stock,28,65,0.06133395433425903
stock,28,66,0.05960514396429062
stock,28,67,0.06160878390073776
stock,28,68,0.060956887900829315
stock,28,69,0.06052446365356445
stock,28,70,0.060779884457588196
stock,28,71,0.06081606075167656
stock,28,72,0.0607149675488472
stock,28,73,0.06105504184961319
stock,28,74,0.060239117592573166
stock,28,75,0.0596311017870903
stock,28,76,0.06153878942131996
stock,28,77,0.0616661012172699
stock,28,78,0.061298828572034836
stock,28,79,0.06106235831975937
stock,29,0,0.13735097646713257
stock,29,1,0.13840961456298828
stock,29,2,0.13837993144989014
stock,29,3,0.14229916036128998
stock,29,4,0.1399085819721222
stock,29,5,0.13634125888347626
stock,29,6,0.13869155943393707
stock,29,7,0.13762860000133514
stock,29,8,0.13893543183803558
stock,29,9,0.14747308194637299
stock,29,10,0.13804437220096588
stock,29,11,0.13732373714447021
stock,29,12,0.1432192474603653
stock,29,13,0.13793034851551056
stock,29,14,0.1360861361026764
stock,29,15,0.13675522804260254
stock,29,16,0.0978381335735321
stock,29,17,0.09863340854644775
stock,29,18,0.09805312752723694
stock,29,19,0.09883248060941696
stock,29,20,0.09756415337324142
stock,29,21,0.09872488677501678
stock,29,22,0.09884320199489594
stock,29,23,0.09915061295032501
stock,29,24,0.09752699732780457
stock,29,25,0.09859811514616013
stock,29,26,0.09645897895097733
stock,29,27,0.0975390300154686
stock,29,28,0.09923118352890015
stock,29,29,0.09953279793262482
stock,29,30,0.09990593045949936
stock,29,31,0.09797242283821106
stock,29,32,0.11850705742835999
stock,29,33,0.11754462867975235
stock,29,34,0.11721696704626083
stock,29,35,0.11806133389472961
stock,29,36,0.11837350577116013
stock,29,37,0.1186755895614624
stock,29,38,0.1185392439365387
stock,29,39,0.11830537021160126
stock,29,40,0.11838160455226898
stock,29,41,0.11773897707462311
stock,29,42,0.11715628206729889
stock,29,43,0.11871201545000076
stock,29,44,0.11987786740064621
stock,29,45,0.11622561514377594
stock,29,46,0.11863812804222107
stock,29,47,0.11733843386173248
stock,29,48,0.0760146751999855
stock,29,49,0.07549365609884262
stock,29,50,0.07679175585508347
stock,29,51,0.07698529958724976
stock,29,52,0.07667262852191925
stock,29,53,0.0768100693821907
stock,29,54,0.07545322179794312
stock,29,55,0.07640881836414337
stock,29,56,0.07680065184831619
stock,29,57,0.07677898555994034
stock,29,58,0.07713121920824051
stock,29,59,0.0771140605211258
stock,29,60,0.07667557150125504
stock,29,61,0.07718862593173981
stock,29,62,0.0766759142279625
stock,29,63,0.07599451392889023
stock,29,64,0.06121937930583954
stock,29,65,0.06145940348505974
stock,29,66,0.059677284210920334
stock,29,67,0.06073176488280296
stock,29,68,0.06074352189898491
stock,29,69,0.06020926311612129
stock,29,70,0.06110647693276405
stock,29,71,0.06074575334787369
stock,29,72,0.06013979762792587
stock,29,73,0.06075644493103027
stock,29,74,0.06003483757376671
stock,29,75,0.061243344098329544
stock,29,76,0.06123336777091026
stock,29,77,0.06123049184679985
stock,29,78,0.05993964895606041
stock,29,79,0.060733478516340256
stock,30,0,0.13896444439888
stock,30,1,0.1394379884004593
stock,30,2,0.1388748288154602
stock,30,3,0.142680361866951
stock,30,4,0.14164751768112183
stock,30,5,0.13713063299655914
stock,30,6,0.14297521114349365
stock,30,7,0.14006268978118896
stock,30,8,0.14024615287780762
stock,30,9,0.14898383617401123
stock,30,10,0.13950613141059875
stock,30,11,0.13900014758110046
stock,30,12,0.1452055126428604
stock,30,13,0.13924533128738403
stock,30,14,0.13831262290477753
stock,30,15,0.13785505294799805
stock,30,16,0.09821633994579315
stock,30,17,0.09941267967224121
stock,30,18,0.09843938797712326
stock,30,19,0.09968011826276779
stock,30,20,0.09806741774082184
stock,30,21,0.09855411946773529
stock,30,22,0.10043951869010925
stock,30,23,0.0996265560388565
stock,30,24,0.0990123376250267
stock,30,25,0.09963752329349518
stock,30,26,0.09766698628664017
stock,30,27,0.09890870749950409
stock,30,28,0.09870246052742004
stock,30,29,0.0989513099193573
stock,30,30,0.10043865442276001
stock,30,31,0.09849470853805542
stock,30,32,0.12044916301965714
stock,30,33,0.1189846470952034
stock,30,34,0.11880205571651459
stock,30,35,0.11936040222644806
stock,30,36,0.11834368109703064
stock,30,37,0.11860888451337814
stock,30,38,0.11835327744483948
stock,30,39,0.11858995258808136
stock,30,40,0.11868546158075333
stock,30,41,0.11838575452566147
stock,30,42,0.1175161674618721
stock,30,43,0.11817389726638794
stock,30,44,0.11770370602607727
stock,30,45,0.11733591556549072
stock,30,46,0.11830107122659683
stock,30,47,0.11659807711839676
stock,30,48,0.07583418488502502
stock,30,49,0.07628843933343887
stock,30,50,0.07696885615587234
stock,30,51,0.07625007629394531
stock,30,52,0.07618449628353119
stock,30,53,0.07677333801984787
stock,30,54,0.07556349039077759
stock,30,55,0.07617714256048203
stock,30,56,0.0761919617652893
stock,30,57,0.07682874798774719
stock,30,58,0.07629406452178955
stock,30,59,0.07649901509284973
stock,30,60,0.07549696415662766
stock,30,61,0.07707478851079941
stock,30,62,0.0765923261642456
stock,30,63,0.0759488046169281
stock,30,64,0.061285145580768585
stock,30,65,0.06067265570163727
stock,30,66,0.060262974351644516
stock,30,67,0.06080654263496399
stock,30,68,0.060629893094301224
stock,30,69,0.0597703717648983
stock,30,70,0.06019926816225052
stock,30,71,0.06031100079417229
stock,30,72,0.06070953235030174
stock,30,73,0.061179019510746
stock,30,74,0.059728946536779404
stock,30,75,0.06049696356058121
stock,30,76,0.060336578637361526
stock,30,77,0.06084074825048447
stock,30,78,0.05999349057674408
stock,30,79,0.06037119776010513
stock,31,0,0.14015184342861176
stock,31,1,0.14072561264038086
stock,31,2,0.14209450781345367
stock,31,3,0.1445884108543396
stock,31,4,0.14133292436599731
stock,31,5,0.13709934055805206
stock,31,6,0.1415511965751648
stock,31,7,0.14152024686336517
stock,31,8,0.14318035542964935
stock,31,9,0.151861771941185
stock,31,10,0.14090748131275177
stock,31,11,0.13959001004695892
stock,31,12,0.14405104517936707
stock,31,13,0.14188972115516663
stock,31,14,0.13704434037208557
stock,31,15,0.1403718888759613
stock,31,16,0.09901530295610428
stock,31,17,0.09866064786911011
stock,31,18,0.0985386073589325
stock,31,19,0.09920128434896469
stock,31,20,0.09918703138828278
stock,31,21,0.09899770468473434
stock,31,22,0.10081467777490616
stock,31,23,0.10119792819023132
stock,31,24,0.09890874475240707
stock,31,25,0.10045304894447327
stock,31,26,0.09811307489871979
stock,31,27,0.0998997837305069
stock,31,28,0.10060295462608337
stock,31,29,0.10036295652389526
stock,31,30,0.09977803379297256
stock,31,31,0.09955368936061859
stock,31,32,0.11932463943958282
stock,31,33,0.11941975355148315
stock,31,34,0.1192862018942833
stock,31,35,0.11928565055131912
stock,31,36,0.11942342668771744
stock,31,37,0.11773871630430222
stock,31,38,0.119394451379776
stock,31,39,0.1190057247877121
stock,31,40,0.1179029569029808
stock,31,41,0.11822430044412613
stock,31,42,0.11759742349386215
stock,31,43,0.11843317747116089
stock,31,44,0.11964350193738937
stock,31,45,0.11748848855495453
stock,31,46,0.11935966461896896
stock,31,47,0.11888106167316437
stock,31,48,0.075753353536129
stock,31,49,0.07469373196363449
stock,31,50,0.07700084894895554
stock,31,51,0.07646425813436508
stock,31,52,0.07693400979042053
stock,31,53,0.07586007565259933
stock,31,54,0.0757356658577919
stock,31,55,0.07677445560693741
stock,31,56,0.07678145170211792
stock,31,57,0.07666380703449249
stock,31,58,0.07617849111557007
stock,31,59,0.07587498426437378
stock,31,60,0.07629270106554031
stock,31,61,0.07789354771375656
stock,31,62,0.07672131806612015
stock,31,63,0.07567331194877625
stock,31,64,0.06092405691742897
stock,31,65,0.06057415530085564
stock,31,66,0.059836246073246
stock,31,67,0.060860246419906616
stock,31,68,0.06053287908434868
stock,31,69,0.059835344552993774
stock,31,70,0.0607902966439724
stock,31,71,0.06032787635922432
stock,31,72,0.0601881742477417
stock,31,73,0.06029943376779556
stock,31,74,0.05978567898273468
stock,31,75,0.06038391590118408
stock,31,76,0.061201900243759155
stock,31,77,0.06050850450992584
stock,31,78,0.06036590412259102
stock,31,79,0.060806356370449066
stock,32,0,0.1408955305814743
stock,32,1,0.13882631063461304
stock,32,2,0.14100249111652374
stock,32,3,0.14395968616008759
stock,32,4,0.14130978286266327
stock,32,5,0.13768091797828674
stock,32,6,0.1418221890926361
stock,32,7,0.14100798964500427
stock,32,8,0.1433665156364441
stock,32,9,0.15131646394729614
stock,32,10,0.13917505741119385
stock,32,11,0.14064456522464752
stock,32,12,0.1476721167564392
stock,32,13,0.1418633908033371
stock,32,14,0.1390741616487503
stock,32,15,0.13785572350025177
stock,32,16,0.09790264815092087
stock,32,17,0.09833571314811707
stock,32,18,0.09890615940093994
stock,32,19,0.100074902176857
stock,32,20,0.09664466232061386
stock,32,21,0.09832389652729034
stock,32,22,0.1009666845202446
stock,32,23,0.09932591021060944
stock,32,24,0.09896039217710495
stock,32,25,0.09983741492033005
stock,32,26,0.09740804880857468
stock,32,27,0.09923360496759415
stock,32,28,0.09871628135442734
stock,32,29,0.09987790882587433
stock,32,30,0.0994834452867508
stock,32,31,0.0988035500049591
stock,32,32,0.11939463764429092
stock,32,33,0.1177074983716011
stock,32,34,0.11778998374938965
stock,32,35,0.11845174431800842
stock,32,36,0.11763489991426468
stock,32,37,0.11885662376880646
stock,32,38,0.11891162395477295
stock,32,39,0.11764954775571823
stock,32,40,0.11667295545339584
stock,32,41,0.11938851326704025
stock,32,42,0.11776570230722427
stock,32,43,0.11867839843034744
stock,32,44,0.11867351084947586
stock,32,45,0.11691208183765411
stock,32,46,0.1191643625497818
stock,32,47,0.11771239340305328
stock,32,48,0.07517693936824799
stock,32,49,0.07568923383951187
stock,32,50,0.07667189836502075
stock,32,51,0.07657037675380707
stock,32,52,0.07603020966053009
stock,32,53,0.07678207755088806
stock,32,54,0.07576810568571091
stock,32,55,0.07617972046136856
stock,32,56,0.07641734927892685
stock,32,57,0.07617078721523285
stock,32,58,0.07689283043146133
stock,32,59,0.07644636183977127
stock,32,60,0.0764705166220665
stock,32,61,0.0771748349070549
stock,32,62,0.07650991529226303
stock,32,63,0.0755089521408081
stock,32,64,0.061335500329732895
stock,32,65,0.06139238178730011
stock,32,66,0.059544894844293594
stock,32,67,0.061952635645866394
stock,32,68,0.06099593639373779
stock,32,69,0.06045759469270706
stock,32,70,0.06037280336022377
stock,32,71,0.06085891276597977
stock,32,72,0.06050007790327072
stock,32,73,0.060606081038713455
stock,32,74,0.06077221781015396
stock,32,75,0.060625284910202026
stock,32,76,0.06081550568342209
stock,32,77,0.06135326251387596
stock,32,78,0.060132551938295364
stock,32,79,0.060421738773584366
stock,33,0,0.14099626243114471
stock,33,1,0.14192864298820496
stock,33,2,0.1399374157190323
stock,33,3,0.1426546722650528
stock,33,4,0.14300411939620972
stock,33,5,0.13830560445785522
stock,33,6,0.14277400076389313
stock,33,7,0.14167974889278412
stock,33,8,0.14276789128780365
stock,33,9,0.1530306041240692
stock,33,10,0.14115333557128906
stock,33,11,0.1404418796300888
stock,33,12,0.14626771211624146
stock,33,13,0.14106257259845734
stock,33,14,0.13834962248802185
stock,33,15,0.13874322175979614
stock,33,16,0.10002589970827103
stock,33,17,0.10010647773742676
stock,33,18,0.10000015795230865
stock,33,19,0.09913530200719833
stock,33,20,0.0991421788930893
stock,33,21,0.10177871584892273
stock,33,22,0.10078054666519165
stock,33,23,0.10140740126371384
stock,33,24,0.09924893826246262
stock,33,25,0.10073038935661316
stock,33,26,0.09982352703809738
stock,33,27,0.0980612188577652
stock,33,28,0.09925050288438797
stock,33,29,0.10065551102161407
stock,33,30,0.10255713760852814
stock,33,31,0.09929274022579193
stock,33,32,0.11831280589103699
stock,33,33,0.11853232234716415
stock,33,34,0.11684635281562805
stock,33,35,0.1163308247923851
stock,33,36,0.11920996755361557
stock,33,37,0.11811963468790054
stock,33,38,0.11896703392267227
stock,33,39,0.11845409870147705
stock,33,40,0.11752845346927643
stock,33,41,0.11827041208744049
stock,33,42,0.11720158159732819
stock,33,43,0.11796989291906357
stock,33,44,0.1182866021990776
stock,33,45,0.11564809828996658
stock,33,46,0.11760784685611725
stock,33,47,0.11782421916723251
stock,33,48,0.07602865248918533
stock,33,49,0.07596629112958908
stock,33,50,0.07667376101016998
stock,33,51,0.07651756703853607
stock,33,52,0.07712290436029434
stock,33,53,0.07615490257740021
stock,33,54,0.07612509280443192
stock,33,55,0.07621640712022781
stock,33,56,0.07630513608455658
stock,33,57,0.07704287022352219
stock,33,58,0.07684644311666489
stock,33,59,0.0766787901520729
stock,33,60,0.07637377083301544
stock,33,61,0.07678579539060593
stock,33,62,0.07669193297624588
stock,33,63,0.07582058012485504
stock,33,64,0.06112232059240341
stock,33,65,0.060857877135276794
stock,33,66,0.059829387813806534
stock,33,67,0.06071842089295387
stock,33,68,0.061880890280008316
stock,33,69,0.06082582101225853
stock,33,70,0.06118807941675186
stock,33,71,0.06073693558573723
stock,33,72,0.06077348440885544
stock,33,73,0.0614059679210186
stock,33,74,0.06019917130470276
stock,33,75,0.060942139476537704
stock,33,76,0.061352893710136414
stock,33,77,0.06126211956143379
stock,33,78,0.06060060113668442
stock,33,79,0.060912828892469406
stock,34,0,0.14221082627773285
stock,34,1,0.14303499460220337
stock,34,2,0.14343146979808807
stock,34,3,0.14615200459957123
stock,34,4,0.144026979804039
stock,34,5,0.14032532274723053
stock,34,6,0.14715005457401276
stock,34,7,0.14248080551624298
stock,34,8,0.14308056235313416
stock,34,9,0.15529143810272217
stock,34,10,0.1428498923778534
stock,34,11,0.14233577251434326
stock,34,12,0.14795659482479095
stock,34,13,0.14295215904712677
stock,34,14,0.14052517712116241
stock,34,15,0.14245855808258057
stock,34,16,0.0985679179430008
stock,34,17,0.09931226074695587
stock,34,18,0.09723415970802307
stock,34,19,0.10003867745399475
stock,34,20,0.09853362292051315
stock,34,21,0.09990761429071426
stock,34,22,0.10083726793527603
stock,34,23,0.09993389248847961
stock,34,24,0.0995030552148819
stock,34,25,0.09841365367174149
stock,34,26,0.0986921414732933
stock,34,27,0.09866882115602493
stock,34,28,0.09799438714981079
stock,34,29,0.09966148436069489
stock,34,30,0.1000356525182724
stock,34,31,0.09902693331241608
stock,34,32,0.11917323619127274
stock,34,33,0.11843731999397278
stock,34,34,0.11821552366018295
stock,34,35,0.11795739084482193
stock,34,36,0.11877355724573135
stock,34,37,0.11946488916873932
stock,34,38,0.12084602564573288
stock,34,39,0.11935996264219284
stock,34,40,0.11869461089372635
stock,34,41,0.11740900576114655
stock,34,42,0.11936412006616592
stock,34,43,0.11808395385742188
stock,34,44,0.1193433627486229
stock,34,45,0.11781929433345795
stock,34,46,0.11854466050863266
stock,34,47,0.11933545023202896
stock,34,48,0.07575536519289017
stock,34,49,0.07668127119541168
stock,34,50,0.076959989964962
stock,34,51,0.07731068879365921
stock,34,52,0.07742749899625778
stock,34,53,0.07741007953882217
stock,34,54,0.07600177079439163
stock,34,55,0.07650841772556305
stock,34,56,0.07737521082162857
stock,34,57,0.07711910456418991
stock,34,58,0.07684627920389175
stock,34,59,0.0761072114109993
stock,34,60,0.07697252184152603
stock,34,61,0.07816815376281738
stock,34,62,0.07705571502447128
stock,34,63,0.07601097226142883
stock,34,64,0.06214708834886551
stock,34,65,0.06159641221165657
stock,34,66,0.059636689722537994
stock,34,67,0.0609893836081028
stock,34,68,0.06231888756155968
stock,34,69,0.061066754162311554
stock,34,70,0.06076722592115402
stock,34,71,0.06074756011366844
stock,34,72,0.06072079390287399
stock,34,73,0.061210181564092636
stock,34,74,0.0610104538500309
stock,34,75,0.06072573736310005
stock,34,76,0.06148091331124306
stock,34,77,0.061621736735105515
stock,34,78,0.06007358804345131
stock,34,79,0.06138315796852112
stock,35,0,0.1406365931034088
stock,35,1,0.14094720780849457
stock,35,2,0.14227665960788727
stock,35,3,0.14367513358592987
stock,35,4,0.1427876353263855
stock,35,5,0.13962362706661224
stock,35,6,0.14301076531410217
stock,35,7,0.14209605753421783
stock,35,8,0.14390569925308228
stock,35,9,0.15408648550510406
stock,35,10,0.14307714998722076
stock,35,11,0.14065928757190704
stock,35,12,0.14718016982078552
stock,35,13,0.14198429882526398
stock,35,14,0.13924969732761383
stock,35,15,0.1393766701221466
stock,35,16,0.09909869730472565
stock,35,17,0.09846760332584381
stock,35,18,0.09687386453151703
stock,35,19,0.09966820478439331
stock,35,20,0.09850802272558212
stock,35,21,0.0998571366071701
stock,35,22,0.09966590255498886
stock,35,23,0.09957165271043777
stock,35,24,0.09858664870262146
stock,35,25,0.0991920754313469
stock,35,26,0.09876223653554916
stock,35,27,0.09838045388460159
stock,35,28,0.09869841486215591
stock,35,29,0.09958068281412125
stock,35,30,0.09972716122865677
stock,35,31,0.09852201491594315
stock,35,32,0.11778921633958817
stock,35,33,0.11874421685934067
stock,35,34,0.11650939285755157
stock,35,35,0.11851281672716141
stock,35,36,0.1181512326002121
stock,35,37,0.11718955636024475
stock,35,38,0.1177496388554573
stock,35,39,0.11768781393766403
stock,35,40,0.11677787452936172
stock,35,41,0.11810590326786041
stock,35,42,0.11839804798364639
stock,35,43,0.11632506549358368
stock,35,44,0.11813662201166153
stock,35,45,0.11625814437866211
stock,35,46,0.11780945211648941
stock,35,47,0.11668353527784348
stock,35,48,0.0749567449092865
stock,35,49,0.0759386196732521
stock,35,50,0.0762089267373085
stock,35,51,0.07713340222835541
stock,35,52,0.07659198343753815
stock,35,53,0.07587110996246338
stock,35,54,0.07534239441156387
stock,35,55,0.07636770606040955
stock,35,56,0.0758296474814415
stock,35,57,0.07626568526029587
stock,35,58,0.07681960612535477
stock,35,59,0.07587923109531403
stock,35,60,0.07626286894083023
stock,35,61,0.0769464373588562
stock,35,62,0.07622717320919037
stock,35,63,0.07520203292369843
stock,35,64,0.06081034615635872
stock,35,65,0.06106553226709366
stock,35,66,0.05938147380948067
stock,35,67,0.06097889691591263
stock,35,68,0.06090668588876724
stock,35,69,0.060291703790426254
stock,35,70,0.060247138142585754
stock,35,71,0.06039172410964966
stock,35,72,0.060688816010951996
stock,35,73,0.060978200286626816
stock,35,74,0.060618072748184204
stock,35,75,0.06080755591392517
stock,35,76,0.061292972415685654
stock,35,77,0.060892872512340546
stock,35,78,0.06077573820948601
stock,35,79,0.06070999056100845
stock,36,0,0.14051726460456848
stock,36,1,0.14153307676315308
stock,36,2,0.14187419414520264
stock,36,3,0.14517083764076233
stock,36,4,0.14404025673866272
stock,36,5,0.1401001363992691
stock,36,6,0.14596806466579437
stock,36,7,0.1420721858739853
stock,36,8,0.1445905715227127
stock,36,9,0.1548796445131302
stock,36,10,0.14283399283885956
stock,36,11,0.14314521849155426
stock,36,12,0.14658991992473602
stock,36,13,0.14165198802947998
stock,36,14,0.14015688002109528
stock,36,15,0.13932915031909943
stock,36,16,0.0991029143333435
stock,36,17,0.09873636066913605
stock,36,18,0.09844277054071426
stock,36,19,0.0996226891875267
stock,36,20,0.09752129763364792
stock,36,21,0.09992614388465881
stock,36,22,0.09964204579591751
stock,36,23,0.09957284480333328
stock,36,24,0.09998738765716553
stock,36,25,0.10030916333198547
stock,36,26,0.09734244644641876
stock,36,27,0.09911858290433884
stock,36,28,0.09879413992166519
stock,36,29,0.09984569996595383
stock,36,30,0.10028345137834549
stock,36,31,0.09857378154993057
stock,36,32,0.11936570703983307
stock,36,33,0.118083655834198
stock,36,34,0.11893322318792343
stock,36,35,0.11865083128213882
stock,36,36,0.11958620697259903
stock,36,37,0.11880366504192352
stock,36,38,0.11923836916685104
stock,36,39,0.11840333044528961
stock,36,40,0.11951251327991486
stock,36,41,0.11880631744861603
stock,36,42,0.11770707368850708
stock,36,43,0.11913909018039703
stock,36,44,0.12161710113286972
stock,36,45,0.11772104352712631
stock,36,46,0.11857704073190689
stock,36,47,0.11798626184463501
stock,36,48,0.07637005299329758
stock,36,49,0.07568932324647903
stock,36,50,0.07664763927459717
stock,36,51,0.07605037838220596
stock,36,52,0.07639381289482117
stock,36,53,0.07586781680583954
stock,36,54,0.07618717849254608
stock,36,55,0.07581149786710739
stock,36,56,0.07642155885696411
stock,36,57,0.07636076211929321
stock,36,58,0.07651720196008682
stock,36,59,0.0761454775929451
stock,36,60,0.07634804397821426
stock,36,61,0.07711970061063766
stock,36,62,0.07604502886533737
stock,36,63,0.07606931030750275
stock,36,64,0.06132197752594948
stock,36,65,0.06154073774814606
stock,36,66,0.060232918709516525
stock,36,67,0.061720870435237885
stock,36,68,0.06135610118508339
stock,36,69,0.061091311275959015
stock,36,70,0.06104860082268715
stock,36,71,0.06090468540787697
stock,36,72,0.061671242117881775
stock,36,73,0.06145049259066582
stock,36,74,0.06040211766958237
stock,36,75,0.061312250792980194
stock,36,76,0.061423253268003464
stock,36,77,0.061502743512392044
stock,36,78,0.06091615930199623
stock,36,79,0.061138708144426346
stock,37,0,0.13874848186969757
stock,37,1,0.13989277184009552
stock,37,2,0.14175018668174744
stock,37,3,0.1439218968153
stock,37,4,0.14157536625862122
stock,37,5,0.13758715987205505
stock,37,6,0.1422116905450821
stock,37,7,0.1393101066350937
stock,37,8,0.14174553751945496
stock,37,9,0.14923804998397827
stock,37,10,0.13920113444328308
stock,37,11,0.1393321007490158
stock,37,12,0.14497114717960358
stock,37,13,0.1397351771593094
stock,37,14,0.13853037357330322
stock,37,15,0.13860753178596497
stock,37,16,0.09741649031639099
stock,37,17,0.0985192060470581
stock,37,18,0.09754280745983124
stock,37,19,0.09920906275510788
stock,37,20,0.09778466820716858
stock,37,21,0.09904482215642929
stock,37,22,0.09977784752845764
stock,37,23,0.09909511357545853
stock,37,24,0.0975852981209755
stock,37,25,0.09940817207098007
stock,37,26,0.09791653603315353
stock,37,27,0.09879475831985474
stock,37,28,0.09907207638025284
stock,37,29,0.09965716302394867
stock,37,30,0.09923087805509567
stock,37,31,0.09930410236120224
stock,37,32,0.11916790902614594
stock,37,33,0.11838750541210175
stock,37,34,0.11750806868076324
stock,37,35,0.11926931142807007
stock,37,36,0.11647841334342957
stock,37,37,0.11741520464420319
stock,37,38,0.11856026947498322
stock,37,39,0.1182350143790245
stock,37,40,0.11860451847314835
stock,37,41,0.11772359907627106
stock,37,42,0.11775770783424377
stock,37,43,0.11872276663780212
stock,37,44,0.11902924627065659
stock,37,45,0.11748451739549637
stock,37,46,0.1178271695971489
stock,37,47,0.11762788146734238
stock,37,48,0.07575247436761856
stock,37,49,0.07524357736110687
stock,37,50,0.07631520926952362
stock,37,51,0.07615767419338226
stock,37,52,0.0772881805896759
stock,37,53,0.07659200578927994
stock,37,54,0.07544362545013428
stock,37,55,0.07602862268686295
stock,37,56,0.07659090310335159
stock,37,57,0.07726246863603592
stock,37,58,0.07691523432731628
stock,37,59,0.07726284861564636
stock,37,60,0.0761973187327385
stock,37,61,0.07736823707818985
stock,37,62,0.07628224790096283
stock,37,63,0.07640472799539566
stock,37,64,0.06091702729463577
stock,37,65,0.061151064932346344
stock,37,66,0.0596972331404686
stock,37,67,0.06063282489776611
stock,37,68,0.0612848624587059
stock,37,69,0.06090325489640236
stock,37,70,0.060365669429302216
stock,37,71,0.06114131212234497
stock,37,72,0.06091298162937164
stock,37,73,0.06062698736786842
stock,37,74,0.05991855263710022
stock,37,75,0.06058840453624725
stock,37,76,0.060959719121456146
stock,37,77,0.0605660118162632
stock,37,78,0.06071958690881729
stock,37,79,0.060736384242773056
stock,38,0,0.13969705998897552
stock,38,1,0.13934604823589325
stock,38,2,0.1383107453584671
stock,38,3,0.14294975996017456
stock,38,4,0.1404361128807068
stock,38,5,0.13548873364925385
stock,38,6,0.14161089062690735
stock,38,7,0.1400919407606125
stock,38,8,0.13926731050014496
stock,38,9,0.15230196714401245
stock,38,10,0.1381654292345047
stock,38,11,0.13910570740699768
stock,38,12,0.14423222839832306
stock,38,13,0.13863401114940643
stock,38,14,0.13629743456840515
stock,38,15,0.139144167304039
stock,38,16,0.09792240709066391
stock,38,17,0.09811097383499146
stock,38,18,0.09697641432285309
stock,38,19,0.09838847070932388
stock,38,20,0.09836061298847198
stock,38,21,0.09863836318254471
stock,38,22,0.09864655137062073
stock,38,23,0.10020087659358978
stock,38,24,0.09812015295028687
stock,38,25,0.09877482056617737
stock,38,26,0.0974811241030693
stock,38,27,0.09689334779977798
stock,38,28,0.09889627248048782
stock,38,29,0.09913193434476852
stock,38,30,0.09912598878145218
stock,38,31,0.0993574857711792
stock,38,32,0.11842767894268036
stock,38,33,0.1186443641781807
stock,38,34,0.11758451163768768
stock,38,35,0.11827339231967926
stock,38,36,0.11815036088228226
stock,38,37,0.11737345159053802
stock,38,38,0.11880332976579666
stock,38,39,0.11819164454936981
stock,38,40,0.11717347055673599
stock,38,41,0.11809467524290085
stock,38,42,0.1167880967259407
stock,38,43,0.11773866415023804
stock,38,44,0.11893443018198013
stock,38,45,0.11722774058580399
stock,38,46,0.11846516281366348
stock,38,47,0.11817547678947449
stock,38,48,0.07469210028648376
stock,38,49,0.07560965418815613
stock,38,50,0.07695859670639038
stock,38,51,0.07635333389043808
stock,38,52,0.07577614486217499
stock,38,53,0.0757753849029541
stock,38,54,0.07563497126102448
stock,38,55,0.07589469105005264
stock,38,56,0.07529709488153458
stock,38,57,0.07635153084993362
stock,38,58,0.07606390863656998
stock,38,59,0.07619009166955948
stock,38,60,0.07638470828533173
stock,38,61,0.07647969573736191
stock,38,62,0.07603245228528976
stock,38,63,0.07499831914901733
stock,38,64,0.06105545535683632
stock,38,65,0.060682911425828934
stock,38,66,0.059593237936496735
stock,38,67,0.06105385348200798
stock,38,68,0.06061073765158653
stock,38,69,0.06070281192660332
stock,38,70,0.05992186442017555
stock,38,71,0.05988148972392082
stock,38,72,0.060418687760829926
stock,38,73,0.06095214933156967
stock,38,74,0.059844985604286194
stock,38,75,0.06023354455828667
stock,38,76,0.06129005178809166
stock,38,77,0.06085038185119629
stock,38,78,0.0603804886341095
stock,38,79,0.06058090180158615
stock,39,0,0.14214985072612762
stock,39,1,0.14213702082633972
stock,39,2,0.1421404927968979
stock,39,3,0.14380910992622375
stock,39,4,0.1415139138698578
stock,39,5,0.1378842294216156
stock,39,6,0.14314164221286774
stock,39,7,0.14053215086460114
stock,39,8,0.14282776415348053
stock,39,9,0.15143993496894836
stock,39,10,0.1423918753862381
stock,39,11,0.1412803679704666
stock,39,12,0.14664912223815918
stock,39,13,0.14079464972019196
stock,39,14,0.14006969332695007
stock,39,15,0.13978219032287598
stock,39,16,0.09838155657052994
stock,39,17,0.0990339070558548
stock,39,18,0.09916798025369644
stock,39,19,0.09958381205797195
stock,39,20,0.09780146926641464
stock,39,21,0.1005077138543129
stock,39,22,0.09915486723184586
stock,39,23,0.10108641535043716
stock,39,24,0.09831827878952026
stock,39,25,0.10004352033138275
stock,39,26,0.09755685925483704
stock,39,27,0.09954991936683655
stock,39,28,0.09959572553634644
stock,39,29,0.09893091022968292
stock,39,30,0.09960851818323135
stock,39,31,0.09930367022752762
stock,39,32,0.11912323534488678
stock,39,33,0.11903084069490433
stock,39,34,0.11827057600021362
stock,39,35,0.11914179474115372
stock,39,36,0.1194213479757309
stock,39,37,0.1179816722869873
stock,39,38,0.11978599429130554
stock,39,39,0.11812971532344818
stock,39,40,0.11840110272169113
stock,39,41,0.11894653737545013
stock,39,42,0.11691654473543167
stock,39,43,0.11839678138494492
stock,39,44,0.12077172100543976
stock,39,45,0.11735513806343079
stock,39,46,0.11919187754392624
stock,39,47,0.11666860431432724
stock,39,48,0.0759456679224968
stock,39,49,0.07599211484193802
stock,39,50,0.07646892219781876
stock,39,51,0.07749412208795547
stock,39,52,0.07680731266736984
stock,39,53,0.07651862502098083
stock,39,54,0.07583153992891312
stock,39,55,0.07654973864555359
stock,39,56,0.07671910524368286
stock,39,57,0.07770374417304993
stock,39,58,0.07730372250080109
stock,39,59,0.07707752287387848
stock,39,60,0.07593721896409988
stock,39,61,0.07680180668830872
stock,39,62,0.07628548890352249
stock,39,63,0.07636426389217377
stock,39,64,0.06114434078335762
stock,39,65,0.06075699254870415
stock,39,66,0.060069739818573
stock,39,67,0.06129129230976105
stock,39,68,0.061110228300094604
stock,39,69,0.0605875588953495
stock,39,70,0.06038260459899902
stock,39,71,0.06027279794216156
stock,39,72,0.06071947142481804
stock,39,73,0.0613003708422184
stock,39,74,0.06068180128931999
stock,39,75,0.06094925105571747
stock,39,76,0.06100377440452576
stock,39,77,0.06141655147075653
stock,39,78,0.06039914861321449
stock,39,79,0.060726191848516464
stock,40,0,0.14092200994491577
stock,40,1,0.14109639823436737
stock,40,2,0.1409022957086563
stock,40,3,0.14260545372962952
stock,40,4,0.14299128949642181
stock,40,5,0.13723880052566528
stock,40,6,0.14199934899806976
stock,40,7,0.1413588523864746
stock,40,8,0.14238891005516052
stock,40,9,0.15111829340457916
stock,40,10,0.14110888540744781
stock,40,11,0.1403326690196991
stock,40,12,0.14718171954154968
stock,40,13,0.1411232203245163
stock,40,14,0.13775253295898438
stock,40,15,0.14089955389499664
stock,40,16,0.0979766994714737
stock,40,17,0.09833812713623047
stock,40,18,0.097998708486557
stock,40,19,0.09939694404602051
stock,40,20,0.09694322943687439
stock,40,21,0.09926444292068481
stock,40,22,0.09878265857696533
stock,40,23,0.09997127950191498
stock,40,24,0.09894466400146484
stock,40,25,0.10016025602817535
stock,40,26,0.09696012735366821
stock,40,27,0.0989326685667038
stock,40,28,0.09931079298257828
stock,40,29,0.10102712363004684
stock,40,30,0.09997428953647614
stock,40,31,0.09884991496801376
stock,40,32,0.11850735545158386
stock,40,33,0.1187894195318222
stock,40,34,0.1176695004105568
stock,40,35,0.11847132444381714
stock,40,36,0.11885856091976166
stock,40,37,0.1176210269331932
stock,40,38,0.11805352568626404
stock,40,39,0.11742250621318817
stock,40,40,0.11837898194789886
stock,40,41,0.11782962828874588
stock,40,42,0.11753298342227936
stock,40,43,0.11888446658849716
stock,40,44,0.11831096559762955
stock,40,45,0.11725925654172897
stock,40,46,0.11929181218147278
stock,40,47,0.11748438328504562
stock,40,48,0.07575083523988724
stock,40,49,0.07564353942871094
stock,40,50,0.07653884589672089
stock,40,51,0.07640739530324936
stock,40,52,0.07599159330129623
stock,40,53,0.07593044638633728
stock,40,54,0.07545413076877594
stock,40,55,0.07567621767520905
stock,40,56,0.07598727196455002
stock,40,57,0.0762525349855423
stock,40,58,0.07554332166910172
stock,40,59,0.07662303745746613
stock,40,60,0.07613053917884827
stock,40,61,0.07607412338256836
stock,40,62,0.07617108523845673
stock,40,63,0.07587850093841553
stock,40,64,0.06000576540827751
stock,40,65,0.05991887301206589
stock,40,66,0.05899005010724068
stock,40,67,0.06021511182188988
stock,40,68,0.06020297482609749
stock,40,69,0.059491805732250214
stock,40,70,0.05987055227160454
stock,40,71,0.059167031198740005
stock,40,72,0.059604428708553314
stock,40,73,0.060460418462753296
stock,40,74,0.05961214378476143
stock,40,75,0.05926024541258812
stock,40,76,0.060409363359212875
stock,40,77,0.05967206880450249
stock,40,78,0.05978807434439659
stock,40,79,0.059954170137643814
stock,41,0,0.1388525813817978
stock,41,1,0.1397664099931717
stock,41,2,0.1381731927394867
stock,41,3,0.14278188347816467
stock,41,4,0.1389007270336151
stock,41,5,0.13662031292915344
stock,41,6,0.14147166907787323
stock,41,7,0.13760492205619812
stock,41,8,0.14130036532878876
stock,41,9,0.14794692397117615
stock,41,10,0.13912427425384521
stock,41,11,0.13779880106449127
stock,41,12,0.143257275223732
stock,41,13,0.13999056816101074
stock,41,14,0.13831833004951477
stock,41,15,0.1373734176158905
stock,41,16,0.0988755151629448
stock,41,17,0.09915048629045486
stock,41,18,0.09824857115745544
stock,41,19,0.09973757714033127
stock,41,20,0.097161665558815
stock,41,21,0.09955571591854095
stock,41,22,0.0992467850446701
stock,41,23,0.0992053970694542
stock,41,24,0.09757021069526672
stock,41,25,0.09893856942653656
stock,41,26,0.09777103364467621
stock,41,27,0.09850283712148666
stock,41,28,0.09833621978759766
stock,41,29,0.10145632922649384
stock,41,30,0.10034453868865967
stock,41,31,0.09889275580644608
stock,41,32,0.11843934655189514
stock,41,33,0.11785692721605301
stock,41,34,0.11734279990196228
stock,41,35,0.1192406490445137
stock,41,36,0.11730659008026123
stock,41,37,0.11802923679351807
stock,41,38,0.1173277348279953
stock,41,39,0.11932473629713058
stock,41,40,0.11685334146022797
stock,41,41,0.11798550933599472
stock,41,42,0.11627764999866486
stock,41,43,0.11817345768213272
stock,41,44,0.11834999173879623
stock,41,45,0.11683277785778046
stock,41,46,0.11765292286872864
stock,41,47,0.11788555234670639
stock,41,48,0.07599030435085297
stock,41,49,0.07492855936288834
stock,41,50,0.07598546892404556
stock,41,51,0.07621901482343674
stock,41,52,0.07641489803791046
stock,41,53,0.07661274075508118
stock,41,54,0.07589536905288696
stock,41,55,0.0763409212231636
stock,41,56,0.07669778913259506
stock,41,57,0.07640744745731354
stock,41,58,0.0766601637005806
stock,41,59,0.07566231489181519
stock,41,60,0.07690425217151642
stock,41,61,0.07756274938583374
stock,41,62,0.07577808201313019
stock,41,63,0.07604790478944778
stock,41,64,0.060403674840927124
stock,41,65,0.06032894179224968
stock,41,66,0.05987890064716339
stock,41,67,0.06078106164932251
stock,41,68,0.06111499294638634
stock,41,69,0.0601993128657341
stock,41,70,0.060080450028181076
stock,41,71,0.06045910343527794
stock,41,72,0.059930846095085144
stock,41,73,0.06131777912378311
stock,41,74,0.05977387726306915
stock,41,75,0.060727309435606
stock,41,76,0.061204422265291214
stock,41,77,0.06083087995648384
stock,41,78,0.06060350313782692
stock,41,79,0.06081454083323479
stock,42,0,0.14026929438114166
stock,42,1,0.1398419439792633
stock,42,2,0.14117500185966492
stock,42,3,0.14379125833511353
stock,42,4,0.14215488731861115
stock,42,5,0.13625973463058472
stock,42,6,0.1434151977300644
stock,42,7,0.1405346840620041
stock,42,8,0.14288228750228882
stock,42,9,0.152113139629364
stock,42,10,0.1387702226638794
stock,42,11,0.13965356349945068
stock,42,12,0.1451464146375656
stock,42,13,0.14111573994159698
stock,42,14,0.1391143947839737
stock,42,15,0.13688738644123077
stock,42,16,0.09780000895261765
stock,42,17,0.09907333552837372
stock,42,18,0.09902766346931458
stock,42,19,0.0981597974896431
stock,42,20,0.09822560101747513
stock,42,21,0.09916792064905167
stock,42,22,0.09847206622362137
stock,42,23,0.09968062490224838
stock,42,24,0.0983397513628006
stock,42,25,0.09896218031644821
stock,42,26,0.09710405766963959
stock,42,27,0.09766331315040588
stock,42,28,0.09826995432376862
stock,42,29,0.09929361939430237
stock,42,30,0.09882748872041702
stock,42,31,0.09973182529211044
stock,42,32,0.1188078448176384
stock,42,33,0.11808355152606964
stock,42,34,0.11852571368217468
stock,42,35,0.1184912621974945
stock,42,36,0.11867580562829971
stock,42,37,0.11748410016298294
stock,42,38,0.11756324023008347
stock,42,39,0.11733666062355042
stock,42,40,0.11782403290271759
stock,42,41,0.11739850789308548
stock,42,42,0.11726143211126328
stock,42,43,0.11853273957967758
stock,42,44,0.11967115849256516
stock,42,45,0.117017962038517
stock,42,46,0.11847510188817978
stock,42,47,0.11755188554525375
stock,42,48,0.07566146552562714
stock,42,49,0.075567826628685
stock,42,50,0.07667440176010132
stock,42,51,0.07582306116819382
stock,42,52,0.0769856870174408
stock,42,53,0.07651903480291367
stock,42,54,0.07521246373653412
stock,42,55,0.07639048248529434
stock,42,56,0.07642330229282379
stock,42,57,0.07747266441583633
stock,42,58,0.07683633267879486
stock,42,59,0.07582412660121918
stock,42,60,0.07648903876543045
stock,42,61,0.07723361998796463
stock,42,62,0.07640054821968079
stock,42,63,0.07722598314285278
stock,42,64,0.06090102717280388
stock,42,65,0.06067927926778793
stock,42,66,0.05925671383738518
stock,42,67,0.060076456516981125
stock,42,68,0.060728494077920914
stock,42,69,0.060346975922584534
stock,42,70,0.06056836619973183
stock,42,71,0.06010882928967476
stock,42,72,0.06069561094045639
stock,42,73,0.061381541192531586
stock,42,74,0.05984189733862877
stock,42,75,0.06040329486131668
stock,42,76,0.061623331159353256
stock,42,77,0.061144519597291946
stock,42,78,0.05990281328558922
stock,42,79,0.0615227185189724
stock,43,0,0.13770532608032227
stock,43,1,0.1392325609922409
stock,43,2,0.13703839480876923
stock,43,3,0.14158576726913452
stock,43,4,0.13965949416160583
stock,43,5,0.13601993024349213
stock,43,6,0.1424274444580078
stock,43,7,0.13864561915397644
stock,43,8,0.13956457376480103
stock,43,9,0.15011537075042725
stock,43,10,0.137888565659523
stock,43,11,0.13706859946250916
stock,43,12,0.14316631853580475
stock,43,13,0.1389264464378357
stock,43,14,0.1380269080400467
stock,43,15,0.13576346635818481
stock,43,16,0.09791064262390137
stock,43,17,0.09860167652368546
stock,43,18,0.09846118837594986
stock,43,19,0.09895966202020645
stock,43,20,0.09788212180137634
stock,43,21,0.09794618934392929
stock,43,22,0.09995591640472412
stock,43,23,0.10030685365200043
stock,43,24,0.09761042892932892
stock,43,25,0.09864353388547897
stock,43,26,0.09768681228160858
stock,43,27,0.09880229085683823
stock,43,28,0.09763132035732269
stock,43,29,0.09967885911464691
stock,43,30,0.09873004257678986
stock,43,31,0.0986025482416153
stock,43,32,0.11828567832708359
stock,43,33,0.11799636483192444
stock,43,34,0.11874023824930191
stock,43,35,0.11925221234560013
stock,43,36,0.117146335542202
stock,43,37,0.11815366894006729
stock,43,38,0.11783067137002945
stock,43,39,0.1196582168340683
stock,43,40,0.11637663096189499
stock,43,41,0.11722564697265625
stock,43,42,0.11753829568624496
stock,43,43,0.1170138269662857
stock,43,44,0.11945252120494843
stock,43,45,0.1179308071732521
stock,43,46,0.11871811747550964
stock,43,47,0.11749454587697983
stock,43,48,0.0754549577832222
stock,43,49,0.07490667700767517
stock,43,50,0.07732789218425751
stock,43,51,0.07570237666368484
stock,43,52,0.0758742243051529
stock,43,53,0.07660148292779922
stock,43,54,0.07456907629966736
stock,43,55,0.07576663047075272
stock,43,56,0.07590748369693756
stock,43,57,0.07617408782243729
stock,43,58,0.07553640753030777
stock,43,59,0.07588513195514679
stock,43,60,0.07619328051805496
stock,43,61,0.07649251073598862
stock,43,62,0.07576271146535873
stock,43,63,0.07495852559804916
stock,43,64,0.06044900789856911
stock,43,65,0.060896988958120346
stock,43,66,0.05955182760953903
stock,43,67,0.06091369688510895
stock,43,68,0.061060547828674316
stock,43,69,0.06015242636203766
stock,43,70,0.05964737385511398
stock,43,71,0.05988137423992157
stock,43,72,0.05998454615473747
stock,43,73,0.06087528169155121
stock,43,74,0.06012747436761856
stock,43,75,0.059455666691064835
stock,43,76,0.06087552383542061
stock,43,77,0.06094526872038841
stock,43,78,0.06045442819595337
stock,43,79,0.06023559346795082
stock,44,0,0.14286655187606812
stock,44,1,0.14415958523750305
stock,44,2,0.14387862384319305
stock,44,3,0.1474100947380066
stock,44,4,0.1466233879327774
stock,44,5,0.14026550948619843
stock,44,6,0.14774233102798462
stock,44,7,0.14398343861103058
stock,44,8,0.14591224491596222
stock,44,9,0.15611189603805542
stock,44,10,0.14342986047267914
stock,44,11,0.14306895434856415
stock,44,12,0.15010084211826324
stock,44,13,0.14637917280197144
stock,44,14,0.14252400398254395
stock,44,15,0.1433989554643631
stock,44,16,0.09766952693462372
stock,44,17,0.09841127693653107
stock,44,18,0.09829665720462799
stock,44,19,0.0986725389957428
stock,44,20,0.09860151261091232
stock,44,21,0.0996699407696724
stock,44,22,0.09935726970434189
stock,44,23,0.10026858747005463
stock,44,24,0.09946242719888687
stock,44,25,0.098877914249897
stock,44,26,0.09837893396615982
stock,44,27,0.09840255975723267
stock,44,28,0.09892670065164566
stock,44,29,0.09927325695753098
stock,44,30,0.09886359423398972
stock,44,31,0.09909167885780334
stock,44,32,0.11942694336175919
stock,44,33,0.11871315538883209
stock,44,34,0.1179380863904953
stock,44,35,0.11932112276554108
stock,44,36,0.11765190213918686
stock,44,37,0.11801595985889435
stock,44,38,0.11901973932981491
stock,44,39,0.1191948801279068
stock,44,40,0.11897344142198563
stock,44,41,0.11967294663190842
stock,44,42,0.11723381280899048
stock,44,43,0.11939160525798798
stock,44,44,0.11977502703666687
stock,44,45,0.1177666187286377
stock,44,46,0.11853918433189392
stock,44,47,0.11722204834222794
stock,44,48,0.07632310688495636
stock,44,49,0.07622509449720383
stock,44,50,0.07692644745111465
stock,44,51,0.07653015106916428
stock,44,52,0.07595736533403397
stock,44,53,0.07548556476831436
stock,44,54,0.07606984674930573
stock,44,55,0.0757308080792427
stock,44,56,0.07690297067165375
stock,44,57,0.07634107023477554
stock,44,58,0.07702872157096863
stock,44,59,0.07580461353063583
stock,44,60,0.0761030986905098
stock,44,61,0.07725740969181061
stock,44,62,0.07689366489648819
stock,44,63,0.07553970068693161
stock,44,64,0.06089788302779198
stock,44,65,0.061067260801792145
stock,44,66,0.05971332639455795
stock,44,67,0.061351995915174484
stock,44,68,0.06204836070537567
stock,44,69,0.061136528849601746
stock,44,70,0.06067536398768425
stock,44,71,0.06045973673462868
stock,44,72,0.060937780886888504
stock,44,73,0.06117800623178482
stock,44,74,0.059701234102249146
stock,44,75,0.06135576218366623
stock,44,76,0.06127939373254776
stock,44,77,0.06109362840652466
stock,44,78,0.06047394126653671
stock,44,79,0.060633569955825806
stock,45,0,0.14123818278312683
stock,45,1,0.1413346827030182
stock,45,2,0.1418295055627823
stock,45,3,0.1433660387992859
stock,45,4,0.14309708774089813
stock,45,5,0.13728798925876617
stock,45,6,0.14319707453250885
stock,45,7,0.14076344668865204
stock,45,8,0.1440279483795166
stock,45,9,0.15177780389785767
stock,45,10,0.14071115851402283
stock,45,11,0.1406152993440628
stock,45,12,0.1482076495885849
stock,45,13,0.14166593551635742
stock,45,14,0.13947424292564392
stock,45,15,0.13903021812438965
stock,45,16,0.09777646511793137
stock,45,17,0.09839670360088348
stock,45,18,0.09834324568510056
stock,45,19,0.09933381527662277
stock,45,20,0.09702776372432709
stock,45,21,0.09891189634799957
stock,45,22,0.09922688454389572
stock,45,23,0.09945520013570786
stock,45,24,0.09785053133964539
stock,45,25,0.0994950532913208
stock,45,26,0.09875226765871048
stock,45,27,0.09832808375358582
stock,45,28,0.09844639897346497
stock,45,29,0.09950713813304901
stock,45,30,0.09869899600744247
stock,45,31,0.09841693937778473
stock,45,32,0.11841276288032532
stock,45,33,0.11627253144979477
stock,45,34,0.11778078973293304
stock,45,35,0.11737381666898727
stock,45,36,0.11897282302379608
stock,45,37,0.1183541789650917
stock,45,38,0.11826123297214508
stock,45,39,0.11688895523548126
stock,45,40,0.11685862392187119
stock,45,41,0.11766009032726288
stock,45,42,0.11707958579063416
stock,45,43,0.11753498762845993
stock,45,44,0.11891909688711166
stock,45,45,0.1168302595615387
stock,45,46,0.11753061413764954
stock,45,47,0.1174464076757431
stock,45,48,0.07551614940166473
stock,45,49,0.07441374659538269
stock,45,50,0.07673081010580063
stock,45,51,0.07663285732269287
stock,45,52,0.07617722451686859
stock,45,53,0.07653073966503143
stock,45,54,0.07552043348550797
stock,45,55,0.07649259269237518
stock,45,56,0.07683631032705307
stock,45,57,0.07649688422679901
stock,45,58,0.07695715874433517
stock,45,59,0.07611449807882309
stock,45,60,0.07616154104471207
stock,45,61,0.07671310007572174
stock,45,62,0.07599040865898132
stock,45,63,0.07553433626890182
stock,45,64,0.0606827437877655
stock,45,65,0.06056683883070946
stock,45,66,0.059961602091789246
stock,45,67,0.060716643929481506
stock,45,68,0.06122196093201637
stock,45,69,0.06068158522248268
stock,45,70,0.06050601974129677
stock,45,71,0.059911005198955536
stock,45,72,0.06038179621100426
stock,45,73,0.06158836558461189
stock,45,74,0.06047940254211426
stock,45,75,0.05991104245185852
stock,45,76,0.061556216329336166
stock,45,77,0.0611695758998394
stock,45,78,0.060532137751579285
stock,45,79,0.06053221598267555
stock,46,0,0.13998150825500488
stock,46,1,0.13936059176921844
stock,46,2,0.14015652239322662
stock,46,3,0.14334096014499664
stock,46,4,0.1412840336561203
stock,46,5,0.13795353472232819
stock,46,6,0.1430501490831375
stock,46,7,0.14043068885803223
stock,46,8,0.14146694540977478
stock,46,9,0.14929528534412384
stock,46,10,0.1402614712715149
stock,46,11,0.1393505185842514
stock,46,12,0.14383412897586823
stock,46,13,0.1407146453857422
stock,46,14,0.13882067799568176
stock,46,15,0.13792462646961212
stock,46,16,0.0983220562338829
stock,46,17,0.09852316230535507
stock,46,18,0.09773918241262436
stock,46,19,0.10035233199596405
stock,46,20,0.09845827519893646
stock,46,21,0.09926877170801163
stock,46,22,0.10070227086544037
stock,46,23,0.09979443997144699
stock,46,24,0.09932028502225876
stock,46,25,0.09894495457410812
stock,46,26,0.09843447804450989
stock,46,27,0.0995030477643013
stock,46,28,0.09893690049648285
stock,46,29,0.09927180409431458
stock,46,30,0.10051509737968445
stock,46,31,0.09825613349676132
stock,46,32,0.11905276775360107
stock,46,33,0.11973433196544647
stock,46,34,0.11800742894411087
stock,46,35,0.12026827782392502
stock,46,36,0.11887095123529434
stock,46,37,0.11738492548465729
stock,46,38,0.12022732198238373
stock,46,39,0.1186942532658577
stock,46,40,0.1194547489285469
stock,46,41,0.1179889589548111
stock,46,42,0.11776429414749146
stock,46,43,0.11857866495847702
stock,46,44,0.11832186579704285
stock,46,45,0.11820987612009048
stock,46,46,0.11900928616523743
stock,46,47,0.11802159249782562
stock,46,48,0.07577995210886002
stock,46,49,0.07559894770383835
stock,46,50,0.07692795246839523
stock,46,51,0.07701142132282257
stock,46,52,0.07676384598016739
stock,46,53,0.077117919921875
stock,46,54,0.07581454515457153
stock,46,55,0.0772852748632431
stock,46,56,0.07644889503717422
stock,46,57,0.07702630758285522
stock,46,58,0.07637706398963928
stock,46,59,0.07541105151176453
stock,46,60,0.07661689817905426
stock,46,61,0.07719475030899048
stock,46,62,0.07698947936296463
stock,46,63,0.07561659812927246
stock,46,64,0.06057526171207428
stock,46,65,0.06103391945362091
stock,46,66,0.06053970381617546
stock,46,67,0.06092534959316254
stock,46,68,0.06102598458528519
stock,46,69,0.060916393995285034
stock,46,70,0.06056295335292816
stock,46,71,0.05982153117656708
stock,46,72,0.06121586263179779
stock,46,73,0.06146654859185219
stock,46,74,0.06090472638607025
stock,46,75,0.06025247275829315
stock,46,76,0.06157517060637474
stock,46,77,0.06098403409123421
stock,46,78,0.060813453048467636
stock,46,79,0.06130363419651985
stock,47,0,0.13849225640296936
stock,47,1,0.13966305553913116
stock,47,2,0.1393859088420868
stock,47,3,0.14333570003509521
stock,47,4,0.13984188437461853
stock,47,5,0.13593803346157074
stock,47,6,0.14115862548351288
stock,47,7,0.1379292756319046
stock,47,8,0.141118124127388
stock,47,9,0.14935550093650818
stock,47,10,0.13958869874477386
stock,47,11,0.13831378519535065
stock,47,12,0.14494308829307556
stock,47,13,0.14050373435020447
stock,47,14,0.1374109387397766
stock,47,15,0.13810056447982788
stock,47,16,0.09699930250644684
stock,47,17,0.09729105979204178
stock,47,18,0.09744763374328613
stock,47,19,0.09772137552499771
stock,47,20,0.09761334210634232
stock,47,21,0.09673403203487396
stock,47,22,0.09941976517438889
stock,47,23,0.09870022535324097
stock,47,24,0.09747467190027237
stock,47,25,0.09845320880413055
stock,47,26,0.09661485999822617
stock,47,27,0.09715306758880615
stock,47,28,0.09817774593830109
stock,47,29,0.09850899130105972
stock,47,30,0.09877131134271622
stock,47,31,0.09772122651338577
stock,47,32,0.1195719987154007
stock,47,33,0.11829052865505219
stock,47,34,0.11786992847919464
stock,47,35,0.11658590286970139
stock,47,36,0.11780563741922379
stock,47,37,0.11660879105329514
stock,47,38,0.11800657212734222
stock,47,39,0.11751066148281097
stock,47,40,0.1167331114411354
stock,47,41,0.11615094542503357
stock,47,42,0.11746080219745636
stock,47,43,0.11712837219238281
stock,47,44,0.11772067844867706
stock,47,45,0.11680459976196289
stock,47,46,0.11752350628376007
stock,47,47,0.11487720161676407
stock,47,48,0.07494130730628967
stock,47,49,0.07545245438814163
stock,47,50,0.07610981911420822
stock,47,51,0.07614091038703918
stock,47,52,0.0763397142291069
stock,47,53,0.07615787535905838
stock,47,54,0.07553324848413467
stock,47,55,0.0756341964006424
stock,47,56,0.0763564184308052
stock,47,57,0.07541896402835846
stock,47,58,0.0762738361954689
stock,47,59,0.0758601501584053
stock,47,60,0.07619200646877289
stock,47,61,0.07676813006401062
stock,47,62,0.07616688311100006
stock,47,63,0.07515738904476166
stock,47,64,0.060847207903862
stock,47,65,0.060655221343040466
stock,47,66,0.059314653277397156
stock,47,67,0.0612284354865551
stock,47,68,0.06095598638057709
stock,47,69,0.060476697981357574
stock,47,70,0.06023767590522766
stock,47,71,0.05999627336859703
stock,47,72,0.06101579591631889
stock,47,73,0.06076246500015259
stock,47,74,0.05993601307272911
stock,47,75,0.060259733349084854
stock,47,76,0.06085174158215523
stock,47,77,0.06012553721666336
stock,47,78,0.060511160641908646
stock,47,79,0.06031114235520363
stock,48,0,0.14039641618728638
stock,48,1,0.1427152454853058
stock,48,2,0.14192639291286469
stock,48,3,0.1455487310886383
stock,48,4,0.14430955052375793
stock,48,5,0.13864171504974365
stock,48,6,0.14504815638065338
stock,48,7,0.14159870147705078
stock,48,8,0.1433846354484558
stock,48,9,0.15126942098140717
stock,48,10,0.1419840306043625
stock,48,11,0.14179085195064545
stock,48,12,0.14715175330638885
stock,48,13,0.14357680082321167
stock,48,14,0.13881541788578033
stock,48,15,0.1387275904417038
stock,48,16,0.09914150089025497
stock,48,17,0.0991087257862091
stock,48,18,0.09936773777008057
stock,48,19,0.09862381219863892
stock,48,20,0.09876108169555664
stock,48,21,0.09959893673658371
stock,48,22,0.10030020028352737
stock,48,23,0.10029317438602448
stock,48,24,0.09732527285814285
stock,48,25,0.09949666261672974
stock,48,26,0.09697214514017105
stock,48,27,0.09854737669229507
stock,48,28,0.09918474406003952
stock,48,29,0.09949414432048798
stock,48,30,0.10075456649065018
stock,48,31,0.09891506284475327
stock,48,32,0.11861629039049149
stock,48,33,0.11799608916044235
stock,48,34,0.11890646815299988
stock,48,35,0.11907590925693512
stock,48,36,0.11808956414461136
stock,48,37,0.1172267273068428
stock,48,38,0.11807234585285187
stock,48,39,0.11854559928178787
stock,48,40,0.11807163059711456
stock,48,41,0.11815211176872253
stock,48,42,0.116986945271492
stock,48,43,0.11886383593082428
stock,48,44,0.11924821138381958
stock,48,45,0.11873124539852142
stock,48,46,0.11923442035913467
stock,48,47,0.11641256511211395
stock,48,48,0.07599467784166336
stock,48,49,0.075292207300663
stock,48,50,0.07673138380050659
stock,48,51,0.07618539780378342
stock,48,52,0.07610302418470383
stock,48,53,0.07660602033138275
stock,48,54,0.0760025680065155
stock,48,55,0.07539059966802597
stock,48,56,0.07725075632333755
stock,48,57,0.0762275829911232
stock,48,58,0.07604958862066269
stock,48,59,0.0755668506026268
stock,48,60,0.07623291015625
stock,48,61,0.07657317072153091
stock,48,62,0.07638586312532425
stock,48,63,0.07585394382476807
stock,48,64,0.06138497218489647
stock,48,65,0.060576170682907104
stock,48,66,0.06002628803253174
stock,48,67,0.06091545894742012
stock,48,68,0.06108724698424339
stock,48,69,0.06011851876974106
stock,48,70,0.06079937890172005
stock,48,71,0.06062941625714302
stock,48,72,0.06097295880317688
stock,48,73,0.061622265726327896
stock,48,74,0.059715889394283295
stock,48,75,0.060492873191833496
stock,48,76,0.06177111715078354
stock,48,77,0.06120965629816055
stock,48,78,0.06123502552509308
stock,48,79,0.06076386570930481
stock,49,0,0.1408228725194931
stock,49,1,0.1418408900499344
stock,49,2,0.14150500297546387
stock,49,3,0.1449626386165619
stock,49,4,0.14282697439193726
stock,49,5,0.13844698667526245
stock,49,6,0.14453823864459991
stock,49,7,0.14202234148979187
stock,49,8,0.1429670751094818
stock,49,9,0.15384583175182343
stock,49,10,0.14066624641418457
stock,49,11,0.14075997471809387
stock,49,12,0.14608636498451233
stock,49,13,0.1418755054473877
stock,49,14,0.1390710026025772
stock,49,15,0.13927061855793
stock,49,16,0.09897807240486145
stock,49,17,0.09976310282945633
stock,49,18,0.09903083741664886
stock,49,19,0.09916764497756958
stock,49,20,0.09876127541065216
stock,49,21,0.10061020404100418
stock,49,22,0.10010188072919846
stock,49,23,0.10019297897815704
stock,49,24,0.09879326075315475
stock,49,25,0.09840460121631622
stock,49,26,0.0981011912226677
stock,49,27,0.09952179342508316
stock,49,28,0.09901665896177292
stock,49,29,0.09856720268726349
stock,49,30,0.10088551789522171
stock,49,31,0.09779579937458038
stock,49,32,0.11960029602050781
stock,49,33,0.1185242086648941
stock,49,34,0.11901523917913437
stock,49,35,0.11950024962425232
stock,49,36,0.11859108507633209
stock,49,37,0.11913634091615677
stock,49,38,0.1199304386973381
stock,49,39,0.11921264231204987
stock,49,40,0.11871261894702911
stock,49,41,0.11849034577608109
stock,49,42,0.11770927906036377
stock,49,43,0.11900661140680313
stock,49,44,0.12040522694587708
stock,49,45,0.11743686348199844
stock,49,46,0.11974991858005524
stock,49,47,0.11693168431520462
stock,49,48,0.07645229995250702
stock,49,49,0.07574823498725891
stock,49,50,0.07666105031967163
stock,49,51,0.07669085264205933
stock,49,52,0.0772431269288063
stock,49,53,0.07742942869663239
stock,49,54,0.0755215585231781
stock,49,55,0.07623182982206345
stock,49,56,0.07712448388338089
stock,49,57,0.07646195590496063
stock,49,58,0.0771150067448616
stock,49,59,0.07668031752109528
stock,49,60,0.07734343409538269
stock,49,61,0.07697892934083939
stock,49,62,0.07742279767990112
stock,49,63,0.0753290057182312
stock,49,64,0.061684396117925644
stock,49,65,0.06121572479605675
stock,49,66,0.0598110631108284
stock,49,67,0.061323635280132294
stock,49,68,0.06199008226394653
stock,49,69,0.06052154675126076
stock,49,70,0.06074053794145584
stock,49,71,0.06050866097211838
stock,49,72,0.06124374642968178
stock,49,73,0.06129467114806175
stock,49,74,0.060591794550418854
stock,49,75,0.060950908809900284
stock,49,76,0.06153186410665512
stock,49,77,0.061221636831760406
stock,49,78,0.06098933517932892
stock,49,79,0.0614544153213501
stock,50,0,0.1426820605993271
stock,50,1,0.1439441442489624
stock,50,2,0.14211343228816986
stock,50,3,0.1452806442975998
stock,50,4,0.14454235136508942
stock,50,5,0.13898742198944092
stock,50,6,0.14398370683193207
stock,50,7,0.14188344776630402
stock,50,8,0.1446530818939209
stock,50,9,0.15357370674610138
stock,50,10,0.14218971133232117
stock,50,11,0.14021612703800201
stock,50,12,0.14719250798225403
stock,50,13,0.14153653383255005
stock,50,14,0.1412217617034912
stock,50,15,0.13998208940029144
stock,50,16,0.10256411880254745
stock,50,17,0.10386960953474045
stock,50,18,0.10382428765296936
stock,50,19,0.10395795851945877
stock,50,20,0.10068818181753159
stock,50,21,0.10458805412054062
stock,50,22,0.10448459535837173
stock,50,23,0.10547896474599838
stock,50,24,0.10361582785844803
stock,50,25,0.10356247425079346
stock,50,26,0.10266232490539551
stock,50,27,0.10288634896278381
stock,50,28,0.10294350236654282
stock,50,29,0.10350030660629272
stock,50,30,0.10426024347543716
stock,50,31,0.10268422961235046
stock,50,32,0.12109716981649399
stock,50,33,0.11995378136634827
stock,50,34,0.11936916410923004
stock,50,35,0.1195562407374382
stock,50,36,0.12032297253608704
stock,50,37,0.12018101662397385
stock,50,38,0.12036371231079102
stock,50,39,0.11916371434926987
stock,50,40,0.11914170533418655
stock,50,41,0.11950886994600296
stock,50,42,0.11995384097099304
stock,50,43,0.11920751631259918
stock,50,44,0.12172327935695648
stock,50,45,0.11804814636707306
stock,50,46,0.12065291404724121
stock,50,47,0.11871609836816788
stock,50,48,0.07694895565509796
stock,50,49,0.07639050483703613
stock,50,50,0.07688839733600616
stock,50,51,0.07749870419502258
stock,50,52,0.0775284394621849
stock,50,53,0.07770199328660965
stock,50,54,0.07740981876850128
stock,50,55,0.0765392854809761
stock,50,56,0.07749833911657333
stock,50,57,0.07732274383306503
stock,50,58,0.0777692198753357
stock,50,59,0.07701939344406128
stock,50,60,0.07746689021587372
stock,50,61,0.0775659903883934
stock,50,62,0.0772286206483841
stock,50,63,0.07724042981863022
stock,50,64,0.06250880658626556
stock,50,65,0.06200790032744408
stock,50,66,0.0611446313560009
stock,50,67,0.06304027885198593
stock,50,68,0.061981357634067535
stock,50,69,0.06216482073068619
stock,50,70,0.06232551112771034
stock,50,71,0.062100593000650406
stock,50,72,0.06217934191226959
stock,50,73,0.06224009394645691
stock,50,74,0.06140492483973503
stock,50,75,0.06228671222925186
stock,50,76,0.06247542053461075
stock,50,77,0.06215553730726242
stock,50,78,0.061851199716329575
stock,50,79,0.062001049518585205
stock,51,0,0.13831454515457153
stock,51,1,0.14040464162826538
stock,51,2,0.14053018391132355
stock,51,3,0.143699049949646
stock,51,4,0.14145444333553314
stock,51,5,0.13674448430538177
stock,51,6,0.14129017293453217
stock,51,7,0.142509326338768
stock,51,8,0.14180324971675873
stock,51,9,0.15073150396347046
stock,51,10,0.14066758751869202
stock,51,11,0.14089597761631012
stock,51,12,0.14467062056064606
stock,51,13,0.1416655033826828
stock,51,14,0.1376371830701828
stock,51,15,0.13779984414577484
stock,51,16,0.09785255044698715
stock,51,17,0.09760953485965729
stock,51,18,0.09714354574680328
stock,51,19,0.09753796458244324
stock,51,20,0.09739132970571518
stock,51,21,0.09869056195020676
stock,51,22,0.0992666482925415
stock,51,23,0.0983995869755745
stock,51,24,0.09761669486761093
stock,51,25,0.0983724445104599
stock,51,26,0.09753458201885223
stock,51,27,0.09702403098344803
stock,51,28,0.09911283105611801
stock,51,29,0.09961815178394318
stock,51,30,0.09898145496845245
stock,51,31,0.09731388837099075
stock,51,32,0.1187625452876091
stock,51,33,0.11921308934688568
stock,51,34,0.11671484261751175
stock,51,35,0.11801277101039886
stock,51,36,0.11775682866573334
stock,51,37,0.11889765411615372
stock,51,38,0.11813550442457199
stock,51,39,0.11853586882352829
stock,51,40,0.1183474212884903
stock,51,41,0.11782502382993698
stock,51,42,0.11686260253190994
stock,51,43,0.11884470283985138
stock,51,44,0.11828035861253738
stock,51,45,0.11646366864442825
stock,51,46,0.11753922700881958
stock,51,47,0.11644002795219421
stock,51,48,0.07638664543628693
stock,51,49,0.07539859414100647
stock,51,50,0.07571328431367874
stock,51,51,0.07600225508213043
stock,51,52,0.07570626586675644
stock,51,53,0.07630770653486252
stock,51,54,0.07606364786624908
stock,51,55,0.07571995258331299
stock,51,56,0.07705296576023102
stock,51,57,0.07659298926591873
stock,51,58,0.0760413408279419
stock,51,59,0.07598564028739929
stock,51,60,0.07602864503860474
stock,51,61,0.07588117569684982
stock,51,62,0.07594935595989227
stock,51,63,0.07574120163917542
stock,51,64,0.061456721276044846
stock,51,65,0.06021962687373161
stock,51,66,0.059395503252744675
stock,51,67,0.061101194471120834
stock,51,68,0.06056849658489227
stock,51,69,0.06084318086504936
stock,51,70,0.06016276776790619
stock,51,71,0.05993203446269035
stock,51,72,0.06082847714424133
stock,51,73,0.06075906753540039
stock,51,74,0.0603419654071331
stock,51,75,0.060369689017534256
stock,51,76,0.06164303794503212
stock,51,77,0.06141621246933937
stock,51,78,0.0603255033493042
stock,51,79,0.06086244806647301
stock,52,0,0.14364106953144073
stock,52,1,0.14119911193847656
stock,52,2,0.14163826406002045
stock,52,3,0.14627419412136078
stock,52,4,0.14302168786525726
stock,52,5,0.13948838412761688
stock,52,6,0.14338944852352142
stock,52,7,0.14198626577854156
stock,52,8,0.1416463553905487
stock,52,9,0.1537846177816391
stock,52,10,0.1414794772863388
stock,52,11,0.14132808148860931
stock,52,12,0.14672285318374634
stock,52,13,0.14190100133419037
stock,52,14,0.13956157863140106
stock,52,15,0.1397760808467865
stock,52,16,0.09923771768808365
stock,52,17,0.09909424185752869
stock,52,18,0.09886471182107925
stock,52,19,0.10066494345664978
stock,52,20,0.09849562495946884
stock,52,21,0.10164645314216614
stock,52,22,0.10017600655555725
stock,52,23,0.10054381191730499
stock,52,24,0.09814132750034332
stock,52,25,0.09964428097009659
stock,52,26,0.09719451516866684
stock,52,27,0.09899663925170898
stock,52,28,0.09914688020944595
stock,52,29,0.10082107782363892
stock,52,30,0.10156586021184921
stock,52,31,0.09930654615163803
stock,52,32,0.11825741827487946
stock,52,33,0.11975106596946716
stock,52,34,0.11897796392440796
stock,52,35,0.12025277316570282
stock,52,36,0.118400938808918
stock,52,37,0.11879828572273254
stock,52,38,0.11903470754623413
stock,52,39,0.11878864467144012
stock,52,40,0.11854179203510284
stock,52,41,0.11796823143959045
stock,52,42,0.11786039918661118
stock,52,43,0.11979568749666214
stock,52,44,0.12009669095277786
stock,52,45,0.1186269149184227
stock,52,46,0.1205940842628479
stock,52,47,0.11786352097988129
stock,52,48,0.07554084807634354
stock,52,49,0.07654993236064911
stock,52,50,0.07696142047643661
stock,52,51,0.0763777494430542
stock,52,52,0.07748905569314957
stock,52,53,0.07682681083679199
stock,52,54,0.07666411995887756
stock,52,55,0.07637883722782135
stock,52,56,0.07688592374324799
stock,52,57,0.07611379027366638
stock,52,58,0.07666412740945816
stock,52,59,0.07772129774093628
stock,52,60,0.07609736919403076
stock,52,61,0.07708459347486496
stock,52,62,0.07657089829444885
stock,52,63,0.07669568061828613
stock,52,64,0.061110369861125946
stock,52,65,0.06099175661802292
stock,52,66,0.060220710933208466
stock,52,67,0.06137929484248161
stock,52,68,0.06090309098362923
stock,52,69,0.06080503389239311
stock,52,70,0.06034626066684723
stock,52,71,0.06014448404312134
stock,52,72,0.060836538672447205
stock,52,73,0.06076334789395332
stock,52,74,0.0605650395154953
stock,52,75,0.06073544919490814
stock,52,76,0.06146519258618355
stock,52,77,0.06105366721749306
stock,52,78,0.06020879000425339
stock,52,79,0.06114305928349495
stock,53,0,0.1386498063802719
stock,53,1,0.1408790946006775
stock,53,2,0.14249083399772644
stock,53,3,0.14398936927318573
stock,53,4,0.14192496240139008
stock,53,5,0.13727878034114838
stock,53,6,0.14264507591724396
stock,53,7,0.14076928794384003
stock,53,8,0.1417229324579239
stock,53,9,0.15101903676986694
stock,53,10,0.1389661282300949
stock,53,11,0.13847896456718445
stock,53,12,0.14580534398555756
stock,53,13,0.14166153967380524
stock,53,14,0.13926921784877777
stock,53,15,0.13922354578971863
stock,53,16,0.09838136285543442
stock,53,17,0.09948593378067017
stock,53,18,0.09980850666761398
stock,53,19,0.09972774237394333
stock,53,20,0.09907872974872589
stock,53,21,0.10070023685693741
stock,53,22,0.10098826885223389
stock,53,23,0.10000963509082794
stock,53,24,0.0985044538974762
stock,53,25,0.09874177724123001
stock,53,26,0.09825341403484344
stock,53,27,0.0990637019276619
stock,53,28,0.09936504065990448
stock,53,29,0.10010933130979538
stock,53,30,0.10015727579593658
stock,53,31,0.09997206181287766
stock,53,32,0.11972196400165558
stock,53,33,0.1184074729681015
stock,53,34,0.11826092004776001
stock,53,35,0.11958257108926773
stock,53,36,0.11932672560214996
stock,53,37,0.11818063259124756
stock,53,38,0.11790729314088821
stock,53,39,0.11882206052541733
stock,53,40,0.1186690554022789
stock,53,41,0.11880265921354294
stock,53,42,0.11913517117500305
stock,53,43,0.11828729510307312
stock,53,44,0.11818724125623703
stock,53,45,0.11825760453939438
stock,53,46,0.11874081194400787
stock,53,47,0.11788680404424667
stock,53,48,0.07563688606023788
stock,53,49,0.07598702609539032
stock,53,50,0.07664156705141068
stock,53,51,0.07602759450674057
stock,53,52,0.07696015387773514
stock,53,53,0.07633484154939651
stock,53,54,0.075407013297081
stock,53,55,0.07636252790689468
stock,53,56,0.07656020671129227
stock,53,57,0.0759882852435112
stock,53,58,0.0763557180762291
stock,53,59,0.07557053864002228
stock,53,60,0.0760609358549118
stock,53,61,0.076626718044281
stock,53,62,0.07637888938188553
stock,53,63,0.07591529190540314
stock,53,64,0.0601092092692852
stock,53,65,0.06080595403909683
stock,53,66,0.0596047081053257
stock,53,67,0.060074158012866974
stock,53,68,0.06093193218111992
stock,53,69,0.06037730351090431
stock,53,70,0.06032542884349823
stock,53,71,0.06023086979985237
stock,53,72,0.06037062034010887
stock,53,73,0.060551345348358154
stock,53,74,0.059652119874954224
stock,53,75,0.06002483516931534
stock,53,76,0.06114732846617699
stock,53,77,0.06082886829972267
stock,53,78,0.060011494904756546
stock,53,79,0.061276063323020935
stock,54,0,0.14343014359474182
stock,54,1,0.14305278658866882
stock,54,2,0.14600667357444763
stock,54,3,0.1454365849494934
stock,54,4,0.14666648209095
stock,54,5,0.13988246023654938
stock,54,6,0.14751183986663818
stock,54,7,0.14330706000328064
stock,54,8,0.14527557790279388
stock,54,9,0.15504871308803558
stock,54,10,0.1437639743089676
stock,54,11,0.142327219247818
stock,54,12,0.14905036985874176
stock,54,13,0.14448939263820648
stock,54,14,0.14086245000362396
stock,54,15,0.14237721264362335
stock,54,16,0.10019346326589584
stock,54,17,0.10179529339075089
stock,54,18,0.10065071284770966
stock,54,19,0.10174476355314255
stock,54,20,0.10055193305015564
stock,54,21,0.10140011459589005
stock,54,22,0.10230604559183121
stock,54,23,0.10210592299699783
stock,54,24,0.1016666442155838
stock,54,25,0.10153883695602417
stock,54,26,0.10059309005737305
stock,54,27,0.10062087327241898
stock,54,28,0.10120093077421188
stock,54,29,0.10202895104885101
stock,54,30,0.1022953912615776
stock,54,31,0.10032834857702255
stock,54,32,0.12054857611656189
stock,54,33,0.12044034898281097
stock,54,34,0.11940076947212219
stock,54,35,0.11979693174362183
stock,54,36,0.12027129530906677
stock,54,37,0.11929196119308472
stock,54,38,0.1203528493642807
stock,54,39,0.11908288300037384
stock,54,40,0.11983007937669754
stock,54,41,0.11971132457256317
stock,54,42,0.11961685121059418
stock,54,43,0.1200745701789856
stock,54,44,0.12138041108846664
stock,54,45,0.1186649426817894
stock,54,46,0.11894091963768005
stock,54,47,0.11993436515331268
stock,54,48,0.07677140086889267
stock,54,49,0.07619810104370117
stock,54,50,0.07668354362249374
stock,54,51,0.07736784964799881
stock,54,52,0.07710325717926025
stock,54,53,0.07728023082017899
stock,54,54,0.07567346841096878
stock,54,55,0.07627828419208527
stock,54,56,0.07768043875694275
stock,54,57,0.07727460563182831
stock,54,58,0.07704564183950424
stock,54,59,0.07650338113307953
stock,54,60,0.07668870687484741
stock,54,61,0.07790986448526382
stock,54,62,0.0772189050912857
stock,54,63,0.07634385675191879
stock,54,64,0.06164555251598358
stock,54,65,0.061754487454891205
stock,54,66,0.06018594279885292
stock,54,67,0.06132465600967407
stock,54,68,0.06132711470127106
stock,54,69,0.06051986664533615
stock,54,70,0.06100587546825409
stock,54,71,0.06074141338467598
stock,54,72,0.06157586723566055
stock,54,73,0.061190519481897354
stock,54,74,0.06031489744782448
stock,54,75,0.061209771782159805
stock,54,76,0.06169949099421501
stock,54,77,0.06161098554730415
stock,54,78,0.060750119388103485
stock,54,79,0.06167473644018173
stock,55,0,0.14077727496623993
stock,55,1,0.14277462661266327
stock,55,2,0.1419837921857834
stock,55,3,0.1454324871301651
stock,55,4,0.14318425953388214
stock,55,5,0.13840125501155853
stock,55,6,0.1448601335287094
stock,55,7,0.14135484397411346
stock,55,8,0.14485466480255127
stock,55,9,0.1534578949213028
stock,55,10,0.1431630551815033
stock,55,11,0.14238667488098145
stock,55,12,0.14777207374572754
stock,55,13,0.14156261086463928
stock,55,14,0.13971978425979614
stock,55,15,0.13929075002670288
stock,55,16,0.09903281927108765
stock,55,17,0.10013820230960846
stock,55,18,0.09929297864437103
stock,55,19,0.09964662045240402
stock,55,20,0.09939459711313248
stock,55,21,0.10060437768697739
stock,55,22,0.09990795701742172
stock,55,23,0.1005559042096138
stock,55,24,0.10021480917930603
stock,55,25,0.10063645243644714
stock,55,26,0.09809281677007675
stock,55,27,0.10027841478586197
stock,55,28,0.09889037907123566
stock,55,29,0.10015648603439331
stock,55,30,0.10004852712154388
stock,55,31,0.09906061738729477
stock,55,32,0.11794786900281906
stock,55,33,0.11915397644042969
stock,55,34,0.11820795387029648
stock,55,35,0.1184617131948471
stock,55,36,0.11964675784111023
stock,55,37,0.11774654686450958
stock,55,38,0.11899930238723755
stock,55,39,0.1190868616104126
stock,55,40,0.11753086745738983
stock,55,41,0.11788535118103027
stock,55,42,0.11797291785478592
stock,55,43,0.11926250159740448
stock,55,44,0.11934562772512436
stock,55,45,0.11773049086332321
stock,55,46,0.1179521307349205
stock,55,47,0.11777979880571365
stock,55,48,0.07699491083621979
stock,55,49,0.07650861889123917
stock,55,50,0.07697104662656784
stock,55,51,0.07800901681184769
stock,55,52,0.07749639451503754
stock,55,53,0.07719994336366653
stock,55,54,0.07668941468000412
stock,55,55,0.0769653245806694
stock,55,56,0.07725520431995392
stock,55,57,0.07735218852758408
stock,55,58,0.07734888792037964
stock,55,59,0.07724419236183167
stock,55,60,0.07682158797979355
stock,55,61,0.07701483368873596
stock,55,62,0.07757136970758438
stock,55,63,0.0774294063448906
stock,55,64,0.06319419294595718
stock,55,65,0.06433583796024323
stock,55,66,0.06351964920759201
stock,55,67,0.06306818872690201
stock,55,68,0.06335222721099854
stock,55,69,0.06343796849250793
stock,55,70,0.0633866935968399
stock,55,71,0.06342080980539322
stock,55,72,0.06391517072916031
stock,55,73,0.0640881136059761
stock,55,74,0.06285250186920166
stock,55,75,0.0630028247833252
stock,55,76,0.06416337192058563
stock,55,77,0.06310498714447021
stock,55,78,0.06356239318847656
stock,55,79,0.06379160284996033
stock,56,0,0.14312352240085602
stock,56,1,0.14230534434318542
stock,56,2,0.14288827776908875
stock,56,3,0.14666469395160675
stock,56,4,0.14490318298339844
stock,56,5,0.13992369174957275
stock,56,6,0.1471361666917801
stock,56,7,0.14280037581920624
stock,56,8,0.14519791305065155
stock,56,9,0.1537817120552063
stock,56,10,0.14114344120025635
stock,56,11,0.14266520738601685
stock,56,12,0.14694900810718536
stock,56,13,0.1429041624069214
stock,56,14,0.14077377319335938
stock,56,15,0.14028915762901306
stock,56,16,0.09885341674089432
stock,56,17,0.09920118749141693
stock,56,18,0.0981171727180481
stock,56,19,0.09881976991891861
stock,56,20,0.09917593002319336
stock,56,21,0.09964863955974579
stock,56,22,0.10053814202547073
stock,56,23,0.10063188523054123
stock,56,24,0.09926237165927887
stock,56,25,0.10015342384576797
stock,56,26,0.09717272967100143
stock,56,27,0.09795944392681122
stock,56,28,0.09863288700580597
stock,56,29,0.10072709619998932
stock,56,30,0.09998150914907455
stock,56,31,0.09912938624620438
stock,56,32,0.11924657225608826
stock,56,33,0.11990784108638763
stock,56,34,0.11793499439954758
stock,56,35,0.11928874254226685
stock,56,36,0.11900541931390762
stock,56,37,0.11963694542646408
stock,56,38,0.12007647752761841
stock,56,39,0.11972419917583466
stock,56,40,0.1178070455789566
stock,56,41,0.119380421936512
stock,56,42,0.11722350120544434
stock,56,43,0.11913146823644638
stock,56,44,0.12026403099298477
stock,56,45,0.11919739097356796
stock,56,46,0.11957523971796036
stock,56,47,0.11635416746139526
stock,56,48,0.07589074969291687
stock,56,49,0.07571052759885788
stock,56,50,0.07677944004535675
stock,56,51,0.07697992026805878
stock,56,52,0.0767236202955246
stock,56,53,0.07714704424142838
stock,56,54,0.07674877345561981
stock,56,55,0.07600877434015274
stock,56,56,0.0769222304224968
stock,56,57,0.07709049433469772
stock,56,58,0.07659967988729477
stock,56,59,0.07674963027238846
stock,56,60,0.07673566043376923
stock,56,61,0.07832853496074677
stock,56,62,0.07621698081493378
stock,56,63,0.0754772499203682
stock,56,64,0.061375152319669724
stock,56,65,0.06163586303591728
stock,56,66,0.0610126256942749
stock,56,67,0.06128903850913048
stock,56,68,0.06148447468876839
stock,56,69,0.061747562140226364
stock,56,70,0.06070069596171379
stock,56,71,0.06004330888390541
stock,56,72,0.06148458644747734
stock,56,73,0.061410922557115555
stock,56,74,0.06035691872239113
stock,56,75,0.060902826488018036
stock,56,76,0.062006380409002304
stock,56,77,0.06158169358968735
stock,56,78,0.06075911596417427
stock,56,79,0.06113932281732559
stock,57,0,0.13995429873466492
stock,57,1,0.14157253503799438
stock,57,2,0.1407088339328766
stock,57,3,0.14296966791152954
stock,57,4,0.14061212539672852
stock,57,5,0.13712167739868164
stock,57,6,0.1436702013015747
stock,57,7,0.14052502810955048
stock,57,8,0.14212669432163239
stock,57,9,0.15269291400909424
stock,57,10,0.13949976861476898
stock,57,11,0.13975447416305542
stock,57,12,0.14463673532009125
stock,57,13,0.1413908153772354
stock,57,14,0.13894936442375183
stock,57,15,0.13789497315883636
stock,57,16,0.09756063669919968
stock,57,17,0.09815886616706848
stock,57,18,0.09823881089687347
stock,57,19,0.09816278517246246
stock,57,20,0.09663178026676178
stock,57,21,0.09785844385623932
stock,57,22,0.09862837195396423
stock,57,23,0.09882555902004242
stock,57,24,0.09867234528064728
stock,57,25,0.09738758206367493
stock,57,26,0.09726148843765259
stock,57,27,0.0996970534324646
stock,57,28,0.09888650476932526
stock,57,29,0.09848499298095703
stock,57,30,0.09844198077917099
stock,57,31,0.09826568514108658
stock,57,32,0.11861417442560196
stock,57,33,0.11827041208744049
stock,57,34,0.11732650548219681
stock,57,35,0.1181320771574974
stock,57,36,0.11716347187757492
stock,57,37,0.1179581806063652
stock,57,38,0.11892586946487427
stock,57,39,0.11819619685411453
stock,57,40,0.11714442074298859
stock,57,41,0.11764749139547348
stock,57,42,0.11666936427354813
stock,57,43,0.11783010512590408
stock,57,44,0.1190669983625412
stock,57,45,0.11659520119428635
stock,57,46,0.11785704642534256
stock,57,47,0.11784707754850388
stock,57,48,0.07557573914527893
stock,57,49,0.07467960566282272
stock,57,50,0.07597920298576355
stock,57,51,0.07553406059741974
stock,57,52,0.07618273794651031
stock,57,53,0.07565755397081375
stock,57,54,0.07492754608392715
stock,57,55,0.07528369873762131
stock,57,56,0.07538871467113495
stock,57,57,0.07596694678068161
stock,57,58,0.07567078620195389
stock,57,59,0.07590606808662415
stock,57,60,0.07558777183294296
stock,57,61,0.07612928003072739
stock,57,62,0.07562204450368881
stock,57,63,0.07545561343431473
stock,57,64,0.060405511409044266
stock,57,65,0.0599808506667614
stock,57,66,0.058855801820755005
stock,57,67,0.060883235186338425
stock,57,68,0.06025483459234238
stock,57,69,0.05903807654976845
stock,57,70,0.05957901477813721
stock,57,71,0.05979035049676895
stock,57,72,0.06017926707863808
stock,57,73,0.06027374416589737
stock,57,74,0.0594831220805645
stock,57,75,0.059756312519311905
stock,57,76,0.06092901527881622
stock,57,77,0.06055532395839691
stock,57,78,0.05927363038063049
stock,57,79,0.060387492179870605
stock,58,0,0.14085052907466888
stock,58,1,0.14268513023853302
stock,58,2,0.14114320278167725
stock,58,3,0.14507976174354553
stock,58,4,0.14336557686328888
stock,58,5,0.13867193460464478
stock,58,6,0.1441677212715149
stock,58,7,0.14073817431926727
stock,58,8,0.14118646085262299
stock,58,9,0.1512555032968521
stock,58,10,0.14172101020812988
stock,58,11,0.13961973786354065
stock,58,12,0.14528916776180267
stock,58,13,0.1416516751050949
stock,58,14,0.13929319381713867
stock,58,15,0.13954585790634155
stock,58,16,0.09914758801460266
stock,58,17,0.09980691969394684
stock,58,18,0.0992889329791069
stock,58,19,0.10016055405139923
stock,58,20,0.09810774773359299
stock,58,21,0.10023513436317444
stock,58,22,0.10041749477386475
stock,58,23,0.10046582669019699
stock,58,24,0.09929078072309494
stock,58,25,0.0984320119023323
stock,58,26,0.09856992959976196
stock,58,27,0.10050874203443527
stock,58,28,0.09945838153362274
stock,58,29,0.10040482878684998
stock,58,30,0.0988679751753807
stock,58,31,0.09939766675233841
stock,58,32,0.11858684569597244
stock,58,33,0.11851757019758224
stock,58,34,0.1180344745516777
stock,58,35,0.11842759698629379
stock,58,36,0.11841161549091339
stock,58,37,0.11744686216115952
stock,58,38,0.11911062151193619
stock,58,39,0.1186269074678421
stock,58,40,0.11814936250448227
stock,58,41,0.11721347272396088
stock,58,42,0.11867029219865799
stock,58,43,0.1172955259680748
stock,58,44,0.11888331919908524
stock,58,45,0.11657536029815674
stock,58,46,0.11848245561122894
stock,58,47,0.11727810651063919
stock,58,48,0.07581673562526703
stock,58,49,0.07594763487577438
stock,58,50,0.07745479792356491
stock,58,51,0.07682783901691437
stock,58,52,0.07767530530691147
stock,58,53,0.07704418152570724
stock,58,54,0.07618802040815353
stock,58,55,0.07579001039266586
stock,58,56,0.07677240669727325
stock,58,57,0.07641921937465668
stock,58,58,0.07697944343090057
stock,58,59,0.07650217413902283
stock,58,60,0.07685939222574234
stock,58,61,0.07694755494594574
stock,58,62,0.07557545602321625
stock,58,63,0.07549049705266953
stock,58,64,0.06030570715665817
stock,58,65,0.06120060756802559
stock,58,66,0.05992734804749489
stock,58,67,0.06143763288855553
stock,58,68,0.06191930174827576
stock,58,69,0.06057993695139885
stock,58,70,0.06070601940155029
stock,58,71,0.0605054572224617
stock,58,72,0.06120017543435097
stock,58,73,0.06186417117714882
stock,58,74,0.06027732044458389
stock,58,75,0.059950973838567734
stock,58,76,0.06162043660879135
stock,58,77,0.06107554957270622
stock,58,78,0.05992228910326958
stock,58,79,0.061397284269332886
stock,59,0,0.13837438821792603
stock,59,1,0.13730278611183167
stock,59,2,0.13887998461723328
stock,59,3,0.1393074244260788
stock,59,4,0.13992145657539368
stock,59,5,0.13648541271686554
stock,59,6,0.14030933380126953
stock,59,7,0.1383448988199234
stock,59,8,0.13937212526798248
stock,59,9,0.147628054022789
stock,59,10,0.13755284249782562
stock,59,11,0.13787846267223358
stock,59,12,0.14401796460151672
stock,59,13,0.13844376802444458
stock,59,14,0.136537104845047
stock,59,15,0.13618242740631104
stock,59,16,0.09777648001909256
stock,59,17,0.09806779772043228
stock,59,18,0.09757368266582489
stock,59,19,0.09873032569885254
stock,59,20,0.09783060103654861
stock,59,21,0.09855645895004272
stock,59,22,0.09820966422557831
stock,59,23,0.09850683063268661
stock,59,24,0.09853525459766388
stock,59,25,0.09943781793117523
stock,59,26,0.09695109724998474
stock,59,27,0.09847163408994675
stock,59,28,0.09787198156118393
stock,59,29,0.09967190772294998
stock,59,30,0.09872882068157196
stock,59,31,0.09872888028621674
stock,59,32,0.11874625086784363
stock,59,33,0.11776812374591827
stock,59,34,0.1166607066988945
stock,59,35,0.1172885075211525
stock,59,36,0.11731847375631332
stock,59,37,0.11690016090869904
stock,59,38,0.11825744807720184
stock,59,39,0.11710328608751297
stock,59,40,0.11743274331092834
stock,59,41,0.11718381941318512
stock,59,42,0.11680515855550766
stock,59,43,0.11818258464336395
stock,59,44,0.11806334555149078
stock,59,45,0.11673514544963837
stock,59,46,0.11827173829078674
stock,59,47,0.11737922579050064
stock,59,48,0.07550443708896637
stock,59,49,0.07533333450555801
stock,59,50,0.07646486908197403
stock,59,51,0.0767129510641098
stock,59,52,0.07616689801216125
stock,59,53,0.0752134770154953
stock,59,54,0.07484842091798782
stock,59,55,0.0757410004734993
stock,59,56,0.07641127705574036
stock,59,57,0.07619873434305191
stock,59,58,0.07591739296913147
stock,59,59,0.07595329731702805
stock,59,60,0.07617661356925964
stock,59,61,0.07710655778646469
stock,59,62,0.07644271105527878
stock,59,63,0.07581518590450287
stock,59,64,0.06112857162952423
stock,59,65,0.06004992872476578
stock,59,66,0.058952830731868744
stock,59,67,0.06067986786365509
stock,59,68,0.060573600232601166
stock,59,69,0.06025398150086403
stock,59,70,0.059832796454429626
stock,59,71,0.059649642556905746
stock,59,72,0.05999266728758812
stock,59,73,0.06039311736822128
stock,59,74,0.05970297381281853
stock,59,75,0.06012731045484543
stock,59,76,0.06144057214260101
stock,59,77,0.06055383384227753
stock,59,78,0.0591144785284996
stock,59,79,0.06002768874168396
stock,60,0,0.14037548005580902
stock,60,1,0.14119186997413635
stock,60,2,0.1410646140575409
stock,60,3,0.14481402933597565
stock,60,4,0.14365969598293304
stock,60,5,0.13698752224445343
stock,60,6,0.14156144857406616
stock,60,7,0.1421937793493271
stock,60,8,0.14332365989685059
stock,60,9,0.15079347789287567
stock,60,10,0.14091897010803223
stock,60,11,0.13982971012592316
stock,60,12,0.14597730338573456
stock,60,13,0.14069496095180511
stock,60,14,0.13872511684894562
stock,60,15,0.13886013627052307
stock,60,16,0.0984915941953659
stock,60,17,0.09871618449687958
stock,60,18,0.09884315729141235
stock,60,19,0.09895095229148865
stock,60,20,0.09767237305641174
stock,60,21,0.09901162981987
stock,60,22,0.10005145519971848
stock,60,23,0.09935923665761948
stock,60,24,0.09907165169715881
stock,60,25,0.09870163351297379
stock,60,26,0.0975976511836052
stock,60,27,0.0990365520119667
stock,60,28,0.09973551332950592
stock,60,29,0.10016993433237076
stock,60,30,0.09972220659255981
stock,60,31,0.09898006916046143
stock,60,32,0.11959217488765717
stock,60,33,0.11849799752235413
stock,60,34,0.11853902041912079
stock,60,35,0.11734521389007568
stock,60,36,0.11865981668233871
stock,60,37,0.11723373830318451
stock,60,38,0.11913104355335236
stock,60,39,0.11779278516769409
stock,60,40,0.11798586696386337
stock,60,41,0.11850996315479279
stock,60,42,0.11649490892887115
stock,60,43,0.11775943636894226
stock,60,44,0.11970449239015579
stock,60,45,0.11658903956413269
stock,60,46,0.11744260042905807
stock,60,47,0.11615099757909775
stock,60,48,0.07591108977794647
stock,60,49,0.07606485486030579
stock,60,50,0.07657492905855179
stock,60,51,0.07623955607414246
stock,60,52,0.0766286849975586
stock,60,53,0.07705451548099518
stock,60,54,0.07543855905532837
stock,60,55,0.07534097880125046
stock,60,56,0.07697905600070953
stock,60,57,0.07628278434276581
stock,60,58,0.0773710235953331
stock,60,59,0.07628889381885529
stock,60,60,0.07668636739253998
stock,60,61,0.07689616084098816
stock,60,62,0.07676335424184799
stock,60,63,0.07526547461748123
stock,60,64,0.06124637648463249
stock,60,65,0.06065593287348747
stock,60,66,0.0594584122300148
stock,60,67,0.06113782152533531
stock,60,68,0.06086502969264984
stock,60,69,0.060587529093027115
stock,60,70,0.060261666774749756
stock,60,71,0.060502789914608
stock,60,72,0.06046967953443527
stock,60,73,0.06159082055091858
stock,60,74,0.061219535768032074
stock,60,75,0.060185085982084274
stock,60,76,0.061491310596466064
stock,60,77,0.0605192556977272
stock,60,78,0.06052495911717415
stock,60,79,0.06038353592157364
stock,61,0,0.14061707258224487
stock,61,1,0.1420770138502121
stock,61,2,0.1426869034767151
stock,61,3,0.1454293578863144
stock,61,4,0.14345620572566986
stock,61,5,0.1402054727077484
stock,61,6,0.14310923218727112
stock,61,7,0.1408386379480362
stock,61,8,0.14378084242343903
stock,61,9,0.1516784131526947
stock,61,10,0.13975152373313904
stock,61,11,0.14032842218875885
stock,61,12,0.1453198790550232
stock,61,13,0.14312052726745605
stock,61,14,0.13893859088420868
stock,61,15,0.1401452273130417
stock,61,16,0.09965044260025024
stock,61,17,0.09782135486602783
stock,61,18,0.09847986698150635
stock,61,19,0.09899257123470306
stock,61,20,0.09826602041721344
stock,61,21,0.09958697855472565
stock,61,22,0.10002358257770538
stock,61,23,0.09902576357126236
stock,61,24,0.0985761359333992
stock,61,25,0.09961370378732681
stock,61,26,0.09797443449497223
stock,61,27,0.0987381637096405
stock,61,28,0.09979555755853653
stock,61,29,0.09948404878377914
stock,61,30,0.0993252694606781
stock,61,31,0.0987032800912857
stock,61,32,0.11923632770776749
stock,61,33,0.11864537000656128
stock,61,34,0.11791214346885681
stock,61,35,0.11795064806938171
stock,61,36,0.11842059344053268
stock,61,37,0.11740842461585999
stock,61,38,0.11896821111440659
stock,61,39,0.11853129416704178
stock,61,40,0.11871099472045898
stock,61,41,0.11857354640960693
stock,61,42,0.1180800050497055
stock,61,43,0.11865699291229248
stock,61,44,0.12041755765676498
stock,61,45,0.11745547503232956
stock,61,46,0.11954674869775772
stock,61,47,0.11767897754907608
stock,61,48,0.07589691877365112
stock,61,49,0.0754728838801384
stock,61,50,0.07683593779802322
stock,61,51,0.07679583877325058
stock,61,52,0.07619383931159973
stock,61,53,0.07652536779642105
stock,61,54,0.07535811513662338
stock,61,55,0.0763077363371849
stock,61,56,0.07652921974658966
stock,61,57,0.07596909254789352
stock,61,58,0.07669941335916519
stock,61,59,0.07548995316028595
stock,61,60,0.07717128843069077
stock,61,61,0.07657407969236374
stock,61,62,0.07638190686702728
stock,61,63,0.07575654983520508
stock,61,64,0.060023657977581024
stock,61,65,0.061007265001535416
stock,61,66,0.05969855189323425
stock,61,67,0.06106426194310188
stock,61,68,0.0611804760992527
stock,61,69,0.0601392462849617
stock,61,70,0.060442566871643066
stock,61,71,0.061259202659130096
stock,61,72,0.060949746519327164
stock,61,73,0.06101544573903084
stock,61,74,0.05958349257707596
stock,61,75,0.06099068373441696
stock,61,76,0.06129412353038788
stock,61,77,0.06163933873176575
stock,61,78,0.060488585382699966
stock,61,79,0.061288297176361084
stock,62,0,0.13809823989868164
stock,62,1,0.1377030909061432
stock,62,2,0.1381964385509491
stock,62,3,0.14133818447589874
stock,62,4,0.14206574857234955
stock,62,5,0.13557763397693634
stock,62,6,0.1401311457157135
stock,62,7,0.13721323013305664
stock,62,8,0.1410457193851471
stock,62,9,0.14802226424217224
stock,62,10,0.13764023780822754
stock,62,11,0.13960742950439453
stock,62,12,0.14209392666816711
stock,62,13,0.13926126062870026
stock,62,14,0.13559404015541077
stock,62,15,0.136972114443779
stock,62,16,0.09737002849578857
stock,62,17,0.09828907251358032
stock,62,18,0.09910313040018082
stock,62,19,0.09850264340639114
stock,62,20,0.09754424542188644
stock,62,21,0.0997796505689621
stock,62,22,0.09874781221151352
stock,62,23,0.09968419373035431
stock,62,24,0.09896198660135269
stock,62,25,0.09932757914066315
stock,62,26,0.09767536073923111
stock,62,27,0.09863726794719696
stock,62,28,0.09820201247930527
stock,62,29,0.09946679323911667
stock,62,30,0.09921308606863022
stock,62,31,0.09807959198951721
stock,62,32,0.11755692213773727
stock,62,33,0.11822240054607391
stock,62,34,0.11622438579797745
stock,62,35,0.1177629828453064
stock,62,36,0.1168999969959259
stock,62,37,0.11704468727111816
stock,62,38,0.11890001595020294
stock,62,39,0.11871717870235443
stock,62,40,0.11770433932542801
stock,62,41,0.11700409650802612
stock,62,42,0.11686218529939651
stock,62,43,0.11748483031988144
stock,62,44,0.1187463104724884
stock,62,45,0.11761640012264252
stock,62,46,0.1176137924194336
stock,62,47,0.11637098342180252
stock,62,48,0.07588651031255722
stock,62,49,0.07609935104846954
stock,62,50,0.07618816196918488
stock,62,51,0.0764276534318924
stock,62,52,0.07719655334949493
stock,62,53,0.07634232193231583
stock,62,54,0.07595428079366684
stock,62,55,0.07588043808937073
stock,62,56,0.07704393565654755
stock,62,57,0.0765230804681778
stock,62,58,0.07643494009971619
stock,62,59,0.07637681812047958
stock,62,60,0.0757627785205841
stock,62,61,0.07605217397212982
stock,62,62,0.0759211927652359
stock,62,63,0.07536382228136063
stock,62,64,0.06035495921969414
stock,62,65,0.06094370782375336
stock,62,66,0.059332240372896194
stock,62,67,0.06062004342675209
stock,62,68,0.06069890037178993
stock,62,69,0.06046731397509575
stock,62,70,0.060884375125169754
stock,62,71,0.06020918861031532
stock,62,72,0.060653384774923325
stock,62,73,0.06077662482857704
stock,62,74,0.059422701597213745
stock,62,75,0.059438306838274
stock,62,76,0.060966383665800095
stock,62,77,0.06067003682255745
stock,62,78,0.06009460985660553
stock,62,79,0.06041461229324341
stock,63,0,0.1404009908437729
stock,63,1,0.14028438925743103
stock,63,2,0.1417529433965683
stock,63,3,0.14497195184230804
stock,63,4,0.1433185338973999
stock,63,5,0.13874483108520508
stock,63,6,0.14380569756031036
stock,63,7,0.1407669484615326
stock,63,8,0.14317631721496582
stock,63,9,0.15249380469322205
stock,63,10,0.14083698391914368
stock,63,11,0.14072507619857788
stock,63,12,0.14668171107769012
stock,63,13,0.1431349366903305
stock,63,14,0.14049646258354187
stock,63,15,0.1405142843723297
stock,63,16,0.09853081405162811
stock,63,17,0.09829027205705643
stock,63,18,0.09730438143014908
stock,63,19,0.10007478296756744
stock,63,20,0.09899933636188507
stock,63,21,0.09904003888368607
stock,63,22,0.10076387971639633
stock,63,23,0.09949002414941788
stock,63,24,0.09809580445289612
stock,63,25,0.10093501955270767
stock,63,26,0.09770703315734863
stock,63,27,0.09811543673276901
stock,63,28,0.09882421046495438
stock,63,29,0.09998805075883865
stock,63,30,0.09951689839363098
stock,63,31,0.09905391186475754
stock,63,32,0.1184537261724472
stock,63,33,0.11848007142543793
stock,63,34,0.11779297888278961
stock,63,35,0.11968358606100082
stock,63,36,0.11941688507795334
stock,63,37,0.11780239641666412
stock,63,38,0.1182907372713089
stock,63,39,0.11848921328783035
stock,63,40,0.1186874508857727
stock,63,41,0.11871493607759476
stock,63,42,0.11866683512926102
stock,63,43,0.11752090603113174
stock,63,44,0.11861996352672577
stock,63,45,0.11667465418577194
stock,63,46,0.11972307413816452
stock,63,47,0.1194569319486618
stock,63,48,0.076070636510849
stock,63,49,0.07634280622005463
stock,63,50,0.0770639181137085
stock,63,51,0.07635781168937683
stock,63,52,0.07658106088638306
stock,63,53,0.07598834484815598
stock,63,54,0.07495233416557312
stock,63,55,0.0761830285191536
stock,63,56,0.0766712948679924
stock,63,57,0.07628460228443146
stock,63,58,0.07604644447565079
stock,63,59,0.0771915391087532
stock,63,60,0.0761222094297409
stock,63,61,0.07738349586725235
stock,63,62,0.0770367830991745
stock,63,63,0.07496345788240433
stock,63,64,0.06108452007174492
stock,63,65,0.061062853783369064
stock,63,66,0.05918331816792488
stock,63,67,0.06079898029565811
stock,63,68,0.060508500784635544
stock,63,69,0.0600050687789917
stock,63,70,0.06060750409960747
stock,63,71,0.06056324020028114
stock,63,72,0.060509297996759415
stock,63,73,0.0608261302113533
stock,63,74,0.059590261429548264
stock,63,75,0.0604814849793911
stock,63,76,0.06102617084980011
stock,63,77,0.06181493401527405
stock,63,78,0.060201529413461685
stock,63,79,0.06053762882947922
R1fold,0,0,0.1436586081981659
R1fold,0,1,0.14339962601661682
R1fold,0,2,0.14272083342075348
R1fold,0,3,0.1430368274450302
R1fold,0,4,0.14295594394207
R1fold,0,5,0.1427546590566635
R1fold,0,6,0.14346261322498322
R1fold,0,7,0.1423829346895218
R1fold,0,8,0.14328761398792267
R1fold,0,9,0.142876997590065
R1fold,0,10,0.1430014967918396
R1fold,0,11,0.14256836473941803
R1fold,0,12,0.14572465419769287
R1fold,0,13,0.14436310529708862
R1fold,0,14,0.14347577095031738
R1fold,0,15,0.14389513432979584
R1fold,0,16,0.09833518415689468
R1fold,0,17,0.0992322489619255
R1fold,0,18,0.09990240633487701
R1fold,0,19,0.09837901592254639
R1fold,0,20,0.09944809228181839
R1fold,0,21,0.0993182361125946
R1fold,0,22,0.09903659671545029
R1fold,0,23,0.09918227791786194
R1fold,0,24,0.09887828677892685
R1fold,0,25,0.09851714968681335
R1fold,0,26,0.09909806400537491
R1fold,0,27,0.09811966866254807
R1fold,0,28,0.0992487445473671
R1fold,0,29,0.09873741865158081
R1fold,0,30,0.0988692119717598
R1fold,0,31,0.09927184879779816
R1fold,0,32,0.11861253529787064
R1fold,0,33,0.11856602877378464
R1fold,0,34,0.11832275241613388
R1fold,0,35,0.11890962719917297
R1fold,0,36,0.11918293684720993
R1fold,0,37,0.11950036883354187
R1fold,0,38,0.11829574406147003
R1fold,0,39,0.11857327073812485
R1fold,0,40,0.11745555698871613
R1fold,0,41,0.11869701743125916
R1fold,0,42,0.11972282826900482
R1fold,0,43,0.11901763826608658
R1fold,0,44,0.11880821734666824
R1fold,0,45,0.11777660250663757
R1fold,0,46,0.11776503920555115
R1fold,0,47,0.11893030256032944
R1fold,0,48,0.07693754136562347
R1fold,0,49,0.07641187310218811
R1fold,0,50,0.07703209668397903
R1fold,0,51,0.0767713338136673
R1fold,0,52,0.07610742747783661
R1fold,0,53,0.07612866163253784
R1fold,0,54,0.07636992633342743
R1fold,0,55,0.07612034678459167
R1fold,0,56,0.07689323276281357
R1fold,0,57,0.07651637494564056
R1fold,0,58,0.0768708661198616
R1fold,0,59,0.07631368935108185
R1fold,0,60,0.07567217946052551
R1fold,0,61,0.07672112435102463
R1fold,0,62,0.07636631280183792
R1fold,0,63,0.07646068185567856
R1fold,0,64,0.060638997703790665
R1fold,0,65,0.06114806607365608
R1fold,0,66,0.0613502562046051
R1fold,0,67,0.06102314591407776
R1fold,0,68,0.06093892827630043
R1fold,0,69,0.060941893607378006
R1fold,0,70,0.06092708930373192
R1fold,0,71,0.060846585780382156
R1fold,0,72,0.06069610267877579
R1fold,0,73,0.06105993315577507
R1fold,0,74,0.06108136475086212
R1fold,0,75,0.061264388263225555
R1fold,0,76,0.0607537105679512
R1fold,0,77,0.061256714165210724
R1fold,0,78,0.0607992522418499
R1fold,0,79,0.060455139726400375
R1fold,1,0,0.13917513191699982
R1fold,1,1,0.13938838243484497
R1fold,1,2,0.13975302875041962
R1fold,1,3,0.13830672204494476
R1fold,1,4,0.13999713957309723
R1fold,1,5,0.1409657597541809
R1fold,1,6,0.13990168273448944
R1fold,1,7,0.13891835510730743
R1fold,1,8,0.13770022988319397
R1fold,1,9,0.1394481509923935
R1fold,1,10,0.1410486102104187
R1fold,1,11,0.1404661238193512
R1fold,1,12,0.14122126996517181
R1fold,1,13,0.13938792049884796
R1fold,1,14,0.13873599469661713
R1fold,1,15,0.13946528732776642
R1fold,1,16,0.09770182520151138
R1fold,1,17,0.09820083528757095
R1fold,1,18,0.09797893464565277
R1fold,1,19,0.09619875997304916
R1fold,1,20,0.09948932379484177
R1fold,1,21,0.0985167995095253
R1fold,1,22,0.0978894978761673
R1fold,1,23,0.09920556843280792
R1fold,1,24,0.09814184904098511
R1fold,1,25,0.09817519783973694
R1fold,1,26,0.0981953963637352
R1fold,1,27,0.09828652441501617
R1fold,1,28,0.0983983725309372
R1fold,1,29,0.09765873104333878
R1fold,1,30,0.09732034802436829
R1fold,1,31,0.09754553437232971
R1fold,1,32,0.1174517571926117
R1fold,1,33,0.11876131594181061
R1fold,1,34,0.11813240498304367
R1fold,1,35,0.11800835281610489
R1fold,1,36,0.12005270272493362
R1fold,1,37,0.11798113584518433
R1fold,1,38,0.11719251424074173
R1fold,1,39,0.11820033937692642
R1fold,1,40,0.11711309850215912
R1fold,1,41,0.11775064468383789
R1fold,1,42,0.11970948427915573
R1fold,1,43,0.11690017580986023
R1fold,1,44,0.11802110075950623
R1fold,1,45,0.11835537850856781
R1fold,1,46,0.11743827164173126
R1fold,1,47,0.11790627986192703
R1fold,1,48,0.07492117583751678
R1fold,1,49,0.07655249536037445
R1fold,1,50,0.0763586014509201
R1fold,1,51,0.07616467028856277
R1fold,1,52,0.07686955481767654
R1fold,1,53,0.07640902698040009
R1fold,1,54,0.07652004808187485
R1fold,1,55,0.07683373242616653
R1fold,1,56,0.0760335773229599
R1fold,1,57,0.07611486315727234
R1fold,1,58,0.07668092101812363
R1fold,1,59,0.07614501565694809
R1fold,1,60,0.07598051428794861
R1fold,1,61,0.07626863569021225
R1fold,1,62,0.07630309462547302
R1fold,1,63,0.07604949176311493
R1fold,1,64,0.0608036033809185
R1fold,1,65,0.060860775411129
R1fold,1,66,0.06038821116089821
R1fold,1,67,0.05995514243841171
R1fold,1,68,0.060486212372779846
R1fold,1,69,0.06063765659928322
R1fold,1,70,0.06036233529448509
R1fold,1,71,0.061040379106998444
R1fold,1,72,0.06076053902506828
R1fold,1,73,0.06036923825740814
R1fold,1,74,0.060803573578596115
R1fold,1,75,0.06148485094308853
R1fold,1,76,0.060578688979148865
R1fold,1,77,0.06075142323970795
R1fold,1,78,0.06063387542963028
R1fold,1,79,0.060314733535051346
R1fold,2,0,0.14139433205127716
R1fold,2,1,0.1402437388896942
R1fold,2,2,0.1410476118326187
R1fold,2,3,0.13944946229457855
R1fold,2,4,0.1387927234172821
R1fold,2,5,0.1399720013141632
R1fold,2,6,0.14187438786029816
R1fold,2,7,0.13988246023654938
R1fold,2,8,0.14148005843162537
R1fold,2,9,0.13899016380310059
R1fold,2,10,0.14109888672828674
R1fold,2,11,0.1396322101354599
R1fold,2,12,0.14271090924739838
R1fold,2,13,0.14174579083919525
R1fold,2,14,0.14081251621246338
R1fold,2,15,0.14034102857112885
R1fold,2,16,0.09817560017108917
R1fold,2,17,0.09827512502670288
R1fold,2,18,0.0982234850525856
R1fold,2,19,0.09857175499200821
R1fold,2,20,0.09837674349546432
R1fold,2,21,0.09960666298866272
R1fold,2,22,0.09835557639598846
R1fold,2,23,0.09842963516712189
R1fold,2,24,0.09790769964456558
R1fold,2,25,0.09797395765781403
R1fold,2,26,0.09912165999412537
R1fold,2,27,0.09912411123514175
R1fold,2,28,0.09877194464206696
R1fold,2,29,0.0977664515376091
R1fold,2,30,0.09867673367261887
R1fold,2,31,0.0984029695391655
R1fold,2,32,0.1173245832324028
R1fold,2,33,0.11740826815366745
R1fold,2,34,0.11838378757238388
R1fold,2,35,0.11831084638834
R1fold,2,36,0.11882588267326355
R1fold,2,37,0.11853483319282532
R1fold,2,38,0.11719640344381332
R1fold,2,39,0.11793557554483414
R1fold,2,40,0.11689423769712448
R1fold,2,41,0.11680704355239868
R1fold,2,42,0.11819939315319061
R1fold,2,43,0.11815306544303894
R1fold,2,44,0.11753691732883453
R1fold,2,45,0.11817845702171326
R1fold,2,46,0.11732333898544312
R1fold,2,47,0.11786749958992004
R1fold,2,48,0.07595871388912201
R1fold,2,49,0.0757947564125061
R1fold,2,50,0.07553492486476898
R1fold,2,51,0.07600972056388855
R1fold,2,52,0.07633782923221588
R1fold,2,53,0.07607431709766388
R1fold,2,54,0.07541542500257492
R1fold,2,55,0.07572460919618607
R1fold,2,56,0.0771942213177681
R1fold,2,57,0.07592569291591644
R1fold,2,58,0.07540269941091537
R1fold,2,59,0.07556425034999847
R1fold,2,60,0.07557511329650879
R1fold,2,61,0.0764278694987297
R1fold,2,62,0.07650000602006912
R1fold,2,63,0.07653047889471054
R1fold,2,64,0.060135193169116974
R1fold,2,65,0.06105479598045349
R1fold,2,66,0.06042426452040672
R1fold,2,67,0.06024673953652382
R1fold,2,68,0.06033673137426376
R1fold,2,69,0.060561396181583405
R1fold,2,70,0.06041807308793068
R1fold,2,71,0.06057511642575264
R1fold,2,72,0.06067778915166855
R1fold,2,73,0.06008318066596985
R1fold,2,74,0.06052583456039429
R1fold,2,75,0.06028643622994423
R1fold,2,76,0.06040269136428833
R1fold,2,77,0.06020762026309967
R1fold,2,78,0.06023349240422249
R1fold,2,79,0.06097044423222542
R1fold,3,0,0.14078080654144287
R1fold,3,1,0.14166317880153656
R1fold,3,2,0.14129312336444855
R1fold,3,3,0.13937906920909882
R1fold,3,4,0.1417628526687622
R1fold,3,5,0.14028899371623993
R1fold,3,6,0.14131641387939453
R1fold,3,7,0.14090339839458466
R1fold,3,8,0.1408640593290329
R1fold,3,9,0.1403907686471939
R1fold,3,10,0.14222896099090576
R1fold,3,11,0.14080649614334106
R1fold,3,12,0.14198628067970276
R1fold,3,13,0.1422281116247177
R1fold,3,14,0.1410423219203949
R1fold,3,15,0.1427566409111023
R1fold,3,16,0.09860333055257797
R1fold,3,17,0.09821193665266037
R1fold,3,18,0.0980217307806015
R1fold,3,19,0.09827400743961334
R1fold,3,20,0.09898574650287628
R1fold,3,21,0.09813810884952545
R1fold,3,22,0.09843376278877258
R1fold,3,23,0.09827694296836853
R1fold,3,24,0.09829404205083847
R1fold,3,25,0.09892765432596207
R1fold,3,26,0.09817256778478622
R1fold,3,27,0.09831052273511887
R1fold,3,28,0.09873371571302414
R1fold,3,29,0.09883774071931839
R1fold,3,30,0.099555104970932
R1fold,3,31,0.09880805760622025
R1fold,3,32,0.11791349202394485
R1fold,3,33,0.11860504001379013
R1fold,3,34,0.11897207796573639
R1fold,3,35,0.11816823482513428
R1fold,3,36,0.1178506463766098
R1fold,3,37,0.1192588284611702
R1fold,3,38,0.11859706044197083
R1fold,3,39,0.11771397292613983
R1fold,3,40,0.11720645427703857
R1fold,3,41,0.11897139251232147
R1fold,3,42,0.11815061420202255
R1fold,3,43,0.11761268973350525
R1fold,3,44,0.11790775507688522
R1fold,3,45,0.11839884519577026
R1fold,3,46,0.11831412464380264
R1fold,3,47,0.11713165044784546
R1fold,3,48,0.0767558291554451
R1fold,3,49,0.07666406035423279
R1fold,3,50,0.07620053738355637
R1fold,3,51,0.07676694542169571
R1fold,3,52,0.0762176439166069
R1fold,3,53,0.0767296701669693
R1fold,3,54,0.07710787653923035
R1fold,3,55,0.0766831636428833
R1fold,3,56,0.07574185729026794
R1fold,3,57,0.07649073004722595
R1fold,3,58,0.07670020312070847
R1fold,3,59,0.07590733468532562
R1fold,3,60,0.07598801702260971
R1fold,3,61,0.07708785682916641
R1fold,3,62,0.07709184288978577
R1fold,3,63,0.07649844884872437
R1fold,3,64,0.06081965193152428
R1fold,3,65,0.061151713132858276
R1fold,3,66,0.060266174376010895
R1fold,3,67,0.0608602911233902
R1fold,3,68,0.06077658385038376
R1fold,3,69,0.06092049926519394
R1fold,3,70,0.06099259853363037
R1fold,3,71,0.06100812181830406
R1fold,3,72,0.060962967574596405
R1fold,3,73,0.060418859124183655
R1fold,3,74,0.06064962223172188
R1fold,3,75,0.06110728159546852
R1fold,3,76,0.060689765959978104
R1fold,3,77,0.06088912859559059
R1fold,3,78,0.061096224933862686
R1fold,3,79,0.060997866094112396
R1fold,4,0,0.1396138221025467
R1fold,4,1,0.14032955467700958
R1fold,4,2,0.14170123636722565
R1fold,4,3,0.1404530555009842
R1fold,4,4,0.14211735129356384
R1fold,4,5,0.14087888598442078
R1fold,4,6,0.14131024479866028
R1fold,4,7,0.14097213745117188
R1fold,4,8,0.14115697145462036
R1fold,4,9,0.141142338514328
R1fold,4,10,0.1422099620103836
R1fold,4,11,0.1412169337272644
R1fold,4,12,0.1426529586315155
R1fold,4,13,0.1427038013935089
R1fold,4,14,0.1400202214717865
R1fold,4,15,0.1409664899110794
R1fold,4,16,0.098783478140831
R1fold,4,17,0.09892362356185913
R1fold,4,18,0.09943398833274841
R1fold,4,19,0.09917908906936646
R1fold,4,20,0.09849202632904053
R1fold,4,21,0.09790460765361786
R1fold,4,22,0.09871569275856018
R1fold,4,23,0.09887149930000305
R1fold,4,24,0.09828715771436691
R1fold,4,25,0.09835155308246613
R1fold,4,26,0.09903794527053833
R1fold,4,27,0.09860938042402267
R1fold,4,28,0.09833122789859772
R1fold,4,29,0.09941242635250092
R1fold,4,30,0.09849810600280762
R1fold,4,31,0.0994689092040062
R1fold,4,32,0.11945899575948715
R1fold,4,33,0.11950285732746124
R1fold,4,34,0.11691256612539291
R1fold,4,35,0.11882765591144562
R1fold,4,36,0.11957645416259766
R1fold,4,37,0.11925915628671646
R1fold,4,38,0.11860478669404984
R1fold,4,39,0.1180255189538002
R1fold,4,40,0.11813151091337204
R1fold,4,41,0.11801978200674057
R1fold,4,42,0.11847738921642303
R1fold,4,43,0.11809377372264862
R1fold,4,44,0.11685259640216827
R1fold,4,45,0.11820895969867706
R1fold,4,46,0.11731051653623581
R1fold,4,47,0.11819256842136383
R1fold,4,48,0.07595275342464447
R1fold,4,49,0.07639386504888535
R1fold,4,50,0.07590223848819733
R1fold,4,51,0.0762021616101265
R1fold,4,52,0.07600028067827225
R1fold,4,53,0.07641924172639847
R1fold,4,54,0.07656962424516678
R1fold,4,55,0.0757281705737114
R1fold,4,56,0.07599479705095291
R1fold,4,57,0.07579810917377472
R1fold,4,58,0.07548344135284424
R1fold,4,59,0.07552133500576019
R1fold,4,60,0.07616905122995377
R1fold,4,61,0.07588830590248108
R1fold,4,62,0.07622081786394119
R1fold,4,63,0.07546156644821167
R1fold,4,64,0.060786619782447815
R1fold,4,65,0.06089959293603897
R1fold,4,66,0.06031106412410736
R1fold,4,67,0.06116817146539688
R1fold,4,68,0.06064583361148834
R1fold,4,69,0.06020838022232056
R1fold,4,70,0.06108846142888069
R1fold,4,71,0.06032099947333336
R1fold,4,72,0.06109437346458435
R1fold,4,73,0.06065768748521805
R1fold,4,74,0.06015050411224365
R1fold,4,75,0.06075318902730942
R1fold,4,76,0.06026523932814598
R1fold,4,77,0.060949672013521194
R1fold,4,78,0.06104404851794243
R1fold,4,79,0.06017595902085304
R1fold,5,0,0.14606064558029175
R1fold,5,1,0.14496974647045135
R1fold,5,2,0.14503222703933716
R1fold,5,3,0.14601033926010132
R1fold,5,4,0.14538192749023438
R1fold,5,5,0.14609627425670624
R1fold,5,6,0.14592233300209045
R1fold,5,7,0.14451098442077637
R1fold,5,8,0.14642392098903656
R1fold,5,9,0.14447569847106934
R1fold,5,10,0.14610640704631805
R1fold,5,11,0.14585523307323456
R1fold,5,12,0.14752435684204102
R1fold,5,13,0.1468086838722229
R1fold,5,14,0.14395968616008759
R1fold,5,15,0.14516809582710266
R1fold,5,16,0.09903714805841446
R1fold,5,17,0.0992267057299614
R1fold,5,18,0.0990249291062355
R1fold,5,19,0.09914638102054596
R1fold,5,20,0.10020898282527924
R1fold,5,21,0.09996108710765839
R1fold,5,22,0.09968583285808563
R1fold,5,23,0.099003367125988
R1fold,5,24,0.09844259917736053
R1fold,5,25,0.09945610165596008
R1fold,5,26,0.09808026999235153
R1fold,5,27,0.09943042695522308
R1fold,5,28,0.09928000718355179
R1fold,5,29,0.09962628036737442
R1fold,5,30,0.09926412254571915
R1fold,5,31,0.0991416871547699
R1fold,5,32,0.11855438351631165
R1fold,5,33,0.11810941994190216
R1fold,5,34,0.11813142895698547
R1fold,5,35,0.11955444514751434
R1fold,5,36,0.11895665526390076
R1fold,5,37,0.11910594999790192
R1fold,5,38,0.11890263855457306
R1fold,5,39,0.11801052838563919
R1fold,5,40,0.11783438920974731
R1fold,5,41,0.11922543495893478
R1fold,5,42,0.11896225810050964
R1fold,5,43,0.11835529655218124
R1fold,5,44,0.11784064024686813
R1fold,5,45,0.1178218424320221
R1fold,5,46,0.1181500181555748
R1fold,5,47,0.11894286423921585
R1fold,5,48,0.07712658494710922
R1fold,5,49,0.07654398679733276
R1fold,5,50,0.07642073184251785
R1fold,5,51,0.07661076635122299
R1fold,5,52,0.07696844637393951
R1fold,5,53,0.07690374553203583
R1fold,5,54,0.07591906189918518
R1fold,5,55,0.07617639005184174
R1fold,5,56,0.0764879509806633
R1fold,5,57,0.07643964886665344
R1fold,5,58,0.07605913281440735
R1fold,5,59,0.07667791843414307
R1fold,5,60,0.07617132365703583
R1fold,5,61,0.07665015012025833
R1fold,5,62,0.07631014287471771
R1fold,5,63,0.07631794363260269
R1fold,5,64,0.06105006858706474
R1fold,5,65,0.061011094599962234
R1fold,5,66,0.06102468818426132
R1fold,5,67,0.06087270379066467
R1fold,5,68,0.06108137592673302
R1fold,5,69,0.06111392378807068
R1fold,5,70,0.06114816665649414
R1fold,5,71,0.06044144183397293
R1fold,5,72,0.06093375384807587
R1fold,5,73,0.06069744750857353
R1fold,5,74,0.06013905629515648
R1fold,5,75,0.06130458042025566
R1fold,5,76,0.06079396605491638
R1fold,5,77,0.060719601809978485
R1fold,5,78,0.061276502907276154
R1fold,5,79,0.06046714261174202
R1fold,6,0,0.13846297562122345
R1fold,6,1,0.13771364092826843
R1fold,6,2,0.1373252272605896
R1fold,6,3,0.13775715231895447
R1fold,6,4,0.1383388787508011
R1fold,6,5,0.1374453753232956
R1fold,6,6,0.13757401704788208
R1fold,6,7,0.1378796547651291
R1fold,6,8,0.13771337270736694
R1fold,6,9,0.1373254507780075
R1fold,6,10,0.13861776888370514
R1fold,6,11,0.14025558531284332
R1fold,6,12,0.14025607705116272
R1fold,6,13,0.13983096182346344
R1fold,6,14,0.13829131424427032
R1fold,6,15,0.1372772604227066
R1fold,6,16,0.09699182212352753
R1fold,6,17,0.09795310348272324
R1fold,6,18,0.09714078158140182
R1fold,6,19,0.0984349176287651
R1fold,6,20,0.0982566699385643
R1fold,6,21,0.0981421247124672
R1fold,6,22,0.09830307215452194
R1fold,6,23,0.09808778017759323
R1fold,6,24,0.09904024749994278
R1fold,6,25,0.09827268123626709
R1fold,6,26,0.09853896498680115
R1fold,6,27,0.09826678037643433
R1fold,6,28,0.09857200086116791
R1fold,6,29,0.09807039052248001
R1fold,6,30,0.09896808117628098
R1fold,6,31,0.098519466817379
R1fold,6,32,0.11653782427310944
R1fold,6,33,0.11723360419273376
R1fold,6,34,0.11787737905979156
R1fold,6,35,0.11738564819097519
R1fold,6,36,0.11886058002710342
R1fold,6,37,0.11722365021705627
R1fold,6,38,0.11740976572036743
R1fold,6,39,0.11688456684350967
R1fold,6,40,0.11699707061052322
R1fold,6,41,0.11773358285427094
R1fold,6,42,0.11860276758670807
R1fold,6,43,0.11731135100126266
R1fold,6,44,0.11864328384399414
R1fold,6,45,0.11721385270357132
R1fold,6,46,0.11826208978891373
R1fold,6,47,0.11865726858377457
R1fold,6,48,0.0757729634642601
R1fold,6,49,0.07571185380220413
R1fold,6,50,0.0760638639330864
R1fold,6,51,0.0759696438908577
R1fold,6,52,0.07618547230958939
R1fold,6,53,0.07563919574022293
R1fold,6,54,0.07607238739728928
R1fold,6,55,0.07555057108402252
R1fold,6,56,0.07649111747741699
R1fold,6,57,0.07587947696447372
R1fold,6,58,0.0764770358800888
R1fold,6,59,0.07480902969837189
R1fold,6,60,0.07584994286298752
R1fold,6,61,0.07641792297363281
R1fold,6,62,0.07568757236003876
R1fold,6,63,0.07609448581933975
R1fold,6,64,0.060323115438222885
R1fold,6,65,0.06061568483710289
R1fold,6,66,0.06034867838025093
R1fold,6,67,0.060552019625902176
R1fold,6,68,0.05928141996264458
R1fold,6,69,0.059499699622392654
R1fold,6,70,0.06105617806315422
R1fold,6,71,0.06023203954100609
R1fold,6,72,0.06037059798836708
R1fold,6,73,0.06033838540315628
R1fold,6,74,0.06060728058218956
R1fold,6,75,0.059504635632038116
R1fold,6,76,0.060365576297044754
R1fold,6,77,0.06009173393249512
R1fold,6,78,0.0600825771689415
R1fold,6,79,0.05994671955704689
R1fold,7,0,0.14604388177394867
R1fold,7,1,0.14364264905452728
R1fold,7,2,0.14605501294136047
R1fold,7,3,0.14457406103610992
R1fold,7,4,0.14578181505203247
R1fold,7,5,0.14547018706798553
R1fold,7,6,0.1443130522966385
R1fold,7,7,0.14426171779632568
R1fold,7,8,0.1430162936449051
R1fold,7,9,0.14317373931407928
R1fold,7,10,0.14552199840545654
R1fold,7,11,0.14477072656154633
R1fold,7,12,0.14579926431179047
R1fold,7,13,0.1448533535003662
R1fold,7,14,0.14457297325134277
R1fold,7,15,0.14496929943561554
R1fold,7,16,0.10630980134010315
R1fold,7,17,0.10460346192121506
R1fold,7,18,0.10504601150751114
R1fold,7,19,0.10541008412837982
R1fold,7,20,0.10721412301063538
R1fold,7,21,0.1067732572555542
R1fold,7,22,0.1039966344833374
R1fold,7,23,0.10635675489902496
R1fold,7,24,0.10473643243312836
R1fold,7,25,0.1063697412610054
R1fold,7,26,0.10470681637525558
R1fold,7,27,0.10462377965450287
R1fold,7,28,0.10544916987419128
R1fold,7,29,0.10447008907794952
R1fold,7,30,0.10649488121271133
R1fold,7,31,0.10630013048648834
R1fold,7,32,0.12022173404693604
R1fold,7,33,0.12158770114183426
R1fold,7,34,0.1207343339920044
R1fold,7,35,0.12087726593017578
R1fold,7,36,0.12000986188650131
R1fold,7,37,0.11929194629192352
R1fold,7,38,0.12063587456941605
R1fold,7,39,0.12047082185745239
R1fold,7,40,0.12039695680141449
R1fold,7,41,0.119326151907444
R1fold,7,42,0.12193754315376282
R1fold,7,43,0.12080655246973038
R1fold,7,44,0.12159772217273712
R1fold,7,45,0.1211158037185669
R1fold,7,46,0.12160100042819977
R1fold,7,47,0.120303213596344
R1fold,7,48,0.07872050255537033
R1fold,7,49,0.07763979583978653
R1fold,7,50,0.07834513485431671
R1fold,7,51,0.07807911187410355
R1fold,7,52,0.07785624265670776
R1fold,7,53,0.07777290046215057
R1fold,7,54,0.0779363289475441
R1fold,7,55,0.07768359780311584
R1fold,7,56,0.07806311547756195
R1fold,7,57,0.07838015258312225
R1fold,7,58,0.0782293900847435
R1fold,7,59,0.07799682021141052
R1fold,7,60,0.07902128994464874
R1fold,7,61,0.07772447913885117
R1fold,7,62,0.0785461962223053
R1fold,7,63,0.07821159064769745
R1fold,7,64,0.06346192955970764
R1fold,7,65,0.06373993307352066
R1fold,7,66,0.06248629838228226
R1fold,7,67,0.06342974305152893
R1fold,7,68,0.06333038955926895
R1fold,7,69,0.06188935413956642
R1fold,7,70,0.06363488733768463
R1fold,7,71,0.06269346922636032
R1fold,7,72,0.06212153658270836
R1fold,7,73,0.0629432275891304
R1fold,7,74,0.0631815567612648
R1fold,7,75,0.06310796737670898
R1fold,7,76,0.0633634403347969
R1fold,7,77,0.06297483295202255
R1fold,7,78,0.06332766264677048
R1fold,7,79,0.06309802085161209
R1fold,8,0,0.13957872986793518
R1fold,8,1,0.13898761570453644
R1fold,8,2,0.14006131887435913
R1fold,8,3,0.13974416255950928
R1fold,8,4,0.1411365419626236
R1fold,8,5,0.14014212787151337
R1fold,8,6,0.14071665704250336
R1fold,8,7,0.13880714774131775
R1fold,8,8,0.13968506455421448
R1fold,8,9,0.13999447226524353
R1fold,8,10,0.13959114253520966
R1fold,8,11,0.14034917950630188
R1fold,8,12,0.14088574051856995
R1fold,8,13,0.1410815715789795
R1fold,8,14,0.13827753067016602
R1fold,8,15,0.14031124114990234
R1fold,8,16,0.09942788630723953
R1fold,8,17,0.09864845126867294
R1fold,8,18,0.09838122874498367
R1fold,8,19,0.09958717972040176
R1fold,8,20,0.09898563474416733
R1fold,8,21,0.09914452582597733
R1fold,8,22,0.09833376109600067
R1fold,8,23,0.09870998561382294
R1fold,8,24,0.09868232160806656
R1fold,8,25,0.09946946799755096
R1fold,8,26,0.09929953515529633
R1fold,8,27,0.09789738804101944
R1fold,8,28,0.09880910068750381
R1fold,8,29,0.0993148684501648
R1fold,8,30,0.09790074825286865
R1fold,8,31,0.09963983297348022
R1fold,8,32,0.1179385557770729
R1fold,8,33,0.1187957301735878
R1fold,8,34,0.11779709905385971
R1fold,8,35,0.1184401884675026
R1fold,8,36,0.11948131769895554
R1fold,8,37,0.11813147366046906
R1fold,8,38,0.11570999026298523
R1fold,8,39,0.11653602123260498
R1fold,8,40,0.11628992110490799
R1fold,8,41,0.11778959631919861
R1fold,8,42,0.11897782981395721
R1fold,8,43,0.11709625273942947
R1fold,8,44,0.11764979362487793
R1fold,8,45,0.11808158457279205
R1fold,8,46,0.11807184666395187
R1fold,8,47,0.11793202906847
R1fold,8,48,0.07675804942846298
R1fold,8,49,0.07658456265926361
R1fold,8,50,0.07588943094015121
R1fold,8,51,0.07533615082502365
R1fold,8,52,0.07659123092889786
R1fold,8,53,0.07617377489805222
R1fold,8,54,0.07582331448793411
R1fold,8,55,0.07655303180217743
R1fold,8,56,0.07640992105007172
R1fold,8,57,0.07693956047296524
R1fold,8,58,0.07592499256134033
R1fold,8,59,0.07655274868011475
R1fold,8,60,0.07523477077484131
R1fold,8,61,0.07635493576526642
R1fold,8,62,0.07638805359601974
R1fold,8,63,0.07611947506666183
R1fold,8,64,0.060176774859428406
R1fold,8,65,0.0604010745882988
R1fold,8,66,0.06074614077806473
R1fold,8,67,0.06042259931564331
R1fold,8,68,0.06033991649746895
R1fold,8,69,0.06080859899520874
R1fold,8,70,0.06103605777025223
R1fold,8,71,0.0609247162938118
R1fold,8,72,0.06096464395523071
R1fold,8,73,0.06071808934211731
R1fold,8,74,0.06050529703497887
R1fold,8,75,0.06046329066157341
R1fold,8,76,0.06050467863678932
R1fold,8,77,0.06035226956009865
R1fold,8,78,0.06091988459229469
R1fold,8,79,0.060439322143793106
R1fold,9,0,0.14161543548107147
R1fold,9,1,0.14011813700199127
R1fold,9,2,0.14272160828113556
R1fold,9,3,0.1407739222049713
R1fold,9,4,0.14182280004024506
R1fold,9,5,0.14205829799175262
R1fold,9,6,0.14328749477863312
R1fold,9,7,0.1411161720752716
R1fold,9,8,0.14171797037124634
R1fold,9,9,0.14085856080055237
R1fold,9,10,0.14123855531215668
R1fold,9,11,0.14015346765518188
R1fold,9,12,0.14297540485858917
R1fold,9,13,0.14213524758815765
R1fold,9,14,0.14108042418956757
R1fold,9,15,0.1402570903301239
R1fold,9,16,0.10023784637451172
R1fold,9,17,0.0986311286687851
R1fold,9,18,0.09916286915540695
R1fold,9,19,0.09980466961860657
R1fold,9,20,0.10004491358995438
R1fold,9,21,0.1005900502204895
R1fold,9,22,0.10007882118225098
R1fold,9,23,0.09906299412250519
R1fold,9,24,0.09882038831710815
R1fold,9,25,0.10021562874317169
R1fold,9,26,0.09978887438774109
R1fold,9,27,0.09938004612922668
R1fold,9,28,0.09917137026786804
R1fold,9,29,0.09932190179824829
R1fold,9,30,0.10095703601837158
R1fold,9,31,0.0997028648853302
R1fold,9,32,0.11866966634988785
R1fold,9,33,0.11863808333873749
R1fold,9,34,0.11915465444326401
R1fold,9,35,0.11855638772249222
R1fold,9,36,0.11874620616436005
R1fold,9,37,0.1181887686252594
R1fold,9,38,0.11834585666656494
R1fold,9,39,0.11745528131723404
R1fold,9,40,0.11814317852258682
R1fold,9,41,0.11793629080057144
R1fold,9,42,0.11779671162366867
R1fold,9,43,0.11921709030866623
R1fold,9,44,0.11826164275407791
R1fold,9,45,0.11861995607614517
R1fold,9,46,0.11754293739795685
R1fold,9,47,0.11725061386823654
R1fold,9,48,0.07722228020429611
R1fold,9,49,0.07767018675804138
R1fold,9,50,0.07718592882156372
R1fold,9,51,0.07716456055641174
R1fold,9,52,0.07683124393224716
R1fold,9,53,0.07738432288169861
R1fold,9,54,0.07687723636627197
R1fold,9,55,0.07754293084144592
R1fold,9,56,0.077472023665905
R1fold,9,57,0.07761190086603165
R1fold,9,58,0.07681795954704285
R1fold,9,59,0.07787325233221054
R1fold,9,60,0.07684178650379181
R1fold,9,61,0.07771369069814682
R1fold,9,62,0.07729022204875946
R1fold,9,63,0.0766727477312088
R1fold,9,64,0.06205764412879944
R1fold,9,65,0.06258947402238846
R1fold,9,66,0.06232565641403198
R1fold,9,67,0.06302438676357269
R1fold,9,68,0.06240450218319893
R1fold,9,69,0.06276194006204605
R1fold,9,70,0.06235061585903168
R1fold,9,71,0.06242522969841957
R1fold,9,72,0.06230050325393677
R1fold,9,73,0.061527714133262634
R1fold,9,74,0.0620858408510685
R1fold,9,75,0.06240887939929962
R1fold,9,76,0.06178189814090729
R1fold,9,77,0.06298807263374329
R1fold,9,78,0.062087174504995346
R1fold,9,79,0.06259693205356598
R1fold,10,0,0.14161109924316406
R1fold,10,1,0.14124536514282227
R1fold,10,2,0.13965724408626556
R1fold,10,3,0.14139200747013092
R1fold,10,4,0.14079606533050537
R1fold,10,5,0.142541766166687
R1fold,10,6,0.141157865524292
R1fold,10,7,0.14086084067821503
R1fold,10,8,0.1416461020708084
R1fold,10,9,0.14030280709266663
R1fold,10,10,0.1420242190361023
R1fold,10,11,0.14134453237056732
R1fold,10,12,0.1412484347820282
R1fold,10,13,0.14014701545238495
R1fold,10,14,0.14175240695476532
R1fold,10,15,0.1414732038974762
R1fold,10,16,0.09913208335638046
R1fold,10,17,0.09869799762964249
R1fold,10,18,0.09965325891971588
R1fold,10,19,0.09867066890001297
R1fold,10,20,0.09882884472608566
R1fold,10,21,0.09839494526386261
R1fold,10,22,0.09868931025266647
R1fold,10,23,0.09890071302652359
R1fold,10,24,0.09836897999048233
R1fold,10,25,0.09914375841617584
R1fold,10,26,0.09897071868181229
R1fold,10,27,0.09925584495067596
R1fold,10,28,0.09839744120836258
R1fold,10,29,0.09934747219085693
R1fold,10,30,0.0992153063416481
R1fold,10,31,0.09779290854930878
R1fold,10,32,0.11949063092470169
R1fold,10,33,0.11924194544553757
R1fold,10,34,0.1171707734465599
R1fold,10,35,0.11876767128705978
R1fold,10,36,0.11877511441707611
R1fold,10,37,0.11882399022579193
R1fold,10,38,0.11876900494098663
R1fold,10,39,0.11813540756702423
R1fold,10,40,0.11941175162792206
R1fold,10,41,0.1184469684958458
R1fold,10,42,0.11832499504089355
R1fold,10,43,0.11744895577430725
R1fold,10,44,0.1191890612244606
R1fold,10,45,0.1179358959197998
R1fold,10,46,0.11900100857019424
R1fold,10,47,0.11776112020015717
R1fold,10,48,0.0768732950091362
R1fold,10,49,0.07616976648569107
R1fold,10,50,0.07629223167896271
R1fold,10,51,0.07651188969612122
R1fold,10,52,0.07631099969148636
R1fold,10,53,0.07654036581516266
R1fold,10,54,0.0762275904417038
R1fold,10,55,0.07639450579881668
R1fold,10,56,0.07712443172931671
R1fold,10,57,0.07586734741926193
R1fold,10,58,0.0762326717376709
R1fold,10,59,0.07641799002885818
R1fold,10,60,0.07527101039886475
R1fold,10,61,0.07679179310798645
R1fold,10,62,0.0764356255531311
R1fold,10,63,0.07591211050748825
R1fold,10,64,0.060357075184583664
R1fold,10,65,0.06129305064678192
R1fold,10,66,0.060581281781196594
R1fold,10,67,0.06075526401400566
R1fold,10,68,0.06023656576871872
R1fold,10,69,0.06027093157172203
R1fold,10,70,0.060219187289476395
R1fold,10,71,0.061200860887765884
R1fold,10,72,0.060853879898786545
R1fold,10,73,0.06058632582426071
R1fold,10,74,0.06013338640332222
R1fold,10,75,0.06118503585457802
R1fold,10,76,0.060549113899469376
R1fold,10,77,0.06007623299956322
R1fold,10,78,0.060874082148075104
R1fold,10,79,0.06045236438512802
R1fold,11,0,0.1424914449453354
R1fold,11,1,0.1399855762720108
R1fold,11,2,0.14073818922042847
R1fold,11,3,0.14261303842067719
R1fold,11,4,0.1430271714925766
R1fold,11,5,0.1417902559041977
R1fold,11,6,0.14175131916999817
R1fold,11,7,0.13982726633548737
R1fold,11,8,0.141911119222641
R1fold,11,9,0.140703946352005
R1fold,11,10,0.13973648846149445
R1fold,11,11,0.14153146743774414
R1fold,11,12,0.1429430991411209
R1fold,11,13,0.14229361712932587
R1fold,11,14,0.13985025882720947
R1fold,11,15,0.14077918231487274
R1fold,11,16,0.0986962541937828
R1fold,11,17,0.09898753464221954
R1fold,11,18,0.09813711792230606
R1fold,11,19,0.09863853454589844
R1fold,11,20,0.09934280067682266
R1fold,11,21,0.09982463717460632
R1fold,11,22,0.10032001882791519
R1fold,11,23,0.09944383054971695
R1fold,11,24,0.09971259534358978
R1fold,11,25,0.0999230295419693
R1fold,11,26,0.09972529858350754
R1fold,11,27,0.09968717396259308
R1fold,11,28,0.09898242354393005
R1fold,11,29,0.09971196204423904
R1fold,11,30,0.09852802753448486
R1fold,11,31,0.0995643138885498
R1fold,11,32,0.11799806356430054
R1fold,11,33,0.11851131170988083
R1fold,11,34,0.11778204888105392
R1fold,11,35,0.11865238100290298
R1fold,11,36,0.11836288124322891
R1fold,11,37,0.11789887398481369
R1fold,11,38,0.11807149648666382
R1fold,11,39,0.11819465458393097
R1fold,11,40,0.11786756664514542
R1fold,11,41,0.11888502538204193
R1fold,11,42,0.11801432818174362
R1fold,11,43,0.11901005357503891
R1fold,11,44,0.11839061975479126
R1fold,11,45,0.11757858097553253
R1fold,11,46,0.11812064051628113
R1fold,11,47,0.11740901321172714
R1fold,11,48,0.07538878172636032
R1fold,11,49,0.07577846199274063
R1fold,11,50,0.07592720538377762
R1fold,11,51,0.07568374276161194
R1fold,11,52,0.07598517835140228
R1fold,11,53,0.07573077082633972
R1fold,11,54,0.07692276686429977
R1fold,11,55,0.07612434029579163
R1fold,11,56,0.07675091177225113
R1fold,11,57,0.07675638049840927
R1fold,11,58,0.07568719238042831
R1fold,11,59,0.07618039101362228
R1fold,11,60,0.0762675553560257
R1fold,11,61,0.07614241540431976
R1fold,11,62,0.07592550665140152
R1fold,11,63,0.07591497153043747
R1fold,11,64,0.06069834530353546
R1fold,11,65,0.060979343950748444
R1fold,11,66,0.06077386811375618
R1fold,11,67,0.06070001795887947
R1fold,11,68,0.060766708105802536
R1fold,11,69,0.060383349657058716
R1fold,11,70,0.06111790984869003
R1fold,11,71,0.06015166640281677
R1fold,11,72,0.06074520945549011
R1fold,11,73,0.06107483059167862
R1fold,11,74,0.060458991676568985
R1fold,11,75,0.06059330329298973
R1fold,11,76,0.060404956340789795
R1fold,11,77,0.06056322529911995
R1fold,11,78,0.06171339377760887
R1fold,11,79,0.060976266860961914
R1fold,12,0,0.14371135830879211
R1fold,12,1,0.14262042939662933
R1fold,12,2,0.1438741683959961
R1fold,12,3,0.14416182041168213
R1fold,12,4,0.14331160485744476
R1fold,12,5,0.1443203091621399
R1fold,12,6,0.14528974890708923
R1fold,12,7,0.14384324848651886
R1fold,12,8,0.14303329586982727
R1fold,12,9,0.14354252815246582
R1fold,12,10,0.14498554170131683
R1fold,12,11,0.14319980144500732
R1fold,12,12,0.14609664678573608
R1fold,12,13,0.1442726105451584
R1fold,12,14,0.14295752346515656
R1fold,12,15,0.14264950156211853
R1fold,12,16,0.09958703070878983
R1fold,12,17,0.09879854321479797
R1fold,12,18,0.09897726029157639
R1fold,12,19,0.10047630965709686
R1fold,12,20,0.10004978626966476
R1fold,12,21,0.09955078363418579
R1fold,12,22,0.10062789171934128
R1fold,12,23,0.09949610382318497
R1fold,12,24,0.0988997370004654
R1fold,12,25,0.0998251661658287
R1fold,12,26,0.09938554465770721
R1fold,12,27,0.1001681461930275
R1fold,12,28,0.10003972053527832
R1fold,12,29,0.09934212267398834
R1fold,12,30,0.0994727835059166
R1fold,12,31,0.10034564882516861
R1fold,12,32,0.12003203481435776
R1fold,12,33,0.11975941807031631
R1fold,12,34,0.11851166188716888
R1fold,12,35,0.11825314164161682
R1fold,12,36,0.11865025758743286
R1fold,12,37,0.1196340024471283
R1fold,12,38,0.11866915971040726
R1fold,12,39,0.11877265572547913
R1fold,12,40,0.11866000294685364
R1fold,12,41,0.11948802322149277
R1fold,12,42,0.1205335482954979
R1fold,12,43,0.1195598617196083
R1fold,12,44,0.11850039660930634
R1fold,12,45,0.12006544321775436
R1fold,12,46,0.1183081716299057
R1fold,12,47,0.11862611025571823
R1fold,12,48,0.07618474215269089
R1fold,12,49,0.07721071690320969
R1fold,12,50,0.07637166231870651
R1fold,12,51,0.07664837688207626
R1fold,12,52,0.07623976469039917
R1fold,12,53,0.07700397819280624
R1fold,12,54,0.07710622251033783
R1fold,12,55,0.07768779993057251
R1fold,12,56,0.07682324945926666
R1fold,12,57,0.07696906477212906
R1fold,12,58,0.07677014917135239
R1fold,12,59,0.07676832377910614
R1fold,12,60,0.07633434236049652
R1fold,12,61,0.07721000164747238
R1fold,12,62,0.07611603289842606
R1fold,12,63,0.07621772587299347
R1fold,12,64,0.06011263653635979
R1fold,12,65,0.06041494756937027
R1fold,12,66,0.061229951679706573
R1fold,12,67,0.06063086539506912
R1fold,12,68,0.06017167121171951
R1fold,12,69,0.06093163043260574
R1fold,12,70,0.0607624314725399
R1fold,12,71,0.060340672731399536
R1fold,12,72,0.059396591037511826
R1fold,12,73,0.06031235307455063
R1fold,12,74,0.060872241854667664
R1fold,12,75,0.060271162539720535
R1fold,12,76,0.060155872255563736
R1fold,12,77,0.06075531989336014
R1fold,12,78,0.06115151196718216
R1fold,12,79,0.060566868633031845
R1fold,13,0,0.14244486391544342
R1fold,13,1,0.14189665019512177
R1fold,13,2,0.1416124850511551
R1fold,13,3,0.14036408066749573
R1fold,13,4,0.14005021750926971
R1fold,13,5,0.14272907376289368
R1fold,13,6,0.14111489057540894
R1fold,13,7,0.14071345329284668
R1fold,13,8,0.14021611213684082
R1fold,13,9,0.14070838689804077
R1fold,13,10,0.14105506241321564
R1fold,13,11,0.13977259397506714
R1fold,13,12,0.14305797219276428
R1fold,13,13,0.14128747582435608
R1fold,13,14,0.14049184322357178
R1fold,13,15,0.1413961499929428
R1fold,13,16,0.1007956713438034
R1fold,13,17,0.09935922175645828
R1fold,13,18,0.09954719990491867
R1fold,13,19,0.09900439530611038
R1fold,13,20,0.09938285499811172
R1fold,13,21,0.099939726293087
R1fold,13,22,0.09901696443557739
R1fold,13,23,0.09928344935178757
R1fold,13,24,0.09891461580991745
R1fold,13,25,0.09895594418048859
R1fold,13,26,0.09912241250276566
R1fold,13,27,0.09918806701898575
R1fold,13,28,0.0998321995139122
R1fold,13,29,0.09932411462068558
R1fold,13,30,0.0997457355260849
R1fold,13,31,0.09915460646152496
R1fold,13,32,0.1189473420381546
R1fold,13,33,0.11818250268697739
R1fold,13,34,0.11855065077543259
R1fold,13,35,0.118545763194561
R1fold,13,36,0.11988666653633118
R1fold,13,37,0.11947239190340042
R1fold,13,38,0.11764807254076004
R1fold,13,39,0.11709018796682358
R1fold,13,40,0.11765710264444351
R1fold,13,41,0.11863912642002106
R1fold,13,42,0.11857340484857559
R1fold,13,43,0.11913931369781494
R1fold,13,44,0.12069568037986755
R1fold,13,45,0.11893821507692337
R1fold,13,46,0.11917199939489365
R1fold,13,47,0.1187424436211586
R1fold,13,48,0.07656732946634293
R1fold,13,49,0.07587674260139465
R1fold,13,50,0.07593876123428345
R1fold,13,51,0.07567603886127472
R1fold,13,52,0.07590700685977936
R1fold,13,53,0.07546783238649368
R1fold,13,54,0.07615940272808075
R1fold,13,55,0.07610760629177094
R1fold,13,56,0.07629352062940598
R1fold,13,57,0.07551024109125137
R1fold,13,58,0.07691188901662827
R1fold,13,59,0.07610013335943222
R1fold,13,60,0.07572803646326065
R1fold,13,61,0.07566339522600174
R1fold,13,62,0.07618921995162964
R1fold,13,63,0.07600794732570648
R1fold,13,64,0.06093958392739296
R1fold,13,65,0.05995696038007736
R1fold,13,66,0.06023472547531128
R1fold,13,67,0.06080605089664459
R1fold,13,68,0.06010264530777931
R1fold,13,69,0.06017244607210159
R1fold,13,70,0.06051543354988098
R1fold,13,71,0.060086868703365326
R1fold,13,72,0.06079862266778946
R1fold,13,73,0.06017385050654411
R1fold,13,74,0.06071910262107849
R1fold,13,75,0.060642994940280914
R1fold,13,76,0.06080646440386772
R1fold,13,77,0.06050534173846245
R1fold,13,78,0.06082218512892723
R1fold,13,79,0.06013881415128708
R1fold,14,0,0.13802258670330048
R1fold,14,1,0.13850033283233643
R1fold,14,2,0.13947704434394836
R1fold,14,3,0.1391960233449936
R1fold,14,4,0.1390712857246399
R1fold,14,5,0.14037886261940002
R1fold,14,6,0.1397770643234253
R1fold,14,7,0.13661569356918335
R1fold,14,8,0.13889874517917633
R1fold,14,9,0.1389455795288086
R1fold,14,10,0.13834305107593536
R1fold,14,11,0.13997143507003784
R1fold,14,12,0.13974560797214508
R1fold,14,13,0.1396867036819458
R1fold,14,14,0.13872599601745605
R1fold,14,15,0.13902902603149414
R1fold,14,16,0.09714914858341217
R1fold,14,17,0.09850288927555084
R1fold,14,18,0.09886856377124786
R1fold,14,19,0.09858707338571548
R1fold,14,20,0.0986611470580101
R1fold,14,21,0.09828504920005798
R1fold,14,22,0.09837743639945984
R1fold,14,23,0.0982867032289505
R1fold,14,24,0.09711859375238419
R1fold,14,25,0.09800855070352554
R1fold,14,26,0.09902109205722809
R1fold,14,27,0.09825000166893005
R1fold,14,28,0.0986965000629425
R1fold,14,29,0.09829320013523102
R1fold,14,30,0.0991765484213829
R1fold,14,31,0.09860508888959885
R1fold,14,32,0.11879024654626846
R1fold,14,33,0.11692589521408081
R1fold,14,34,0.11767476052045822
R1fold,14,35,0.11678466945886612
R1fold,14,36,0.11792872846126556
R1fold,14,37,0.11790592223405838
R1fold,14,38,0.11618378758430481
R1fold,14,39,0.1172330230474472
R1fold,14,40,0.11814620345830917
R1fold,14,41,0.11805091053247452
R1fold,14,42,0.11751329153776169
R1fold,14,43,0.11743763834238052
R1fold,14,44,0.1181841567158699
R1fold,14,45,0.11775148659944534
R1fold,14,46,0.11778268963098526
R1fold,14,47,0.11717278510332108
R1fold,14,48,0.07620368897914886
R1fold,14,49,0.07613292336463928
R1fold,14,50,0.07583948224782944
R1fold,14,51,0.07568994909524918
R1fold,14,52,0.07565652579069138
R1fold,14,53,0.07605437934398651
R1fold,14,54,0.07645539194345474
R1fold,14,55,0.07599790394306183
R1fold,14,56,0.07616187632083893
R1fold,14,57,0.07664928585290909
R1fold,14,58,0.07576638460159302
R1fold,14,59,0.07569259405136108
R1fold,14,60,0.07615532726049423
R1fold,14,61,0.076485276222229
R1fold,14,62,0.07542712241411209
R1fold,14,63,0.07661313563585281
R1fold,14,64,0.05953482165932655
R1fold,14,65,0.060461752116680145
R1fold,14,66,0.05973663926124573
R1fold,14,67,0.059657491743564606
R1fold,14,68,0.06008237972855568
R1fold,14,69,0.06095748767256737
R1fold,14,70,0.06012553721666336
R1fold,14,71,0.06002052128314972
R1fold,14,72,0.05988350883126259
R1fold,14,73,0.06059730425477028
R1fold,14,74,0.06001769378781319
R1fold,14,75,0.05960394814610481
R1fold,14,76,0.06070916727185249
R1fold,14,77,0.06001119688153267
R1fold,14,78,0.06061919778585434
R1fold,14,79,0.060273051261901855
R1fold,15,0,0.14217841625213623
R1fold,15,1,0.14322805404663086
R1fold,15,2,0.14130307734012604
R1fold,15,3,0.14278903603553772
R1fold,15,4,0.14468127489089966
R1fold,15,5,0.1415034979581833
R1fold,15,6,0.1423017978668213
R1fold,15,7,0.14266782999038696
R1fold,15,8,0.14175190031528473
R1fold,15,9,0.14317752420902252
R1fold,15,10,0.14282676577568054
R1fold,15,11,0.14369438588619232
R1fold,15,12,0.1443571001291275
R1fold,15,13,0.14362691342830658
R1fold,15,14,0.1420711874961853
R1fold,15,15,0.14218173921108246
R1fold,15,16,0.09901519119739532
R1fold,15,17,0.10000579059123993
R1fold,15,18,0.09881991147994995
R1fold,15,19,0.09927888959646225
R1fold,15,20,0.09946227073669434
R1fold,15,21,0.09855843335390091
R1fold,15,22,0.09837841242551804
R1fold,15,23,0.0983595997095108
R1fold,15,24,0.09897517412900925
R1fold,15,25,0.09851780533790588
R1fold,15,26,0.10001163929700851
R1fold,15,27,0.09941200911998749
R1fold,15,28,0.09932761639356613
R1fold,15,29,0.10037729889154434
R1fold,15,30,0.09923864156007767
R1fold,15,31,0.10013464093208313
R1fold,15,32,0.11876239627599716
R1fold,15,33,0.11870632320642471
R1fold,15,34,0.11930573731660843
R1fold,15,35,0.11965341866016388
R1fold,15,36,0.11844977736473083
R1fold,15,37,0.11848589777946472
R1fold,15,38,0.11835771054029465
R1fold,15,39,0.11781347543001175
R1fold,15,40,0.11822639405727386
R1fold,15,41,0.11792374402284622
R1fold,15,42,0.1185334175825119
R1fold,15,43,0.1186143010854721
R1fold,15,44,0.11971838027238846
R1fold,15,45,0.11929196119308472
R1fold,15,46,0.11848962306976318
R1fold,15,47,0.11818478256464005
R1fold,15,48,0.0764300599694252
R1fold,15,49,0.07568373531103134
R1fold,15,50,0.07619794458150864
R1fold,15,51,0.07562880218029022
R1fold,15,52,0.076742984354496
R1fold,15,53,0.07593950629234314
R1fold,15,54,0.07591996341943741
R1fold,15,55,0.07642168551683426
R1fold,15,56,0.07682137191295624
R1fold,15,57,0.07615455985069275
R1fold,15,58,0.0763985887169838
R1fold,15,59,0.07725629955530167
R1fold,15,60,0.07628428190946579
R1fold,15,61,0.07610444724559784
R1fold,15,62,0.07565240561962128
R1fold,15,63,0.07690966129302979
R1fold,15,64,0.060944557189941406
R1fold,15,65,0.060707733035087585
R1fold,15,66,0.06082841753959656
R1fold,15,67,0.06091006100177765
R1fold,15,68,0.06070389598608017
R1fold,15,69,0.06066417321562767
R1fold,15,70,0.060997627675533295
R1fold,15,71,0.06143845245242119
R1fold,15,72,0.06122685223817825
R1fold,15,73,0.06058919429779053
R1fold,15,74,0.061089642345905304
R1fold,15,75,0.061025410890579224
R1fold,15,76,0.06069759279489517
R1fold,15,77,0.06041938439011574
R1fold,15,78,0.06093958020210266
R1fold,15,79,0.06113070622086525
R1fold,16,0,0.14023897051811218
R1fold,16,1,0.14062264561653137
R1fold,16,2,0.14046981930732727
R1fold,16,3,0.1396295130252838
R1fold,16,4,0.14151152968406677
R1fold,16,5,0.1397976279258728
R1fold,16,6,0.14199230074882507
R1fold,16,7,0.13935770094394684
R1fold,16,8,0.13792784512043
R1fold,16,9,0.1393931657075882
R1fold,16,10,0.14132992923259735
R1fold,16,11,0.1406511664390564
R1fold,16,12,0.14143547415733337
R1fold,16,13,0.14121408760547638
R1fold,16,14,0.14018404483795166
R1fold,16,15,0.14097797870635986
R1fold,16,16,0.09768255800008774
R1fold,16,17,0.09729013592004776
R1fold,16,18,0.09905395656824112
R1fold,16,19,0.09693722426891327
R1fold,16,20,0.09864499419927597
R1fold,16,21,0.09831863641738892
R1fold,16,22,0.0977204367518425
R1fold,16,23,0.09849107265472412
R1fold,16,24,0.09738963097333908
R1fold,16,25,0.09801547974348068
R1fold,16,26,0.0980246514081955
R1fold,16,27,0.09817932546138763
R1fold,16,28,0.09878247231245041
R1fold,16,29,0.09832821786403656
R1fold,16,30,0.09949955344200134
R1fold,16,31,0.09941322356462479
R1fold,16,32,0.1170351579785347
R1fold,16,33,0.11743640154600143
R1fold,16,34,0.11781541258096695
R1fold,16,35,0.11748745292425156
R1fold,16,36,0.11698319017887115
R1fold,16,37,0.11711330711841583
R1fold,16,38,0.11718810349702835
R1fold,16,39,0.11657455563545227
R1fold,16,40,0.11741553246974945
R1fold,16,41,0.1181868389248848
R1fold,16,42,0.11704433709383011
R1fold,16,43,0.11797070503234863
R1fold,16,44,0.11708706617355347
R1fold,16,45,0.11747920513153076
R1fold,16,46,0.11762247234582901
R1fold,16,47,0.11829717457294464
R1fold,16,48,0.07653626054525375
R1fold,16,49,0.0755997747182846
R1fold,16,50,0.07603130489587784
R1fold,16,51,0.07591613382101059
R1fold,16,52,0.0761680155992508
R1fold,16,53,0.07526972889900208
R1fold,16,54,0.07542712241411209
R1fold,16,55,0.07527236640453339
R1fold,16,56,0.07628107070922852
R1fold,16,57,0.07605535537004471
R1fold,16,58,0.07634835690259933
R1fold,16,59,0.07588688284158707
R1fold,16,60,0.07547402381896973
R1fold,16,61,0.07554636150598526
R1fold,16,62,0.07479184865951538
R1fold,16,63,0.0765819400548935
R1fold,16,64,0.06063709408044815
R1fold,16,65,0.06013760715723038
R1fold,16,66,0.06027822196483612
R1fold,16,67,0.05996214598417282
R1fold,16,68,0.06056386977434158
R1fold,16,69,0.06007048860192299
R1fold,16,70,0.06018408387899399
R1fold,16,71,0.06023428961634636
R1fold,16,72,0.060431744903326035
R1fold,16,73,0.060386884957551956
R1fold,16,74,0.06037450581789017
R1fold,16,75,0.06036423519253731
R1fold,16,76,0.060084037482738495
R1fold,16,77,0.06025467813014984
R1fold,16,78,0.06053846701979637
R1fold,16,79,0.0604446679353714
R1fold,17,0,0.14100544154644012
R1fold,17,1,0.14171870052814484
R1fold,17,2,0.14108148217201233
R1fold,17,3,0.14185523986816406
R1fold,17,4,0.14197438955307007
R1fold,17,5,0.14198781549930573
R1fold,17,6,0.1426829844713211
R1fold,17,7,0.14043283462524414
R1fold,17,8,0.14171893894672394
R1fold,17,9,0.14175139367580414
R1fold,17,10,0.1429210752248764
R1fold,17,11,0.14092303812503815
R1fold,17,12,0.14270462095737457
R1fold,17,13,0.1418093591928482
R1fold,17,14,0.14087741076946259
R1fold,17,15,0.14099177718162537
R1fold,17,16,0.09893206506967545
R1fold,17,17,0.0984112098813057
R1fold,17,18,0.09812836349010468
R1fold,17,19,0.09835901111364365
R1fold,17,20,0.09925869107246399
R1fold,17,21,0.09821378439664841
R1fold,17,22,0.09836487472057343
R1fold,17,23,0.09808675944805145
R1fold,17,24,0.09872990101575851
R1fold,17,25,0.09744052588939667
R1fold,17,26,0.09953388571739197
R1fold,17,27,0.09938906133174896
R1fold,17,28,0.09813471138477325
R1fold,17,29,0.09839353710412979
R1fold,17,30,0.09923612326383591
R1fold,17,31,0.09787214547395706
R1fold,17,32,0.11891190707683563
R1fold,17,33,0.11846450716257095
R1fold,17,34,0.11835309118032455
R1fold,17,35,0.11811168491840363
R1fold,17,36,0.11784596741199493
R1fold,17,37,0.11830706894397736
R1fold,17,38,0.11739430576562881
R1fold,17,39,0.11913372576236725
R1fold,17,40,0.11849797517061234
R1fold,17,41,0.11915332823991776
R1fold,17,42,0.11850622296333313
R1fold,17,43,0.11927898228168488
R1fold,17,44,0.11806286871433258
R1fold,17,45,0.11805729568004608
R1fold,17,46,0.11803872138261795
R1fold,17,47,0.11797641962766647
R1fold,17,48,0.07717768102884293
R1fold,17,49,0.0759839341044426
R1fold,17,50,0.07520948350429535
R1fold,17,51,0.07665660977363586
R1fold,17,52,0.07610747963190079
R1fold,17,53,0.07589957863092422
R1fold,17,54,0.0761287733912468
R1fold,17,55,0.07694719731807709
R1fold,17,56,0.07676519453525543
R1fold,17,57,0.07654470205307007
R1fold,17,58,0.07586244493722916
R1fold,17,59,0.07697296142578125
R1fold,17,60,0.07595881074666977
R1fold,17,61,0.07603089511394501
R1fold,17,62,0.0759061798453331
R1fold,17,63,0.07627923041582108
R1fold,17,64,0.06067587435245514
R1fold,17,65,0.06094773858785629
R1fold,17,66,0.06041179969906807
R1fold,17,67,0.06080687791109085
R1fold,17,68,0.061066363006830215
R1fold,17,69,0.06078190356492996
R1fold,17,70,0.060816895216703415
R1fold,17,71,0.06046785041689873
R1fold,17,72,0.060369864106178284
R1fold,17,73,0.060647983103990555
R1fold,17,74,0.06016084924340248
R1fold,17,75,0.061218880116939545
R1fold,17,76,0.060744140297174454
R1fold,17,77,0.060405146330595016
R1fold,17,78,0.060059912502765656
R1fold,17,79,0.06053878366947174
R1fold,18,0,0.14096078276634216
R1fold,18,1,0.14023518562316895
R1fold,18,2,0.13976825773715973
R1fold,18,3,0.1393914520740509
R1fold,18,4,0.14081095159053802
R1fold,18,5,0.14122559130191803
R1fold,18,6,0.14010536670684814
R1fold,18,7,0.13910391926765442
R1fold,18,8,0.14120769500732422
R1fold,18,9,0.1404968649148941
R1fold,18,10,0.1395307183265686
R1fold,18,11,0.140364408493042
R1fold,18,12,0.1423162966966629
R1fold,18,13,0.14058217406272888
R1fold,18,14,0.139651358127594
R1fold,18,15,0.13937461376190186
R1fold,18,16,0.09747930616140366
R1fold,18,17,0.0975145697593689
R1fold,18,18,0.09842684864997864
R1fold,18,19,0.09825262427330017
R1fold,18,20,0.09886601567268372
R1fold,18,21,0.09844682365655899
R1fold,18,22,0.09758462756872177
R1fold,18,23,0.09864448755979538
R1fold,18,24,0.09839048236608505
R1fold,18,25,0.09784280508756638
R1fold,18,26,0.09779110550880432
R1fold,18,27,0.0973416194319725
R1fold,18,28,0.09854929149150848
R1fold,18,29,0.09836266934871674
R1fold,18,30,0.09867121279239655
R1fold,18,31,0.09765472263097763
R1fold,18,32,0.11632998287677765
R1fold,18,33,0.11804676800966263
R1fold,18,34,0.1163184717297554
R1fold,18,35,0.11851832270622253
R1fold,18,36,0.11853230744600296
R1fold,18,37,0.11813803017139435
R1fold,18,38,0.11547835916280746
R1fold,18,39,0.11652602255344391
R1fold,18,40,0.11596739292144775
R1fold,18,41,0.1172507256269455
R1fold,18,42,0.11675947159528732
R1fold,18,43,0.11692261695861816
R1fold,18,44,0.11715391278266907
R1fold,18,45,0.11743251234292984
R1fold,18,46,0.11583114415407181
R1fold,18,47,0.11791983991861343
R1fold,18,48,0.07639697939157486
R1fold,18,49,0.07600671052932739
R1fold,18,50,0.07588141411542892
R1fold,18,51,0.07626394182443619
R1fold,18,52,0.07647610455751419
R1fold,18,53,0.0763850286602974
R1fold,18,54,0.07644851505756378
R1fold,18,55,0.07681632786989212
R1fold,18,56,0.07580118626356125
R1fold,18,57,0.07621720433235168
R1fold,18,58,0.0762307420372963
R1fold,18,59,0.0757349506020546
R1fold,18,60,0.07572215050458908
R1fold,18,61,0.07663943618535995
R1fold,18,62,0.07517365366220474
R1fold,18,63,0.07549487054347992
R1fold,18,64,0.060339029878377914
R1fold,18,65,0.060020122677087784
R1fold,18,66,0.06048937141895294
R1fold,18,67,0.06023724004626274
R1fold,18,68,0.06047959625720978
R1fold,18,69,0.06010834872722626
R1fold,18,70,0.06039544194936752
R1fold,18,71,0.060318198055028915
R1fold,18,72,0.060640040785074234
R1fold,18,73,0.059968139976263046
R1fold,18,74,0.06050639972090721
R1fold,18,75,0.06061296537518501
R1fold,18,76,0.05990075692534447
R1fold,18,77,0.060111239552497864
R1fold,18,78,0.05991850793361664
R1fold,18,79,0.06034185364842415
R1fold,19,0,0.14159291982650757
R1fold,19,1,0.13850848376750946
R1fold,19,2,0.14070694148540497
R1fold,19,3,0.14068426191806793
R1fold,19,4,0.1415187418460846
R1fold,19,5,0.1407625675201416
R1fold,19,6,0.14077389240264893
R1fold,19,7,0.1401020586490631
R1fold,19,8,0.1402643471956253
R1fold,19,9,0.139605313539505
R1fold,19,10,0.1410471796989441
R1fold,19,11,0.14113737642765045
R1fold,19,12,0.14289812743663788
R1fold,19,13,0.140081986784935
R1fold,19,14,0.1405685693025589
R1fold,19,15,0.1411452740430832
R1fold,19,16,0.09801623225212097
R1fold,19,17,0.09799263626337051
R1fold,19,18,0.09798640012741089
R1fold,19,19,0.09879287332296371
R1fold,19,20,0.09823533147573471
R1fold,19,21,0.09885101765394211
R1fold,19,22,0.09905556589365005
R1fold,19,23,0.0996766909956932
R1fold,19,24,0.09782525151968002
R1fold,19,25,0.09909269213676453
R1fold,19,26,0.09857315570116043
R1fold,19,27,0.09871898591518402
R1fold,19,28,0.09828049689531326
R1fold,19,29,0.09846857190132141
R1fold,19,30,0.09817173331975937
R1fold,19,31,0.09808208048343658
R1fold,19,32,0.1178707703948021
R1fold,19,33,0.11832590401172638
R1fold,19,34,0.11661892384290695
R1fold,19,35,0.11811327189207077
R1fold,19,36,0.11769244819879532
R1fold,19,37,0.11799061298370361
R1fold,19,38,0.11786337941884995
R1fold,19,39,0.11751045286655426
R1fold,19,40,0.11706884205341339
R1fold,19,41,0.11927066743373871
R1fold,19,42,0.11773055791854858
R1fold,19,43,0.11829174309968948
R1fold,19,44,0.11844173818826675
R1fold,19,45,0.11862089484930038
R1fold,19,46,0.11706012487411499
R1fold,19,47,0.11641084402799606
R1fold,19,48,0.07565440237522125
R1fold,19,49,0.07511264085769653
R1fold,19,50,0.07523195445537567
R1fold,19,51,0.07571540772914886
R1fold,19,52,0.07577167451381683
R1fold,19,53,0.07617026567459106
R1fold,19,54,0.07498329132795334
R1fold,19,55,0.07531651854515076
R1fold,19,56,0.07529210299253464
R1fold,19,57,0.07537923008203506
R1fold,19,58,0.0761585608124733
R1fold,19,59,0.07590842247009277
R1fold,19,60,0.07597322762012482
R1fold,19,61,0.07557593286037445
R1fold,19,62,0.07488913834095001
R1fold,19,63,0.07608092576265335
R1fold,19,64,0.06003443896770477
R1fold,19,65,0.05983792990446091
R1fold,19,66,0.06003856658935547
R1fold,19,67,0.0599527470767498
R1fold,19,68,0.05999652296304703
R1fold,19,69,0.05978456139564514
R1fold,19,70,0.06018764153122902
R1fold,19,71,0.060935668647289276
R1fold,19,72,0.05983513221144676
R1fold,19,73,0.06036314368247986
R1fold,19,74,0.06049971282482147
R1fold,19,75,0.0596553236246109
R1fold,19,76,0.05994592607021332
R1fold,19,77,0.06058536469936371
R1fold,19,78,0.06012294441461563
R1fold,19,79,0.060115519911050797
R1fold,20,0,0.14156529307365417
R1fold,20,1,0.14182020723819733
R1fold,20,2,0.14073067903518677
R1fold,20,3,0.14124228060245514
R1fold,20,4,0.14156293869018555
R1fold,20,5,0.1417088657617569
R1fold,20,6,0.14166812598705292
R1fold,20,7,0.14032863080501556
R1fold,20,8,0.14129318296909332
R1fold,20,9,0.14153237640857697
R1fold,20,10,0.14032964408397675
R1fold,20,11,0.1411048173904419
R1fold,20,12,0.1423327475786209
R1fold,20,13,0.14217251539230347
R1fold,20,14,0.1415771245956421
R1fold,20,15,0.14158806204795837
R1fold,20,16,0.09760652482509613
R1fold,20,17,0.10039740055799484
R1fold,20,18,0.09955470263957977
R1fold,20,19,0.0983760803937912
R1fold,20,20,0.09910058230161667
R1fold,20,21,0.09886131435632706
R1fold,20,22,0.09867209196090698
R1fold,20,23,0.09860026836395264
R1fold,20,24,0.09847626090049744
R1fold,20,25,0.09930961579084396
R1fold,20,26,0.09996902942657471
R1fold,20,27,0.09893505275249481
R1fold,20,28,0.09872811287641525
R1fold,20,29,0.09937018901109695
R1fold,20,30,0.09932754933834076
R1fold,20,31,0.09900947660207748
R1fold,20,32,0.1182655543088913
R1fold,20,33,0.11832395941019058
R1fold,20,34,0.11917553097009659
R1fold,20,35,0.11854208260774612
R1fold,20,36,0.11979946494102478
R1fold,20,37,0.11874233931303024
R1fold,20,38,0.11972402781248093
R1fold,20,39,0.11784864962100983
R1fold,20,40,0.1173342689871788
R1fold,20,41,0.11769842356443405
R1fold,20,42,0.1185232549905777
R1fold,20,43,0.11792111396789551
R1fold,20,44,0.11746199429035187
R1fold,20,45,0.11700130999088287
R1fold,20,46,0.11803259700536728
R1fold,20,47,0.11975790560245514
R1fold,20,48,0.0764550045132637
R1fold,20,49,0.07677599042654037
R1fold,20,50,0.07649452984333038
R1fold,20,51,0.07628607004880905
R1fold,20,52,0.07722111791372299
R1fold,20,53,0.07720859348773956
R1fold,20,54,0.07628802210092545
R1fold,20,55,0.07656114548444748
R1fold,20,56,0.07621263712644577
R1fold,20,57,0.07685625553131104
R1fold,20,58,0.07584185153245926
R1fold,20,59,0.07633457332849503
R1fold,20,60,0.07622607052326202
R1fold,20,61,0.0758676752448082
R1fold,20,62,0.07614927738904953
R1fold,20,63,0.07631868124008179
R1fold,20,64,0.061430882662534714
R1fold,20,65,0.06098105013370514
R1fold,20,66,0.061023108661174774
R1fold,20,67,0.06018461287021637
R1fold,20,68,0.06110138073563576
R1fold,20,69,0.061032142490148544
R1fold,20,70,0.06056499108672142
R1fold,20,71,0.06103004887700081
R1fold,20,72,0.06066443771123886
R1fold,20,73,0.061288684606552124
R1fold,20,74,0.06034000217914581
R1fold,20,75,0.06074735149741173
R1fold,20,76,0.061439137905836105
R1fold,20,77,0.060515835881233215
R1fold,20,78,0.06074469909071922
R1fold,20,79,0.0606883205473423
R1fold,21,0,0.14262980222702026
R1fold,21,1,0.1411379724740982
R1fold,21,2,0.14315499365329742
R1fold,21,3,0.14156652987003326
R1fold,21,4,0.1424727737903595
R1fold,21,5,0.14324352145195007
R1fold,21,6,0.14260157942771912
R1fold,21,7,0.14095701277256012
R1fold,21,8,0.1425381302833557
R1fold,21,9,0.14114530384540558
R1fold,21,10,0.14202357828617096
R1fold,21,11,0.14163629710674286
R1fold,21,12,0.14430008828639984
R1fold,21,13,0.14323846995830536
R1fold,21,14,0.14281359314918518
R1fold,21,15,0.14133091270923615
R1fold,21,16,0.09789783507585526
R1fold,21,17,0.09892775863409042
R1fold,21,18,0.09994392096996307
R1fold,21,19,0.0989576131105423
R1fold,21,20,0.09924857318401337
R1fold,21,21,0.09965765476226807
R1fold,21,22,0.0989549309015274
R1fold,21,23,0.09852854907512665
R1fold,21,24,0.09874249249696732
R1fold,21,25,0.09799599647521973
R1fold,21,26,0.09857282787561417
R1fold,21,27,0.09948010742664337
R1fold,21,28,0.09877336770296097
R1fold,21,29,0.0982159897685051
R1fold,21,30,0.09947908669710159
R1fold,21,31,0.09878141433000565
R1fold,21,32,0.11838220059871674
R1fold,21,33,0.1184196025133133
R1fold,21,34,0.11819545924663544
R1fold,21,35,0.11836957186460495
R1fold,21,36,0.1193244531750679
R1fold,21,37,0.11792862415313721
R1fold,21,38,0.11826826632022858
R1fold,21,39,0.11873029172420502
R1fold,21,40,0.11888054758310318
R1fold,21,41,0.11874201893806458
R1fold,21,42,0.11843220889568329
R1fold,21,43,0.11902078986167908
R1fold,21,44,0.11841193586587906
R1fold,21,45,0.11768492311239243
R1fold,21,46,0.11835547536611557
R1fold,21,47,0.1191805973649025
R1fold,21,48,0.07650163769721985
R1fold,21,49,0.07618097215890884
R1fold,21,50,0.07607637345790863
R1fold,21,51,0.07690923660993576
R1fold,21,52,0.07616984844207764
R1fold,21,53,0.07712077349424362
R1fold,21,54,0.07641812413930893
R1fold,21,55,0.0755963921546936
R1fold,21,56,0.07638248056173325
R1fold,21,57,0.0769314095377922
R1fold,21,58,0.07630986720323563
R1fold,21,59,0.07655259221792221
R1fold,21,60,0.07611966133117676
R1fold,21,61,0.07708669453859329
R1fold,21,62,0.07707612216472626
R1fold,21,63,0.07652678340673447
R1fold,21,64,0.060834117233753204
R1fold,21,65,0.060662273317575455
R1fold,21,66,0.06055288761854172
R1fold,21,67,0.0605580173432827
R1fold,21,68,0.06086019054055214
R1fold,21,69,0.06114247813820839
R1fold,21,70,0.0603245310485363
R1fold,21,71,0.060642339289188385
R1fold,21,72,0.06141967326402664
R1fold,21,73,0.0605107806622982
R1fold,21,74,0.06061103194952011
R1fold,21,75,0.0610981360077858
R1fold,21,76,0.060896143317222595
R1fold,21,77,0.06059107184410095
R1fold,21,78,0.06034606695175171
R1fold,21,79,0.0604231134057045
R1fold,22,0,0.14156833291053772
R1fold,22,1,0.14052538573741913
R1fold,22,2,0.1424764096736908
R1fold,22,3,0.14030097424983978
R1fold,22,4,0.14134173095226288
R1fold,22,5,0.1409207135438919
R1fold,22,6,0.14056606590747833
R1fold,22,7,0.14046883583068848
R1fold,22,8,0.14178407192230225
R1fold,22,9,0.1406763195991516
R1fold,22,10,0.1408388912677765
R1fold,22,11,0.14196465909481049
R1fold,22,12,0.14345331490039825
R1fold,22,13,0.14124728739261627
R1fold,22,14,0.14051836729049683
R1fold,22,15,0.14068536460399628
R1fold,22,16,0.09836216270923615
R1fold,22,17,0.09902824461460114
R1fold,22,18,0.09784115105867386
R1fold,22,19,0.09842929244041443
R1fold,22,20,0.09916853904724121
R1fold,22,21,0.09948050230741501
R1fold,22,22,0.09879465401172638
R1fold,22,23,0.0990077331662178
R1fold,22,24,0.09739454835653305
R1fold,22,25,0.09860117733478546
R1fold,22,26,0.09913870692253113
R1fold,22,27,0.09938794374465942
R1fold,22,28,0.09955567121505737
R1fold,22,29,0.09824921935796738
R1fold,22,30,0.09899129718542099
R1fold,22,31,0.09725737571716309
R1fold,22,32,0.11847255378961563
R1fold,22,33,0.11873506009578705
R1fold,22,34,0.11851508915424347
R1fold,22,35,0.11789583414793015
R1fold,22,36,0.11854322254657745
R1fold,22,37,0.11920694261789322
R1fold,22,38,0.11728427559137344
R1fold,22,39,0.11884535849094391
R1fold,22,40,0.11763927340507507
R1fold,22,41,0.11808883398771286
R1fold,22,42,0.11848758161067963
R1fold,22,43,0.11801320314407349
R1fold,22,44,0.11747116595506668
R1fold,22,45,0.11783803999423981
R1fold,22,46,0.11769567430019379
R1fold,22,47,0.11813700199127197
R1fold,22,48,0.0759919136762619
R1fold,22,49,0.07556258141994476
R1fold,22,50,0.07575900852680206
R1fold,22,51,0.0760221853852272
R1fold,22,52,0.07588442414999008
R1fold,22,53,0.07602404057979584
R1fold,22,54,0.07512646168470383
R1fold,22,55,0.07578158378601074
R1fold,22,56,0.07597129046916962
R1fold,22,57,0.07552501559257507
R1fold,22,58,0.07586654275655746
R1fold,22,59,0.07602661848068237
R1fold,22,60,0.0752173364162445
R1fold,22,61,0.07506567239761353
R1fold,22,62,0.0757259652018547
R1fold,22,63,0.07610666751861572
R1fold,22,64,0.06020211800932884
R1fold,22,65,0.06053946539759636
R1fold,22,66,0.0602109394967556
R1fold,22,67,0.06009814143180847
R1fold,22,68,0.06001364067196846
R1fold,22,69,0.06040909141302109
R1fold,22,70,0.05971489101648331
R1fold,22,71,0.06055667996406555
R1fold,22,72,0.05976639315485954
R1fold,22,73,0.060052819550037384
R1fold,22,74,0.060216691344976425
R1fold,22,75,0.06005905941128731
R1fold,22,76,0.06019440293312073
R1fold,22,77,0.06000487133860588
R1fold,22,78,0.05996090546250343
R1fold,22,79,0.06061828136444092
R1fold,23,0,0.141086608171463
R1fold,23,1,0.140684112906456
R1fold,23,2,0.1421472281217575
R1fold,23,3,0.14123649895191193
R1fold,23,4,0.1408448964357376
R1fold,23,5,0.14206776022911072
R1fold,23,6,0.14253868162631989
R1fold,23,7,0.14105172455310822
R1fold,23,8,0.14100758731365204
R1fold,23,9,0.141354501247406
R1fold,23,10,0.1419333815574646
R1fold,23,11,0.14287877082824707
R1fold,23,12,0.14225003123283386
R1fold,23,13,0.1416546255350113
R1fold,23,14,0.14059174060821533
R1fold,23,15,0.14157940447330475
R1fold,23,16,0.0990130752325058
R1fold,23,17,0.09817620366811752
R1fold,23,18,0.09977832436561584
R1fold,23,19,0.09955766797065735
R1fold,23,20,0.0990045890212059
R1fold,23,21,0.09920752793550491
R1fold,23,22,0.0982842892408371
R1fold,23,23,0.09890519082546234
R1fold,23,24,0.0972406268119812
R1fold,23,25,0.0984770879149437
R1fold,23,26,0.09891586750745773
R1fold,23,27,0.09834118187427521
R1fold,23,28,0.0980529710650444
R1fold,23,29,0.09937383979558945
R1fold,23,30,0.10023853927850723
R1fold,23,31,0.09835868328809738
R1fold,23,32,0.1182379424571991
R1fold,23,33,0.11852055788040161
R1fold,23,34,0.11940398812294006
R1fold,23,35,0.1188361793756485
R1fold,23,36,0.11804459989070892
R1fold,23,37,0.11894172430038452
R1fold,23,38,0.11888524889945984
R1fold,23,39,0.11761364340782166
R1fold,23,40,0.11863891780376434
R1fold,23,41,0.11933852732181549
R1fold,23,42,0.11882762610912323
R1fold,23,43,0.11803024262189865
R1fold,23,44,0.11858943849802017
R1fold,23,45,0.11887003481388092
R1fold,23,46,0.11829570680856705
R1fold,23,47,0.11881929636001587
R1fold,23,48,0.07663197070360184
R1fold,23,49,0.07695069164037704
R1fold,23,50,0.07651843130588531
R1fold,23,51,0.07647977024316788
R1fold,23,52,0.07610643655061722
R1fold,23,53,0.07628937810659409
R1fold,23,54,0.07658381760120392
R1fold,23,55,0.07636646926403046
R1fold,23,56,0.07608316093683243
R1fold,23,57,0.07634565234184265
R1fold,23,58,0.07578190416097641
R1fold,23,59,0.07661598920822144
R1fold,23,60,0.07675834000110626
R1fold,23,61,0.07661262154579163
R1fold,23,62,0.07638570666313171
R1fold,23,63,0.07687181234359741
R1fold,23,64,0.060813866555690765
R1fold,23,65,0.06072068214416504
R1fold,23,66,0.06016039848327637
R1fold,23,67,0.060477714985609055
R1fold,23,68,0.06070374324917793
R1fold,23,69,0.060597047209739685
R1fold,23,70,0.06036144495010376
R1fold,23,71,0.060617003589868546
R1fold,23,72,0.060089897364377975
R1fold,23,73,0.060746319591999054
R1fold,23,74,0.060422107577323914
R1fold,23,75,0.06112341210246086
R1fold,23,76,0.06108153238892555
R1fold,23,77,0.060700688511133194
R1fold,23,78,0.06057040020823479
R1fold,23,79,0.060186803340911865
R1fold,24,0,0.14266619086265564
R1fold,24,1,0.1420835256576538
R1fold,24,2,0.14051295816898346
R1fold,24,3,0.1431571990251541
R1fold,24,4,0.14161251485347748
R1fold,24,5,0.14148685336112976
R1fold,24,6,0.14343731105327606
R1fold,24,7,0.14098186790943146
R1fold,24,8,0.1423114538192749
R1fold,24,9,0.14188973605632782
R1fold,24,10,0.14357221126556396
R1fold,24,11,0.14105655252933502
R1fold,24,12,0.14495514333248138
R1fold,24,13,0.14243970811367035
R1fold,24,14,0.1419888734817505
R1fold,24,15,0.1418161541223526
R1fold,24,16,0.09805694967508316
R1fold,24,17,0.09896475821733475
R1fold,24,18,0.09826499223709106
R1fold,24,19,0.09743977338075638
R1fold,24,20,0.0986197218298912
R1fold,24,21,0.0993150994181633
R1fold,24,22,0.09841899573802948
R1fold,24,23,0.09772999584674835
R1fold,24,24,0.0990520566701889
R1fold,24,25,0.09818609803915024
R1fold,24,26,0.09890354424715042
R1fold,24,27,0.0987452045083046
R1fold,24,28,0.09824308753013611
R1fold,24,29,0.09747707098722458
R1fold,24,30,0.09892421215772629
R1fold,24,31,0.09844323247671127
R1fold,24,32,0.11785069108009338
R1fold,24,33,0.1180255189538002
R1fold,24,34,0.11657585948705673
R1fold,24,35,0.11634859442710876
R1fold,24,36,0.11798536032438278
R1fold,24,37,0.11812679469585419
R1fold,24,38,0.11659688502550125
R1fold,24,39,0.11611998081207275
R1fold,24,40,0.11731749773025513
R1fold,24,41,0.11769106239080429
R1fold,24,42,0.11826568096876144
R1fold,24,43,0.11848217248916626
R1fold,24,44,0.1178174763917923
R1fold,24,45,0.11711065471172333
R1fold,24,46,0.1164616271853447
R1fold,24,47,0.11704660207033157
R1fold,24,48,0.07640863955020905
R1fold,24,49,0.07608196884393692
R1fold,24,50,0.07560495287179947
R1fold,24,51,0.0759449228644371
R1fold,24,52,0.07633201777935028
R1fold,24,53,0.0760590136051178
R1fold,24,54,0.07639234513044357
R1fold,24,55,0.07486028224229813
R1fold,24,56,0.07657390832901001
R1fold,24,57,0.07650221139192581
R1fold,24,58,0.0764445811510086
R1fold,24,59,0.07612653821706772
R1fold,24,60,0.07601020485162735
R1fold,24,61,0.07598493248224258
R1fold,24,62,0.07595516741275787
R1fold,24,63,0.07645110785961151
R1fold,24,64,0.06043319031596184
R1fold,24,65,0.060903191566467285
R1fold,24,66,0.060224976390600204
R1fold,24,67,0.06047618016600609
R1fold,24,68,0.0609462633728981
R1fold,24,69,0.06109285727143288
R1fold,24,70,0.06058231741189957
R1fold,24,71,0.060682263225317
R1fold,24,72,0.06065608933568001
R1fold,24,73,0.06084304302930832
R1fold,24,74,0.06105805188417435
R1fold,24,75,0.06080825999379158
R1fold,24,76,0.06123455986380577
R1fold,24,77,0.06037870794534683
R1fold,24,78,0.06078038737177849
R1fold,24,79,0.06121479347348213
R1fold,25,0,0.14303013682365417
R1fold,25,1,0.1399931162595749
R1fold,25,2,0.143116757273674
R1fold,25,3,0.14268724620342255
R1fold,25,4,0.1424264758825302
R1fold,25,5,0.14365991950035095
R1fold,25,6,0.1431666761636734
R1fold,25,7,0.142316997051239
R1fold,25,8,0.1417781561613083
R1fold,25,9,0.14144542813301086
R1fold,25,10,0.14022600650787354
R1fold,25,11,0.14074398577213287
R1fold,25,12,0.14197616279125214
R1fold,25,13,0.14376689493656158
R1fold,25,14,0.14228704571723938
R1fold,25,15,0.14037352800369263
R1fold,25,16,0.10087276250123978
R1fold,25,17,0.10136579722166061
R1fold,25,18,0.10019195824861526
R1fold,25,19,0.1011887639760971
R1fold,25,20,0.10085772722959518
R1fold,25,21,0.10064005851745605
R1fold,25,22,0.10113750398159027
R1fold,25,23,0.10190590471029282
R1fold,25,24,0.1008608415722847
R1fold,25,25,0.10133202373981476
R1fold,25,26,0.10123596340417862
R1fold,25,27,0.10044938325881958
R1fold,25,28,0.10079701244831085
R1fold,25,29,0.1004476398229599
R1fold,25,30,0.1012517437338829
R1fold,25,31,0.10049545764923096
R1fold,25,32,0.11945304274559021
R1fold,25,33,0.11983895301818848
R1fold,25,34,0.11887332797050476
R1fold,25,35,0.11930010467767715
R1fold,25,36,0.11768075823783875
R1fold,25,37,0.11955497413873672
R1fold,25,38,0.11830201745033264
R1fold,25,39,0.11909696459770203
R1fold,25,40,0.11807149648666382
R1fold,25,41,0.11873228847980499
R1fold,25,42,0.11890579760074615
R1fold,25,43,0.11939876526594162
R1fold,25,44,0.11769463866949081
R1fold,25,45,0.11893611401319504
R1fold,25,46,0.11823003739118576
R1fold,25,47,0.1176137924194336
R1fold,25,48,0.07768601179122925
R1fold,25,49,0.07725769281387329
R1fold,25,50,0.07689756155014038
R1fold,25,51,0.07714569568634033
R1fold,25,52,0.07694375514984131
R1fold,25,53,0.07716123759746552
R1fold,25,54,0.07680115848779678
R1fold,25,55,0.07661224156618118
R1fold,25,56,0.07695025950670242
R1fold,25,57,0.07693919539451599
R1fold,25,58,0.07689114660024643
R1fold,25,59,0.07635092735290527
R1fold,25,60,0.0759718120098114
R1fold,25,61,0.07638898491859436
R1fold,25,62,0.07706225663423538
R1fold,25,63,0.07614264637231827
R1fold,25,64,0.06083200126886368
R1fold,25,65,0.06075776740908623
R1fold,25,66,0.06179661303758621
R1fold,25,67,0.06174260750412941
R1fold,25,68,0.06224358454346657
R1fold,25,69,0.061491385102272034
R1fold,25,70,0.062128547579050064
R1fold,25,71,0.06144401431083679
R1fold,25,72,0.061628635972738266
R1fold,25,73,0.061469871550798416
R1fold,25,74,0.06176909804344177
R1fold,25,75,0.062086865305900574
R1fold,25,76,0.06134472414851189
R1fold,25,77,0.061108142137527466
R1fold,25,78,0.0615076906979084
R1fold,25,79,0.0619722418487072
R1fold,26,0,0.141892209649086
R1fold,26,1,0.14188311994075775
R1fold,26,2,0.14144107699394226
R1fold,26,3,0.1410818099975586
R1fold,26,4,0.14261652529239655
R1fold,26,5,0.1425476223230362
R1fold,26,6,0.14238904416561127
R1fold,26,7,0.14170405268669128
R1fold,26,8,0.14149242639541626
R1fold,26,9,0.14257743954658508
R1fold,26,10,0.13962189853191376
R1fold,26,11,0.14196328818798065
R1fold,26,12,0.14191558957099915
R1fold,26,13,0.14249689877033234
R1fold,26,14,0.1426556557416916
R1fold,26,15,0.14074267446994781
R1fold,26,16,0.09874899685382843
R1fold,26,17,0.09817252308130264
R1fold,26,18,0.09769545495510101
R1fold,26,19,0.0980297401547432
R1fold,26,20,0.09858978539705276
R1fold,26,21,0.09925166517496109
R1fold,26,22,0.09904258698225021
R1fold,26,23,0.09813924878835678
R1fold,26,24,0.09791336208581924
R1fold,26,25,0.09844357520341873
R1fold,26,26,0.09816665202379227
R1fold,26,27,0.09833452850580215
R1fold,26,28,0.09906968474388123
R1fold,26,29,0.09815517067909241
R1fold,26,30,0.09896491467952728
R1fold,26,31,0.09828218072652817
R1fold,26,32,0.11761809885501862
R1fold,26,33,0.11827402561903
R1fold,26,34,0.11785188317298889
R1fold,26,35,0.11776845157146454
R1fold,26,36,0.11748617142438889
R1fold,26,37,0.11762910336256027
R1fold,26,38,0.11796583980321884
R1fold,26,39,0.11801248043775558
R1fold,26,40,0.11730420589447021
R1fold,26,41,0.11781919747591019
R1fold,26,42,0.1186099499464035
R1fold,26,43,0.1182994395494461
R1fold,26,44,0.11626411229372025
R1fold,26,45,0.11895961314439774
R1fold,26,46,0.1164555773139
R1fold,26,47,0.11737901717424393
R1fold,26,48,0.07624578475952148
R1fold,26,49,0.0768410935997963
R1fold,26,50,0.07575920969247818
R1fold,26,51,0.07677509635686874
R1fold,26,52,0.07703812420368195
R1fold,26,53,0.07604482024908066
R1fold,26,54,0.07615317404270172
R1fold,26,55,0.07561404258012772
R1fold,26,56,0.07543233782052994
R1fold,26,57,0.07598380744457245
R1fold,26,58,0.07610718160867691
R1fold,26,59,0.07608933746814728
R1fold,26,60,0.07614509761333466
R1fold,26,61,0.07680459320545197
R1fold,26,62,0.07607365399599075
R1fold,26,63,0.07624993473291397
R1fold,26,64,0.060613296926021576
R1fold,26,65,0.06059615686535835
R1fold,26,66,0.061433736234903336
R1fold,26,67,0.06073674559593201
R1fold,26,68,0.060260284692049026
R1fold,26,69,0.060983795672655106
R1fold,26,70,0.061352767050266266
R1fold,26,71,0.06030384078621864
R1fold,26,72,0.060354139655828476
R1fold,26,73,0.060352060943841934
R1fold,26,74,0.06055250018835068
R1fold,26,75,0.06094058230519295
R1fold,26,76,0.06041579693555832
R1fold,26,77,0.06077520549297333
R1fold,26,78,0.06062251329421997
R1fold,26,79,0.06047499552369118
R1fold,27,0,0.13974934816360474
R1fold,27,1,0.14145976305007935
R1fold,27,2,0.13831833004951477
R1fold,27,3,0.13831059634685516
R1fold,27,4,0.14161162078380585
R1fold,27,5,0.14041513204574585
R1fold,27,6,0.1392146348953247
R1fold,27,7,0.14012086391448975
R1fold,27,8,0.1395164281129837
R1fold,27,9,0.13882078230381012
R1fold,27,10,0.1409750133752823
R1fold,27,11,0.14041532576084137
R1fold,27,12,0.14194504916667938
R1fold,27,13,0.1403377801179886
R1fold,27,14,0.13974691927433014
R1fold,27,15,0.13951411843299866
R1fold,27,16,0.09881405532360077
R1fold,27,17,0.0984310582280159
R1fold,27,18,0.10006649792194366
R1fold,27,19,0.09951389580965042
R1fold,27,20,0.09918437153100967
R1fold,27,21,0.09942574799060822
R1fold,27,22,0.10002399235963821
R1fold,27,23,0.10063110291957855
R1fold,27,24,0.09808255732059479
R1fold,27,25,0.09832217544317245
R1fold,27,26,0.09968864917755127
R1fold,27,27,0.09802999347448349
R1fold,27,28,0.09948789328336716
R1fold,27,29,0.09901432693004608
R1fold,27,30,0.09948588162660599
R1fold,27,31,0.09933023899793625
R1fold,27,32,0.11777500063180923
R1fold,27,33,0.11806701123714447
R1fold,27,34,0.11785486340522766
R1fold,27,35,0.11800423264503479
R1fold,27,36,0.1174222007393837
R1fold,27,37,0.11780571937561035
R1fold,27,38,0.11864466965198517
R1fold,27,39,0.11734118312597275
R1fold,27,40,0.1176011860370636
R1fold,27,41,0.1191679984331131
R1fold,27,42,0.11780526489019394
R1fold,27,43,0.11822666227817535
R1fold,27,44,0.11846384406089783
R1fold,27,45,0.11698363721370697
R1fold,27,46,0.11659248918294907
R1fold,27,47,0.11835123598575592
R1fold,27,48,0.07668125629425049
R1fold,27,49,0.07624245434999466
R1fold,27,50,0.07494781911373138
R1fold,27,51,0.07646398991346359
R1fold,27,52,0.07568751275539398
R1fold,27,53,0.07662570476531982
R1fold,27,54,0.07605574280023575
R1fold,27,55,0.07532283663749695
R1fold,27,56,0.07568810880184174
R1fold,27,57,0.07659558951854706
R1fold,27,58,0.07600720971822739
R1fold,27,59,0.07612930238246918
R1fold,27,60,0.07695411890745163
R1fold,27,61,0.07667092233896255
R1fold,27,62,0.075533427298069
R1fold,27,63,0.07624012976884842
R1fold,27,64,0.06058933213353157
R1fold,27,65,0.06040089577436447
R1fold,27,66,0.060650501400232315
R1fold,27,67,0.06071576848626137
R1fold,27,68,0.06047685816884041
R1fold,27,69,0.060319796204566956
R1fold,27,70,0.06094297766685486
R1fold,27,71,0.05993854999542236
R1fold,27,72,0.06007220596075058
R1fold,27,73,0.06063823401927948
R1fold,27,74,0.060598257929086685
R1fold,27,75,0.06041877716779709
R1fold,27,76,0.06058391183614731
R1fold,27,77,0.0602361299097538
R1fold,27,78,0.06026517599821091
R1fold,27,79,0.059393227100372314
R1fold,28,0,0.140450581908226
R1fold,28,1,0.1409783512353897
R1fold,28,2,0.1377473920583725
R1fold,28,3,0.13971100747585297
R1fold,28,4,0.14077870547771454
R1fold,28,5,0.14062833786010742
R1fold,28,6,0.13956212997436523
R1fold,28,7,0.13865871727466583
R1fold,28,8,0.14109419286251068
R1fold,28,9,0.14006492495536804
R1fold,28,10,0.1396447718143463
R1fold,28,11,0.14137651026248932
R1fold,28,12,0.1420883685350418
R1fold,28,13,0.1407792717218399
R1fold,28,14,0.1393280029296875
R1fold,28,15,0.1421203762292862
R1fold,28,16,0.09912888705730438
R1fold,28,17,0.09890096634626389
R1fold,28,18,0.10008265823125839
R1fold,28,19,0.09908083081245422
R1fold,28,20,0.09971575438976288
R1fold,28,21,0.1008022204041481
R1fold,28,22,0.10002348572015762
R1fold,28,23,0.10056931525468826
R1fold,28,24,0.09973698109388351
R1fold,28,25,0.09998536109924316
R1fold,28,26,0.09933461248874664
R1fold,28,27,0.1001703217625618
R1fold,28,28,0.10070299357175827
R1fold,28,29,0.09956642240285873
R1fold,28,30,0.0996091440320015
R1fold,28,31,0.10005560517311096
R1fold,28,32,0.1180310770869255
R1fold,28,33,0.11898162215948105
R1fold,28,34,0.11808232963085175
R1fold,28,35,0.11857641488313675
R1fold,28,36,0.1192055493593216
R1fold,28,37,0.11764195561408997
R1fold,28,38,0.11789053678512573
R1fold,28,39,0.11808326095342636
R1fold,28,40,0.11794842034578323
R1fold,28,41,0.11855079978704453
R1fold,28,42,0.11845748126506805
R1fold,28,43,0.11792133003473282
R1fold,28,44,0.11767061799764633
R1fold,28,45,0.1177365705370903
R1fold,28,46,0.11855951696634293
R1fold,28,47,0.11856842041015625
R1fold,28,48,0.07589003443717957
R1fold,28,49,0.07604602724313736
R1fold,28,50,0.0756525993347168
R1fold,28,51,0.07627463340759277
R1fold,28,52,0.07611722499132156
R1fold,28,53,0.07640636712312698
R1fold,28,54,0.07595809549093246
R1fold,28,55,0.07632119208574295
R1fold,28,56,0.07621858268976212
R1fold,28,57,0.0764467641711235
R1fold,28,58,0.07594258338212967
R1fold,28,59,0.07649584114551544
R1fold,28,60,0.07669944316148758
R1fold,28,61,0.07620526105165482
R1fold,28,62,0.07639286667108536
R1fold,28,63,0.07743549346923828
R1fold,28,64,0.060307178646326065
R1fold,28,65,0.0610557496547699
R1fold,28,66,0.06114800274372101
R1fold,28,67,0.06174350529909134
R1fold,28,68,0.06095333397388458
R1fold,28,69,0.06076804921030998
R1fold,28,70,0.06076881289482117
R1fold,28,71,0.061147212982177734
R1fold,28,72,0.06100345402956009
R1fold,28,73,0.06067076325416565
R1fold,28,74,0.06091166287660599
R1fold,28,75,0.060933977365493774
R1fold,28,76,0.060841821134090424
R1fold,28,77,0.06079164519906044
R1fold,28,78,0.06023013964295387
R1fold,28,79,0.06117789074778557
R1fold,29,0,0.13865789771080017
R1fold,29,1,0.13655146956443787
R1fold,29,2,0.1392890065908432
R1fold,29,3,0.13928814232349396
R1fold,29,4,0.13812562823295593
R1fold,29,5,0.13992753624916077
R1fold,29,6,0.1390722692012787
R1fold,29,7,0.139054074883461
R1fold,29,8,0.1409076750278473
R1fold,29,9,0.13807888329029083
R1fold,29,10,0.14007216691970825
R1fold,29,11,0.13940663635730743
R1fold,29,12,0.14022935926914215
R1fold,29,13,0.1393006592988968
R1fold,29,14,0.13813431560993195
R1fold,29,15,0.13908405601978302
R1fold,29,16,0.0980636477470398
R1fold,29,17,0.09827585518360138
R1fold,29,18,0.09869570285081863
R1fold,29,19,0.0985308364033699
R1fold,29,20,0.09863189607858658
R1fold,29,21,0.09864562749862671
R1fold,29,22,0.09843752533197403
R1fold,29,23,0.09895943105220795
R1fold,29,24,0.09839701652526855
R1fold,29,25,0.09783642739057541
R1fold,29,26,0.0982549637556076
R1fold,29,27,0.09864772856235504
R1fold,29,28,0.0982278436422348
R1fold,29,29,0.0976811870932579
R1fold,29,30,0.0986408069729805
R1fold,29,31,0.09851431101560593
R1fold,29,32,0.1176140308380127
R1fold,29,33,0.11809483915567398
R1fold,29,34,0.11788976192474365
R1fold,29,35,0.1185244768857956
R1fold,29,36,0.11830469965934753
R1fold,29,37,0.11738774180412292
R1fold,29,38,0.11699070036411285
R1fold,29,39,0.11834733188152313
R1fold,29,40,0.11843647062778473
R1fold,29,41,0.11884485930204391
R1fold,29,42,0.11857770383358002
R1fold,29,43,0.117945596575737
R1fold,29,44,0.11752446740865707
R1fold,29,45,0.11859866231679916
R1fold,29,46,0.11738114058971405
R1fold,29,47,0.11886540055274963
R1fold,29,48,0.07666709274053574
R1fold,29,49,0.07662546634674072
R1fold,29,50,0.07704784721136093
R1fold,29,51,0.07592305541038513
R1fold,29,52,0.07645602524280548
R1fold,29,53,0.07646527886390686
R1fold,29,54,0.07694221287965775
R1fold,29,55,0.07578359544277191
R1fold,29,56,0.07653310894966125
R1fold,29,57,0.07640568166971207
R1fold,29,58,0.07632184773683548
R1fold,29,59,0.07717233896255493
R1fold,29,60,0.0765724927186966
R1fold,29,61,0.07693854719400406
R1fold,29,62,0.07674989104270935
R1fold,29,63,0.0763889029622078
R1fold,29,64,0.06091167777776718
R1fold,29,65,0.060862910002470016
R1fold,29,66,0.06084121763706207
R1fold,29,67,0.06079898402094841
R1fold,29,68,0.06053182855248451
R1fold,29,69,0.06099623069167137
R1fold,29,70,0.06012239679694176
R1fold,29,71,0.06037760525941849
R1fold,29,72,0.060816939920186996
R1fold,29,73,0.06091596186161041
R1fold,29,74,0.0605555884540081
R1fold,29,75,0.060840316116809845
R1fold,29,76,0.06044831499457359
R1fold,29,77,0.060576487332582474
R1fold,29,78,0.06122422218322754
R1fold,29,79,0.060407914221286774
R1fold,30,0,0.14115871489048004
R1fold,30,1,0.14086121320724487
R1fold,30,2,0.13922712206840515
R1fold,30,3,0.14071545004844666
R1fold,30,4,0.14094938337802887
R1fold,30,5,0.14146974682807922
R1fold,30,6,0.14006447792053223
R1fold,30,7,0.1392223984003067
R1fold,30,8,0.1409800797700882
R1fold,30,9,0.13895346224308014
R1fold,30,10,0.14161871373653412
R1fold,30,11,0.14193497598171234
R1fold,30,12,0.14339420199394226
R1fold,30,13,0.14135342836380005
R1fold,30,14,0.13874295353889465
R1fold,30,15,0.13990186154842377
R1fold,30,16,0.09975636750459671
R1fold,30,17,0.09862597286701202
R1fold,30,18,0.09863366931676865
R1fold,30,19,0.09895258396863937
R1fold,30,20,0.09843482077121735
R1fold,30,21,0.09865018725395203
R1fold,30,22,0.10028505325317383
R1fold,30,23,0.09872052073478699
R1fold,30,24,0.09864640235900879
R1fold,30,25,0.09823603928089142
R1fold,30,26,0.09928177297115326
R1fold,30,27,0.09844593703746796
R1fold,30,28,0.09903744608163834
R1fold,30,29,0.09886936843395233
R1fold,30,30,0.09993335604667664
R1fold,30,31,0.0997612476348877
R1fold,30,32,0.11915991455316544
R1fold,30,33,0.11820892244577408
R1fold,30,34,0.1180797666311264
R1fold,30,35,0.11842953413724899
R1fold,30,36,0.11894450336694717
R1fold,30,37,0.11781004071235657
R1fold,30,38,0.11918844282627106
R1fold,30,39,0.11792594939470291
R1fold,30,40,0.11770796775817871
R1fold,30,41,0.11715594679117203
R1fold,30,42,0.11864586919546127
R1fold,30,43,0.11759153008460999
R1fold,30,44,0.11847158521413803
R1fold,30,45,0.11959469318389893
R1fold,30,46,0.11909300088882446
R1fold,30,47,0.11820947378873825
R1fold,30,48,0.07659595459699631
R1fold,30,49,0.07642992585897446
R1fold,30,50,0.07617789506912231
R1fold,30,51,0.07593370974063873
R1fold,30,52,0.07678859680891037
R1fold,30,53,0.07571485638618469
R1fold,30,54,0.07553838193416595
R1fold,30,55,0.07647575438022614
R1fold,30,56,0.07576459646224976
R1fold,30,57,0.07645740360021591
R1fold,30,58,0.07622304558753967
R1fold,30,59,0.07643400877714157
R1fold,30,60,0.07666376233100891
R1fold,30,61,0.07689764350652695
R1fold,30,62,0.07642505317926407
R1fold,30,63,0.07645304501056671
R1fold,30,64,0.06046295911073685
R1fold,30,65,0.059980832040309906
R1fold,30,66,0.06046026200056076
R1fold,30,67,0.06026661396026611
R1fold,30,68,0.0607491172850132
R1fold,30,69,0.06025286763906479
R1fold,30,70,0.060530710965394974
R1fold,30,71,0.060383133590221405
R1fold,30,72,0.06048012897372246
R1fold,30,73,0.06050692871212959
R1fold,30,74,0.06047094613313675
R1fold,30,75,0.060614991933107376
R1fold,30,76,0.060545582324266434
R1fold,30,77,0.060654763132333755
R1fold,30,78,0.060775671154260635
R1fold,30,79,0.060483187437057495
R1fold,31,0,0.14206644892692566
R1fold,31,1,0.14119622111320496
R1fold,31,2,0.14161765575408936
R1fold,31,3,0.14116676151752472
R1fold,31,4,0.14173193275928497
R1fold,31,5,0.14233025908470154
R1fold,31,6,0.14268863201141357
R1fold,31,7,0.13951241970062256
R1fold,31,8,0.14202359318733215
R1fold,31,9,0.14130468666553497
R1fold,31,10,0.14105188846588135
R1fold,31,11,0.1422470659017563
R1fold,31,12,0.14357833564281464
R1fold,31,13,0.14290128648281097
R1fold,31,14,0.1410825401544571
R1fold,31,15,0.14202658832073212
R1fold,31,16,0.09970953315496445
R1fold,31,17,0.10016026347875595
R1fold,31,18,0.09886367619037628
R1fold,31,19,0.09838943183422089
R1fold,31,20,0.09951289743185043
R1fold,31,21,0.09969977289438248
R1fold,31,22,0.09976823627948761
R1fold,31,23,0.09939780086278915
R1fold,31,24,0.09930908679962158
R1fold,31,25,0.10027159750461578
R1fold,31,26,0.09940711408853531
R1fold,31,27,0.09987905621528625
R1fold,31,28,0.09974655508995056
R1fold,31,29,0.09889265149831772
R1fold,31,30,0.1003885492682457
R1fold,31,31,0.09993110597133636
R1fold,31,32,0.11914695054292679
R1fold,31,33,0.11829012632369995
R1fold,31,34,0.11846195161342621
R1fold,31,35,0.1189323365688324
R1fold,31,36,0.11814258247613907
R1fold,31,37,0.11893071979284286
R1fold,31,38,0.11891555041074753
R1fold,31,39,0.11856021732091904
R1fold,31,40,0.11904819309711456
R1fold,31,41,0.11895773559808731
R1fold,31,42,0.11871393769979477
R1fold,31,43,0.11955095827579498
R1fold,31,44,0.11846615374088287
R1fold,31,45,0.11880847066640854
R1fold,31,46,0.11882607638835907
R1fold,31,47,0.11867665499448776
R1fold,31,48,0.07650388032197952
R1fold,31,49,0.07615535706281662
R1fold,31,50,0.0763167217373848
R1fold,31,51,0.07707680016756058
R1fold,31,52,0.07604959607124329
R1fold,31,53,0.07623761892318726
R1fold,31,54,0.0765254944562912
R1fold,31,55,0.07662799954414368
R1fold,31,56,0.0759529173374176
R1fold,31,57,0.07595226913690567
R1fold,31,58,0.0761205181479454
R1fold,31,59,0.07651098817586899
R1fold,31,60,0.07637480646371841
R1fold,31,61,0.07702329754829407
R1fold,31,62,0.07590373605489731
R1fold,31,63,0.07600722461938858
R1fold,31,64,0.06012661010026932
R1fold,31,65,0.060748904943466187
R1fold,31,66,0.060210831463336945
R1fold,31,67,0.06023198366165161
R1fold,31,68,0.06010126695036888
R1fold,31,69,0.06101210415363312
R1fold,31,70,0.06044198200106621
R1fold,31,71,0.059976596385240555
R1fold,31,72,0.060526441782712936
R1fold,31,73,0.060754623264074326
R1fold,31,74,0.06040626019239426
R1fold,31,75,0.06045231595635414
R1fold,31,76,0.06072188541293144
R1fold,31,77,0.060464754700660706
R1fold,31,78,0.060537103563547134
R1fold,31,79,0.06050755828619003
R1fold,32,0,0.1406044065952301
R1fold,32,1,0.14008697867393494
R1fold,32,2,0.14140135049819946
R1fold,32,3,0.14236852526664734
R1fold,32,4,0.14077594876289368
R1fold,32,5,0.1416110247373581
R1fold,32,6,0.1439541131258011
R1fold,32,7,0.14308956265449524
R1fold,32,8,0.1415400207042694
R1fold,32,9,0.14098457992076874
R1fold,32,10,0.1415320783853531
R1fold,32,11,0.141780287027359
R1fold,32,12,0.14495103061199188
R1fold,32,13,0.14145757257938385
R1fold,32,14,0.13993291556835175
R1fold,32,15,0.1419753134250641
R1fold,32,16,0.09856519848108292
R1fold,32,17,0.09910169243812561
R1fold,32,18,0.09812657535076141
R1fold,32,19,0.09924247115850449
R1fold,32,20,0.09876615554094315
R1fold,32,21,0.0997886136174202
R1fold,32,22,0.09950142353773117
R1fold,32,23,0.09922760725021362
R1fold,32,24,0.09989932924509048
R1fold,32,25,0.09975070506334305
R1fold,32,26,0.09918811172246933
R1fold,32,27,0.09862372279167175
R1fold,32,28,0.09811734408140182
R1fold,32,29,0.09810532629489899
R1fold,32,30,0.09876430034637451
R1fold,32,31,0.09808575361967087
R1fold,32,32,0.11885406076908112
R1fold,32,33,0.11829046159982681
R1fold,32,34,0.11728834360837936
R1fold,32,35,0.11896254122257233
R1fold,32,36,0.11732849478721619
R1fold,32,37,0.11864996701478958
R1fold,32,38,0.11872971802949905
R1fold,32,39,0.11803561449050903
R1fold,32,40,0.11863624304533005
R1fold,32,41,0.11903993040323257
R1fold,32,42,0.11847563832998276
R1fold,32,43,0.1173427551984787
R1fold,32,44,0.11786998063325882
R1fold,32,45,0.11802665889263153
R1fold,32,46,0.11857648938894272
R1fold,32,47,0.1172831729054451
R1fold,32,48,0.07695754617452621
R1fold,32,49,0.07636059075593948
R1fold,32,50,0.07579457759857178
R1fold,32,51,0.077603280544281
R1fold,32,52,0.07638822495937347
R1fold,32,53,0.07616112381219864
R1fold,32,54,0.07597607374191284
R1fold,32,55,0.07552226632833481
R1fold,32,56,0.07604983448982239
R1fold,32,57,0.07573060691356659
R1fold,32,58,0.07620497792959213
R1fold,32,59,0.07609720528125763
R1fold,32,60,0.07547350972890854
R1fold,32,61,0.07659313827753067
R1fold,32,62,0.07722406834363937
R1fold,32,63,0.07631037384271622
R1fold,32,64,0.06162871792912483
R1fold,32,65,0.060811202973127365
R1fold,32,66,0.06127709895372391
R1fold,32,67,0.060541871935129166
R1fold,32,68,0.06076247617602348
R1fold,32,69,0.06123111769556999
R1fold,32,70,0.06029020622372627
R1fold,32,71,0.06063350290060043
R1fold,32,72,0.06079760566353798
R1fold,32,73,0.0602300651371479
R1fold,32,74,0.060280926525592804
R1fold,32,75,0.060755904763936996
R1fold,32,76,0.060349058359861374
R1fold,32,77,0.06040600314736366
R1fold,32,78,0.06116676703095436
R1fold,32,79,0.060985054820775986
R1fold,33,0,0.14262349903583527
R1fold,33,1,0.14034761488437653
R1fold,33,2,0.14246408641338348
R1fold,33,3,0.14087152481079102
R1fold,33,4,0.14276784658432007
R1fold,33,5,0.14205533266067505
R1fold,33,6,0.1428566873073578
R1fold,33,7,0.14126631617546082
R1fold,33,8,0.141892671585083
R1fold,33,9,0.1424759179353714
R1fold,33,10,0.14079400897026062
R1fold,33,11,0.1422639936208725
R1fold,33,12,0.14427386224269867
R1fold,33,13,0.14226175844669342
R1fold,33,14,0.14206811785697937
R1fold,33,15,0.1424589902162552
R1fold,33,16,0.09949582815170288
R1fold,33,17,0.10111293196678162
R1fold,33,18,0.09936299175024033
R1fold,33,19,0.10047031193971634
R1fold,33,20,0.10125283151865005
R1fold,33,21,0.10032330453395844
R1fold,33,22,0.09947843849658966
R1fold,33,23,0.10041928291320801
R1fold,33,24,0.09927240014076233
R1fold,33,25,0.10016710311174393
R1fold,33,26,0.10017178952693939
R1fold,33,27,0.10003557056188583
R1fold,33,28,0.10016143321990967
R1fold,33,29,0.10071498155593872
R1fold,33,30,0.10021024942398071
R1fold,33,31,0.09942229092121124
R1fold,33,32,0.11793559789657593
R1fold,33,33,0.11742060631513596
R1fold,33,34,0.11831985414028168
R1fold,33,35,0.11856017261743546
R1fold,33,36,0.11898614466190338
R1fold,33,37,0.11761877685785294
R1fold,33,38,0.11843296885490417
R1fold,33,39,0.11720376461744308
R1fold,33,40,0.1165374368429184
R1fold,33,41,0.11810103803873062
R1fold,33,42,0.11849416047334671
R1fold,33,43,0.1172885000705719
R1fold,33,44,0.11747148633003235
R1fold,33,45,0.1173575222492218
R1fold,33,46,0.11801138520240784
R1fold,33,47,0.1173962652683258
R1fold,33,48,0.07660528272390366
R1fold,33,49,0.07659798115491867
R1fold,33,50,0.07557841390371323
R1fold,33,51,0.07669346034526825
R1fold,33,52,0.07667360454797745
R1fold,33,53,0.07614224404096603
R1fold,33,54,0.07703232020139694
R1fold,33,55,0.07617662847042084
R1fold,33,56,0.07686828821897507
R1fold,33,57,0.07630594074726105
R1fold,33,58,0.07683154940605164
R1fold,33,59,0.07627345621585846
R1fold,33,60,0.07653839141130447
R1fold,33,61,0.07653218507766724
R1fold,33,62,0.07643866539001465
R1fold,33,63,0.0760698989033699
R1fold,33,64,0.06136989966034889
R1fold,33,65,0.060744836926460266
R1fold,33,66,0.06070895493030548
R1fold,33,67,0.06115540862083435
R1fold,33,68,0.06038524582982063
R1fold,33,69,0.06106104329228401
R1fold,33,70,0.06053505837917328
R1fold,33,71,0.060969822108745575
R1fold,33,72,0.061157822608947754
R1fold,33,73,0.06068532168865204
R1fold,33,74,0.060770682990550995
R1fold,33,75,0.06069716438651085
R1fold,33,76,0.06109254062175751
R1fold,33,77,0.06125719100236893
R1fold,33,78,0.06055489927530289
R1fold,33,79,0.061472292989492416
R1fold,34,0,0.1432705968618393
R1fold,34,1,0.143204927444458
R1fold,34,2,0.1456059068441391
R1fold,34,3,0.14230336248874664
R1fold,34,4,0.14460965991020203
R1fold,34,5,0.1446482390165329
R1fold,34,6,0.14455574750900269
R1fold,34,7,0.14358212053775787
R1fold,34,8,0.14437046647071838
R1fold,34,9,0.14381496608257294
R1fold,34,10,0.14372402429580688
R1fold,34,11,0.1441931426525116
R1fold,34,12,0.14670242369174957
R1fold,34,13,0.14537684619426727
R1fold,34,14,0.14329232275485992
R1fold,34,15,0.1436643898487091
R1fold,34,16,0.09983696043491364
R1fold,34,17,0.09847293794155121
R1fold,34,18,0.09943798929452896
R1fold,34,19,0.09825335443019867
R1fold,34,20,0.09944691509008408
R1fold,34,21,0.09920726716518402
R1fold,34,22,0.09949476271867752
R1fold,34,23,0.09894079715013504
R1fold,34,24,0.09949147701263428
R1fold,34,25,0.09845907986164093
R1fold,34,26,0.09930911660194397
R1fold,34,27,0.09806833416223526
R1fold,34,28,0.09888588637113571
R1fold,34,29,0.09970436245203018
R1fold,34,30,0.10042329877614975
R1fold,34,31,0.0989779606461525
R1fold,34,32,0.11914096772670746
R1fold,34,33,0.11759799718856812
R1fold,34,34,0.11854877322912216
R1fold,34,35,0.11850844323635101
R1fold,34,36,0.11914978921413422
R1fold,34,37,0.11954651772975922
R1fold,34,38,0.11934588849544525
R1fold,34,39,0.11832369863986969
R1fold,34,40,0.11747093498706818
R1fold,34,41,0.11836249381303787
R1fold,34,42,0.11888071149587631
R1fold,34,43,0.12011931091547012
R1fold,34,44,0.11988517642021179
R1fold,34,45,0.11917021870613098
R1fold,34,46,0.1188971996307373
R1fold,34,47,0.1178884506225586
R1fold,34,48,0.07674293220043182
R1fold,34,49,0.07690198719501495
R1fold,34,50,0.07702977955341339
R1fold,34,51,0.07681383192539215
R1fold,34,52,0.07669854909181595
R1fold,34,53,0.07705113291740417
R1fold,34,54,0.07612691074609756
R1fold,34,55,0.07675018906593323
R1fold,34,56,0.07667182385921478
R1fold,34,57,0.0766216292977333
R1fold,34,58,0.0771193727850914
R1fold,34,59,0.07717613875865936
R1fold,34,60,0.07721972465515137
R1fold,34,61,0.07679637521505356
R1fold,34,62,0.07730574160814285
R1fold,34,63,0.07672127336263657
R1fold,34,64,0.06109582260251045
R1fold,34,65,0.06116962060332298
R1fold,34,66,0.06088731065392494
R1fold,34,67,0.06096973642706871
R1fold,34,68,0.06118585914373398
R1fold,34,69,0.061407994478940964
R1fold,34,70,0.061221931129693985
R1fold,34,71,0.0615728385746479
R1fold,34,72,0.0611993782222271
R1fold,34,73,0.061121661216020584
R1fold,34,74,0.0611247792840004
R1fold,34,75,0.0608987882733345
R1fold,34,76,0.06087945029139519
R1fold,34,77,0.061105526983737946
R1fold,34,78,0.06064600124955177
R1fold,34,79,0.06105564907193184
R1fold,35,0,0.14299055933952332
R1fold,35,1,0.14254824817180634
R1fold,35,2,0.14327649772167206
R1fold,35,3,0.1415528506040573
R1fold,35,4,0.1429613083600998
R1fold,35,5,0.14251065254211426
R1fold,35,6,0.14239293336868286
R1fold,35,7,0.14421045780181885
R1fold,35,8,0.1418738216161728
R1fold,35,9,0.1425217241048813
R1fold,35,10,0.14269685745239258
R1fold,35,11,0.14377976953983307
R1fold,35,12,0.14342249929904938
R1fold,35,13,0.14351455867290497
R1fold,35,14,0.1435467004776001
R1fold,35,15,0.1414361149072647
R1fold,35,16,0.09887062758207321
R1fold,35,17,0.0987233817577362
R1fold,35,18,0.09867658466100693
R1fold,35,19,0.09923840314149857
R1fold,35,20,0.09950549900531769
R1fold,35,21,0.09816471487283707
R1fold,35,22,0.09838779270648956
R1fold,35,23,0.09868018329143524
R1fold,35,24,0.09937992691993713
R1fold,35,25,0.09964863210916519
R1fold,35,26,0.09894650429487228
R1fold,35,27,0.09918230026960373
R1fold,35,28,0.09887156635522842
R1fold,35,29,0.09918521344661713
R1fold,35,30,0.09966032952070236
R1fold,35,31,0.09807337820529938
R1fold,35,32,0.11789567023515701
R1fold,35,33,0.11816556751728058
R1fold,35,34,0.11776148527860641
R1fold,35,35,0.11775347590446472
R1fold,35,36,0.11827684938907623
R1fold,35,37,0.11727940291166306
R1fold,35,38,0.11798979341983795
R1fold,35,39,0.1174514889717102
R1fold,35,40,0.11709002405405045
R1fold,35,41,0.11663594096899033
R1fold,35,42,0.11793036758899689
R1fold,35,43,0.11750000715255737
R1fold,35,44,0.11651478707790375
R1fold,35,45,0.11791912466287613
R1fold,35,46,0.11656837165355682
R1fold,35,47,0.11813101172447205
R1fold,35,48,0.07539859414100647
R1fold,35,49,0.07570717483758926
R1fold,35,50,0.07652565836906433
R1fold,35,51,0.07647094130516052
R1fold,35,52,0.07658881694078445
R1fold,35,53,0.07652345299720764
R1fold,35,54,0.07545982301235199
R1fold,35,55,0.07608229666948318
R1fold,35,56,0.07664492726325989
R1fold,35,57,0.07632065564393997
R1fold,35,58,0.07619386911392212
R1fold,35,59,0.07596757262945175
R1fold,35,60,0.07580172270536423
R1fold,35,61,0.0761411264538765
R1fold,35,62,0.07562670856714249
R1fold,35,63,0.07640549540519714
R1fold,35,64,0.0605284720659256
R1fold,35,65,0.06075454503297806
R1fold,35,66,0.06050070747733116
R1fold,35,67,0.0606696754693985
R1fold,35,68,0.060891907662153244
R1fold,35,69,0.06039100140333176
R1fold,35,70,0.06106303632259369
R1fold,35,71,0.060771919786930084
R1fold,35,72,0.06152568385004997
R1fold,35,73,0.060856569558382034
R1fold,35,74,0.06047680228948593
R1fold,35,75,0.06010258197784424
R1fold,35,76,0.06069360300898552
R1fold,35,77,0.06077418848872185
R1fold,35,78,0.06037193536758423
R1fold,35,79,0.060478098690509796
R1fold,36,0,0.14255763590335846
R1fold,36,1,0.1428890824317932
R1fold,36,2,0.14342448115348816
R1fold,36,3,0.1426149606704712
R1fold,36,4,0.14444850385189056
R1fold,36,5,0.14391285181045532
R1fold,36,6,0.1427696943283081
R1fold,36,7,0.14373093843460083
R1fold,36,8,0.14382219314575195
R1fold,36,9,0.14277836680412292
R1fold,36,10,0.144565612077713
R1fold,36,11,0.14299844205379486
R1fold,36,12,0.1435689479112625
R1fold,36,13,0.1439094990491867
R1fold,36,14,0.14343799650669098
R1fold,36,15,0.14374934136867523
R1fold,36,16,0.09854094684123993
R1fold,36,17,0.09882567077875137
R1fold,36,18,0.09914708137512207
R1fold,36,19,0.09857764840126038
R1fold,36,20,0.09800700843334198
R1fold,36,21,0.09987859427928925
R1fold,36,22,0.09959790110588074
R1fold,36,23,0.0989096611738205
R1fold,36,24,0.09900558739900589
R1fold,36,25,0.09842978417873383
R1fold,36,26,0.09956648200750351
R1fold,36,27,0.09852056205272675
R1fold,36,28,0.09941799193620682
R1fold,36,29,0.099729523062706
R1fold,36,30,0.1003233790397644
R1fold,36,31,0.10037394613027573
R1fold,36,32,0.11974965780973434
R1fold,36,33,0.11908302456140518
R1fold,36,34,0.11951792240142822
R1fold,36,35,0.11850930005311966
R1fold,36,36,0.1200651004910469
R1fold,36,37,0.11980993300676346
R1fold,36,38,0.11769627034664154
R1fold,36,39,0.11956950277090073
R1fold,36,40,0.11836474388837814
R1fold,36,41,0.11857948452234268
R1fold,36,42,0.118293397128582
R1fold,36,43,0.1193232610821724
R1fold,36,44,0.11823157966136932
R1fold,36,45,0.11833858489990234
R1fold,36,46,0.11847034096717834
R1fold,36,47,0.11853933334350586
R1fold,36,48,0.07648942619562149
R1fold,36,49,0.07626298069953918
R1fold,36,50,0.07584881037473679
R1fold,36,51,0.07631975412368774
R1fold,36,52,0.07617593556642532
R1fold,36,53,0.07688970118761063
R1fold,36,54,0.07639852166175842
R1fold,36,55,0.07584686577320099
R1fold,36,56,0.075591541826725
R1fold,36,57,0.07608900964260101
R1fold,36,58,0.07650042325258255
R1fold,36,59,0.07564232498407364
R1fold,36,60,0.07632730901241302
R1fold,36,61,0.07659496366977692
R1fold,36,62,0.07696372270584106
R1fold,36,63,0.0760948583483696
R1fold,36,64,0.06067116931080818
R1fold,36,65,0.06231774389743805
R1fold,36,66,0.060712773352861404
R1fold,36,67,0.06110933795571327
R1fold,36,68,0.061180438846349716
R1fold,36,69,0.06064334884285927
R1fold,36,70,0.06167023628950119
R1fold,36,71,0.06086002662777901
R1fold,36,72,0.06132011115550995
R1fold,36,73,0.06122743338346481
R1fold,36,74,0.06148906052112579
R1fold,36,75,0.06112891063094139
R1fold,36,76,0.06094672903418541
R1fold,36,77,0.06131785362958908
R1fold,36,78,0.06153329089283943
R1fold,36,79,0.06089499220252037
R1fold,37,0,0.14311134815216064
R1fold,37,1,0.14089001715183258
R1fold,37,2,0.14111383259296417
R1fold,37,3,0.14084382355213165
R1fold,37,4,0.14109957218170166
R1fold,37,5,0.140901580452919
R1fold,37,6,0.1411205679178238
R1fold,37,7,0.1406424194574356
R1fold,37,8,0.14071966707706451
R1fold,37,9,0.14117810130119324
R1fold,37,10,0.1399541050195694
R1fold,37,11,0.14156247675418854
R1fold,37,12,0.14315617084503174
R1fold,37,13,0.13935235142707825
R1fold,37,14,0.14095914363861084
R1fold,37,15,0.14017722010612488
R1fold,37,16,0.09905373305082321
R1fold,37,17,0.0982842966914177
R1fold,37,18,0.09917078912258148
R1fold,37,19,0.098126620054245
R1fold,37,20,0.09890318661928177
R1fold,37,21,0.0991259440779686
R1fold,37,22,0.09742044657468796
R1fold,37,23,0.09915012866258621
R1fold,37,24,0.09907831996679306
R1fold,37,25,0.09813150018453598
R1fold,37,26,0.09860941022634506
R1fold,37,27,0.09858684241771698
R1fold,37,28,0.09898887574672699
R1fold,37,29,0.09918946772813797
R1fold,37,30,0.09867063164710999
R1fold,37,31,0.09890196472406387
R1fold,37,32,0.11811965703964233
R1fold,37,33,0.11773087829351425
R1fold,37,34,0.11758182942867279
R1fold,37,35,0.11817717552185059
R1fold,37,36,0.11756741255521774
R1fold,37,37,0.11896886676549911
R1fold,37,38,0.11730014532804489
R1fold,37,39,0.11739061772823334
R1fold,37,40,0.11882606148719788
R1fold,37,41,0.11803372204303741
R1fold,37,42,0.11918623000383377
R1fold,37,43,0.11812235414981842
R1fold,37,44,0.11835290491580963
R1fold,37,45,0.11831023544073105
R1fold,37,46,0.11853300780057907
R1fold,37,47,0.11761518567800522
R1fold,37,48,0.07680673897266388
R1fold,37,49,0.07652707397937775
R1fold,37,50,0.07646100223064423
R1fold,37,51,0.07588408887386322
R1fold,37,52,0.07663870602846146
R1fold,37,53,0.07654213160276413
R1fold,37,54,0.07613939791917801
R1fold,37,55,0.0759749636054039
R1fold,37,56,0.07660176604986191
R1fold,37,57,0.07677339017391205
R1fold,37,58,0.07652661204338074
R1fold,37,59,0.07654493302106857
R1fold,37,60,0.07560060918331146
R1fold,37,61,0.07652763277292252
R1fold,37,62,0.07725443691015244
R1fold,37,63,0.07633128017187119
R1fold,37,64,0.060459770262241364
R1fold,37,65,0.06078021973371506
R1fold,37,66,0.06028048321604729
R1fold,37,67,0.06049121543765068
R1fold,37,68,0.06075172498822212
R1fold,37,69,0.0607912577688694
R1fold,37,70,0.060848649591207504
R1fold,37,71,0.061286475509405136
R1fold,37,72,0.06089649721980095
R1fold,37,73,0.060752272605895996
R1fold,37,74,0.06042220816016197
R1fold,37,75,0.06094842776656151
R1fold,37,76,0.06071804463863373
R1fold,37,77,0.06068628281354904
R1fold,37,78,0.06094729155302048
R1fold,37,79,0.06007068231701851
R1fold,38,0,0.1405329406261444
R1fold,38,1,0.13940416276454926
R1fold,38,2,0.13979758322238922
R1fold,38,3,0.14038877189159393
R1fold,38,4,0.1406470537185669
R1fold,38,5,0.14071334898471832
R1fold,38,6,0.14082856476306915
R1fold,38,7,0.13877439498901367
R1fold,38,8,0.14019450545310974
R1fold,38,9,0.13956968486309052
R1fold,38,10,0.13922661542892456
R1fold,38,11,0.1416625678539276
R1fold,38,12,0.141576886177063
R1fold,38,13,0.1409015655517578
R1fold,38,14,0.14129385352134705
R1fold,38,15,0.1403130292892456
R1fold,38,16,0.09852059185504913
R1fold,38,17,0.09818073362112045
R1fold,38,18,0.09792736917734146
R1fold,38,19,0.09886026382446289
R1fold,38,20,0.09848164767026901
R1fold,38,21,0.09862329065799713
R1fold,38,22,0.09793781489133835
R1fold,38,23,0.09874162822961807
R1fold,38,24,0.09829534590244293
R1fold,38,25,0.0984787568449974
R1fold,38,26,0.09790506958961487
R1fold,38,27,0.09784922003746033
R1fold,38,28,0.09800709784030914
R1fold,38,29,0.09940287470817566
R1fold,38,30,0.09924855828285217
R1fold,38,31,0.09860251843929291
R1fold,38,32,0.11816564947366714
R1fold,38,33,0.1186075434088707
R1fold,38,34,0.11678345501422882
R1fold,38,35,0.11826523393392563
R1fold,38,36,0.11893410235643387
R1fold,38,37,0.11898353695869446
R1fold,38,38,0.11817838996648788
R1fold,38,39,0.11738136410713196
R1fold,38,40,0.11761491745710373
R1fold,38,41,0.11820285022258759
R1fold,38,42,0.11781993508338928
R1fold,38,43,0.11695712804794312
R1fold,38,44,0.11849751323461533
R1fold,38,45,0.1176418587565422
R1fold,38,46,0.11762166023254395
R1fold,38,47,0.11837916821241379
R1fold,38,48,0.07622595876455307
R1fold,38,49,0.07646500319242477
R1fold,38,50,0.07526332139968872
R1fold,38,51,0.07589346915483475
R1fold,38,52,0.07559755444526672
R1fold,38,53,0.07595330476760864
R1fold,38,54,0.0762646272778511
R1fold,38,55,0.07575416564941406
R1fold,38,56,0.07550060003995895
R1fold,38,57,0.07546932995319366
R1fold,38,58,0.07579918205738068
R1fold,38,59,0.07628405839204788
R1fold,38,60,0.07628793269395828
R1fold,38,61,0.0761905163526535
R1fold,38,62,0.07570803910493851
R1fold,38,63,0.07585170865058899
R1fold,38,64,0.06056708097457886
R1fold,38,65,0.06056833267211914
R1fold,38,66,0.06056235358119011
R1fold,38,67,0.060521066188812256
R1fold,38,68,0.06070982664823532
R1fold,38,69,0.06028668209910393
R1fold,38,70,0.06102583929896355
R1fold,38,71,0.059957221150398254
R1fold,38,72,0.059956301003694534
R1fold,38,73,0.0604565255343914
R1fold,38,74,0.05995336174964905
R1fold,38,75,0.06039078161120415
R1fold,38,76,0.060960277915000916
R1fold,38,77,0.06024464592337608
R1fold,38,78,0.0608021579682827
R1fold,38,79,0.0611119270324707
R1fold,39,0,0.14250384271144867
R1fold,39,1,0.1421731859445572
R1fold,39,2,0.14197781682014465
R1fold,39,3,0.14232274889945984
R1fold,39,4,0.14322789013385773
R1fold,39,5,0.14301356673240662
R1fold,39,6,0.14289797842502594
R1fold,39,7,0.14263255894184113
R1fold,39,8,0.14148353040218353
R1fold,39,9,0.14137932658195496
R1fold,39,10,0.1420496553182602
R1fold,39,11,0.1429806351661682
R1fold,39,12,0.14308616518974304
R1fold,39,13,0.14295224845409393
R1fold,39,14,0.1427757441997528
R1fold,39,15,0.1415831595659256
R1fold,39,16,0.09812154620885849
R1fold,39,17,0.09929031133651733
R1fold,39,18,0.09828035533428192
R1fold,39,19,0.09917710721492767
R1fold,39,20,0.0998225286602974
R1fold,39,21,0.09925101697444916
R1fold,39,22,0.09897881746292114
R1fold,39,23,0.09854079782962799
R1fold,39,24,0.09897402673959732
R1fold,39,25,0.09982286393642426
R1fold,39,26,0.09866330772638321
R1fold,39,27,0.10016914457082748
R1fold,39,28,0.09945737570524216
R1fold,39,29,0.09896563738584518
R1fold,39,30,0.1003619134426117
R1fold,39,31,0.09977079182863235
R1fold,39,32,0.11871164292097092
R1fold,39,33,0.11914157122373581
R1fold,39,34,0.11824316531419754
R1fold,39,35,0.11801682412624359
R1fold,39,36,0.11970295757055283
R1fold,39,37,0.11883478611707687
R1fold,39,38,0.11798866093158722
R1fold,39,39,0.11727897077798843
R1fold,39,40,0.11771700531244278
R1fold,39,41,0.11896894127130508
R1fold,39,42,0.11873114854097366
R1fold,39,43,0.11804487556219101
R1fold,39,44,0.11882943660020828
R1fold,39,45,0.11840630322694778
R1fold,39,46,0.11983353644609451
R1fold,39,47,0.11911874264478683
R1fold,39,48,0.07708314061164856
R1fold,39,49,0.07617662847042084
R1fold,39,50,0.07690074294805527
R1fold,39,51,0.07706531137228012
R1fold,39,52,0.07644917070865631
R1fold,39,53,0.0769338607788086
R1fold,39,54,0.07650674134492874
R1fold,39,55,0.07619000226259232
R1fold,39,56,0.07630658149719238
R1fold,39,57,0.0764239951968193
R1fold,39,58,0.07620792090892792
R1fold,39,59,0.07651162892580032
R1fold,39,60,0.0769486278295517
R1fold,39,61,0.07727906107902527
R1fold,39,62,0.07644404470920563
R1fold,39,63,0.07640299946069717
R1fold,39,64,0.06093290448188782
R1fold,39,65,0.061017587780952454
R1fold,39,66,0.06103406101465225
R1fold,39,67,0.06098569184541702
R1fold,39,68,0.06091422587633133
R1fold,39,69,0.06135674566030502
R1fold,39,70,0.06061351299285889
R1fold,39,71,0.060470644384622574
R1fold,39,72,0.060894306749105453
R1fold,39,73,0.061102040112018585
R1fold,39,74,0.060456037521362305
R1fold,39,75,0.06125146523118019
R1fold,39,76,0.06041164696216583
R1fold,39,77,0.06024683266878128
R1fold,39,78,0.06040683761239052
R1fold,39,79,0.060722097754478455
R1fold,40,0,0.1426357626914978
R1fold,40,1,0.14120544493198395
R1fold,40,2,0.14018456637859344
R1fold,40,3,0.14296388626098633
R1fold,40,4,0.14370575547218323
R1fold,40,5,0.14158466458320618
R1fold,40,6,0.14188851416110992
R1fold,40,7,0.1405651718378067
R1fold,40,8,0.14119753241539001
R1fold,40,9,0.14145168662071228
R1fold,40,10,0.14318343997001648
R1fold,40,11,0.14271393418312073
R1fold,40,12,0.14243081212043762
R1fold,40,13,0.14180633425712585
R1fold,40,14,0.14187107980251312
R1fold,40,15,0.14217199385166168
R1fold,40,16,0.09872311353683472
R1fold,40,17,0.09886108338832855
R1fold,40,18,0.09924621134996414
R1fold,40,19,0.09842336922883987
R1fold,40,20,0.0989357978105545
R1fold,40,21,0.09966103732585907
R1fold,40,22,0.09839489310979843
R1fold,40,23,0.09847960621118546
R1fold,40,24,0.09941289573907852
R1fold,40,25,0.09874448925256729
R1fold,40,26,0.09893758594989777
R1fold,40,27,0.09918273985385895
R1fold,40,28,0.09838057309389114
R1fold,40,29,0.09894764423370361
R1fold,40,30,0.09978519380092621
R1fold,40,31,0.0988006666302681
R1fold,40,32,0.11966543644666672
R1fold,40,33,0.11750110983848572
R1fold,40,34,0.11903323978185654
R1fold,40,35,0.11793836951255798
R1fold,40,36,0.11863192915916443
R1fold,40,37,0.11732685565948486
R1fold,40,38,0.11767909675836563
R1fold,40,39,0.11833031475543976
R1fold,40,40,0.11652754247188568
R1fold,40,41,0.117774099111557
R1fold,40,42,0.1186911016702652
R1fold,40,43,0.11829018592834473
R1fold,40,44,0.11728456616401672
R1fold,40,45,0.11768724024295807
R1fold,40,46,0.11891535669565201
R1fold,40,47,0.11905240267515182
R1fold,40,48,0.07629843056201935
R1fold,40,49,0.07639265805482864
R1fold,40,50,0.07601398974657059
R1fold,40,51,0.07607273757457733
R1fold,40,52,0.07596328854560852
R1fold,40,53,0.07629728317260742
R1fold,40,54,0.07524607330560684
R1fold,40,55,0.07555761933326721
R1fold,40,56,0.07531764358282089
R1fold,40,57,0.07654207944869995
R1fold,40,58,0.07608222216367722
R1fold,40,59,0.07611202448606491
R1fold,40,60,0.07623101025819778
R1fold,40,61,0.07601937651634216
R1fold,40,62,0.07529033720493317
R1fold,40,63,0.07659818232059479
R1fold,40,64,0.05986147001385689
R1fold,40,65,0.059434954077005386
R1fold,40,66,0.059797342866659164
R1fold,40,67,0.06003839522600174
R1fold,40,68,0.05934834107756615
R1fold,40,69,0.059356145560741425
R1fold,40,70,0.05998927727341652
R1fold,40,71,0.05970238149166107
R1fold,40,72,0.059337276965379715
R1fold,40,73,0.059668704867362976
R1fold,40,74,0.05976606160402298
R1fold,40,75,0.06066187098622322
R1fold,40,76,0.05990217998623848
R1fold,40,77,0.059771280735731125
R1fold,40,78,0.05971335992217064
R1fold,40,79,0.060280490666627884
R1fold,41,0,0.13937081396579742
R1fold,41,1,0.13841469585895538
R1fold,41,2,0.14016234874725342
R1fold,41,3,0.1380177140235901
R1fold,41,4,0.14118105173110962
R1fold,41,5,0.13976813852787018
R1fold,41,6,0.13983602821826935
R1fold,41,7,0.13742411136627197
R1fold,41,8,0.13950076699256897
R1fold,41,9,0.13996244966983795
R1fold,41,10,0.14091673493385315
R1fold,41,11,0.14125405251979828
R1fold,41,12,0.14247524738311768
R1fold,41,13,0.14084047079086304
R1fold,41,14,0.14059744775295258
R1fold,41,15,0.13988825678825378
R1fold,41,16,0.09871245175600052
R1fold,41,17,0.09894437342882156
R1fold,41,18,0.09955549240112305
R1fold,41,19,0.09850874543190002
R1fold,41,20,0.09998958557844162
R1fold,41,21,0.09870445728302002
R1fold,41,22,0.09892329573631287
R1fold,41,23,0.09853193163871765
R1fold,41,24,0.09886101633310318
R1fold,41,25,0.09840081632137299
R1fold,41,26,0.09974317252635956
R1fold,41,27,0.09862354397773743
R1fold,41,28,0.09961555898189545
R1fold,41,29,0.09852541238069534
R1fold,41,30,0.09856393188238144
R1fold,41,31,0.09884462505578995
R1fold,41,32,0.11830014735460281
R1fold,41,33,0.11776594817638397
R1fold,41,34,0.11848223954439163
R1fold,41,35,0.11737808585166931
R1fold,41,36,0.11870162189006805
R1fold,41,37,0.11697661131620407
R1fold,41,38,0.11761166155338287
R1fold,41,39,0.11726582795381546
R1fold,41,40,0.11689215153455734
R1fold,41,41,0.11820799857378006
R1fold,41,42,0.1193610429763794
R1fold,41,43,0.11772353947162628
R1fold,41,44,0.11654055118560791
R1fold,41,45,0.11840428411960602
R1fold,41,46,0.11834020167589188
R1fold,41,47,0.11693788319826126
R1fold,41,48,0.07710278779268265
R1fold,41,49,0.07607661932706833
R1fold,41,50,0.0757497176527977
R1fold,41,51,0.07619785517454147
R1fold,41,52,0.07591008394956589
R1fold,41,53,0.07662772387266159
R1fold,41,54,0.07648750394582748
R1fold,41,55,0.07608704268932343
R1fold,41,56,0.07643191516399384
R1fold,41,57,0.07678394764661789
R1fold,41,58,0.07655707746744156
R1fold,41,59,0.0769544243812561
R1fold,41,60,0.07599285989999771
R1fold,41,61,0.07600285857915878
R1fold,41,62,0.07522685825824738
R1fold,41,63,0.07593777775764465
R1fold,41,64,0.06035832688212395
R1fold,41,65,0.060806360095739365
R1fold,41,66,0.06056215986609459
R1fold,41,67,0.060800984501838684
R1fold,41,68,0.060458581894636154
R1fold,41,69,0.060463037341833115
R1fold,41,70,0.0607813224196434
R1fold,41,71,0.06002986058592796
R1fold,41,72,0.06071830168366432
R1fold,41,73,0.06033523008227348
R1fold,41,74,0.0606900118291378
R1fold,41,75,0.06058139726519585
R1fold,41,76,0.060025569051504135
R1fold,41,77,0.06066329777240753
R1fold,41,78,0.060491036623716354
R1fold,41,79,0.060705240815877914
R1fold,42,0,0.14071102440357208
R1fold,42,1,0.14032740890979767
R1fold,42,2,0.14123374223709106
R1fold,42,3,0.14150260388851166
R1fold,42,4,0.14139647781848907
R1fold,42,5,0.14182054996490479
R1fold,42,6,0.14278347790241241
R1fold,42,7,0.14152643084526062
R1fold,42,8,0.1424710899591446
R1fold,42,9,0.13975606858730316
R1fold,42,10,0.14266137778759003
R1fold,42,11,0.14162927865982056
R1fold,42,12,0.14185769855976105
R1fold,42,13,0.14204774796962738
R1fold,42,14,0.14019989967346191
R1fold,42,15,0.14191129803657532
R1fold,42,16,0.09867394715547562
R1fold,42,17,0.09865210950374603
R1fold,42,18,0.09764663875102997
R1fold,42,19,0.09892312437295914
R1fold,42,20,0.09875962883234024
R1fold,42,21,0.09867516905069351
R1fold,42,22,0.0987708792090416
R1fold,42,23,0.09878557175397873
R1fold,42,24,0.09822382032871246
R1fold,42,25,0.09916266798973083
R1fold,42,26,0.0984671339392662
R1fold,42,27,0.09831070154905319
R1fold,42,28,0.0987449437379837
R1fold,42,29,0.0989958792924881
R1fold,42,30,0.09872975945472717
R1fold,42,31,0.09830380976200104
R1fold,42,32,0.11785990744829178
R1fold,42,33,0.11749190837144852
R1fold,42,34,0.11889612674713135
R1fold,42,35,0.1178949624300003
R1fold,42,36,0.11776185035705566
R1fold,42,37,0.1193060353398323
R1fold,42,38,0.11908078193664551
R1fold,42,39,0.11803736537694931
R1fold,42,40,0.11771603673696518
R1fold,42,41,0.11702718585729599
R1fold,42,42,0.1179104670882225
R1fold,42,43,0.11823491007089615
R1fold,42,44,0.11768496781587601
R1fold,42,45,0.11931706964969635
R1fold,42,46,0.11724229156970978
R1fold,42,47,0.11724167317152023
R1fold,42,48,0.07682203501462936
R1fold,42,49,0.07694049179553986
R1fold,42,50,0.07640081644058228
R1fold,42,51,0.07609603554010391
R1fold,42,52,0.07664723694324493
R1fold,42,53,0.07581624388694763
R1fold,42,54,0.07597099989652634
R1fold,42,55,0.07611961662769318
R1fold,42,56,0.07632532715797424
R1fold,42,57,0.07652561366558075
R1fold,42,58,0.07649867981672287
R1fold,42,59,0.07642091065645218
R1fold,42,60,0.07726772874593735
R1fold,42,61,0.07653576880693436
R1fold,42,62,0.07598445564508438
R1fold,42,63,0.07640237361192703
R1fold,42,64,0.06047745421528816
R1fold,42,65,0.06126602739095688
R1fold,42,66,0.060251470655202866
R1fold,42,67,0.06058701127767563
R1fold,42,68,0.06041133776307106
R1fold,42,69,0.0605756938457489
R1fold,42,70,0.06015225127339363
R1fold,42,71,0.061066534370183945
R1fold,42,72,0.06015477702021599
R1fold,42,73,0.06091636046767235
R1fold,42,74,0.06072099134325981
R1fold,42,75,0.06064200773835182
R1fold,42,76,0.06093662604689598
R1fold,42,77,0.06002528592944145
R1fold,42,78,0.060032106935977936
R1fold,42,79,0.06099781021475792
R1fold,43,0,0.14066702127456665
R1fold,43,1,0.1386493593454361
R1fold,43,2,0.13920041918754578
R1fold,43,3,0.13947945833206177
R1fold,43,4,0.1403089463710785
R1fold,43,5,0.1400788128376007
R1fold,43,6,0.13974422216415405
R1fold,43,7,0.13811366260051727
R1fold,43,8,0.1392756700515747
R1fold,43,9,0.13851822912693024
R1fold,43,10,0.14121977984905243
R1fold,43,11,0.13822519779205322
R1fold,43,12,0.14200392365455627
R1fold,43,13,0.13998457789421082
R1fold,43,14,0.13894890248775482
R1fold,43,15,0.1390068382024765
R1fold,43,16,0.09830654412508011
R1fold,43,17,0.09776639193296432
R1fold,43,18,0.09878811240196228
R1fold,43,19,0.09749837219715118
R1fold,43,20,0.09898004680871964
R1fold,43,21,0.09862812608480453
R1fold,43,22,0.09887256473302841
R1fold,43,23,0.09912408888339996
R1fold,43,24,0.09860707074403763
R1fold,43,25,0.09896545857191086
R1fold,43,26,0.09798626601696014
R1fold,43,27,0.09823134541511536
R1fold,43,28,0.09908662736415863
R1fold,43,29,0.09820786863565445
R1fold,43,30,0.09884373843669891
R1fold,43,31,0.09953220933675766
R1fold,43,32,0.11795254796743393
R1fold,43,33,0.11798064410686493
R1fold,43,34,0.11853181570768356
R1fold,43,35,0.11871447414159775
R1fold,43,36,0.11861552298069
R1fold,43,37,0.1170584186911583
R1fold,43,38,0.11678805947303772
R1fold,43,39,0.11772872507572174
R1fold,43,40,0.11807257682085037
R1fold,43,41,0.11826387047767639
R1fold,43,42,0.11757994443178177
R1fold,43,43,0.1189669743180275
R1fold,43,44,0.11868096888065338
R1fold,43,45,0.11679653078317642
R1fold,43,46,0.11835051327943802
R1fold,43,47,0.11875758320093155
R1fold,43,48,0.07576846331357956
R1fold,43,49,0.07590185850858688
R1fold,43,50,0.0751425102353096
R1fold,43,51,0.07650446146726608
R1fold,43,52,0.07583662122488022
R1fold,43,53,0.07526358962059021
R1fold,43,54,0.07607456296682358
R1fold,43,55,0.07569129765033722
R1fold,43,56,0.07555267214775085
R1fold,43,57,0.07616592943668365
R1fold,43,58,0.07552897185087204
R1fold,43,59,0.07605822384357452
R1fold,43,60,0.07635434716939926
R1fold,43,61,0.07598625868558884
R1fold,43,62,0.07540403306484222
R1fold,43,63,0.07591602951288223
R1fold,43,64,0.060448210686445236
R1fold,43,65,0.06102656573057175
R1fold,43,66,0.060107506811618805
R1fold,43,67,0.060064759105443954
R1fold,43,68,0.06027916818857193
R1fold,43,69,0.05978800728917122
R1fold,43,70,0.06031420826911926
R1fold,43,71,0.060218695551157
R1fold,43,72,0.060632701963186264
R1fold,43,73,0.060913506895303726
R1fold,43,74,0.060445647686719894
R1fold,43,75,0.0603305958211422
R1fold,43,76,0.06055600941181183
R1fold,43,77,0.06029950827360153
R1fold,43,78,0.06004444882273674
R1fold,43,79,0.06005090847611427
R1fold,44,0,0.14439396560192108
R1fold,44,1,0.1445985734462738
R1fold,44,2,0.14518477022647858
R1fold,44,3,0.14651311933994293
R1fold,44,4,0.14573918282985687
R1fold,44,5,0.14465747773647308
R1fold,44,6,0.1466446965932846
R1fold,44,7,0.14455033838748932
R1fold,44,8,0.14517854154109955
R1fold,44,9,0.1448064148426056
R1fold,44,10,0.14431215822696686
R1fold,44,11,0.14726172387599945
R1fold,44,12,0.14816369116306305
R1fold,44,13,0.1462717354297638
R1fold,44,14,0.14427673816680908
R1fold,44,15,0.14594507217407227
R1fold,44,16,0.09869109094142914
R1fold,44,17,0.09917517006397247
R1fold,44,18,0.09858635067939758
R1fold,44,19,0.09863650053739548
R1fold,44,20,0.09868471324443817
R1fold,44,21,0.09938838332891464
R1fold,44,22,0.09946102648973465
R1fold,44,23,0.09821173548698425
R1fold,44,24,0.09859132021665573
R1fold,44,25,0.09941858053207397
R1fold,44,26,0.09935977309942245
R1fold,44,27,0.09896336495876312
R1fold,44,28,0.09845320135354996
R1fold,44,29,0.0988151803612709
R1fold,44,30,0.0990908145904541
R1fold,44,31,0.09871681034564972
R1fold,44,32,0.11850650608539581
R1fold,44,33,0.1203291192650795
R1fold,44,34,0.11939410120248795
R1fold,44,35,0.11860579252243042
R1fold,44,36,0.11845133453607559
R1fold,44,37,0.11766191571950912
R1fold,44,38,0.11828236281871796
R1fold,44,39,0.11829593032598495
R1fold,44,40,0.11823394894599915
R1fold,44,41,0.11863236129283905
R1fold,44,42,0.11858432739973068
R1fold,44,43,0.11981673538684845
R1fold,44,44,0.11749791353940964
R1fold,44,45,0.1185339093208313
R1fold,44,46,0.11891685426235199
R1fold,44,47,0.11811723560094833
R1fold,44,48,0.07650437206029892
R1fold,44,49,0.0766231045126915
R1fold,44,50,0.07553968578577042
R1fold,44,51,0.07599303126335144
R1fold,44,52,0.07599199563264847
R1fold,44,53,0.07621614634990692
R1fold,44,54,0.07702892273664474
R1fold,44,55,0.07643949240446091
R1fold,44,56,0.07555022090673447
R1fold,44,57,0.07608597725629807
R1fold,44,58,0.07681310176849365
R1fold,44,59,0.07680168002843857
R1fold,44,60,0.07588114589452744
R1fold,44,61,0.07648252695798874
R1fold,44,62,0.07621445506811142
R1fold,44,63,0.0769578218460083
R1fold,44,64,0.06070296838879585
R1fold,44,65,0.06075414642691612
R1fold,44,66,0.06073106452822685
R1fold,44,67,0.06121012195944786
R1fold,44,68,0.06042446196079254
R1fold,44,69,0.0612974539399147
R1fold,44,70,0.06072599068284035
R1fold,44,71,0.06111627444624901
R1fold,44,72,0.06094939634203911
R1fold,44,73,0.06067107617855072
R1fold,44,74,0.06095582991838455
R1fold,44,75,0.0612420029938221
R1fold,44,76,0.0605790801346302
R1fold,44,77,0.06089290231466293
R1fold,44,78,0.06118430569767952
R1fold,44,79,0.06060193479061127
R1fold,45,0,0.14284665882587433
R1fold,45,1,0.14203040301799774
R1fold,45,2,0.142002135515213
R1fold,45,3,0.1423606276512146
R1fold,45,4,0.14193807542324066
R1fold,45,5,0.14415639638900757
R1fold,45,6,0.14179100096225739
R1fold,45,7,0.14158213138580322
R1fold,45,8,0.14247716963291168
R1fold,45,9,0.14123359322547913
R1fold,45,10,0.14237605035305023
R1fold,45,11,0.14405466616153717
R1fold,45,12,0.1428784877061844
R1fold,45,13,0.14410167932510376
R1fold,45,14,0.1404690444469452
R1fold,45,15,0.14192338287830353
R1fold,45,16,0.09761003404855728
R1fold,45,17,0.09839128702878952
R1fold,45,18,0.09896280616521835
R1fold,45,19,0.09821368753910065
R1fold,45,20,0.09886804223060608
R1fold,45,21,0.09853503853082657
R1fold,45,22,0.09892821311950684
R1fold,45,23,0.09885317087173462
R1fold,45,24,0.09924118965864182
R1fold,45,25,0.09792687743902206
R1fold,45,26,0.09941455721855164
R1fold,45,27,0.09823480248451233
R1fold,45,28,0.0988156795501709
R1fold,45,29,0.09996264427900314
R1fold,45,30,0.09826544672250748
R1fold,45,31,0.09774134308099747
R1fold,45,32,0.11803320050239563
R1fold,45,33,0.1167932003736496
R1fold,45,34,0.11827780306339264
R1fold,45,35,0.11813218891620636
R1fold,45,36,0.11929971724748611
R1fold,45,37,0.11724309623241425
R1fold,45,38,0.11656135320663452
R1fold,45,39,0.11945179104804993
R1fold,45,40,0.11667591333389282
R1fold,45,41,0.11803494393825531
R1fold,45,42,0.11834309250116348
R1fold,45,43,0.11678553372621536
R1fold,45,44,0.11776994913816452
R1fold,45,45,0.11854247748851776
R1fold,45,46,0.11592414230108261
R1fold,45,47,0.11628103256225586
R1fold,45,48,0.07628195732831955
R1fold,45,49,0.07622924447059631
R1fold,45,50,0.07585807144641876
R1fold,45,51,0.0755910873413086
R1fold,45,52,0.07657211273908615
R1fold,45,53,0.07618986070156097
R1fold,45,54,0.07613158226013184
R1fold,45,55,0.07636386901140213
R1fold,45,56,0.07594344764947891
R1fold,45,57,0.07635989040136337
R1fold,45,58,0.07622659206390381
R1fold,45,59,0.0767701268196106
R1fold,45,60,0.07582857459783554
R1fold,45,61,0.07687964290380478
R1fold,45,62,0.07545483112335205
R1fold,45,63,0.07616253197193146
R1fold,45,64,0.06158993020653725
R1fold,45,65,0.06081797555088997
R1fold,45,66,0.06055283918976784
R1fold,45,67,0.06031748652458191
R1fold,45,68,0.06026004999876022
R1fold,45,69,0.0608334094285965
R1fold,45,70,0.06046035885810852
R1fold,45,71,0.06052810326218605
R1fold,45,72,0.06052013859152794
R1fold,45,73,0.06050541251897812
R1fold,45,74,0.06022430583834648
R1fold,45,75,0.06122159957885742
R1fold,45,76,0.06015821918845177
R1fold,45,77,0.06089035049080849
R1fold,45,78,0.06028974801301956
R1fold,45,79,0.06124025955796242
R1fold,46,0,0.14241009950637817
R1fold,46,1,0.14094577729701996
R1fold,46,2,0.14119645953178406
R1fold,46,3,0.14135348796844482
R1fold,46,4,0.14077988266944885
R1fold,46,5,0.1404353380203247
R1fold,46,6,0.1410594880580902
R1fold,46,7,0.14138036966323853
R1fold,46,8,0.14109688997268677
R1fold,46,9,0.14056342840194702
R1fold,46,10,0.14088651537895203
R1fold,46,11,0.1402932107448578
R1fold,46,12,0.14187641441822052
R1fold,46,13,0.141402930021286
R1fold,46,14,0.14136548340320587
R1fold,46,15,0.14058266580104828
R1fold,46,16,0.09874393045902252
R1fold,46,17,0.09902764111757278
R1fold,46,18,0.10030431300401688
R1fold,46,19,0.099220409989357
R1fold,46,20,0.09977798908948898
R1fold,46,21,0.0993848666548729
R1fold,46,22,0.09920871257781982
R1fold,46,23,0.09842788428068161
R1fold,46,24,0.09762395173311234
R1fold,46,25,0.10026489943265915
R1fold,46,26,0.0989941731095314
R1fold,46,27,0.09997686743736267
R1fold,46,28,0.09873849898576736
R1fold,46,29,0.09881644695997238
R1fold,46,30,0.09921493381261826
R1fold,46,31,0.09864405542612076
R1fold,46,32,0.11819370090961456
R1fold,46,33,0.11772125214338303
R1fold,46,34,0.1205991879105568
R1fold,46,35,0.11861541122198105
R1fold,46,36,0.1195773333311081
R1fold,46,37,0.11723112314939499
R1fold,46,38,0.11989932507276535
R1fold,46,39,0.11888355761766434
R1fold,46,40,0.1173301413655281
R1fold,46,41,0.11879286915063858
R1fold,46,42,0.11962234228849411
R1fold,46,43,0.11876167356967926
R1fold,46,44,0.1194392740726471
R1fold,46,45,0.117817722260952
R1fold,46,46,0.11923322081565857
R1fold,46,47,0.1178598701953888
R1fold,46,48,0.07652559131383896
R1fold,46,49,0.07663924247026443
R1fold,46,50,0.07655268162488937
R1fold,46,51,0.07552002370357513
R1fold,46,52,0.07604869455099106
R1fold,46,53,0.07638878375291824
R1fold,46,54,0.0772097110748291
R1fold,46,55,0.07694890350103378
R1fold,46,56,0.07644503563642502
R1fold,46,57,0.0764826089143753
R1fold,46,58,0.0774620994925499
R1fold,46,59,0.07629590481519699
R1fold,46,60,0.07624063640832901
R1fold,46,61,0.07661551982164383
R1fold,46,62,0.0761716365814209
R1fold,46,63,0.07645823806524277
R1fold,46,64,0.06114892661571503
R1fold,46,65,0.061110932379961014
R1fold,46,66,0.06093476340174675
R1fold,46,67,0.06042549014091492
R1fold,46,68,0.06114959716796875
R1fold,46,69,0.06075895205140114
R1fold,46,70,0.060644011944532394
R1fold,46,71,0.06097637116909027
R1fold,46,72,0.0605938546359539
R1fold,46,73,0.061222001910209656
R1fold,46,74,0.06114312633872032
R1fold,46,75,0.060782015323638916
R1fold,46,76,0.06057168170809746
R1fold,46,77,0.060801103711128235
R1fold,46,78,0.06061861664056778
R1fold,46,79,0.061052851378917694
R1fold,47,0,0.14129438996315002
R1fold,47,1,0.13990694284439087
R1fold,47,2,0.13951659202575684
R1fold,47,3,0.1396532952785492
R1fold,47,4,0.13894647359848022
R1fold,47,5,0.13947711884975433
R1fold,47,6,0.13984709978103638
R1fold,47,7,0.14102987945079803
R1fold,47,8,0.14095476269721985
R1fold,47,9,0.1401374340057373
R1fold,47,10,0.13994717597961426
R1fold,47,11,0.1398746371269226
R1fold,47,12,0.14202678203582764
R1fold,47,13,0.14088083803653717
R1fold,47,14,0.14125199615955353
R1fold,47,15,0.14087653160095215
R1fold,47,16,0.09748995304107666
R1fold,47,17,0.0971837118268013
R1fold,47,18,0.09856235235929489
R1fold,47,19,0.09770601987838745
R1fold,47,20,0.09851548820734024
R1fold,47,21,0.09789002686738968
R1fold,47,22,0.09716102480888367
R1fold,47,23,0.09755052626132965
R1fold,47,24,0.09741505980491638
R1fold,47,25,0.09760361909866333
R1fold,47,26,0.09789850562810898
R1fold,47,27,0.0986151322722435
R1fold,47,28,0.09760356694459915
R1fold,47,29,0.09811366349458694
R1fold,47,30,0.09793228656053543
R1fold,47,31,0.09759753197431564
R1fold,47,32,0.116918183863163
R1fold,47,33,0.11727197468280792
R1fold,47,34,0.11851250380277634
R1fold,47,35,0.1158384382724762
R1fold,47,36,0.11724229902029037
R1fold,47,37,0.11752590537071228
R1fold,47,38,0.11542385816574097
R1fold,47,39,0.11654908955097198
R1fold,47,40,0.11667883396148682
R1fold,47,41,0.11762463301420212
R1fold,47,42,0.11829947680234909
R1fold,47,43,0.11752558499574661
R1fold,47,44,0.1172952950000763
R1fold,47,45,0.118654765188694
R1fold,47,46,0.11735354363918304
R1fold,47,47,0.11793522536754608
R1fold,47,48,0.07575178146362305
R1fold,47,49,0.07667416334152222
R1fold,47,50,0.0761919692158699
R1fold,47,51,0.0752934142947197
R1fold,47,52,0.0757327526807785
R1fold,47,53,0.07633540779352188
R1fold,47,54,0.076267771422863
R1fold,47,55,0.07583003491163254
R1fold,47,56,0.07547171413898468
R1fold,47,57,0.07620608061552048
R1fold,47,58,0.07606486231088638
R1fold,47,59,0.07546106725931168
R1fold,47,60,0.07533019036054611
R1fold,47,61,0.07678229361772537
R1fold,47,62,0.07516863197088242
R1fold,47,63,0.07594548165798187
R1fold,47,64,0.05999234318733215
R1fold,47,65,0.06073435768485069
R1fold,47,66,0.060823313891887665
R1fold,47,67,0.06039919704198837
R1fold,47,68,0.0606413409113884
R1fold,47,69,0.06068871170282364
R1fold,47,70,0.06009652093052864
R1fold,47,71,0.06020117923617363
R1fold,47,72,0.06058253347873688
R1fold,47,73,0.059936150908470154
R1fold,47,74,0.061166197061538696
R1fold,47,75,0.06034919619560242
R1fold,47,76,0.059466227889060974
R1fold,47,77,0.06098300591111183
R1fold,47,78,0.06052936241030693
R1fold,47,79,0.06091141700744629
R1fold,48,0,0.14332270622253418
R1fold,48,1,0.1418638825416565
R1fold,48,2,0.143293097615242
R1fold,48,3,0.14233118295669556
R1fold,48,4,0.14336374402046204
R1fold,48,5,0.14251422882080078
R1fold,48,6,0.1436147540807724
R1fold,48,7,0.14253921806812286
R1fold,48,8,0.143027663230896
R1fold,48,9,0.14143727719783783
R1fold,48,10,0.14390146732330322
R1fold,48,11,0.14405964314937592
R1fold,48,12,0.14555013179779053
R1fold,48,13,0.1435283124446869
R1fold,48,14,0.14037108421325684
R1fold,48,15,0.1426612138748169
R1fold,48,16,0.09768127650022507
R1fold,48,17,0.09915696829557419
R1fold,48,18,0.09889225661754608
R1fold,48,19,0.09854797273874283
R1fold,48,20,0.09910761564970016
R1fold,48,21,0.09854814410209656
R1fold,48,22,0.09954309463500977
R1fold,48,23,0.0985061451792717
R1fold,48,24,0.09891390055418015
R1fold,48,25,0.09956866502761841
R1fold,48,26,0.09915927797555923
R1fold,48,27,0.09959255903959274
R1fold,48,28,0.10015986859798431
R1fold,48,29,0.09885542839765549
R1fold,48,30,0.09995114058256149
R1fold,48,31,0.09972824901342392
R1fold,48,32,0.11815313249826431
R1fold,48,33,0.11769533902406693
R1fold,48,34,0.11851842701435089
R1fold,48,35,0.1191556379199028
R1fold,48,36,0.11946740001440048
R1fold,48,37,0.11926541477441788
R1fold,48,38,0.11757732927799225
R1fold,48,39,0.11819445341825485
R1fold,48,40,0.11761163175106049
R1fold,48,41,0.11887133866548538
R1fold,48,42,0.11693829298019409
R1fold,48,43,0.11841822415590286
R1fold,48,44,0.11662161350250244
R1fold,48,45,0.11802390962839127
R1fold,48,46,0.11896668374538422
R1fold,48,47,0.11874661594629288
R1fold,48,48,0.07638407498598099
R1fold,48,49,0.07633229345083237
R1fold,48,50,0.07555775344371796
R1fold,48,51,0.07640078663825989
R1fold,48,52,0.07655565440654755
R1fold,48,53,0.07581962645053864
R1fold,48,54,0.07658063620328903
R1fold,48,55,0.07619091868400574
R1fold,48,56,0.07631312310695648
R1fold,48,57,0.0760989785194397
R1fold,48,58,0.07606121897697449
R1fold,48,59,0.07596181333065033
R1fold,48,60,0.0758216604590416
R1fold,48,61,0.07629134505987167
R1fold,48,62,0.0754760280251503
R1fold,48,63,0.07661779224872589
R1fold,48,64,0.06121734902262688
R1fold,48,65,0.060655202716588974
R1fold,48,66,0.06087605282664299
R1fold,48,67,0.06083860248327255
R1fold,48,68,0.06072328984737396
R1fold,48,69,0.0608404316008091
R1fold,48,70,0.060968488454818726
R1fold,48,71,0.060871075838804245
R1fold,48,72,0.06054826080799103
R1fold,48,73,0.060934361070394516
R1fold,48,74,0.06088428199291229
R1fold,48,75,0.06111394613981247
R1fold,48,76,0.060293182730674744
R1fold,48,77,0.06116487458348274
R1fold,48,78,0.060731191188097
R1fold,48,79,0.06069563701748848
R1fold,49,0,0.14297185838222504
R1fold,49,1,0.14205293357372284
R1fold,49,2,0.14214827120304108
R1fold,49,3,0.14252053201198578
R1fold,49,4,0.1433229148387909
R1fold,49,5,0.1427101343870163
R1fold,49,6,0.14299550652503967
R1fold,49,7,0.14267303049564362
R1fold,49,8,0.14298245310783386
R1fold,49,9,0.1431804746389389
R1fold,49,10,0.14217127859592438
R1fold,49,11,0.1430385410785675
R1fold,49,12,0.14389657974243164
R1fold,49,13,0.1424671858549118
R1fold,49,14,0.14220112562179565
R1fold,49,15,0.14084801077842712
R1fold,49,16,0.09842796623706818
R1fold,49,17,0.09860341995954514
R1fold,49,18,0.09818091988563538
R1fold,49,19,0.09863118082284927
R1fold,49,20,0.10058905184268951
R1fold,49,21,0.1000484973192215
R1fold,49,22,0.10044095665216446
R1fold,49,23,0.09830830991268158
R1fold,49,24,0.09915056824684143
R1fold,49,25,0.09914156049489975
R1fold,49,26,0.09970051795244217
R1fold,49,27,0.0989423617720604
R1fold,49,28,0.10054735094308853
R1fold,49,29,0.09899259358644485
R1fold,49,30,0.09979242086410522
R1fold,49,31,0.09820001572370529
R1fold,49,32,0.11811380833387375
R1fold,49,33,0.11970902979373932
R1fold,49,34,0.1195884495973587
R1fold,49,35,0.11864513903856277
R1fold,49,36,0.11880218237638474
R1fold,49,37,0.11996400356292725
R1fold,49,38,0.11971745640039444
R1fold,49,39,0.11884090304374695
R1fold,49,40,0.11788258701562881
R1fold,49,41,0.11895186454057693
R1fold,49,42,0.11848879605531693
R1fold,49,43,0.11915850639343262
R1fold,49,44,0.11854054778814316
R1fold,49,45,0.11901950091123581
R1fold,49,46,0.1178954541683197
R1fold,49,47,0.11866208165884018
R1fold,49,48,0.07656950503587723
R1fold,49,49,0.07693057507276535
R1fold,49,50,0.07692085951566696
R1fold,49,51,0.07722180336713791
R1fold,49,52,0.07681570202112198
R1fold,49,53,0.07751940190792084
R1fold,49,54,0.07668714970350266
R1fold,49,55,0.07653709501028061
R1fold,49,56,0.07624276727437973
R1fold,49,57,0.07668773829936981
R1fold,49,58,0.07607468962669373
R1fold,49,59,0.07595385611057281
R1fold,49,60,0.07604051381349564
R1fold,49,61,0.07676766067743301
R1fold,49,62,0.07666461169719696
R1fold,49,63,0.07683314383029938
R1fold,49,64,0.06093689426779747
R1fold,49,65,0.061220042407512665
R1fold,49,66,0.061090897768735886
R1fold,49,67,0.0613725483417511
R1fold,49,68,0.06137377768754959
R1fold,49,69,0.061197370290756226
R1fold,49,70,0.061198387295007706
R1fold,49,71,0.0606352724134922
R1fold,49,72,0.06123571842908859
R1fold,49,73,0.06106610596179962
R1fold,49,74,0.06086159124970436
R1fold,49,75,0.06113051623106003
R1fold,49,76,0.060981690883636475
R1fold,49,77,0.06148984283208847
R1fold,49,78,0.060387272387742996
R1fold,49,79,0.06092390790581703
R1fold,50,0,0.14261360466480255
R1fold,50,1,0.1426561325788498
R1fold,50,2,0.1438683122396469
R1fold,50,3,0.1420907974243164
R1fold,50,4,0.14445586502552032
R1fold,50,5,0.1433044672012329
R1fold,50,6,0.14380605518817902
R1fold,50,7,0.14243781566619873
R1fold,50,8,0.14372248947620392
R1fold,50,9,0.14365632832050323
R1fold,50,10,0.1433299481868744
R1fold,50,11,0.144240602850914
R1fold,50,12,0.1436997503042221
R1fold,50,13,0.14452335238456726
R1fold,50,14,0.14309874176979065
R1fold,50,15,0.14307451248168945
R1fold,50,16,0.10352257639169693
R1fold,50,17,0.10351920872926712
R1fold,50,18,0.10271067917346954
R1fold,50,19,0.10368237644433975
R1fold,50,20,0.10498444736003876
R1fold,50,21,0.1042456179857254
R1fold,50,22,0.10294122993946075
R1fold,50,23,0.10379394143819809
R1fold,50,24,0.10232578963041306
R1fold,50,25,0.10432830452919006
R1fold,50,26,0.10381093621253967
R1fold,50,27,0.10262317210435867
R1fold,50,28,0.10305998474359512
R1fold,50,29,0.10319361090660095
R1fold,50,30,0.10364092886447906
R1fold,50,31,0.10322611033916473
R1fold,50,32,0.12079046666622162
R1fold,50,33,0.1193910464644432
R1fold,50,34,0.11892881244421005
R1fold,50,35,0.11996711790561676
R1fold,50,36,0.12038970738649368
R1fold,50,37,0.12022306025028229
R1fold,50,38,0.11983120441436768
R1fold,50,39,0.11970914155244827
R1fold,50,40,0.11930809170007706
R1fold,50,41,0.12018033117055893
R1fold,50,42,0.1200268492102623
R1fold,50,43,0.11956159770488739
R1fold,50,44,0.12027314305305481
R1fold,50,45,0.1198866069316864
R1fold,50,46,0.11961673200130463
R1fold,50,47,0.11890510469675064
R1fold,50,48,0.07786589860916138
R1fold,50,49,0.07741986215114594
R1fold,50,50,0.07648337632417679
R1fold,50,51,0.07693655043840408
R1fold,50,52,0.07664617151021957
R1fold,50,53,0.07709456235170364
R1fold,50,54,0.07742691040039062
R1fold,50,55,0.07728208601474762
R1fold,50,56,0.07740885764360428
R1fold,50,57,0.07736476510763168
R1fold,50,58,0.07763303071260452
R1fold,50,59,0.07704730331897736
R1fold,50,60,0.077524334192276
R1fold,50,61,0.0774364098906517
R1fold,50,62,0.07770974934101105
R1fold,50,63,0.07672648131847382
R1fold,50,64,0.061698731034994125
R1fold,50,65,0.0626375749707222
R1fold,50,66,0.062271930277347565
R1fold,50,67,0.062151942402124405
R1fold,50,68,0.06268922239542007
R1fold,50,69,0.06224926561117172
R1fold,50,70,0.06154414638876915
R1fold,50,71,0.06258989125490189
R1fold,50,72,0.06176694855093956
R1fold,50,73,0.061725493520498276
R1fold,50,74,0.061843521893024445
R1fold,50,75,0.062206365168094635
R1fold,50,76,0.06207973137497902
R1fold,50,77,0.06207025796175003
R1fold,50,78,0.062047626823186874
R1fold,50,79,0.062302760779857635
R1fold,51,0,0.14059333503246307
R1fold,51,1,0.14056096971035004
R1fold,51,2,0.14199256896972656
R1fold,51,3,0.14189083874225616
R1fold,51,4,0.14157681167125702
R1fold,51,5,0.1418916881084442
R1fold,51,6,0.14216910302639008
R1fold,51,7,0.14027470350265503
R1fold,51,8,0.14049619436264038
R1fold,51,9,0.1403626650571823
R1fold,51,10,0.14188294112682343
R1fold,51,11,0.1407279074192047
R1fold,51,12,0.14271332323551178
R1fold,51,13,0.14215055108070374
R1fold,51,14,0.14084212481975555
R1fold,51,15,0.1412592977285385
R1fold,51,16,0.09805051237344742
R1fold,51,17,0.09846185892820358
R1fold,51,18,0.09802640229463577
R1fold,51,19,0.09806597232818604
R1fold,51,20,0.09875623136758804
R1fold,51,21,0.09780889749526978
R1fold,51,22,0.09800738096237183
R1fold,51,23,0.09773469716310501
R1fold,51,24,0.09771906584501266
R1fold,51,25,0.09767813235521317
R1fold,51,26,0.09811221063137054
R1fold,51,27,0.09740791469812393
R1fold,51,28,0.0985223650932312
R1fold,51,29,0.09729868173599243
R1fold,51,30,0.09875833243131638
R1fold,51,31,0.09908102452754974
R1fold,51,32,0.11844095587730408
R1fold,51,33,0.117686428129673
R1fold,51,34,0.11772207170724869
R1fold,51,35,0.11673936992883682
R1fold,51,36,0.11821908503770828
R1fold,51,37,0.11806844174861908
R1fold,51,38,0.11719568073749542
R1fold,51,39,0.11670268326997757
R1fold,51,40,0.11786495894193649
R1fold,51,41,0.11816293001174927
R1fold,51,42,0.11879991739988327
R1fold,51,43,0.11768656224012375
R1fold,51,44,0.11886049062013626
R1fold,51,45,0.11819300055503845
R1fold,51,46,0.11854532361030579
R1fold,51,47,0.11778037995100021
R1fold,51,48,0.07664210349321365
R1fold,51,49,0.07565977424383163
R1fold,51,50,0.07661882042884827
R1fold,51,51,0.076576828956604
R1fold,51,52,0.07569278031587601
R1fold,51,53,0.0752359926700592
R1fold,51,54,0.07558558136224747
R1fold,51,55,0.0757698118686676
R1fold,51,56,0.07589717209339142
R1fold,51,57,0.07660174369812012
R1fold,51,58,0.07592388242483139
R1fold,51,59,0.07549909502267838
R1fold,51,60,0.07648750394582748
R1fold,51,61,0.07651735097169876
R1fold,51,62,0.07593118399381638
R1fold,51,63,0.07591857761144638
R1fold,51,64,0.06102054938673973
R1fold,51,65,0.06098388880491257
R1fold,51,66,0.06007152795791626
R1fold,51,67,0.06036708876490593
R1fold,51,68,0.061033111065626144
R1fold,51,69,0.060809582471847534
R1fold,51,70,0.060727763921022415
R1fold,51,71,0.061131011694669724
R1fold,51,72,0.060450538992881775
R1fold,51,73,0.06062859669327736
R1fold,51,74,0.06012507155537605
R1fold,51,75,0.06074919551610947
R1fold,51,76,0.06020091846585274
R1fold,51,77,0.06075438857078552
R1fold,51,78,0.060641005635261536
R1fold,51,79,0.06056481599807739
R1fold,52,0,0.1432996392250061
R1fold,52,1,0.14181187748908997
R1fold,52,2,0.1419215053319931
R1fold,52,3,0.14384914934635162
R1fold,52,4,0.14326344430446625
R1fold,52,5,0.14367583394050598
R1fold,52,6,0.14336326718330383
R1fold,52,7,0.14296017587184906
R1fold,52,8,0.14266566932201385
R1fold,52,9,0.14334718883037567
R1fold,52,10,0.14277060329914093
R1fold,52,11,0.14300034940242767
R1fold,52,12,0.14394834637641907
R1fold,52,13,0.14280064404010773
R1fold,52,14,0.14142385125160217
R1fold,52,15,0.14337636530399323
R1fold,52,16,0.09939640760421753
R1fold,52,17,0.09832722693681717
R1fold,52,18,0.09918776899576187
R1fold,52,19,0.09888257086277008
R1fold,52,20,0.09920283406972885
R1fold,52,21,0.09991159290075302
R1fold,52,22,0.09914318472146988
R1fold,52,23,0.10107216984033585
R1fold,52,24,0.0999474748969078
R1fold,52,25,0.09910521656274796
R1fold,52,26,0.09954265505075455
R1fold,52,27,0.10082509368658066
R1fold,52,28,0.10103277117013931
R1fold,52,29,0.09873861074447632
R1fold,52,30,0.10008517652750015
R1fold,52,31,0.09921358525753021
R1fold,52,32,0.11771722882986069
R1fold,52,33,0.11926400661468506
R1fold,52,34,0.11847145110368729
R1fold,52,35,0.11895386129617691
R1fold,52,36,0.12011697143316269
R1fold,52,37,0.11977658420801163
R1fold,52,38,0.11850295215845108
R1fold,52,39,0.11870250105857849
R1fold,52,40,0.11834241449832916
R1fold,52,41,0.11994380503892899
R1fold,52,42,0.11879496276378632
R1fold,52,43,0.11909694969654083
R1fold,52,44,0.11933519691228867
R1fold,52,45,0.11855661123991013
R1fold,52,46,0.11948131024837494
R1fold,52,47,0.11858013272285461
R1fold,52,48,0.07652590423822403
R1fold,52,49,0.07682926207780838
R1fold,52,50,0.07614884525537491
R1fold,52,51,0.07657360285520554
R1fold,52,52,0.07678902894258499
R1fold,52,53,0.07676521688699722
R1fold,52,54,0.07672853022813797
R1fold,52,55,0.07699452340602875
R1fold,52,56,0.07679861783981323
R1fold,52,57,0.0766056478023529
R1fold,52,58,0.07675021141767502
R1fold,52,59,0.0761488676071167
R1fold,52,60,0.0769517570734024
R1fold,52,61,0.07700149714946747
R1fold,52,62,0.07646287232637405
R1fold,52,63,0.07657565176486969
R1fold,52,64,0.06037453934550285
R1fold,52,65,0.06113838031888008
R1fold,52,66,0.06071086227893829
R1fold,52,67,0.06070117652416229
R1fold,52,68,0.06108073890209198
R1fold,52,69,0.061183374375104904
R1fold,52,70,0.06042291969060898
R1fold,52,71,0.060533277690410614
R1fold,52,72,0.06047943979501724
R1fold,52,73,0.06048313155770302
R1fold,52,74,0.061112962663173676
R1fold,52,75,0.06056119129061699
R1fold,52,76,0.060884516686201096
R1fold,52,77,0.06105848401784897
R1fold,52,78,0.06086617708206177
R1fold,52,79,0.06110081449151039
R1fold,53,0,0.1409456431865692
R1fold,53,1,0.14012044668197632
R1fold,53,2,0.1407397985458374
R1fold,53,3,0.14196963608264923
R1fold,53,4,0.14261656999588013
R1fold,53,5,0.14251917600631714
R1fold,53,6,0.1420336216688156
R1fold,53,7,0.1411871612071991
R1fold,53,8,0.1410280019044876
R1fold,53,9,0.1412350833415985
R1fold,53,10,0.14239639043807983
R1fold,53,11,0.1417342871427536
R1fold,53,12,0.14291416108608246
R1fold,53,13,0.14258414506912231
R1fold,53,14,0.14077071845531464
R1fold,53,15,0.14052636921405792
R1fold,53,16,0.09897758066654205
R1fold,53,17,0.09970533847808838
R1fold,53,18,0.09908390045166016
R1fold,53,19,0.09945768117904663
R1fold,53,20,0.09877936542034149
R1fold,53,21,0.10031038522720337
R1fold,53,22,0.10011128336191177
R1fold,53,23,0.09961815178394318
R1fold,53,24,0.0995708480477333
R1fold,53,25,0.10055825114250183
R1fold,53,26,0.09824658185243607
R1fold,53,27,0.09904153645038605
R1fold,53,28,0.09957553446292877
R1fold,53,29,0.0995422899723053
R1fold,53,30,0.10034166276454926
R1fold,53,31,0.09945481270551682
R1fold,53,32,0.11792677640914917
R1fold,53,33,0.11877723038196564
R1fold,53,34,0.11818212270736694
R1fold,53,35,0.11854975670576096
R1fold,53,36,0.11857999116182327
R1fold,53,37,0.11831625550985336
R1fold,53,38,0.11867610365152359
R1fold,53,39,0.11979572474956512
R1fold,53,40,0.11859098821878433
R1fold,53,41,0.11927223950624466
R1fold,53,42,0.11952855437994003
R1fold,53,43,0.11863283067941666
R1fold,53,44,0.11856982856988907
R1fold,53,45,0.11764839291572571
R1fold,53,46,0.11844601482152939
R1fold,53,47,0.11868548393249512
R1fold,53,48,0.07609971612691879
R1fold,53,49,0.07597681134939194
R1fold,53,50,0.07582076638936996
R1fold,53,51,0.07621242851018906
R1fold,53,52,0.07592316716909409
R1fold,53,53,0.07628440856933594
R1fold,53,54,0.07590055465698242
R1fold,53,55,0.07554711401462555
R1fold,53,56,0.07562743872404099
R1fold,53,57,0.0764707699418068
R1fold,53,58,0.07693426311016083
R1fold,53,59,0.07646168768405914
R1fold,53,60,0.07602308690547943
R1fold,53,61,0.07666458189487457
R1fold,53,62,0.07673299312591553
R1fold,53,63,0.07614141702651978
R1fold,53,64,0.059753142297267914
R1fold,53,65,0.06027648225426674
R1fold,53,66,0.060471825301647186
R1fold,53,67,0.060028307139873505
R1fold,53,68,0.06072176247835159
R1fold,53,69,0.060633789747953415
R1fold,53,70,0.06050925329327583
R1fold,53,71,0.060635365545749664
R1fold,53,72,0.06066840887069702
R1fold,53,73,0.06074368581175804
R1fold,53,74,0.06033545359969139
R1fold,53,75,0.06031693518161774
R1fold,53,76,0.06014009937644005
R1fold,53,77,0.060501087456941605
R1fold,53,78,0.06045344099402428
R1fold,53,79,0.06014304980635643
R1fold,54,0,0.14447738230228424
R1fold,54,1,0.1418590396642685
R1fold,54,2,0.14393913745880127
R1fold,54,3,0.14547501504421234
R1fold,54,4,0.14569219946861267
R1fold,54,5,0.1464160978794098
R1fold,54,6,0.1435868740081787
R1fold,54,7,0.144280806183815
R1fold,54,8,0.14465200901031494
R1fold,54,9,0.14426331222057343
R1fold,54,10,0.14586684107780457
R1fold,54,11,0.1454872339963913
R1fold,54,12,0.14618337154388428
R1fold,54,13,0.14629243314266205
R1fold,54,14,0.14526674151420593
R1fold,54,15,0.14535757899284363
R1fold,54,16,0.10050343722105026
R1fold,54,17,0.10141120105981827
R1fold,54,18,0.10108476877212524
R1fold,54,19,0.10030753910541534
R1fold,54,20,0.10054175555706024
R1fold,54,21,0.10174492001533508
R1fold,54,22,0.10095252096652985
R1fold,54,23,0.10170761495828629
R1fold,54,24,0.10111518204212189
R1fold,54,25,0.1018679067492485
R1fold,54,26,0.10131180286407471
R1fold,54,27,0.1001056581735611
R1fold,54,28,0.101577527821064
R1fold,54,29,0.10234948247671127
R1fold,54,30,0.10186471790075302
R1fold,54,31,0.1025831326842308
R1fold,54,32,0.12032396346330643
R1fold,54,33,0.11996311694383621
R1fold,54,34,0.12017536908388138
R1fold,54,35,0.11897168308496475
R1fold,54,36,0.11972501873970032
R1fold,54,37,0.12016623467206955
R1fold,54,38,0.1199144795536995
R1fold,54,39,0.11943741887807846
R1fold,54,40,0.11970295757055283
R1fold,54,41,0.12056061625480652
R1fold,54,42,0.11999063193798065
R1fold,54,43,0.12021813541650772
R1fold,54,44,0.11878764629364014
R1fold,54,45,0.11925076693296432
R1fold,54,46,0.12029861658811569
R1fold,54,47,0.11985787749290466
R1fold,54,48,0.07608716934919357
R1fold,54,49,0.07749591022729874
R1fold,54,50,0.0768885686993599
R1fold,54,51,0.07711713761091232
R1fold,54,52,0.07654596120119095
R1fold,54,53,0.07632200419902802
R1fold,54,54,0.07653290778398514
R1fold,54,55,0.07674206793308258
R1fold,54,56,0.0765802189707756
R1fold,54,57,0.07663998007774353
R1fold,54,58,0.07818504422903061
R1fold,54,59,0.07735806703567505
R1fold,54,60,0.0763876810669899
R1fold,54,61,0.07682964205741882
R1fold,54,62,0.07724839448928833
R1fold,54,63,0.0770677849650383
R1fold,54,64,0.06029859557747841
R1fold,54,65,0.06137630715966225
R1fold,54,66,0.061076536774635315
R1fold,54,67,0.06175078824162483
R1fold,54,68,0.061873048543930054
R1fold,54,69,0.06156136095523834
R1fold,54,70,0.06075723469257355
R1fold,54,71,0.06120002642273903
R1fold,54,72,0.060616012662649155
R1fold,54,73,0.061215996742248535
R1fold,54,74,0.06156698614358902
R1fold,54,75,0.06085052341222763
R1fold,54,76,0.06121838837862015
R1fold,54,77,0.061061546206474304
R1fold,54,78,0.060719091445207596
R1fold,54,79,0.06139793246984482
R1fold,55,0,0.14313684403896332
R1fold,55,1,0.1415097862482071
R1fold,55,2,0.1432357132434845
R1fold,55,3,0.1438402682542801
R1fold,55,4,0.1434139907360077
R1fold,55,5,0.14196014404296875
R1fold,55,6,0.1440400779247284
R1fold,55,7,0.14320285618305206
R1fold,55,8,0.14273805916309357
R1fold,55,9,0.1425440013408661
R1fold,55,10,0.14328959584236145
R1fold,55,11,0.14358672499656677
R1fold,55,12,0.14528115093708038
R1fold,55,13,0.14309179782867432
R1fold,55,14,0.1438865214586258
R1fold,55,15,0.14285854995250702
R1fold,55,16,0.09938114136457443
R1fold,55,17,0.09932401031255722
R1fold,55,18,0.0993313193321228
R1fold,55,19,0.0995878279209137
R1fold,55,20,0.10077250748872757
R1fold,55,21,0.09904062002897263
R1fold,55,22,0.10015325993299484
R1fold,55,23,0.10011947154998779
R1fold,55,24,0.09940506517887115
R1fold,55,25,0.09918452799320221
R1fold,55,26,0.09989771246910095
R1fold,55,27,0.10035241395235062
R1fold,55,28,0.09971040487289429
R1fold,55,29,0.09997472167015076
R1fold,55,30,0.09972508996725082
R1fold,55,31,0.10003071278333664
R1fold,55,32,0.1186198964715004
R1fold,55,33,0.11818107217550278
R1fold,55,34,0.11932069063186646
R1fold,55,35,0.1181168481707573
R1fold,55,36,0.11826803535223007
R1fold,55,37,0.11858075112104416
R1fold,55,38,0.11873845756053925
R1fold,55,39,0.11789393424987793
R1fold,55,40,0.11743335425853729
R1fold,55,41,0.11864686012268066
R1fold,55,42,0.11922792345285416
R1fold,55,43,0.11825054883956909
R1fold,55,44,0.11833040416240692
R1fold,55,45,0.1183319091796875
R1fold,55,46,0.11832812428474426
R1fold,55,47,0.11844679713249207
R1fold,55,48,0.07728471606969833
R1fold,55,49,0.07776037603616714
R1fold,55,50,0.07697363197803497
R1fold,55,51,0.07717547565698624
R1fold,55,52,0.07664502412080765
R1fold,55,53,0.07716366648674011
R1fold,55,54,0.07782308757305145
R1fold,55,55,0.07697857171297073
R1fold,55,56,0.07703214883804321
R1fold,55,57,0.0769004374742508
R1fold,55,58,0.07712429016828537
R1fold,55,59,0.07729212194681168
R1fold,55,60,0.07678628712892532
R1fold,55,61,0.07703468948602676
R1fold,55,62,0.07716033607721329
R1fold,55,63,0.0777357742190361
R1fold,55,64,0.06294313073158264
R1fold,55,65,0.06440738588571548
R1fold,55,66,0.06354312598705292
R1fold,55,67,0.06312856823205948
R1fold,55,68,0.06299163401126862
R1fold,55,69,0.06316370517015457
R1fold,55,70,0.06338026374578476
R1fold,55,71,0.06404087692499161
R1fold,55,72,0.06403274089097977
R1fold,55,73,0.0632714256644249
R1fold,55,74,0.06322338432073593
R1fold,55,75,0.0632568970322609
R1fold,55,76,0.06378371268510818
R1fold,55,77,0.06440981477499008
R1fold,55,78,0.06333329528570175
R1fold,55,79,0.06327857077121735
R1fold,56,0,0.14363640546798706
R1fold,56,1,0.14263050258159637
R1fold,56,2,0.14414089918136597
R1fold,56,3,0.14320532977581024
R1fold,56,4,0.1439570039510727
R1fold,56,5,0.144327312707901
R1fold,56,6,0.14421159029006958
R1fold,56,7,0.1446264237165451
R1fold,56,8,0.14156171679496765
R1fold,56,9,0.14457561075687408
R1fold,56,10,0.14365410804748535
R1fold,56,11,0.14438605308532715
R1fold,56,12,0.14629033207893372
R1fold,56,13,0.14527660608291626
R1fold,56,14,0.14366136491298676
R1fold,56,15,0.14388643205165863
R1fold,56,16,0.09955598413944244
R1fold,56,17,0.09832803905010223
R1fold,56,18,0.09934292733669281
R1fold,56,19,0.09946329146623611
R1fold,56,20,0.09914257377386093
R1fold,56,21,0.0990603044629097
R1fold,56,22,0.0997924879193306
R1fold,56,23,0.09902646392583847
R1fold,56,24,0.09842194616794586
R1fold,56,25,0.09895244240760803
R1fold,56,26,0.1000690683722496
R1fold,56,27,0.09963241964578629
R1fold,56,28,0.09960520267486572
R1fold,56,29,0.09906714409589767
R1fold,56,30,0.09959977865219116
R1fold,56,31,0.09901513159275055
R1fold,56,32,0.11959721148014069
R1fold,56,33,0.11792370676994324
R1fold,56,34,0.11864947527647018
R1fold,56,35,0.11927808821201324
R1fold,56,36,0.12004982680082321
R1fold,56,37,0.11834173649549484
R1fold,56,38,0.11858191341161728
R1fold,56,39,0.11962581425905228
R1fold,56,40,0.11891618371009827
R1fold,56,41,0.11860033869743347
R1fold,56,42,0.11973850429058075
R1fold,56,43,0.11940668523311615
R1fold,56,44,0.11936083436012268
R1fold,56,45,0.11908971518278122
R1fold,56,46,0.1182003989815712
R1fold,56,47,0.1184278056025505
R1fold,56,48,0.07568242400884628
R1fold,56,49,0.07675761729478836
R1fold,56,50,0.07621467113494873
R1fold,56,51,0.07699117064476013
R1fold,56,52,0.07720243185758591
R1fold,56,53,0.07605570554733276
R1fold,56,54,0.07627461105585098
R1fold,56,55,0.07674834132194519
R1fold,56,56,0.07651550322771072
R1fold,56,57,0.07692676037549973
R1fold,56,58,0.07642434537410736
R1fold,56,59,0.07683399319648743
R1fold,56,60,0.07717378437519073
R1fold,56,61,0.0766654759645462
R1fold,56,62,0.07676994055509567
R1fold,56,63,0.07689333707094193
R1fold,56,64,0.060892388224601746
R1fold,56,65,0.06134587526321411
R1fold,56,66,0.06077094003558159
R1fold,56,67,0.061107371002435684
R1fold,56,68,0.061423853039741516
R1fold,56,69,0.06137201189994812
R1fold,56,70,0.061350055038928986
R1fold,56,71,0.06122791767120361
R1fold,56,72,0.06065071374177933
R1fold,56,73,0.060766905546188354
R1fold,56,74,0.06118503212928772
R1fold,56,75,0.06157997250556946
R1fold,56,76,0.061633575707674026
R1fold,56,77,0.06126876920461655
R1fold,56,78,0.06137620657682419
R1fold,56,79,0.0609978586435318
R1fold,57,0,0.141397625207901
R1fold,57,1,0.14098294079303741
R1fold,57,2,0.1412721425294876
R1fold,57,3,0.14142747223377228
R1fold,57,4,0.14232249557971954
R1fold,57,5,0.1425921618938446
R1fold,57,6,0.14276370406150818
R1fold,57,7,0.14002902805805206
R1fold,57,8,0.1427755504846573
R1fold,57,9,0.14045067131519318
R1fold,57,10,0.14017555117607117
R1fold,57,11,0.1411258429288864
R1fold,57,12,0.14224016666412354
R1fold,57,13,0.14204192161560059
R1fold,57,14,0.1411817967891693
R1fold,57,15,0.1419261395931244
R1fold,57,16,0.09814206510782242
R1fold,57,17,0.09891815483570099
R1fold,57,18,0.09868691116571426
R1fold,57,19,0.09843240678310394
R1fold,57,20,0.09829754382371902
R1fold,57,21,0.09839016199111938
R1fold,57,22,0.09747911989688873
R1fold,57,23,0.09752308577299118
R1fold,57,24,0.09679540991783142
R1fold,57,25,0.0981600433588028
R1fold,57,26,0.09883800148963928
R1fold,57,27,0.09901725500822067
R1fold,57,28,0.09837057441473007
R1fold,57,29,0.09862736612558365
R1fold,57,30,0.09773004800081253
R1fold,57,31,0.0977681577205658
R1fold,57,32,0.11877031624317169
R1fold,57,33,0.11816927790641785
R1fold,57,34,0.11848670244216919
R1fold,57,35,0.11862045526504517
R1fold,57,36,0.1188039630651474
R1fold,57,37,0.11717182397842407
R1fold,57,38,0.11657155305147171
R1fold,57,39,0.11832866072654724
R1fold,57,40,0.116841621696949
R1fold,57,41,0.11667749285697937
R1fold,57,42,0.11865230649709702
R1fold,57,43,0.11818360537290573
R1fold,57,44,0.11881602555513382
R1fold,57,45,0.11702195554971695
R1fold,57,46,0.11660182476043701
R1fold,57,47,0.1174965500831604
R1fold,57,48,0.07639124989509583
R1fold,57,49,0.0758444145321846
R1fold,57,50,0.07502266764640808
R1fold,57,51,0.07655416429042816
R1fold,57,52,0.07525017112493515
R1fold,57,53,0.07600123435258865
R1fold,57,54,0.07568194717168808
R1fold,57,55,0.07464545220136642
R1fold,57,56,0.0752057209610939
R1fold,57,57,0.07554423063993454
R1fold,57,58,0.07500451058149338
R1fold,57,59,0.07600236684083939
R1fold,57,60,0.0758899599313736
R1fold,57,61,0.07593031227588654
R1fold,57,62,0.07469136267900467
R1fold,57,63,0.07588227838277817
R1fold,57,64,0.06014087051153183
R1fold,57,65,0.06026151776313782
R1fold,57,66,0.060010310262441635
R1fold,57,67,0.05945869907736778
R1fold,57,68,0.05953188240528107
R1fold,57,69,0.05986272171139717
R1fold,57,70,0.06004149466753006
R1fold,57,71,0.06024632975459099
R1fold,57,72,0.05999317020177841
R1fold,57,73,0.05968723073601723
R1fold,57,74,0.060201436281204224
R1fold,57,75,0.06015657261013985
R1fold,57,76,0.0596826933324337
R1fold,57,77,0.06080109626054764
R1fold,57,78,0.05962897837162018
R1fold,57,79,0.05995435267686844
R1fold,58,0,0.14184121787548065
R1fold,58,1,0.14067575335502625
R1fold,58,2,0.14252370595932007
R1fold,58,3,0.1419239342212677
R1fold,58,4,0.1434328556060791
R1fold,58,5,0.14242465794086456
R1fold,58,6,0.14244382083415985
R1fold,58,7,0.14245042204856873
R1fold,58,8,0.14259563386440277
R1fold,58,9,0.14031964540481567
R1fold,58,10,0.1439523696899414
R1fold,58,11,0.1422680765390396
R1fold,58,12,0.14395888149738312
R1fold,58,13,0.14264026284217834
R1fold,58,14,0.14132489264011383
R1fold,58,15,0.14196495711803436
R1fold,58,16,0.09879402816295624
R1fold,58,17,0.09895429760217667
R1fold,58,18,0.09944799542427063
R1fold,58,19,0.09939708560705185
R1fold,58,20,0.09952143579721451
R1fold,58,21,0.09959075599908829
R1fold,58,22,0.09907958656549454
R1fold,58,23,0.09882967919111252
R1fold,58,24,0.09873771667480469
R1fold,58,25,0.09998389333486557
R1fold,58,26,0.09970903396606445
R1fold,58,27,0.09989365190267563
R1fold,58,28,0.10020508617162704
R1fold,58,29,0.1001356765627861
R1fold,58,30,0.09974303096532822
R1fold,58,31,0.10055916011333466
R1fold,58,32,0.11808840930461884
R1fold,58,33,0.11750335991382599
R1fold,58,34,0.11725538223981857
R1fold,58,35,0.11816617101430893
R1fold,58,36,0.1189877986907959
R1fold,58,37,0.11838434636592865
R1fold,58,38,0.11856761574745178
R1fold,58,39,0.11817608028650284
R1fold,58,40,0.11776132136583328
R1fold,58,41,0.11842697858810425
R1fold,58,42,0.11914371699094772
R1fold,58,43,0.11792946606874466
R1fold,58,44,0.1184544488787651
R1fold,58,45,0.11785908788442612
R1fold,58,46,0.11797969788312912
R1fold,58,47,0.11702356487512589
R1fold,58,48,0.07687453925609589
R1fold,58,49,0.07657566666603088
R1fold,58,50,0.07586503028869629
R1fold,58,51,0.07676175236701965
R1fold,58,52,0.07666542381048203
R1fold,58,53,0.07588082551956177
R1fold,58,54,0.07652756571769714
R1fold,58,55,0.07673711329698563
R1fold,58,56,0.0773102268576622
R1fold,58,57,0.07674600929021835
R1fold,58,58,0.07590486109256744
R1fold,58,59,0.07700186222791672
R1fold,58,60,0.07641524821519852
R1fold,58,61,0.07639064639806747
R1fold,58,62,0.07626073807477951
R1fold,58,63,0.07639320194721222
R1fold,58,64,0.06078287214040756
R1fold,58,65,0.061591051518917084
R1fold,58,66,0.06058180332183838
R1fold,58,67,0.06032177433371544
R1fold,58,68,0.06148548424243927
R1fold,58,69,0.060805052518844604
R1fold,58,70,0.060720596462488174
R1fold,58,71,0.06109042465686798
R1fold,58,72,0.06075286492705345
R1fold,58,73,0.06109175831079483
R1fold,58,74,0.060194049030542374
R1fold,58,75,0.061334650963544846
R1fold,58,76,0.06076008081436157
R1fold,58,77,0.060983866453170776
R1fold,58,78,0.06036268174648285
R1fold,58,79,0.06107059493660927
R1fold,59,0,0.1382327675819397
R1fold,59,1,0.13800044357776642
R1fold,59,2,0.13832934200763702
R1fold,59,3,0.1399591565132141
R1fold,59,4,0.13784071803092957
R1fold,59,5,0.13991282880306244
R1fold,59,6,0.13929963111877441
R1fold,59,7,0.1389598548412323
R1fold,59,8,0.13928638398647308
R1fold,59,9,0.1386536806821823
R1fold,59,10,0.139299213886261
R1fold,59,11,0.13901278376579285
R1fold,59,12,0.1420115977525711
R1fold,59,13,0.1403680145740509
R1fold,59,14,0.13889332115650177
R1fold,59,15,0.13887661695480347
R1fold,59,16,0.09806394577026367
R1fold,59,17,0.09818045794963837
R1fold,59,18,0.0987342819571495
R1fold,59,19,0.09897341579198837
R1fold,59,20,0.09797939658164978
R1fold,59,21,0.09841153025627136
R1fold,59,22,0.09986715763807297
R1fold,59,23,0.09740392863750458
R1fold,59,24,0.09761784970760345
R1fold,59,25,0.09783900529146194
R1fold,59,26,0.09771120548248291
R1fold,59,27,0.09800867736339569
R1fold,59,28,0.09843643754720688
R1fold,59,29,0.09881271421909332
R1fold,59,30,0.0992475301027298
R1fold,59,31,0.09836193919181824
R1fold,59,32,0.11771513521671295
R1fold,59,33,0.11729300022125244
R1fold,59,34,0.11768362671136856
R1fold,59,35,0.11809802800416946
R1fold,59,36,0.11718921363353729
R1fold,59,37,0.11615908145904541
R1fold,59,38,0.11848405003547668
R1fold,59,39,0.11781998723745346
R1fold,59,40,0.11792903393507004
R1fold,59,41,0.11812111735343933
R1fold,59,42,0.11707844585180283
R1fold,59,43,0.11739982664585114
R1fold,59,44,0.11743603646755219
R1fold,59,45,0.11687625199556351
R1fold,59,46,0.11751372367143631
R1fold,59,47,0.11730080842971802
R1fold,59,48,0.07611354440450668
R1fold,59,49,0.0755007192492485
R1fold,59,50,0.07577841728925705
R1fold,59,51,0.07694821804761887
R1fold,59,52,0.0755242332816124
R1fold,59,53,0.07585818320512772
R1fold,59,54,0.07643701881170273
R1fold,59,55,0.07634439319372177
R1fold,59,56,0.07596927136182785
R1fold,59,57,0.07607073336839676
R1fold,59,58,0.07581836730241776
R1fold,59,59,0.07580570876598358
R1fold,59,60,0.07654111832380295
R1fold,59,61,0.07592905312776566
R1fold,59,62,0.07523126900196075
R1fold,59,63,0.07615462690591812
R1fold,59,64,0.06016547977924347
R1fold,59,65,0.059750188142061234
R1fold,59,66,0.060539357364177704
R1fold,59,67,0.0602790042757988
R1fold,59,68,0.06010863557457924
R1fold,59,69,0.0599667988717556
R1fold,59,70,0.060079410672187805
R1fold,59,71,0.060264114290475845
R1fold,59,72,0.0605856291949749
R1fold,59,73,0.06034606322646141
R1fold,59,74,0.059820082038640976
R1fold,59,75,0.0601588599383831
R1fold,59,76,0.060110289603471756
R1fold,59,77,0.060506582260131836
R1fold,59,78,0.059602584689855576
R1fold,59,79,0.06024123355746269
R1fold,60,0,0.1426449716091156
R1fold,60,1,0.14025896787643433
R1fold,60,2,0.1410023421049118
R1fold,60,3,0.140716552734375
R1fold,60,4,0.14119617640972137
R1fold,60,5,0.14177346229553223
R1fold,60,6,0.14381206035614014
R1fold,60,7,0.14137442409992218
R1fold,60,8,0.1411355435848236
R1fold,60,9,0.14210990071296692
R1fold,60,10,0.14231151342391968
R1fold,60,11,0.1420653611421585
R1fold,60,12,0.1437077522277832
R1fold,60,13,0.14273761212825775
R1fold,60,14,0.14261473715305328
R1fold,60,15,0.14202840626239777
R1fold,60,16,0.09798772633075714
R1fold,60,17,0.09947768598794937
R1fold,60,18,0.09871749579906464
R1fold,60,19,0.09923142939805984
R1fold,60,20,0.09947510063648224
R1fold,60,21,0.09876136481761932
R1fold,60,22,0.09916376322507858
R1fold,60,23,0.09838321805000305
R1fold,60,24,0.09875396639108658
R1fold,60,25,0.09859279543161392
R1fold,60,26,0.09838136285543442
R1fold,60,27,0.09967394173145294
R1fold,60,28,0.09857591241598129
R1fold,60,29,0.09994000941514969
R1fold,60,30,0.09959528595209122
R1fold,60,31,0.09941446036100388
R1fold,60,32,0.11824455112218857
R1fold,60,33,0.11807174980640411
R1fold,60,34,0.11786572635173798
R1fold,60,35,0.11866074055433273
R1fold,60,36,0.1182655543088913
R1fold,60,37,0.11800123751163483
R1fold,60,38,0.1175643652677536
R1fold,60,39,0.11656533181667328
R1fold,60,40,0.11654593050479889
R1fold,60,41,0.1186433732509613
R1fold,60,42,0.11845347285270691
R1fold,60,43,0.11823295056819916
R1fold,60,44,0.11846847087144852
R1fold,60,45,0.11721107363700867
R1fold,60,46,0.11859947443008423
R1fold,60,47,0.11806786805391312
R1fold,60,48,0.0765807256102562
R1fold,60,49,0.07636544853448868
R1fold,60,50,0.07678370177745819
R1fold,60,51,0.07676227390766144
R1fold,60,52,0.07608528435230255
R1fold,60,53,0.07621040940284729
R1fold,60,54,0.07602210342884064
R1fold,60,55,0.07606219500303268
R1fold,60,56,0.07658052444458008
R1fold,60,57,0.07592421770095825
R1fold,60,58,0.07610871642827988
R1fold,60,59,0.07663682103157043
R1fold,60,60,0.07661858946084976
R1fold,60,61,0.07699092477560043
R1fold,60,62,0.07627222687005997
R1fold,60,63,0.07580078393220901
R1fold,60,64,0.06029660254716873
R1fold,60,65,0.06103859096765518
R1fold,60,66,0.06033783778548241
R1fold,60,67,0.06116867437958717
R1fold,60,68,0.06055254116654396
R1fold,60,69,0.06068512424826622
R1fold,60,70,0.06060433387756348
R1fold,60,71,0.06037598103284836
R1fold,60,72,0.060826584696769714
R1fold,60,73,0.0612749382853508
R1fold,60,74,0.060273993760347366
R1fold,60,75,0.060929425060749054
R1fold,60,76,0.06062663346529007
R1fold,60,77,0.061009880155324936
R1fold,60,78,0.06069172918796539
R1fold,60,79,0.06043151393532753
R1fold,61,0,0.143556609749794
R1fold,61,1,0.14173902571201324
R1fold,61,2,0.14155639708042145
R1fold,61,3,0.1427750587463379
R1fold,61,4,0.14319708943367004
R1fold,61,5,0.1431361883878708
R1fold,61,6,0.1424904465675354
R1fold,61,7,0.14218445122241974
R1fold,61,8,0.14364668726921082
R1fold,61,9,0.14170607924461365
R1fold,61,10,0.14191986620426178
R1fold,61,11,0.14053753018379211
R1fold,61,12,0.1434757113456726
R1fold,61,13,0.1432623714208603
R1fold,61,14,0.14345762133598328
R1fold,61,15,0.1433035284280777
R1fold,61,16,0.09758671373128891
R1fold,61,17,0.09854267537593842
R1fold,61,18,0.09918949753046036
R1fold,61,19,0.09934750199317932
R1fold,61,20,0.09828919172286987
R1fold,61,21,0.09908764064311981
R1fold,61,22,0.0998186245560646
R1fold,61,23,0.09982071816921234
R1fold,61,24,0.0987083837389946
R1fold,61,25,0.09959695488214493
R1fold,61,26,0.09887857735157013
R1fold,61,27,0.0999426543712616
R1fold,61,28,0.09873832762241364
R1fold,61,29,0.09867730736732483
R1fold,61,30,0.0989455059170723
R1fold,61,31,0.0988961011171341
R1fold,61,32,0.11865240335464478
R1fold,61,33,0.1184634268283844
R1fold,61,34,0.11824740469455719
R1fold,61,35,0.11863788217306137
R1fold,61,36,0.1183043047785759
R1fold,61,37,0.11870648711919785
R1fold,61,38,0.11903244256973267
R1fold,61,39,0.11785531789064407
R1fold,61,40,0.11799653619527817
R1fold,61,41,0.11890695989131927
R1fold,61,42,0.11985209584236145
R1fold,61,43,0.11801820993423462
R1fold,61,44,0.11786572635173798
R1fold,61,45,0.11913498491048813
R1fold,61,46,0.11777801811695099
R1fold,61,47,0.1187429428100586
R1fold,61,48,0.07589308172464371
R1fold,61,49,0.07554920762777328
R1fold,61,50,0.07604600489139557
R1fold,61,51,0.07660716772079468
R1fold,61,52,0.07633627951145172
R1fold,61,53,0.07737522572278976
R1fold,61,54,0.07613297551870346
R1fold,61,55,0.07599930465221405
R1fold,61,56,0.07606207579374313
R1fold,61,57,0.07623843848705292
R1fold,61,58,0.07692697644233704
R1fold,61,59,0.07610952109098434
R1fold,61,60,0.07578447461128235
R1fold,61,61,0.07614754885435104
R1fold,61,62,0.07639414817094803
R1fold,61,63,0.07636313140392303
R1fold,61,64,0.06057034060359001
R1fold,61,65,0.06091831251978874
R1fold,61,66,0.060054048895835876
R1fold,61,67,0.0605483315885067
R1fold,61,68,0.06080781668424606
R1fold,61,69,0.06106563284993172
R1fold,61,70,0.06109246984124184
R1fold,61,71,0.06026708334684372
R1fold,61,72,0.06111432984471321
R1fold,61,73,0.06099247187376022
R1fold,61,74,0.0612439326941967
R1fold,61,75,0.06108318269252777
R1fold,61,76,0.06124363839626312
R1fold,61,77,0.06031651794910431
R1fold,61,78,0.06010086461901665
R1fold,61,79,0.06067212298512459
R1fold,62,0,0.14086642861366272
R1fold,62,1,0.1386883407831192
R1fold,62,2,0.1389990746974945
R1fold,62,3,0.14023245871067047
R1fold,62,4,0.13865874707698822
R1fold,62,5,0.13945597410202026
R1fold,62,6,0.1398785561323166
R1fold,62,7,0.13810661435127258
R1fold,62,8,0.13952666521072388
R1fold,62,9,0.13864542543888092
R1fold,62,10,0.1393565684556961
R1fold,62,11,0.14078812301158905
R1fold,62,12,0.1392948031425476
R1fold,62,13,0.13982045650482178
R1fold,62,14,0.1391228288412094
R1fold,62,15,0.1396114081144333
R1fold,62,16,0.09725074470043182
R1fold,62,17,0.09944158047437668
R1fold,62,18,0.09842010587453842
R1fold,62,19,0.09902805089950562
R1fold,62,20,0.09857452660799026
R1fold,62,21,0.09931140393018723
R1fold,62,22,0.09811339527368546
R1fold,62,23,0.09882546216249466
R1fold,62,24,0.09903600066900253
R1fold,62,25,0.09816858917474747
R1fold,62,26,0.09760327637195587
R1fold,62,27,0.09842763096094131
R1fold,62,28,0.09962916374206543
R1fold,62,29,0.09844556450843811
R1fold,62,30,0.09936410933732986
R1fold,62,31,0.09894367307424545
R1fold,62,32,0.11821340024471283
R1fold,62,33,0.11699754744768143
R1fold,62,34,0.11832083761692047
R1fold,62,35,0.11800679564476013
R1fold,62,36,0.11792945116758347
R1fold,62,37,0.11762887239456177
R1fold,62,38,0.11742076277732849
R1fold,62,39,0.1170947253704071
R1fold,62,40,0.11832363903522491
R1fold,62,41,0.1182999238371849
R1fold,62,42,0.11637476086616516
R1fold,62,43,0.11788398772478104
R1fold,62,44,0.11695896089076996
R1fold,62,45,0.11670158058404922
R1fold,62,46,0.11786608397960663
R1fold,62,47,0.1167275607585907
R1fold,62,48,0.0762014165520668
R1fold,62,49,0.07608012855052948
R1fold,62,50,0.07618091255426407
R1fold,62,51,0.07643993943929672
R1fold,62,52,0.07612736523151398
R1fold,62,53,0.07658465951681137
R1fold,62,54,0.07625648379325867
R1fold,62,55,0.07608496397733688
R1fold,62,56,0.07657832652330399
R1fold,62,57,0.075701504945755
R1fold,62,58,0.07617995887994766
R1fold,62,59,0.07617393881082535
R1fold,62,60,0.07688961178064346
R1fold,62,61,0.07631997764110565
R1fold,62,62,0.07545378059148788
R1fold,62,63,0.07620980590581894
R1fold,62,64,0.06043189764022827
R1fold,62,65,0.06045670434832573
R1fold,62,66,0.05997293069958687
R1fold,62,67,0.06041233614087105
R1fold,62,68,0.060953058302402496
R1fold,62,69,0.060306280851364136
R1fold,62,70,0.060418277978897095
R1fold,62,71,0.059670113027095795
R1fold,62,72,0.060013964772224426
R1fold,62,73,0.06002366170287132
R1fold,62,74,0.0606703981757164
R1fold,62,75,0.06068634241819382
R1fold,62,76,0.06035589426755905
R1fold,62,77,0.0604468435049057
R1fold,62,78,0.060623615980148315
R1fold,62,79,0.06052756682038307
R1fold,63,0,0.14349664747714996
R1fold,63,1,0.14154452085494995
R1fold,63,2,0.14373981952667236
R1fold,63,3,0.14297015964984894
R1fold,63,4,0.14207106828689575
R1fold,63,5,0.14364346861839294
R1fold,63,6,0.1418306827545166
R1fold,63,7,0.1425386518239975
R1fold,63,8,0.1419224739074707
R1fold,63,9,0.142918199300766
R1fold,63,10,0.1424039900302887
R1fold,63,11,0.14269137382507324
R1fold,63,12,0.14465786516666412
R1fold,63,13,0.14291055500507355
R1fold,63,14,0.1416221261024475
R1fold,63,15,0.14166347682476044
R1fold,63,16,0.0987875759601593
R1fold,63,17,0.09784817695617676
R1fold,63,18,0.09927063435316086
R1fold,63,19,0.09880058467388153
R1fold,63,20,0.09915576875209808
R1fold,63,21,0.09901245683431625
R1fold,63,22,0.09925252944231033
R1fold,63,23,0.0992412343621254
R1fold,63,24,0.09884069859981537
R1fold,63,25,0.09906516224145889
R1fold,63,26,0.10099126398563385
R1fold,63,27,0.09889564663171768
R1fold,63,28,0.09929923713207245
R1fold,63,29,0.09819263219833374
R1fold,63,30,0.09938235580921173
R1fold,63,31,0.09874311834573746
R1fold,63,32,0.11979955434799194
R1fold,63,33,0.11863110214471817
R1fold,63,34,0.1187799870967865
R1fold,63,35,0.1199299618601799
R1fold,63,36,0.11827703565359116
R1fold,63,37,0.1169772818684578
R1fold,63,38,0.11859480291604996
R1fold,63,39,0.11809707432985306
R1fold,63,40,0.11836524307727814
R1fold,63,41,0.1184823289513588
R1fold,63,42,0.12040569633245468
R1fold,63,43,0.11833333969116211
R1fold,63,44,0.11836114525794983
R1fold,63,45,0.11798718571662903
R1fold,63,46,0.11847449839115143
R1fold,63,47,0.11696341633796692
R1fold,63,48,0.07671006768941879
R1fold,63,49,0.07612177729606628
R1fold,63,50,0.07613518089056015
R1fold,63,51,0.07642214000225067
R1fold,63,52,0.07650622725486755
R1fold,63,53,0.0758083239197731
R1fold,63,54,0.07631713896989822
R1fold,63,55,0.07612213492393494
R1fold,63,56,0.07678896933794022
R1fold,63,57,0.0764961764216423
R1fold,63,58,0.0765729695558548
R1fold,63,59,0.07586324959993362
R1fold,63,60,0.076195128262043
R1fold,63,61,0.07648686319589615
R1fold,63,62,0.07609491050243378
R1fold,63,63,0.07662700116634369
R1fold,63,64,0.060599178075790405
R1fold,63,65,0.06057288870215416
R1fold,63,66,0.06114531680941582
R1fold,63,67,0.060540467500686646
R1fold,63,68,0.060007959604263306
R1fold,63,69,0.06033892184495926
R1fold,63,70,0.06069944053888321
R1fold,63,71,0.06077823415398598
R1fold,63,72,0.06049378961324692
R1fold,63,73,0.06036944314837456
R1fold,63,74,0.06061159074306488
R1fold,63,75,0.06072885915637016
R1fold,63,76,0.060575932264328
R1fold,63,77,0.0608232282102108
R1fold,63,78,0.0601273737847805
R1fold,63,79,0.0604231171309948
