08-10 10:50:12 SCHEDULER-START
08-10 17:07:54 START tppl_s0 gpus=[0]
08-10 17:07:54 START tppl_s1 gpus=[1]
08-10 17:08:34 FAIL tppl_s0 rc=1 -> RETRY
08-10 17:08:34 FAIL tppl_s1 rc=1 -> RETRY
08-10 17:08:35 START tppl_s0 gpus=[2]
08-10 17:08:35 START tppl_s1 gpus=[3]
08-10 17:09:16 FAIL tppl_s0 rc=1 -> GAVE-UP (see /home/thahn1230/dflash_workspace/dflash/runs/dflash_vanilla_spinquant_novelty_20260810_104957/logs/sched_tppl_s0.log)
08-10 17:09:16 FAIL tppl_s1 rc=1 -> GAVE-UP (see /home/thahn1230/dflash_workspace/dflash/runs/dflash_vanilla_spinquant_novelty_20260810_104957/logs/sched_tppl_s1.log)
08-10 17:11:44 START tppl_v2_s0 gpus=[0]
08-10 17:11:44 START tppl_v2_s1 gpus=[1]
08-10 17:14:51 START corpus gpus=[2]
08-10 17:22:02 DONE corpus
08-10 17:26:11 DONE tppl_v2_s1
08-10 17:26:32 DONE tppl_v2_s0
08-10 17:31:49 START M1__mtbench gpus=[0]
08-10 17:31:49 START M1__gsm8k gpus=[1]
08-10 17:31:49 START M1__humaneval gpus=[2]
08-10 17:31:49 START M1__sharegpt gpus=[3]
08-10 18:12:58 SCHEDULER-START
08-10 18:12:59 SKIP-ARTIFACT M1__mtbench
08-10 18:12:59 SKIP-ARTIFACT M1__gsm8k
08-10 18:12:59 SKIP-ARTIFACT M1__humaneval
08-10 18:12:59 SKIP-ARTIFACT M1__sharegpt
08-10 18:20:34 SCHEDULER-START
08-10 18:21:18 START tppl_s0 gpus=[0]
08-10 18:21:38 FAIL tppl_s0 rc=1 -> RETRY
08-10 18:22:21 START tppl_s0 gpus=[0]
08-10 18:26:12 FAIL tppl_s0 rc=1 -> GAVE-UP (see /home/thahn1230/dflash_workspace/dflash/runs/dflash_vanilla_spinquant_novelty_20260810_104957/logs/sched_tppl_s0.log)
08-10 18:26:55 START tppl_s1 gpus=[0]
08-10 18:27:18 SCHEDULER-START
08-10 18:29:06 START hcache_s1 gpus=[0]
08-10 18:34:41 DONE hcache_s1
08-10 18:35:24 START draft_rot_s1r0 gpus=[0]
08-10 18:43:01 DONE draft_rot_s1r0
08-10 18:43:43 START M0_check gpus=[0]
08-10 18:46:30 DONE M0_check
08-10 18:47:13 START M1__mtbench_r gpus=[0]
08-10 18:55:12 START draft_rot_s1r1 gpus=[3]
08-10 19:02:46 DONE draft_rot_s1r1
08-10 19:03:28 START draft_rot_s1r2 gpus=[3]
08-10 19:10:41 DONE draft_rot_s1r2
08-10 19:11:24 START M0__mtbench gpus=[3]
08-10 19:19:42 DONE M0__mtbench
08-10 19:20:25 START M0__gsm8k gpus=[3]
08-10 19:25:34 DONE M0__gsm8k
08-10 19:26:17 START M0__humaneval gpus=[3]
08-10 19:32:29 DONE M0__humaneval
08-10 19:33:12 START M0__sharegpt gpus=[3]
08-10 19:38:22 DONE M0__sharegpt
08-10 19:39:04 START draft_rot_s1r0_nor2 gpus=[3]
08-10 19:46:19 DONE draft_rot_s1r0_nor2
08-10 19:53:48 SCHEDULER-START
08-10 19:53:50 SKIP-ARTIFACT M1__mtbench_r
08-10 19:55:56 START draft_ladder gpus=[3]
08-10 19:57:19 DONE draft_ladder
08-10 20:00:09 START gateG gpus=[3]
08-10 20:03:38 FAIL gateG rc=1 -> RETRY
08-10 20:03:39 SKIP-ARTIFACT gateG
08-10 20:04:21 START M2__mtbench gpus=[3]
08-10 20:07:48 FAIL M2__mtbench rc=1 -> RETRY
08-10 20:07:49 SKIP-ARTIFACT M2__mtbench
08-10 20:08:31 START M3__mtbench gpus=[3]
08-10 20:11:58 FAIL M3__mtbench rc=1 -> RETRY
08-10 20:11:59 SKIP-ARTIFACT M3__mtbench
08-10 20:12:41 START M3__gsm8k gpus=[3]
08-10 20:16:09 FAIL M3__gsm8k rc=1 -> RETRY
08-10 20:16:10 SKIP-ARTIFACT M3__gsm8k
08-10 20:16:52 START M3__humaneval gpus=[3]
08-10 20:20:00 FAIL M3__humaneval rc=1 -> RETRY
08-10 20:20:01 SKIP-ARTIFACT M3__humaneval
08-10 20:20:43 START M3__sharegpt gpus=[3]
08-10 20:24:11 FAIL M3__sharegpt rc=1 -> RETRY
08-10 20:24:12 SKIP-ARTIFACT M3__sharegpt
08-10 20:36:26 SCHEDULER-START
08-10 20:37:09 START gateG gpus=[1]
08-10 20:37:09 START M2__mtbench gpus=[3]
08-10 20:39:54 FAIL gateG rc=1 -> RETRY
08-10 20:40:36 FAIL M2__mtbench rc=1 -> RETRY
08-10 20:40:36 START gateG gpus=[1]
08-10 20:41:18 START M2__mtbench gpus=[3]
08-10 20:43:22 FAIL gateG rc=1 -> GAVE-UP (see /home/thahn1230/dflash_workspace/dflash/runs/dflash_vanilla_spinquant_novelty_20260810_104957/logs/sched_gateG.log)
08-10 20:44:45 FAIL M2__mtbench rc=1 -> GAVE-UP (see /home/thahn1230/dflash_workspace/dflash/runs/dflash_vanilla_spinquant_novelty_20260810_104957/logs/sched_M2__mtbench.log)
08-10 20:48:38 START M3v2__mtbench gpus=[1]
08-10 20:48:38 START M3v2__gsm8k gpus=[3]
08-10 20:48:41 START M3v2__mtbench gpus=[1]
08-10 20:48:41 START M3v2__gsm8k gpus=[3]
08-10 20:49:01 FAIL M3v2__mtbench rc=1 -> RETRY
08-10 20:49:01 FAIL M3v2__gsm8k rc=1 -> RETRY
08-10 20:52:06 SKIP-ARTIFACT M3__mtbench
08-10 20:52:06 SKIP-ARTIFACT M3__gsm8k
08-10 20:52:11 SKIP-ARTIFACT M3v2__mtbench
08-10 20:52:11 SKIP-ARTIFACT M3v2__gsm8k
08-10 20:59:02 START M3v2__humaneval gpus=[2]
08-10 21:01:39 START M3v2__humaneval gpus=[0]
08-10 21:02:29 SKIP-ARTIFACT M3__humaneval
08-10 21:34:08 DONE M3v2__gsm8k
08-10 21:34:50 START M3v2__sharegpt gpus=[3]
08-10 21:38:13 SKIP-ARTIFACT M3v2__sharegpt
08-10 21:38:16 SKIP-ARTIFACT M3__sharegpt
08-10 21:41:21 DONE M3v2__humaneval
08-10 21:42:03 START M2v2__mtbench gpus=[2]
08-10 21:42:03 START M2v2__mtbench gpus=[2]
08-10 21:42:23 FAIL M2v2__mtbench rc=1 -> RETRY
08-10 21:42:23 FAIL M2v2__mtbench rc=1 -> RETRY
08-10 21:43:05 DONE M3v2__humaneval
08-10 21:43:06 START M2v2__mtbench gpus=[2]
08-10 21:43:06 START M2v2__mtbench gpus=[2]
08-10 21:43:26 FAIL M2v2__mtbench rc=1 -> GAVE-UP (see /home/thahn1230/dflash_workspace/dflash/runs/dflash_vanilla_spinquant_novelty_20260810_104957/logs/sched_M2v2__mtbench.log)
08-10 21:43:26 FAIL M2v2__mtbench rc=1 -> GAVE-UP (see /home/thahn1230/dflash_workspace/dflash/runs/dflash_vanilla_spinquant_novelty_20260810_104957/logs/sched_M2v2__mtbench.log)
08-10 21:44:24 SCHEDULER-START
08-10 21:45:07 START M3v2__sharegpt gpus=[0]
08-10 21:45:07 START M2v2__mtbench gpus=[2]
08-10 21:45:49 START M2v3__mtbench gpus=[3]
08-10 22:17:45 FAIL M2v2__mtbench rc=-15 -> RETRY
08-10 22:17:46 SKIP-ARTIFACT M2v2__mtbench
08-10 22:17:46 START HP0_ctxA8__mtbench gpus=[1]
08-10 22:18:28 START HP1_ctxFP16__mtbench gpus=[2]
08-10 22:41:20 DONE M3v2__sharegpt
08-10 22:42:01 DONE M2v3__mtbench
08-10 22:51:22 START V_M3__gsm8kvalid gpus=[0]
08-10 22:51:22 START V_M4a_p2__gsm8kvalid gpus=[3]
08-10 22:58:11 DONE HP0_ctxA8__mtbench
08-10 22:58:52 DONE HP1_ctxFP16__mtbench
08-10 22:58:53 START V_M5_rc__gsm8kvalid gpus=[1]
08-10 22:59:34 START V_M5_rconly__gsm8kvalid gpus=[2]
08-10 23:05:01 DONE V_M3__gsm8kvalid
08-10 23:05:43 DONE V_M4a_p2__gsm8kvalid
08-10 23:05:43 START V_M3id__gsm8kvalid gpus=[0]
08-10 23:08:27 DONE V_M5_rc__gsm8kvalid
08-10 23:09:30 DONE V_M5_rconly__gsm8kvalid
08-10 23:15:04 START M5_p2rc__mtbench gpus=[1]
08-10 23:15:04 START M5_p2rc__gsm8k gpus=[2]
08-10 23:15:04 START M5_p2rc__humaneval gpus=[3]
08-10 23:16:26 START tppl_v2_s2 gpus=[4]
08-10 23:16:26 START M5_p2rc__sharegpt gpus=[5]
08-10 23:16:26 START V_G1__gsm8kvalid gpus=[6]
08-10 23:16:26 START V_G1_rc__gsm8kvalid gpus=[7]
08-10 23:27:06 DONE V_G1_rc__gsm8kvalid
08-10 23:27:46 START M5_rconly__mtbench gpus=[7]
08-10 23:28:46 DONE V_M3id__gsm8kvalid
08-10 23:29:27 START M5_rconly__gsm8k gpus=[0]
08-10 23:31:47 DONE tppl_v2_s2
08-10 23:32:27 START M5_rconly__humaneval gpus=[4]
08-10 23:32:47 DONE V_G1__gsm8kvalid
08-10 23:33:27 START M5_rconly__sharegpt gpus=[6]
08-10 23:39:27 DONE M5_p2rc__humaneval
08-10 23:40:08 START V_M4b_mp3__gsm8kvalid gpus=[3]
08-10 23:44:28 DONE M5_p2rc__gsm8k
08-10 23:48:09 DONE M5_p2rc__sharegpt
08-10 23:53:33 DONE V_M4b_mp3__gsm8kvalid
08-10 23:56:57 DONE M5_p2rc__mtbench
08-10 23:57:17 DONE M5_rconly__humaneval
08-10 23:57:38 DONE M5_rconly__gsm8k
08-11 00:04:12 DONE M5_rconly__sharegpt
08-11 00:12:31 DONE M5_rconly__mtbench
08-11 00:12:32 QUEUE-DRAINED (idle, waiting for appends)
08-11 00:13:53 QUEUE-DRAINED (idle, waiting for appends)
08-11 00:15:14 START rcal_M3_vsq gpus=[0]
08-11 00:15:14 START rcal_M5_p2rc gpus=[1]
08-11 00:15:14 START S2CHK__mtbench gpus=[2]
08-11 00:15:14 START HP2_rcVSa8__mtbench gpus=[3]
08-11 00:17:37 START mech gpus=[4]
08-11 00:17:57 DONE mech
08-11 00:18:39 START qat_pilot_lr3e-3 gpus=[4]
08-11 00:18:39 START qat_pilot_lr1e-2 gpus=[5]
08-11 00:18:39 START qat_pilot_lr3e-2 gpus=[6]
08-11 00:18:39 START qat_pilot_lr1e-1 gpus=[7]
08-11 00:20:59 DONE qat_pilot_lr3e-3
08-11 00:20:59 DONE qat_pilot_lr1e-2
08-11 00:20:59 DONE qat_pilot_lr3e-2
08-11 00:21:19 DONE qat_pilot_lr1e-1
08-11 00:22:21 DONE rcal_M5_p2rc
08-11 00:25:47 FAIL rcal_M3_vsq rc=-15 -> RETRY
08-11 00:25:47 FAIL S2CHK__mtbench rc=-15 -> RETRY
08-11 00:25:47 FAIL HP2_rcVSa8__mtbench rc=-15 -> RETRY
08-11 00:25:48 SKIP-ARTIFACT S2CHK__mtbench
08-11 00:25:48 SKIP-ARTIFACT HP2_rcVSa8__mtbench
08-11 00:25:48 START rcal_M3_vsq gpus=[1]
08-11 00:26:08 FAIL rcal_M3_vsq rc=-15 -> GAVE-UP (see /home/thahn1230/dflash_workspace/dflash/runs/dflash_vanilla_spinquant_novelty_20260810_104957/logs/sched_rcal_M3_vsq.log)
08-11 00:26:09 QUEUE-DRAINED (idle, waiting for appends)
08-11 07:48:05 SCHEDULER-START
08-11 07:48:46 START M3cyc__mtbench gpus=[1]
08-11 07:48:46 START S2CHKv2__mtbench gpus=[2]
08-11 07:48:46 START HP2v2_rcVSa8__mtbench gpus=[3]
08-11 07:48:46 START qat_pilot_lr3e-1 gpus=[4]
08-11 07:48:46 START qat_pilot_lr1e-1b gpus=[5]
08-11 07:49:06 FAIL M3cyc__mtbench rc=1 -> RETRY
08-11 07:49:06 FAIL S2CHKv2__mtbench rc=1 -> RETRY
08-11 07:49:06 FAIL HP2v2_rcVSa8__mtbench rc=1 -> RETRY
08-11 07:49:06 FAIL qat_pilot_lr3e-1 rc=1 -> RETRY
08-11 07:49:06 FAIL qat_pilot_lr1e-1b rc=1 -> RETRY
08-11 07:49:07 START M3cyc__mtbench gpus=[0]
08-11 07:49:07 START S2CHKv2__mtbench gpus=[6]
08-11 07:49:07 START HP2v2_rcVSa8__mtbench gpus=[7]
08-11 07:49:27 FAIL M3cyc__mtbench rc=1 -> GAVE-UP (see /home/thahn1230/dflash_workspace/dflash/runs/dflash_vanilla_spinquant_novelty_20260810_104957/logs/sched_M3cyc__mtbench.log)
08-11 07:49:27 FAIL S2CHKv2__mtbench rc=1 -> GAVE-UP (see /home/thahn1230/dflash_workspace/dflash/runs/dflash_vanilla_spinquant_novelty_20260810_104957/logs/sched_S2CHKv2__mtbench.log)
08-11 07:49:27 FAIL HP2v2_rcVSa8__mtbench rc=1 -> GAVE-UP (see /home/thahn1230/dflash_workspace/dflash/runs/dflash_vanilla_spinquant_novelty_20260810_104957/logs/sched_HP2v2_rcVSa8__mtbench.log)
08-11 07:49:48 START qat_pilot_lr3e-1 gpus=[1]
08-11 07:49:48 START qat_pilot_lr1e-1b gpus=[2]
08-11 07:50:08 FAIL qat_pilot_lr3e-1 rc=1 -> GAVE-UP (see /home/thahn1230/dflash_workspace/dflash/runs/dflash_vanilla_spinquant_novelty_20260810_104957/logs/sched_qat_pilot_lr3e-1.log)
08-11 07:50:08 FAIL qat_pilot_lr1e-1b rc=1 -> GAVE-UP (see /home/thahn1230/dflash_workspace/dflash/runs/dflash_vanilla_spinquant_novelty_20260810_104957/logs/sched_qat_pilot_lr1e-1b.log)
08-11 07:50:29 START M0cyc__mtbench gpus=[0]
08-11 07:50:29 START M0cyc__gsm8k gpus=[3]
08-11 07:50:49 FAIL M0cyc__mtbench rc=1 -> RETRY
08-11 07:50:49 FAIL M0cyc__gsm8k rc=1 -> RETRY
08-11 07:50:49 START M0cyc__mtbench gpus=[1]
08-11 07:50:49 START M0cyc__gsm8k gpus=[2]
08-11 07:51:09 FAIL M0cyc__mtbench rc=1 -> GAVE-UP (see /home/thahn1230/dflash_workspace/dflash/runs/dflash_vanilla_spinquant_novelty_20260810_104957/logs/sched_M0cyc__mtbench.log)
08-11 07:51:09 FAIL M0cyc__gsm8k rc=1 -> GAVE-UP (see /home/thahn1230/dflash_workspace/dflash/runs/dflash_vanilla_spinquant_novelty_20260810_104957/logs/sched_M0cyc__gsm8k.log)
08-11 07:54:46 SCHEDULER-START
08-11 07:55:29 START M3cyc__mtbench gpus=[0]
08-11 07:55:29 START S2CHKv2__mtbench gpus=[1]
08-11 07:55:29 START HP2v2_rcVSa8__mtbench gpus=[2]
08-11 07:55:29 START qat_pilot_lr3e-1 gpus=[3]
08-11 07:55:29 START qat_pilot_lr1e-1b gpus=[4]
08-11 07:55:29 START M0cyc__mtbench gpus=[5]
08-11 07:55:29 START M0cyc__gsm8k gpus=[6]
08-11 07:58:29 DONE qat_pilot_lr3e-1
08-11 07:58:29 DONE qat_pilot_lr1e-1b
08-11 07:58:29 DONE M0cyc__gsm8k
08-11 07:59:10 START qat_pilot_lr1e0 gpus=[3]
08-11 08:00:10 DONE M0cyc__mtbench
08-11 08:00:50 START fidi_gauge gpus=[4]
08-11 08:01:10 DONE fidi_gauge
08-11 08:01:31 DONE qat_pilot_lr1e0
08-11 08:03:33 START qat_main_Q2 gpus=[3]
08-11 08:03:33 START qat_main_Q3 gpus=[4]
08-11 08:03:33 START qat_main_Q5 gpus=[5]
08-11 08:11:35 DONE qat_main_Q5
08-11 08:11:35 START V_Q5__gsm8kvalid gpus=[7]
08-11 08:11:55 DONE qat_main_Q3
08-11 08:12:15 DONE qat_main_Q2
08-11 08:12:15 START V_Q2__gsm8kvalid gpus=[5]
08-11 08:12:36 START V_Q3__gsm8kvalid gpus=[4]
08-11 08:18:37 START qat_main_Q5lr1e-1 gpus=[3]
08-11 08:18:37 START qat_main_Q5lr3e-2 gpus=[6]
08-11 08:23:57 DONE V_Q5__gsm8kvalid
08-11 08:24:37 START fidi_gate_d gpus=[7]
08-11 08:24:57 FAIL fidi_gate_d rc=1 -> RETRY
08-11 08:24:57 SKIP-ARTIFACT fidi_gate_d
08-11 08:25:37 START fidi_cap_R0__mtbench gpus=[7]
08-11 08:26:17 DONE V_Q3__gsm8kvalid
08-11 08:26:17 DONE qat_main_Q5lr3e-2
08-11 08:26:38 DONE V_Q2__gsm8kvalid
08-11 08:26:38 DONE qat_main_Q5lr1e-1
08-11 08:26:58 START fidi_cap_R0__gsm8k gpus=[4]
08-11 08:26:58 START fidi_cap_R0q__mtbench gpus=[6]
08-11 08:27:18 START fidi_gate_d2 gpus=[3]
08-11 08:27:18 START V_Q5b__gsm8kvalid gpus=[5]
08-11 08:28:38 DONE fidi_gate_d2
08-11 08:29:18 START fidi_gate_d3 gpus=[3]
08-11 08:30:38 DONE fidi_gate_d3
08-11 08:31:18 START fidi_smoothcal gpus=[3]
08-11 08:31:58 DONE fidi_smoothcal
08-11 08:32:39 START fidi_cap_R0q__gsm8k gpus=[3]
08-11 08:32:59 DONE S2CHKv2__mtbench
08-11 08:33:39 START fidi_cap_R1f__mtbench gpus=[1]
08-11 08:47:19 DONE fidi_cap_R1f__mtbench
08-11 08:47:59 START fidi_cap_R1f__gsm8k gpus=[1]
08-11 08:53:19 DONE V_Q5b__gsm8kvalid
08-11 08:53:59 DONE fidi_cap_R0__mtbench
08-11 08:53:59 DONE fidi_cap_R0__gsm8k
08-11 08:53:59 START V_Q5bp2__gsm8kvalid gpus=[5]
08-11 08:54:40 START fidi_cap_R1__mtbench gpus=[4]
08-11 08:54:40 START fidi_cap_R1__gsm8k gpus=[7]
08-11 08:56:40 DONE fidi_cap_R1f__gsm8k
08-11 08:57:20 START fidi_cap_R2__mtbench gpus=[1]
08-11 09:02:00 DONE fidi_cap_R0q__mtbench
08-11 09:02:00 DONE fidi_cap_R0q__gsm8k
08-11 09:02:40 START fidi_cap_R2__gsm8k gpus=[3]
08-11 09:02:40 START fidi_cap_R3__mtbench gpus=[6]
08-11 09:14:00 DONE V_Q5bp2__gsm8kvalid
08-11 09:14:40 START M6__mtbench gpus=[5]
08-11 09:15:00 DONE HP2v2_rcVSa8__mtbench
08-11 09:15:40 START M6__gsm8k gpus=[2]
08-11 09:23:40 DONE fidi_cap_R1__gsm8k
08-11 09:24:21 START M6__humaneval gpus=[7]
08-11 09:35:01 DONE fidi_cap_R2__mtbench
08-11 09:35:41 START M6__sharegpt gpus=[1]
08-11 09:39:41 DONE fidi_cap_R1__mtbench
08-11 09:40:21 START fidi_cap_R3__gsm8k gpus=[4]
08-11 09:41:01 FAIL M6__sharegpt rc=1 -> RETRY
08-11 09:41:41 START M6__sharegpt gpus=[1]
08-11 09:44:41 DONE fidi_cap_R2__gsm8k
08-11 09:45:21 START fidi_cap_R4__mtbench gpus=[3]
08-11 09:46:41 FAIL M6__sharegpt rc=1 -> GAVE-UP (see /home/thahn1230/dflash_workspace/dflash/runs/dflash_vanilla_spinquant_novelty_20260810_104957/logs/sched_M6__sharegpt.log)
08-11 09:47:21 START M0shk__sharegpt gpus=[1]
08-11 09:56:01 DONE M0shk__sharegpt
08-11 09:56:42 START M6v2__sharegpt gpus=[1]
08-11 10:07:22 DONE fidi_cap_R3__gsm8k
08-11 10:08:02 START fidi_cap_R4__gsm8k gpus=[4]
08-11 10:09:22 DONE M6__humaneval
08-11 10:10:02 START fidi_weights gpus=[7]
08-11 10:15:02 DONE M6__gsm8k
08-11 10:15:42 START fidi_qkvo_ce gpus=[2]
08-11 10:18:02 DONE fidi_weights
08-11 10:18:42 START fidi_awdecomp gpus=[7]
08-11 10:21:02 DONE fidi_qkvo_ce
08-11 10:21:43 START fidi_alignment gpus=[2]
08-11 10:22:23 DONE fidi_alignment
08-11 10:23:03 START V_restq__gsm8kvalid gpus=[2]
08-11 10:24:43 DONE fidi_awdecomp
08-11 10:25:23 START V_onlyq__gsm8kvalid gpus=[7]
08-11 10:26:43 DONE fidi_cap_R4__mtbench
08-11 10:27:23 START V_restk__gsm8kvalid gpus=[3]
08-11 10:39:23 DONE M3cyc__mtbench
08-11 10:40:03 DONE fidi_cap_R3__mtbench
08-11 10:40:03 START rcal_M3cyc gpus=[0]
08-11 10:40:23 DONE V_onlyq__gsm8kvalid
08-11 10:40:43 START V_onlyk__gsm8kvalid gpus=[6]
08-11 10:41:03 DONE M6__mtbench
08-11 10:41:04 START V_restv__gsm8kvalid gpus=[7]
08-11 10:41:44 START V_onlyv__gsm8kvalid gpus=[5]
08-11 10:43:04 DONE fidi_cap_R4__gsm8k
08-11 10:43:44 START V_resto__gsm8kvalid gpus=[4]
08-11 10:45:24 DONE V_restq__gsm8kvalid
08-11 10:46:04 START V_onlyo__gsm8kvalid gpus=[2]
08-11 10:46:24 DONE V_restk__gsm8kvalid
08-11 10:47:04 START V_I7m3__gsm8kvalid gpus=[3]
08-11 10:51:44 DONE M6v2__sharegpt
08-11 10:52:24 START V_I7m5__gsm8kvalid gpus=[1]
08-11 10:53:44 DONE V_onlyk__gsm8kvalid
08-11 10:55:25 DONE V_restv__gsm8kvalid
08-11 10:55:45 DONE rcal_M3cyc
08-11 10:56:05 DONE V_onlyo__gsm8kvalid
08-11 10:56:25 DONE V_onlyv__gsm8kvalid
08-11 10:59:27 DONE V_resto__gsm8kvalid
08-11 11:02:50 DONE V_I7m5__gsm8kvalid
08-11 11:09:17 DONE V_I7m3__gsm8kvalid
08-11 11:09:17 QUEUE-DRAINED (idle, waiting for appends)
08-11 11:10:38 QUEUE-DRAINED (idle, waiting for appends)
08-11 11:11:58 QUEUE-DRAINED (idle, waiting for appends)
08-11 11:13:19 QUEUE-DRAINED (idle, waiting for appends)
08-11 11:14:39 QUEUE-DRAINED (idle, waiting for appends)
08-11 11:16:00 QUEUE-DRAINED (idle, waiting for appends)
08-11 11:17:20 QUEUE-DRAINED (idle, waiting for appends)
08-11 11:18:41 QUEUE-DRAINED (idle, waiting for appends)
08-11 11:20:01 QUEUE-DRAINED (idle, waiting for appends)
08-11 11:21:21 QUEUE-DRAINED (idle, waiting for appends)
08-11 11:22:42 QUEUE-DRAINED (idle, waiting for appends)
08-11 11:24:02 START qat_main_Q6 gpus=[0]
08-11 11:24:02 START rcal_M6 gpus=[1]
08-11 11:24:02 START V_RCrand__gsm8kvalid gpus=[2]
08-11 11:24:02 START V_RChad__gsm8kvalid gpus=[3]
08-11 11:31:27 DONE rcal_M6
08-11 11:31:47 DONE qat_main_Q6
08-11 11:31:47 START V_Q6__gsm8kvalid gpus=[4]
08-11 11:35:30 DONE V_RCrand__gsm8kvalid
08-11 11:35:50 DONE V_RChad__gsm8kvalid
08-11 11:41:36 DONE V_Q6__gsm8kvalid
08-11 11:41:37 QUEUE-DRAINED (idle, waiting for appends)
08-11 11:42:57 QUEUE-DRAINED (idle, waiting for appends)
08-11 11:44:18 QUEUE-DRAINED (idle, waiting for appends)
08-11 11:45:38 QUEUE-DRAINED (idle, waiting for appends)
08-11 11:46:58 QUEUE-DRAINED (idle, waiting for appends)
08-11 14:22:45 SCHEDULER-START
08-11 14:22:46 SKIP-ARTIFACT M6__sharegpt
08-11 14:22:46 QUEUE-DRAINED (idle, waiting for appends)
08-11 14:24:27 START fstraj_humaneval gpus=[0]
08-11 14:24:27 START fstraj_sharegpt gpus=[1]
08-11 14:24:27 START fscap_mtbench gpus=[2]
08-11 14:24:27 START fscap_gsm8k gpus=[3]
08-11 14:25:27 DONE fstraj_humaneval
08-11 14:25:27 START fscap_humaneval gpus=[4]
08-11 14:26:28 DONE fstraj_sharegpt
08-11 14:26:28 START fscap_sharegpt gpus=[0]
08-11 14:43:36 DONE fscap_gsm8k
08-11 14:44:57 DONE fscap_humaneval
08-11 14:46:18 DONE fscap_sharegpt
08-11 14:51:03 DONE fscap_mtbench
08-11 14:51:03 START fsplots gpus=[0]
08-11 15:04:38 DONE fsplots
08-11 15:04:38 START fsfinal gpus=[1]
08-11 15:04:58 DONE fsfinal
08-11 15:04:59 START fsverify gpus=[2]
08-11 15:05:19 DONE fsverify
08-11 15:05:19 START fscommit gpus=[0]
08-11 15:07:01 DONE fscommit
08-11 15:07:01 QUEUE-DRAINED (idle, waiting for appends)
08-11 15:08:21 QUEUE-DRAINED (idle, waiting for appends)
08-11 15:09:42 QUEUE-DRAINED (idle, waiting for appends)
08-11 15:11:02 QUEUE-DRAINED (idle, waiting for appends)
08-11 15:12:23 QUEUE-DRAINED (idle, waiting for appends)
08-11 15:13:43 QUEUE-DRAINED (idle, waiting for appends)
08-11 15:15:04 QUEUE-DRAINED (idle, waiting for appends)
08-11 15:16:24 QUEUE-DRAINED (idle, waiting for appends)
08-11 15:17:44 QUEUE-DRAINED (idle, waiting for appends)
08-11 15:19:05 QUEUE-DRAINED (idle, waiting for appends)
08-11 15:20:25 QUEUE-DRAINED (idle, waiting for appends)
08-11 15:21:46 QUEUE-DRAINED (idle, waiting for appends)
08-11 15:23:06 QUEUE-DRAINED (idle, waiting for appends)
08-11 15:24:27 QUEUE-DRAINED (idle, waiting for appends)
08-11 15:25:47 QUEUE-DRAINED (idle, waiting for appends)
08-11 15:27:07 QUEUE-DRAINED (idle, waiting for appends)
08-11 15:28:28 QUEUE-DRAINED (idle, waiting for appends)
08-11 15:29:48 QUEUE-DRAINED (idle, waiting for appends)
08-11 15:31:09 QUEUE-DRAINED (idle, waiting for appends)
08-11 15:32:29 QUEUE-DRAINED (idle, waiting for appends)
08-11 15:33:50 QUEUE-DRAINED (idle, waiting for appends)
08-11 15:35:10 QUEUE-DRAINED (idle, waiting for appends)
08-11 15:36:30 QUEUE-DRAINED (idle, waiting for appends)
08-11 15:37:51 QUEUE-DRAINED (idle, waiting for appends)
08-11 15:39:11 QUEUE-DRAINED (idle, waiting for appends)
08-11 15:40:32 QUEUE-DRAINED (idle, waiting for appends)
08-11 15:41:52 QUEUE-DRAINED (idle, waiting for appends)
08-11 15:43:12 QUEUE-DRAINED (idle, waiting for appends)
08-11 15:44:33 QUEUE-DRAINED (idle, waiting for appends)
08-11 15:45:53 QUEUE-DRAINED (idle, waiting for appends)
08-11 15:47:14 QUEUE-DRAINED (idle, waiting for appends)
08-11 15:48:34 QUEUE-DRAINED (idle, waiting for appends)
08-11 15:49:54 QUEUE-DRAINED (idle, waiting for appends)
08-11 15:51:15 QUEUE-DRAINED (idle, waiting for appends)
08-11 15:52:35 QUEUE-DRAINED (idle, waiting for appends)
08-11 15:53:56 QUEUE-DRAINED (idle, waiting for appends)
08-11 15:55:16 QUEUE-DRAINED (idle, waiting for appends)
08-11 15:56:36 QUEUE-DRAINED (idle, waiting for appends)
08-11 15:57:57 QUEUE-DRAINED (idle, waiting for appends)
08-11 15:59:17 QUEUE-DRAINED (idle, waiting for appends)
08-11 16:00:38 QUEUE-DRAINED (idle, waiting for appends)
08-11 16:01:58 QUEUE-DRAINED (idle, waiting for appends)
08-11 16:03:18 QUEUE-DRAINED (idle, waiting for appends)
08-11 16:04:39 QUEUE-DRAINED (idle, waiting for appends)
08-11 16:05:59 QUEUE-DRAINED (idle, waiting for appends)
08-11 16:07:20 QUEUE-DRAINED (idle, waiting for appends)
08-11 16:08:40 QUEUE-DRAINED (idle, waiting for appends)
08-11 16:10:01 QUEUE-DRAINED (idle, waiting for appends)
08-11 16:11:21 QUEUE-DRAINED (idle, waiting for appends)
08-11 16:12:42 QUEUE-DRAINED (idle, waiting for appends)
08-11 16:14:02 QUEUE-DRAINED (idle, waiting for appends)
08-11 16:15:22 QUEUE-DRAINED (idle, waiting for appends)
08-11 16:16:43 QUEUE-DRAINED (idle, waiting for appends)
08-11 16:18:03 QUEUE-DRAINED (idle, waiting for appends)
08-11 16:19:24 QUEUE-DRAINED (idle, waiting for appends)
08-11 16:20:44 QUEUE-DRAINED (idle, waiting for appends)
08-11 16:22:05 QUEUE-DRAINED (idle, waiting for appends)
08-11 16:23:25 QUEUE-DRAINED (idle, waiting for appends)
08-11 16:24:46 QUEUE-DRAINED (idle, waiting for appends)
08-11 16:26:06 QUEUE-DRAINED (idle, waiting for appends)
08-11 16:27:26 QUEUE-DRAINED (idle, waiting for appends)
08-11 16:28:47 QUEUE-DRAINED (idle, waiting for appends)
08-11 16:30:07 QUEUE-DRAINED (idle, waiting for appends)
08-11 16:31:28 QUEUE-DRAINED (idle, waiting for appends)
08-11 16:32:48 QUEUE-DRAINED (idle, waiting for appends)
08-11 16:34:09 QUEUE-DRAINED (idle, waiting for appends)
08-11 16:35:29 QUEUE-DRAINED (idle, waiting for appends)
08-11 16:36:50 QUEUE-DRAINED (idle, waiting for appends)
08-11 16:38:10 QUEUE-DRAINED (idle, waiting for appends)
08-11 16:39:31 QUEUE-DRAINED (idle, waiting for appends)
08-11 16:40:51 QUEUE-DRAINED (idle, waiting for appends)
08-11 16:42:11 QUEUE-DRAINED (idle, waiting for appends)
08-11 16:43:32 QUEUE-DRAINED (idle, waiting for appends)
08-11 16:44:52 QUEUE-DRAINED (idle, waiting for appends)
08-11 16:46:13 QUEUE-DRAINED (idle, waiting for appends)
08-11 16:47:33 QUEUE-DRAINED (idle, waiting for appends)
08-11 16:48:54 QUEUE-DRAINED (idle, waiting for appends)
08-11 16:50:14 QUEUE-DRAINED (idle, waiting for appends)
08-11 16:51:34 QUEUE-DRAINED (idle, waiting for appends)
08-11 16:52:55 QUEUE-DRAINED (idle, waiting for appends)
08-11 16:54:15 QUEUE-DRAINED (idle, waiting for appends)
08-11 16:55:36 QUEUE-DRAINED (idle, waiting for appends)
08-11 16:56:56 QUEUE-DRAINED (idle, waiting for appends)
08-11 16:58:17 QUEUE-DRAINED (idle, waiting for appends)
08-11 16:59:37 QUEUE-DRAINED (idle, waiting for appends)
08-11 17:00:58 QUEUE-DRAINED (idle, waiting for appends)
08-11 17:02:18 QUEUE-DRAINED (idle, waiting for appends)
08-11 17:03:39 QUEUE-DRAINED (idle, waiting for appends)
08-11 17:04:59 QUEUE-DRAINED (idle, waiting for appends)
08-11 17:06:19 QUEUE-DRAINED (idle, waiting for appends)
08-11 17:07:40 QUEUE-DRAINED (idle, waiting for appends)
08-11 17:09:00 QUEUE-DRAINED (idle, waiting for appends)
08-11 17:10:21 QUEUE-DRAINED (idle, waiting for appends)
08-11 17:11:41 QUEUE-DRAINED (idle, waiting for appends)
08-11 17:13:01 QUEUE-DRAINED (idle, waiting for appends)
08-11 17:14:22 QUEUE-DRAINED (idle, waiting for appends)
08-11 17:15:42 QUEUE-DRAINED (idle, waiting for appends)
08-11 17:17:03 QUEUE-DRAINED (idle, waiting for appends)
08-11 17:18:23 QUEUE-DRAINED (idle, waiting for appends)
08-11 17:19:44 QUEUE-DRAINED (idle, waiting for appends)
08-11 17:21:04 QUEUE-DRAINED (idle, waiting for appends)
08-11 17:22:25 QUEUE-DRAINED (idle, waiting for appends)
08-11 17:23:45 QUEUE-DRAINED (idle, waiting for appends)
08-11 17:25:05 QUEUE-DRAINED (idle, waiting for appends)
08-11 17:26:26 QUEUE-DRAINED (idle, waiting for appends)
08-11 17:27:46 QUEUE-DRAINED (idle, waiting for appends)
08-11 17:29:07 QUEUE-DRAINED (idle, waiting for appends)
08-11 17:30:27 QUEUE-DRAINED (idle, waiting for appends)
08-11 17:31:48 QUEUE-DRAINED (idle, waiting for appends)
08-11 17:33:08 QUEUE-DRAINED (idle, waiting for appends)
08-11 17:34:29 QUEUE-DRAINED (idle, waiting for appends)
08-11 17:35:49 QUEUE-DRAINED (idle, waiting for appends)
08-11 17:37:09 QUEUE-DRAINED (idle, waiting for appends)
08-11 17:38:30 QUEUE-DRAINED (idle, waiting for appends)
08-11 17:39:50 QUEUE-DRAINED (idle, waiting for appends)
08-11 17:41:11 QUEUE-DRAINED (idle, waiting for appends)
08-11 17:42:31 QUEUE-DRAINED (idle, waiting for appends)
08-11 17:43:52 QUEUE-DRAINED (idle, waiting for appends)
08-11 17:45:12 QUEUE-DRAINED (idle, waiting for appends)
08-11 17:46:33 QUEUE-DRAINED (idle, waiting for appends)
08-11 17:47:53 QUEUE-DRAINED (idle, waiting for appends)
08-11 17:49:13 QUEUE-DRAINED (idle, waiting for appends)
08-11 17:50:34 QUEUE-DRAINED (idle, waiting for appends)
08-11 17:51:54 QUEUE-DRAINED (idle, waiting for appends)
08-11 17:53:15 QUEUE-DRAINED (idle, waiting for appends)
08-11 17:54:35 QUEUE-DRAINED (idle, waiting for appends)
08-11 17:55:56 QUEUE-DRAINED (idle, waiting for appends)
08-11 17:57:16 QUEUE-DRAINED (idle, waiting for appends)
08-11 17:58:36 QUEUE-DRAINED (idle, waiting for appends)
08-11 17:59:57 QUEUE-DRAINED (idle, waiting for appends)
08-11 18:01:17 QUEUE-DRAINED (idle, waiting for appends)
08-11 18:02:38 QUEUE-DRAINED (idle, waiting for appends)
08-11 18:03:58 QUEUE-DRAINED (idle, waiting for appends)
08-11 18:05:19 QUEUE-DRAINED (idle, waiting for appends)
08-11 18:06:39 QUEUE-DRAINED (idle, waiting for appends)
08-11 18:08:00 QUEUE-DRAINED (idle, waiting for appends)
08-11 18:09:20 QUEUE-DRAINED (idle, waiting for appends)
08-11 18:10:40 QUEUE-DRAINED (idle, waiting for appends)
08-11 18:12:01 QUEUE-DRAINED (idle, waiting for appends)
08-11 18:13:21 QUEUE-DRAINED (idle, waiting for appends)
08-11 18:14:42 QUEUE-DRAINED (idle, waiting for appends)
08-11 18:16:02 QUEUE-DRAINED (idle, waiting for appends)
08-11 18:17:23 QUEUE-DRAINED (idle, waiting for appends)
08-11 18:18:43 QUEUE-DRAINED (idle, waiting for appends)
08-11 18:20:04 QUEUE-DRAINED (idle, waiting for appends)
08-11 18:21:24 QUEUE-DRAINED (idle, waiting for appends)
08-11 18:22:44 QUEUE-DRAINED (idle, waiting for appends)
08-11 18:24:05 QUEUE-DRAINED (idle, waiting for appends)
08-11 18:25:25 QUEUE-DRAINED (idle, waiting for appends)
08-11 18:26:46 QUEUE-DRAINED (idle, waiting for appends)
08-11 18:28:06 QUEUE-DRAINED (idle, waiting for appends)
08-11 18:29:27 QUEUE-DRAINED (idle, waiting for appends)
08-11 18:30:47 QUEUE-DRAINED (idle, waiting for appends)
08-11 18:32:08 QUEUE-DRAINED (idle, waiting for appends)
08-11 18:33:28 QUEUE-DRAINED (idle, waiting for appends)
08-11 18:34:48 QUEUE-DRAINED (idle, waiting for appends)
08-11 18:36:09 QUEUE-DRAINED (idle, waiting for appends)
08-11 18:37:29 QUEUE-DRAINED (idle, waiting for appends)
08-11 18:38:50 QUEUE-DRAINED (idle, waiting for appends)
08-11 18:40:10 QUEUE-DRAINED (idle, waiting for appends)
08-11 18:41:31 QUEUE-DRAINED (idle, waiting for appends)
08-11 18:42:51 QUEUE-DRAINED (idle, waiting for appends)
08-11 18:44:12 QUEUE-DRAINED (idle, waiting for appends)
08-11 18:45:32 QUEUE-DRAINED (idle, waiting for appends)
08-11 18:46:52 QUEUE-DRAINED (idle, waiting for appends)
08-11 18:48:13 QUEUE-DRAINED (idle, waiting for appends)
08-11 18:49:33 QUEUE-DRAINED (idle, waiting for appends)
08-11 18:50:54 QUEUE-DRAINED (idle, waiting for appends)
08-11 18:52:14 QUEUE-DRAINED (idle, waiting for appends)
08-11 18:53:35 QUEUE-DRAINED (idle, waiting for appends)
08-11 18:54:55 QUEUE-DRAINED (idle, waiting for appends)
08-11 18:56:16 QUEUE-DRAINED (idle, waiting for appends)
08-11 18:57:36 QUEUE-DRAINED (idle, waiting for appends)
08-11 18:58:56 QUEUE-DRAINED (idle, waiting for appends)
08-11 19:00:17 QUEUE-DRAINED (idle, waiting for appends)
08-11 19:01:37 QUEUE-DRAINED (idle, waiting for appends)
08-11 19:02:58 QUEUE-DRAINED (idle, waiting for appends)
08-11 19:04:18 QUEUE-DRAINED (idle, waiting for appends)
08-11 19:05:39 QUEUE-DRAINED (idle, waiting for appends)
08-11 19:06:59 QUEUE-DRAINED (idle, waiting for appends)
08-11 19:08:20 QUEUE-DRAINED (idle, waiting for appends)
08-11 19:09:40 QUEUE-DRAINED (idle, waiting for appends)
08-11 19:11:01 QUEUE-DRAINED (idle, waiting for appends)
08-11 19:12:21 QUEUE-DRAINED (idle, waiting for appends)
08-11 19:13:41 QUEUE-DRAINED (idle, waiting for appends)
08-11 19:15:02 QUEUE-DRAINED (idle, waiting for appends)
08-11 19:16:22 QUEUE-DRAINED (idle, waiting for appends)
08-11 19:17:43 QUEUE-DRAINED (idle, waiting for appends)
08-11 19:19:03 QUEUE-DRAINED (idle, waiting for appends)
08-11 19:20:24 QUEUE-DRAINED (idle, waiting for appends)
08-11 19:21:44 QUEUE-DRAINED (idle, waiting for appends)
08-11 19:23:05 QUEUE-DRAINED (idle, waiting for appends)
08-11 19:24:25 QUEUE-DRAINED (idle, waiting for appends)
08-11 19:25:46 QUEUE-DRAINED (idle, waiting for appends)
08-11 19:27:06 QUEUE-DRAINED (idle, waiting for appends)
08-11 19:28:26 QUEUE-DRAINED (idle, waiting for appends)
08-11 19:29:47 QUEUE-DRAINED (idle, waiting for appends)
08-11 19:31:07 QUEUE-DRAINED (idle, waiting for appends)
08-11 19:32:28 QUEUE-DRAINED (idle, waiting for appends)
08-11 19:33:48 QUEUE-DRAINED (idle, waiting for appends)
08-11 19:35:09 QUEUE-DRAINED (idle, waiting for appends)
08-11 19:36:29 QUEUE-DRAINED (idle, waiting for appends)
08-11 19:37:50 QUEUE-DRAINED (idle, waiting for appends)
08-11 19:39:10 QUEUE-DRAINED (idle, waiting for appends)
08-11 19:40:31 QUEUE-DRAINED (idle, waiting for appends)
08-11 19:41:51 QUEUE-DRAINED (idle, waiting for appends)
08-11 19:43:11 QUEUE-DRAINED (idle, waiting for appends)
08-11 19:44:32 QUEUE-DRAINED (idle, waiting for appends)
08-11 19:45:52 QUEUE-DRAINED (idle, waiting for appends)
08-11 19:47:13 QUEUE-DRAINED (idle, waiting for appends)
08-11 19:48:33 QUEUE-DRAINED (idle, waiting for appends)
08-11 19:49:54 QUEUE-DRAINED (idle, waiting for appends)
08-11 19:51:14 QUEUE-DRAINED (idle, waiting for appends)
08-11 19:52:34 QUEUE-DRAINED (idle, waiting for appends)
08-11 19:53:55 QUEUE-DRAINED (idle, waiting for appends)
08-11 19:55:15 QUEUE-DRAINED (idle, waiting for appends)
08-11 19:56:35 QUEUE-DRAINED (idle, waiting for appends)
08-11 19:57:56 QUEUE-DRAINED (idle, waiting for appends)
08-11 19:59:16 QUEUE-DRAINED (idle, waiting for appends)
08-11 20:00:37 QUEUE-DRAINED (idle, waiting for appends)
08-11 20:01:57 QUEUE-DRAINED (idle, waiting for appends)
08-11 20:03:18 QUEUE-DRAINED (idle, waiting for appends)
08-11 20:04:38 QUEUE-DRAINED (idle, waiting for appends)
08-11 20:05:58 QUEUE-DRAINED (idle, waiting for appends)
08-11 20:07:19 QUEUE-DRAINED (idle, waiting for appends)
08-11 20:08:39 QUEUE-DRAINED (idle, waiting for appends)
08-11 20:10:00 QUEUE-DRAINED (idle, waiting for appends)
08-11 20:11:20 QUEUE-DRAINED (idle, waiting for appends)
08-11 20:12:41 QUEUE-DRAINED (idle, waiting for appends)
08-11 20:14:01 QUEUE-DRAINED (idle, waiting for appends)
08-11 20:15:21 QUEUE-DRAINED (idle, waiting for appends)
08-11 20:16:42 QUEUE-DRAINED (idle, waiting for appends)
08-11 20:18:02 QUEUE-DRAINED (idle, waiting for appends)
08-11 20:19:23 QUEUE-DRAINED (idle, waiting for appends)
08-11 20:20:43 QUEUE-DRAINED (idle, waiting for appends)
08-11 20:22:03 QUEUE-DRAINED (idle, waiting for appends)
08-11 20:23:24 QUEUE-DRAINED (idle, waiting for appends)
08-11 20:24:44 QUEUE-DRAINED (idle, waiting for appends)
08-11 20:26:05 QUEUE-DRAINED (idle, waiting for appends)
08-11 20:27:25 QUEUE-DRAINED (idle, waiting for appends)
08-11 20:28:45 QUEUE-DRAINED (idle, waiting for appends)
08-11 20:30:06 QUEUE-DRAINED (idle, waiting for appends)
08-11 20:31:26 QUEUE-DRAINED (idle, waiting for appends)
08-11 20:32:47 QUEUE-DRAINED (idle, waiting for appends)
08-11 20:34:07 QUEUE-DRAINED (idle, waiting for appends)
08-11 20:35:27 QUEUE-DRAINED (idle, waiting for appends)
08-11 20:36:48 QUEUE-DRAINED (idle, waiting for appends)
08-11 20:38:08 QUEUE-DRAINED (idle, waiting for appends)
08-11 20:39:29 QUEUE-DRAINED (idle, waiting for appends)
08-11 20:40:49 QUEUE-DRAINED (idle, waiting for appends)
08-11 20:42:09 QUEUE-DRAINED (idle, waiting for appends)
08-11 20:43:30 QUEUE-DRAINED (idle, waiting for appends)
08-11 20:44:50 QUEUE-DRAINED (idle, waiting for appends)
08-11 20:46:11 QUEUE-DRAINED (idle, waiting for appends)
08-11 20:47:31 QUEUE-DRAINED (idle, waiting for appends)
08-11 20:48:52 QUEUE-DRAINED (idle, waiting for appends)
08-11 20:50:12 QUEUE-DRAINED (idle, waiting for appends)
08-11 20:51:32 QUEUE-DRAINED (idle, waiting for appends)
08-11 20:52:53 QUEUE-DRAINED (idle, waiting for appends)
08-11 20:54:13 QUEUE-DRAINED (idle, waiting for appends)
08-11 20:55:34 QUEUE-DRAINED (idle, waiting for appends)
08-11 20:56:54 QUEUE-DRAINED (idle, waiting for appends)
08-11 20:58:14 QUEUE-DRAINED (idle, waiting for appends)
08-11 20:59:35 QUEUE-DRAINED (idle, waiting for appends)
08-11 21:00:55 QUEUE-DRAINED (idle, waiting for appends)
08-11 21:02:16 QUEUE-DRAINED (idle, waiting for appends)
08-11 21:03:36 QUEUE-DRAINED (idle, waiting for appends)
08-11 21:04:57 QUEUE-DRAINED (idle, waiting for appends)
08-11 21:06:17 QUEUE-DRAINED (idle, waiting for appends)
08-11 21:07:37 QUEUE-DRAINED (idle, waiting for appends)
08-11 21:08:58 QUEUE-DRAINED (idle, waiting for appends)
08-11 21:10:18 QUEUE-DRAINED (idle, waiting for appends)
08-11 21:11:39 QUEUE-DRAINED (idle, waiting for appends)
08-11 21:12:59 QUEUE-DRAINED (idle, waiting for appends)
08-11 21:14:20 QUEUE-DRAINED (idle, waiting for appends)
08-11 21:15:40 QUEUE-DRAINED (idle, waiting for appends)
08-11 21:17:00 QUEUE-DRAINED (idle, waiting for appends)
08-11 21:18:21 QUEUE-DRAINED (idle, waiting for appends)
08-11 21:19:41 QUEUE-DRAINED (idle, waiting for appends)
08-11 21:21:02 QUEUE-DRAINED (idle, waiting for appends)
08-11 21:22:22 QUEUE-DRAINED (idle, waiting for appends)
08-11 21:23:43 QUEUE-DRAINED (idle, waiting for appends)
08-11 21:25:03 QUEUE-DRAINED (idle, waiting for appends)
08-11 21:26:23 QUEUE-DRAINED (idle, waiting for appends)
08-11 21:27:44 QUEUE-DRAINED (idle, waiting for appends)
08-11 21:29:04 QUEUE-DRAINED (idle, waiting for appends)
08-11 21:30:25 QUEUE-DRAINED (idle, waiting for appends)
08-11 21:31:45 QUEUE-DRAINED (idle, waiting for appends)
08-11 21:33:05 QUEUE-DRAINED (idle, waiting for appends)
08-11 21:34:26 QUEUE-DRAINED (idle, waiting for appends)
08-11 21:35:46 QUEUE-DRAINED (idle, waiting for appends)
08-11 21:37:07 QUEUE-DRAINED (idle, waiting for appends)
08-11 21:38:27 QUEUE-DRAINED (idle, waiting for appends)
08-11 21:39:48 QUEUE-DRAINED (idle, waiting for appends)
08-11 21:41:08 QUEUE-DRAINED (idle, waiting for appends)
08-11 21:42:28 QUEUE-DRAINED (idle, waiting for appends)
08-11 21:43:49 QUEUE-DRAINED (idle, waiting for appends)
08-11 21:45:09 QUEUE-DRAINED (idle, waiting for appends)
08-11 21:46:30 QUEUE-DRAINED (idle, waiting for appends)
08-11 21:47:50 QUEUE-DRAINED (idle, waiting for appends)
08-11 21:49:10 QUEUE-DRAINED (idle, waiting for appends)
08-11 21:50:31 QUEUE-DRAINED (idle, waiting for appends)
08-11 21:51:51 QUEUE-DRAINED (idle, waiting for appends)
08-11 21:53:12 QUEUE-DRAINED (idle, waiting for appends)
08-11 21:54:32 QUEUE-DRAINED (idle, waiting for appends)
08-11 21:55:52 QUEUE-DRAINED (idle, waiting for appends)
08-11 21:57:13 QUEUE-DRAINED (idle, waiting for appends)
08-11 21:58:33 QUEUE-DRAINED (idle, waiting for appends)
08-11 21:59:53 QUEUE-DRAINED (idle, waiting for appends)
08-11 22:01:14 QUEUE-DRAINED (idle, waiting for appends)
08-11 22:02:34 QUEUE-DRAINED (idle, waiting for appends)
08-11 22:03:55 QUEUE-DRAINED (idle, waiting for appends)
08-11 22:05:15 QUEUE-DRAINED (idle, waiting for appends)
08-11 22:06:36 QUEUE-DRAINED (idle, waiting for appends)
08-11 22:07:56 QUEUE-DRAINED (idle, waiting for appends)
08-11 22:09:16 QUEUE-DRAINED (idle, waiting for appends)
08-11 22:10:37 QUEUE-DRAINED (idle, waiting for appends)
08-11 22:11:57 QUEUE-DRAINED (idle, waiting for appends)
08-11 22:13:18 QUEUE-DRAINED (idle, waiting for appends)
08-11 22:14:38 QUEUE-DRAINED (idle, waiting for appends)
08-11 22:15:58 QUEUE-DRAINED (idle, waiting for appends)
08-11 22:17:19 QUEUE-DRAINED (idle, waiting for appends)
08-11 22:18:39 QUEUE-DRAINED (idle, waiting for appends)
08-11 22:20:00 QUEUE-DRAINED (idle, waiting for appends)
08-11 22:21:20 QUEUE-DRAINED (idle, waiting for appends)
08-11 22:22:40 QUEUE-DRAINED (idle, waiting for appends)
08-11 22:24:01 QUEUE-DRAINED (idle, waiting for appends)
08-11 22:25:21 QUEUE-DRAINED (idle, waiting for appends)
08-11 22:26:42 QUEUE-DRAINED (idle, waiting for appends)
08-11 22:28:02 QUEUE-DRAINED (idle, waiting for appends)
08-11 22:29:23 QUEUE-DRAINED (idle, waiting for appends)
08-11 22:30:43 QUEUE-DRAINED (idle, waiting for appends)
08-11 22:32:03 QUEUE-DRAINED (idle, waiting for appends)
08-11 22:33:24 QUEUE-DRAINED (idle, waiting for appends)
08-11 22:34:44 QUEUE-DRAINED (idle, waiting for appends)
08-11 22:36:05 QUEUE-DRAINED (idle, waiting for appends)
08-11 22:37:25 QUEUE-DRAINED (idle, waiting for appends)
08-11 22:38:45 QUEUE-DRAINED (idle, waiting for appends)
08-11 22:40:06 QUEUE-DRAINED (idle, waiting for appends)
08-11 22:41:26 QUEUE-DRAINED (idle, waiting for appends)
08-11 22:42:47 QUEUE-DRAINED (idle, waiting for appends)
08-11 22:44:07 QUEUE-DRAINED (idle, waiting for appends)
08-11 22:45:27 QUEUE-DRAINED (idle, waiting for appends)
08-11 22:46:48 QUEUE-DRAINED (idle, waiting for appends)
08-11 22:48:08 QUEUE-DRAINED (idle, waiting for appends)
08-11 22:49:29 QUEUE-DRAINED (idle, waiting for appends)
08-11 22:50:49 QUEUE-DRAINED (idle, waiting for appends)
08-11 22:52:10 QUEUE-DRAINED (idle, waiting for appends)
08-11 22:53:30 QUEUE-DRAINED (idle, waiting for appends)
08-11 22:54:50 QUEUE-DRAINED (idle, waiting for appends)
08-11 22:56:11 QUEUE-DRAINED (idle, waiting for appends)
08-11 22:57:31 QUEUE-DRAINED (idle, waiting for appends)
08-11 22:58:52 QUEUE-DRAINED (idle, waiting for appends)
08-11 23:00:12 QUEUE-DRAINED (idle, waiting for appends)
08-11 23:01:32 QUEUE-DRAINED (idle, waiting for appends)
08-11 23:02:53 QUEUE-DRAINED (idle, waiting for appends)
08-11 23:04:13 QUEUE-DRAINED (idle, waiting for appends)
08-11 23:05:34 QUEUE-DRAINED (idle, waiting for appends)
08-11 23:06:54 QUEUE-DRAINED (idle, waiting for appends)
08-11 23:08:14 QUEUE-DRAINED (idle, waiting for appends)
08-11 23:09:35 QUEUE-DRAINED (idle, waiting for appends)
08-11 23:10:55 QUEUE-DRAINED (idle, waiting for appends)
08-11 23:12:16 QUEUE-DRAINED (idle, waiting for appends)
08-11 23:13:36 QUEUE-DRAINED (idle, waiting for appends)
08-11 23:14:56 QUEUE-DRAINED (idle, waiting for appends)
08-11 23:16:17 QUEUE-DRAINED (idle, waiting for appends)
08-11 23:17:37 QUEUE-DRAINED (idle, waiting for appends)
08-11 23:18:58 QUEUE-DRAINED (idle, waiting for appends)
08-11 23:20:18 QUEUE-DRAINED (idle, waiting for appends)
08-11 23:21:39 QUEUE-DRAINED (idle, waiting for appends)
08-11 23:22:59 QUEUE-DRAINED (idle, waiting for appends)
08-11 23:24:19 QUEUE-DRAINED (idle, waiting for appends)
08-11 23:25:40 QUEUE-DRAINED (idle, waiting for appends)
08-11 23:27:00 QUEUE-DRAINED (idle, waiting for appends)
08-11 23:28:21 QUEUE-DRAINED (idle, waiting for appends)
08-11 23:29:41 QUEUE-DRAINED (idle, waiting for appends)
08-11 23:31:01 QUEUE-DRAINED (idle, waiting for appends)
08-11 23:32:22 QUEUE-DRAINED (idle, waiting for appends)
08-11 23:33:42 QUEUE-DRAINED (idle, waiting for appends)
08-11 23:35:03 QUEUE-DRAINED (idle, waiting for appends)
08-11 23:36:23 QUEUE-DRAINED (idle, waiting for appends)
08-11 23:37:44 QUEUE-DRAINED (idle, waiting for appends)
08-11 23:39:04 QUEUE-DRAINED (idle, waiting for appends)
08-11 23:40:24 QUEUE-DRAINED (idle, waiting for appends)
08-11 23:41:45 QUEUE-DRAINED (idle, waiting for appends)
08-11 23:43:05 QUEUE-DRAINED (idle, waiting for appends)
08-11 23:44:26 QUEUE-DRAINED (idle, waiting for appends)
08-11 23:45:46 QUEUE-DRAINED (idle, waiting for appends)
08-11 23:47:07 QUEUE-DRAINED (idle, waiting for appends)
08-11 23:48:27 QUEUE-DRAINED (idle, waiting for appends)
08-11 23:49:47 QUEUE-DRAINED (idle, waiting for appends)
08-11 23:51:08 QUEUE-DRAINED (idle, waiting for appends)
08-11 23:52:28 QUEUE-DRAINED (idle, waiting for appends)
08-11 23:53:49 QUEUE-DRAINED (idle, waiting for appends)
08-11 23:55:09 QUEUE-DRAINED (idle, waiting for appends)
08-11 23:56:30 QUEUE-DRAINED (idle, waiting for appends)
08-11 23:57:50 QUEUE-DRAINED (idle, waiting for appends)
08-11 23:59:11 QUEUE-DRAINED (idle, waiting for appends)
08-12 00:00:31 QUEUE-DRAINED (idle, waiting for appends)
08-12 00:01:51 QUEUE-DRAINED (idle, waiting for appends)
08-12 00:03:12 QUEUE-DRAINED (idle, waiting for appends)
08-12 00:04:32 QUEUE-DRAINED (idle, waiting for appends)
08-12 00:05:53 QUEUE-DRAINED (idle, waiting for appends)
08-12 00:07:13 QUEUE-DRAINED (idle, waiting for appends)
08-12 00:08:34 QUEUE-DRAINED (idle, waiting for appends)
08-12 00:09:54 QUEUE-DRAINED (idle, waiting for appends)
08-12 00:11:14 QUEUE-DRAINED (idle, waiting for appends)
08-12 00:12:35 QUEUE-DRAINED (idle, waiting for appends)
08-12 00:13:55 QUEUE-DRAINED (idle, waiting for appends)
08-12 00:15:15 QUEUE-DRAINED (idle, waiting for appends)
08-12 00:16:36 QUEUE-DRAINED (idle, waiting for appends)
08-12 00:17:56 QUEUE-DRAINED (idle, waiting for appends)
08-12 00:19:17 QUEUE-DRAINED (idle, waiting for appends)
08-12 00:20:37 QUEUE-DRAINED (idle, waiting for appends)
08-12 00:21:57 QUEUE-DRAINED (idle, waiting for appends)
08-12 00:23:18 QUEUE-DRAINED (idle, waiting for appends)
08-12 00:24:38 QUEUE-DRAINED (idle, waiting for appends)
08-12 00:25:59 QUEUE-DRAINED (idle, waiting for appends)
08-12 00:27:19 QUEUE-DRAINED (idle, waiting for appends)
08-12 00:28:39 QUEUE-DRAINED (idle, waiting for appends)
08-12 00:30:00 QUEUE-DRAINED (idle, waiting for appends)
08-12 00:31:20 QUEUE-DRAINED (idle, waiting for appends)
08-12 00:32:41 QUEUE-DRAINED (idle, waiting for appends)
08-12 00:34:01 QUEUE-DRAINED (idle, waiting for appends)
08-12 00:35:22 QUEUE-DRAINED (idle, waiting for appends)
08-12 00:36:42 QUEUE-DRAINED (idle, waiting for appends)
08-12 00:38:02 QUEUE-DRAINED (idle, waiting for appends)
08-12 00:39:23 QUEUE-DRAINED (idle, waiting for appends)
08-12 00:40:43 QUEUE-DRAINED (idle, waiting for appends)
08-12 00:42:04 QUEUE-DRAINED (idle, waiting for appends)
08-12 00:43:24 QUEUE-DRAINED (idle, waiting for appends)
08-12 00:44:44 QUEUE-DRAINED (idle, waiting for appends)
08-12 00:46:05 QUEUE-DRAINED (idle, waiting for appends)
08-12 00:47:25 QUEUE-DRAINED (idle, waiting for appends)
08-12 00:48:46 QUEUE-DRAINED (idle, waiting for appends)
08-12 00:50:06 QUEUE-DRAINED (idle, waiting for appends)
08-12 00:51:27 QUEUE-DRAINED (idle, waiting for appends)
08-12 00:52:47 QUEUE-DRAINED (idle, waiting for appends)
08-12 00:54:07 QUEUE-DRAINED (idle, waiting for appends)
08-12 00:55:28 QUEUE-DRAINED (idle, waiting for appends)
08-12 00:56:48 QUEUE-DRAINED (idle, waiting for appends)
08-12 00:58:08 QUEUE-DRAINED (idle, waiting for appends)
08-12 00:59:29 QUEUE-DRAINED (idle, waiting for appends)
08-12 01:00:49 QUEUE-DRAINED (idle, waiting for appends)
08-12 01:02:10 QUEUE-DRAINED (idle, waiting for appends)
08-12 01:03:30 QUEUE-DRAINED (idle, waiting for appends)
08-12 01:04:51 QUEUE-DRAINED (idle, waiting for appends)
08-12 01:06:11 QUEUE-DRAINED (idle, waiting for appends)
08-12 01:07:31 QUEUE-DRAINED (idle, waiting for appends)
08-12 01:08:52 QUEUE-DRAINED (idle, waiting for appends)
08-12 01:10:12 QUEUE-DRAINED (idle, waiting for appends)
08-12 01:11:32 QUEUE-DRAINED (idle, waiting for appends)
08-12 01:12:53 QUEUE-DRAINED (idle, waiting for appends)
08-12 01:14:13 QUEUE-DRAINED (idle, waiting for appends)
08-12 01:15:34 QUEUE-DRAINED (idle, waiting for appends)
08-12 01:16:54 QUEUE-DRAINED (idle, waiting for appends)
08-12 01:18:14 QUEUE-DRAINED (idle, waiting for appends)
08-12 01:19:35 QUEUE-DRAINED (idle, waiting for appends)
08-12 01:20:55 QUEUE-DRAINED (idle, waiting for appends)
08-12 01:22:16 QUEUE-DRAINED (idle, waiting for appends)
08-12 01:23:36 QUEUE-DRAINED (idle, waiting for appends)
08-12 01:24:56 QUEUE-DRAINED (idle, waiting for appends)
08-12 01:26:17 QUEUE-DRAINED (idle, waiting for appends)
08-12 01:27:37 QUEUE-DRAINED (idle, waiting for appends)
08-12 01:28:58 QUEUE-DRAINED (idle, waiting for appends)
08-12 01:30:18 QUEUE-DRAINED (idle, waiting for appends)
08-12 01:31:39 QUEUE-DRAINED (idle, waiting for appends)
08-12 01:32:59 QUEUE-DRAINED (idle, waiting for appends)
08-12 01:34:19 QUEUE-DRAINED (idle, waiting for appends)
08-12 01:35:40 QUEUE-DRAINED (idle, waiting for appends)
08-12 01:37:00 QUEUE-DRAINED (idle, waiting for appends)
08-12 01:38:21 QUEUE-DRAINED (idle, waiting for appends)
08-12 01:39:41 QUEUE-DRAINED (idle, waiting for appends)
08-12 01:41:02 QUEUE-DRAINED (idle, waiting for appends)
08-12 01:42:22 QUEUE-DRAINED (idle, waiting for appends)
08-12 01:43:43 QUEUE-DRAINED (idle, waiting for appends)
08-12 01:45:03 QUEUE-DRAINED (idle, waiting for appends)
08-12 01:46:24 QUEUE-DRAINED (idle, waiting for appends)
08-12 01:47:44 QUEUE-DRAINED (idle, waiting for appends)
08-12 01:49:04 QUEUE-DRAINED (idle, waiting for appends)
08-12 01:50:25 QUEUE-DRAINED (idle, waiting for appends)
08-12 01:51:45 QUEUE-DRAINED (idle, waiting for appends)
08-12 01:53:06 QUEUE-DRAINED (idle, waiting for appends)
08-12 01:54:26 QUEUE-DRAINED (idle, waiting for appends)
08-12 01:55:47 QUEUE-DRAINED (idle, waiting for appends)
08-12 01:57:07 QUEUE-DRAINED (idle, waiting for appends)
08-12 01:58:28 QUEUE-DRAINED (idle, waiting for appends)
08-12 01:59:48 QUEUE-DRAINED (idle, waiting for appends)
08-12 02:01:08 QUEUE-DRAINED (idle, waiting for appends)
08-12 02:02:29 QUEUE-DRAINED (idle, waiting for appends)
08-12 02:03:49 QUEUE-DRAINED (idle, waiting for appends)
08-12 02:05:10 QUEUE-DRAINED (idle, waiting for appends)
08-12 02:06:30 QUEUE-DRAINED (idle, waiting for appends)
08-12 02:07:51 QUEUE-DRAINED (idle, waiting for appends)
08-12 02:09:11 QUEUE-DRAINED (idle, waiting for appends)
08-12 02:10:32 QUEUE-DRAINED (idle, waiting for appends)
08-12 02:11:52 QUEUE-DRAINED (idle, waiting for appends)
08-12 02:13:13 QUEUE-DRAINED (idle, waiting for appends)
08-12 02:14:33 QUEUE-DRAINED (idle, waiting for appends)
08-12 02:15:54 QUEUE-DRAINED (idle, waiting for appends)
08-12 02:17:14 QUEUE-DRAINED (idle, waiting for appends)
08-12 02:18:34 QUEUE-DRAINED (idle, waiting for appends)
08-12 02:19:55 QUEUE-DRAINED (idle, waiting for appends)
08-12 02:21:15 QUEUE-DRAINED (idle, waiting for appends)
08-12 02:22:36 QUEUE-DRAINED (idle, waiting for appends)
08-12 02:23:56 QUEUE-DRAINED (idle, waiting for appends)
08-12 02:25:17 QUEUE-DRAINED (idle, waiting for appends)
08-12 02:26:37 QUEUE-DRAINED (idle, waiting for appends)
08-12 02:27:57 QUEUE-DRAINED (idle, waiting for appends)
08-12 02:29:18 QUEUE-DRAINED (idle, waiting for appends)
08-12 02:30:38 QUEUE-DRAINED (idle, waiting for appends)
08-12 02:31:59 QUEUE-DRAINED (idle, waiting for appends)
08-12 02:33:19 QUEUE-DRAINED (idle, waiting for appends)
08-12 02:34:40 QUEUE-DRAINED (idle, waiting for appends)
08-12 02:36:00 QUEUE-DRAINED (idle, waiting for appends)
08-12 02:37:21 QUEUE-DRAINED (idle, waiting for appends)
08-12 02:38:41 QUEUE-DRAINED (idle, waiting for appends)
08-12 02:40:01 QUEUE-DRAINED (idle, waiting for appends)
08-12 02:41:22 QUEUE-DRAINED (idle, waiting for appends)
08-12 02:42:42 QUEUE-DRAINED (idle, waiting for appends)
08-12 02:44:03 QUEUE-DRAINED (idle, waiting for appends)
08-12 02:45:23 QUEUE-DRAINED (idle, waiting for appends)
08-12 02:46:43 QUEUE-DRAINED (idle, waiting for appends)
08-12 02:48:04 QUEUE-DRAINED (idle, waiting for appends)
08-12 02:49:24 QUEUE-DRAINED (idle, waiting for appends)
08-12 02:50:45 QUEUE-DRAINED (idle, waiting for appends)
08-12 02:52:05 QUEUE-DRAINED (idle, waiting for appends)
08-12 02:53:26 QUEUE-DRAINED (idle, waiting for appends)
08-12 02:54:46 QUEUE-DRAINED (idle, waiting for appends)
08-12 02:56:07 QUEUE-DRAINED (idle, waiting for appends)
08-12 02:57:27 QUEUE-DRAINED (idle, waiting for appends)
08-12 02:58:47 QUEUE-DRAINED (idle, waiting for appends)
08-12 03:00:08 QUEUE-DRAINED (idle, waiting for appends)
08-12 03:01:29 QUEUE-DRAINED (idle, waiting for appends)
08-12 03:02:49 QUEUE-DRAINED (idle, waiting for appends)
08-12 03:04:09 QUEUE-DRAINED (idle, waiting for appends)
08-12 03:05:30 QUEUE-DRAINED (idle, waiting for appends)
08-12 03:06:50 QUEUE-DRAINED (idle, waiting for appends)
08-12 03:08:11 QUEUE-DRAINED (idle, waiting for appends)
08-12 03:09:31 QUEUE-DRAINED (idle, waiting for appends)
08-12 03:10:52 QUEUE-DRAINED (idle, waiting for appends)
08-12 03:12:12 QUEUE-DRAINED (idle, waiting for appends)
08-12 03:13:33 QUEUE-DRAINED (idle, waiting for appends)
08-12 03:14:53 QUEUE-DRAINED (idle, waiting for appends)
08-12 03:16:13 QUEUE-DRAINED (idle, waiting for appends)
08-12 03:17:34 QUEUE-DRAINED (idle, waiting for appends)
08-12 03:18:54 QUEUE-DRAINED (idle, waiting for appends)
08-12 03:20:15 QUEUE-DRAINED (idle, waiting for appends)
08-12 03:21:35 QUEUE-DRAINED (idle, waiting for appends)
08-12 03:22:56 QUEUE-DRAINED (idle, waiting for appends)
08-12 03:24:16 QUEUE-DRAINED (idle, waiting for appends)
08-12 03:25:36 QUEUE-DRAINED (idle, waiting for appends)
08-12 03:26:57 QUEUE-DRAINED (idle, waiting for appends)
08-12 03:28:17 QUEUE-DRAINED (idle, waiting for appends)
08-12 03:29:38 QUEUE-DRAINED (idle, waiting for appends)
08-12 03:30:58 QUEUE-DRAINED (idle, waiting for appends)
08-12 03:32:19 QUEUE-DRAINED (idle, waiting for appends)
08-12 03:33:39 QUEUE-DRAINED (idle, waiting for appends)
08-12 03:35:00 QUEUE-DRAINED (idle, waiting for appends)
08-12 03:36:20 QUEUE-DRAINED (idle, waiting for appends)
08-12 03:37:40 QUEUE-DRAINED (idle, waiting for appends)
08-12 03:39:01 QUEUE-DRAINED (idle, waiting for appends)
08-12 03:40:21 QUEUE-DRAINED (idle, waiting for appends)
08-12 03:41:42 QUEUE-DRAINED (idle, waiting for appends)
08-12 03:43:02 QUEUE-DRAINED (idle, waiting for appends)
08-12 03:44:23 QUEUE-DRAINED (idle, waiting for appends)
08-12 03:45:43 QUEUE-DRAINED (idle, waiting for appends)
08-12 03:47:03 QUEUE-DRAINED (idle, waiting for appends)
08-12 03:48:24 QUEUE-DRAINED (idle, waiting for appends)
08-12 03:49:44 QUEUE-DRAINED (idle, waiting for appends)
08-12 03:51:05 QUEUE-DRAINED (idle, waiting for appends)
08-12 03:52:25 QUEUE-DRAINED (idle, waiting for appends)
08-12 03:53:45 QUEUE-DRAINED (idle, waiting for appends)
08-12 03:55:06 QUEUE-DRAINED (idle, waiting for appends)
08-12 03:56:26 QUEUE-DRAINED (idle, waiting for appends)
08-12 03:57:46 QUEUE-DRAINED (idle, waiting for appends)
08-12 03:59:07 QUEUE-DRAINED (idle, waiting for appends)
08-12 04:00:27 QUEUE-DRAINED (idle, waiting for appends)
08-12 04:01:48 QUEUE-DRAINED (idle, waiting for appends)
08-12 04:03:08 QUEUE-DRAINED (idle, waiting for appends)
08-12 04:04:28 QUEUE-DRAINED (idle, waiting for appends)
08-12 04:05:49 QUEUE-DRAINED (idle, waiting for appends)
08-12 04:07:09 QUEUE-DRAINED (idle, waiting for appends)
08-12 04:08:30 QUEUE-DRAINED (idle, waiting for appends)
08-12 04:09:50 QUEUE-DRAINED (idle, waiting for appends)
08-12 04:11:11 QUEUE-DRAINED (idle, waiting for appends)
08-12 04:12:31 QUEUE-DRAINED (idle, waiting for appends)
08-12 04:13:51 QUEUE-DRAINED (idle, waiting for appends)
08-12 04:15:12 QUEUE-DRAINED (idle, waiting for appends)
08-12 04:16:32 QUEUE-DRAINED (idle, waiting for appends)
08-12 04:17:53 QUEUE-DRAINED (idle, waiting for appends)
08-12 04:19:13 QUEUE-DRAINED (idle, waiting for appends)
08-12 04:20:33 QUEUE-DRAINED (idle, waiting for appends)
08-12 04:21:54 QUEUE-DRAINED (idle, waiting for appends)
08-12 04:23:14 QUEUE-DRAINED (idle, waiting for appends)
08-12 04:24:35 QUEUE-DRAINED (idle, waiting for appends)
08-12 04:25:55 QUEUE-DRAINED (idle, waiting for appends)
08-12 04:27:16 QUEUE-DRAINED (idle, waiting for appends)
08-12 04:28:36 QUEUE-DRAINED (idle, waiting for appends)
08-12 04:29:56 QUEUE-DRAINED (idle, waiting for appends)
08-12 04:31:17 QUEUE-DRAINED (idle, waiting for appends)
08-12 04:32:37 QUEUE-DRAINED (idle, waiting for appends)
08-12 04:33:58 QUEUE-DRAINED (idle, waiting for appends)
08-12 04:35:18 QUEUE-DRAINED (idle, waiting for appends)
08-12 04:36:39 QUEUE-DRAINED (idle, waiting for appends)
08-12 04:37:59 QUEUE-DRAINED (idle, waiting for appends)
08-12 04:39:20 QUEUE-DRAINED (idle, waiting for appends)
08-12 04:40:40 QUEUE-DRAINED (idle, waiting for appends)
08-12 04:42:01 QUEUE-DRAINED (idle, waiting for appends)
08-12 04:43:21 QUEUE-DRAINED (idle, waiting for appends)
08-12 04:44:41 QUEUE-DRAINED (idle, waiting for appends)
08-12 04:46:02 QUEUE-DRAINED (idle, waiting for appends)
08-12 04:47:22 QUEUE-DRAINED (idle, waiting for appends)
08-12 04:48:43 QUEUE-DRAINED (idle, waiting for appends)
08-12 04:50:03 QUEUE-DRAINED (idle, waiting for appends)
08-12 04:51:23 QUEUE-DRAINED (idle, waiting for appends)
08-12 04:52:44 QUEUE-DRAINED (idle, waiting for appends)
08-12 04:54:04 QUEUE-DRAINED (idle, waiting for appends)
08-12 04:55:25 QUEUE-DRAINED (idle, waiting for appends)
08-12 04:56:45 QUEUE-DRAINED (idle, waiting for appends)
08-12 04:58:06 QUEUE-DRAINED (idle, waiting for appends)
08-12 04:59:26 QUEUE-DRAINED (idle, waiting for appends)
08-12 05:00:46 QUEUE-DRAINED (idle, waiting for appends)
08-12 05:02:07 QUEUE-DRAINED (idle, waiting for appends)
08-12 05:03:27 QUEUE-DRAINED (idle, waiting for appends)
08-12 05:04:48 QUEUE-DRAINED (idle, waiting for appends)
08-12 05:06:08 QUEUE-DRAINED (idle, waiting for appends)
08-12 05:07:29 QUEUE-DRAINED (idle, waiting for appends)
08-12 05:08:49 QUEUE-DRAINED (idle, waiting for appends)
08-12 05:10:10 QUEUE-DRAINED (idle, waiting for appends)
08-12 05:11:30 QUEUE-DRAINED (idle, waiting for appends)
08-12 05:12:50 QUEUE-DRAINED (idle, waiting for appends)
08-12 05:14:11 QUEUE-DRAINED (idle, waiting for appends)
08-12 05:15:31 QUEUE-DRAINED (idle, waiting for appends)
08-12 05:16:51 QUEUE-DRAINED (idle, waiting for appends)
08-12 05:18:12 QUEUE-DRAINED (idle, waiting for appends)
08-12 05:19:32 QUEUE-DRAINED (idle, waiting for appends)
08-12 05:20:53 QUEUE-DRAINED (idle, waiting for appends)
08-12 05:22:13 QUEUE-DRAINED (idle, waiting for appends)
08-12 05:23:33 QUEUE-DRAINED (idle, waiting for appends)
08-12 05:24:54 QUEUE-DRAINED (idle, waiting for appends)
08-12 05:26:14 QUEUE-DRAINED (idle, waiting for appends)
08-12 05:27:34 QUEUE-DRAINED (idle, waiting for appends)
08-12 05:28:55 QUEUE-DRAINED (idle, waiting for appends)
08-12 05:30:15 QUEUE-DRAINED (idle, waiting for appends)
08-12 05:31:35 QUEUE-DRAINED (idle, waiting for appends)
08-12 05:32:56 QUEUE-DRAINED (idle, waiting for appends)
08-12 05:34:16 QUEUE-DRAINED (idle, waiting for appends)
08-12 05:35:37 QUEUE-DRAINED (idle, waiting for appends)
08-12 05:36:57 QUEUE-DRAINED (idle, waiting for appends)
08-12 05:38:17 QUEUE-DRAINED (idle, waiting for appends)
08-12 05:39:38 QUEUE-DRAINED (idle, waiting for appends)
08-12 05:40:58 QUEUE-DRAINED (idle, waiting for appends)
08-12 05:42:19 QUEUE-DRAINED (idle, waiting for appends)
08-12 05:43:39 QUEUE-DRAINED (idle, waiting for appends)
08-12 05:44:59 QUEUE-DRAINED (idle, waiting for appends)
08-12 05:46:20 QUEUE-DRAINED (idle, waiting for appends)
08-12 05:47:40 QUEUE-DRAINED (idle, waiting for appends)
08-12 05:49:01 QUEUE-DRAINED (idle, waiting for appends)
08-12 05:50:21 QUEUE-DRAINED (idle, waiting for appends)
08-12 05:51:41 QUEUE-DRAINED (idle, waiting for appends)
08-12 05:53:02 QUEUE-DRAINED (idle, waiting for appends)
08-12 05:54:22 QUEUE-DRAINED (idle, waiting for appends)
08-12 05:55:43 QUEUE-DRAINED (idle, waiting for appends)
08-12 05:57:03 QUEUE-DRAINED (idle, waiting for appends)
08-12 05:58:24 QUEUE-DRAINED (idle, waiting for appends)
08-12 05:59:44 QUEUE-DRAINED (idle, waiting for appends)
08-12 06:01:04 QUEUE-DRAINED (idle, waiting for appends)
08-12 06:02:25 QUEUE-DRAINED (idle, waiting for appends)
08-12 06:03:45 QUEUE-DRAINED (idle, waiting for appends)
08-12 06:05:06 QUEUE-DRAINED (idle, waiting for appends)
08-12 06:06:26 QUEUE-DRAINED (idle, waiting for appends)
08-12 06:07:47 QUEUE-DRAINED (idle, waiting for appends)
08-12 06:09:07 QUEUE-DRAINED (idle, waiting for appends)
08-12 06:10:27 QUEUE-DRAINED (idle, waiting for appends)
08-12 06:11:48 QUEUE-DRAINED (idle, waiting for appends)
08-12 06:13:08 QUEUE-DRAINED (idle, waiting for appends)
08-12 06:14:29 QUEUE-DRAINED (idle, waiting for appends)
08-12 06:15:49 QUEUE-DRAINED (idle, waiting for appends)
08-12 06:17:09 QUEUE-DRAINED (idle, waiting for appends)
08-12 06:18:30 QUEUE-DRAINED (idle, waiting for appends)
08-12 06:19:50 QUEUE-DRAINED (idle, waiting for appends)
08-12 06:21:11 QUEUE-DRAINED (idle, waiting for appends)
08-12 06:22:31 QUEUE-DRAINED (idle, waiting for appends)
08-12 06:23:51 QUEUE-DRAINED (idle, waiting for appends)
08-12 06:25:12 QUEUE-DRAINED (idle, waiting for appends)
08-12 06:26:32 QUEUE-DRAINED (idle, waiting for appends)
08-12 06:27:53 QUEUE-DRAINED (idle, waiting for appends)
08-12 06:29:13 QUEUE-DRAINED (idle, waiting for appends)
08-12 06:30:33 QUEUE-DRAINED (idle, waiting for appends)
08-12 06:31:54 QUEUE-DRAINED (idle, waiting for appends)
08-12 06:33:14 QUEUE-DRAINED (idle, waiting for appends)
08-12 06:34:35 QUEUE-DRAINED (idle, waiting for appends)
08-12 06:35:55 QUEUE-DRAINED (idle, waiting for appends)
08-12 06:37:15 QUEUE-DRAINED (idle, waiting for appends)
08-12 06:38:36 QUEUE-DRAINED (idle, waiting for appends)
08-12 06:39:56 QUEUE-DRAINED (idle, waiting for appends)
08-12 06:41:17 QUEUE-DRAINED (idle, waiting for appends)
08-12 06:42:37 QUEUE-DRAINED (idle, waiting for appends)
08-12 06:43:57 QUEUE-DRAINED (idle, waiting for appends)
08-12 06:45:18 QUEUE-DRAINED (idle, waiting for appends)
08-12 06:46:38 QUEUE-DRAINED (idle, waiting for appends)
08-12 06:47:59 QUEUE-DRAINED (idle, waiting for appends)
08-12 06:49:19 QUEUE-DRAINED (idle, waiting for appends)
08-12 06:50:39 QUEUE-DRAINED (idle, waiting for appends)
08-12 06:52:00 QUEUE-DRAINED (idle, waiting for appends)
08-12 06:53:20 QUEUE-DRAINED (idle, waiting for appends)
08-12 06:54:40 QUEUE-DRAINED (idle, waiting for appends)
08-12 06:56:01 QUEUE-DRAINED (idle, waiting for appends)
08-12 06:57:21 QUEUE-DRAINED (idle, waiting for appends)
08-12 06:58:42 QUEUE-DRAINED (idle, waiting for appends)
08-12 07:00:02 QUEUE-DRAINED (idle, waiting for appends)
08-12 07:01:22 QUEUE-DRAINED (idle, waiting for appends)
08-12 07:02:43 QUEUE-DRAINED (idle, waiting for appends)
08-12 07:04:03 QUEUE-DRAINED (idle, waiting for appends)
08-12 07:05:24 QUEUE-DRAINED (idle, waiting for appends)
08-12 07:06:44 QUEUE-DRAINED (idle, waiting for appends)
08-12 07:08:05 QUEUE-DRAINED (idle, waiting for appends)
08-12 07:09:25 QUEUE-DRAINED (idle, waiting for appends)
08-12 07:10:46 QUEUE-DRAINED (idle, waiting for appends)
08-12 07:12:06 QUEUE-DRAINED (idle, waiting for appends)
08-12 07:13:26 QUEUE-DRAINED (idle, waiting for appends)
08-12 07:14:47 QUEUE-DRAINED (idle, waiting for appends)
08-12 07:16:07 QUEUE-DRAINED (idle, waiting for appends)
08-12 07:17:28 QUEUE-DRAINED (idle, waiting for appends)
08-12 07:18:48 QUEUE-DRAINED (idle, waiting for appends)
08-12 07:20:08 QUEUE-DRAINED (idle, waiting for appends)
08-12 07:21:29 QUEUE-DRAINED (idle, waiting for appends)
08-12 07:22:49 QUEUE-DRAINED (idle, waiting for appends)
08-12 07:24:10 QUEUE-DRAINED (idle, waiting for appends)
08-12 07:25:30 QUEUE-DRAINED (idle, waiting for appends)
08-12 07:26:50 QUEUE-DRAINED (idle, waiting for appends)
08-12 07:28:11 QUEUE-DRAINED (idle, waiting for appends)
08-12 07:29:31 QUEUE-DRAINED (idle, waiting for appends)
08-12 07:30:52 QUEUE-DRAINED (idle, waiting for appends)
08-12 07:32:12 QUEUE-DRAINED (idle, waiting for appends)
08-12 07:33:33 QUEUE-DRAINED (idle, waiting for appends)
08-12 07:34:53 QUEUE-DRAINED (idle, waiting for appends)
08-12 07:36:13 QUEUE-DRAINED (idle, waiting for appends)
08-12 07:37:34 QUEUE-DRAINED (idle, waiting for appends)
08-12 07:38:54 QUEUE-DRAINED (idle, waiting for appends)
08-12 07:40:15 QUEUE-DRAINED (idle, waiting for appends)
08-12 07:41:35 QUEUE-DRAINED (idle, waiting for appends)
08-12 07:42:55 QUEUE-DRAINED (idle, waiting for appends)
08-12 07:44:16 QUEUE-DRAINED (idle, waiting for appends)
08-12 07:45:36 QUEUE-DRAINED (idle, waiting for appends)
08-12 07:46:57 QUEUE-DRAINED (idle, waiting for appends)
08-12 07:48:17 QUEUE-DRAINED (idle, waiting for appends)
08-12 07:49:37 QUEUE-DRAINED (idle, waiting for appends)
08-12 07:50:58 QUEUE-DRAINED (idle, waiting for appends)
08-12 07:52:19 QUEUE-DRAINED (idle, waiting for appends)
08-12 07:53:39 QUEUE-DRAINED (idle, waiting for appends)
08-12 07:54:59 QUEUE-DRAINED (idle, waiting for appends)
08-12 07:56:20 QUEUE-DRAINED (idle, waiting for appends)
08-12 07:57:40 QUEUE-DRAINED (idle, waiting for appends)
08-12 07:59:01 QUEUE-DRAINED (idle, waiting for appends)
08-12 08:00:21 QUEUE-DRAINED (idle, waiting for appends)
08-12 08:01:41 QUEUE-DRAINED (idle, waiting for appends)
08-12 08:03:02 QUEUE-DRAINED (idle, waiting for appends)
08-12 08:04:22 QUEUE-DRAINED (idle, waiting for appends)
08-12 08:05:42 QUEUE-DRAINED (idle, waiting for appends)
08-12 08:07:03 QUEUE-DRAINED (idle, waiting for appends)
08-12 08:08:23 QUEUE-DRAINED (idle, waiting for appends)
08-12 08:09:44 QUEUE-DRAINED (idle, waiting for appends)
08-12 08:11:04 QUEUE-DRAINED (idle, waiting for appends)
08-12 08:12:25 QUEUE-DRAINED (idle, waiting for appends)
08-12 08:13:45 QUEUE-DRAINED (idle, waiting for appends)
08-12 08:15:05 QUEUE-DRAINED (idle, waiting for appends)
08-12 08:16:26 QUEUE-DRAINED (idle, waiting for appends)
08-12 08:17:46 QUEUE-DRAINED (idle, waiting for appends)
08-12 08:19:07 QUEUE-DRAINED (idle, waiting for appends)
08-12 08:20:27 QUEUE-DRAINED (idle, waiting for appends)
08-12 08:21:48 QUEUE-DRAINED (idle, waiting for appends)
08-12 08:23:08 QUEUE-DRAINED (idle, waiting for appends)
08-12 08:24:29 QUEUE-DRAINED (idle, waiting for appends)
08-12 08:25:49 QUEUE-DRAINED (idle, waiting for appends)
08-12 08:27:10 QUEUE-DRAINED (idle, waiting for appends)
08-12 08:28:30 QUEUE-DRAINED (idle, waiting for appends)
08-12 08:29:50 QUEUE-DRAINED (idle, waiting for appends)
08-12 08:31:11 QUEUE-DRAINED (idle, waiting for appends)
08-12 08:32:31 QUEUE-DRAINED (idle, waiting for appends)
08-12 08:33:52 QUEUE-DRAINED (idle, waiting for appends)
08-12 08:35:12 QUEUE-DRAINED (idle, waiting for appends)
08-12 08:36:33 QUEUE-DRAINED (idle, waiting for appends)
08-12 08:37:53 QUEUE-DRAINED (idle, waiting for appends)
08-12 08:39:13 QUEUE-DRAINED (idle, waiting for appends)
08-12 08:40:34 QUEUE-DRAINED (idle, waiting for appends)
08-12 08:41:54 QUEUE-DRAINED (idle, waiting for appends)
08-12 08:43:15 QUEUE-DRAINED (idle, waiting for appends)
08-12 08:44:35 QUEUE-DRAINED (idle, waiting for appends)
08-12 08:45:56 QUEUE-DRAINED (idle, waiting for appends)
08-12 08:47:16 QUEUE-DRAINED (idle, waiting for appends)
08-12 08:48:37 QUEUE-DRAINED (idle, waiting for appends)
08-12 08:49:57 QUEUE-DRAINED (idle, waiting for appends)
08-12 08:51:18 QUEUE-DRAINED (idle, waiting for appends)
08-12 08:52:38 QUEUE-DRAINED (idle, waiting for appends)
08-12 08:53:58 QUEUE-DRAINED (idle, waiting for appends)
08-12 08:55:19 QUEUE-DRAINED (idle, waiting for appends)
08-12 08:56:39 QUEUE-DRAINED (idle, waiting for appends)
08-12 08:58:00 QUEUE-DRAINED (idle, waiting for appends)
08-12 08:59:20 QUEUE-DRAINED (idle, waiting for appends)
08-12 09:00:41 QUEUE-DRAINED (idle, waiting for appends)
08-12 09:02:01 QUEUE-DRAINED (idle, waiting for appends)
08-12 09:03:21 QUEUE-DRAINED (idle, waiting for appends)
08-12 09:04:42 QUEUE-DRAINED (idle, waiting for appends)
08-12 09:06:02 QUEUE-DRAINED (idle, waiting for appends)
08-12 09:07:23 QUEUE-DRAINED (idle, waiting for appends)
08-12 09:08:43 QUEUE-DRAINED (idle, waiting for appends)
08-12 09:10:03 QUEUE-DRAINED (idle, waiting for appends)
08-12 09:11:24 QUEUE-DRAINED (idle, waiting for appends)
08-12 09:12:44 QUEUE-DRAINED (idle, waiting for appends)
08-12 09:14:05 QUEUE-DRAINED (idle, waiting for appends)
08-12 09:15:25 QUEUE-DRAINED (idle, waiting for appends)
08-12 09:16:46 QUEUE-DRAINED (idle, waiting for appends)
08-12 09:18:06 QUEUE-DRAINED (idle, waiting for appends)
08-12 09:19:26 QUEUE-DRAINED (idle, waiting for appends)
08-12 09:20:47 QUEUE-DRAINED (idle, waiting for appends)
08-12 09:22:07 QUEUE-DRAINED (idle, waiting for appends)
08-12 09:23:28 QUEUE-DRAINED (idle, waiting for appends)
08-12 09:24:48 QUEUE-DRAINED (idle, waiting for appends)
08-12 09:26:09 QUEUE-DRAINED (idle, waiting for appends)
08-12 09:27:29 QUEUE-DRAINED (idle, waiting for appends)
08-12 09:28:49 QUEUE-DRAINED (idle, waiting for appends)
08-12 09:30:10 QUEUE-DRAINED (idle, waiting for appends)
08-12 09:31:30 QUEUE-DRAINED (idle, waiting for appends)
08-12 09:32:51 QUEUE-DRAINED (idle, waiting for appends)
08-12 09:34:11 QUEUE-DRAINED (idle, waiting for appends)
08-12 09:35:32 QUEUE-DRAINED (idle, waiting for appends)
08-12 09:36:52 QUEUE-DRAINED (idle, waiting for appends)
08-12 09:38:13 QUEUE-DRAINED (idle, waiting for appends)
08-12 09:39:33 QUEUE-DRAINED (idle, waiting for appends)
08-12 09:40:53 QUEUE-DRAINED (idle, waiting for appends)
08-12 09:42:14 QUEUE-DRAINED (idle, waiting for appends)
08-12 09:43:34 QUEUE-DRAINED (idle, waiting for appends)
08-12 09:44:55 QUEUE-DRAINED (idle, waiting for appends)
08-12 09:46:15 QUEUE-DRAINED (idle, waiting for appends)
08-12 09:47:36 QUEUE-DRAINED (idle, waiting for appends)
08-12 09:48:56 QUEUE-DRAINED (idle, waiting for appends)
08-12 09:50:17 QUEUE-DRAINED (idle, waiting for appends)
08-12 09:51:37 QUEUE-DRAINED (idle, waiting for appends)
08-12 09:52:57 QUEUE-DRAINED (idle, waiting for appends)
08-12 09:54:18 QUEUE-DRAINED (idle, waiting for appends)
08-12 09:55:38 QUEUE-DRAINED (idle, waiting for appends)
08-12 09:56:59 QUEUE-DRAINED (idle, waiting for appends)
08-12 09:58:19 QUEUE-DRAINED (idle, waiting for appends)
08-12 09:59:39 QUEUE-DRAINED (idle, waiting for appends)
08-12 10:01:00 QUEUE-DRAINED (idle, waiting for appends)
08-12 10:02:20 QUEUE-DRAINED (idle, waiting for appends)
08-12 10:03:41 QUEUE-DRAINED (idle, waiting for appends)
08-12 10:05:01 QUEUE-DRAINED (idle, waiting for appends)
08-12 10:06:22 QUEUE-DRAINED (idle, waiting for appends)
08-12 10:07:42 QUEUE-DRAINED (idle, waiting for appends)
08-12 10:09:03 QUEUE-DRAINED (idle, waiting for appends)
08-12 10:10:23 QUEUE-DRAINED (idle, waiting for appends)
08-12 10:11:43 QUEUE-DRAINED (idle, waiting for appends)
08-12 10:13:04 QUEUE-DRAINED (idle, waiting for appends)
08-12 10:14:24 QUEUE-DRAINED (idle, waiting for appends)
08-12 10:15:45 QUEUE-DRAINED (idle, waiting for appends)
08-12 10:17:05 QUEUE-DRAINED (idle, waiting for appends)
08-12 10:18:26 QUEUE-DRAINED (idle, waiting for appends)
08-12 10:19:46 QUEUE-DRAINED (idle, waiting for appends)
08-12 10:21:07 QUEUE-DRAINED (idle, waiting for appends)
08-12 10:22:27 QUEUE-DRAINED (idle, waiting for appends)
08-12 10:23:47 QUEUE-DRAINED (idle, waiting for appends)
08-12 10:25:08 QUEUE-DRAINED (idle, waiting for appends)
08-12 10:26:28 QUEUE-DRAINED (idle, waiting for appends)
08-12 10:27:49 QUEUE-DRAINED (idle, waiting for appends)
08-12 10:29:09 QUEUE-DRAINED (idle, waiting for appends)
08-12 10:30:30 QUEUE-DRAINED (idle, waiting for appends)
08-12 10:31:50 QUEUE-DRAINED (idle, waiting for appends)
08-12 10:33:11 QUEUE-DRAINED (idle, waiting for appends)
08-12 10:34:31 QUEUE-DRAINED (idle, waiting for appends)
08-12 10:35:51 QUEUE-DRAINED (idle, waiting for appends)
08-12 10:37:12 QUEUE-DRAINED (idle, waiting for appends)
08-12 10:38:32 QUEUE-DRAINED (idle, waiting for appends)
08-12 10:39:53 QUEUE-DRAINED (idle, waiting for appends)
08-12 10:41:13 QUEUE-DRAINED (idle, waiting for appends)
08-12 10:42:34 QUEUE-DRAINED (idle, waiting for appends)
08-12 10:43:54 QUEUE-DRAINED (idle, waiting for appends)
08-12 10:45:14 QUEUE-DRAINED (idle, waiting for appends)
08-12 10:46:35 QUEUE-DRAINED (idle, waiting for appends)
08-12 10:47:55 QUEUE-DRAINED (idle, waiting for appends)
08-12 10:49:16 QUEUE-DRAINED (idle, waiting for appends)
08-12 10:50:36 QUEUE-DRAINED (idle, waiting for appends)
08-12 10:51:57 QUEUE-DRAINED (idle, waiting for appends)
08-12 10:53:17 QUEUE-DRAINED (idle, waiting for appends)
08-12 10:54:37 QUEUE-DRAINED (idle, waiting for appends)
08-12 10:55:58 QUEUE-DRAINED (idle, waiting for appends)
08-12 10:57:18 QUEUE-DRAINED (idle, waiting for appends)
08-12 10:58:39 QUEUE-DRAINED (idle, waiting for appends)
08-12 10:59:59 QUEUE-DRAINED (idle, waiting for appends)
08-12 11:01:20 QUEUE-DRAINED (idle, waiting for appends)
08-12 11:02:40 QUEUE-DRAINED (idle, waiting for appends)
08-12 11:04:01 QUEUE-DRAINED (idle, waiting for appends)
08-12 11:05:21 QUEUE-DRAINED (idle, waiting for appends)
08-12 11:06:42 QUEUE-DRAINED (idle, waiting for appends)
08-12 11:08:02 QUEUE-DRAINED (idle, waiting for appends)
08-12 11:09:22 QUEUE-DRAINED (idle, waiting for appends)
08-12 11:10:43 QUEUE-DRAINED (idle, waiting for appends)
08-12 11:12:03 QUEUE-DRAINED (idle, waiting for appends)
08-12 11:13:24 QUEUE-DRAINED (idle, waiting for appends)
08-12 11:14:44 QUEUE-DRAINED (idle, waiting for appends)
08-12 11:16:04 QUEUE-DRAINED (idle, waiting for appends)
08-12 11:17:25 QUEUE-DRAINED (idle, waiting for appends)
08-12 11:18:45 QUEUE-DRAINED (idle, waiting for appends)
08-12 11:20:06 QUEUE-DRAINED (idle, waiting for appends)
08-12 11:21:26 QUEUE-DRAINED (idle, waiting for appends)
08-12 11:22:46 QUEUE-DRAINED (idle, waiting for appends)
08-12 11:24:07 QUEUE-DRAINED (idle, waiting for appends)
08-12 11:25:27 QUEUE-DRAINED (idle, waiting for appends)
08-12 11:26:48 QUEUE-DRAINED (idle, waiting for appends)
08-12 11:28:08 QUEUE-DRAINED (idle, waiting for appends)
08-12 11:29:28 QUEUE-DRAINED (idle, waiting for appends)
08-12 11:30:49 QUEUE-DRAINED (idle, waiting for appends)
08-12 11:32:09 QUEUE-DRAINED (idle, waiting for appends)
08-12 11:33:30 QUEUE-DRAINED (idle, waiting for appends)
08-12 11:34:50 QUEUE-DRAINED (idle, waiting for appends)
08-12 11:36:10 QUEUE-DRAINED (idle, waiting for appends)
08-12 11:37:31 QUEUE-DRAINED (idle, waiting for appends)
08-12 11:38:51 QUEUE-DRAINED (idle, waiting for appends)
08-12 11:40:12 QUEUE-DRAINED (idle, waiting for appends)
08-12 11:41:32 QUEUE-DRAINED (idle, waiting for appends)
08-12 11:42:53 QUEUE-DRAINED (idle, waiting for appends)
08-12 11:44:13 QUEUE-DRAINED (idle, waiting for appends)
08-12 11:45:33 QUEUE-DRAINED (idle, waiting for appends)
08-12 11:46:54 QUEUE-DRAINED (idle, waiting for appends)
08-12 11:48:14 QUEUE-DRAINED (idle, waiting for appends)
08-12 11:49:35 QUEUE-DRAINED (idle, waiting for appends)
08-12 11:50:55 QUEUE-DRAINED (idle, waiting for appends)
08-12 11:52:15 QUEUE-DRAINED (idle, waiting for appends)
08-12 11:53:36 QUEUE-DRAINED (idle, waiting for appends)
08-12 11:54:56 QUEUE-DRAINED (idle, waiting for appends)
08-12 11:56:17 QUEUE-DRAINED (idle, waiting for appends)
08-12 11:57:37 QUEUE-DRAINED (idle, waiting for appends)
08-12 11:58:58 QUEUE-DRAINED (idle, waiting for appends)
08-12 12:00:18 QUEUE-DRAINED (idle, waiting for appends)
08-12 12:01:38 QUEUE-DRAINED (idle, waiting for appends)
08-12 12:02:59 QUEUE-DRAINED (idle, waiting for appends)
08-12 12:04:19 QUEUE-DRAINED (idle, waiting for appends)
08-12 12:05:40 QUEUE-DRAINED (idle, waiting for appends)
08-12 12:07:00 QUEUE-DRAINED (idle, waiting for appends)
08-12 12:08:21 QUEUE-DRAINED (idle, waiting for appends)
08-12 12:09:41 QUEUE-DRAINED (idle, waiting for appends)
08-12 12:11:02 QUEUE-DRAINED (idle, waiting for appends)
08-12 12:12:22 QUEUE-DRAINED (idle, waiting for appends)
08-12 12:13:42 QUEUE-DRAINED (idle, waiting for appends)
08-12 12:15:03 QUEUE-DRAINED (idle, waiting for appends)
08-12 12:16:23 QUEUE-DRAINED (idle, waiting for appends)
08-12 12:17:43 QUEUE-DRAINED (idle, waiting for appends)
08-12 12:19:04 QUEUE-DRAINED (idle, waiting for appends)
08-12 12:20:24 QUEUE-DRAINED (idle, waiting for appends)
08-12 12:21:45 QUEUE-DRAINED (idle, waiting for appends)
08-12 12:23:05 QUEUE-DRAINED (idle, waiting for appends)
08-12 12:24:25 QUEUE-DRAINED (idle, waiting for appends)
08-12 12:25:46 QUEUE-DRAINED (idle, waiting for appends)
08-12 12:27:06 QUEUE-DRAINED (idle, waiting for appends)
08-12 12:28:27 QUEUE-DRAINED (idle, waiting for appends)
08-12 12:29:47 QUEUE-DRAINED (idle, waiting for appends)
08-12 12:31:07 QUEUE-DRAINED (idle, waiting for appends)
08-12 12:32:28 QUEUE-DRAINED (idle, waiting for appends)
08-12 12:33:48 QUEUE-DRAINED (idle, waiting for appends)
08-12 12:35:09 QUEUE-DRAINED (idle, waiting for appends)
08-12 12:36:29 QUEUE-DRAINED (idle, waiting for appends)
08-12 12:37:49 QUEUE-DRAINED (idle, waiting for appends)
08-12 12:39:10 QUEUE-DRAINED (idle, waiting for appends)
08-12 12:40:30 QUEUE-DRAINED (idle, waiting for appends)
08-12 12:41:51 QUEUE-DRAINED (idle, waiting for appends)
08-12 12:43:11 QUEUE-DRAINED (idle, waiting for appends)
08-12 12:44:31 QUEUE-DRAINED (idle, waiting for appends)
08-12 12:45:52 QUEUE-DRAINED (idle, waiting for appends)
08-12 12:47:12 QUEUE-DRAINED (idle, waiting for appends)
08-12 12:48:33 QUEUE-DRAINED (idle, waiting for appends)
08-12 12:49:53 QUEUE-DRAINED (idle, waiting for appends)
08-12 12:51:14 QUEUE-DRAINED (idle, waiting for appends)
08-12 12:52:34 QUEUE-DRAINED (idle, waiting for appends)
08-12 12:53:54 QUEUE-DRAINED (idle, waiting for appends)
08-12 12:55:15 QUEUE-DRAINED (idle, waiting for appends)
08-12 12:56:35 QUEUE-DRAINED (idle, waiting for appends)
08-12 12:57:56 QUEUE-DRAINED (idle, waiting for appends)
08-12 12:59:16 QUEUE-DRAINED (idle, waiting for appends)
08-12 13:00:36 QUEUE-DRAINED (idle, waiting for appends)
08-12 13:01:57 QUEUE-DRAINED (idle, waiting for appends)
08-12 13:03:17 QUEUE-DRAINED (idle, waiting for appends)
08-12 13:04:38 QUEUE-DRAINED (idle, waiting for appends)
08-12 13:05:58 QUEUE-DRAINED (idle, waiting for appends)
08-12 13:07:19 QUEUE-DRAINED (idle, waiting for appends)
08-12 13:08:39 QUEUE-DRAINED (idle, waiting for appends)
08-12 13:09:59 QUEUE-DRAINED (idle, waiting for appends)
08-12 13:11:20 QUEUE-DRAINED (idle, waiting for appends)
08-12 13:12:40 QUEUE-DRAINED (idle, waiting for appends)
08-12 13:14:01 QUEUE-DRAINED (idle, waiting for appends)
08-12 13:15:21 QUEUE-DRAINED (idle, waiting for appends)
08-12 13:16:42 QUEUE-DRAINED (idle, waiting for appends)
08-12 13:18:02 QUEUE-DRAINED (idle, waiting for appends)
08-12 13:19:22 QUEUE-DRAINED (idle, waiting for appends)
08-12 13:20:43 QUEUE-DRAINED (idle, waiting for appends)
08-12 13:22:03 QUEUE-DRAINED (idle, waiting for appends)
08-12 13:23:24 QUEUE-DRAINED (idle, waiting for appends)
08-12 13:24:44 QUEUE-DRAINED (idle, waiting for appends)
08-12 13:26:05 QUEUE-DRAINED (idle, waiting for appends)
08-12 13:27:25 QUEUE-DRAINED (idle, waiting for appends)
08-12 13:28:46 QUEUE-DRAINED (idle, waiting for appends)
08-12 13:30:06 QUEUE-DRAINED (idle, waiting for appends)
08-12 13:31:27 QUEUE-DRAINED (idle, waiting for appends)
08-12 13:32:47 QUEUE-DRAINED (idle, waiting for appends)
08-12 13:34:07 QUEUE-DRAINED (idle, waiting for appends)
08-12 13:35:28 QUEUE-DRAINED (idle, waiting for appends)
08-12 13:36:48 QUEUE-DRAINED (idle, waiting for appends)
08-12 13:38:09 QUEUE-DRAINED (idle, waiting for appends)
08-12 13:39:29 QUEUE-DRAINED (idle, waiting for appends)
08-12 13:40:50 QUEUE-DRAINED (idle, waiting for appends)
08-12 13:42:10 QUEUE-DRAINED (idle, waiting for appends)
08-12 13:43:30 QUEUE-DRAINED (idle, waiting for appends)
08-12 13:44:51 QUEUE-DRAINED (idle, waiting for appends)
08-12 13:46:11 QUEUE-DRAINED (idle, waiting for appends)
08-12 13:47:32 QUEUE-DRAINED (idle, waiting for appends)
08-12 13:48:52 QUEUE-DRAINED (idle, waiting for appends)
08-12 13:50:13 QUEUE-DRAINED (idle, waiting for appends)
08-12 13:51:33 QUEUE-DRAINED (idle, waiting for appends)
08-12 13:52:53 QUEUE-DRAINED (idle, waiting for appends)
08-12 13:54:14 QUEUE-DRAINED (idle, waiting for appends)
08-12 13:55:34 QUEUE-DRAINED (idle, waiting for appends)
08-12 13:56:55 QUEUE-DRAINED (idle, waiting for appends)
08-12 13:58:15 QUEUE-DRAINED (idle, waiting for appends)
08-12 13:59:36 QUEUE-DRAINED (idle, waiting for appends)
08-12 14:00:56 QUEUE-DRAINED (idle, waiting for appends)
08-12 14:02:16 QUEUE-DRAINED (idle, waiting for appends)
08-12 14:03:37 QUEUE-DRAINED (idle, waiting for appends)
08-12 14:04:57 QUEUE-DRAINED (idle, waiting for appends)
08-12 14:06:18 QUEUE-DRAINED (idle, waiting for appends)
08-12 14:07:38 QUEUE-DRAINED (idle, waiting for appends)
08-12 14:08:59 QUEUE-DRAINED (idle, waiting for appends)
08-12 14:10:19 QUEUE-DRAINED (idle, waiting for appends)
08-12 14:11:40 QUEUE-DRAINED (idle, waiting for appends)
08-12 14:13:00 QUEUE-DRAINED (idle, waiting for appends)
08-12 14:14:21 QUEUE-DRAINED (idle, waiting for appends)
08-12 14:15:41 QUEUE-DRAINED (idle, waiting for appends)
08-12 14:17:02 QUEUE-DRAINED (idle, waiting for appends)
08-12 14:18:22 QUEUE-DRAINED (idle, waiting for appends)
08-12 14:19:42 QUEUE-DRAINED (idle, waiting for appends)
08-12 14:21:03 QUEUE-DRAINED (idle, waiting for appends)
08-12 14:22:23 QUEUE-DRAINED (idle, waiting for appends)
08-12 14:23:43 QUEUE-DRAINED (idle, waiting for appends)
08-12 14:25:04 QUEUE-DRAINED (idle, waiting for appends)
08-12 14:26:24 QUEUE-DRAINED (idle, waiting for appends)
08-12 14:27:45 QUEUE-DRAINED (idle, waiting for appends)
08-12 14:29:05 QUEUE-DRAINED (idle, waiting for appends)
08-12 14:30:25 QUEUE-DRAINED (idle, waiting for appends)
08-12 14:31:46 QUEUE-DRAINED (idle, waiting for appends)
08-12 14:33:06 QUEUE-DRAINED (idle, waiting for appends)
08-12 14:34:27 QUEUE-DRAINED (idle, waiting for appends)
08-12 14:35:47 QUEUE-DRAINED (idle, waiting for appends)
08-12 14:37:08 QUEUE-DRAINED (idle, waiting for appends)
08-12 14:38:28 QUEUE-DRAINED (idle, waiting for appends)
08-12 14:39:48 QUEUE-DRAINED (idle, waiting for appends)
08-12 14:41:09 QUEUE-DRAINED (idle, waiting for appends)
08-12 14:42:29 QUEUE-DRAINED (idle, waiting for appends)
08-12 14:43:50 QUEUE-DRAINED (idle, waiting for appends)
08-12 14:45:10 QUEUE-DRAINED (idle, waiting for appends)
08-12 14:46:31 QUEUE-DRAINED (idle, waiting for appends)
08-12 14:47:51 QUEUE-DRAINED (idle, waiting for appends)
08-12 14:49:11 QUEUE-DRAINED (idle, waiting for appends)
08-12 14:50:32 QUEUE-DRAINED (idle, waiting for appends)
08-12 14:51:52 QUEUE-DRAINED (idle, waiting for appends)
08-12 14:53:13 QUEUE-DRAINED (idle, waiting for appends)
08-12 14:54:33 QUEUE-DRAINED (idle, waiting for appends)
08-12 14:55:53 QUEUE-DRAINED (idle, waiting for appends)
08-12 14:57:14 QUEUE-DRAINED (idle, waiting for appends)
08-12 14:58:34 QUEUE-DRAINED (idle, waiting for appends)
08-12 14:59:54 QUEUE-DRAINED (idle, waiting for appends)
08-12 15:01:15 QUEUE-DRAINED (idle, waiting for appends)
08-12 15:02:35 QUEUE-DRAINED (idle, waiting for appends)
08-12 15:03:56 QUEUE-DRAINED (idle, waiting for appends)
08-12 15:05:16 QUEUE-DRAINED (idle, waiting for appends)
08-12 15:06:37 QUEUE-DRAINED (idle, waiting for appends)
08-12 15:07:57 QUEUE-DRAINED (idle, waiting for appends)
08-12 15:09:17 QUEUE-DRAINED (idle, waiting for appends)
08-12 15:10:38 QUEUE-DRAINED (idle, waiting for appends)
08-12 15:11:58 QUEUE-DRAINED (idle, waiting for appends)
08-12 15:13:19 QUEUE-DRAINED (idle, waiting for appends)
08-12 15:14:39 QUEUE-DRAINED (idle, waiting for appends)
08-12 15:15:59 QUEUE-DRAINED (idle, waiting for appends)
08-12 15:17:20 QUEUE-DRAINED (idle, waiting for appends)
08-12 15:18:40 QUEUE-DRAINED (idle, waiting for appends)
08-12 15:20:01 QUEUE-DRAINED (idle, waiting for appends)
08-12 15:21:21 QUEUE-DRAINED (idle, waiting for appends)
08-12 15:22:41 QUEUE-DRAINED (idle, waiting for appends)
08-12 15:24:02 QUEUE-DRAINED (idle, waiting for appends)
08-12 15:25:22 QUEUE-DRAINED (idle, waiting for appends)
08-12 15:26:43 QUEUE-DRAINED (idle, waiting for appends)
08-12 15:28:03 QUEUE-DRAINED (idle, waiting for appends)
08-12 15:29:24 QUEUE-DRAINED (idle, waiting for appends)
08-12 15:30:44 QUEUE-DRAINED (idle, waiting for appends)
08-12 15:32:04 QUEUE-DRAINED (idle, waiting for appends)
08-12 15:33:25 QUEUE-DRAINED (idle, waiting for appends)
08-12 15:34:45 QUEUE-DRAINED (idle, waiting for appends)
08-12 15:36:06 QUEUE-DRAINED (idle, waiting for appends)
08-12 15:37:26 QUEUE-DRAINED (idle, waiting for appends)
08-12 15:38:46 QUEUE-DRAINED (idle, waiting for appends)
08-12 15:40:07 QUEUE-DRAINED (idle, waiting for appends)
08-12 15:41:27 QUEUE-DRAINED (idle, waiting for appends)
08-12 15:42:48 QUEUE-DRAINED (idle, waiting for appends)
08-12 15:44:08 QUEUE-DRAINED (idle, waiting for appends)
08-12 15:45:29 QUEUE-DRAINED (idle, waiting for appends)
08-12 15:46:49 QUEUE-DRAINED (idle, waiting for appends)
08-12 15:48:09 QUEUE-DRAINED (idle, waiting for appends)
08-12 15:49:30 QUEUE-DRAINED (idle, waiting for appends)
08-12 15:50:50 QUEUE-DRAINED (idle, waiting for appends)
08-12 15:52:11 QUEUE-DRAINED (idle, waiting for appends)
08-12 15:53:31 QUEUE-DRAINED (idle, waiting for appends)
08-12 15:54:51 QUEUE-DRAINED (idle, waiting for appends)
08-12 15:56:12 QUEUE-DRAINED (idle, waiting for appends)
08-12 15:57:32 QUEUE-DRAINED (idle, waiting for appends)
08-12 15:58:53 QUEUE-DRAINED (idle, waiting for appends)
08-12 16:00:13 QUEUE-DRAINED (idle, waiting for appends)
08-12 16:01:34 QUEUE-DRAINED (idle, waiting for appends)
08-12 16:02:54 QUEUE-DRAINED (idle, waiting for appends)
08-12 16:04:14 QUEUE-DRAINED (idle, waiting for appends)
08-12 16:05:35 QUEUE-DRAINED (idle, waiting for appends)
08-12 16:06:55 QUEUE-DRAINED (idle, waiting for appends)
08-12 16:08:16 QUEUE-DRAINED (idle, waiting for appends)
08-12 16:09:36 QUEUE-DRAINED (idle, waiting for appends)
08-12 16:10:56 QUEUE-DRAINED (idle, waiting for appends)
08-12 16:12:17 QUEUE-DRAINED (idle, waiting for appends)
08-12 16:13:37 QUEUE-DRAINED (idle, waiting for appends)
08-12 16:14:58 QUEUE-DRAINED (idle, waiting for appends)
08-12 16:16:18 QUEUE-DRAINED (idle, waiting for appends)
08-12 16:17:38 QUEUE-DRAINED (idle, waiting for appends)
08-12 16:18:59 QUEUE-DRAINED (idle, waiting for appends)
08-12 16:20:19 QUEUE-DRAINED (idle, waiting for appends)
08-12 16:21:40 QUEUE-DRAINED (idle, waiting for appends)
08-12 16:23:00 QUEUE-DRAINED (idle, waiting for appends)
08-12 16:24:20 QUEUE-DRAINED (idle, waiting for appends)
08-12 16:25:41 QUEUE-DRAINED (idle, waiting for appends)
08-12 16:27:01 QUEUE-DRAINED (idle, waiting for appends)
08-12 16:28:22 QUEUE-DRAINED (idle, waiting for appends)
08-12 16:29:42 QUEUE-DRAINED (idle, waiting for appends)
08-12 16:31:02 QUEUE-DRAINED (idle, waiting for appends)
08-12 16:32:23 QUEUE-DRAINED (idle, waiting for appends)
08-12 16:33:43 QUEUE-DRAINED (idle, waiting for appends)
08-12 16:35:04 QUEUE-DRAINED (idle, waiting for appends)
08-12 16:36:24 QUEUE-DRAINED (idle, waiting for appends)
08-12 16:37:44 QUEUE-DRAINED (idle, waiting for appends)
08-12 16:39:05 QUEUE-DRAINED (idle, waiting for appends)
08-12 16:40:25 QUEUE-DRAINED (idle, waiting for appends)
08-12 16:41:46 QUEUE-DRAINED (idle, waiting for appends)
08-12 16:43:06 QUEUE-DRAINED (idle, waiting for appends)
08-12 16:44:26 QUEUE-DRAINED (idle, waiting for appends)
08-12 16:45:47 QUEUE-DRAINED (idle, waiting for appends)
08-12 16:47:07 QUEUE-DRAINED (idle, waiting for appends)
08-12 16:48:28 QUEUE-DRAINED (idle, waiting for appends)
08-12 16:49:48 QUEUE-DRAINED (idle, waiting for appends)
08-12 16:51:09 QUEUE-DRAINED (idle, waiting for appends)
08-12 16:52:29 QUEUE-DRAINED (idle, waiting for appends)
08-12 16:53:50 QUEUE-DRAINED (idle, waiting for appends)
08-12 16:55:10 QUEUE-DRAINED (idle, waiting for appends)
08-12 16:56:30 QUEUE-DRAINED (idle, waiting for appends)
08-12 16:57:51 QUEUE-DRAINED (idle, waiting for appends)
08-12 16:59:11 QUEUE-DRAINED (idle, waiting for appends)
08-12 17:00:32 QUEUE-DRAINED (idle, waiting for appends)
08-12 17:01:52 QUEUE-DRAINED (idle, waiting for appends)
08-12 17:03:12 QUEUE-DRAINED (idle, waiting for appends)
08-12 17:04:33 QUEUE-DRAINED (idle, waiting for appends)
08-12 17:05:53 QUEUE-DRAINED (idle, waiting for appends)
08-12 17:07:14 QUEUE-DRAINED (idle, waiting for appends)
08-12 17:08:34 QUEUE-DRAINED (idle, waiting for appends)
08-12 17:09:55 QUEUE-DRAINED (idle, waiting for appends)
08-12 17:11:15 QUEUE-DRAINED (idle, waiting for appends)
08-12 17:12:35 QUEUE-DRAINED (idle, waiting for appends)
08-12 17:13:56 QUEUE-DRAINED (idle, waiting for appends)
08-12 17:15:16 QUEUE-DRAINED (idle, waiting for appends)
08-12 17:16:37 QUEUE-DRAINED (idle, waiting for appends)
08-12 17:17:57 QUEUE-DRAINED (idle, waiting for appends)
08-12 17:19:17 QUEUE-DRAINED (idle, waiting for appends)
08-12 17:20:38 QUEUE-DRAINED (idle, waiting for appends)
08-12 17:21:58 QUEUE-DRAINED (idle, waiting for appends)
08-12 17:23:18 QUEUE-DRAINED (idle, waiting for appends)
08-12 17:24:39 QUEUE-DRAINED (idle, waiting for appends)
08-12 17:25:59 QUEUE-DRAINED (idle, waiting for appends)
08-12 17:27:20 QUEUE-DRAINED (idle, waiting for appends)
08-12 17:28:40 QUEUE-DRAINED (idle, waiting for appends)
08-12 17:30:00 QUEUE-DRAINED (idle, waiting for appends)
08-12 17:31:21 QUEUE-DRAINED (idle, waiting for appends)
08-12 17:32:41 QUEUE-DRAINED (idle, waiting for appends)
08-12 17:34:02 QUEUE-DRAINED (idle, waiting for appends)
08-12 17:35:22 QUEUE-DRAINED (idle, waiting for appends)
08-12 17:36:43 QUEUE-DRAINED (idle, waiting for appends)
08-12 17:38:03 QUEUE-DRAINED (idle, waiting for appends)
08-12 17:39:23 QUEUE-DRAINED (idle, waiting for appends)
08-12 17:40:44 QUEUE-DRAINED (idle, waiting for appends)
08-12 17:42:04 QUEUE-DRAINED (idle, waiting for appends)
08-12 17:43:25 QUEUE-DRAINED (idle, waiting for appends)
08-12 17:44:45 QUEUE-DRAINED (idle, waiting for appends)
08-12 17:46:05 QUEUE-DRAINED (idle, waiting for appends)
08-12 17:47:26 QUEUE-DRAINED (idle, waiting for appends)
08-12 17:48:46 QUEUE-DRAINED (idle, waiting for appends)
08-12 17:50:07 QUEUE-DRAINED (idle, waiting for appends)
08-12 17:51:27 QUEUE-DRAINED (idle, waiting for appends)
08-12 17:52:47 QUEUE-DRAINED (idle, waiting for appends)
08-12 17:54:08 QUEUE-DRAINED (idle, waiting for appends)
08-12 17:55:28 QUEUE-DRAINED (idle, waiting for appends)
08-12 17:56:49 QUEUE-DRAINED (idle, waiting for appends)
08-12 17:58:09 QUEUE-DRAINED (idle, waiting for appends)
08-12 17:59:30 QUEUE-DRAINED (idle, waiting for appends)
08-12 18:00:50 QUEUE-DRAINED (idle, waiting for appends)
08-12 18:02:10 QUEUE-DRAINED (idle, waiting for appends)
08-12 18:03:31 QUEUE-DRAINED (idle, waiting for appends)
08-12 18:04:51 QUEUE-DRAINED (idle, waiting for appends)
08-12 18:06:12 QUEUE-DRAINED (idle, waiting for appends)
08-12 18:07:32 QUEUE-DRAINED (idle, waiting for appends)
08-12 18:08:53 QUEUE-DRAINED (idle, waiting for appends)
08-12 18:10:13 QUEUE-DRAINED (idle, waiting for appends)
08-12 18:11:33 QUEUE-DRAINED (idle, waiting for appends)
08-12 18:12:54 QUEUE-DRAINED (idle, waiting for appends)
08-12 18:14:14 QUEUE-DRAINED (idle, waiting for appends)
08-12 18:15:35 QUEUE-DRAINED (idle, waiting for appends)
08-12 18:16:55 QUEUE-DRAINED (idle, waiting for appends)
08-12 18:18:16 QUEUE-DRAINED (idle, waiting for appends)
08-12 18:19:36 QUEUE-DRAINED (idle, waiting for appends)
08-12 18:20:56 QUEUE-DRAINED (idle, waiting for appends)
08-12 18:22:17 QUEUE-DRAINED (idle, waiting for appends)
08-12 18:23:37 QUEUE-DRAINED (idle, waiting for appends)
08-12 18:24:58 QUEUE-DRAINED (idle, waiting for appends)
08-12 18:26:18 QUEUE-DRAINED (idle, waiting for appends)
08-12 18:27:39 QUEUE-DRAINED (idle, waiting for appends)
08-12 18:28:59 QUEUE-DRAINED (idle, waiting for appends)
08-12 18:30:19 QUEUE-DRAINED (idle, waiting for appends)
08-12 18:31:40 QUEUE-DRAINED (idle, waiting for appends)
08-12 18:33:00 QUEUE-DRAINED (idle, waiting for appends)
08-12 18:34:20 QUEUE-DRAINED (idle, waiting for appends)
08-12 18:35:41 QUEUE-DRAINED (idle, waiting for appends)
08-12 18:37:01 QUEUE-DRAINED (idle, waiting for appends)
08-12 18:38:22 QUEUE-DRAINED (idle, waiting for appends)
08-12 18:39:42 QUEUE-DRAINED (idle, waiting for appends)
08-12 18:41:02 QUEUE-DRAINED (idle, waiting for appends)
08-12 18:42:23 QUEUE-DRAINED (idle, waiting for appends)
08-12 18:43:43 QUEUE-DRAINED (idle, waiting for appends)
08-12 18:45:03 QUEUE-DRAINED (idle, waiting for appends)
08-12 18:46:24 QUEUE-DRAINED (idle, waiting for appends)
08-12 18:47:44 QUEUE-DRAINED (idle, waiting for appends)
08-12 18:49:05 QUEUE-DRAINED (idle, waiting for appends)
08-12 18:50:25 QUEUE-DRAINED (idle, waiting for appends)
08-12 18:51:46 QUEUE-DRAINED (idle, waiting for appends)
08-12 18:53:06 QUEUE-DRAINED (idle, waiting for appends)
08-12 18:54:26 QUEUE-DRAINED (idle, waiting for appends)
08-12 18:55:47 QUEUE-DRAINED (idle, waiting for appends)
08-12 18:57:07 QUEUE-DRAINED (idle, waiting for appends)
08-12 18:58:28 QUEUE-DRAINED (idle, waiting for appends)
08-12 18:59:48 QUEUE-DRAINED (idle, waiting for appends)
08-12 19:01:08 QUEUE-DRAINED (idle, waiting for appends)
08-12 19:02:29 QUEUE-DRAINED (idle, waiting for appends)
08-12 19:03:49 QUEUE-DRAINED (idle, waiting for appends)
08-12 19:05:09 QUEUE-DRAINED (idle, waiting for appends)
08-12 19:06:30 QUEUE-DRAINED (idle, waiting for appends)
08-12 19:07:50 QUEUE-DRAINED (idle, waiting for appends)
08-12 19:09:11 QUEUE-DRAINED (idle, waiting for appends)
08-12 19:10:31 QUEUE-DRAINED (idle, waiting for appends)
08-12 19:11:51 QUEUE-DRAINED (idle, waiting for appends)
08-12 19:13:12 QUEUE-DRAINED (idle, waiting for appends)
08-12 19:14:32 QUEUE-DRAINED (idle, waiting for appends)
08-12 19:15:53 QUEUE-DRAINED (idle, waiting for appends)
08-12 19:17:13 QUEUE-DRAINED (idle, waiting for appends)
08-12 19:18:33 QUEUE-DRAINED (idle, waiting for appends)
08-12 19:19:54 QUEUE-DRAINED (idle, waiting for appends)
08-12 19:21:14 QUEUE-DRAINED (idle, waiting for appends)
08-12 19:22:35 QUEUE-DRAINED (idle, waiting for appends)
08-12 19:23:55 QUEUE-DRAINED (idle, waiting for appends)
08-12 19:25:15 QUEUE-DRAINED (idle, waiting for appends)
08-12 19:26:36 QUEUE-DRAINED (idle, waiting for appends)
08-12 19:27:56 QUEUE-DRAINED (idle, waiting for appends)
08-12 19:29:16 QUEUE-DRAINED (idle, waiting for appends)
08-12 19:30:37 QUEUE-DRAINED (idle, waiting for appends)
08-12 19:31:57 QUEUE-DRAINED (idle, waiting for appends)
08-12 19:33:18 QUEUE-DRAINED (idle, waiting for appends)
08-12 19:34:38 QUEUE-DRAINED (idle, waiting for appends)
08-12 19:35:58 QUEUE-DRAINED (idle, waiting for appends)
08-12 19:37:19 QUEUE-DRAINED (idle, waiting for appends)
08-12 19:38:39 QUEUE-DRAINED (idle, waiting for appends)
08-12 19:40:00 QUEUE-DRAINED (idle, waiting for appends)
08-12 19:41:20 QUEUE-DRAINED (idle, waiting for appends)
08-12 19:42:40 QUEUE-DRAINED (idle, waiting for appends)
08-12 19:44:01 QUEUE-DRAINED (idle, waiting for appends)
08-12 19:45:21 QUEUE-DRAINED (idle, waiting for appends)
08-12 19:46:42 QUEUE-DRAINED (idle, waiting for appends)
08-12 19:48:02 QUEUE-DRAINED (idle, waiting for appends)
08-12 19:49:22 QUEUE-DRAINED (idle, waiting for appends)
08-12 19:50:43 QUEUE-DRAINED (idle, waiting for appends)
08-12 19:52:03 QUEUE-DRAINED (idle, waiting for appends)
08-12 19:53:24 QUEUE-DRAINED (idle, waiting for appends)
08-12 19:54:44 QUEUE-DRAINED (idle, waiting for appends)
08-12 19:56:04 QUEUE-DRAINED (idle, waiting for appends)
08-12 19:57:25 QUEUE-DRAINED (idle, waiting for appends)
08-12 19:58:45 QUEUE-DRAINED (idle, waiting for appends)
08-12 20:00:05 QUEUE-DRAINED (idle, waiting for appends)
08-12 20:01:26 QUEUE-DRAINED (idle, waiting for appends)
08-12 20:02:46 QUEUE-DRAINED (idle, waiting for appends)
08-12 20:04:07 QUEUE-DRAINED (idle, waiting for appends)
08-12 20:05:27 QUEUE-DRAINED (idle, waiting for appends)
08-12 20:06:47 QUEUE-DRAINED (idle, waiting for appends)
08-12 20:08:08 QUEUE-DRAINED (idle, waiting for appends)
08-12 20:09:28 QUEUE-DRAINED (idle, waiting for appends)
08-12 20:10:49 QUEUE-DRAINED (idle, waiting for appends)
08-12 20:12:09 QUEUE-DRAINED (idle, waiting for appends)
08-12 20:13:29 QUEUE-DRAINED (idle, waiting for appends)
08-12 20:14:50 QUEUE-DRAINED (idle, waiting for appends)
08-12 20:16:10 QUEUE-DRAINED (idle, waiting for appends)
08-12 20:17:31 QUEUE-DRAINED (idle, waiting for appends)
08-12 20:18:51 QUEUE-DRAINED (idle, waiting for appends)
08-12 20:20:11 QUEUE-DRAINED (idle, waiting for appends)
08-12 20:21:32 QUEUE-DRAINED (idle, waiting for appends)
08-12 20:22:52 QUEUE-DRAINED (idle, waiting for appends)
08-12 20:24:13 QUEUE-DRAINED (idle, waiting for appends)
08-12 20:25:33 QUEUE-DRAINED (idle, waiting for appends)
08-12 20:26:53 QUEUE-DRAINED (idle, waiting for appends)
08-12 20:28:14 QUEUE-DRAINED (idle, waiting for appends)
08-12 20:29:34 QUEUE-DRAINED (idle, waiting for appends)
08-12 20:30:54 QUEUE-DRAINED (idle, waiting for appends)
08-12 20:32:15 QUEUE-DRAINED (idle, waiting for appends)
08-12 20:33:35 QUEUE-DRAINED (idle, waiting for appends)
08-12 20:34:56 QUEUE-DRAINED (idle, waiting for appends)
08-12 20:36:16 QUEUE-DRAINED (idle, waiting for appends)
08-12 20:37:36 QUEUE-DRAINED (idle, waiting for appends)
08-12 20:38:57 QUEUE-DRAINED (idle, waiting for appends)
08-12 20:40:17 QUEUE-DRAINED (idle, waiting for appends)
08-12 20:41:37 QUEUE-DRAINED (idle, waiting for appends)
08-12 20:42:58 QUEUE-DRAINED (idle, waiting for appends)
08-12 20:44:18 QUEUE-DRAINED (idle, waiting for appends)
08-12 20:45:39 QUEUE-DRAINED (idle, waiting for appends)
08-12 20:46:59 QUEUE-DRAINED (idle, waiting for appends)
08-12 20:48:19 QUEUE-DRAINED (idle, waiting for appends)
08-12 20:49:40 QUEUE-DRAINED (idle, waiting for appends)
08-12 20:51:00 QUEUE-DRAINED (idle, waiting for appends)
08-12 20:52:21 QUEUE-DRAINED (idle, waiting for appends)
08-12 20:53:41 QUEUE-DRAINED (idle, waiting for appends)
08-12 20:55:01 QUEUE-DRAINED (idle, waiting for appends)
08-12 20:56:22 QUEUE-DRAINED (idle, waiting for appends)
08-12 20:57:42 QUEUE-DRAINED (idle, waiting for appends)
08-12 20:59:03 QUEUE-DRAINED (idle, waiting for appends)
08-12 21:00:23 QUEUE-DRAINED (idle, waiting for appends)
08-12 21:01:44 QUEUE-DRAINED (idle, waiting for appends)
08-12 21:03:04 QUEUE-DRAINED (idle, waiting for appends)
08-12 21:04:24 QUEUE-DRAINED (idle, waiting for appends)
08-12 21:05:45 QUEUE-DRAINED (idle, waiting for appends)
08-12 21:07:05 QUEUE-DRAINED (idle, waiting for appends)
08-12 21:08:25 QUEUE-DRAINED (idle, waiting for appends)
08-12 21:09:46 QUEUE-DRAINED (idle, waiting for appends)
08-12 21:11:06 QUEUE-DRAINED (idle, waiting for appends)
08-12 21:12:27 QUEUE-DRAINED (idle, waiting for appends)
08-12 21:13:47 QUEUE-DRAINED (idle, waiting for appends)
08-12 21:15:08 QUEUE-DRAINED (idle, waiting for appends)
08-12 21:16:28 QUEUE-DRAINED (idle, waiting for appends)
08-12 21:17:48 QUEUE-DRAINED (idle, waiting for appends)
08-12 21:19:09 QUEUE-DRAINED (idle, waiting for appends)
08-12 21:20:29 QUEUE-DRAINED (idle, waiting for appends)
08-12 21:21:50 QUEUE-DRAINED (idle, waiting for appends)
08-12 21:23:10 QUEUE-DRAINED (idle, waiting for appends)
08-12 21:24:30 QUEUE-DRAINED (idle, waiting for appends)
08-12 21:25:51 QUEUE-DRAINED (idle, waiting for appends)
08-12 21:27:11 QUEUE-DRAINED (idle, waiting for appends)
08-12 21:28:32 QUEUE-DRAINED (idle, waiting for appends)
08-12 21:29:52 QUEUE-DRAINED (idle, waiting for appends)
08-12 21:31:12 QUEUE-DRAINED (idle, waiting for appends)
08-12 21:32:33 QUEUE-DRAINED (idle, waiting for appends)
08-12 21:33:53 QUEUE-DRAINED (idle, waiting for appends)
08-12 21:35:14 QUEUE-DRAINED (idle, waiting for appends)
08-12 21:36:34 QUEUE-DRAINED (idle, waiting for appends)
08-12 21:37:55 QUEUE-DRAINED (idle, waiting for appends)
08-12 21:39:15 QUEUE-DRAINED (idle, waiting for appends)
08-12 21:40:35 QUEUE-DRAINED (idle, waiting for appends)
08-12 21:41:56 QUEUE-DRAINED (idle, waiting for appends)
08-12 21:43:16 QUEUE-DRAINED (idle, waiting for appends)
08-12 21:44:37 QUEUE-DRAINED (idle, waiting for appends)
08-12 21:45:57 QUEUE-DRAINED (idle, waiting for appends)
08-12 21:47:17 QUEUE-DRAINED (idle, waiting for appends)
08-12 21:48:38 QUEUE-DRAINED (idle, waiting for appends)
08-12 21:49:58 QUEUE-DRAINED (idle, waiting for appends)
08-12 21:51:19 QUEUE-DRAINED (idle, waiting for appends)
08-12 21:52:39 QUEUE-DRAINED (idle, waiting for appends)
08-12 21:54:00 QUEUE-DRAINED (idle, waiting for appends)
08-12 21:55:20 QUEUE-DRAINED (idle, waiting for appends)
08-12 21:56:40 QUEUE-DRAINED (idle, waiting for appends)
08-12 21:58:01 QUEUE-DRAINED (idle, waiting for appends)
08-12 21:59:21 QUEUE-DRAINED (idle, waiting for appends)
08-12 22:00:42 QUEUE-DRAINED (idle, waiting for appends)
08-12 22:02:02 QUEUE-DRAINED (idle, waiting for appends)
08-12 22:03:22 QUEUE-DRAINED (idle, waiting for appends)
08-12 22:04:43 QUEUE-DRAINED (idle, waiting for appends)
08-12 22:06:03 QUEUE-DRAINED (idle, waiting for appends)
08-12 22:07:24 QUEUE-DRAINED (idle, waiting for appends)
08-12 22:08:44 QUEUE-DRAINED (idle, waiting for appends)
08-12 22:10:04 QUEUE-DRAINED (idle, waiting for appends)
08-12 22:11:25 QUEUE-DRAINED (idle, waiting for appends)
08-12 22:12:45 QUEUE-DRAINED (idle, waiting for appends)
08-12 22:14:06 QUEUE-DRAINED (idle, waiting for appends)
08-12 22:15:26 QUEUE-DRAINED (idle, waiting for appends)
08-12 22:16:46 QUEUE-DRAINED (idle, waiting for appends)
08-12 22:18:07 QUEUE-DRAINED (idle, waiting for appends)
08-12 22:19:27 QUEUE-DRAINED (idle, waiting for appends)
08-12 22:20:48 QUEUE-DRAINED (idle, waiting for appends)
08-12 22:22:08 QUEUE-DRAINED (idle, waiting for appends)
08-12 22:23:29 QUEUE-DRAINED (idle, waiting for appends)
08-12 22:24:49 QUEUE-DRAINED (idle, waiting for appends)
08-12 22:26:09 QUEUE-DRAINED (idle, waiting for appends)
08-12 22:27:30 QUEUE-DRAINED (idle, waiting for appends)
08-12 22:28:50 QUEUE-DRAINED (idle, waiting for appends)
08-12 22:30:11 QUEUE-DRAINED (idle, waiting for appends)
08-12 22:31:31 QUEUE-DRAINED (idle, waiting for appends)
08-12 22:32:51 QUEUE-DRAINED (idle, waiting for appends)
08-12 22:34:12 QUEUE-DRAINED (idle, waiting for appends)
08-12 22:35:32 QUEUE-DRAINED (idle, waiting for appends)
08-12 22:36:52 QUEUE-DRAINED (idle, waiting for appends)
08-12 22:38:13 QUEUE-DRAINED (idle, waiting for appends)
08-12 22:39:33 QUEUE-DRAINED (idle, waiting for appends)
08-12 22:40:54 QUEUE-DRAINED (idle, waiting for appends)
08-12 22:42:14 QUEUE-DRAINED (idle, waiting for appends)
08-12 22:43:34 QUEUE-DRAINED (idle, waiting for appends)
08-12 22:44:55 QUEUE-DRAINED (idle, waiting for appends)
08-12 22:46:15 QUEUE-DRAINED (idle, waiting for appends)
08-12 22:47:36 QUEUE-DRAINED (idle, waiting for appends)
08-12 22:48:56 QUEUE-DRAINED (idle, waiting for appends)
08-12 22:50:16 QUEUE-DRAINED (idle, waiting for appends)
08-12 22:51:37 QUEUE-DRAINED (idle, waiting for appends)
08-12 22:52:57 QUEUE-DRAINED (idle, waiting for appends)
08-12 22:54:17 QUEUE-DRAINED (idle, waiting for appends)
08-12 22:55:38 QUEUE-DRAINED (idle, waiting for appends)
08-12 22:56:58 QUEUE-DRAINED (idle, waiting for appends)
08-12 22:58:19 QUEUE-DRAINED (idle, waiting for appends)
08-12 22:59:39 QUEUE-DRAINED (idle, waiting for appends)
08-12 23:00:59 QUEUE-DRAINED (idle, waiting for appends)
08-12 23:02:20 QUEUE-DRAINED (idle, waiting for appends)
08-12 23:03:40 QUEUE-DRAINED (idle, waiting for appends)
08-12 23:05:00 QUEUE-DRAINED (idle, waiting for appends)
08-12 23:06:21 QUEUE-DRAINED (idle, waiting for appends)
08-12 23:07:41 QUEUE-DRAINED (idle, waiting for appends)
08-12 23:09:01 QUEUE-DRAINED (idle, waiting for appends)
08-12 23:10:22 QUEUE-DRAINED (idle, waiting for appends)
08-12 23:11:42 QUEUE-DRAINED (idle, waiting for appends)
08-12 23:13:03 QUEUE-DRAINED (idle, waiting for appends)
08-12 23:14:23 QUEUE-DRAINED (idle, waiting for appends)
08-12 23:15:44 QUEUE-DRAINED (idle, waiting for appends)
08-12 23:17:04 QUEUE-DRAINED (idle, waiting for appends)
08-12 23:18:24 QUEUE-DRAINED (idle, waiting for appends)
08-12 23:19:45 QUEUE-DRAINED (idle, waiting for appends)
08-12 23:21:05 QUEUE-DRAINED (idle, waiting for appends)
08-12 23:22:25 QUEUE-DRAINED (idle, waiting for appends)
08-12 23:23:46 QUEUE-DRAINED (idle, waiting for appends)
08-12 23:25:06 QUEUE-DRAINED (idle, waiting for appends)
08-12 23:26:27 QUEUE-DRAINED (idle, waiting for appends)
08-12 23:27:47 QUEUE-DRAINED (idle, waiting for appends)
08-12 23:29:07 QUEUE-DRAINED (idle, waiting for appends)
08-12 23:30:28 QUEUE-DRAINED (idle, waiting for appends)
08-12 23:31:48 QUEUE-DRAINED (idle, waiting for appends)
08-12 23:33:09 QUEUE-DRAINED (idle, waiting for appends)
08-12 23:34:29 QUEUE-DRAINED (idle, waiting for appends)
08-12 23:35:50 QUEUE-DRAINED (idle, waiting for appends)
08-12 23:37:10 QUEUE-DRAINED (idle, waiting for appends)
08-12 23:38:30 QUEUE-DRAINED (idle, waiting for appends)
08-12 23:39:51 QUEUE-DRAINED (idle, waiting for appends)
08-12 23:41:11 QUEUE-DRAINED (idle, waiting for appends)
08-12 23:42:31 QUEUE-DRAINED (idle, waiting for appends)
08-12 23:43:52 QUEUE-DRAINED (idle, waiting for appends)
08-12 23:45:12 QUEUE-DRAINED (idle, waiting for appends)
08-12 23:46:33 QUEUE-DRAINED (idle, waiting for appends)
08-12 23:47:53 QUEUE-DRAINED (idle, waiting for appends)
08-12 23:49:13 QUEUE-DRAINED (idle, waiting for appends)
08-12 23:50:34 QUEUE-DRAINED (idle, waiting for appends)
08-12 23:51:54 QUEUE-DRAINED (idle, waiting for appends)
08-12 23:53:15 QUEUE-DRAINED (idle, waiting for appends)
08-12 23:54:35 QUEUE-DRAINED (idle, waiting for appends)
08-12 23:55:56 QUEUE-DRAINED (idle, waiting for appends)
08-12 23:57:16 QUEUE-DRAINED (idle, waiting for appends)
08-12 23:58:36 QUEUE-DRAINED (idle, waiting for appends)
08-12 23:59:57 QUEUE-DRAINED (idle, waiting for appends)
08-13 00:01:17 QUEUE-DRAINED (idle, waiting for appends)
08-13 00:02:38 QUEUE-DRAINED (idle, waiting for appends)
08-13 00:03:58 QUEUE-DRAINED (idle, waiting for appends)
08-13 00:05:18 QUEUE-DRAINED (idle, waiting for appends)
08-13 00:06:39 QUEUE-DRAINED (idle, waiting for appends)
08-13 00:07:59 QUEUE-DRAINED (idle, waiting for appends)
08-13 00:09:20 QUEUE-DRAINED (idle, waiting for appends)
08-13 00:10:40 QUEUE-DRAINED (idle, waiting for appends)
08-13 00:12:01 QUEUE-DRAINED (idle, waiting for appends)
08-13 00:13:21 QUEUE-DRAINED (idle, waiting for appends)
08-13 00:14:41 QUEUE-DRAINED (idle, waiting for appends)
08-13 00:16:02 QUEUE-DRAINED (idle, waiting for appends)
08-13 00:17:22 QUEUE-DRAINED (idle, waiting for appends)
08-13 00:18:43 QUEUE-DRAINED (idle, waiting for appends)
08-13 00:20:03 QUEUE-DRAINED (idle, waiting for appends)
08-13 00:21:23 QUEUE-DRAINED (idle, waiting for appends)
08-13 00:22:44 QUEUE-DRAINED (idle, waiting for appends)
08-13 00:24:04 QUEUE-DRAINED (idle, waiting for appends)
08-13 00:25:24 QUEUE-DRAINED (idle, waiting for appends)
08-13 00:26:45 QUEUE-DRAINED (idle, waiting for appends)
08-13 00:28:05 QUEUE-DRAINED (idle, waiting for appends)
08-13 00:29:26 QUEUE-DRAINED (idle, waiting for appends)
08-13 00:30:46 QUEUE-DRAINED (idle, waiting for appends)
08-13 00:32:06 QUEUE-DRAINED (idle, waiting for appends)
08-13 00:33:27 QUEUE-DRAINED (idle, waiting for appends)
08-13 00:34:47 QUEUE-DRAINED (idle, waiting for appends)
08-13 00:36:08 QUEUE-DRAINED (idle, waiting for appends)
08-13 00:37:28 QUEUE-DRAINED (idle, waiting for appends)
08-13 00:38:48 QUEUE-DRAINED (idle, waiting for appends)
08-13 00:40:09 QUEUE-DRAINED (idle, waiting for appends)
08-13 00:41:29 QUEUE-DRAINED (idle, waiting for appends)
08-13 00:42:50 QUEUE-DRAINED (idle, waiting for appends)
08-13 00:44:10 QUEUE-DRAINED (idle, waiting for appends)
08-13 00:45:30 QUEUE-DRAINED (idle, waiting for appends)
08-13 00:46:51 QUEUE-DRAINED (idle, waiting for appends)
08-13 00:48:11 QUEUE-DRAINED (idle, waiting for appends)
08-13 00:49:32 QUEUE-DRAINED (idle, waiting for appends)
08-13 00:50:52 QUEUE-DRAINED (idle, waiting for appends)
08-13 00:52:12 QUEUE-DRAINED (idle, waiting for appends)
08-13 00:53:33 QUEUE-DRAINED (idle, waiting for appends)
08-13 00:54:53 QUEUE-DRAINED (idle, waiting for appends)
08-13 00:56:13 QUEUE-DRAINED (idle, waiting for appends)
08-13 00:57:34 QUEUE-DRAINED (idle, waiting for appends)
08-13 00:58:54 QUEUE-DRAINED (idle, waiting for appends)
08-13 01:00:15 QUEUE-DRAINED (idle, waiting for appends)
08-13 01:01:35 QUEUE-DRAINED (idle, waiting for appends)
08-13 01:02:56 QUEUE-DRAINED (idle, waiting for appends)
08-13 01:04:16 QUEUE-DRAINED (idle, waiting for appends)
08-13 01:05:36 QUEUE-DRAINED (idle, waiting for appends)
08-13 01:06:57 QUEUE-DRAINED (idle, waiting for appends)
08-13 01:08:17 QUEUE-DRAINED (idle, waiting for appends)
08-13 01:09:38 QUEUE-DRAINED (idle, waiting for appends)
08-13 01:10:58 QUEUE-DRAINED (idle, waiting for appends)
08-13 01:12:19 QUEUE-DRAINED (idle, waiting for appends)
08-13 01:13:39 QUEUE-DRAINED (idle, waiting for appends)
08-13 01:14:59 QUEUE-DRAINED (idle, waiting for appends)
08-13 01:16:20 QUEUE-DRAINED (idle, waiting for appends)
08-13 01:17:40 QUEUE-DRAINED (idle, waiting for appends)
08-13 01:19:01 QUEUE-DRAINED (idle, waiting for appends)
08-13 01:20:21 QUEUE-DRAINED (idle, waiting for appends)
08-13 01:21:41 QUEUE-DRAINED (idle, waiting for appends)
08-13 01:23:02 QUEUE-DRAINED (idle, waiting for appends)
08-13 01:24:22 QUEUE-DRAINED (idle, waiting for appends)
08-13 01:25:43 QUEUE-DRAINED (idle, waiting for appends)
08-13 01:27:03 QUEUE-DRAINED (idle, waiting for appends)
08-13 01:28:24 QUEUE-DRAINED (idle, waiting for appends)
08-13 01:29:44 QUEUE-DRAINED (idle, waiting for appends)
08-13 01:31:04 QUEUE-DRAINED (idle, waiting for appends)
08-13 01:32:25 QUEUE-DRAINED (idle, waiting for appends)
08-13 01:33:45 QUEUE-DRAINED (idle, waiting for appends)
08-13 01:35:06 QUEUE-DRAINED (idle, waiting for appends)
08-13 01:36:26 QUEUE-DRAINED (idle, waiting for appends)
08-13 01:37:47 QUEUE-DRAINED (idle, waiting for appends)
08-13 01:39:07 QUEUE-DRAINED (idle, waiting for appends)
08-13 01:40:27 QUEUE-DRAINED (idle, waiting for appends)
08-13 01:41:48 QUEUE-DRAINED (idle, waiting for appends)
08-13 01:43:08 QUEUE-DRAINED (idle, waiting for appends)
08-13 01:44:29 QUEUE-DRAINED (idle, waiting for appends)
08-13 01:45:49 QUEUE-DRAINED (idle, waiting for appends)
08-13 01:47:09 QUEUE-DRAINED (idle, waiting for appends)
08-13 01:48:30 QUEUE-DRAINED (idle, waiting for appends)
08-13 01:49:50 QUEUE-DRAINED (idle, waiting for appends)
08-13 01:51:11 QUEUE-DRAINED (idle, waiting for appends)
08-13 01:52:31 QUEUE-DRAINED (idle, waiting for appends)
08-13 01:53:51 QUEUE-DRAINED (idle, waiting for appends)
08-13 01:55:12 QUEUE-DRAINED (idle, waiting for appends)
08-13 01:56:32 QUEUE-DRAINED (idle, waiting for appends)
08-13 01:57:53 QUEUE-DRAINED (idle, waiting for appends)
08-13 01:59:13 QUEUE-DRAINED (idle, waiting for appends)
08-13 02:00:33 QUEUE-DRAINED (idle, waiting for appends)
08-13 02:01:54 QUEUE-DRAINED (idle, waiting for appends)
08-13 02:03:14 QUEUE-DRAINED (idle, waiting for appends)
08-13 02:04:35 QUEUE-DRAINED (idle, waiting for appends)
08-13 02:05:55 QUEUE-DRAINED (idle, waiting for appends)
08-13 02:07:16 QUEUE-DRAINED (idle, waiting for appends)
08-13 02:08:36 QUEUE-DRAINED (idle, waiting for appends)
08-13 02:09:56 QUEUE-DRAINED (idle, waiting for appends)
08-13 02:11:17 QUEUE-DRAINED (idle, waiting for appends)
08-13 02:12:37 QUEUE-DRAINED (idle, waiting for appends)
08-13 02:13:58 QUEUE-DRAINED (idle, waiting for appends)
08-13 02:15:18 QUEUE-DRAINED (idle, waiting for appends)
08-13 02:16:39 QUEUE-DRAINED (idle, waiting for appends)
08-13 02:17:59 QUEUE-DRAINED (idle, waiting for appends)
08-13 02:19:19 QUEUE-DRAINED (idle, waiting for appends)
08-13 02:20:40 QUEUE-DRAINED (idle, waiting for appends)
08-13 02:22:00 QUEUE-DRAINED (idle, waiting for appends)
08-13 02:23:20 QUEUE-DRAINED (idle, waiting for appends)
08-13 02:24:41 QUEUE-DRAINED (idle, waiting for appends)
08-13 02:26:01 QUEUE-DRAINED (idle, waiting for appends)
08-13 02:27:22 QUEUE-DRAINED (idle, waiting for appends)
08-13 02:28:42 QUEUE-DRAINED (idle, waiting for appends)
08-13 02:30:03 QUEUE-DRAINED (idle, waiting for appends)
08-13 02:31:23 QUEUE-DRAINED (idle, waiting for appends)
08-13 02:32:43 QUEUE-DRAINED (idle, waiting for appends)
08-13 02:34:04 QUEUE-DRAINED (idle, waiting for appends)
08-13 02:35:24 QUEUE-DRAINED (idle, waiting for appends)
08-13 02:36:45 QUEUE-DRAINED (idle, waiting for appends)
08-13 02:38:05 QUEUE-DRAINED (idle, waiting for appends)
08-13 02:39:25 QUEUE-DRAINED (idle, waiting for appends)
08-13 02:40:46 QUEUE-DRAINED (idle, waiting for appends)
08-13 02:42:06 QUEUE-DRAINED (idle, waiting for appends)
08-13 02:43:27 QUEUE-DRAINED (idle, waiting for appends)
08-13 02:44:47 QUEUE-DRAINED (idle, waiting for appends)
08-13 02:46:08 QUEUE-DRAINED (idle, waiting for appends)
08-13 02:47:28 QUEUE-DRAINED (idle, waiting for appends)
08-13 02:48:48 QUEUE-DRAINED (idle, waiting for appends)
08-13 02:50:09 QUEUE-DRAINED (idle, waiting for appends)
08-13 02:51:29 QUEUE-DRAINED (idle, waiting for appends)
08-13 02:52:50 QUEUE-DRAINED (idle, waiting for appends)
08-13 02:54:10 QUEUE-DRAINED (idle, waiting for appends)
08-13 02:55:31 QUEUE-DRAINED (idle, waiting for appends)
08-13 02:56:51 QUEUE-DRAINED (idle, waiting for appends)
08-13 02:58:12 QUEUE-DRAINED (idle, waiting for appends)
08-13 02:59:32 QUEUE-DRAINED (idle, waiting for appends)
08-13 03:00:52 QUEUE-DRAINED (idle, waiting for appends)
08-13 03:02:13 QUEUE-DRAINED (idle, waiting for appends)
08-13 03:03:33 QUEUE-DRAINED (idle, waiting for appends)
08-13 03:04:54 QUEUE-DRAINED (idle, waiting for appends)
08-13 03:06:14 QUEUE-DRAINED (idle, waiting for appends)
08-13 03:07:35 QUEUE-DRAINED (idle, waiting for appends)
08-13 03:08:55 QUEUE-DRAINED (idle, waiting for appends)
08-13 03:10:15 QUEUE-DRAINED (idle, waiting for appends)
08-13 03:11:36 QUEUE-DRAINED (idle, waiting for appends)
08-13 03:12:56 QUEUE-DRAINED (idle, waiting for appends)
08-13 03:14:17 QUEUE-DRAINED (idle, waiting for appends)
08-13 03:15:37 QUEUE-DRAINED (idle, waiting for appends)
08-13 03:16:57 QUEUE-DRAINED (idle, waiting for appends)
08-13 03:18:18 QUEUE-DRAINED (idle, waiting for appends)
08-13 03:19:38 QUEUE-DRAINED (idle, waiting for appends)
08-13 03:20:59 QUEUE-DRAINED (idle, waiting for appends)
08-13 03:22:19 QUEUE-DRAINED (idle, waiting for appends)
08-13 03:23:39 QUEUE-DRAINED (idle, waiting for appends)
08-13 03:25:00 QUEUE-DRAINED (idle, waiting for appends)
08-13 03:26:20 QUEUE-DRAINED (idle, waiting for appends)
08-13 03:27:40 QUEUE-DRAINED (idle, waiting for appends)
08-13 03:29:01 QUEUE-DRAINED (idle, waiting for appends)
08-13 03:30:21 QUEUE-DRAINED (idle, waiting for appends)
08-13 03:31:42 QUEUE-DRAINED (idle, waiting for appends)
08-13 03:33:02 QUEUE-DRAINED (idle, waiting for appends)
08-13 03:34:22 QUEUE-DRAINED (idle, waiting for appends)
08-13 03:35:43 QUEUE-DRAINED (idle, waiting for appends)
08-13 03:37:03 QUEUE-DRAINED (idle, waiting for appends)
08-13 03:38:23 QUEUE-DRAINED (idle, waiting for appends)
08-13 03:39:44 QUEUE-DRAINED (idle, waiting for appends)
08-13 03:41:04 QUEUE-DRAINED (idle, waiting for appends)
08-13 03:42:25 QUEUE-DRAINED (idle, waiting for appends)
08-13 03:43:45 QUEUE-DRAINED (idle, waiting for appends)
08-13 03:45:06 QUEUE-DRAINED (idle, waiting for appends)
08-13 03:46:26 QUEUE-DRAINED (idle, waiting for appends)
08-13 03:47:46 QUEUE-DRAINED (idle, waiting for appends)
08-13 03:49:07 QUEUE-DRAINED (idle, waiting for appends)
08-13 03:50:27 QUEUE-DRAINED (idle, waiting for appends)
08-13 03:51:48 QUEUE-DRAINED (idle, waiting for appends)
08-13 03:53:08 QUEUE-DRAINED (idle, waiting for appends)
08-13 03:54:28 QUEUE-DRAINED (idle, waiting for appends)
08-13 03:55:49 QUEUE-DRAINED (idle, waiting for appends)
08-13 03:57:09 QUEUE-DRAINED (idle, waiting for appends)
08-13 03:58:30 QUEUE-DRAINED (idle, waiting for appends)
08-13 03:59:50 QUEUE-DRAINED (idle, waiting for appends)
08-13 04:01:10 QUEUE-DRAINED (idle, waiting for appends)
08-13 04:02:31 QUEUE-DRAINED (idle, waiting for appends)
08-13 04:03:51 QUEUE-DRAINED (idle, waiting for appends)
08-13 04:05:12 QUEUE-DRAINED (idle, waiting for appends)
08-13 04:06:32 QUEUE-DRAINED (idle, waiting for appends)
08-13 04:07:52 QUEUE-DRAINED (idle, waiting for appends)
08-13 04:09:13 QUEUE-DRAINED (idle, waiting for appends)
08-13 04:10:33 QUEUE-DRAINED (idle, waiting for appends)
08-13 04:11:54 QUEUE-DRAINED (idle, waiting for appends)
08-13 04:13:14 QUEUE-DRAINED (idle, waiting for appends)
08-13 04:14:34 QUEUE-DRAINED (idle, waiting for appends)
08-13 04:15:55 QUEUE-DRAINED (idle, waiting for appends)
08-13 04:17:15 QUEUE-DRAINED (idle, waiting for appends)
08-13 04:18:36 QUEUE-DRAINED (idle, waiting for appends)
08-13 04:19:56 QUEUE-DRAINED (idle, waiting for appends)
08-13 04:21:16 QUEUE-DRAINED (idle, waiting for appends)
08-13 04:22:37 QUEUE-DRAINED (idle, waiting for appends)
08-13 04:23:57 QUEUE-DRAINED (idle, waiting for appends)
08-13 04:25:18 QUEUE-DRAINED (idle, waiting for appends)
08-13 04:26:38 QUEUE-DRAINED (idle, waiting for appends)
08-13 04:27:59 QUEUE-DRAINED (idle, waiting for appends)
08-13 04:29:19 QUEUE-DRAINED (idle, waiting for appends)
08-13 04:30:40 QUEUE-DRAINED (idle, waiting for appends)
08-13 04:32:00 QUEUE-DRAINED (idle, waiting for appends)
08-13 04:33:21 QUEUE-DRAINED (idle, waiting for appends)
08-13 04:34:41 QUEUE-DRAINED (idle, waiting for appends)
08-13 04:36:02 QUEUE-DRAINED (idle, waiting for appends)
08-13 04:37:22 QUEUE-DRAINED (idle, waiting for appends)
08-13 04:38:42 QUEUE-DRAINED (idle, waiting for appends)
08-13 04:40:03 QUEUE-DRAINED (idle, waiting for appends)
08-13 04:41:23 QUEUE-DRAINED (idle, waiting for appends)
08-13 04:42:44 QUEUE-DRAINED (idle, waiting for appends)
08-13 04:44:04 QUEUE-DRAINED (idle, waiting for appends)
08-13 04:45:24 QUEUE-DRAINED (idle, waiting for appends)
08-13 04:46:45 QUEUE-DRAINED (idle, waiting for appends)
08-13 04:48:05 QUEUE-DRAINED (idle, waiting for appends)
08-13 04:49:26 QUEUE-DRAINED (idle, waiting for appends)
08-13 04:50:46 QUEUE-DRAINED (idle, waiting for appends)
08-13 04:52:06 QUEUE-DRAINED (idle, waiting for appends)
08-13 04:53:27 QUEUE-DRAINED (idle, waiting for appends)
08-13 04:54:47 QUEUE-DRAINED (idle, waiting for appends)
08-13 04:56:08 QUEUE-DRAINED (idle, waiting for appends)
08-13 04:57:28 QUEUE-DRAINED (idle, waiting for appends)
08-13 04:58:48 QUEUE-DRAINED (idle, waiting for appends)
08-13 05:00:09 QUEUE-DRAINED (idle, waiting for appends)
08-13 05:01:29 QUEUE-DRAINED (idle, waiting for appends)
08-13 05:02:49 QUEUE-DRAINED (idle, waiting for appends)
08-13 05:04:10 QUEUE-DRAINED (idle, waiting for appends)
08-13 05:05:30 QUEUE-DRAINED (idle, waiting for appends)
08-13 05:06:51 QUEUE-DRAINED (idle, waiting for appends)
08-13 05:08:11 QUEUE-DRAINED (idle, waiting for appends)
08-13 05:09:31 QUEUE-DRAINED (idle, waiting for appends)
08-13 05:10:52 QUEUE-DRAINED (idle, waiting for appends)
08-13 05:12:13 QUEUE-DRAINED (idle, waiting for appends)
08-13 05:13:33 QUEUE-DRAINED (idle, waiting for appends)
08-13 05:14:53 QUEUE-DRAINED (idle, waiting for appends)
08-13 05:16:14 QUEUE-DRAINED (idle, waiting for appends)
08-13 05:17:34 QUEUE-DRAINED (idle, waiting for appends)
08-13 05:18:55 QUEUE-DRAINED (idle, waiting for appends)
08-13 05:20:15 QUEUE-DRAINED (idle, waiting for appends)
08-13 05:21:35 QUEUE-DRAINED (idle, waiting for appends)
08-13 05:22:56 QUEUE-DRAINED (idle, waiting for appends)
08-13 05:24:16 QUEUE-DRAINED (idle, waiting for appends)
08-13 05:25:37 QUEUE-DRAINED (idle, waiting for appends)
08-13 05:26:57 QUEUE-DRAINED (idle, waiting for appends)
08-13 05:28:17 QUEUE-DRAINED (idle, waiting for appends)
08-13 05:29:38 QUEUE-DRAINED (idle, waiting for appends)
08-13 05:30:58 QUEUE-DRAINED (idle, waiting for appends)
08-13 05:32:19 QUEUE-DRAINED (idle, waiting for appends)
08-13 05:33:39 QUEUE-DRAINED (idle, waiting for appends)
08-13 05:35:00 QUEUE-DRAINED (idle, waiting for appends)
08-13 05:36:20 QUEUE-DRAINED (idle, waiting for appends)
08-13 05:37:40 QUEUE-DRAINED (idle, waiting for appends)
08-13 05:39:01 QUEUE-DRAINED (idle, waiting for appends)
08-13 05:40:21 QUEUE-DRAINED (idle, waiting for appends)
08-13 05:41:42 QUEUE-DRAINED (idle, waiting for appends)
08-13 05:43:02 QUEUE-DRAINED (idle, waiting for appends)
08-13 05:44:22 QUEUE-DRAINED (idle, waiting for appends)
08-13 05:45:43 QUEUE-DRAINED (idle, waiting for appends)
08-13 05:47:03 QUEUE-DRAINED (idle, waiting for appends)
08-13 05:48:24 QUEUE-DRAINED (idle, waiting for appends)
08-13 05:49:44 QUEUE-DRAINED (idle, waiting for appends)
08-13 05:51:05 QUEUE-DRAINED (idle, waiting for appends)
08-13 05:52:25 QUEUE-DRAINED (idle, waiting for appends)
08-13 05:53:45 QUEUE-DRAINED (idle, waiting for appends)
08-13 05:55:06 QUEUE-DRAINED (idle, waiting for appends)
08-13 05:56:26 QUEUE-DRAINED (idle, waiting for appends)
08-13 05:57:47 QUEUE-DRAINED (idle, waiting for appends)
08-13 05:59:07 QUEUE-DRAINED (idle, waiting for appends)
08-13 06:00:27 QUEUE-DRAINED (idle, waiting for appends)
08-13 06:01:48 QUEUE-DRAINED (idle, waiting for appends)
08-13 06:03:08 QUEUE-DRAINED (idle, waiting for appends)
08-13 06:04:29 QUEUE-DRAINED (idle, waiting for appends)
08-13 06:05:49 QUEUE-DRAINED (idle, waiting for appends)
08-13 06:07:09 QUEUE-DRAINED (idle, waiting for appends)
08-13 06:08:30 QUEUE-DRAINED (idle, waiting for appends)
08-13 06:09:50 QUEUE-DRAINED (idle, waiting for appends)
08-13 06:11:10 QUEUE-DRAINED (idle, waiting for appends)
08-13 06:12:31 QUEUE-DRAINED (idle, waiting for appends)
08-13 06:13:51 QUEUE-DRAINED (idle, waiting for appends)
08-13 06:15:12 QUEUE-DRAINED (idle, waiting for appends)
08-13 06:16:32 QUEUE-DRAINED (idle, waiting for appends)
08-13 06:17:52 QUEUE-DRAINED (idle, waiting for appends)
08-13 06:19:13 QUEUE-DRAINED (idle, waiting for appends)
08-13 06:20:33 QUEUE-DRAINED (idle, waiting for appends)
08-13 06:21:54 QUEUE-DRAINED (idle, waiting for appends)
08-13 06:23:14 QUEUE-DRAINED (idle, waiting for appends)
08-13 06:24:34 QUEUE-DRAINED (idle, waiting for appends)
08-13 06:25:55 QUEUE-DRAINED (idle, waiting for appends)
08-13 06:27:15 QUEUE-DRAINED (idle, waiting for appends)
08-13 06:28:35 QUEUE-DRAINED (idle, waiting for appends)
08-13 06:29:56 QUEUE-DRAINED (idle, waiting for appends)
08-13 06:31:16 QUEUE-DRAINED (idle, waiting for appends)
08-13 06:32:37 QUEUE-DRAINED (idle, waiting for appends)
08-13 06:33:57 QUEUE-DRAINED (idle, waiting for appends)
08-13 06:35:18 QUEUE-DRAINED (idle, waiting for appends)
08-13 06:36:38 QUEUE-DRAINED (idle, waiting for appends)
08-13 06:37:58 QUEUE-DRAINED (idle, waiting for appends)
08-13 06:39:19 QUEUE-DRAINED (idle, waiting for appends)
08-13 06:40:39 QUEUE-DRAINED (idle, waiting for appends)
08-13 06:42:00 QUEUE-DRAINED (idle, waiting for appends)
08-13 06:43:20 QUEUE-DRAINED (idle, waiting for appends)
08-13 06:44:40 QUEUE-DRAINED (idle, waiting for appends)
08-13 06:46:01 QUEUE-DRAINED (idle, waiting for appends)
08-13 06:47:21 QUEUE-DRAINED (idle, waiting for appends)
08-13 06:48:42 QUEUE-DRAINED (idle, waiting for appends)
08-13 06:50:02 QUEUE-DRAINED (idle, waiting for appends)
08-13 06:51:22 QUEUE-DRAINED (idle, waiting for appends)
08-13 06:52:43 QUEUE-DRAINED (idle, waiting for appends)
08-13 06:54:03 QUEUE-DRAINED (idle, waiting for appends)
08-13 06:55:24 QUEUE-DRAINED (idle, waiting for appends)
08-13 06:56:44 QUEUE-DRAINED (idle, waiting for appends)
08-13 06:58:04 QUEUE-DRAINED (idle, waiting for appends)
08-13 06:59:25 QUEUE-DRAINED (idle, waiting for appends)
08-13 07:00:45 QUEUE-DRAINED (idle, waiting for appends)
08-13 07:02:06 QUEUE-DRAINED (idle, waiting for appends)
08-13 07:03:26 QUEUE-DRAINED (idle, waiting for appends)
08-13 07:04:47 QUEUE-DRAINED (idle, waiting for appends)
08-13 07:06:07 QUEUE-DRAINED (idle, waiting for appends)
08-13 07:07:28 QUEUE-DRAINED (idle, waiting for appends)
08-13 07:08:48 QUEUE-DRAINED (idle, waiting for appends)
08-13 07:10:08 QUEUE-DRAINED (idle, waiting for appends)
08-13 07:11:29 QUEUE-DRAINED (idle, waiting for appends)
08-13 07:12:49 QUEUE-DRAINED (idle, waiting for appends)
08-13 07:14:10 QUEUE-DRAINED (idle, waiting for appends)
08-13 07:15:30 QUEUE-DRAINED (idle, waiting for appends)
08-13 07:16:50 QUEUE-DRAINED (idle, waiting for appends)
08-13 07:18:11 QUEUE-DRAINED (idle, waiting for appends)
08-13 07:19:31 QUEUE-DRAINED (idle, waiting for appends)
08-13 07:20:52 QUEUE-DRAINED (idle, waiting for appends)
08-13 07:22:12 QUEUE-DRAINED (idle, waiting for appends)
08-13 07:23:32 QUEUE-DRAINED (idle, waiting for appends)
08-13 07:24:53 QUEUE-DRAINED (idle, waiting for appends)
08-13 07:26:13 QUEUE-DRAINED (idle, waiting for appends)
08-13 07:27:34 QUEUE-DRAINED (idle, waiting for appends)
08-13 07:28:54 QUEUE-DRAINED (idle, waiting for appends)
08-13 07:30:14 QUEUE-DRAINED (idle, waiting for appends)
08-13 07:31:35 QUEUE-DRAINED (idle, waiting for appends)
08-13 07:32:55 QUEUE-DRAINED (idle, waiting for appends)
08-13 07:34:16 QUEUE-DRAINED (idle, waiting for appends)
08-13 07:35:36 QUEUE-DRAINED (idle, waiting for appends)
08-13 07:36:56 QUEUE-DRAINED (idle, waiting for appends)
08-13 07:38:17 QUEUE-DRAINED (idle, waiting for appends)
08-13 07:39:37 QUEUE-DRAINED (idle, waiting for appends)
08-13 07:40:58 QUEUE-DRAINED (idle, waiting for appends)
08-13 07:42:18 QUEUE-DRAINED (idle, waiting for appends)
08-13 07:43:39 QUEUE-DRAINED (idle, waiting for appends)
08-13 07:44:59 QUEUE-DRAINED (idle, waiting for appends)
08-13 07:46:19 QUEUE-DRAINED (idle, waiting for appends)
08-13 07:47:40 QUEUE-DRAINED (idle, waiting for appends)
08-13 07:49:00 QUEUE-DRAINED (idle, waiting for appends)
08-13 07:50:21 QUEUE-DRAINED (idle, waiting for appends)
08-13 07:51:41 QUEUE-DRAINED (idle, waiting for appends)
08-13 07:53:01 QUEUE-DRAINED (idle, waiting for appends)
08-13 07:54:22 QUEUE-DRAINED (idle, waiting for appends)
08-13 07:55:42 QUEUE-DRAINED (idle, waiting for appends)
08-13 07:57:03 QUEUE-DRAINED (idle, waiting for appends)
08-13 07:58:23 QUEUE-DRAINED (idle, waiting for appends)
08-13 07:59:44 QUEUE-DRAINED (idle, waiting for appends)
08-13 08:01:04 QUEUE-DRAINED (idle, waiting for appends)
08-13 08:02:24 QUEUE-DRAINED (idle, waiting for appends)
08-13 08:03:45 QUEUE-DRAINED (idle, waiting for appends)
08-13 08:05:05 QUEUE-DRAINED (idle, waiting for appends)
08-13 08:06:26 QUEUE-DRAINED (idle, waiting for appends)
08-13 08:07:46 QUEUE-DRAINED (idle, waiting for appends)
08-13 08:09:07 QUEUE-DRAINED (idle, waiting for appends)
08-13 08:10:27 QUEUE-DRAINED (idle, waiting for appends)
08-13 08:11:47 QUEUE-DRAINED (idle, waiting for appends)
08-13 08:13:08 QUEUE-DRAINED (idle, waiting for appends)
08-13 08:14:28 QUEUE-DRAINED (idle, waiting for appends)
08-13 08:15:49 QUEUE-DRAINED (idle, waiting for appends)
08-13 08:17:09 QUEUE-DRAINED (idle, waiting for appends)
08-13 08:18:30 QUEUE-DRAINED (idle, waiting for appends)
08-13 08:19:50 QUEUE-DRAINED (idle, waiting for appends)
08-13 08:21:10 QUEUE-DRAINED (idle, waiting for appends)
08-13 08:22:31 QUEUE-DRAINED (idle, waiting for appends)
08-13 08:23:51 QUEUE-DRAINED (idle, waiting for appends)
08-13 08:25:11 QUEUE-DRAINED (idle, waiting for appends)
08-13 08:26:32 QUEUE-DRAINED (idle, waiting for appends)
08-13 08:27:52 QUEUE-DRAINED (idle, waiting for appends)
08-13 08:29:13 QUEUE-DRAINED (idle, waiting for appends)
08-13 08:30:33 QUEUE-DRAINED (idle, waiting for appends)
08-13 08:31:53 QUEUE-DRAINED (idle, waiting for appends)
08-13 08:33:14 QUEUE-DRAINED (idle, waiting for appends)
08-13 08:34:34 QUEUE-DRAINED (idle, waiting for appends)
08-13 08:35:55 QUEUE-DRAINED (idle, waiting for appends)
08-13 08:37:15 QUEUE-DRAINED (idle, waiting for appends)
08-13 08:38:35 QUEUE-DRAINED (idle, waiting for appends)
08-13 08:39:56 QUEUE-DRAINED (idle, waiting for appends)
08-13 08:41:16 QUEUE-DRAINED (idle, waiting for appends)
08-13 08:42:37 QUEUE-DRAINED (idle, waiting for appends)
08-13 08:43:57 QUEUE-DRAINED (idle, waiting for appends)
08-13 08:45:17 QUEUE-DRAINED (idle, waiting for appends)
08-13 08:46:38 QUEUE-DRAINED (idle, waiting for appends)
08-13 08:47:58 QUEUE-DRAINED (idle, waiting for appends)
08-13 08:49:19 QUEUE-DRAINED (idle, waiting for appends)
08-13 08:50:39 QUEUE-DRAINED (idle, waiting for appends)
08-13 08:51:59 QUEUE-DRAINED (idle, waiting for appends)
08-13 08:53:20 QUEUE-DRAINED (idle, waiting for appends)
08-13 08:54:40 QUEUE-DRAINED (idle, waiting for appends)
08-13 08:56:00 QUEUE-DRAINED (idle, waiting for appends)
08-13 08:57:21 QUEUE-DRAINED (idle, waiting for appends)
08-13 08:58:41 QUEUE-DRAINED (idle, waiting for appends)
08-13 09:00:02 QUEUE-DRAINED (idle, waiting for appends)
08-13 09:01:22 QUEUE-DRAINED (idle, waiting for appends)
08-13 09:02:43 QUEUE-DRAINED (idle, waiting for appends)
08-13 09:04:03 QUEUE-DRAINED (idle, waiting for appends)
08-13 09:05:24 QUEUE-DRAINED (idle, waiting for appends)
08-13 09:06:44 QUEUE-DRAINED (idle, waiting for appends)
08-13 09:08:04 QUEUE-DRAINED (idle, waiting for appends)
08-13 09:09:25 QUEUE-DRAINED (idle, waiting for appends)
08-13 09:10:45 QUEUE-DRAINED (idle, waiting for appends)
08-13 09:12:06 QUEUE-DRAINED (idle, waiting for appends)
08-13 09:13:26 QUEUE-DRAINED (idle, waiting for appends)
08-13 09:14:46 QUEUE-DRAINED (idle, waiting for appends)
08-13 09:16:07 QUEUE-DRAINED (idle, waiting for appends)
08-13 09:17:27 QUEUE-DRAINED (idle, waiting for appends)
08-13 09:18:48 QUEUE-DRAINED (idle, waiting for appends)
08-13 09:20:08 QUEUE-DRAINED (idle, waiting for appends)
08-13 09:21:28 QUEUE-DRAINED (idle, waiting for appends)
08-13 09:22:49 QUEUE-DRAINED (idle, waiting for appends)
08-13 09:24:09 QUEUE-DRAINED (idle, waiting for appends)
08-13 09:25:29 QUEUE-DRAINED (idle, waiting for appends)
08-13 09:26:50 QUEUE-DRAINED (idle, waiting for appends)
08-13 09:28:10 QUEUE-DRAINED (idle, waiting for appends)
08-13 09:29:31 QUEUE-DRAINED (idle, waiting for appends)
08-13 09:30:51 QUEUE-DRAINED (idle, waiting for appends)
08-13 09:32:11 QUEUE-DRAINED (idle, waiting for appends)
08-13 09:33:32 QUEUE-DRAINED (idle, waiting for appends)
08-13 09:34:52 QUEUE-DRAINED (idle, waiting for appends)
08-13 09:36:12 QUEUE-DRAINED (idle, waiting for appends)
08-13 09:37:33 QUEUE-DRAINED (idle, waiting for appends)
08-13 09:38:53 QUEUE-DRAINED (idle, waiting for appends)
08-13 09:40:14 QUEUE-DRAINED (idle, waiting for appends)
08-13 09:41:34 QUEUE-DRAINED (idle, waiting for appends)
08-13 09:42:54 QUEUE-DRAINED (idle, waiting for appends)
08-13 09:44:15 QUEUE-DRAINED (idle, waiting for appends)
08-13 09:45:35 QUEUE-DRAINED (idle, waiting for appends)
08-13 09:46:56 QUEUE-DRAINED (idle, waiting for appends)
08-13 09:48:16 QUEUE-DRAINED (idle, waiting for appends)
08-13 09:49:37 QUEUE-DRAINED (idle, waiting for appends)
08-13 09:50:57 QUEUE-DRAINED (idle, waiting for appends)
08-13 09:52:17 QUEUE-DRAINED (idle, waiting for appends)
08-13 09:53:38 QUEUE-DRAINED (idle, waiting for appends)
08-13 09:54:58 QUEUE-DRAINED (idle, waiting for appends)
08-13 09:56:19 QUEUE-DRAINED (idle, waiting for appends)
08-13 09:57:39 QUEUE-DRAINED (idle, waiting for appends)
08-13 09:58:59 QUEUE-DRAINED (idle, waiting for appends)
08-13 10:00:20 QUEUE-DRAINED (idle, waiting for appends)
08-13 10:01:40 QUEUE-DRAINED (idle, waiting for appends)
08-13 10:03:01 QUEUE-DRAINED (idle, waiting for appends)
08-13 10:04:21 QUEUE-DRAINED (idle, waiting for appends)
08-13 10:05:41 QUEUE-DRAINED (idle, waiting for appends)
08-13 10:07:02 QUEUE-DRAINED (idle, waiting for appends)
08-13 10:08:22 QUEUE-DRAINED (idle, waiting for appends)
08-13 10:09:43 QUEUE-DRAINED (idle, waiting for appends)
08-13 10:11:03 QUEUE-DRAINED (idle, waiting for appends)
08-13 10:12:23 QUEUE-DRAINED (idle, waiting for appends)
08-13 10:13:44 QUEUE-DRAINED (idle, waiting for appends)
08-13 10:15:04 QUEUE-DRAINED (idle, waiting for appends)
08-13 10:16:25 QUEUE-DRAINED (idle, waiting for appends)
08-13 10:17:45 QUEUE-DRAINED (idle, waiting for appends)
08-13 10:19:06 QUEUE-DRAINED (idle, waiting for appends)
08-13 10:20:26 QUEUE-DRAINED (idle, waiting for appends)
08-13 10:21:46 QUEUE-DRAINED (idle, waiting for appends)
08-13 10:23:07 QUEUE-DRAINED (idle, waiting for appends)
08-13 10:24:27 QUEUE-DRAINED (idle, waiting for appends)
08-13 10:25:48 QUEUE-DRAINED (idle, waiting for appends)
08-13 10:27:08 QUEUE-DRAINED (idle, waiting for appends)
08-13 10:28:28 QUEUE-DRAINED (idle, waiting for appends)
08-13 10:29:49 QUEUE-DRAINED (idle, waiting for appends)
08-13 10:31:09 QUEUE-DRAINED (idle, waiting for appends)
08-13 10:32:30 QUEUE-DRAINED (idle, waiting for appends)
08-13 10:33:50 QUEUE-DRAINED (idle, waiting for appends)
08-13 10:35:11 QUEUE-DRAINED (idle, waiting for appends)
08-13 10:36:31 QUEUE-DRAINED (idle, waiting for appends)
08-13 10:37:51 QUEUE-DRAINED (idle, waiting for appends)
08-13 10:39:12 QUEUE-DRAINED (idle, waiting for appends)
08-13 10:40:32 QUEUE-DRAINED (idle, waiting for appends)
08-13 10:41:53 QUEUE-DRAINED (idle, waiting for appends)
08-13 10:43:13 QUEUE-DRAINED (idle, waiting for appends)
08-13 10:44:33 QUEUE-DRAINED (idle, waiting for appends)
08-13 10:45:54 QUEUE-DRAINED (idle, waiting for appends)
08-13 10:47:14 QUEUE-DRAINED (idle, waiting for appends)
08-13 10:48:35 QUEUE-DRAINED (idle, waiting for appends)
08-13 10:49:55 QUEUE-DRAINED (idle, waiting for appends)
08-13 10:51:15 QUEUE-DRAINED (idle, waiting for appends)
08-13 10:52:36 QUEUE-DRAINED (idle, waiting for appends)
08-13 10:53:56 QUEUE-DRAINED (idle, waiting for appends)
08-13 10:55:16 QUEUE-DRAINED (idle, waiting for appends)
08-13 10:56:37 QUEUE-DRAINED (idle, waiting for appends)
08-13 10:57:57 QUEUE-DRAINED (idle, waiting for appends)
08-13 10:59:18 QUEUE-DRAINED (idle, waiting for appends)
08-13 11:00:38 QUEUE-DRAINED (idle, waiting for appends)
08-13 11:01:58 QUEUE-DRAINED (idle, waiting for appends)
08-13 11:03:19 QUEUE-DRAINED (idle, waiting for appends)
08-13 11:04:39 QUEUE-DRAINED (idle, waiting for appends)
08-13 11:06:00 QUEUE-DRAINED (idle, waiting for appends)
08-13 11:07:20 QUEUE-DRAINED (idle, waiting for appends)
08-13 11:08:40 QUEUE-DRAINED (idle, waiting for appends)
08-13 11:10:01 QUEUE-DRAINED (idle, waiting for appends)
08-13 11:11:21 QUEUE-DRAINED (idle, waiting for appends)
08-13 11:12:42 QUEUE-DRAINED (idle, waiting for appends)
08-13 11:14:02 QUEUE-DRAINED (idle, waiting for appends)
08-13 11:15:22 QUEUE-DRAINED (idle, waiting for appends)
08-13 11:16:43 QUEUE-DRAINED (idle, waiting for appends)
08-13 11:18:03 QUEUE-DRAINED (idle, waiting for appends)
08-13 11:19:24 QUEUE-DRAINED (idle, waiting for appends)
08-13 11:20:44 QUEUE-DRAINED (idle, waiting for appends)
08-13 11:22:04 QUEUE-DRAINED (idle, waiting for appends)
08-13 11:23:25 QUEUE-DRAINED (idle, waiting for appends)
08-13 11:24:45 QUEUE-DRAINED (idle, waiting for appends)
08-13 11:26:06 QUEUE-DRAINED (idle, waiting for appends)
08-13 11:27:26 QUEUE-DRAINED (idle, waiting for appends)
08-13 11:28:46 QUEUE-DRAINED (idle, waiting for appends)
08-13 11:30:07 QUEUE-DRAINED (idle, waiting for appends)
08-13 11:31:27 QUEUE-DRAINED (idle, waiting for appends)
08-13 11:32:48 QUEUE-DRAINED (idle, waiting for appends)
08-13 11:34:08 QUEUE-DRAINED (idle, waiting for appends)
08-13 11:35:28 QUEUE-DRAINED (idle, waiting for appends)
08-13 11:36:49 QUEUE-DRAINED (idle, waiting for appends)
08-13 11:38:09 QUEUE-DRAINED (idle, waiting for appends)
08-13 11:39:30 QUEUE-DRAINED (idle, waiting for appends)
08-13 11:40:50 QUEUE-DRAINED (idle, waiting for appends)
08-13 11:42:10 QUEUE-DRAINED (idle, waiting for appends)
08-13 11:43:31 QUEUE-DRAINED (idle, waiting for appends)
08-13 11:44:51 QUEUE-DRAINED (idle, waiting for appends)
08-13 11:46:12 QUEUE-DRAINED (idle, waiting for appends)
08-13 11:47:32 QUEUE-DRAINED (idle, waiting for appends)
08-13 11:48:52 QUEUE-DRAINED (idle, waiting for appends)
08-13 11:50:13 QUEUE-DRAINED (idle, waiting for appends)
08-13 11:51:33 QUEUE-DRAINED (idle, waiting for appends)
08-13 11:52:54 QUEUE-DRAINED (idle, waiting for appends)
08-13 11:54:14 QUEUE-DRAINED (idle, waiting for appends)
08-13 11:55:34 QUEUE-DRAINED (idle, waiting for appends)
08-13 11:56:55 QUEUE-DRAINED (idle, waiting for appends)
08-13 11:58:15 QUEUE-DRAINED (idle, waiting for appends)
08-13 11:59:36 QUEUE-DRAINED (idle, waiting for appends)
08-13 12:00:56 QUEUE-DRAINED (idle, waiting for appends)
08-13 12:02:16 QUEUE-DRAINED (idle, waiting for appends)
08-13 12:03:37 QUEUE-DRAINED (idle, waiting for appends)
08-13 12:04:57 QUEUE-DRAINED (idle, waiting for appends)
08-13 12:06:17 QUEUE-DRAINED (idle, waiting for appends)
08-13 12:07:38 QUEUE-DRAINED (idle, waiting for appends)
08-13 12:08:58 QUEUE-DRAINED (idle, waiting for appends)
08-13 12:10:19 QUEUE-DRAINED (idle, waiting for appends)
08-13 12:11:39 QUEUE-DRAINED (idle, waiting for appends)
08-13 12:12:59 QUEUE-DRAINED (idle, waiting for appends)
08-13 12:14:20 QUEUE-DRAINED (idle, waiting for appends)
08-13 12:15:40 QUEUE-DRAINED (idle, waiting for appends)
08-13 12:17:01 QUEUE-DRAINED (idle, waiting for appends)
08-13 12:18:21 QUEUE-DRAINED (idle, waiting for appends)
08-13 12:19:41 QUEUE-DRAINED (idle, waiting for appends)
08-13 12:21:02 QUEUE-DRAINED (idle, waiting for appends)
08-13 12:22:22 QUEUE-DRAINED (idle, waiting for appends)
08-13 12:23:42 QUEUE-DRAINED (idle, waiting for appends)
08-13 12:25:03 QUEUE-DRAINED (idle, waiting for appends)
08-13 12:26:23 QUEUE-DRAINED (idle, waiting for appends)
08-13 12:27:44 QUEUE-DRAINED (idle, waiting for appends)
08-13 12:29:04 QUEUE-DRAINED (idle, waiting for appends)
08-13 12:30:24 QUEUE-DRAINED (idle, waiting for appends)
08-13 12:31:45 QUEUE-DRAINED (idle, waiting for appends)
08-13 12:33:05 QUEUE-DRAINED (idle, waiting for appends)
08-13 12:34:26 QUEUE-DRAINED (idle, waiting for appends)
08-13 12:35:46 QUEUE-DRAINED (idle, waiting for appends)
08-13 12:37:06 QUEUE-DRAINED (idle, waiting for appends)
08-13 12:38:27 QUEUE-DRAINED (idle, waiting for appends)
08-13 12:39:47 QUEUE-DRAINED (idle, waiting for appends)
08-13 12:41:07 QUEUE-DRAINED (idle, waiting for appends)
08-13 12:42:28 QUEUE-DRAINED (idle, waiting for appends)
08-13 12:43:48 QUEUE-DRAINED (idle, waiting for appends)
08-13 12:45:09 QUEUE-DRAINED (idle, waiting for appends)
08-13 12:46:29 QUEUE-DRAINED (idle, waiting for appends)
08-13 12:47:49 QUEUE-DRAINED (idle, waiting for appends)
08-13 12:49:10 QUEUE-DRAINED (idle, waiting for appends)
08-13 12:50:30 QUEUE-DRAINED (idle, waiting for appends)
08-13 12:51:51 QUEUE-DRAINED (idle, waiting for appends)
08-13 12:53:11 QUEUE-DRAINED (idle, waiting for appends)
08-13 12:54:32 QUEUE-DRAINED (idle, waiting for appends)
08-13 12:55:52 QUEUE-DRAINED (idle, waiting for appends)
08-13 12:57:12 QUEUE-DRAINED (idle, waiting for appends)
08-13 12:58:33 QUEUE-DRAINED (idle, waiting for appends)
08-13 12:59:53 QUEUE-DRAINED (idle, waiting for appends)
08-13 13:01:13 QUEUE-DRAINED (idle, waiting for appends)
08-13 13:02:34 QUEUE-DRAINED (idle, waiting for appends)
08-13 13:03:54 QUEUE-DRAINED (idle, waiting for appends)
08-13 13:05:15 QUEUE-DRAINED (idle, waiting for appends)
08-13 13:06:35 QUEUE-DRAINED (idle, waiting for appends)
08-13 13:07:55 QUEUE-DRAINED (idle, waiting for appends)
08-13 13:09:16 QUEUE-DRAINED (idle, waiting for appends)
08-13 13:10:36 QUEUE-DRAINED (idle, waiting for appends)
08-13 13:11:57 QUEUE-DRAINED (idle, waiting for appends)
08-13 13:13:17 QUEUE-DRAINED (idle, waiting for appends)
08-13 13:14:37 QUEUE-DRAINED (idle, waiting for appends)
08-13 13:15:58 QUEUE-DRAINED (idle, waiting for appends)
08-13 13:17:18 QUEUE-DRAINED (idle, waiting for appends)
08-13 13:18:39 QUEUE-DRAINED (idle, waiting for appends)
08-13 13:19:59 QUEUE-DRAINED (idle, waiting for appends)
08-13 13:21:19 QUEUE-DRAINED (idle, waiting for appends)
08-13 13:22:40 QUEUE-DRAINED (idle, waiting for appends)
08-13 13:24:00 QUEUE-DRAINED (idle, waiting for appends)
08-13 13:25:21 QUEUE-DRAINED (idle, waiting for appends)
08-13 13:26:41 QUEUE-DRAINED (idle, waiting for appends)
08-13 13:28:01 QUEUE-DRAINED (idle, waiting for appends)
08-13 13:29:22 QUEUE-DRAINED (idle, waiting for appends)
08-13 13:30:42 QUEUE-DRAINED (idle, waiting for appends)
08-13 13:32:03 QUEUE-DRAINED (idle, waiting for appends)
08-13 13:33:23 QUEUE-DRAINED (idle, waiting for appends)
08-13 13:34:44 QUEUE-DRAINED (idle, waiting for appends)
08-13 13:36:04 QUEUE-DRAINED (idle, waiting for appends)
08-13 13:37:24 QUEUE-DRAINED (idle, waiting for appends)
08-13 13:38:45 QUEUE-DRAINED (idle, waiting for appends)
08-13 13:40:05 QUEUE-DRAINED (idle, waiting for appends)
08-13 13:41:26 QUEUE-DRAINED (idle, waiting for appends)
08-13 13:42:46 QUEUE-DRAINED (idle, waiting for appends)
08-13 13:44:06 QUEUE-DRAINED (idle, waiting for appends)
08-13 13:45:27 QUEUE-DRAINED (idle, waiting for appends)
08-13 13:46:47 QUEUE-DRAINED (idle, waiting for appends)
08-13 13:48:08 QUEUE-DRAINED (idle, waiting for appends)
08-13 13:49:28 QUEUE-DRAINED (idle, waiting for appends)
08-13 13:50:48 QUEUE-DRAINED (idle, waiting for appends)
08-13 13:52:09 QUEUE-DRAINED (idle, waiting for appends)
08-13 13:53:29 QUEUE-DRAINED (idle, waiting for appends)
08-13 13:54:49 QUEUE-DRAINED (idle, waiting for appends)
08-13 13:56:10 QUEUE-DRAINED (idle, waiting for appends)
08-13 13:57:30 QUEUE-DRAINED (idle, waiting for appends)
08-13 13:58:51 QUEUE-DRAINED (idle, waiting for appends)
08-13 14:00:11 QUEUE-DRAINED (idle, waiting for appends)
08-13 14:01:32 QUEUE-DRAINED (idle, waiting for appends)
08-13 14:02:52 QUEUE-DRAINED (idle, waiting for appends)
08-13 14:04:12 QUEUE-DRAINED (idle, waiting for appends)
08-13 14:05:33 QUEUE-DRAINED (idle, waiting for appends)
08-13 14:06:53 QUEUE-DRAINED (idle, waiting for appends)
08-13 14:08:14 QUEUE-DRAINED (idle, waiting for appends)
08-13 14:09:34 QUEUE-DRAINED (idle, waiting for appends)
08-13 14:10:54 QUEUE-DRAINED (idle, waiting for appends)
08-13 14:12:15 QUEUE-DRAINED (idle, waiting for appends)
08-13 14:13:35 QUEUE-DRAINED (idle, waiting for appends)
08-13 14:14:56 QUEUE-DRAINED (idle, waiting for appends)
08-13 14:16:16 QUEUE-DRAINED (idle, waiting for appends)
08-13 14:17:36 QUEUE-DRAINED (idle, waiting for appends)
08-13 14:18:57 QUEUE-DRAINED (idle, waiting for appends)
08-13 14:20:17 QUEUE-DRAINED (idle, waiting for appends)
08-13 14:21:38 QUEUE-DRAINED (idle, waiting for appends)
08-13 14:22:58 QUEUE-DRAINED (idle, waiting for appends)
08-13 14:24:19 QUEUE-DRAINED (idle, waiting for appends)
08-13 14:25:39 QUEUE-DRAINED (idle, waiting for appends)
08-13 14:26:59 QUEUE-DRAINED (idle, waiting for appends)
08-13 14:28:20 QUEUE-DRAINED (idle, waiting for appends)
08-13 14:29:40 QUEUE-DRAINED (idle, waiting for appends)
08-13 14:31:01 QUEUE-DRAINED (idle, waiting for appends)
08-13 14:32:21 QUEUE-DRAINED (idle, waiting for appends)
08-13 14:33:41 QUEUE-DRAINED (idle, waiting for appends)
08-13 14:35:02 QUEUE-DRAINED (idle, waiting for appends)
08-13 14:36:22 QUEUE-DRAINED (idle, waiting for appends)
08-13 14:37:42 QUEUE-DRAINED (idle, waiting for appends)
08-13 14:39:03 QUEUE-DRAINED (idle, waiting for appends)
08-13 14:40:23 QUEUE-DRAINED (idle, waiting for appends)
08-13 14:41:44 QUEUE-DRAINED (idle, waiting for appends)
08-13 14:43:04 QUEUE-DRAINED (idle, waiting for appends)
08-13 14:44:25 QUEUE-DRAINED (idle, waiting for appends)
08-13 14:45:45 QUEUE-DRAINED (idle, waiting for appends)
08-13 14:47:05 QUEUE-DRAINED (idle, waiting for appends)
08-13 14:48:26 QUEUE-DRAINED (idle, waiting for appends)
08-13 14:49:46 QUEUE-DRAINED (idle, waiting for appends)
08-13 14:51:07 QUEUE-DRAINED (idle, waiting for appends)
08-13 14:52:27 QUEUE-DRAINED (idle, waiting for appends)
08-13 14:53:47 QUEUE-DRAINED (idle, waiting for appends)
08-13 14:55:08 QUEUE-DRAINED (idle, waiting for appends)
08-13 14:56:28 QUEUE-DRAINED (idle, waiting for appends)
08-13 14:57:49 QUEUE-DRAINED (idle, waiting for appends)
08-13 14:59:09 QUEUE-DRAINED (idle, waiting for appends)
08-13 15:00:29 QUEUE-DRAINED (idle, waiting for appends)
08-13 15:01:50 QUEUE-DRAINED (idle, waiting for appends)
08-13 15:03:10 QUEUE-DRAINED (idle, waiting for appends)
08-13 15:04:30 QUEUE-DRAINED (idle, waiting for appends)
08-13 15:05:51 QUEUE-DRAINED (idle, waiting for appends)
08-13 15:07:11 QUEUE-DRAINED (idle, waiting for appends)
08-13 15:08:32 QUEUE-DRAINED (idle, waiting for appends)
08-13 15:09:52 QUEUE-DRAINED (idle, waiting for appends)
08-13 15:11:12 QUEUE-DRAINED (idle, waiting for appends)
08-13 15:12:33 QUEUE-DRAINED (idle, waiting for appends)
08-13 15:13:53 QUEUE-DRAINED (idle, waiting for appends)
08-13 15:15:14 QUEUE-DRAINED (idle, waiting for appends)
08-13 15:16:34 QUEUE-DRAINED (idle, waiting for appends)
08-13 15:17:54 QUEUE-DRAINED (idle, waiting for appends)
08-13 15:19:15 QUEUE-DRAINED (idle, waiting for appends)
08-13 15:20:35 QUEUE-DRAINED (idle, waiting for appends)
08-13 15:21:56 QUEUE-DRAINED (idle, waiting for appends)
08-13 15:23:16 QUEUE-DRAINED (idle, waiting for appends)
08-13 15:24:36 QUEUE-DRAINED (idle, waiting for appends)
08-13 15:25:57 QUEUE-DRAINED (idle, waiting for appends)
08-13 15:27:17 QUEUE-DRAINED (idle, waiting for appends)
08-13 15:28:38 QUEUE-DRAINED (idle, waiting for appends)
08-13 15:29:58 QUEUE-DRAINED (idle, waiting for appends)
08-13 15:31:19 QUEUE-DRAINED (idle, waiting for appends)
08-13 15:32:39 QUEUE-DRAINED (idle, waiting for appends)
08-13 15:33:59 QUEUE-DRAINED (idle, waiting for appends)
08-13 15:35:20 QUEUE-DRAINED (idle, waiting for appends)
08-13 15:36:40 QUEUE-DRAINED (idle, waiting for appends)
08-13 15:38:01 QUEUE-DRAINED (idle, waiting for appends)
08-13 15:39:21 QUEUE-DRAINED (idle, waiting for appends)
08-13 15:40:41 QUEUE-DRAINED (idle, waiting for appends)
08-13 15:42:02 QUEUE-DRAINED (idle, waiting for appends)
08-13 15:43:22 QUEUE-DRAINED (idle, waiting for appends)
08-13 15:44:42 QUEUE-DRAINED (idle, waiting for appends)
08-13 15:46:03 QUEUE-DRAINED (idle, waiting for appends)
08-13 15:47:23 QUEUE-DRAINED (idle, waiting for appends)
08-13 15:48:44 QUEUE-DRAINED (idle, waiting for appends)
08-13 15:50:04 QUEUE-DRAINED (idle, waiting for appends)
08-13 15:51:24 QUEUE-DRAINED (idle, waiting for appends)
08-13 15:52:45 QUEUE-DRAINED (idle, waiting for appends)
08-13 15:54:05 QUEUE-DRAINED (idle, waiting for appends)
08-13 15:55:26 QUEUE-DRAINED (idle, waiting for appends)
08-13 15:56:46 QUEUE-DRAINED (idle, waiting for appends)
08-13 15:58:06 QUEUE-DRAINED (idle, waiting for appends)
08-13 15:59:27 QUEUE-DRAINED (idle, waiting for appends)
08-13 16:00:47 QUEUE-DRAINED (idle, waiting for appends)
08-13 16:02:08 QUEUE-DRAINED (idle, waiting for appends)
08-13 16:03:28 QUEUE-DRAINED (idle, waiting for appends)
08-13 16:04:48 QUEUE-DRAINED (idle, waiting for appends)
08-13 16:06:09 QUEUE-DRAINED (idle, waiting for appends)
08-13 16:07:29 QUEUE-DRAINED (idle, waiting for appends)
08-13 16:08:49 QUEUE-DRAINED (idle, waiting for appends)
08-13 16:10:10 QUEUE-DRAINED (idle, waiting for appends)
08-13 16:11:30 QUEUE-DRAINED (idle, waiting for appends)
08-13 16:12:51 QUEUE-DRAINED (idle, waiting for appends)
08-13 16:14:11 QUEUE-DRAINED (idle, waiting for appends)
08-13 16:15:31 QUEUE-DRAINED (idle, waiting for appends)
08-13 16:16:52 QUEUE-DRAINED (idle, waiting for appends)
08-13 16:18:12 QUEUE-DRAINED (idle, waiting for appends)
08-13 16:19:33 QUEUE-DRAINED (idle, waiting for appends)
08-13 16:20:53 QUEUE-DRAINED (idle, waiting for appends)
08-13 16:22:13 QUEUE-DRAINED (idle, waiting for appends)
08-13 16:23:34 QUEUE-DRAINED (idle, waiting for appends)
08-13 16:24:54 QUEUE-DRAINED (idle, waiting for appends)
08-13 16:26:15 QUEUE-DRAINED (idle, waiting for appends)
08-13 16:27:35 QUEUE-DRAINED (idle, waiting for appends)
08-13 16:28:55 QUEUE-DRAINED (idle, waiting for appends)
08-13 16:30:16 QUEUE-DRAINED (idle, waiting for appends)
08-13 16:31:36 QUEUE-DRAINED (idle, waiting for appends)
08-13 16:32:57 QUEUE-DRAINED (idle, waiting for appends)
08-13 16:34:17 QUEUE-DRAINED (idle, waiting for appends)
08-13 16:35:37 QUEUE-DRAINED (idle, waiting for appends)
08-13 16:36:58 QUEUE-DRAINED (idle, waiting for appends)
08-13 16:38:18 QUEUE-DRAINED (idle, waiting for appends)
08-13 16:39:39 QUEUE-DRAINED (idle, waiting for appends)
08-13 16:40:59 QUEUE-DRAINED (idle, waiting for appends)
08-13 16:42:19 QUEUE-DRAINED (idle, waiting for appends)
08-13 16:43:40 QUEUE-DRAINED (idle, waiting for appends)
08-13 16:45:00 QUEUE-DRAINED (idle, waiting for appends)
08-13 16:46:21 QUEUE-DRAINED (idle, waiting for appends)
08-13 16:47:41 QUEUE-DRAINED (idle, waiting for appends)
08-13 16:49:01 QUEUE-DRAINED (idle, waiting for appends)
08-13 16:50:22 QUEUE-DRAINED (idle, waiting for appends)
08-13 16:51:42 QUEUE-DRAINED (idle, waiting for appends)
08-13 16:53:03 QUEUE-DRAINED (idle, waiting for appends)
08-13 16:54:23 QUEUE-DRAINED (idle, waiting for appends)
08-13 16:55:44 QUEUE-DRAINED (idle, waiting for appends)
08-13 16:57:04 QUEUE-DRAINED (idle, waiting for appends)
08-13 16:58:24 QUEUE-DRAINED (idle, waiting for appends)
08-13 16:59:45 QUEUE-DRAINED (idle, waiting for appends)
08-13 17:01:05 QUEUE-DRAINED (idle, waiting for appends)
08-13 17:02:26 QUEUE-DRAINED (idle, waiting for appends)
08-13 17:03:46 QUEUE-DRAINED (idle, waiting for appends)
08-13 17:05:07 QUEUE-DRAINED (idle, waiting for appends)
08-13 17:06:27 QUEUE-DRAINED (idle, waiting for appends)
08-13 17:07:47 QUEUE-DRAINED (idle, waiting for appends)
08-13 17:09:08 QUEUE-DRAINED (idle, waiting for appends)
08-13 17:10:28 QUEUE-DRAINED (idle, waiting for appends)
08-13 17:11:49 QUEUE-DRAINED (idle, waiting for appends)
08-13 17:13:09 QUEUE-DRAINED (idle, waiting for appends)
08-13 17:14:29 QUEUE-DRAINED (idle, waiting for appends)
08-13 17:15:50 QUEUE-DRAINED (idle, waiting for appends)
08-13 17:17:10 QUEUE-DRAINED (idle, waiting for appends)
08-13 17:18:31 QUEUE-DRAINED (idle, waiting for appends)
08-13 17:19:51 QUEUE-DRAINED (idle, waiting for appends)
08-13 17:21:11 QUEUE-DRAINED (idle, waiting for appends)
08-13 17:22:32 QUEUE-DRAINED (idle, waiting for appends)
08-13 17:23:52 QUEUE-DRAINED (idle, waiting for appends)
08-13 17:25:13 QUEUE-DRAINED (idle, waiting for appends)
08-13 17:26:33 QUEUE-DRAINED (idle, waiting for appends)
08-13 17:27:54 QUEUE-DRAINED (idle, waiting for appends)
08-13 17:29:14 QUEUE-DRAINED (idle, waiting for appends)
08-13 17:30:34 QUEUE-DRAINED (idle, waiting for appends)
08-13 17:31:55 QUEUE-DRAINED (idle, waiting for appends)
08-13 17:33:15 QUEUE-DRAINED (idle, waiting for appends)
08-13 17:34:36 QUEUE-DRAINED (idle, waiting for appends)
08-13 17:35:56 QUEUE-DRAINED (idle, waiting for appends)
08-13 17:37:16 QUEUE-DRAINED (idle, waiting for appends)
08-13 17:38:37 QUEUE-DRAINED (idle, waiting for appends)
08-13 17:39:57 QUEUE-DRAINED (idle, waiting for appends)
08-13 17:41:18 QUEUE-DRAINED (idle, waiting for appends)
08-13 17:42:38 QUEUE-DRAINED (idle, waiting for appends)
08-13 17:43:59 QUEUE-DRAINED (idle, waiting for appends)
08-13 17:45:19 QUEUE-DRAINED (idle, waiting for appends)
08-13 17:46:39 QUEUE-DRAINED (idle, waiting for appends)
08-13 17:48:00 QUEUE-DRAINED (idle, waiting for appends)
08-13 17:49:20 QUEUE-DRAINED (idle, waiting for appends)
08-13 17:50:40 QUEUE-DRAINED (idle, waiting for appends)
08-13 17:52:01 QUEUE-DRAINED (idle, waiting for appends)
08-13 17:53:21 QUEUE-DRAINED (idle, waiting for appends)
08-13 17:54:42 QUEUE-DRAINED (idle, waiting for appends)
08-13 17:56:02 QUEUE-DRAINED (idle, waiting for appends)
08-13 17:57:22 QUEUE-DRAINED (idle, waiting for appends)
08-13 17:58:43 QUEUE-DRAINED (idle, waiting for appends)
08-13 18:00:03 QUEUE-DRAINED (idle, waiting for appends)
08-13 18:01:24 QUEUE-DRAINED (idle, waiting for appends)
08-13 18:02:44 QUEUE-DRAINED (idle, waiting for appends)
08-13 18:04:04 QUEUE-DRAINED (idle, waiting for appends)
08-13 18:05:25 QUEUE-DRAINED (idle, waiting for appends)
08-13 18:06:45 QUEUE-DRAINED (idle, waiting for appends)
08-13 18:08:06 QUEUE-DRAINED (idle, waiting for appends)
08-13 18:09:26 QUEUE-DRAINED (idle, waiting for appends)
08-13 18:10:47 QUEUE-DRAINED (idle, waiting for appends)
08-13 18:12:07 QUEUE-DRAINED (idle, waiting for appends)
08-13 18:13:27 QUEUE-DRAINED (idle, waiting for appends)
08-13 18:14:48 QUEUE-DRAINED (idle, waiting for appends)
08-13 18:16:08 QUEUE-DRAINED (idle, waiting for appends)
08-13 18:17:29 QUEUE-DRAINED (idle, waiting for appends)
08-13 18:18:49 QUEUE-DRAINED (idle, waiting for appends)
08-13 18:20:09 QUEUE-DRAINED (idle, waiting for appends)
08-13 18:21:30 QUEUE-DRAINED (idle, waiting for appends)
08-13 18:22:50 QUEUE-DRAINED (idle, waiting for appends)
08-13 18:24:11 QUEUE-DRAINED (idle, waiting for appends)
08-13 18:25:31 QUEUE-DRAINED (idle, waiting for appends)
08-13 18:26:51 QUEUE-DRAINED (idle, waiting for appends)
08-13 18:28:12 QUEUE-DRAINED (idle, waiting for appends)
08-13 18:29:32 QUEUE-DRAINED (idle, waiting for appends)
08-13 18:30:52 QUEUE-DRAINED (idle, waiting for appends)
08-13 18:32:13 QUEUE-DRAINED (idle, waiting for appends)
08-13 18:33:33 QUEUE-DRAINED (idle, waiting for appends)
08-13 18:34:54 QUEUE-DRAINED (idle, waiting for appends)
08-13 18:36:14 QUEUE-DRAINED (idle, waiting for appends)
08-13 18:37:35 QUEUE-DRAINED (idle, waiting for appends)
08-13 18:38:55 QUEUE-DRAINED (idle, waiting for appends)
08-13 18:40:15 QUEUE-DRAINED (idle, waiting for appends)
08-13 18:41:36 QUEUE-DRAINED (idle, waiting for appends)
08-13 18:42:56 QUEUE-DRAINED (idle, waiting for appends)
08-13 18:44:17 QUEUE-DRAINED (idle, waiting for appends)
08-13 18:45:37 QUEUE-DRAINED (idle, waiting for appends)
08-13 18:46:57 QUEUE-DRAINED (idle, waiting for appends)
08-13 18:48:18 QUEUE-DRAINED (idle, waiting for appends)
08-13 18:49:38 QUEUE-DRAINED (idle, waiting for appends)
08-13 18:50:59 QUEUE-DRAINED (idle, waiting for appends)
08-13 18:52:19 QUEUE-DRAINED (idle, waiting for appends)
08-13 18:53:40 QUEUE-DRAINED (idle, waiting for appends)
08-13 18:55:00 QUEUE-DRAINED (idle, waiting for appends)
08-13 18:56:20 QUEUE-DRAINED (idle, waiting for appends)
08-13 18:57:41 QUEUE-DRAINED (idle, waiting for appends)
08-13 18:59:01 QUEUE-DRAINED (idle, waiting for appends)
08-13 19:00:22 QUEUE-DRAINED (idle, waiting for appends)
08-13 19:01:42 QUEUE-DRAINED (idle, waiting for appends)
08-13 19:03:02 QUEUE-DRAINED (idle, waiting for appends)
08-13 19:04:23 QUEUE-DRAINED (idle, waiting for appends)
08-13 19:05:43 QUEUE-DRAINED (idle, waiting for appends)
08-13 19:07:04 QUEUE-DRAINED (idle, waiting for appends)
08-13 19:08:24 QUEUE-DRAINED (idle, waiting for appends)
08-13 19:09:44 QUEUE-DRAINED (idle, waiting for appends)
08-13 19:11:05 QUEUE-DRAINED (idle, waiting for appends)
08-13 19:12:25 QUEUE-DRAINED (idle, waiting for appends)
08-13 19:13:46 QUEUE-DRAINED (idle, waiting for appends)
08-13 19:15:06 QUEUE-DRAINED (idle, waiting for appends)
08-13 19:16:27 QUEUE-DRAINED (idle, waiting for appends)
08-13 19:17:47 QUEUE-DRAINED (idle, waiting for appends)
08-13 19:19:07 QUEUE-DRAINED (idle, waiting for appends)
08-13 19:20:28 QUEUE-DRAINED (idle, waiting for appends)
08-13 19:21:48 QUEUE-DRAINED (idle, waiting for appends)
08-13 19:23:09 QUEUE-DRAINED (idle, waiting for appends)
08-13 19:24:29 QUEUE-DRAINED (idle, waiting for appends)
08-13 19:25:50 QUEUE-DRAINED (idle, waiting for appends)
08-13 19:27:10 QUEUE-DRAINED (idle, waiting for appends)
08-13 19:28:30 QUEUE-DRAINED (idle, waiting for appends)
08-13 19:29:51 QUEUE-DRAINED (idle, waiting for appends)
08-13 19:31:11 QUEUE-DRAINED (idle, waiting for appends)
08-13 19:32:31 QUEUE-DRAINED (idle, waiting for appends)
08-13 19:33:52 QUEUE-DRAINED (idle, waiting for appends)
08-13 19:35:12 QUEUE-DRAINED (idle, waiting for appends)
08-13 19:36:32 QUEUE-DRAINED (idle, waiting for appends)
08-13 19:37:53 QUEUE-DRAINED (idle, waiting for appends)
08-13 19:39:13 QUEUE-DRAINED (idle, waiting for appends)
08-13 19:40:34 QUEUE-DRAINED (idle, waiting for appends)
08-13 19:41:54 QUEUE-DRAINED (idle, waiting for appends)
08-13 19:43:15 QUEUE-DRAINED (idle, waiting for appends)
08-13 19:44:35 QUEUE-DRAINED (idle, waiting for appends)
08-13 19:45:55 QUEUE-DRAINED (idle, waiting for appends)
08-13 19:47:16 QUEUE-DRAINED (idle, waiting for appends)
08-13 19:48:36 QUEUE-DRAINED (idle, waiting for appends)
08-13 19:49:56 QUEUE-DRAINED (idle, waiting for appends)
08-13 19:51:17 QUEUE-DRAINED (idle, waiting for appends)
08-13 19:52:37 QUEUE-DRAINED (idle, waiting for appends)
08-13 19:53:58 QUEUE-DRAINED (idle, waiting for appends)
08-13 19:55:18 QUEUE-DRAINED (idle, waiting for appends)
08-13 19:56:38 QUEUE-DRAINED (idle, waiting for appends)
08-13 19:57:59 QUEUE-DRAINED (idle, waiting for appends)
08-13 19:59:19 QUEUE-DRAINED (idle, waiting for appends)
08-13 20:00:40 QUEUE-DRAINED (idle, waiting for appends)
08-13 20:02:00 QUEUE-DRAINED (idle, waiting for appends)
08-13 20:03:21 QUEUE-DRAINED (idle, waiting for appends)
08-13 20:04:41 QUEUE-DRAINED (idle, waiting for appends)
08-13 20:06:01 QUEUE-DRAINED (idle, waiting for appends)
08-13 20:07:22 QUEUE-DRAINED (idle, waiting for appends)
08-13 20:08:42 QUEUE-DRAINED (idle, waiting for appends)
08-13 20:10:03 QUEUE-DRAINED (idle, waiting for appends)
08-13 20:11:23 QUEUE-DRAINED (idle, waiting for appends)
08-13 20:12:43 QUEUE-DRAINED (idle, waiting for appends)
08-13 20:14:04 QUEUE-DRAINED (idle, waiting for appends)
08-13 20:15:24 QUEUE-DRAINED (idle, waiting for appends)
08-13 20:16:45 QUEUE-DRAINED (idle, waiting for appends)
08-13 20:18:05 QUEUE-DRAINED (idle, waiting for appends)
08-13 20:19:26 QUEUE-DRAINED (idle, waiting for appends)
08-13 20:20:46 QUEUE-DRAINED (idle, waiting for appends)
08-13 20:22:07 QUEUE-DRAINED (idle, waiting for appends)
08-13 20:23:27 QUEUE-DRAINED (idle, waiting for appends)
08-13 20:24:47 QUEUE-DRAINED (idle, waiting for appends)
08-13 20:26:08 QUEUE-DRAINED (idle, waiting for appends)
08-13 20:27:28 QUEUE-DRAINED (idle, waiting for appends)
08-13 20:28:49 QUEUE-DRAINED (idle, waiting for appends)
08-13 20:30:09 QUEUE-DRAINED (idle, waiting for appends)
08-13 20:31:30 QUEUE-DRAINED (idle, waiting for appends)
08-13 20:32:50 QUEUE-DRAINED (idle, waiting for appends)
08-13 20:34:10 QUEUE-DRAINED (idle, waiting for appends)
08-13 20:35:31 QUEUE-DRAINED (idle, waiting for appends)
08-13 20:36:51 QUEUE-DRAINED (idle, waiting for appends)
08-13 20:38:12 QUEUE-DRAINED (idle, waiting for appends)
08-13 20:39:32 QUEUE-DRAINED (idle, waiting for appends)
08-13 20:40:52 QUEUE-DRAINED (idle, waiting for appends)
08-13 20:42:13 QUEUE-DRAINED (idle, waiting for appends)
08-13 20:43:33 QUEUE-DRAINED (idle, waiting for appends)
08-13 20:44:54 QUEUE-DRAINED (idle, waiting for appends)
08-13 20:46:14 QUEUE-DRAINED (idle, waiting for appends)
08-13 20:47:34 QUEUE-DRAINED (idle, waiting for appends)
08-13 20:48:55 QUEUE-DRAINED (idle, waiting for appends)
08-13 20:50:15 QUEUE-DRAINED (idle, waiting for appends)
08-13 20:51:36 QUEUE-DRAINED (idle, waiting for appends)
08-13 20:52:56 QUEUE-DRAINED (idle, waiting for appends)
08-13 20:54:16 QUEUE-DRAINED (idle, waiting for appends)
08-13 20:55:37 QUEUE-DRAINED (idle, waiting for appends)
08-13 20:56:57 QUEUE-DRAINED (idle, waiting for appends)
08-13 20:58:18 QUEUE-DRAINED (idle, waiting for appends)
08-13 20:59:38 QUEUE-DRAINED (idle, waiting for appends)
08-13 21:00:59 QUEUE-DRAINED (idle, waiting for appends)
08-13 21:02:19 QUEUE-DRAINED (idle, waiting for appends)
08-13 21:03:39 QUEUE-DRAINED (idle, waiting for appends)
08-13 21:05:00 QUEUE-DRAINED (idle, waiting for appends)
08-13 21:06:20 QUEUE-DRAINED (idle, waiting for appends)
08-13 21:07:41 QUEUE-DRAINED (idle, waiting for appends)
08-13 21:09:01 QUEUE-DRAINED (idle, waiting for appends)
08-13 21:10:21 QUEUE-DRAINED (idle, waiting for appends)
08-13 21:11:42 QUEUE-DRAINED (idle, waiting for appends)
08-13 21:13:02 QUEUE-DRAINED (idle, waiting for appends)
08-13 21:14:22 QUEUE-DRAINED (idle, waiting for appends)
08-13 21:15:43 QUEUE-DRAINED (idle, waiting for appends)
08-13 21:17:03 QUEUE-DRAINED (idle, waiting for appends)
08-13 21:18:24 QUEUE-DRAINED (idle, waiting for appends)
08-13 21:19:44 QUEUE-DRAINED (idle, waiting for appends)
08-13 21:21:04 QUEUE-DRAINED (idle, waiting for appends)
08-13 21:22:25 QUEUE-DRAINED (idle, waiting for appends)
08-13 21:23:45 QUEUE-DRAINED (idle, waiting for appends)
08-13 21:25:06 QUEUE-DRAINED (idle, waiting for appends)
08-13 21:26:26 QUEUE-DRAINED (idle, waiting for appends)
08-13 21:27:46 QUEUE-DRAINED (idle, waiting for appends)
08-13 21:29:07 QUEUE-DRAINED (idle, waiting for appends)
08-13 21:30:27 QUEUE-DRAINED (idle, waiting for appends)
08-13 21:31:48 QUEUE-DRAINED (idle, waiting for appends)
08-13 21:33:08 QUEUE-DRAINED (idle, waiting for appends)
08-13 21:34:28 QUEUE-DRAINED (idle, waiting for appends)
08-13 21:35:49 QUEUE-DRAINED (idle, waiting for appends)
08-13 21:37:09 QUEUE-DRAINED (idle, waiting for appends)
08-13 21:38:30 QUEUE-DRAINED (idle, waiting for appends)
08-13 21:39:50 QUEUE-DRAINED (idle, waiting for appends)
08-13 21:41:10 QUEUE-DRAINED (idle, waiting for appends)
08-13 21:42:31 QUEUE-DRAINED (idle, waiting for appends)
08-13 21:43:51 QUEUE-DRAINED (idle, waiting for appends)
08-13 21:45:12 QUEUE-DRAINED (idle, waiting for appends)
08-13 21:46:32 QUEUE-DRAINED (idle, waiting for appends)
08-13 21:47:52 QUEUE-DRAINED (idle, waiting for appends)
08-13 21:49:13 QUEUE-DRAINED (idle, waiting for appends)
08-13 21:50:33 QUEUE-DRAINED (idle, waiting for appends)
08-13 21:51:54 QUEUE-DRAINED (idle, waiting for appends)
08-13 21:53:14 QUEUE-DRAINED (idle, waiting for appends)
08-13 21:54:35 QUEUE-DRAINED (idle, waiting for appends)
08-13 21:55:55 QUEUE-DRAINED (idle, waiting for appends)
08-13 21:57:15 QUEUE-DRAINED (idle, waiting for appends)
08-13 21:58:36 QUEUE-DRAINED (idle, waiting for appends)
08-13 21:59:56 QUEUE-DRAINED (idle, waiting for appends)
08-13 22:01:17 QUEUE-DRAINED (idle, waiting for appends)
08-13 22:02:37 QUEUE-DRAINED (idle, waiting for appends)
08-13 22:03:57 QUEUE-DRAINED (idle, waiting for appends)
08-13 22:05:18 QUEUE-DRAINED (idle, waiting for appends)
08-13 22:06:38 QUEUE-DRAINED (idle, waiting for appends)
08-13 22:07:58 QUEUE-DRAINED (idle, waiting for appends)
08-13 22:09:19 QUEUE-DRAINED (idle, waiting for appends)
08-13 22:10:39 QUEUE-DRAINED (idle, waiting for appends)
08-13 22:12:00 QUEUE-DRAINED (idle, waiting for appends)
08-13 22:13:20 QUEUE-DRAINED (idle, waiting for appends)
08-13 22:14:41 QUEUE-DRAINED (idle, waiting for appends)
08-13 22:16:01 QUEUE-DRAINED (idle, waiting for appends)
08-13 22:17:21 QUEUE-DRAINED (idle, waiting for appends)
08-13 22:18:42 QUEUE-DRAINED (idle, waiting for appends)
08-13 22:20:02 QUEUE-DRAINED (idle, waiting for appends)
08-13 22:21:23 QUEUE-DRAINED (idle, waiting for appends)
08-13 22:22:43 QUEUE-DRAINED (idle, waiting for appends)
08-13 22:24:03 QUEUE-DRAINED (idle, waiting for appends)
08-13 22:25:24 QUEUE-DRAINED (idle, waiting for appends)
08-13 22:26:44 QUEUE-DRAINED (idle, waiting for appends)
08-13 22:28:04 QUEUE-DRAINED (idle, waiting for appends)
08-13 22:29:25 QUEUE-DRAINED (idle, waiting for appends)
08-13 22:30:45 QUEUE-DRAINED (idle, waiting for appends)
08-13 22:32:06 QUEUE-DRAINED (idle, waiting for appends)
08-13 22:33:26 QUEUE-DRAINED (idle, waiting for appends)
08-13 22:34:46 QUEUE-DRAINED (idle, waiting for appends)
08-13 22:36:07 QUEUE-DRAINED (idle, waiting for appends)
08-13 22:37:27 QUEUE-DRAINED (idle, waiting for appends)
08-13 22:38:48 QUEUE-DRAINED (idle, waiting for appends)
08-13 22:40:08 QUEUE-DRAINED (idle, waiting for appends)
08-13 22:41:28 QUEUE-DRAINED (idle, waiting for appends)
08-13 22:42:49 QUEUE-DRAINED (idle, waiting for appends)
08-13 22:44:09 QUEUE-DRAINED (idle, waiting for appends)
08-13 22:45:30 QUEUE-DRAINED (idle, waiting for appends)
08-13 22:46:50 QUEUE-DRAINED (idle, waiting for appends)
08-13 22:48:10 QUEUE-DRAINED (idle, waiting for appends)
08-13 22:49:31 QUEUE-DRAINED (idle, waiting for appends)
08-13 22:50:51 QUEUE-DRAINED (idle, waiting for appends)
08-13 22:52:12 QUEUE-DRAINED (idle, waiting for appends)
08-13 22:53:32 QUEUE-DRAINED (idle, waiting for appends)
08-13 22:54:53 QUEUE-DRAINED (idle, waiting for appends)
08-13 22:56:13 QUEUE-DRAINED (idle, waiting for appends)
08-13 22:57:34 QUEUE-DRAINED (idle, waiting for appends)
08-13 22:58:54 QUEUE-DRAINED (idle, waiting for appends)
08-13 23:00:14 QUEUE-DRAINED (idle, waiting for appends)
08-13 23:01:35 QUEUE-DRAINED (idle, waiting for appends)
08-13 23:02:55 QUEUE-DRAINED (idle, waiting for appends)
08-13 23:04:16 QUEUE-DRAINED (idle, waiting for appends)
08-13 23:05:36 QUEUE-DRAINED (idle, waiting for appends)
08-13 23:06:56 QUEUE-DRAINED (idle, waiting for appends)
08-13 23:08:17 QUEUE-DRAINED (idle, waiting for appends)
08-13 23:09:37 QUEUE-DRAINED (idle, waiting for appends)
08-13 23:10:58 QUEUE-DRAINED (idle, waiting for appends)
08-13 23:12:18 QUEUE-DRAINED (idle, waiting for appends)
08-13 23:13:38 QUEUE-DRAINED (idle, waiting for appends)
08-13 23:14:59 QUEUE-DRAINED (idle, waiting for appends)
08-13 23:16:19 QUEUE-DRAINED (idle, waiting for appends)
08-13 23:17:40 QUEUE-DRAINED (idle, waiting for appends)
08-13 23:19:00 QUEUE-DRAINED (idle, waiting for appends)
08-13 23:20:20 QUEUE-DRAINED (idle, waiting for appends)
08-13 23:21:41 QUEUE-DRAINED (idle, waiting for appends)
08-13 23:23:01 QUEUE-DRAINED (idle, waiting for appends)
08-13 23:24:22 QUEUE-DRAINED (idle, waiting for appends)
08-13 23:25:42 QUEUE-DRAINED (idle, waiting for appends)
08-13 23:27:03 QUEUE-DRAINED (idle, waiting for appends)
08-13 23:28:23 QUEUE-DRAINED (idle, waiting for appends)
08-13 23:29:43 QUEUE-DRAINED (idle, waiting for appends)
08-13 23:31:04 QUEUE-DRAINED (idle, waiting for appends)
08-13 23:32:24 QUEUE-DRAINED (idle, waiting for appends)
08-13 23:33:45 QUEUE-DRAINED (idle, waiting for appends)
08-13 23:35:05 QUEUE-DRAINED (idle, waiting for appends)
08-13 23:36:25 QUEUE-DRAINED (idle, waiting for appends)
08-13 23:37:46 QUEUE-DRAINED (idle, waiting for appends)
08-13 23:39:06 QUEUE-DRAINED (idle, waiting for appends)
08-13 23:40:27 QUEUE-DRAINED (idle, waiting for appends)
08-13 23:41:47 QUEUE-DRAINED (idle, waiting for appends)
08-13 23:43:07 QUEUE-DRAINED (idle, waiting for appends)
08-13 23:44:28 QUEUE-DRAINED (idle, waiting for appends)
08-13 23:45:48 QUEUE-DRAINED (idle, waiting for appends)
08-13 23:47:08 QUEUE-DRAINED (idle, waiting for appends)
08-13 23:48:29 QUEUE-DRAINED (idle, waiting for appends)
08-13 23:49:49 QUEUE-DRAINED (idle, waiting for appends)
08-13 23:51:10 QUEUE-DRAINED (idle, waiting for appends)
08-13 23:52:30 QUEUE-DRAINED (idle, waiting for appends)
08-13 23:53:51 QUEUE-DRAINED (idle, waiting for appends)
08-13 23:55:11 QUEUE-DRAINED (idle, waiting for appends)
08-13 23:56:31 QUEUE-DRAINED (idle, waiting for appends)
08-13 23:57:52 QUEUE-DRAINED (idle, waiting for appends)
08-13 23:59:12 QUEUE-DRAINED (idle, waiting for appends)
08-14 00:00:33 QUEUE-DRAINED (idle, waiting for appends)
08-14 00:01:53 QUEUE-DRAINED (idle, waiting for appends)
08-14 00:03:13 QUEUE-DRAINED (idle, waiting for appends)
08-14 00:04:34 QUEUE-DRAINED (idle, waiting for appends)
08-14 00:05:54 QUEUE-DRAINED (idle, waiting for appends)
08-14 00:07:15 QUEUE-DRAINED (idle, waiting for appends)
08-14 00:08:35 QUEUE-DRAINED (idle, waiting for appends)
08-14 00:09:55 QUEUE-DRAINED (idle, waiting for appends)
08-14 00:11:16 QUEUE-DRAINED (idle, waiting for appends)
08-14 00:12:36 QUEUE-DRAINED (idle, waiting for appends)
08-14 00:13:57 QUEUE-DRAINED (idle, waiting for appends)
08-14 00:15:17 QUEUE-DRAINED (idle, waiting for appends)
08-14 00:16:38 QUEUE-DRAINED (idle, waiting for appends)
08-14 00:17:58 QUEUE-DRAINED (idle, waiting for appends)
08-14 00:19:19 QUEUE-DRAINED (idle, waiting for appends)
08-14 00:20:39 QUEUE-DRAINED (idle, waiting for appends)
08-14 00:21:59 QUEUE-DRAINED (idle, waiting for appends)
08-14 00:23:20 QUEUE-DRAINED (idle, waiting for appends)
08-14 00:24:40 QUEUE-DRAINED (idle, waiting for appends)
08-14 00:26:01 QUEUE-DRAINED (idle, waiting for appends)
08-14 00:27:21 QUEUE-DRAINED (idle, waiting for appends)
08-14 00:28:41 QUEUE-DRAINED (idle, waiting for appends)
08-14 00:30:02 QUEUE-DRAINED (idle, waiting for appends)
08-14 00:31:22 QUEUE-DRAINED (idle, waiting for appends)
08-14 00:32:43 QUEUE-DRAINED (idle, waiting for appends)
08-14 00:34:03 QUEUE-DRAINED (idle, waiting for appends)
08-14 00:35:23 QUEUE-DRAINED (idle, waiting for appends)
08-14 00:36:44 QUEUE-DRAINED (idle, waiting for appends)
08-14 00:38:04 QUEUE-DRAINED (idle, waiting for appends)
08-14 00:39:25 QUEUE-DRAINED (idle, waiting for appends)
08-14 00:40:45 QUEUE-DRAINED (idle, waiting for appends)
08-14 00:42:06 QUEUE-DRAINED (idle, waiting for appends)
08-14 00:43:26 QUEUE-DRAINED (idle, waiting for appends)
08-14 00:44:47 QUEUE-DRAINED (idle, waiting for appends)
08-14 00:46:07 QUEUE-DRAINED (idle, waiting for appends)
08-14 00:47:27 QUEUE-DRAINED (idle, waiting for appends)
08-14 00:48:48 QUEUE-DRAINED (idle, waiting for appends)
08-14 00:50:08 QUEUE-DRAINED (idle, waiting for appends)
08-14 00:51:29 QUEUE-DRAINED (idle, waiting for appends)
08-14 00:52:49 QUEUE-DRAINED (idle, waiting for appends)
08-14 00:54:10 QUEUE-DRAINED (idle, waiting for appends)
08-14 00:55:30 QUEUE-DRAINED (idle, waiting for appends)
08-14 00:56:50 QUEUE-DRAINED (idle, waiting for appends)
08-14 00:58:11 QUEUE-DRAINED (idle, waiting for appends)
08-14 00:59:31 QUEUE-DRAINED (idle, waiting for appends)
08-14 01:00:51 QUEUE-DRAINED (idle, waiting for appends)
08-14 01:02:12 QUEUE-DRAINED (idle, waiting for appends)
08-14 01:03:32 QUEUE-DRAINED (idle, waiting for appends)
08-14 01:04:53 QUEUE-DRAINED (idle, waiting for appends)
08-14 01:06:13 QUEUE-DRAINED (idle, waiting for appends)
08-14 01:07:34 QUEUE-DRAINED (idle, waiting for appends)
08-14 01:08:54 QUEUE-DRAINED (idle, waiting for appends)
08-14 01:10:14 QUEUE-DRAINED (idle, waiting for appends)
08-14 01:11:35 QUEUE-DRAINED (idle, waiting for appends)
08-14 01:12:55 QUEUE-DRAINED (idle, waiting for appends)
08-14 01:14:16 QUEUE-DRAINED (idle, waiting for appends)
08-14 01:15:36 QUEUE-DRAINED (idle, waiting for appends)
08-14 01:16:57 QUEUE-DRAINED (idle, waiting for appends)
08-14 01:18:17 QUEUE-DRAINED (idle, waiting for appends)
08-14 01:19:37 QUEUE-DRAINED (idle, waiting for appends)
08-14 01:20:57 QUEUE-DRAINED (idle, waiting for appends)
08-14 01:22:18 QUEUE-DRAINED (idle, waiting for appends)
08-14 01:23:38 QUEUE-DRAINED (idle, waiting for appends)
08-14 01:24:59 QUEUE-DRAINED (idle, waiting for appends)
08-14 01:26:19 QUEUE-DRAINED (idle, waiting for appends)
08-14 01:27:40 QUEUE-DRAINED (idle, waiting for appends)
08-14 01:29:00 QUEUE-DRAINED (idle, waiting for appends)
08-14 01:30:20 QUEUE-DRAINED (idle, waiting for appends)
08-14 01:31:41 QUEUE-DRAINED (idle, waiting for appends)
08-14 01:33:01 QUEUE-DRAINED (idle, waiting for appends)
08-14 01:34:22 QUEUE-DRAINED (idle, waiting for appends)
08-14 01:35:42 QUEUE-DRAINED (idle, waiting for appends)
08-14 01:37:03 QUEUE-DRAINED (idle, waiting for appends)
08-14 01:38:23 QUEUE-DRAINED (idle, waiting for appends)
08-14 01:39:43 QUEUE-DRAINED (idle, waiting for appends)
08-14 01:41:04 QUEUE-DRAINED (idle, waiting for appends)
08-14 01:42:24 QUEUE-DRAINED (idle, waiting for appends)
08-14 01:43:45 QUEUE-DRAINED (idle, waiting for appends)
08-14 01:45:05 QUEUE-DRAINED (idle, waiting for appends)
08-14 01:46:25 QUEUE-DRAINED (idle, waiting for appends)
08-14 01:47:46 QUEUE-DRAINED (idle, waiting for appends)
08-14 01:49:06 QUEUE-DRAINED (idle, waiting for appends)
08-14 01:50:27 QUEUE-DRAINED (idle, waiting for appends)
08-14 01:51:47 QUEUE-DRAINED (idle, waiting for appends)
08-14 01:53:08 QUEUE-DRAINED (idle, waiting for appends)
08-14 01:54:28 QUEUE-DRAINED (idle, waiting for appends)
08-14 01:55:48 QUEUE-DRAINED (idle, waiting for appends)
08-14 01:57:09 QUEUE-DRAINED (idle, waiting for appends)
08-14 01:58:29 QUEUE-DRAINED (idle, waiting for appends)
08-14 01:59:50 QUEUE-DRAINED (idle, waiting for appends)
08-14 02:01:10 QUEUE-DRAINED (idle, waiting for appends)
08-14 02:02:30 QUEUE-DRAINED (idle, waiting for appends)
08-14 02:03:51 QUEUE-DRAINED (idle, waiting for appends)
08-14 02:05:11 QUEUE-DRAINED (idle, waiting for appends)
08-14 02:06:32 QUEUE-DRAINED (idle, waiting for appends)
08-14 02:07:52 QUEUE-DRAINED (idle, waiting for appends)
08-14 02:09:12 QUEUE-DRAINED (idle, waiting for appends)
08-14 02:10:33 QUEUE-DRAINED (idle, waiting for appends)
08-14 02:11:53 QUEUE-DRAINED (idle, waiting for appends)
08-14 02:13:14 QUEUE-DRAINED (idle, waiting for appends)
08-14 02:14:34 QUEUE-DRAINED (idle, waiting for appends)
08-14 02:15:55 QUEUE-DRAINED (idle, waiting for appends)
08-14 02:17:15 QUEUE-DRAINED (idle, waiting for appends)
08-14 02:18:35 QUEUE-DRAINED (idle, waiting for appends)
08-14 02:19:56 QUEUE-DRAINED (idle, waiting for appends)
08-14 02:21:16 QUEUE-DRAINED (idle, waiting for appends)
08-14 02:22:36 QUEUE-DRAINED (idle, waiting for appends)
08-14 02:23:57 QUEUE-DRAINED (idle, waiting for appends)
08-14 02:25:17 QUEUE-DRAINED (idle, waiting for appends)
08-14 02:26:38 QUEUE-DRAINED (idle, waiting for appends)
08-14 02:27:58 QUEUE-DRAINED (idle, waiting for appends)
08-14 02:29:18 QUEUE-DRAINED (idle, waiting for appends)
08-14 02:30:39 QUEUE-DRAINED (idle, waiting for appends)
08-14 02:31:59 QUEUE-DRAINED (idle, waiting for appends)
08-14 02:33:20 QUEUE-DRAINED (idle, waiting for appends)
08-14 02:34:40 QUEUE-DRAINED (idle, waiting for appends)
08-14 02:36:01 QUEUE-DRAINED (idle, waiting for appends)
08-14 02:37:21 QUEUE-DRAINED (idle, waiting for appends)
08-14 02:38:41 QUEUE-DRAINED (idle, waiting for appends)
08-14 02:40:02 QUEUE-DRAINED (idle, waiting for appends)
08-14 02:41:22 QUEUE-DRAINED (idle, waiting for appends)
08-14 02:42:43 QUEUE-DRAINED (idle, waiting for appends)
08-14 02:44:03 QUEUE-DRAINED (idle, waiting for appends)
08-14 02:45:23 QUEUE-DRAINED (idle, waiting for appends)
08-14 02:46:44 QUEUE-DRAINED (idle, waiting for appends)
08-14 02:48:04 QUEUE-DRAINED (idle, waiting for appends)
08-14 02:49:25 QUEUE-DRAINED (idle, waiting for appends)
08-14 02:50:45 QUEUE-DRAINED (idle, waiting for appends)
08-14 02:52:05 QUEUE-DRAINED (idle, waiting for appends)
08-14 02:53:26 QUEUE-DRAINED (idle, waiting for appends)
08-14 02:54:46 QUEUE-DRAINED (idle, waiting for appends)
08-14 02:56:07 QUEUE-DRAINED (idle, waiting for appends)
08-14 02:57:27 QUEUE-DRAINED (idle, waiting for appends)
08-14 02:58:47 QUEUE-DRAINED (idle, waiting for appends)
08-14 03:00:08 QUEUE-DRAINED (idle, waiting for appends)
08-14 03:01:28 QUEUE-DRAINED (idle, waiting for appends)
08-14 03:02:48 QUEUE-DRAINED (idle, waiting for appends)
08-14 03:04:09 QUEUE-DRAINED (idle, waiting for appends)
08-14 03:05:29 QUEUE-DRAINED (idle, waiting for appends)
08-14 03:06:50 QUEUE-DRAINED (idle, waiting for appends)
08-14 03:08:10 QUEUE-DRAINED (idle, waiting for appends)
08-14 03:09:31 QUEUE-DRAINED (idle, waiting for appends)
08-14 03:10:51 QUEUE-DRAINED (idle, waiting for appends)
08-14 03:12:11 QUEUE-DRAINED (idle, waiting for appends)
08-14 03:13:32 QUEUE-DRAINED (idle, waiting for appends)
08-14 03:14:52 QUEUE-DRAINED (idle, waiting for appends)
08-14 03:16:13 QUEUE-DRAINED (idle, waiting for appends)
08-14 03:17:33 QUEUE-DRAINED (idle, waiting for appends)
08-14 03:18:53 QUEUE-DRAINED (idle, waiting for appends)
08-14 03:20:14 QUEUE-DRAINED (idle, waiting for appends)
08-14 03:21:34 QUEUE-DRAINED (idle, waiting for appends)
08-14 03:22:55 QUEUE-DRAINED (idle, waiting for appends)
08-14 03:24:15 QUEUE-DRAINED (idle, waiting for appends)
08-14 03:25:36 QUEUE-DRAINED (idle, waiting for appends)
08-14 03:26:56 QUEUE-DRAINED (idle, waiting for appends)
08-14 03:28:16 QUEUE-DRAINED (idle, waiting for appends)
08-14 03:29:37 QUEUE-DRAINED (idle, waiting for appends)
08-14 03:30:57 QUEUE-DRAINED (idle, waiting for appends)
08-14 03:32:18 QUEUE-DRAINED (idle, waiting for appends)
08-14 03:33:38 QUEUE-DRAINED (idle, waiting for appends)
08-14 03:34:58 QUEUE-DRAINED (idle, waiting for appends)
08-14 03:36:19 QUEUE-DRAINED (idle, waiting for appends)
08-14 03:37:39 QUEUE-DRAINED (idle, waiting for appends)
08-14 03:38:59 QUEUE-DRAINED (idle, waiting for appends)
08-14 03:40:20 QUEUE-DRAINED (idle, waiting for appends)
08-14 03:41:40 QUEUE-DRAINED (idle, waiting for appends)
08-14 03:43:01 QUEUE-DRAINED (idle, waiting for appends)
08-14 03:44:21 QUEUE-DRAINED (idle, waiting for appends)
08-14 03:45:42 QUEUE-DRAINED (idle, waiting for appends)
08-14 03:47:02 QUEUE-DRAINED (idle, waiting for appends)
08-14 03:48:22 QUEUE-DRAINED (idle, waiting for appends)
08-14 03:49:43 QUEUE-DRAINED (idle, waiting for appends)
08-14 03:51:03 QUEUE-DRAINED (idle, waiting for appends)
08-14 03:52:24 QUEUE-DRAINED (idle, waiting for appends)
08-14 03:53:44 QUEUE-DRAINED (idle, waiting for appends)
08-14 03:55:05 QUEUE-DRAINED (idle, waiting for appends)
08-14 03:56:25 QUEUE-DRAINED (idle, waiting for appends)
08-14 03:57:45 QUEUE-DRAINED (idle, waiting for appends)
08-14 03:59:06 QUEUE-DRAINED (idle, waiting for appends)
08-14 04:00:26 QUEUE-DRAINED (idle, waiting for appends)
08-14 04:01:47 QUEUE-DRAINED (idle, waiting for appends)
08-14 04:03:07 QUEUE-DRAINED (idle, waiting for appends)
08-14 04:04:27 QUEUE-DRAINED (idle, waiting for appends)
08-14 04:05:48 QUEUE-DRAINED (idle, waiting for appends)
08-14 04:07:08 QUEUE-DRAINED (idle, waiting for appends)
08-14 04:08:29 QUEUE-DRAINED (idle, waiting for appends)
08-14 04:09:49 QUEUE-DRAINED (idle, waiting for appends)
08-14 04:11:09 QUEUE-DRAINED (idle, waiting for appends)
08-14 04:12:30 QUEUE-DRAINED (idle, waiting for appends)
08-14 04:13:50 QUEUE-DRAINED (idle, waiting for appends)
08-14 04:15:10 QUEUE-DRAINED (idle, waiting for appends)
08-14 04:16:31 QUEUE-DRAINED (idle, waiting for appends)
08-14 04:17:51 QUEUE-DRAINED (idle, waiting for appends)
08-14 04:19:12 QUEUE-DRAINED (idle, waiting for appends)
08-14 04:20:32 QUEUE-DRAINED (idle, waiting for appends)
08-14 04:21:53 QUEUE-DRAINED (idle, waiting for appends)
08-14 04:23:13 QUEUE-DRAINED (idle, waiting for appends)
08-14 04:24:33 QUEUE-DRAINED (idle, waiting for appends)
08-14 04:25:54 QUEUE-DRAINED (idle, waiting for appends)
08-14 04:27:14 QUEUE-DRAINED (idle, waiting for appends)
08-14 04:28:35 QUEUE-DRAINED (idle, waiting for appends)
08-14 04:29:55 QUEUE-DRAINED (idle, waiting for appends)
08-14 04:31:15 QUEUE-DRAINED (idle, waiting for appends)
08-14 04:32:36 QUEUE-DRAINED (idle, waiting for appends)
08-14 04:33:56 QUEUE-DRAINED (idle, waiting for appends)
08-14 04:35:17 QUEUE-DRAINED (idle, waiting for appends)
08-14 04:36:37 QUEUE-DRAINED (idle, waiting for appends)
08-14 04:37:58 QUEUE-DRAINED (idle, waiting for appends)
08-14 04:39:18 QUEUE-DRAINED (idle, waiting for appends)
08-14 04:40:38 QUEUE-DRAINED (idle, waiting for appends)
08-14 04:41:59 QUEUE-DRAINED (idle, waiting for appends)
08-14 04:43:19 QUEUE-DRAINED (idle, waiting for appends)
08-14 04:44:40 QUEUE-DRAINED (idle, waiting for appends)
08-14 04:46:00 QUEUE-DRAINED (idle, waiting for appends)
08-14 04:47:21 QUEUE-DRAINED (idle, waiting for appends)
08-14 04:48:41 QUEUE-DRAINED (idle, waiting for appends)
08-14 04:50:01 QUEUE-DRAINED (idle, waiting for appends)
08-14 04:51:22 QUEUE-DRAINED (idle, waiting for appends)
08-14 04:52:42 QUEUE-DRAINED (idle, waiting for appends)
08-14 04:54:02 QUEUE-DRAINED (idle, waiting for appends)
08-14 04:55:23 QUEUE-DRAINED (idle, waiting for appends)
08-14 04:56:43 QUEUE-DRAINED (idle, waiting for appends)
08-14 04:58:04 QUEUE-DRAINED (idle, waiting for appends)
08-14 04:59:24 QUEUE-DRAINED (idle, waiting for appends)
08-14 05:00:45 QUEUE-DRAINED (idle, waiting for appends)
08-14 05:02:05 QUEUE-DRAINED (idle, waiting for appends)
08-14 05:03:25 QUEUE-DRAINED (idle, waiting for appends)
08-14 05:04:46 QUEUE-DRAINED (idle, waiting for appends)
08-14 05:06:06 QUEUE-DRAINED (idle, waiting for appends)
08-14 05:07:27 QUEUE-DRAINED (idle, waiting for appends)
08-14 05:08:47 QUEUE-DRAINED (idle, waiting for appends)
08-14 05:10:07 QUEUE-DRAINED (idle, waiting for appends)
08-14 05:11:28 QUEUE-DRAINED (idle, waiting for appends)
08-14 05:12:48 QUEUE-DRAINED (idle, waiting for appends)
08-14 05:14:09 QUEUE-DRAINED (idle, waiting for appends)
08-14 05:15:29 QUEUE-DRAINED (idle, waiting for appends)
08-14 05:16:49 QUEUE-DRAINED (idle, waiting for appends)
08-14 05:18:10 QUEUE-DRAINED (idle, waiting for appends)
08-14 05:19:30 QUEUE-DRAINED (idle, waiting for appends)
08-14 05:20:51 QUEUE-DRAINED (idle, waiting for appends)
08-14 05:22:11 QUEUE-DRAINED (idle, waiting for appends)
08-14 05:23:31 QUEUE-DRAINED (idle, waiting for appends)
08-14 05:24:52 QUEUE-DRAINED (idle, waiting for appends)
08-14 05:26:12 QUEUE-DRAINED (idle, waiting for appends)
08-14 05:27:33 QUEUE-DRAINED (idle, waiting for appends)
08-14 05:28:53 QUEUE-DRAINED (idle, waiting for appends)
08-14 05:30:13 QUEUE-DRAINED (idle, waiting for appends)
08-14 05:31:34 QUEUE-DRAINED (idle, waiting for appends)
08-14 05:32:54 QUEUE-DRAINED (idle, waiting for appends)
08-14 05:34:15 QUEUE-DRAINED (idle, waiting for appends)
08-14 05:35:35 QUEUE-DRAINED (idle, waiting for appends)
08-14 05:36:56 QUEUE-DRAINED (idle, waiting for appends)
08-14 05:38:16 QUEUE-DRAINED (idle, waiting for appends)
08-14 05:39:36 QUEUE-DRAINED (idle, waiting for appends)
08-14 05:40:57 QUEUE-DRAINED (idle, waiting for appends)
08-14 05:42:17 QUEUE-DRAINED (idle, waiting for appends)
08-14 05:43:38 QUEUE-DRAINED (idle, waiting for appends)
08-14 05:44:58 QUEUE-DRAINED (idle, waiting for appends)
08-14 05:46:19 QUEUE-DRAINED (idle, waiting for appends)
08-14 05:47:39 QUEUE-DRAINED (idle, waiting for appends)
08-14 05:49:00 QUEUE-DRAINED (idle, waiting for appends)
08-14 05:50:20 QUEUE-DRAINED (idle, waiting for appends)
08-14 05:51:41 QUEUE-DRAINED (idle, waiting for appends)
08-14 05:53:01 QUEUE-DRAINED (idle, waiting for appends)
08-14 05:54:21 QUEUE-DRAINED (idle, waiting for appends)
08-14 05:55:42 QUEUE-DRAINED (idle, waiting for appends)
08-14 05:57:02 QUEUE-DRAINED (idle, waiting for appends)
08-14 05:58:23 QUEUE-DRAINED (idle, waiting for appends)
08-14 05:59:43 QUEUE-DRAINED (idle, waiting for appends)
08-14 06:01:04 QUEUE-DRAINED (idle, waiting for appends)
08-14 06:02:24 QUEUE-DRAINED (idle, waiting for appends)
08-14 06:03:45 QUEUE-DRAINED (idle, waiting for appends)
08-14 06:05:05 QUEUE-DRAINED (idle, waiting for appends)
08-14 06:06:25 QUEUE-DRAINED (idle, waiting for appends)
08-14 06:07:46 QUEUE-DRAINED (idle, waiting for appends)
08-14 06:09:06 QUEUE-DRAINED (idle, waiting for appends)
08-14 06:10:27 QUEUE-DRAINED (idle, waiting for appends)
08-14 06:11:47 QUEUE-DRAINED (idle, waiting for appends)
08-14 06:13:07 QUEUE-DRAINED (idle, waiting for appends)
08-14 06:14:28 QUEUE-DRAINED (idle, waiting for appends)
08-14 06:15:48 QUEUE-DRAINED (idle, waiting for appends)
08-14 06:17:09 QUEUE-DRAINED (idle, waiting for appends)
08-14 06:18:29 QUEUE-DRAINED (idle, waiting for appends)
08-14 06:19:49 QUEUE-DRAINED (idle, waiting for appends)
08-14 06:21:10 QUEUE-DRAINED (idle, waiting for appends)
08-14 06:22:30 QUEUE-DRAINED (idle, waiting for appends)
08-14 06:23:51 QUEUE-DRAINED (idle, waiting for appends)
08-14 06:25:11 QUEUE-DRAINED (idle, waiting for appends)
08-14 06:26:32 QUEUE-DRAINED (idle, waiting for appends)
08-14 06:27:52 QUEUE-DRAINED (idle, waiting for appends)
08-14 06:29:12 QUEUE-DRAINED (idle, waiting for appends)
08-14 06:30:33 QUEUE-DRAINED (idle, waiting for appends)
08-14 06:31:53 QUEUE-DRAINED (idle, waiting for appends)
08-14 06:33:14 QUEUE-DRAINED (idle, waiting for appends)
08-14 06:34:34 QUEUE-DRAINED (idle, waiting for appends)
08-14 06:35:54 QUEUE-DRAINED (idle, waiting for appends)
08-14 06:37:15 QUEUE-DRAINED (idle, waiting for appends)
08-14 06:38:35 QUEUE-DRAINED (idle, waiting for appends)
08-14 06:39:56 QUEUE-DRAINED (idle, waiting for appends)
08-14 06:41:16 QUEUE-DRAINED (idle, waiting for appends)
08-14 06:42:36 QUEUE-DRAINED (idle, waiting for appends)
08-14 06:43:57 QUEUE-DRAINED (idle, waiting for appends)
08-14 06:45:17 QUEUE-DRAINED (idle, waiting for appends)
08-14 06:46:38 QUEUE-DRAINED (idle, waiting for appends)
08-14 06:47:58 QUEUE-DRAINED (idle, waiting for appends)
08-14 06:49:19 QUEUE-DRAINED (idle, waiting for appends)
08-14 06:50:39 QUEUE-DRAINED (idle, waiting for appends)
08-14 06:51:59 QUEUE-DRAINED (idle, waiting for appends)
08-14 06:53:20 QUEUE-DRAINED (idle, waiting for appends)
08-14 06:54:40 QUEUE-DRAINED (idle, waiting for appends)
08-14 06:56:01 QUEUE-DRAINED (idle, waiting for appends)
08-14 06:57:21 QUEUE-DRAINED (idle, waiting for appends)
08-14 06:58:41 QUEUE-DRAINED (idle, waiting for appends)
08-14 07:00:02 QUEUE-DRAINED (idle, waiting for appends)
08-14 07:01:22 QUEUE-DRAINED (idle, waiting for appends)
08-14 07:02:43 QUEUE-DRAINED (idle, waiting for appends)
08-14 07:04:03 QUEUE-DRAINED (idle, waiting for appends)
08-14 07:05:24 QUEUE-DRAINED (idle, waiting for appends)
08-14 07:06:44 QUEUE-DRAINED (idle, waiting for appends)
08-14 07:08:05 QUEUE-DRAINED (idle, waiting for appends)
08-14 07:09:25 QUEUE-DRAINED (idle, waiting for appends)
08-14 07:10:45 QUEUE-DRAINED (idle, waiting for appends)
08-14 07:12:06 QUEUE-DRAINED (idle, waiting for appends)
08-14 07:13:26 QUEUE-DRAINED (idle, waiting for appends)
08-14 07:14:47 QUEUE-DRAINED (idle, waiting for appends)
08-14 07:16:07 QUEUE-DRAINED (idle, waiting for appends)
08-14 07:17:27 QUEUE-DRAINED (idle, waiting for appends)
08-14 07:18:48 QUEUE-DRAINED (idle, waiting for appends)
08-14 07:20:08 QUEUE-DRAINED (idle, waiting for appends)
08-14 07:21:29 QUEUE-DRAINED (idle, waiting for appends)
08-14 07:22:49 QUEUE-DRAINED (idle, waiting for appends)
08-14 07:24:10 QUEUE-DRAINED (idle, waiting for appends)
08-14 07:25:30 QUEUE-DRAINED (idle, waiting for appends)
08-14 07:26:51 QUEUE-DRAINED (idle, waiting for appends)
08-14 07:28:11 QUEUE-DRAINED (idle, waiting for appends)
08-14 07:29:31 QUEUE-DRAINED (idle, waiting for appends)
08-14 07:30:52 QUEUE-DRAINED (idle, waiting for appends)
08-14 07:32:12 QUEUE-DRAINED (idle, waiting for appends)
08-14 07:33:33 QUEUE-DRAINED (idle, waiting for appends)
08-14 07:34:53 QUEUE-DRAINED (idle, waiting for appends)
08-14 07:36:13 QUEUE-DRAINED (idle, waiting for appends)
08-14 07:37:34 QUEUE-DRAINED (idle, waiting for appends)
08-14 07:38:54 QUEUE-DRAINED (idle, waiting for appends)
08-14 07:40:15 QUEUE-DRAINED (idle, waiting for appends)
08-14 07:41:35 QUEUE-DRAINED (idle, waiting for appends)
08-14 07:42:56 QUEUE-DRAINED (idle, waiting for appends)
08-14 07:44:16 QUEUE-DRAINED (idle, waiting for appends)
08-14 07:45:36 QUEUE-DRAINED (idle, waiting for appends)
08-14 07:46:57 QUEUE-DRAINED (idle, waiting for appends)
08-14 07:48:17 QUEUE-DRAINED (idle, waiting for appends)
08-14 07:49:38 QUEUE-DRAINED (idle, waiting for appends)
08-14 07:50:58 QUEUE-DRAINED (idle, waiting for appends)
08-14 07:52:19 QUEUE-DRAINED (idle, waiting for appends)
08-14 07:53:39 QUEUE-DRAINED (idle, waiting for appends)
08-14 07:55:00 QUEUE-DRAINED (idle, waiting for appends)
08-14 07:56:20 QUEUE-DRAINED (idle, waiting for appends)
08-14 07:57:41 QUEUE-DRAINED (idle, waiting for appends)
08-14 07:59:01 QUEUE-DRAINED (idle, waiting for appends)
08-14 08:00:21 QUEUE-DRAINED (idle, waiting for appends)
08-14 08:01:42 QUEUE-DRAINED (idle, waiting for appends)
08-14 08:03:02 QUEUE-DRAINED (idle, waiting for appends)
08-14 08:04:23 QUEUE-DRAINED (idle, waiting for appends)
08-14 08:05:43 QUEUE-DRAINED (idle, waiting for appends)
08-14 08:07:04 QUEUE-DRAINED (idle, waiting for appends)
08-14 08:08:24 QUEUE-DRAINED (idle, waiting for appends)
08-14 08:09:45 QUEUE-DRAINED (idle, waiting for appends)
08-14 08:11:05 QUEUE-DRAINED (idle, waiting for appends)
08-14 08:12:26 QUEUE-DRAINED (idle, waiting for appends)
08-14 08:13:46 QUEUE-DRAINED (idle, waiting for appends)
08-14 08:15:07 QUEUE-DRAINED (idle, waiting for appends)
08-14 08:16:27 QUEUE-DRAINED (idle, waiting for appends)
08-14 08:17:47 QUEUE-DRAINED (idle, waiting for appends)
08-14 08:19:08 QUEUE-DRAINED (idle, waiting for appends)
08-14 08:20:28 QUEUE-DRAINED (idle, waiting for appends)
08-14 08:21:49 QUEUE-DRAINED (idle, waiting for appends)
08-14 08:23:09 QUEUE-DRAINED (idle, waiting for appends)
08-14 08:24:30 QUEUE-DRAINED (idle, waiting for appends)
08-14 08:25:50 QUEUE-DRAINED (idle, waiting for appends)
08-14 08:27:11 QUEUE-DRAINED (idle, waiting for appends)
08-14 08:28:31 QUEUE-DRAINED (idle, waiting for appends)
08-14 08:29:52 QUEUE-DRAINED (idle, waiting for appends)
08-14 08:31:12 QUEUE-DRAINED (idle, waiting for appends)
08-14 08:32:33 QUEUE-DRAINED (idle, waiting for appends)
08-14 08:33:53 QUEUE-DRAINED (idle, waiting for appends)
08-14 08:35:13 QUEUE-DRAINED (idle, waiting for appends)
08-14 08:36:34 QUEUE-DRAINED (idle, waiting for appends)
08-14 08:37:54 QUEUE-DRAINED (idle, waiting for appends)
08-14 08:39:15 QUEUE-DRAINED (idle, waiting for appends)
08-14 08:40:35 QUEUE-DRAINED (idle, waiting for appends)
08-14 08:41:55 QUEUE-DRAINED (idle, waiting for appends)
08-14 08:43:16 QUEUE-DRAINED (idle, waiting for appends)
08-14 08:44:36 QUEUE-DRAINED (idle, waiting for appends)
08-14 08:45:57 QUEUE-DRAINED (idle, waiting for appends)
08-14 08:47:17 QUEUE-DRAINED (idle, waiting for appends)
08-14 08:48:38 QUEUE-DRAINED (idle, waiting for appends)
08-14 08:49:58 QUEUE-DRAINED (idle, waiting for appends)
08-14 08:51:18 QUEUE-DRAINED (idle, waiting for appends)
08-14 08:52:39 QUEUE-DRAINED (idle, waiting for appends)
08-14 08:53:59 QUEUE-DRAINED (idle, waiting for appends)
08-14 08:55:20 QUEUE-DRAINED (idle, waiting for appends)
08-14 08:56:40 QUEUE-DRAINED (idle, waiting for appends)
08-14 08:58:01 QUEUE-DRAINED (idle, waiting for appends)
08-14 08:59:21 QUEUE-DRAINED (idle, waiting for appends)
08-14 09:00:41 QUEUE-DRAINED (idle, waiting for appends)
08-14 09:02:02 QUEUE-DRAINED (idle, waiting for appends)
08-14 09:03:22 QUEUE-DRAINED (idle, waiting for appends)
08-14 09:04:43 QUEUE-DRAINED (idle, waiting for appends)
08-14 09:06:03 QUEUE-DRAINED (idle, waiting for appends)
08-14 09:07:24 QUEUE-DRAINED (idle, waiting for appends)
08-14 09:08:44 QUEUE-DRAINED (idle, waiting for appends)
08-14 09:10:04 QUEUE-DRAINED (idle, waiting for appends)
08-14 09:11:25 QUEUE-DRAINED (idle, waiting for appends)
08-14 09:12:45 QUEUE-DRAINED (idle, waiting for appends)
08-14 09:14:06 QUEUE-DRAINED (idle, waiting for appends)
08-14 09:15:26 QUEUE-DRAINED (idle, waiting for appends)
08-14 09:16:47 QUEUE-DRAINED (idle, waiting for appends)
08-14 09:18:07 QUEUE-DRAINED (idle, waiting for appends)
08-14 09:19:27 QUEUE-DRAINED (idle, waiting for appends)
08-14 09:20:48 QUEUE-DRAINED (idle, waiting for appends)
08-14 09:22:08 QUEUE-DRAINED (idle, waiting for appends)
08-14 09:23:29 QUEUE-DRAINED (idle, waiting for appends)
08-14 09:24:49 QUEUE-DRAINED (idle, waiting for appends)
08-14 09:26:09 QUEUE-DRAINED (idle, waiting for appends)
08-14 09:27:30 QUEUE-DRAINED (idle, waiting for appends)
08-14 09:28:50 QUEUE-DRAINED (idle, waiting for appends)
08-14 09:30:10 QUEUE-DRAINED (idle, waiting for appends)
08-14 09:31:31 QUEUE-DRAINED (idle, waiting for appends)
08-14 09:32:51 QUEUE-DRAINED (idle, waiting for appends)
08-14 09:34:12 QUEUE-DRAINED (idle, waiting for appends)
08-14 09:35:32 QUEUE-DRAINED (idle, waiting for appends)
08-14 09:36:52 QUEUE-DRAINED (idle, waiting for appends)
08-14 09:38:13 QUEUE-DRAINED (idle, waiting for appends)
08-14 09:39:33 QUEUE-DRAINED (idle, waiting for appends)
08-14 09:40:54 QUEUE-DRAINED (idle, waiting for appends)
08-14 09:42:14 QUEUE-DRAINED (idle, waiting for appends)
08-14 09:43:34 QUEUE-DRAINED (idle, waiting for appends)
08-14 09:44:55 QUEUE-DRAINED (idle, waiting for appends)
08-14 09:46:15 QUEUE-DRAINED (idle, waiting for appends)
08-14 09:47:36 QUEUE-DRAINED (idle, waiting for appends)
08-14 09:48:56 QUEUE-DRAINED (idle, waiting for appends)
08-14 09:50:16 QUEUE-DRAINED (idle, waiting for appends)
08-14 09:51:37 QUEUE-DRAINED (idle, waiting for appends)
08-14 09:52:57 QUEUE-DRAINED (idle, waiting for appends)
08-14 09:54:18 QUEUE-DRAINED (idle, waiting for appends)
08-14 09:55:38 QUEUE-DRAINED (idle, waiting for appends)
08-14 09:56:58 QUEUE-DRAINED (idle, waiting for appends)
08-14 09:58:19 QUEUE-DRAINED (idle, waiting for appends)
08-14 09:59:39 QUEUE-DRAINED (idle, waiting for appends)
08-14 10:01:00 QUEUE-DRAINED (idle, waiting for appends)
08-14 10:02:20 QUEUE-DRAINED (idle, waiting for appends)
08-14 10:03:40 QUEUE-DRAINED (idle, waiting for appends)
08-14 10:05:01 QUEUE-DRAINED (idle, waiting for appends)
08-14 10:06:21 QUEUE-DRAINED (idle, waiting for appends)
08-14 10:07:41 QUEUE-DRAINED (idle, waiting for appends)
08-14 10:09:02 QUEUE-DRAINED (idle, waiting for appends)
08-14 10:10:22 QUEUE-DRAINED (idle, waiting for appends)
08-14 10:11:43 QUEUE-DRAINED (idle, waiting for appends)
08-14 10:13:03 QUEUE-DRAINED (idle, waiting for appends)
08-14 10:14:24 QUEUE-DRAINED (idle, waiting for appends)
08-14 10:15:44 QUEUE-DRAINED (idle, waiting for appends)
08-14 10:17:04 QUEUE-DRAINED (idle, waiting for appends)
08-14 10:18:25 QUEUE-DRAINED (idle, waiting for appends)
08-14 10:19:45 QUEUE-DRAINED (idle, waiting for appends)
08-14 10:21:06 QUEUE-DRAINED (idle, waiting for appends)
08-14 10:22:26 QUEUE-DRAINED (idle, waiting for appends)
08-14 10:23:46 QUEUE-DRAINED (idle, waiting for appends)
08-14 10:25:07 QUEUE-DRAINED (idle, waiting for appends)
08-14 10:26:27 QUEUE-DRAINED (idle, waiting for appends)
08-14 10:27:48 QUEUE-DRAINED (idle, waiting for appends)
08-14 10:29:08 QUEUE-DRAINED (idle, waiting for appends)
08-14 10:30:28 QUEUE-DRAINED (idle, waiting for appends)
08-14 10:31:49 QUEUE-DRAINED (idle, waiting for appends)
08-14 10:33:09 QUEUE-DRAINED (idle, waiting for appends)
08-14 10:34:30 QUEUE-DRAINED (idle, waiting for appends)
08-14 10:35:50 QUEUE-DRAINED (idle, waiting for appends)
08-14 10:37:11 QUEUE-DRAINED (idle, waiting for appends)
08-14 10:38:31 QUEUE-DRAINED (idle, waiting for appends)
08-14 10:39:51 QUEUE-DRAINED (idle, waiting for appends)
08-14 10:41:12 QUEUE-DRAINED (idle, waiting for appends)
08-14 10:42:32 QUEUE-DRAINED (idle, waiting for appends)
08-14 10:43:52 QUEUE-DRAINED (idle, waiting for appends)
08-14 10:45:13 QUEUE-DRAINED (idle, waiting for appends)
08-14 10:46:33 QUEUE-DRAINED (idle, waiting for appends)
08-14 10:47:54 QUEUE-DRAINED (idle, waiting for appends)
08-14 10:49:14 QUEUE-DRAINED (idle, waiting for appends)
08-14 10:50:34 QUEUE-DRAINED (idle, waiting for appends)
08-14 10:51:55 QUEUE-DRAINED (idle, waiting for appends)
08-14 10:53:15 QUEUE-DRAINED (idle, waiting for appends)
08-14 10:54:36 QUEUE-DRAINED (idle, waiting for appends)
08-14 10:55:56 QUEUE-DRAINED (idle, waiting for appends)
08-14 10:57:16 QUEUE-DRAINED (idle, waiting for appends)
08-14 10:58:37 QUEUE-DRAINED (idle, waiting for appends)
08-14 10:59:57 QUEUE-DRAINED (idle, waiting for appends)
08-14 11:01:17 QUEUE-DRAINED (idle, waiting for appends)
08-14 11:02:38 QUEUE-DRAINED (idle, waiting for appends)
08-14 11:03:58 QUEUE-DRAINED (idle, waiting for appends)
08-14 11:05:19 QUEUE-DRAINED (idle, waiting for appends)
08-14 11:06:39 QUEUE-DRAINED (idle, waiting for appends)
08-14 11:07:59 QUEUE-DRAINED (idle, waiting for appends)
08-14 11:09:20 QUEUE-DRAINED (idle, waiting for appends)
08-14 11:10:40 QUEUE-DRAINED (idle, waiting for appends)
08-14 11:12:01 QUEUE-DRAINED (idle, waiting for appends)
08-14 11:13:21 QUEUE-DRAINED (idle, waiting for appends)
08-14 11:14:41 QUEUE-DRAINED (idle, waiting for appends)
08-14 11:16:02 QUEUE-DRAINED (idle, waiting for appends)
08-14 11:17:22 QUEUE-DRAINED (idle, waiting for appends)
08-14 11:18:43 QUEUE-DRAINED (idle, waiting for appends)
08-14 11:20:03 QUEUE-DRAINED (idle, waiting for appends)
08-14 11:21:23 QUEUE-DRAINED (idle, waiting for appends)
08-14 11:22:44 QUEUE-DRAINED (idle, waiting for appends)
08-14 11:24:04 QUEUE-DRAINED (idle, waiting for appends)
08-14 11:25:25 QUEUE-DRAINED (idle, waiting for appends)
08-14 11:26:45 QUEUE-DRAINED (idle, waiting for appends)
08-14 11:28:06 QUEUE-DRAINED (idle, waiting for appends)
08-14 11:29:26 QUEUE-DRAINED (idle, waiting for appends)
08-14 11:30:46 QUEUE-DRAINED (idle, waiting for appends)
08-14 11:32:07 QUEUE-DRAINED (idle, waiting for appends)
08-14 11:33:27 QUEUE-DRAINED (idle, waiting for appends)
08-14 11:34:48 QUEUE-DRAINED (idle, waiting for appends)
08-14 11:36:08 QUEUE-DRAINED (idle, waiting for appends)
08-14 11:37:29 QUEUE-DRAINED (idle, waiting for appends)
08-14 11:38:49 QUEUE-DRAINED (idle, waiting for appends)
08-14 11:40:09 QUEUE-DRAINED (idle, waiting for appends)
08-14 11:41:30 QUEUE-DRAINED (idle, waiting for appends)
08-14 11:42:50 QUEUE-DRAINED (idle, waiting for appends)
08-14 11:44:11 QUEUE-DRAINED (idle, waiting for appends)
08-14 11:45:31 QUEUE-DRAINED (idle, waiting for appends)
08-14 11:46:52 QUEUE-DRAINED (idle, waiting for appends)
08-14 11:48:12 QUEUE-DRAINED (idle, waiting for appends)
08-14 11:49:33 QUEUE-DRAINED (idle, waiting for appends)
08-14 11:50:53 QUEUE-DRAINED (idle, waiting for appends)
08-14 11:52:14 QUEUE-DRAINED (idle, waiting for appends)
08-14 11:53:34 QUEUE-DRAINED (idle, waiting for appends)
08-14 11:54:54 QUEUE-DRAINED (idle, waiting for appends)
08-14 11:56:15 QUEUE-DRAINED (idle, waiting for appends)
08-14 11:57:35 QUEUE-DRAINED (idle, waiting for appends)
08-14 11:58:56 QUEUE-DRAINED (idle, waiting for appends)
08-14 12:00:16 QUEUE-DRAINED (idle, waiting for appends)
08-14 12:01:37 QUEUE-DRAINED (idle, waiting for appends)
08-14 12:02:57 QUEUE-DRAINED (idle, waiting for appends)
08-14 12:04:18 QUEUE-DRAINED (idle, waiting for appends)
08-14 12:05:38 QUEUE-DRAINED (idle, waiting for appends)
08-14 12:06:58 QUEUE-DRAINED (idle, waiting for appends)
08-14 12:08:19 QUEUE-DRAINED (idle, waiting for appends)
08-14 12:09:39 QUEUE-DRAINED (idle, waiting for appends)
08-14 12:11:00 QUEUE-DRAINED (idle, waiting for appends)
08-14 12:12:20 QUEUE-DRAINED (idle, waiting for appends)
08-14 12:13:40 QUEUE-DRAINED (idle, waiting for appends)
08-14 12:15:01 QUEUE-DRAINED (idle, waiting for appends)
08-14 12:16:22 QUEUE-DRAINED (idle, waiting for appends)
08-14 12:17:42 QUEUE-DRAINED (idle, waiting for appends)
08-14 12:19:03 QUEUE-DRAINED (idle, waiting for appends)
08-14 12:20:23 QUEUE-DRAINED (idle, waiting for appends)
08-14 12:21:44 QUEUE-DRAINED (idle, waiting for appends)
08-14 12:23:04 QUEUE-DRAINED (idle, waiting for appends)
08-14 12:24:25 QUEUE-DRAINED (idle, waiting for appends)
08-14 12:25:45 QUEUE-DRAINED (idle, waiting for appends)
08-14 12:27:05 QUEUE-DRAINED (idle, waiting for appends)
08-14 12:28:26 QUEUE-DRAINED (idle, waiting for appends)
08-14 12:29:46 QUEUE-DRAINED (idle, waiting for appends)
08-14 12:31:07 QUEUE-DRAINED (idle, waiting for appends)
08-14 12:32:27 QUEUE-DRAINED (idle, waiting for appends)
08-14 12:33:48 QUEUE-DRAINED (idle, waiting for appends)
08-14 12:35:08 QUEUE-DRAINED (idle, waiting for appends)
08-14 12:36:29 QUEUE-DRAINED (idle, waiting for appends)
08-14 12:37:49 QUEUE-DRAINED (idle, waiting for appends)
08-14 12:39:09 QUEUE-DRAINED (idle, waiting for appends)
08-14 12:40:30 QUEUE-DRAINED (idle, waiting for appends)
08-14 12:41:50 QUEUE-DRAINED (idle, waiting for appends)
08-14 12:43:11 QUEUE-DRAINED (idle, waiting for appends)
08-14 12:44:31 QUEUE-DRAINED (idle, waiting for appends)
08-14 12:45:52 QUEUE-DRAINED (idle, waiting for appends)
08-14 12:47:12 QUEUE-DRAINED (idle, waiting for appends)
08-14 12:48:33 QUEUE-DRAINED (idle, waiting for appends)
08-14 12:49:53 QUEUE-DRAINED (idle, waiting for appends)
08-14 12:51:13 QUEUE-DRAINED (idle, waiting for appends)
08-14 12:52:34 QUEUE-DRAINED (idle, waiting for appends)
08-14 12:53:54 QUEUE-DRAINED (idle, waiting for appends)
