config,dataset,tensor,abs_p50,abs_p75,abs_p90,abs_p95,abs_p99,abs_p99_5,abs_p99_9,abs_p99_99,absmax,absmax_over_rms,channel.absmax_top1,channel.absmax_top10_ids,channel.energy_gini,channel.rms_mean,channel.top0.1pct_energy,channel.top0.5pct_energy,channel.top1pct_energy,channel.top5pct_energy,count_rows,dim,excess_kurtosis,kurtosis,max,mean,mean_abs,median_abs,min,p99_9_over_rms,p99_over_rms,rms,row.absmax.max,row.absmax.mean,row.absmax.median,row.absmax.p90,row.absmax.p95,row.absmax.p99,row.kurt.max,row.kurt.mean,row.kurt.median,row.kurt.p90,row.kurt.p95,row.kurt.p99,row.max.max,row.max.mean,row.max.median,row.max.p90,row.max.p95,row.max.p99,row.min.max,row.min.mean,row.min.median,row.min.p90,row.min.p95,row.min.p99,row.range.max,row.range.mean,row.range.median,row.range.p90,row.range.p95,row.range.p99,row.rms.max,row.rms.mean,row.rms.median,row.rms.p90,row.rms.p95,row.rms.p99,skewness,std
R0,gsm8k,A_src1,0.01129150390625,0.0205078125,0.032470703125,0.042724609375,0.09228515625,0.12793457031250455,0.251953125,1.9375015624991647,322.0,510.1026163709653,322.0,788.0;1384.0;4062.0;290.0;2352.0;4055.0;2629.0;133.0;2265.0;2992.0,0.998355390251131,0.04532376068771542,0.9887005566306786,0.9965106431741267,0.9978464117117143,0.998918155880971,20490,4096,227491.8240006941,227494.8240006941,322.0,-0.0003930170990317893,0.017749781694574033,0.01129150390625,-294.0,0.39913648529608964,0.14619534054449795,0.6312455370074593,322.0,2.1567244597212056,0.27734375,0.3671875,0.396484375,0.50390625,1335.7506726655727,36.772640500591265,17.255750540862003,73.84859878878699,97.49267777464607,157.0664912164266,322.0,2.1544368775545997,0.27734375,0.3671875,0.396484375,0.50390625,-0.095703125,-1.9055509642661055,-0.1875,-0.140625,-0.130859375,-0.11669921875,616.0,4.059987841820705,0.462890625,0.5888671875,0.62890625,0.8046875,8.262438110402302,0.07037735449151872,0.022487581602908834,0.02616452248731305,0.02714835069115134,0.030714605369188692,-95.94441374772576,0.6312454146600953
R0,gsm8k,A_src8,0.05126953125,0.0888671875,0.1328125,0.1640625,0.26953125,0.353515625,0.65625,2.7500031249983294,322.0,505.11242318346274,322.0,788.0;1384.0;4062.0;290.0;2352.0;4055.0;2629.0;133.0;709.0;2992.0,0.9861851110665171,0.10269913439154929,0.9699032704453109,0.9807036200476478,0.9831074142463504,0.9861062384096541,20490,4096,218722.60291859636,218725.60291859636,322.0,-0.0001596402117417425,0.0665700813833384,0.05126953125,-294.0,1.0294410798576008,0.42280615779865743,0.6374818460623088,322.0,3.6419472913616397,1.78125,2.5,2.75,3.407968750000009,1334.341788784279,75.55588204252764,47.39456642164522,157.1422882920963,213.37949125769634,388.7080590080062,322.0,3.641195304874329,1.78125,2.5,2.75,3.407968750000009,-0.34765625,-2.4585071033125914,-0.7265625,-0.55078125,-0.51171875,-0.451171875,616.0,6.09970240818692,2.52734375,3.3359375,3.5859375,4.4617968750000045,8.264626872790917,0.13812295862622523,0.09007892084575049,0.10162418730492882,0.10653721652925292,0.12385290792995177,-93.18610684792877,0.6374818260735062
R0,gsm8k,A_src15,0.08203125,0.142578125,0.2109375,0.26171875,0.439453125,0.59375,1.1015625,4.500006249996659,324.0,495.9273421960088,324.0,788.0;1384.0;4062.0;2352.0;290.0;4055.0;133.0;2629.0;2992.0;2265.0,0.9683437907944499,0.15057444463773573,0.9391517082671168,0.9555715326230116,0.9596604906363365,0.9673564993637759,20490,4096,203543.93698617766,203546.93698617766,324.0,0.0002831991680259178,0.10651749035644648,0.08203125,-296.0,1.6860955644684907,0.6726445071017915,0.6533215098915502,324.0,5.502776125549048,3.6640625,5.09375,5.65625,7.1875,1335.8005195040726,123.46770895604772,90.15242350616573,249.79838179706752,332.5552517856849,612.5988771384227,324.0,5.502214876159102,3.6640625,5.09375,5.65625,7.1875,-0.48828125,-2.9433212466447047,-1.1953125,-0.875,-0.8125,-0.6015625,620.0,8.445536122803807,4.8828125,6.4921875,7.1484375,9.048593750000009,8.316665515369799,0.20103750615270552,0.15526518863140548,0.17027497903022998,0.17472505576368155,0.1925309497209483,-88.65736759736005,0.653321448511532
R0,gsm8k,A_src22,0.154296875,0.26953125,0.40234375,0.50390625,0.8671875,1.1953125,2.40625,9.187506249996659,324.0,458.9634496476953,324.0,788.0;1384.0;4062.0;2352.0;290.0;4055.0;133.0;2629.0;2992.0;2265.0,0.9036100232006781,0.2697181325126811,0.8355881548998724,0.8633563905035864,0.8733015722302568,0.8990550342980234,20490,4096,149319.35647278023,149322.35647278023,324.0,-0.0003150479943771932,0.20224109919380623,0.154296875,-296.0,3.4085827182554533,1.2284177978128419,0.7059385671096586,324.0,9.66795311737433,8.1875,10.6875,11.25,12.75,1337.6013640797003,159.95534065992072,126.61889732085825,321.9304257374933,393.3146154243719,577.3775621364616,324.0,5.671986334797462,3.71875,5.15625,5.84375,7.625,-0.79296875,-9.449069858772573,-8.1875,-4.0625,-2.265625,-1.015625,620.0,15.121056193570034,11.9375,15.5,16.5,19.319375000000036,8.313880333277854,0.3538740224986386,0.3146741640230375,0.3529657286283649,0.36200173187841583,0.3845464365989939,-70.69894975456191,0.7059384968094595
R0,gsm8k,A_src29,0.3125,0.5390625,0.79296875,0.97265625,1.4765625,1.859375,3.421875,24.375012499993318,324.0,365.8418574692206,324.0,788.0;1384.0;4062.0;2352.0;290.0;1658.0;133.0;1951.0;761.0;2219.0,0.754461326781671,0.507939086072725,0.6614018851112078,0.6913585970029991,0.7045087296736606,0.7434473044758972,20490,4096,60396.487624090405,60399.487624090405,324.0,-0.004779277127130735,0.3942585080175073,0.3125,-296.0,3.863781191442868,1.6672480483623335,0.885628567057172,324.0,22.639547873962908,22.0,28.0,29.75,33.5,1578.9576339711787,403.7102802223357,372.91965857119067,755.850852834091,869.5691545809029,1209.3128968156573,324.0,6.148097776354319,4.34375,5.65625,6.09375,7.09375,-1.203125,-22.456170311737434,-22.0,-11.9375,-7.139062500000023,-1.4453125,620.0,28.604268088091754,26.46875,32.875,34.71875,38.90968750000002,8.32692185401322,0.6583273667619598,0.6245490886584888,0.7034229660090268,0.7240697254007976,0.7684137021348423,-39.634097743913706,0.8856156713258194
R0,gsm8k,B_concat,0.07470703125,0.19140625,0.404296875,0.5859375,1.0234375,1.2421875,2.171890625000742,6.750006249996659,324.0,456.89394009019225,324.0,8980.0;13076.0;17172.0;4884.0;788.0;9576.0;17768.0;13672.0;1384.0;16350.0,0.9588609775725913,0.21525091166048133,0.8468027281275566,0.8710065553210746,0.879268323134888,0.9056734392808079,20490,20480,145176.17105766173,145179.17105766173,324.0,-0.0010727566528511085,0.1574673921291345,0.07470703125,-296.0,3.062727361424504,1.4432172586760992,0.7091361289143853,324.0,22.648665888848218,22.0,28.0,29.75,33.5,4477.211765207123,1147.1058427824942,1070.4600979928468,2144.206746044568,2476.258346551611,3206.1389274467097,324.0,6.595547370668619,4.75,6.0,6.46875,7.78125,-1.203125,-22.468746949731575,-22.0,-11.9375,-7.15625,-1.5625,620.0,29.064294320400194,26.90625,33.3125,35.0,39.0,8.296950111766595,0.363925193322953,0.3236103430119893,0.3603061007326389,0.36966028567316905,0.39027661918228945,-70.33151195083745,0.7091353174993072
R0,gsm8k,C_Zt_fp,2.28125,3.96875,5.96875,7.59375,67.0,121.0,254.0,596.0007999995723,1552.0,80.59491409574277,1552.0,432.0;2017.0;2117.0;2062.0;3960.0;977.0;2910.0;3230.0;4030.0;3447.0,0.7525191318440307,13.771352736500758,0.07287868691973454,0.19829779199174066,0.2800799091710246,0.5161061597255443,42995,4096,726.398316006219,729.398316006219,1552.0,0.03336098706801688,4.462884355963506,2.28125,-1320.0,13.190147023401199,3.4792907502672454,19.256798241093737,1552.0,168.09911617629956,132.0,225.0,249.0,1544.0,570.9793608372908,260.4306552899594,246.13973075731235,411.8242270831143,454.5209100412207,519.8775051913516,1552.0,146.0524595883242,103.5,225.0,249.0,1544.0,-64.5,-155.50465170368648,-130.0,-105.5,-95.5,-85.0,2872.0,301.5571112920107,237.5,389.0,455.0,2856.0,143.66611451023115,7.412993057825804,4.730623865448805,7.249965674392077,7.932045954576315,143.59885270304258,2.253425104492175,19.256769343343464
R0,gsm8k,C_Ht_fp,0.515625,0.91015625,1.3671875,1.671875,2.359375,2.6875781250000728,5.625,21.25,27.125,28.659171049881376,27.125,3573.0;604.0;2361.0;3230.0;1601.0;494.0;707.0;3510.0;2117.0;3331.0,0.35496298029982765,0.8325679808526523,0.21381818652925716,0.25277877972177754,0.26362989161676087,0.3107636946886854,42995,4096,79.18077563805168,82.18077563805168,22.375,-0.001551678717900967,0.6545387687815849,0.515625,-27.125,5.943146070251898,2.4928196016889905,0.9464684080634731,27.125,19.46137923014304,20.375,23.375,24.25,25.625,237.00630561553902,83.6365265740731,78.36643212277463,134.02280357718863,159.59170140774663,201.52565727440455,22.375,14.682723281776951,15.1875,18.25,19.75,21.25,-6.8125,-19.46137923014304,-20.375,-14.0,-12.5,-6.84375,48.5,34.14410251191999,35.5,41.375,44.125,46.375,1.1302465013849516,0.9384411319524663,0.9897179358567866,1.0385795112240608,1.0514203145007537,1.0800722833294112,-0.823409136134387,0.9464671361200881
R0,gsm8k,S4_kctx_lin_l0,6.15625,12.0625,20.125,28.25,59.5,74.5,112.0,171.0,348.0,23.312041952818937,348.0,130.0;135.0;386.0;420.0;932.0;519.0;258.0;559.0;36.0;134.0,0.6252665900329191,12.303063105046952,0.02924051054031404,0.09572718495513274,0.14684100501449818,0.3697321598716958,42995,1024,21.10371814223753,24.10371814223753,192.0,-0.011828981309345897,9.381976724337344,6.15625,-348.0,7.50272614573483,3.9858232649216285,14.927907246577307,348.0,87.07591289684846,58.75,153.0,193.0,324.0,40.62236291048716,7.703061352284805,4.853133627333269,12.15693424384549,22.432688003739596,39.25114731665646,192.0,73.90859111524595,57.25,139.0,155.0,171.0,-29.125,-79.98305616932201,-52.0,-39.75,-37.5,-34.0,518.0,153.89164728456797,105.5,282.0,369.0,495.0,28.737189478148554,13.988792983333889,11.18442225135493,22.51516767276115,25.469260716382248,27.677861570019683,-0.48090118376941543,14.927902559891542
R0,gsm8k,S4_vctx_lin_l0,3.125,5.4375,8.125,10.0,14.125,15.8125,19.75,24.75,37.75,7.590125335766206,37.75,36.0;101.0;46.0;64.0;474.0;103.0;115.0;72.0;33.0;80.0,0.2258011534340365,4.867483298334114,0.006324879135069199,0.02388985634395426,0.03791427280065615,0.11700448886907071,42995,1024,0.7938545764494904,3.7938545764494904,37.0,-0.04219838017126664,3.857960763512865,3.125,-37.75,3.970992725334638,2.8400137845747726,4.973567408974706,37.75,20.382697115943714,19.75,24.75,27.625,33.5,6.9808109921957255,3.6836323125688075,3.607903617616818,4.167926943919223,4.327287988402705,5.997078442139208,37.0,18.703910338411443,18.375,22.625,24.125,27.875,-11.8125,-19.22032358413769,-18.5,-15.3125,-14.8125,-13.8125,64.5,37.924233922549135,37.125,45.125,48.75,56.5,6.880006669769269,4.953159004533765,4.959079890914027,5.523003627901335,5.6929143702129315,6.07942770552367,-0.00989582620098542,4.973388389048887
R0,gsm8k,S4_kdraft_lin_l0,7.875,15.375,25.0,32.5,53.25,66.5,94.0,113.0,132.0,8.220808421057281,132.0,269.0;964.0;898.0;904.0;909.0;259.0;8.0;263.0;902.0;776.0,0.685404664807024,12.550440767926979,0.03335540452769045,0.11510928266872233,0.17851236184211605,0.4114677316274642,3600,1024,4.356048517451988,7.356048517451988,132.0,-0.29989480314983263,11.317124599979984,7.875,-109.0,5.85421205741958,3.316348851676517,16.05681500397055,132.0,92.31399305555556,95.0,113.0,117.5,123.5,9.775603818246012,6.6541838870839864,6.617632244118367,8.479731487431746,8.744831578695996,9.638258093370176,132.0,91.9004861111111,95.0,113.0,117.5,123.5,-21.875,-79.68788194444444,-77.5,-55.75,-52.25,-33.75,236.5,171.58836805555555,172.0,213.0,217.5,229.0,19.69427455400743,15.890926729273508,16.47194436151964,18.20444792928101,18.924459079751497,19.279352632440894,-0.31017956572029237,16.05401417648488
R0,gsm8k,S4_vdraft_lin_l0,2.0,3.53125,5.25,6.40625,8.875,9.8125,11.875,14.875,20.125,6.342256058063942,20.125,932.0;944.0;916.0;38.0;956.0;58.0;950.0;18.0;993.0;296.0,0.22646764679673237,3.109411151149506,0.003086721227793528,0.013823027690048352,0.0260884493813586,0.10900605057896225,3600,1024,0.5643238885835942,3.564323888583594,19.75,0.03960569213222091,2.469406532210867,2.0,-20.125,3.7423250032054316,2.7968955287114277,3.173161066937973,20.125,12.00185763888889,11.875,14.375,15.0625,17.25,4.276522985214636,3.411296403440495,3.373793786311544,3.797955823805439,3.877544571918552,3.94230978874565,19.75,11.380902777777777,11.1875,13.5,14.875,16.75124999999997,-8.0,-10.975243055555556,-11.3125,-8.0,-8.0,-8.0,35.875,22.356145833333333,22.5625,26.3125,27.5625,31.3125,3.863297320720136,3.143299734282192,3.335846452213318,3.580068485253367,3.6574117382863576,3.7164209416698175,0.004388282086879194,3.1729138888223334
R0,gsm8k,S4_k_stored_ctx_l0,0.6938580870628357,1.3761488497257233,2.128958463668825,2.65500807762146,3.950965387821198,4.89117991924286,9.425897608757472,13.244717371558755,16.42310333251953,12.09176497389071,16.42310333251953,224.0;352.0;992.0;736.0;608.0;96.0;604.0;415.0;31.0;799.0,0.4482306288807313,1.2202684070941956,0.039616114541991425,0.13586845274752193,0.16992104322353174,0.2853967609759897,42995,1024,7.488715033384855,10.488715033384855,15.288473129272461,-0.016672775337236632,0.9547814541247197,0.6938580870628357,-16.42310333251953,6.939963552891337,2.9089596480168813,1.3582056356521415,16.42310333251953,9.373110107089603,9.453544616699219,13.238582992553711,13.87280559539795,14.939460372924783,25.14364978914139,8.972600347391284,7.916232073030852,13.753714805951002,15.235673776011641,18.2994351014914,15.288473129272461,8.191102797764097,8.466483116149902,11.426660537719718,12.079974174499512,13.396499633789062,-3.7397713661193848,-8.89568430402831,-8.179220199584961,-5.433213233947754,-4.778816223144531,-4.410857200622559,30.815340995788574,17.086787101792407,17.151291370391846,24.103986930847167,25.124393463134766,27.025744438171387,1.6466531295035367,1.3480823703805942,1.3931825228090933,1.5364995372324115,1.5618219389123347,1.5971718402686796,-0.2166948190563026,1.3581032977206822
R0,gsm8k,S4_k_stored_draft_l0,0.7306482195854187,1.3071591556072235,1.9521440625190745,2.417431592941284,3.5211565494537354,4.279328680038453,6.5682192745209464,7.2042289558887065,8.461584091186523,6.898648364498645,8.461584091186523,149.0;287.0;31.0;144.0;208.0;528.0;661.0;224.0;592.0;96.0,0.5582899608661809,1.0568270948966885,0.029324741680688146,0.09513593565538588,0.13570619427984432,0.31719966204858335,3600,1024,2.222832639555506,5.222832639555506,8.461584091186523,-0.008686105657784972,0.9266470260735844,0.7306482195854187,-7.701771259307861,5.355006186493925,2.8707651675215433,1.2265568041894919,8.461584091186523,6.799504159026676,6.874148845672607,7.354494094848633,7.488901543617248,8.25001335144043,7.066835894365814,5.216678872853067,5.277710401797017,6.15529300002648,6.355909247537878,6.8973451934826855,8.461584091186523,6.161751116315524,6.131144046783447,6.862577629089355,7.358233404159543,8.25001335144043,-3.6823670864105225,-6.705190264251497,-6.867396354675293,-6.027616834640503,-5.735588383674622,-4.834174637794496,15.226632118225098,12.86694138056702,13.062996864318848,13.904584217071532,14.270275592803955,14.916167545318602,1.3762563915408905,1.2261911935110952,1.2232733830749547,1.263365450536169,1.265339897702509,1.3229461613735949,0.012447995973871202,1.226526047612541
R0,gsm8k,S4_v_stored_ctx_l0,3.125,5.4375,8.125,10.0,14.125,15.8125,19.75,24.75,37.75,7.590125335766206,37.75,36.0;101.0;46.0;64.0;474.0;103.0;115.0;72.0;33.0;80.0,0.2258011534340365,4.867483298334114,0.006324879135069199,0.02388985634395426,0.03791427280065615,0.11700448886907071,42995,1024,0.7938545764494904,3.7938545764494904,37.0,-0.04219838017126664,3.857960763512865,3.125,-37.75,3.970992725334638,2.8400137845747726,4.973567408974706,37.75,20.382697115943714,19.75,24.75,27.625,33.5,6.9808109921957255,3.6836323125688075,3.607903617616818,4.167926943919223,4.327287988402705,5.997078442139208,37.0,18.703910338411443,18.375,22.625,24.125,27.875,-11.8125,-19.22032358413769,-18.5,-15.3125,-14.8125,-13.8125,64.5,37.924233922549135,37.125,45.125,48.75,56.5,6.880006669769269,4.953159004533765,4.959079890914027,5.523003627901335,5.6929143702129315,6.07942770552367,-0.00989582620098542,4.973388389048887
R0,gsm8k,S4_v_stored_draft_l0,2.0,3.53125,5.25,6.40625,8.875,9.8125,11.875,14.875,20.125,6.342256058063942,20.125,932.0;944.0;916.0;38.0;956.0;58.0;950.0;18.0;993.0;296.0,0.22646764679673237,3.109411151149506,0.003086721227793528,0.013823027690048352,0.0260884493813586,0.10900605057896225,3600,1024,0.5643238885835942,3.564323888583594,19.75,0.03960569213222091,2.469406532210867,2.0,-20.125,3.7423250032054316,2.7968955287114277,3.173161066937973,20.125,12.00185763888889,11.875,14.375,15.0625,17.25,4.276522985214636,3.411296403440495,3.373793786311544,3.797955823805439,3.877544571918552,3.94230978874565,19.75,11.380902777777777,11.1875,13.5,14.875,16.75124999999997,-8.0,-10.975243055555556,-11.3125,-8.0,-8.0,-8.0,35.875,22.356145833333333,22.5625,26.3125,27.5625,31.3125,3.863297320720136,3.143299734282192,3.335846452213318,3.580068485253367,3.6574117382863576,3.7164209416698175,0.004388282086879194,3.1729138888223334
R0,gsm8k,S4_kctx_lin_l1,6.625,12.875,21.25,27.25,39.5,44.5,55.75,70.5,98.5,7.689573253272112,98.5,783.0;23.0;782.0;786.0;85.0;798.0;856.0;90.0;779.0;211.0,0.537927703762005,11.21720629498845,0.011731355393481267,0.04943488088260387,0.08354297358737475,0.26628310173624264,42995,1024,1.8625411155308793,4.862541115530879,98.5,0.3719276024212562,9.304125789876675,6.625,-81.5,4.352220394618479,3.0836359746624207,12.809553502606365,98.5,53.71770263984184,53.5,67.5,73.5,79.5,20.614110394269566,5.0479223933432396,4.038245532888343,8.087790149462775,14.22701242627422,20.09989174474563,98.5,50.53496336783347,50.5,66.0,71.0,79.5,-27.375,-48.391190836143736,-48.25,-35.75,-33.5,-28.5,171.5,98.9261542039772,98.25,122.0,128.0,140.0,21.324652404468214,12.409768598703295,13.45401884856393,15.662270871960382,16.1691905288939,17.319813201981237,0.13753917682912303,12.804152872981959
R0,gsm8k,S4_vctx_lin_l1,3.421875,6.0625,9.0625,11.0625,15.3125,17.0,21.125,28.125037499979953,60.0,10.867413094051154,60.0,870.0;867.0;350.0;836.0;693.0;874.0;858.0;343.0;278.0;333.0,0.16030580757012225,5.460114734879006,0.005791818347389289,0.016396144850849108,0.02704819588460017,0.09636460959898471,42995,1024,0.7037457824750653,3.7037457824750653,52.0,-0.014706304813578685,4.278741752613561,3.421875,-60.0,3.826235026863843,2.773454383377638,5.521093150755826,60.0,20.657788696360043,21.125,27.25,30.25,36.5,10.262490686214582,3.243617840634667,3.177306791624435,3.565202542611633,3.7964368836633637,4.4304027103823085,52.0,19.049292068845215,19.5,24.75,27.0,34.25,-8.0625,-19.167150250029074,-19.75,-10.8125,-9.5625,-8.3125,96.0,38.216442318874286,39.875,49.0,52.0,60.125,7.739257641308689,5.4103704440996365,5.79969911871451,6.422048462328539,6.564727358167599,6.870726374611952,-0.0023976383967334826,5.521073564436687
R0,gsm8k,S4_kdraft_lin_l1,5.15625,12.0,21.625,27.875,40.75,46.0,60.0,77.50004999997327,91.0,7.206312141470473,91.0,783.0;256.0;786.0;23.0;529.0;856.0;85.0;597.0;528.0;848.0,0.7344390955840038,9.331503975678583,0.02198577910126078,0.07858051537641493,0.12852915581853583,0.3924172612180816,3600,1024,2.8662920773128473,5.866292077312847,91.0,0.34810487114203476,8.605619059742118,5.15625,-77.5,4.751414598771741,3.2270024149991405,12.627818253433459,91.0,60.03388888888889,60.0,73.5,77.5,85.0,7.152794406925255,5.244308343233712,5.236979495489164,5.688753027534372,5.910698209678919,6.322919907216357,91.0,60.03388888888889,60.0,73.5,77.5,85.0,-23.375,-43.385416666666664,-42.5,-33.75,-31.625,-28.625,168.5,103.41930555555555,102.75,125.0,134.5,155.5,19.363065814654846,12.499037205450442,12.377389376420012,14.713113990245567,15.677215853026352,17.569926499608872,0.3698312997984615,12.6230193234596
R0,gsm8k,S4_vdraft_lin_l1,2.03125,3.734375,6.0625,8.0625,12.4375,14.25,17.625,23.000012499993318,31.125,8.166269064529395,31.125,273.0;277.0;747.0;262.0;333.0;337.0;358.0;278.0;741.0;375.0,0.46814628367168265,3.4696935484283875,0.0064515856532517705,0.026321687325013374,0.04880356890503026,0.19303029863162333,3600,1024,2.564897990226748,5.564897990226748,31.125,-0.006456140578051822,2.7758474089197502,2.03125,-29.375,4.624272843769657,3.263227999681425,3.811410052014208,31.125,18.756944444444443,18.25,23.125,24.5,26.75124999999997,10.836937027626448,5.406045785518902,5.212293341247282,6.496032169275916,7.346393480441735,8.548078347290202,31.125,17.22206597222222,16.75,21.625,23.75,26.37624999999997,-7.21875,-17.299878472222222,-17.0,-14.0,-13.1875,-11.436875000000015,55.125,34.52194444444444,34.0,40.75,42.5,48.87624999999997,5.220894233468501,3.790523425010748,3.8656368513590973,4.18392797690769,4.304419973338,4.630532993871567,-0.015270991602883597,3.811404583987875
R0,gsm8k,S4_k_stored_ctx_l1,0.5279251933097839,1.2932549715042114,2.523252654075623,3.2353871703147887,4.585533986091618,5.1191224455833435,6.584127459526086,10.649879506969425,15.634848594665527,10.964921093522456,15.634848594665527,990.0;222.0;605.0;670.0;93.0;456.0;477.0;798.0;734.0;440.0,0.6554329431544585,1.132452534079981,0.013260446099747436,0.05499873764542865,0.09509662126510408,0.280738583634889,42995,1024,3.493105871149921,6.493105871149921,11.172211647033691,0.021517734322102158,0.9464234266436665,0.5279251933097839,-15.634848594665527,4.617533558209838,3.2158941626281683,1.4258970457983358,15.634848594665527,6.985308487751634,6.255941867828369,10.01882553100586,11.734040260314941,14.759716033935547,33.67405887572566,6.923621121406519,5.165400632276819,12.286601247563194,19.091053831684242,28.27969780937614,11.172211647033691,6.087713724109292,5.891776084899902,7.182945728302002,8.189334487915037,10.029574832916259,-3.853537082672119,-6.712072952875829,-5.9673357009887695,-5.153299808502197,-4.9198689460754395,-4.499078750610352,25.363649368286133,12.79978667698512,11.815121173858643,17.346186637878418,20.499767303466797,23.818428993225098,1.5830046302541994,1.4226286918824689,1.455670463081581,1.5240956775865797,1.537141994983078,1.5539721478634332,-0.0876954623033594,1.4257346780961964
R0,gsm8k,S4_k_stored_draft_l1,0.37154538929462433,1.5301111936569214,2.9002315998077393,3.626343274116516,4.839796509742738,5.217623779773712,6.137512683868408,8.076280849552019,9.567482948303223,6.115948510039956,9.567482948303223,256.0;320.0;844.0;87.0;792.0;986.0;847.0;783.0;211.0;147.0,0.737553202055937,1.091289075108,0.01197690312951976,0.055131526511949705,0.0995091830847877,0.3281020472091464,3600,1024,2.2425182532863364,5.242518253286336,9.4407320022583,0.0024023284265544957,0.983305529878785,0.37154538929462433,-9.567482948303223,3.923363308519238,3.093807055899397,1.5643498195900798,9.567482948303223,6.990777624448141,6.943162679672241,8.056172275543213,8.371208333969117,8.96186406135559,6.126180537109585,5.2395666268599275,5.2250533007838005,5.567412323081286,5.662482865960373,5.8837564339074175,9.4407320022583,6.337447663942973,6.058706521987915,7.761437559127807,8.048859548568725,8.711236915588378,-4.682271480560303,-6.299494522677527,-6.005898714065552,-5.314163780212402,-5.185303997993469,-4.985747919082644,15.74394416809082,12.6369421866205,12.603581666946411,13.776950645446776,14.161608815193174,14.784733915328976,1.6185402083102371,1.5642381548025162,1.566310866883672,1.5859751965838003,1.592293181170335,1.6023007489534389,-0.04350031878141035,1.5643479749945812
R0,gsm8k,S4_v_stored_ctx_l1,3.421875,6.0625,9.0625,11.0625,15.3125,17.0,21.125,28.125037499979953,60.0,10.867413094051154,60.0,870.0;867.0;350.0;836.0;693.0;874.0;858.0;343.0;278.0;333.0,0.16030580757012225,5.460114734879006,0.005791818347389289,0.016396144850849108,0.02704819588460017,0.09636460959898471,42995,1024,0.7037457824750653,3.7037457824750653,52.0,-0.014706304813578685,4.278741752613561,3.421875,-60.0,3.826235026863843,2.773454383377638,5.521093150755826,60.0,20.657788696360043,21.125,27.25,30.25,36.5,10.262490686214582,3.243617840634667,3.177306791624435,3.565202542611633,3.7964368836633637,4.4304027103823085,52.0,19.049292068845215,19.5,24.75,27.0,34.25,-8.0625,-19.167150250029074,-19.75,-10.8125,-9.5625,-8.3125,96.0,38.216442318874286,39.875,49.0,52.0,60.125,7.739257641308689,5.4103704440996365,5.79969911871451,6.422048462328539,6.564727358167599,6.870726374611952,-0.0023976383967334826,5.521073564436687
R0,gsm8k,S4_v_stored_draft_l1,2.03125,3.734375,6.0625,8.0625,12.4375,14.25,17.625,23.000012499993318,31.125,8.166269064529395,31.125,273.0;277.0;747.0;262.0;333.0;337.0;358.0;278.0;741.0;375.0,0.46814628367168265,3.4696935484283875,0.0064515856532517705,0.026321687325013374,0.04880356890503026,0.19303029863162333,3600,1024,2.564897990226748,5.564897990226748,31.125,-0.006456140578051822,2.7758474089197502,2.03125,-29.375,4.624272843769657,3.263227999681425,3.811410052014208,31.125,18.756944444444443,18.25,23.125,24.5,26.75124999999997,10.836937027626448,5.406045785518902,5.212293341247282,6.496032169275916,7.346393480441735,8.548078347290202,31.125,17.22206597222222,16.75,21.625,23.75,26.37624999999997,-7.21875,-17.299878472222222,-17.0,-14.0,-13.1875,-11.436875000000015,55.125,34.52194444444444,34.0,40.75,42.5,48.87624999999997,5.220894233468501,3.790523425010748,3.8656368513590973,4.18392797690769,4.304419973338,4.630532993871567,-0.015270991602883597,3.811404583987875
R0,gsm8k,S4_kctx_lin_l2,6.0625,11.875,19.0,24.0,34.5,39.0,48.25,61.5,93.0,8.126982708222503,93.0,414.0;1008.0;30.0;1003.0;787.0;1020.0;943.0;86.0;1000.0;416.0,0.45261526888506975,10.417487717038387,0.008593070826602106,0.03477626150005083,0.06276082501883197,0.20989890039620926,42995,1024,1.6430310988143928,4.643031098814393,93.0,-0.14193807875161144,8.384806300714267,6.0625,-83.5,4.2164184480831794,3.014848424018025,11.443361372715477,93.0,46.476200721014074,48.0,60.75,64.5,73.0,7.3959698513515,4.119152718808045,3.953876431067839,5.105183681236137,5.471402234827075,6.234717447147628,93.0,44.27125973950459,46.25,59.5,63.25,72.0,-19.5,-42.02955866961275,-43.25,-26.0,-23.0,-20.375,157.5,86.30081840911734,90.0,111.75,117.25,131.0,16.718395787722084,11.117838512919395,12.114280698067336,13.667899118898118,14.028692980402727,14.682818274005843,0.03923172104987086,11.442481072230663
R0,gsm8k,S4_vctx_lin_l2,4.5,8.3125,12.75,15.8125,22.125,24.625,30.25,37.0,57.25,7.438664857366822,57.25,450.0;960.0;331.0;397.0;330.0;402.0;349.0;421.0;467.0;800.0,0.17129006442521666,7.607979733625979,0.0022417323284920606,0.01069780351405008,0.02010624853402823,0.08674932898294185,42995,1024,0.9848088366881802,3.98480883668818,57.25,0.07995795830581712,5.83293465105716,4.5,-52.25,3.9304735709230805,2.8747678597247326,7.6962736052428715,57.25,27.528811489708104,29.0,36.75,38.75,44.5,7.998448236489611,3.3195587615318223,3.2359393031771773,3.676171072357278,3.873846156022169,4.23958341687644,57.25,25.79147793348064,27.25,34.5,36.75,42.25,-8.625,-25.72036719385975,-27.0,-12.75,-11.25,-8.75,95.75,51.511845127340386,54.875,68.0,71.25,79.75,11.756478829210453,7.4119629879630144,8.219430745804496,9.318942717841484,9.567954898273992,10.084003759288805,0.012624425805521115,7.695858245294132
R0,gsm8k,S4_kdraft_lin_l2,8.875,15.6875,23.625,29.5,42.25,47.75,59.5,75.00004999997327,99.0,6.8209674161487275,99.0,384.0;787.0;86.0;606.0;89.0;542.0;1000.0;68.0;222.0;65.0,0.570932400042401,12.463144622963167,0.017922723844360396,0.05425127671326979,0.09145347656811306,0.29718321275982285,3600,1024,1.039979583197952,4.039979583197952,89.0,-0.24747065231824913,11.135435518152597,8.875,-99.0,4.099470315766155,2.9109684174978154,14.514070213209967,99.0,63.31180555555556,63.0,74.5,77.0,82.5,6.314399577083528,3.912680707307533,3.80166745299747,4.620461270652025,4.88150691938529,5.216035149636966,89.0,51.44083333333333,51.0,60.0,63.0,69.0,-33.5,-62.96625,-62.75,-51.25,-48.48750000000007,-44.24750000000006,155.0,114.40708333333333,115.25,129.5,133.01249999999993,142.25249999999994,20.96106933516847,14.434215888573716,14.317777962287366,16.492984121769087,17.15586725374944,18.455262220824157,-0.024556760594872724,14.511960323479045
R0,gsm8k,S4_vdraft_lin_l2,4.5,7.9375,11.875,14.6875,21.625,24.5,31.5,40.75,59.75,8.158700980212323,59.75,508.0;426.0;447.0;451.0;468.0;427.0;455.0;438.0;497.0;498.0,0.30066657556183674,7.045154553272488,0.006024367728707542,0.02388084244283466,0.04253638349975079,0.15958111882892284,3600,1024,1.2549914119959542,4.254991411995954,54.75,0.06385161405015323,5.614131264324404,4.5,-59.75,4.301239847308589,2.9528352920015313,7.323469771096459,59.75,32.28309027777778,32.0,40.75,43.75,49.0,6.650396399888303,4.007601878762945,3.8646769054589933,4.847997903486903,5.227599290753891,5.85191975957123,54.75,29.4215625,28.75,38.0,41.25,46.75249999999994,-13.5,-29.94703125,-29.875,-22.0,-19.75,-16.74875000000003,97.0,59.36859375,59.25,73.75,78.25624999999997,85.0,9.1145449278656,7.258661945513547,7.553357984051314,8.247462315209987,8.38935908483906,8.582925576257278,-0.04936853904305368,7.323191412188187
R0,gsm8k,S4_k_stored_ctx_l2,0.9467438757419586,1.8559439182281494,2.9276118993759157,3.668423974514007,5.185124001502994,5.806981673240664,7.153282156467528,8.490944862365723,11.486627578735352,6.570715899493245,11.486627578735352,759.0;696.0;303.0;751.0;943.0;314.0;1021.0;1003.0;754.0;701.0,0.4744556919505346,1.571799067134217,0.006948932800421697,0.028648192256146843,0.052937028016774176,0.19820975879234567,42995,1024,1.3024798547183618,4.302479854718362,11.486627578735352,-0.05325590764296313,1.290090286612371,0.9467438757419586,-10.059490203857422,4.091904649722903,2.9660556576755295,1.74815465383631,11.486627578735352,7.369495000083969,7.31363582611084,8.44855785369873,8.9371919631958,10.12551498413086,5.970564863113315,4.2451453370300065,4.15139836172843,4.963154129391974,5.221076376876983,5.348437170154995,11.486627578735352,6.921740540472182,6.834397792816162,8.258522033691406,8.824806213378906,10.12551498413086,-4.450382709503174,-6.843579717175408,-6.799219608306885,-5.899454593658448,-5.678919315338135,-5.233229436874394,20.28806495666504,13.76532025764759,13.71597146987915,15.507825374603271,16.06426763534546,17.02775812149048,1.8782986101069647,1.7474543776299736,1.7282612476816828,1.833602474070878,1.860185995836028,1.8779394628321633,-0.05738198866868592,1.7473432696613087
R0,gsm8k,S4_k_stored_draft_l2,1.0615842938423157,1.805609107017517,2.6215172529220583,3.1853830218315125,4.422603626251224,4.912430880069733,5.904713400840817,6.796741962432861,8.285174369812012,5.138900370594337,8.285174369812012,759.0;748.0;384.0;448.0;222.0;606.0;687.0;300.0;861.0;1000.0,0.4918785398547595,1.447333169280347,0.009690597046784143,0.04349113113239404,0.07788004163691317,0.23885849194921321,3600,1024,0.3759407694148984,3.3759407694148984,8.285174369812012,-0.09097061853996234,1.2708435234478035,1.0615842938423157,-8.012502670288086,3.662413430234506,2.743131091693602,1.6122465454324022,8.285174369812012,6.156548197666804,6.094228982925415,6.913848781585693,7.11786687374115,7.529504332542416,4.257872292392015,3.373896430878861,3.348594704992822,3.66354805426853,3.7641968948574633,3.883340972092917,8.285174369812012,5.7315168439017405,5.671575546264648,6.5481603145599365,6.801677250862122,7.3648215198516835,-4.530580520629883,-5.9311386509736375,-5.8798089027404785,-5.251515865325928,-5.094218778610229,-4.834840202331545,15.01960277557373,11.662655494875379,11.592115879058838,12.845592069625855,13.184867334365844,13.742955212593078,1.6700777777925728,1.6121367645031495,1.6136090558066858,1.635342275229483,1.6412793762904734,1.6484400898313032,-0.02359990418573008,1.609678001906335
R0,gsm8k,S4_v_stored_ctx_l2,4.5,8.3125,12.75,15.8125,22.125,24.625,30.25,37.0,57.25,7.438664857366822,57.25,450.0;960.0;331.0;397.0;330.0;402.0;349.0;421.0;467.0;800.0,0.17129006442521666,7.607979733625979,0.0022417323284920606,0.01069780351405008,0.02010624853402823,0.08674932898294185,42995,1024,0.9848088366881802,3.98480883668818,57.25,0.07995795830581712,5.83293465105716,4.5,-52.25,3.9304735709230805,2.8747678597247326,7.6962736052428715,57.25,27.528811489708104,29.0,36.75,38.75,44.5,7.998448236489611,3.3195587615318223,3.2359393031771773,3.676171072357278,3.873846156022169,4.23958341687644,57.25,25.79147793348064,27.25,34.5,36.75,42.25,-8.625,-25.72036719385975,-27.0,-12.75,-11.25,-8.75,95.75,51.511845127340386,54.875,68.0,71.25,79.75,11.756478829210453,7.4119629879630144,8.219430745804496,9.318942717841484,9.567954898273992,10.084003759288805,0.012624425805521115,7.695858245294132
R0,gsm8k,S4_v_stored_draft_l2,4.5,7.9375,11.875,14.6875,21.625,24.5,31.5,40.75,59.75,8.158700980212323,59.75,508.0;426.0;447.0;451.0;468.0;427.0;455.0;438.0;497.0;498.0,0.30066657556183674,7.045154553272488,0.006024367728707542,0.02388084244283466,0.04253638349975079,0.15958111882892284,3600,1024,1.2549914119959542,4.254991411995954,54.75,0.06385161405015323,5.614131264324404,4.5,-59.75,4.301239847308589,2.9528352920015313,7.323469771096459,59.75,32.28309027777778,32.0,40.75,43.75,49.0,6.650396399888303,4.007601878762945,3.8646769054589933,4.847997903486903,5.227599290753891,5.85191975957123,54.75,29.4215625,28.75,38.0,41.25,46.75249999999994,-13.5,-29.94703125,-29.875,-22.0,-19.75,-16.74875000000003,97.0,59.36859375,59.25,73.75,78.25624999999997,85.0,9.1145449278656,7.258661945513547,7.553357984051314,8.247462315209987,8.38935908483906,8.582925576257278,-0.04936853904305368,7.323191412188187
R0,gsm8k,S4_kctx_lin_l3,6.125,12.375,20.375,26.25,39.0,44.0,57.25,74.0,112.0,9.061372761883025,112.0,949.0;699.0;1016.0;1019.0;946.0;1021.0;947.0;939.0;698.0;555.0,0.5096856261289792,10.954464206617626,0.009714257635967545,0.03725070509500615,0.06784058622109175,0.22837227175660588,42995,1024,2.385659964923665,5.385659964923665,104.5,0.09880271501269905,8.820272871761205,6.125,-112.0,4.631817773373243,3.155299443869982,12.360158106631683,112.0,53.80061344342366,53.0,70.5,76.0,89.0,9.729284392110152,4.82046386054788,4.479203717341182,6.0536243698090555,7.099843987372432,8.39784577199553,104.5,49.81531573438772,47.75,66.5,74.0,86.0,-28.25,-50.83507966042563,-50.0,-38.25,-32.75,-29.5,188.5,100.65039539481334,98.75,129.5,140.0,163.0,19.18130427969847,12.09922559841489,12.382216767113349,15.000731045870433,15.94290321131657,17.614605869170873,0.061886195294468975,12.35976320341288
R0,gsm8k,S4_vctx_lin_l3,4.78125,8.9375,13.9375,17.75,26.75,30.75,39.75,51.5,93.0,10.795577981191471,93.0,602.0;639.0;755.0;582.0;572.0;1005.0;645.0;515.0;513.0;601.0,0.24360114157459534,8.417849529860788,0.0024305515633515616,0.011498616868417537,0.02211819006577911,0.10182974738852175,42995,1024,2.0591154996968832,5.059115499696883,93.0,0.004854527943798908,6.376170287063017,4.78125,-74.0,4.614238975831839,3.105179688138407,8.614638341923765,93.0,34.26224560995465,33.75,49.25,53.5,64.0,6.791841018282972,3.8461404540649298,3.7778141262401626,4.686549578193967,4.9503113169363,5.2601029312449255,93.0,31.881488399813932,31.25,46.0,50.0,59.25,-8.4375,-32.299293522502616,-32.0,-17.375,-13.0,-9.5,156.5,64.18078192231656,63.625,92.5,100.5,111.75,14.263091775301794,8.289051423661533,8.612224573956501,10.997944407130959,11.635934800986696,13.017121261519558,-0.00023005098007590935,8.614636974109905
R0,gsm8k,S4_kdraft_lin_l3,11.625,21.375,33.0,41.75,64.5,75.0,91.5,112.0,152.0,7.439649075354043,152.0,458.0;834.0;455.0;478.0;423.0;395.0;453.0;769.0;877.0;418.0,0.6319947637943226,16.773592668367264,0.017689683161223747,0.07516740281545535,0.13072927957845068,0.34821286950102426,3600,1024,1.914373481722217,4.914373481722217,152.0,0.5694340048306105,15.189288042031436,11.625,-122.5,4.478472963124309,3.156956351054841,20.431071205165214,152.0,90.15701388888888,88.5,106.0,112.5,126.50499999999988,10.083743748432962,4.780782717886957,4.485356547989944,6.100594294005279,6.550394125667273,7.419605172926013,152.0,89.47798611111111,88.0,106.0,112.5,126.50499999999988,-55.75,-81.13506944444444,-80.5,-69.0,-66.5,-61.49750000000006,270.0,170.61305555555555,168.5,197.5,210.0,233.50499999999988,27.77510599665552,20.323627849648062,20.27519395930646,23.03993262794271,24.007624086844686,25.255635650280055,0.2508627036468836,20.423134321270908
R0,gsm8k,S4_vdraft_lin_l3,6.3125,11.375,17.5,21.625,30.75,34.5,43.5,54.250024999986636,83.5,7.889566120489912,83.5,407.0;493.0;608.0;388.0;390.0;444.0;636.0;797.0;565.0;781.0,0.30441745259097086,10.190086657190417,0.005272539282140652,0.0214242054879533,0.038482170430554255,0.13075311972290016,3600,1024,1.105642158204522,4.105642158204522,83.0,-0.10150933587199285,8.057078057621709,6.3125,-83.5,4.110133248398936,2.9054390204199376,10.58359847991425,83.5,44.270694444444445,43.75,54.5,58.0,65.0,9.565347226814392,4.019350268312203,3.7303234922080337,5.158722221117533,5.603661518851804,6.408075858875651,83.0,40.240972222222226,40.0,49.02499999999998,52.75,61.00249999999994,-23.375,-41.76954861111111,-40.75,-32.75,-30.75,-27.25,141.5,82.01052083333333,82.0,98.0,103.0,112.5,14.247231207233398,10.482118330730009,10.875386207897566,12.012949146601104,12.290158706073925,12.861345020036515,-0.0365225103720336,10.58311167090162
R0,gsm8k,S4_k_stored_ctx_l3,0.8576322197914124,1.7922204732894897,2.9933311462402346,3.8205565810203543,5.448039355278016,6.070736374855045,7.397091388702393,8.722852605341899,10.943572998046875,6.201067976306362,10.943572998046875,440.0;574.0;231.0;304.0;555.0;877.0;249.0;51.0;1016.0;123.0,0.5509159641127034,1.524703734514809,0.011595503623118534,0.04134254568059075,0.072673659112895,0.24150100815497388,42995,1024,1.8001708306651727,4.800170830665173,9.980179786682129,0.0007112646216176816,1.2594310207269774,0.8576322197914124,-10.943572998046875,4.191489062711097,3.087077902774598,1.7647884267453822,10.943572998046875,7.582809472486077,7.421926021575928,8.734346008300781,9.397195816040039,10.7720308303833,6.893100987087568,4.72623054666166,4.511513772580535,5.859423206244295,6.452393370082051,6.675267997706088,9.980179786682129,6.892053067588518,6.793360710144043,8.024663925170898,8.310150146484375,9.284652709960938,-4.70329475402832,-7.3338251540655035,-7.134382247924805,-6.10372257232666,-5.872059345245361,-5.512909412384033,18.654013633728027,14.225878221654021,13.906191349029541,16.562623023986816,17.947920322418213,18.224801063537598,1.8721601238061552,1.7642664366636376,1.7551126045095473,1.8455993554545387,1.8577485955321,1.8698757517688276,-0.02147275303384732,1.7647882834144948
R0,gsm8k,S4_k_stored_draft_l3,0.9929361343383789,1.830595850944519,2.834958648681644,3.4781818866729726,4.675527095794678,5.135590894222261,6.126447677612305,6.933586854171615,9.235956192016602,5.5111835876361335,9.235956192016602,522.0;586.0;249.0;237.0;689.0;877.0;699.0;174.0;61.0;172.0,0.5759003256243811,1.4331082249341798,0.012118532597556688,0.04362477506690321,0.07681954092528187,0.2674286448535105,3600,1024,0.663667544893769,3.663667544893769,9.235956192016602,-0.019268952935880275,1.2795433956632538,0.9929361343383789,-8.378316879272461,3.6557100520413286,2.789931833605361,1.6758571085776701,9.235956192016602,6.393889869451523,6.362116098403931,6.96639313697815,7.179875493049621,7.706353535652156,4.211130374779038,3.6625361185149896,3.6663800492859693,3.8477160804643886,3.904050447002767,4.036681526474164,9.235956192016602,6.028750258949068,6.0086658000946045,6.772541809082031,6.95974588394165,7.46004008769989,-4.738158226013184,-6.125020351145003,-6.083314895629883,-5.58073091506958,-5.415699005126954,-5.136835675239563,14.437072277069092,12.153770610094071,12.161546230316162,12.994703483581542,13.264963173866272,13.803324193954461,1.7203185922135662,1.675730726257376,1.679589700270842,1.6984911097812327,1.7017793908917216,1.7082234865049448,0.015917147311039142,1.6757463280052456
R0,gsm8k,S4_v_stored_ctx_l3,4.78125,8.9375,13.9375,17.75,26.75,30.75,39.75,51.5,93.0,10.795577981191471,93.0,602.0;639.0;755.0;582.0;572.0;1005.0;645.0;515.0;513.0;601.0,0.24360114157459534,8.417849529860788,0.0024305515633515616,0.011498616868417537,0.02211819006577911,0.10182974738852175,42995,1024,2.0591154996968832,5.059115499696883,93.0,0.004854527943798908,6.376170287063017,4.78125,-74.0,4.614238975831839,3.105179688138407,8.614638341923765,93.0,34.26224560995465,33.75,49.25,53.5,64.0,6.791841018282972,3.8461404540649298,3.7778141262401626,4.686549578193967,4.9503113169363,5.2601029312449255,93.0,31.881488399813932,31.25,46.0,50.0,59.25,-8.4375,-32.299293522502616,-32.0,-17.375,-13.0,-9.5,156.5,64.18078192231656,63.625,92.5,100.5,111.75,14.263091775301794,8.289051423661533,8.612224573956501,10.997944407130959,11.635934800986696,13.017121261519558,-0.00023005098007590935,8.614636974109905
R0,gsm8k,S4_v_stored_draft_l3,6.3125,11.375,17.5,21.625,30.75,34.5,43.5,54.250024999986636,83.5,7.889566120489912,83.5,407.0;493.0;608.0;388.0;390.0;444.0;636.0;797.0;565.0;781.0,0.30441745259097086,10.190086657190417,0.005272539282140652,0.0214242054879533,0.038482170430554255,0.13075311972290016,3600,1024,1.105642158204522,4.105642158204522,83.0,-0.10150933587199285,8.057078057621709,6.3125,-83.5,4.110133248398936,2.9054390204199376,10.58359847991425,83.5,44.270694444444445,43.75,54.5,58.0,65.0,9.565347226814392,4.019350268312203,3.7303234922080337,5.158722221117533,5.603661518851804,6.408075858875651,83.0,40.240972222222226,40.0,49.02499999999998,52.75,61.00249999999994,-23.375,-41.76954861111111,-40.75,-32.75,-30.75,-27.25,141.5,82.01052083333333,82.0,98.0,103.0,112.5,14.247231207233398,10.482118330730009,10.875386207897566,12.012949146601104,12.290158706073925,12.861345020036515,-0.0365225103720336,10.58311167090162
R0,gsm8k,S4_kctx_lin_l4,6.46875,12.5,19.625,24.625,35.0,39.5,49.5,64.0,97.5,8.230751608559977,97.5,38.0;62.0;127.0;125.0;120.0;250.0;114.0;122.0;179.0;562.0,0.4493452881694522,10.816009141749362,0.009046151592105034,0.03785972286046834,0.06382858353500612,0.19993519151688685,42995,1024,1.4729018833222707,4.472901883322271,97.5,0.05578462233118594,8.757133586163677,6.46875,-97.0,4.178689278191988,2.9546287825599915,11.845819754613911,97.5,49.35618967321781,48.5,64.0,67.0,76.0,9.374798492760606,4.3337531576853925,3.863187179029391,6.0436364219711045,6.915786447521387,7.755289508939602,97.5,46.41886265844866,45.0,62.25,64.0,68.0,-25.0,-45.25224153971392,-44.5,-31.75,-29.125,-26.125,184.5,91.67110419816258,90.75,118.0,123.75,135.75,17.65216269234585,11.644302919281722,12.041303498685343,14.011465691285848,14.665552914568815,15.786752861249262,0.025220259961374194,11.84568840273593
R0,gsm8k,S4_vctx_lin_l4,4.59375,8.3125,12.75,15.9375,23.25,26.75,35.25,47.0,75.5,9.652654479074853,75.5,106.0;16.0;30.0;76.0;101.0;29.0;46.0;95.0;57.0;20.0,0.21323694877177735,7.677196568771473,0.002496294271342797,0.01159599466978089,0.022650089160314486,0.10576163682049586,42995,1024,1.6373133177843924,4.637313317784392,75.5,-0.01672829916671045,5.900182051992308,4.59375,-75.0,4.5067029190382595,2.972506180642256,7.8216826432221165,75.5,32.27064920339574,31.625,44.75,49.25,58.75,10.539213601401883,3.9783654915235123,3.6019181031156107,5.425837847333677,6.0986503742113065,7.694481650581384,75.5,30.017170601232703,28.875,42.25,45.75,54.75,-9.5625,-29.985707640423303,-29.625,-17.875,-13.75,-10.0625,140.0,60.002878241656006,58.625,81.75,89.25,104.0,12.311778978791338,7.629835365621993,8.056718252718351,9.396521077187217,9.762355258319973,10.572708815037236,-0.004308163668260603,7.821664754723837
R0,gsm8k,S4_kdraft_lin_l4,8.75,15.375,22.625,27.75,38.75,43.5,53.25,61.000024999986636,79.5,5.751958823650379,79.5,487.0;62.0;114.0;478.0;428.0;125.0;38.0;104.0;123.0;172.0,0.549066501349118,12.036713895358051,0.013431708587012649,0.05236228407091955,0.08745638941669487,0.2656379639688392,3600,1024,0.6328340294460051,3.632834029446005,79.5,-0.184392843624163,10.73872896921821,8.75,-76.5,3.8527271365960085,2.8036277285088325,13.82137849685557,79.5,54.117777777777775,54.0,62.5,65.5,70.5,4.827626620653179,3.495658483920295,3.462130093067869,3.725173383898967,3.8794987962826886,4.297365015902085,79.5,53.62489583333333,53.5,61.5,64.5,70.0,-26.5,-46.33482638888889,-45.5,-38.25,-36.75,-33.25,150.5,99.95972222222223,99.5,115.27499999999998,120.76249999999993,131.00499999999988,18.52072498629711,13.7441498705141,13.85236288887793,15.560983528189173,16.101608090037516,16.90249056563784,0.05081417965614327,13.820148437428657
R0,gsm8k,S4_vdraft_lin_l4,4.4375,7.78125,11.75,14.5625,22.125,25.875,34.5,44.0,75.0,10.254376695543863,75.0,19.0;91.0;122.0;4.0;65.0;100.0;68.0;57.0;27.0;7.0,0.3004149326187734,7.048400965159206,0.004379866165535384,0.018025030383596357,0.03340678452374313,0.13911675114345382,3600,1024,1.7837721056844948,4.783772105684495,63.75,-0.045668273741482864,5.5541919462553535,4.4375,-75.0,4.717013279950177,3.0250411251854397,7.3139501528739395,75.0,32.473246527777775,31.75,43.0,46.25,54.25249999999994,8.806422488668511,4.090144064797157,3.9048931987736903,5.0816212475734845,5.419904875979841,6.413622879532481,63.75,28.84418402777778,28.25,40.02499999999998,43.75,50.50249999999994,-13.8125,-30.585520833333334,-29.875,-20.75,-18.875,-16.49875000000003,126.75,59.42970486111111,58.375,78.75,83.76249999999993,97.00499999999988,10.741137993200214,7.200541780692865,7.490133631828012,8.614736940424548,8.894164927864272,9.344433696781344,-0.025525237796153465,7.313807575230443
R0,gsm8k,S4_k_stored_ctx_l4,0.9643244445323944,1.9388670325279236,3.1660691022872927,3.991013944149017,5.6304741048812925,6.244814021587382,7.601871630668647,9.171326209447958,10.856024742126465,5.803552091952471,10.856024742126465,564.0;250.0;428.0;62.0;637.0;575.0;633.0;235.0;930.0;562.0,0.5151888336594324,1.6520425944993153,0.009488597514611586,0.039252969157220936,0.06582418870607329,0.21716660438486546,42995,1024,1.4362972030137113,4.436297203013711,10.845211029052734,0.007023740256636959,1.3629250138997606,0.9643244445323944,-10.856024742126465,4.063905439872775,3.010010620486792,1.8705828034489487,10.856024742126465,7.754185182846678,7.691653251647949,9.094796180725098,9.564674377441406,10.106152534484863,6.6704144265922265,4.383374041059955,4.151702326251585,5.512503496542412,5.71674917630654,6.399546969384574,10.845211029052734,7.391350439901005,7.192910671234131,8.881424903869629,9.403504276275635,9.893965721130371,-4.739477634429932,-7.127014049350806,-7.0410237312316895,-6.045194149017334,-5.850656986236572,-5.481191158294678,19.145597457885742,14.51836448925181,14.38994550704956,16.522200107574463,17.111238956451416,18.292434215545654,1.9626241060547998,1.8702753773464476,1.8618068185469918,1.925711843318183,1.9429114403582843,1.9524053223205358,0.017344557751417942,1.8705696168899288
R0,gsm8k,S4_k_stored_draft_l4,1.1115424036979675,1.9761027097702026,2.9536841154098545,3.633394193649291,4.97079261302948,5.467131855487825,6.451469369888371,7.4326133826243,9.149280548095703,5.114108782384073,9.149280548095703,172.0;631.0;512.0;114.0;576.0;62.0;428.0;487.0;626.0;695.0,0.5391235213523526,1.5668203892365196,0.010608407642976441,0.04561354670123818,0.07704900331713194,0.26068823026437904,3600,1024,0.5184279955903399,3.51842799559034,8.422969818115234,-0.0142507751872158,1.3860691003541206,1.1115424036979675,-9.149280548095703,3.6061323062932096,2.7784888685039837,1.7890273628146274,9.149280548095703,6.74387478073438,6.721616268157959,7.515218448638916,7.7429495573043825,8.260030612945554,4.293138306923196,3.5112880045119814,3.517374894346591,3.7650131876148536,3.8322991983133545,3.9895785294930275,8.422969818115234,6.335319957203335,6.326615333557129,7.028591632843018,7.250617146492004,7.752327103614802,-4.8289642333984375,-6.517366664939456,-6.459821462631226,-5.681018590927124,-5.511934113502503,-5.259098095893861,16.506103992462158,12.852686622142791,12.810266733169556,14.089330816268921,14.419525194168092,15.1649143743515,1.8393191325833764,1.7889175086974145,1.7921969803093576,1.8123602835598684,1.8173720736033387,1.8242242051570112,-0.04579998606240239,1.788970603533223
R0,gsm8k,S4_v_stored_ctx_l4,4.59375,8.3125,12.75,15.9375,23.25,26.75,35.25,47.0,75.5,9.652654479074853,75.5,106.0;16.0;30.0;76.0;101.0;29.0;46.0;95.0;57.0;20.0,0.21323694877177735,7.677196568771473,0.002496294271342797,0.01159599466978089,0.022650089160314486,0.10576163682049586,42995,1024,1.6373133177843924,4.637313317784392,75.5,-0.01672829916671045,5.900182051992308,4.59375,-75.0,4.5067029190382595,2.972506180642256,7.8216826432221165,75.5,32.27064920339574,31.625,44.75,49.25,58.75,10.539213601401883,3.9783654915235123,3.6019181031156107,5.425837847333677,6.0986503742113065,7.694481650581384,75.5,30.017170601232703,28.875,42.25,45.75,54.75,-9.5625,-29.985707640423303,-29.625,-17.875,-13.75,-10.0625,140.0,60.002878241656006,58.625,81.75,89.25,104.0,12.311778978791338,7.629835365621993,8.056718252718351,9.396521077187217,9.762355258319973,10.572708815037236,-0.004308163668260603,7.821664754723837
R0,gsm8k,S4_v_stored_draft_l4,4.4375,7.78125,11.75,14.5625,22.125,25.875,34.5,44.0,75.0,10.254376695543863,75.0,19.0;91.0;122.0;4.0;65.0;100.0;68.0;57.0;27.0;7.0,0.3004149326187734,7.048400965159206,0.004379866165535384,0.018025030383596357,0.03340678452374313,0.13911675114345382,3600,1024,1.7837721056844948,4.783772105684495,63.75,-0.045668273741482864,5.5541919462553535,4.4375,-75.0,4.717013279950177,3.0250411251854397,7.3139501528739395,75.0,32.473246527777775,31.75,43.0,46.25,54.25249999999994,8.806422488668511,4.090144064797157,3.9048931987736903,5.0816212475734845,5.419904875979841,6.413622879532481,63.75,28.84418402777778,28.25,40.02499999999998,43.75,50.50249999999994,-13.8125,-30.585520833333334,-29.875,-20.75,-18.875,-16.49875000000003,126.75,59.42970486111111,58.375,78.75,83.76249999999993,97.00499999999988,10.741137993200214,7.200541780692865,7.490133631828012,8.614736940424548,8.894164927864272,9.344433696781344,-0.025525237796153465,7.313807575230443
R0,mtbench,A_src1,0.01123046875,0.0205078125,0.03271484375,0.043212890625,0.0908203125,0.126953125,0.25390625,1.6250054687470765,322.0,649.2984053187284,322.0,788.0;1384.0;4062.0;290.0;2352.0;4055.0;2629.0;133.0;2265.0;2992.0,0.9978750362485578,0.03940035602306693,0.9878588037424317,0.9957469427238895,0.9971401225727328,0.9984067652020339,44434,4096,369349.6402916137,369352.6402916137,322.0,-0.00022018001634161266,0.01698096691331497,0.01123046875,-294.0,0.5119904447995602,0.18313504371676578,0.49591989963680294,322.0,1.4301807921931966,0.271484375,0.36328125,0.39453125,0.48046875,1335.7506726655727,32.659430221069854,16.55732742464366,67.9711091029037,88.11280556856855,143.82335133133176,322.0,1.4270632822346063,0.26953125,0.36328125,0.39453125,0.48046875,-0.09375,-1.2513570535267193,-0.1904296875,-0.1474609375,-0.13671875,-0.12158203125,616.0,2.678420335761326,0.4609375,0.587890625,0.630859375,0.767578125,8.262438110402302,0.052203945741779306,0.022722417611002244,0.026972416864915114,0.02792345116127297,0.030311114203217072,-122.32018543301253,0.49591985075870587
R0,mtbench,A_src8,0.05322265625,0.0927734375,0.138671875,0.1728515625,0.283203125,0.37109375,0.7109375,2.640625,322.0,637.6023130230722,322.0,788.0;1384.0;4062.0;290.0;2352.0;4055.0;2629.0;133.0;709.0;2992.0,0.9765065903448481,0.10170564521022953,0.9532461147836704,0.9674992156966148,0.9709082549154625,0.9760751560672848,44434,4096,343452.09910752706,343455.09910752706,322.0,0.00016013482713431342,0.06897633749516452,0.05322265625,-294.0,1.4077496720957776,0.5607794023458454,0.5050169885258057,322.0,3.176234432669802,2.015625,2.921875,3.1875,3.875,1334.341788784279,86.74546662920986,57.03797811293011,185.55678836408165,251.68030221249742,437.5952618236035,322.0,3.174540733869334,2.015625,2.921875,3.1875,3.875,-0.326171875,-1.8920205916359094,-0.82421875,-0.609375,-0.5546875,-0.470703125,616.0,5.066561325505243,2.84375,3.8828125,4.19140625,4.9140625,8.264626872790917,0.12627152515961765,0.0964404187045799,0.11276917414594531,0.11737567082134538,0.12795815270402058,-115.85418241890348,0.505016963137389
R0,mtbench,A_src15,0.0869140625,0.150390625,0.224609375,0.27734375,0.466796875,0.625,1.1953125,4.468753124998329,324.0,616.1832048928936,324.0,788.0;1384.0;4062.0;2352.0;290.0;4055.0;133.0;2629.0;2992.0;2265.0,0.9422591529738862,0.1578496788805836,0.8992229594707261,0.9191965601498925,0.9259605879723865,0.9406683132179023,44434,4096,300008.6800454932,300011.6800454932,324.0,8.3530560095754e-05,0.11466942055325731,0.0869140625,-296.0,2.27324533055104,0.8877543039243441,0.5258176422648819,324.0,4.7797431126783545,3.609375,5.3125,5.875,7.3125,1335.8005195040726,99.20222831969954,64.67968718561858,211.86293162946893,287.56368162777954,542.4905548477162,324.0,4.777921151314309,3.609375,5.3125,5.875,7.3125,-0.39453125,-2.4746109134474725,-1.40625,-0.9609375,-0.84765625,-0.640625,620.0,7.252532064761781,5.025390625,7.0,7.59375,9.203125,8.316674103195284,0.19520782005674941,0.1676517361289806,0.19098562759209653,0.1957678414309628,0.2053157787500166,-105.0750772173361,0.5258176356301155
R0,mtbench,A_src22,0.1669921875,0.29296875,0.443359375,0.55859375,0.9531640625000364,1.3125,2.59375,8.750031249983294,324.0,536.9395249855337,324.0,788.0;1384.0;4062.0;2352.0;290.0;4055.0;133.0;2629.0;2992.0;761.0,0.8235911375439813,0.3017041179627246,0.7165318774860207,0.7559805341867807,0.7733650614307421,0.8190036231506485,44434,4096,172989.32136617662,172992.32136617662,324.0,-0.00018535187410324356,0.2276755575043419,0.1669921875,-296.0,4.298416336207493,1.579603268370528,0.6034199102938628,324.0,8.330045861558716,7.3125,10.3125,11.0625,12.54187499999989,1337.6013640797003,104.69165894682747,68.89047773416125,238.30462585983412,310.73494509955435,488.8183855854236,324.0,5.17166454038574,3.9375,5.5625,6.125,7.65625,-0.78515625,-8.159391070182743,-7.3125,-3.578125,-2.5,-1.1796875,620.0,13.331055610568484,11.3125,15.375,16.59375,19.1875,8.313891867430849,0.3654066831699284,0.34233793515355526,0.3991575775497008,0.4117220035090554,0.4352040404069356,-70.07554423569412,0.6034198818266897
R0,mtbench,A_src29,0.328125,0.5703125,0.84375,1.0390625,1.578125,1.953125,3.6875,24.125,324.0,394.7763953294302,324.0,788.0;1384.0;4062.0;2352.0;290.0;761.0;2742.0;1658.0;2219.0;1951.0,0.6507113565244002,0.54939613490205,0.5336702520993611,0.5710579461632176,0.5901826744192747,0.6436353174753843,44434,4096,50688.316498799206,50691.316498799206,324.0,-0.004332505917433334,0.42667293238167586,0.328125,-296.0,4.493018388201463,1.9228595644421513,0.8207177628480821,324.0,21.52999093458838,21.25,27.125,28.75,31.875,1449.7915819914463,312.8511523790915,270.7184271732242,616.1454259775816,744.1758345041375,1014.014244144143,324.0,5.845339084372328,4.59375,6.625,7.40625,9.0,-1.1953125,-21.41616006323986,-21.25,-12.75,-8.625,-1.625,620.0,27.261499147612188,26.140625,32.3125,33.96875,37.125,8.326938493113863,0.6743706668549116,0.6575254387288183,0.7488574086749077,0.7726616102447142,0.8162744152402576,-32.282548891781815,0.8207063272857326
R0,mtbench,B_concat,0.078125,0.2021484375,0.4296875,0.62109375,1.0860156250000728,1.3046875,2.21875,5.468753124998329,324.0,537.7408368418735,324.0,17172.0;13076.0;8980.0;788.0;4884.0;9576.0;13672.0;17768.0;16350.0;12254.0,0.9306839114908259,0.23001118659573092,0.7493002724786664,0.7847484989621031,0.7986707108220897,0.8400241101333532,44434,20480,172311.83887486518,172314.83887486518,324.0,-0.0008988744841296245,0.17099504296955087,0.078125,-296.0,3.682445931305268,1.802453552502745,0.6025207270900917,324.0,21.53818602449701,21.25,27.125,28.75,31.875,4290.774323676254,857.8851746965499,740.7419630103973,1689.9937116957567,2056.2020770471318,2767.209877779757,324.0,6.320503267486609,5.09375,6.875,7.59375,9.0625,-1.1953125,-21.42493044459198,-21.25,-12.75,-8.625,-1.9453125,620.0,27.74543371207859,26.59375,32.84375,34.46875,37.4375,8.296956103990274,0.36626431647765695,0.34291050348272145,0.39004142771665934,0.40159314325822043,0.42273703959535075,-71.6516473269631,0.602520056593832
R0,mtbench,C_Zt_fp,2.296875,4.0,6.0,7.5625,58.5,114.0,240.0,572.0,1552.0,113.1504784421533,1552.0,432.0;2017.0;2117.0;2062.0;977.0;3960.0;2910.0;3230.0;4030.0;3447.0,0.7276911302038512,10.104180365616454,0.09493345062106191,0.22424811135095593,0.29873198294649334,0.5153766062822873,125480,4096,1303.8450793441175,1306.8450793441175,1552.0,0.03450146186877123,3.893790101699968,2.296875,-1320.0,17.49749666631237,4.265014812413639,13.7162477911522,1552.0,173.16866831367548,161.0,212.0,227.0,284.0,724.0225585915091,306.9461389520056,300.10815579924093,456.0549560353561,496.0866672620602,570.6766405186079,1552.0,144.60970473382213,130.0,184.0,213.0,284.0,-51.5,-167.3099458080969,-157.0,-116.0,-108.0,-91.0,2872.0,311.91965054191905,290.5,384.0,413.0,518.0,143.6648585648351,6.528256393533697,5.416860740806076,6.625096157975672,7.115750617363966,8.709398925941757,2.7633452076383698,13.716204399082734
R0,mtbench,C_Ht_fp,0.515625,0.90625,1.3515625,1.65625,2.3125,2.65625,6.687531250001484,21.500012499993318,29.125,30.030643363741433,29.125,3573.0;604.0;2361.0;3230.0;3331.0;1601.0;494.0;707.0;3510.0;1371.0,0.3659196254139121,0.8418079758632957,0.24546369592619924,0.2721049135200174,0.28379199086958695,0.32613226909411297,125480,4096,102.14977629267494,105.14977629267494,23.75,0.00240151239860477,0.6661909427525999,0.515625,-29.125,6.895480376057357,2.3844073057047916,0.9698426919206502,29.125,21.505647314313038,22.125,25.25,26.0,27.125,380.72118074467625,107.30633288732653,99.04748881718078,176.46321147810602,202.0456477509006,256.92966670651026,23.75,16.792327960631177,17.375,20.25,20.875,22.0,-6.8125,-21.50563536021677,-22.125,-16.875,-14.125,-12.0,51.375,38.29796332084794,39.625,45.125,46.25,48.0,1.1314340971296515,0.9654576302728856,0.9897033933242958,1.036389495910525,1.0498828230980464,1.0823288714981605,-0.8689193693517769,0.9698397186185419
R0,mtbench,S4_kctx_lin_l0,6.125,11.8125,19.625,27.25,56.5,72.0,107.0,157.0,348.0,26.878848580743618,348.0,130.0;135.0;386.0;420.0;932.0;519.0;141.0;258.0;559.0;36.0,0.5187252896432214,11.416344948093421,0.023218716705862365,0.0754117640305194,0.11662980454909508,0.29948509201437745,125480,1024,19.490918328593402,22.490918328593402,243.0,0.1148345693549309,8.717630586267118,6.125,-348.0,8.26447355787232,4.363950990839122,12.946983162415375,348.0,72.50907315906917,53.75,130.0,158.0,324.0,42.602114392138525,6.689026023057889,4.565245623885114,10.779775213408094,16.707008383455097,34.00365466941561,243.0,63.11035623206885,46.25,112.0,140.0,171.0,-28.25,-66.45192759802359,-51.0,-40.25,-37.75,-34.5,518.0,129.56228383009244,97.5,232.0,285.5,487.0,28.751255792686194,12.310109794326507,10.821317609230455,20.014486223543496,21.987236667511272,26.64484197347763,-0.31809320103860655,12.946473884017543
R0,mtbench,S4_vctx_lin_l0,3.203125,5.5625,8.25,10.1875,14.25,16.0,20.25,25.750012499993318,42.5,8.416649113467168,42.5,64.0;117.0;46.0;101.0;114.0;474.0;59.0;84.0;95.0;121.0,0.2348820317550292,4.934010337062379,0.006457696363718509,0.023342661984900946,0.037295644817169966,0.12005889168462684,125480,1024,0.8119012490596202,3.8119012490596202,39.75,-0.03106588480103799,3.9135662303804573,3.203125,-42.5,4.010285754063768,2.822052938044874,5.0495154814042715,42.5,20.968775402454575,20.375,25.625,27.875,32.5,7.990247568102708,3.7101290248354215,3.635228866249592,4.214853610541861,4.451628599101204,5.442931452372731,39.75,19.053651976410585,18.75,23.125,24.625,28.0,-10.9375,-19.73332602805228,-19.0,-15.6875,-14.9375,-13.75,70.0,38.78697800446286,38.125,46.0,49.25,56.125,6.702659293058868,5.031584795791726,5.0344743583890095,5.573586952222351,5.73293599382296,6.076523562862605,-0.0006692845156874923,5.049419917945322
R0,mtbench,S4_kdraft_lin_l0,7.875,15.375,24.875,32.0,51.25,63.0,87.0,113.0,131.0,8.491856146585102,131.0,269.0;964.0;904.0;898.0;909.0;259.0;8.0;263.0;902.0;518.0,0.6727174767037616,12.213192688004959,0.03145860279641738,0.10611434074510502,0.16630395179695243,0.3954770177148576,4800,1024,4.105306277000503,7.105306277000503,131.0,-0.2874420741541932,10.922324230450515,7.875,-114.0,5.639629654602319,3.3221956298663087,15.426544884734074,131.0,85.3075,93.0,109.5,114.0,121.5,10.167768978354907,6.188540815199069,6.082686843866287,7.968281923675934,8.475304597620784,9.224261142426773,131.0,84.93041666666667,93.0,109.5,114.0,121.5,-15.625,-73.81028645833334,-76.0,-54.75,-46.5,-27.25,243.0,158.740703125,170.0,202.0,212.0,224.0,20.84418422803711,15.19647078943501,15.742104807820576,18.011836689742015,18.924459079751497,19.440312825122568,-0.2669057371406525,15.423866705036092
R0,mtbench,S4_vdraft_lin_l0,1.984375,3.46875,5.15625,6.28125,8.6875,9.5625,11.625,14.0625,19.75,6.347314922134406,19.75,950.0;992.0;116.0;917.0;104.0;918.0;976.0;993.0;1013.0;998.0,0.2055326281684029,3.0605659541801136,0.0026434509415244065,0.012203882516154174,0.0227666783309926,0.09958414850574518,4800,1024,0.5581464322605263,3.5581464322605263,18.375,0.03258828170888592,2.4224338273705994,1.984375,-19.75,3.7360777706234165,2.7920151081540583,3.1115519305852692,19.75,11.805,11.6875,14.1875,14.9375,16.625,4.559425627434358,3.397961725105022,3.3468395793826446,3.805092063736983,3.877544571918552,3.9040956942712346,18.375,11.2121875,10.8125,13.3125,14.3125,16.375,-7.84375,-10.776744791666667,-10.8125,-8.1875,-8.0,-8.0,35.875,21.988932291666668,22.25,25.8125,26.87812500000001,29.625,4.036674222148657,3.0815125940194035,3.2175273003381313,3.5313972733055934,3.620879857840271,3.74574824160738,0.0026994776922852548,3.1113812721401053
R0,mtbench,S4_k_stored_ctx_l0,0.7179920077323914,1.4011275172233582,2.157575845718386,2.6671026468276975,4.047283411026013,5.464366068840027,9.999442748070882,13.691295630264278,17.154939651489258,11.797593487649918,17.154939651489258,224.0;352.0;160.0;288.0;736.0;992.0;608.0;672.0;544.0;863.0,0.4145712694308503,1.3123439535500778,0.04366851480061507,0.1510015410275876,0.19817213764781225,0.29917314922390675,125480,1024,7.996118898950561,10.996118898950561,16.023576736450195,-0.0018053037944925868,1.037166663446117,0.7179920077323914,-17.154939651489258,6.87669925055831,2.783350182665837,1.4541049977224232,17.154939651489258,10.36554672856372,10.836812973022461,13.664644241333008,14.213119029998772,15.150623321533203,25.295651018798516,9.669833411666364,9.202467826965506,14.55415837015632,15.98479307796327,18.36244437019174,16.023576736450195,9.101490031346646,9.55380916595459,11.81851863861084,12.385536193847656,13.46511173248291,-3.7202537059783936,-9.86852024578729,-10.081668853759766,-5.701605796813965,-5.247357106208805,-4.4563411998748785,30.90059757232666,18.970010277133934,19.86109447479248,24.795883178710938,25.79832935333252,27.320515632629395,1.7131212767928787,1.44441252334196,1.4949189755822414,1.613969221625397,1.6324525434215846,1.662646537354482,-0.190083311898815,1.4541038770595236
R0,mtbench,S4_k_stored_draft_l0,0.7391429841518402,1.3278029561042786,1.9677670478820801,2.4198713302612305,3.5109453248977696,4.24135555267334,6.386009435653901,7.479731194829881,8.389463424682617,6.787787349060466,8.389463424682617,213.0;149.0;287.0;351.0;31.0;208.0;144.0;224.0;95.0;85.0,0.5279309518503819,1.0859437374129377,0.025716754468136396,0.07786828941697362,0.11548931281635613,0.2883140805473409,4800,1024,1.7595544508976388,4.759554450897639,8.389463424682617,-0.022165336611703536,0.9413947448137262,0.7391429841518402,-8.306839942932129,5.16682317617377,2.8406525010251937,1.235964386221358,8.389463424682617,6.531859921067953,6.684505224227905,7.209177350997925,7.414234852790832,7.726302652359009,7.019461686618767,4.7640189816904535,4.778581684364971,5.718933684475215,5.9047584318214135,6.311754091037235,8.389463424682617,5.778510991533597,5.898418426513672,6.624970006942749,6.689000225067138,7.467966327667239,-3.765194892883301,-6.464002676308155,-6.638335943222046,-5.4234446525573725,-5.080215644836426,-4.566271781921387,14.937348365783691,12.242513667841752,12.541459798812866,13.521348857879639,13.65010690689087,14.299883260726933,1.3968568390654021,1.235573670493894,1.2358325077066006,1.264481091498239,1.2819096778763033,1.3435639588362982,-0.05202791186583591,1.2357656176882525
R0,mtbench,S4_v_stored_ctx_l0,3.203125,5.5625,8.25,10.1875,14.25,16.0,20.25,25.750012499993318,42.5,8.416649113467168,42.5,64.0;117.0;46.0;101.0;114.0;474.0;59.0;84.0;95.0;121.0,0.2348820317550292,4.934010337062379,0.006457696363718509,0.023342661984900946,0.037295644817169966,0.12005889168462684,125480,1024,0.8119012490596202,3.8119012490596202,39.75,-0.03106588480103799,3.9135662303804573,3.203125,-42.5,4.010285754063768,2.822052938044874,5.0495154814042715,42.5,20.968775402454575,20.375,25.625,27.875,32.5,7.990247568102708,3.7101290248354215,3.635228866249592,4.214853610541861,4.451628599101204,5.442931452372731,39.75,19.053651976410585,18.75,23.125,24.625,28.0,-10.9375,-19.73332602805228,-19.0,-15.6875,-14.9375,-13.75,70.0,38.78697800446286,38.125,46.0,49.25,56.125,6.702659293058868,5.031584795791726,5.0344743583890095,5.573586952222351,5.73293599382296,6.076523562862605,-0.0006692845156874923,5.049419917945322
R0,mtbench,S4_v_stored_draft_l0,1.984375,3.46875,5.15625,6.28125,8.6875,9.5625,11.625,14.0625,19.75,6.347314922134406,19.75,950.0;992.0;116.0;917.0;104.0;918.0;976.0;993.0;1013.0;998.0,0.2055326281684029,3.0605659541801136,0.0026434509415244065,0.012203882516154174,0.0227666783309926,0.09958414850574518,4800,1024,0.5581464322605263,3.5581464322605263,18.375,0.03258828170888592,2.4224338273705994,1.984375,-19.75,3.7360777706234165,2.7920151081540583,3.1115519305852692,19.75,11.805,11.6875,14.1875,14.9375,16.625,4.559425627434358,3.397961725105022,3.3468395793826446,3.805092063736983,3.877544571918552,3.9040956942712346,18.375,11.2121875,10.8125,13.3125,14.3125,16.375,-7.84375,-10.776744791666667,-10.8125,-8.1875,-8.0,-8.0,35.875,21.988932291666668,22.25,25.8125,26.87812500000001,29.625,4.036674222148657,3.0815125940194035,3.2175273003381313,3.5313972733055934,3.620879857840271,3.74574824160738,0.0026994776922852548,3.1113812721401053
R0,mtbench,S4_kctx_lin_l1,7.0625,13.8125,23.25,30.0,43.25,48.5,60.0,75.0,125.0,8.282218584709957,125.0,23.0;783.0;782.0;85.0;779.0;798.0;786.0;20.0;856.0;861.0,0.5778112979618588,12.894373342354545,0.011757872114918883,0.04908185147040668,0.08461692993165394,0.2877725898044425,125480,1024,1.813451703265219,4.813451703265219,125.0,0.4797171149848206,10.93161331815594,7.0625,-96.5,3.9754649206607793,2.865647630309645,15.092574377445931,125.0,60.68105474976092,59.75,77.0,84.0,98.5,20.699174331640453,4.559238763192978,4.103545093785929,4.9104562296908645,7.876937044101488,17.82989170066706,125.0,58.82004004622251,58.5,77.0,84.0,98.5,-27.0,-53.29408471469557,-53.0,-41.5,-36.25,-29.875,215.0,112.11412476091807,111.25,139.75,151.5,173.0,23.396773184198658,14.72358937007446,15.348589981650633,18.212419164626343,19.0302742187947,20.573927738088326,0.18764932405174956,15.084948552392483
R0,mtbench,S4_vctx_lin_l1,3.515625,6.21875,9.25,11.375,15.75,17.5,21.75,29.5,93.0,15.91714098765854,93.0,870.0;867.0;858.0;822.0;826.0;718.0;879.0;874.0;853.0;791.0,0.15574085217558675,5.775946850259859,0.007189142449770029,0.021162766298836434,0.0327036451535295,0.10204527316428688,125480,1024,0.8960139821068864,3.8960139821068864,65.5,-0.01815305273182154,4.543482126170533,3.515625,-93.0,3.7225571664685297,2.6956448446841077,5.842757821401982,93.0,23.32844676442461,22.5,30.0,35.25,52.75,27.037479060032684,3.472541765681697,3.2652443417444696,3.8649744836387216,4.428608930341899,7.822212305883592,65.5,21.110745238284984,20.625,27.0,30.375,41.25,-8.0625,-21.619600235097227,-20.875,-14.75,-11.25,-8.375,139.25,42.730345473382215,42.25,52.875,59.875,85.75,7.857252309219811,5.772422535916043,5.974023639697067,6.602543235181413,6.80012889612945,7.188126258762161,-0.0018611701349325743,5.8427296211814
R0,mtbench,S4_kdraft_lin_l1,5.25,12.0625,21.875,28.125,40.75,46.0,58.75,74.0,95.0,7.580619527942646,95.0,256.0;783.0;23.0;786.0;529.0;85.0;856.0;597.0;532.0;848.0,0.7312737155732996,9.298710051804267,0.020851195659644533,0.07700614586026734,0.1271096173927961,0.38704756235603455,4800,1024,2.769077116753592,5.769077116753592,95.0,0.36116999911221986,8.549538859303574,5.25,-75.5,4.688014708069794,3.25168679751224,12.53195726943213,95.0,58.82432291666667,58.75,72.0,75.0,83.5,6.9707289786267586,5.179520715996786,5.17044370580933,5.674721761769234,5.871867224005391,6.274088289810901,95.0,58.82421875,58.75,72.0,75.0,83.5,-20.75,-43.19546875,-42.0,-33.25,-30.75,-27.25,163.0,102.0196875,101.0,124.25,131.5,151.0,18.85382725321039,12.403170776518198,12.321610379919408,14.706280276774121,15.418962696573423,17.108901386646632,0.3487769991767595,12.526751743154092
R0,mtbench,S4_vdraft_lin_l1,2.03125,3.6875,6.0,7.90625,12.3125,14.0,17.5,22.5,35.5,9.453629564341904,35.5,333.0;698.0;343.0;286.0;715.0;741.0;355.0;273.0;322.0;733.0,0.46867735485982276,3.416504423470547,0.006181628718198997,0.025913654621348307,0.047779298547209734,0.19140567559396973,4800,1024,2.6861241135359126,5.686124113535913,29.375,-0.007371370670565132,2.7251661529671156,2.03125,-35.5,4.660239926084038,3.278811662280555,3.7551714670418503,35.5,18.466067708333334,18.25,22.75,24.125,26.752500000000055,10.137193291538331,5.422479793174271,5.286234847021104,6.4571197817319925,6.8867409658495164,7.86107792770388,29.375,16.7696875,16.5,21.0,22.506250000000023,25.5,-5.84375,-17.14990234375,-16.875,-13.3125,-11.9375,-9.75,55.75,33.91958984375,34.0,40.125,42.125,46.5,4.962736095699885,3.7284157595155496,3.829817450691077,4.174703536646607,4.280448312143498,4.440676185410906,-0.05094295579348962,3.7551642320649146
R0,mtbench,S4_k_stored_ctx_l1,0.5205943286418915,1.304133653640747,2.5555701732635496,3.2679949641227712,4.527682175636296,5.041930530071261,6.397536885738401,10.04501724243164,15.633934020996094,10.619257667359468,15.633934020996094,990.0;222.0;605.0;670.0;541.0;968.0;93.0;29.0;798.0;477.0,0.6504335604029335,1.1597867190748434,0.008405017349290146,0.03788354478028558,0.06850603649106952,0.23715345704101712,125480,1024,2.6229552630914874,5.622955263091487,11.16978931427002,0.006537322008314188,0.9715163667041951,0.5205943286418915,-15.633934020996094,4.345489275754537,3.0754014692924456,1.4722247553188479,15.633934020996094,6.468170273858801,6.076472759246826,7.7385747909545906,9.599489212036133,13.622302055358887,33.650938656309656,5.873401637969169,5.0280454736852,6.6473146751222725,11.681219614145506,24.62107927587839,11.16978931427002,5.927291710296177,5.798842906951904,6.8562941551208505,7.328115940093994,9.671096801757812,-3.3398303985595703,-6.104239505571205,-5.679433345794678,-4.993725204467773,-4.82902035713196,-4.478219032287598,25.398624420166016,12.031531215867382,11.513904571533203,13.882559776306152,16.724166870117188,21.76829719543457,1.6063084942686647,1.4692065017426408,1.5018433655536934,1.555507036856369,1.5659957129414679,1.5825831852367798,-0.04366226731514391,1.4722102409624112
R0,mtbench,S4_k_stored_draft_l1,0.376106932759285,1.527523547410965,2.8966027736663826,3.6272261023521417,4.82046214103699,5.276353065967561,6.430908691883087,8.029044275760585,10.038400650024414,6.409404252585838,10.038400650024414,256.0;320.0;780.0;87.0;922.0;23.0;640.0;792.0;986.0;783.0,0.7134349328780711,1.117057540231172,0.011544331530195007,0.049586574978551616,0.08724550416290419,0.28820388274881337,4800,1024,2.26618854683237,5.26618854683237,10.038400650024414,0.004416859234053896,0.9842618264481845,0.376106932759285,-9.843561172485352,4.106061807529713,3.0778100639085744,1.5661987065294685,10.038400650024414,6.989210322499275,6.9200119972229,8.009475708007812,8.345781707763672,8.99878625869751,6.623486367360394,5.262658602799528,5.254230803154449,5.631496030736316,5.75633679798999,5.985186399988208,10.038400650024414,6.3980606437722845,6.224071502685547,7.6383942604064945,8.01166229248047,8.751816902160645,-4.731733322143555,-6.359044801493486,-6.163328409194946,-5.365343523025513,-5.207465386390686,-4.992900986671446,16.22558832168579,12.75710544526577,12.716829061508179,13.970950746536255,14.308433961868285,14.948153591156007,1.6169978243109726,1.5660490408634344,1.56918669703992,1.5903706349517281,1.5964520051717792,1.6053605154279833,-0.039913256275993604,1.5661924784933323
R0,mtbench,S4_v_stored_ctx_l1,3.515625,6.21875,9.25,11.375,15.75,17.5,21.75,29.5,93.0,15.91714098765854,93.0,870.0;867.0;858.0;822.0;826.0;718.0;879.0;874.0;853.0;791.0,0.15574085217558675,5.775946850259859,0.007189142449770029,0.021162766298836434,0.0327036451535295,0.10204527316428688,125480,1024,0.8960139821068864,3.8960139821068864,65.5,-0.01815305273182154,4.543482126170533,3.515625,-93.0,3.7225571664685297,2.6956448446841077,5.842757821401982,93.0,23.32844676442461,22.5,30.0,35.25,52.75,27.037479060032684,3.472541765681697,3.2652443417444696,3.8649744836387216,4.428608930341899,7.822212305883592,65.5,21.110745238284984,20.625,27.0,30.375,41.25,-8.0625,-21.619600235097227,-20.875,-14.75,-11.25,-8.375,139.25,42.730345473382215,42.25,52.875,59.875,85.75,7.857252309219811,5.772422535916043,5.974023639697067,6.602543235181413,6.80012889612945,7.188126258762161,-0.0018611701349325743,5.8427296211814
R0,mtbench,S4_v_stored_draft_l1,2.03125,3.6875,6.0,7.90625,12.3125,14.0,17.5,22.5,35.5,9.453629564341904,35.5,333.0;698.0;343.0;286.0;715.0;741.0;355.0;273.0;322.0;733.0,0.46867735485982276,3.416504423470547,0.006181628718198997,0.025913654621348307,0.047779298547209734,0.19140567559396973,4800,1024,2.6861241135359126,5.686124113535913,29.375,-0.007371370670565132,2.7251661529671156,2.03125,-35.5,4.660239926084038,3.278811662280555,3.7551714670418503,35.5,18.466067708333334,18.25,22.75,24.125,26.752500000000055,10.137193291538331,5.422479793174271,5.286234847021104,6.4571197817319925,6.8867409658495164,7.86107792770388,29.375,16.7696875,16.5,21.0,22.506250000000023,25.5,-5.84375,-17.14990234375,-16.875,-13.3125,-11.9375,-9.75,55.75,33.91958984375,34.0,40.125,42.125,46.5,4.962736095699885,3.7284157595155496,3.829817450691077,4.174703536646607,4.280448312143498,4.440676185410906,-0.05094295579348962,3.7551642320649146
R0,mtbench,S4_kctx_lin_l2,6.34375,12.3125,19.5,24.625,35.50250000000233,40.0,49.750250000011874,63.000024999986636,122.0,9.954288761109488,122.0,30.0;89.0;943.0;414.0;86.0;861.0;217.0;32.0;953.0;787.0,0.4541374545099447,11.151030346973027,0.00888526670005898,0.03599033620104657,0.0647269880848955,0.2219156989511349,125480,1024,1.4721164303005025,4.4721164303005025,122.0,-0.011148478071073126,9.078961034769318,6.34375,-91.5,4.059248806864799,2.896738825748465,12.25602380319155,122.0,50.270781200191266,50.5,63.5,68.0,80.5,12.271466466386672,4.133577074903231,3.9415748046693095,5.106315834667932,5.605507363988665,6.792669648583785,122.0,47.82525203219637,48.0,61.5,66.5,80.0,-19.5,-45.94770680586548,-46.25,-32.0,-26.625,-21.375,204.0,93.77295883806184,95.25,116.5,123.75,140.5,17.1117275852565,12.058300132683286,12.587092517146633,14.031957709465653,14.40499962531022,15.023217039330081,0.07526409694691025,12.256018732681284
R0,mtbench,S4_vctx_lin_l2,4.5,8.25,12.625,15.5625,21.75,24.25,29.625,36.0,58.0,7.272847499656129,58.0,805.0;843.0;470.0;511.0;331.0;397.0;468.0;441.0;409.0;941.0,0.13779687089844772,7.916276981595924,0.001783939983835934,0.008681944749263962,0.01701821743011805,0.07966313515542671,125480,1024,0.6487822508926455,3.6487822508926455,54.0,0.03441035421716122,6.162544316594862,4.5,-58.0,3.71479495133298,2.7273178123710484,7.9748681658377025,58.0,29.041750179311443,29.625,36.75,39.0,44.0,8.005524255278804,3.2767336191625542,3.2180094680680207,3.6096896180501257,3.8065364935523385,4.115179248788271,54.0,27.203791938954414,27.75,34.75,37.0,41.75,-8.625,-27.187801840930824,-27.625,-18.375,-13.375,-9.75,98.5,54.39159377988524,55.875,68.0,71.25,78.5,11.093857473548352,7.814885755394254,8.221981183688616,9.259529117098097,9.501094658999186,10.006533108029732,0.008246426416621516,7.974793927745987
R0,mtbench,S4_kdraft_lin_l2,8.75,15.4375,23.375,29.25,42.0,47.0,59.5,78.00004999997327,96.0,6.764631771388302,96.0,384.0;787.0;86.0;861.0;89.0;606.0;32.0;23.0;30.0;68.0,0.5654814314408492,12.228247220386576,0.01853965201014123,0.05389653135105907,0.09094052122491424,0.2975271159939478,4800,1024,1.1517603220304098,4.15176032203041,89.0,-0.2137301713701648,10.850210085109962,8.75,-96.0,4.192662399975041,2.959526399982382,14.191459822845312,96.0,62.893229166666664,62.25,75.0,80.0,87.5,6.712064942592294,3.991709790371378,3.815768011359369,4.8549215055068125,5.0996990377657125,5.474227208085082,89.0,50.62166666666667,49.75,60.25,63.5,70.0,-35.0,-62.43786458333334,-62.0,-51.0,-48.0,-42.5,162.5,113.05953125,112.5,129.5,134.75,143.5,20.87233712136433,14.081710420177297,13.877144143215855,16.625440995911934,17.258774314020503,18.42082549403388,-0.027701722731551994,14.189850292278589
R0,mtbench,S4_vdraft_lin_l2,4.375,7.6875,11.5625,14.3125,21.125,24.25,30.750125000005937,39.5,61.0,8.540889170864121,61.0,508.0;447.0;438.0;480.0;385.0;389.0;455.0;416.0;468.0;498.0,0.2961717849433033,6.874185458771095,0.0050273912969453554,0.022337802580437043,0.040714048619807486,0.1597466744891869,4800,1024,1.4217771321376862,4.421777132137686,52.75,0.03360739108970544,5.434291110223664,4.375,-61.0,4.30546573139785,2.9578079300738453,7.142113517652442,61.0,31.49140625,31.5,39.5,42.0,47.75,7.076610919181498,4.089514110754933,3.9734342535198,4.943078819300809,5.2550071249585075,5.920287330536204,52.75,29.2366015625,29.125,37.75,40.5,46.002500000000055,-12.0,-28.854140625,-28.875,-20.5,-18.5,-15.9375,99.0,58.0907421875,58.5,72.0,76.00625000000002,85.25,9.201402015821389,7.045987521590304,7.413623907717314,8.237180154994412,8.402588906540817,8.712137947145857,-0.025169346905069834,7.142034447011431
R0,mtbench,S4_k_stored_ctx_l2,0.9591323435306549,1.856247067451477,2.91384346485138,3.641509437561035,5.160874443054199,5.784238195419313,7.06176100015643,8.374739760874622,11.63236141204834,6.740375623289411,11.63236141204834,759.0;943.0;303.0;949.0;699.0;690.0;696.0;763.0;748.0;751.0,0.43215469179790367,1.5805702785493463,0.005415141947308997,0.024202415760212644,0.04545549336412627,0.17390694810924953,125480,1024,1.1685270000250627,4.168527000025063,11.63236141204834,-0.057238902872218,1.2862647032678478,0.9591323435306549,-11.387750625610352,4.091939720308997,2.990470383321278,1.7257734675581122,11.63236141204834,7.2403787988213395,7.168060779571533,8.319256782531738,8.77592487335203,9.728317260742188,6.10692415223406,4.1271924955993216,4.060765014988208,4.70671437581177,4.9724171185083454,5.291860367343375,11.63236141204834,6.811914353147221,6.684893846511841,7.998991012573242,8.566497755050658,9.571078758239725,-4.538362979888916,-6.705988372170245,-6.626125812530518,-5.735141754150391,-5.531002044677734,-5.177558660507203,19.17341423034668,13.517902725317466,13.408596515655518,15.23586654663086,15.78394603729248,16.94787098884582,1.878744665007357,1.7252535644362952,1.7129302341040853,1.7783424011798652,1.827489933022987,1.8712510202546213,-0.01891882301920521,1.7248239821284765
R0,mtbench,S4_k_stored_draft_l2,1.0628933906555176,1.8064508438110352,2.616269826889038,3.165822756290435,4.385449452400208,4.865020782947541,5.8681820068359745,7.028655228137876,9.525345802307129,5.911297923995246,9.525345802307129,748.0;448.0;542.0;759.0;384.0;222.0;309.0;1020.0;687.0;158.0,0.46158768038279785,1.4670621426668924,0.00952573983622286,0.04198805936733046,0.07222095636211348,0.220032496201027,4800,1024,0.38562109407411294,3.385621094074113,9.525345802307129,-0.06545090560484672,1.2706717818787203,1.0628933906555176,-9.299310684204102,3.6417126301319005,2.721549304538684,1.6113797553057976,9.525345802307129,6.251615137060483,6.190420627593994,7.02853832244873,7.276598477363587,7.751966390609741,4.893418642649169,3.3828038797199853,3.364114994143291,3.6673984727217546,3.7657448772474975,3.9711692851948652,9.525345802307129,5.954654167195161,5.886895656585693,6.9106025218963625,7.143277406692506,7.685064921379091,-4.156343460083008,-5.769098950127761,-5.717525959014893,-5.077072668075561,-4.916960573196411,-4.6028946781158435,16.727012157440186,11.723753117322921,11.66673994064331,12.826078081130982,13.196722745895386,14.038147687911989,1.6717248161211282,1.6112624696488134,1.6119119554033423,1.6359305250650615,1.6428368029560927,1.6513334170107503,0.01113103540660218,1.6100499665429262
R0,mtbench,S4_v_stored_ctx_l2,4.5,8.25,12.625,15.5625,21.75,24.25,29.625,36.0,58.0,7.272847499656129,58.0,805.0;843.0;470.0;511.0;331.0;397.0;468.0;441.0;409.0;941.0,0.13779687089844772,7.916276981595924,0.001783939983835934,0.008681944749263962,0.01701821743011805,0.07966313515542671,125480,1024,0.6487822508926455,3.6487822508926455,54.0,0.03441035421716122,6.162544316594862,4.5,-58.0,3.71479495133298,2.7273178123710484,7.9748681658377025,58.0,29.041750179311443,29.625,36.75,39.0,44.0,8.005524255278804,3.2767336191625542,3.2180094680680207,3.6096896180501257,3.8065364935523385,4.115179248788271,54.0,27.203791938954414,27.75,34.75,37.0,41.75,-8.625,-27.187801840930824,-27.625,-18.375,-13.375,-9.75,98.5,54.39159377988524,55.875,68.0,71.25,78.5,11.093857473548352,7.814885755394254,8.221981183688616,9.259529117098097,9.501094658999186,10.006533108029732,0.008246426416621516,7.974793927745987
R0,mtbench,S4_v_stored_draft_l2,4.375,7.6875,11.5625,14.3125,21.125,24.25,30.750125000005937,39.5,61.0,8.540889170864121,61.0,508.0;447.0;438.0;480.0;385.0;389.0;455.0;416.0;468.0;498.0,0.2961717849433033,6.874185458771095,0.0050273912969453554,0.022337802580437043,0.040714048619807486,0.1597466744891869,4800,1024,1.4217771321376862,4.421777132137686,52.75,0.03360739108970544,5.434291110223664,4.375,-61.0,4.30546573139785,2.9578079300738453,7.142113517652442,61.0,31.49140625,31.5,39.5,42.0,47.75,7.076610919181498,4.089514110754933,3.9734342535198,4.943078819300809,5.2550071249585075,5.920287330536204,52.75,29.2366015625,29.125,37.75,40.5,46.002500000000055,-12.0,-28.854140625,-28.875,-20.5,-18.5,-15.9375,99.0,58.0907421875,58.5,72.0,76.00625000000002,85.25,9.201402015821389,7.045987521590304,7.413623907717314,8.237180154994412,8.402588906540817,8.712137947145857,-0.025169346905069834,7.142034447011431
R0,mtbench,S4_kctx_lin_l3,6.375,12.5,20.0,25.5,37.5,42.5,54.25,70.5,120.0,9.804411797056927,120.0,699.0;939.0;1016.0;955.0;949.0;702.0;1021.0;946.0;557.0;1019.0,0.4417670572130997,11.196101217221187,0.007899308998609269,0.03394630834548404,0.05855984647073555,0.1966480209567692,125480,1024,1.6109178595262739,4.610917859526274,120.0,0.12032926841253405,9.06141726323643,6.375,-106.0,4.432411166586153,3.06387868658029,12.239387990212876,120.0,51.01576147593242,49.5,65.5,71.0,84.0,9.762203196639962,4.23595759323817,3.9638140791530923,5.499780594166357,6.037605586036751,8.352419399851227,120.0,48.16909368026777,46.75,61.75,68.0,81.5,-26.875,-47.05593022792477,-45.5,-35.75,-33.5,-29.625,195.0,95.22502390819254,92.5,119.25,129.75,153.0,18.593705956101893,12.094821087437776,12.048181040276521,14.214480878979169,15.183054771666866,16.79162070491417,0.08203837532874059,12.238796478499447
R0,mtbench,S4_vctx_lin_l3,4.65625,8.5625,13.3125,16.75,25.125,28.875,37.75,49.500024999986636,90.0,10.508427171673707,90.0,577.0;525.0;636.0;545.0;675.0;980.0;929.0;951.0;608.0;735.0,0.21641782153315692,8.410149212380372,0.0020715330030674772,0.010128711558267818,0.019910195396303017,0.09514140890091795,125480,1024,1.6932688007723993,4.693268800772399,90.0,-0.04784589811781611,6.4457231915708055,4.65625,-84.5,4.407701397007583,2.9336025854255765,8.564554764446775,90.0,34.17061135240676,33.0,47.25,51.75,60.75,7.051864837329115,3.749235308188876,3.6534333569420676,4.469960664289,4.715648650424789,5.231530448458444,90.0,31.802204783630856,30.5,44.5,48.5,57.25,-8.3125,-31.893718122409947,-30.75,-22.0,-17.5,-9.875,159.5,63.695922906040806,61.25,87.25,95.5,110.0,14.93776068440642,8.346622994523582,8.26438527548629,10.67193813781813,11.335793425757839,12.758276673412471,0.012048353045052848,8.564421117812998
R0,mtbench,S4_kdraft_lin_l3,11.3125,20.625,32.25,41.0,65.0,75.5,91.5,112.5,169.0,8.458352518687295,169.0,458.0;834.0;455.0;478.0;453.0;877.0;395.0;423.0;769.0;418.0,0.6315058094121685,16.41186339574682,0.017836296390626005,0.07636867546774745,0.13195419106104356,0.3517930993529776,4800,1024,2.083522356928875,5.083522356928875,169.0,0.47971605223448327,14.773104956601747,11.3125,-124.5,4.5795222216561395,3.2532125071874214,19.980250246915478,169.0,89.17625,87.0,105.0,112.02500000000009,128.0,10.196736874449913,4.945570019105995,4.634885533157961,6.40366495413927,6.897077484010295,7.938040639896159,169.0,88.755625,86.5,105.0,112.0,128.0,-47.75,-79.0675,-78.5,-66.0,-63.25,-56.997499999999945,279.5,167.823125,164.5,196.5,207.0,232.0,27.32190426085088,19.82926395596179,19.870931350225035,23.013399495081043,23.791685749074635,25.0544289545732,0.27916346895229593,19.97449054265451
R0,mtbench,S4_vdraft_lin_l3,6.0625,10.9375,16.875,21.125,30.5,34.25,43.25,54.750024999986636,75.5,7.288182400274646,75.5,797.0;407.0;444.0;599.0;781.0;619.0;388.0;554.0;529.0;427.0,0.3033605354803567,9.97670971021217,0.0049734097155622655,0.021149599335638956,0.03694511815504828,0.13093648603607244,4800,1024,1.2898396696724506,4.289839669672451,68.5,-0.07633834375854348,7.820478402612013,6.0625,-75.5,4.175018394859317,2.9442326252765127,10.359235794805969,75.5,43.653671875,43.25,54.0,57.0,62.75,8.137246507144068,4.150809585001609,3.8716209098913525,5.352064772142818,5.869044446113673,6.773167291152087,68.5,39.45450520833333,39.25,48.5,51.5,58.75,-19.25,-41.41979166666667,-40.75,-31.625,-29.75,-26.123749999999973,128.0,80.874296875,81.25,97.5,101.75,110.75,14.718465904789582,10.213636736068334,10.618138656001612,12.178975945676749,12.499355200539547,13.155897316136947,-0.04640419168679158,10.358954518177086
R0,mtbench,S4_k_stored_ctx_l3,0.8991003632545471,1.8137353956699371,2.9663235425949113,3.7606508612632745,5.325877661705018,5.933715317249299,7.286631938934502,8.772256470584564,11.842584609985352,6.8038084901296045,11.842584609985352,613.0;440.0;698.0;171.0;557.0;246.0;48.0;168.0;190.0;638.0,0.4677496906055786,1.572283892577091,0.008526611020269,0.03330271415846711,0.05926376939393235,0.1958013124720691,125480,1024,1.3449324907663343,4.344932490766334,10.870451927185059,-0.004314992422749221,1.2823740773331684,0.8991003632545471,-11.842584609985352,4.186319953227965,3.0598262833222036,1.7405817090774354,11.842584609985352,7.192534773380923,7.043733358383179,8.384445190429688,8.790946006774902,10.702583312988281,6.896674071128165,4.278262361014069,4.107818710074593,5.281826845141006,5.829861369683264,6.607311470796977,10.870451927185059,6.662695499529761,6.535220146179199,7.795195484161379,8.203042984008789,9.209866523742676,-4.491830825805664,-6.8626454405241955,-6.7172746658325195,-5.730275201797485,-5.505968928337098,-5.141111373901367,18.904648780822754,13.525340940053956,13.29391598701477,15.50473690032959,16.549156665802002,18.169086456298828,1.8722134612915498,1.7401236496530976,1.732990944121374,1.7845785078683396,1.838448074716177,1.8629795829288707,-0.014185955143008402,1.7405763605240987
R0,mtbench,S4_k_stored_draft_l3,0.9892224669456482,1.817619115114212,2.815754747390748,3.467048048973083,4.6569613218307495,5.132177073955536,6.132002353668213,6.839921060226275,8.715518951416016,5.206672169354352,8.715518951416016,586.0;522.0;235.0;1016.0;698.0;699.0;877.0;249.0;174.0;638.0,0.5639538441551732,1.4431663815202593,0.011817479938107587,0.04370416527205301,0.07713966722645026,0.26663875999458525,4800,1024,0.6662432623370256,3.6662432623370256,8.715518951416016,-0.021536008525214197,1.277709492724189,0.9892224669456482,-8.114421844482422,3.663273085083753,2.7820799935494778,1.6739135224825907,8.715518951416016,6.33114491969347,6.305211782455444,6.914339780807495,7.134081101417542,7.602980914115907,4.510168531402058,3.6656371213463386,3.661061993566536,3.8875732033973702,3.952492689376987,4.101790255225778,8.715518951416016,5.96545602619648,5.920992612838745,6.674650526046753,6.896942734718323,7.366828536987305,-4.741456985473633,-6.102196952402592,-6.080292701721191,-5.531215333938599,-5.383483719825744,-5.073647866249084,14.552149772644043,12.067652978599071,12.079330682754517,12.975369787216186,13.233530354499816,13.689256963729859,1.7304099141003306,1.6737744961793068,1.6773881084507538,1.6990196754700713,1.7029863604041113,1.709973501084036,0.000635922218872573,1.673774979227159
R0,mtbench,S4_v_stored_ctx_l3,4.65625,8.5625,13.3125,16.75,25.125,28.875,37.75,49.500024999986636,90.0,10.508427171673707,90.0,577.0;525.0;636.0;545.0;675.0;980.0;929.0;951.0;608.0;735.0,0.21641782153315692,8.410149212380372,0.0020715330030674772,0.010128711558267818,0.019910195396303017,0.09514140890091795,125480,1024,1.6932688007723993,4.693268800772399,90.0,-0.04784589811781611,6.4457231915708055,4.65625,-84.5,4.407701397007583,2.9336025854255765,8.564554764446775,90.0,34.17061135240676,33.0,47.25,51.75,60.75,7.051864837329115,3.749235308188876,3.6534333569420676,4.469960664289,4.715648650424789,5.231530448458444,90.0,31.802204783630856,30.5,44.5,48.5,57.25,-8.3125,-31.893718122409947,-30.75,-22.0,-17.5,-9.875,159.5,63.695922906040806,61.25,87.25,95.5,110.0,14.93776068440642,8.346622994523582,8.26438527548629,10.67193813781813,11.335793425757839,12.758276673412471,0.012048353045052848,8.564421117812998
R0,mtbench,S4_v_stored_draft_l3,6.0625,10.9375,16.875,21.125,30.5,34.25,43.25,54.750024999986636,75.5,7.288182400274646,75.5,797.0;407.0;444.0;599.0;781.0;619.0;388.0;554.0;529.0;427.0,0.3033605354803567,9.97670971021217,0.0049734097155622655,0.021149599335638956,0.03694511815504828,0.13093648603607244,4800,1024,1.2898396696724506,4.289839669672451,68.5,-0.07633834375854348,7.820478402612013,6.0625,-75.5,4.175018394859317,2.9442326252765127,10.359235794805969,75.5,43.653671875,43.25,54.0,57.0,62.75,8.137246507144068,4.150809585001609,3.8716209098913525,5.352064772142818,5.869044446113673,6.773167291152087,68.5,39.45450520833333,39.25,48.5,51.5,58.75,-19.25,-41.41979166666667,-40.75,-31.625,-29.75,-26.123749999999973,128.0,80.874296875,81.25,97.5,101.75,110.75,14.718465904789582,10.213636736068334,10.618138656001612,12.178975945676749,12.499355200539547,13.155897316136947,-0.04640419168679158,10.358954518177086
R0,mtbench,S4_kctx_lin_l4,6.75,12.8125,19.5,24.125,34.25,38.5,48.5,64.0,102.0,8.500412470426468,102.0,38.0;114.0;120.0;62.0;58.0;243.0;125.0;755.0;50.0;127.0,0.37039742702800915,11.277040021874598,0.007381809017903404,0.030928217967766285,0.052624230681478715,0.16455183050765176,125480,1024,0.8760576012454004,3.8760576012454004,102.0,0.02170173876339021,9.157233199525713,6.75,-89.5,4.041862792310625,2.8543051677657503,11.999417717065514,102.0,47.238790046222505,45.75,61.25,65.0,72.0,9.379419688821145,3.7885228498717436,3.449318838203046,5.18866067755655,6.036065793521344,6.988527945751764,102.0,44.388976330889385,42.75,57.5,63.0,68.5,-25.0,-43.58758168632451,-42.0,-33.75,-31.625,-26.875,166.5,87.9765580172139,85.75,110.0,118.25,129.0,17.222876165191693,11.888468890424528,12.040211878321111,13.570954488752978,14.124492031004939,15.232181718940826,0.02192246232303552,11.999398092536158
R0,mtbench,S4_vctx_lin_l4,4.5,8.1875,12.5,15.5625,22.625,25.625,33.0,43.50004999997327,88.0,11.13213402664028,88.0,88.0;40.0;44.0;22.0;101.0;117.0;110.0;508.0;57.0;16.0,0.2011673866032,7.776409320783909,0.0021465182033420685,0.010447279169314056,0.02048750144900063,0.09834484409940907,125480,1024,1.5395809503360622,4.539580950336062,81.0,0.001929732643925254,6.0109896237425575,4.5,-88.0,4.174550259990105,2.8620969585538223,7.905043165075756,88.0,32.83393518887472,31.5,45.5,50.0,58.5,10.56793661859708,3.948488654262399,3.610687672355201,5.360483961622008,6.0024955596954115,7.606732607065235,81.0,30.500370078897035,29.25,42.25,46.25,55.0,-9.5625,-30.575657475294868,-29.375,-21.25,-18.0,-10.375,133.25,61.0760275541919,58.625,83.25,91.0,104.0,12.593355159110391,7.779976753129971,7.932514460331841,9.295475826619704,9.69582587582657,10.72409657505906,-0.00319065800617398,7.9050429295382605
R0,mtbench,S4_kdraft_lin_l4,8.5625,15.0625,22.0,27.0,38.0,42.75,53.0,63.75,88.0,6.538330835835003,88.0,62.0;487.0;114.0;428.0;58.0;478.0;38.0;123.0;104.0;506.0,0.5439516787477232,11.756880291719648,0.014113668774728066,0.0527540404787348,0.0885840210298247,0.26487705731946687,4800,1024,0.7281601970353595,3.7281601970353595,80.5,-0.13667212057393044,10.433870992230561,8.5625,-88.0,3.937858344309718,2.823370133656024,13.459092574161799,88.0,53.33875,53.0,62.77500000000009,66.0,71.5,5.321204485272922,3.5099627205790376,3.479463738721452,3.7494727293268952,3.856483172898662,4.129742304564178,80.5,52.76963541666667,52.5,62.0,65.0,71.0,-27.0,-45.190989583333334,-44.25,-35.0,-33.25,-30.625,148.0,97.960625,97.25,116.5,121.75,130.25,18.39618013686679,13.342402657249425,13.52041848084464,15.58290832080745,16.10514448506399,16.904962909829944,0.05299895201834749,13.458398628786231
R0,mtbench,S4_vdraft_lin_l4,4.28125,7.53125,11.3125,14.125,21.125,24.75,32.5,42.0,82.5,11.671612827805694,82.5,57.0;117.0;10.0;41.0;44.0;51.0;29.0;126.0;99.0;83.0,0.28775983853280096,6.834044666796265,0.003360620668636729,0.016072515952452692,0.029580234400292803,0.12836476220783968,4800,1024,2.0538888020297543,5.053888802029754,82.5,-0.049872164714615794,5.329169779765264,4.28125,-70.0,4.59790808368103,2.9886402543926702,7.0684318626006295,82.5,31.0481640625,30.375,43.25,47.5,57.252500000000055,11.275988885194273,4.085061195428152,3.8722977712673723,5.184668353972761,5.616380257885391,6.961010755688944,82.5,27.727369791666668,26.625,40.0,43.75,53.5,-10.6875,-29.108567708333332,-28.5,-18.625,-17.0,-14.75,136.0,56.8359375,55.125,78.75,86.0,101.25250000000005,10.656654196699145,6.910462755338273,7.195165292157553,8.574624457039539,8.854772837514941,9.391867319341198,-0.0322948021332601,7.068255920905417
R0,mtbench,S4_k_stored_ctx_l4,1.0165671110153198,1.9668121337890625,3.11435720920563,3.8986458301544182,5.471256818771363,6.066186490058901,7.40780225706108,8.807520508670489,11.555399894714355,6.259996219043345,11.555399894714355,633.0;751.0;564.0;621.0;562.0;230.0;428.0;237.0;243.0;62.0,0.41836359534483214,1.7061267057782605,0.007237678098211017,0.031704952767453165,0.050921524535156186,0.17053618176598268,125480,1024,0.981108545727666,3.981108545727666,11.082250595092773,0.014839300409167333,1.389419046870892,1.0165671110153198,-11.555399894714355,4.013086050084244,2.963986301728115,1.8459116412182524,11.555399894714355,7.358009612959283,7.213813543319702,8.694621658325197,9.105867385864258,9.793498039245605,6.670067252564894,3.9284955631843643,3.7482136788271117,5.066193680027304,5.4578148874107875,6.184099634311905,11.082250595092773,6.972973546067506,6.7954511642456055,8.448873519897461,8.888860702514648,9.744362831115723,-4.578343391418457,-6.820769280645549,-6.702972412109375,-5.801146507263184,-5.577869415283203,-5.204800128936768,19.598831176757812,13.793742826713055,13.587477207183838,15.803892087936402,16.49744939804077,18.168286323547363,1.9626494879385719,1.8455755530219753,1.8405816998942979,1.8941873492268704,1.9223195426344086,1.9471843106702158,0.026170226323431016,1.8458519936193227
R0,mtbench,S4_k_stored_draft_l4,1.1206780672073364,1.978618562221527,2.9419562816619873,3.5947175383567807,4.912057876586914,5.411874833106999,6.43507851171502,7.504109961652701,8.74919605255127,4.899041392442363,8.74919605255127,631.0;172.0;62.0;576.0;114.0;512.0;487.0;374.0;428.0;117.0,0.519309909897315,1.5808102446924917,0.01087548558377501,0.046749000897671866,0.0781211157649713,0.25591912949253215,4800,1024,0.500881417811001,3.500881417811001,8.577125549316406,-0.006536611256275432,1.3871594589789618,1.1206780672073364,-8.74919605255127,3.603270037972845,2.7504669817582434,1.7858995978373344,8.74919605255127,6.716717545092106,6.673718690872192,7.480138874053956,7.744745659828186,8.192173395156862,4.370167869116352,3.4928388359397338,3.501045924952004,3.772820516974502,3.837552365668372,3.982823436192528,8.577125549316406,6.318685250878334,6.280548095703125,7.016539430618287,7.257282447814942,7.756643676757813,-4.802072525024414,-6.494392664631207,-6.418335676193237,-5.70306658744812,-5.519163131713867,-5.209525475502013,16.98212242126465,12.813077915509542,12.75668716430664,14.03505973815918,14.417402577400207,15.075513901710512,1.8494159244088044,1.7857857273296123,1.787945872290895,1.8105875429150793,1.816796501149519,1.8265542026055481,-0.03969011741746836,1.7858876353983855
R0,mtbench,S4_v_stored_ctx_l4,4.5,8.1875,12.5,15.5625,22.625,25.625,33.0,43.50004999997327,88.0,11.13213402664028,88.0,88.0;40.0;44.0;22.0;101.0;117.0;110.0;508.0;57.0;16.0,0.2011673866032,7.776409320783909,0.0021465182033420685,0.010447279169314056,0.02048750144900063,0.09834484409940907,125480,1024,1.5395809503360622,4.539580950336062,81.0,0.001929732643925254,6.0109896237425575,4.5,-88.0,4.174550259990105,2.8620969585538223,7.905043165075756,88.0,32.83393518887472,31.5,45.5,50.0,58.5,10.56793661859708,3.948488654262399,3.610687672355201,5.360483961622008,6.0024955596954115,7.606732607065235,81.0,30.500370078897035,29.25,42.25,46.25,55.0,-9.5625,-30.575657475294868,-29.375,-21.25,-18.0,-10.375,133.25,61.0760275541919,58.625,83.25,91.0,104.0,12.593355159110391,7.779976753129971,7.932514460331841,9.295475826619704,9.69582587582657,10.72409657505906,-0.00319065800617398,7.9050429295382605
R0,mtbench,S4_v_stored_draft_l4,4.28125,7.53125,11.3125,14.125,21.125,24.75,32.5,42.0,82.5,11.671612827805694,82.5,57.0;117.0;10.0;41.0;44.0;51.0;29.0;126.0;99.0;83.0,0.28775983853280096,6.834044666796265,0.003360620668636729,0.016072515952452692,0.029580234400292803,0.12836476220783968,4800,1024,2.0538888020297543,5.053888802029754,82.5,-0.049872164714615794,5.329169779765264,4.28125,-70.0,4.59790808368103,2.9886402543926702,7.0684318626006295,82.5,31.0481640625,30.375,43.25,47.5,57.252500000000055,11.275988885194273,4.085061195428152,3.8722977712673723,5.184668353972761,5.616380257885391,6.961010755688944,82.5,27.727369791666668,26.625,40.0,43.75,53.5,-10.6875,-29.108567708333332,-28.5,-18.625,-17.0,-14.75,136.0,56.8359375,55.125,78.75,86.0,101.25250000000005,10.656654196699145,6.910462755338273,7.195165292157553,8.574624457039539,8.854772837514941,9.391867319341198,-0.0322948021332601,7.068255920905417
R0q,gsm8k,A_src1,0.01220703125,0.02197265625,0.03369140625,0.04248046875,0.06787109375,0.083984375,0.1318359375,1.6484414062479118,147.0,727.6842358834418,147.0,788.0;1384.0;4062.0;290.0;2352.0;4055.0;291.0;1039.0;3231.0;2265.0,0.9912786192740848,0.028390644597881487,0.9612415443541139,0.9812443578923846,0.985859508760085,0.9913080320813346,20490,4096,394833.71836005425,394836.71836005425,147.0,-6.676672607196968e-05,0.01662365807714967,0.01220703125,-57.75,0.6526185948412564,0.3359777210479061,0.20201069743050748,147.0,1.0331374250777818,0.169921875,0.26171875,0.28515625,0.44921875,2367.919306414572,28.40803968850389,6.422490921372315,31.207417920666256,44.191237348866395,201.00980250743748,147.0,1.0242870235862005,0.1630859375,0.2578125,0.27734375,0.34375,-0.07421875,-0.47869623425298924,-0.13671875,-0.1064453125,-0.099609375,-0.08984375,204.75,1.50298325783919,0.3076171875,0.4091796875,0.4755859375,0.76171875,2.665345618869522,0.036744098634950775,0.021909479376777313,0.02559030479419906,0.026359925815605006,0.02819185210918938,465.6219441990443,0.2020106863969437
R0q,gsm8k,A_src8,0.047119140625,0.0810546875,0.1181640625,0.14453125,0.21484375,0.259765625,0.44921875,1.796875,147.0,684.5992675264483,147.0,788.0;1384.0;4062.0;290.0;2352.0;4055.0;291.0;1039.0;3231.0;2992.0,0.9048920640457313,0.07909335110676832,0.8515873958662085,0.876529137078382,0.8852042167100802,0.9018581845826698,20490,4096,309306.85614957503,309309.85614957503,147.0,6.656288311647668e-06,0.058432776644911616,0.047119140625,-57.75,2.092073654483991,1.0005569651879958,0.21472415612001938,147.0,1.5154447482003417,0.6328125,0.91015625,1.0703125,1.4609375,2361.5509219057126,21.74661712241637,6.579023355147972,12.141328551475892,17.271545027515444,42.835373430885454,147.0,1.4735647533857978,0.58203125,0.90234375,1.0703125,1.4609375,-0.26953125,-0.8638421181063933,-0.5234375,-0.400390625,-0.375,-0.333984375,204.75,2.3374068714921914,1.125,1.46875,1.6328125,2.02734375,2.6671392113642245,0.09059362910445476,0.07539959644312409,0.08157419477513364,0.08380382797667414,0.09380043846099544,387.70659938609145,0.2147241560168494
R0q,gsm8k,A_src15,0.0771484375,0.1337890625,0.1953125,0.23828125,0.359375,0.4453125,0.73046875,2.265625,147.0,617.6004714836332,147.0,788.0;1384.0;4062.0;290.0;2352.0;291.0;4055.0;1039.0;3231.0;2992.0,0.7940549903419883,0.1255584692601049,0.7043409053245315,0.7343558152750344,0.748328974356802,0.785202704482212,20490,4096,204875.52047527497,204878.52047527497,147.0,-0.0005953620901086814,0.09614322113847305,0.0771484375,-57.75,3.068964927918777,1.5098650982274198,0.23801795300911713,147.0,2.6543592148609076,1.7890625,2.75,3.015625,3.625,2369.944592384897,37.54778581198655,14.735935980764623,56.048419932978916,77.45875251014746,148.126273073985,147.0,2.6451751426000487,1.7890625,2.75,3.015625,3.625,-0.384765625,-1.1801222585712543,-0.8359375,-0.65234375,-0.609375,-0.5390625,204.75,3.8252974011713032,2.640625,3.65625,3.943554687499997,4.6180468750000045,2.6647915081080256,0.14249203135227004,0.12774113628514666,0.1394341632316702,0.14298961353062828,0.1521798655257858,284.7935606656786,0.23801720840861895
R0q,gsm8k,A_src22,0.1572265625,0.271484375,0.3984375,0.490234375,0.73046875,0.89453125,1.546875,4.468756249996659,147.0,443.7450596030185,147.0,788.0;1384.0;4062.0;2352.0;290.0;291.0;4055.0;1039.0;3231.0;2992.0,0.5518244644156998,0.24930676941555838,0.39408855508866913,0.4462150109749849,0.46809787356665067,0.5393298683787292,20490,4096,54609.39224409419,54612.39224409419,147.0,0.0003766835661092353,0.19540714266319562,0.1572265625,-57.75,4.669511150159314,2.2050469320196764,0.33127129377284464,147.0,4.590221792642753,3.75,5.5625,6.125,7.5,2373.5389151622107,41.35485272697172,17.310408694098818,64.90642330708404,91.03532482571758,178.3371376610648,147.0,3.455537190397755,2.46875,4.1875,4.625,5.628437500000018,-0.84765625,-4.013393728648121,-3.6875,-1.859375,-1.546875,-1.1484375,204.75,7.468930919045876,6.15625,9.5,10.375,12.5625,2.663695190489182,0.2773918194801809,0.2629593030256949,0.2897213738830671,0.2984184238076992,0.3205865984903007,105.19169637175109,0.33127107961218916
R0q,gsm8k,A_src29,0.302734375,0.51953125,0.75390625,0.91015625,1.2578125,1.4296875,2.046875,11.812506249996659,147.0,274.74438649136215,147.0,788.0;1384.0;4062.0;2352.0;290.0;291.0;1951.0;1039.0;1869.0;2252.0,0.36488509323132745,0.463451858637429,0.24497032202697847,0.2701153293942912,0.2863876679526339,0.3515955780319084,20490,4096,8076.534233247793,8079.534233247793,147.0,-0.0007683376774625701,0.3675025305537388,0.302734375,-57.5,3.8256286809490265,2.3508634260793637,0.5350427787707379,147.0,11.498296425085407,10.875,14.8125,16.0,19.0,2319.950000639269,91.0992490127281,58.86395343706488,174.13183542614794,227.22611847470776,373.44203200635957,147.0,3.1454707326744753,2.25,2.953125,3.203125,3.921875,-1.515625,-10.979261224987798,-10.875,-6.4375,-5.3125,-3.21875,204.5,14.124731957662274,13.15625,17.484375,18.765625,21.96875,2.679155227930602,0.5085476349158115,0.4954654482922778,0.5366803943263306,0.5496798185623817,0.5824258426308382,22.61457119004711,0.5350422270923354
R0q,gsm8k,B_concat,0.07080078125,0.1845703125,0.392578125,0.5625,0.93359375,1.0859375,1.5234375,3.953129687497494,147.0,447.4813169000212,147.0,13076.0;17172.0;788.0;8980.0;4884.0;13672.0;9576.0;5480.0;1384.0;17768.0,0.8257498426130955,0.18916021860354842,0.4334721726827539,0.47237263896749815,0.4947708757438089,0.591547224424142,20490,20480,56539.83800872577,56542.83800872577,147.0,-0.00020942532784446765,0.14682186581549375,0.07080078125,-57.75,4.6374817599651434,2.8419439503376136,0.32850533519110825,147.0,11.498716980844314,10.875,14.8125,16.0,19.0,2358.4307329401977,227.07821185787552,159.93309894656431,481.6593501959844,631.9475230143779,1058.8695835830645,147.0,3.722027132137628,2.71875,4.1875,4.625,5.628437500000018,-1.53125,-10.982106362859932,-10.875,-6.4375,-5.3125,-3.232656249999991,204.75,14.70413349499756,13.6875,18.515625,19.90625,23.222187500000018,2.6679918689860145,0.27396629193077426,0.25997602109897705,0.28052135290295666,0.2870069523158165,0.30362214983321417,106.08846102080628,0.32850526843576566
R0q,gsm8k,C_Zt_fp,1.84375,3.1875,4.6875,5.84375,21.125,38.0,75.0,168.00009999994654,290.0,47.46573440098416,290.0,2017.0;432.0;2117.0;2062.0;2910.0;3230.0;4030.0;977.0;3447.0;3960.0,0.6256986495374588,4.9463527429086644,0.07735417117154822,0.17675840375149757,0.24569492428668407,0.4417125222662251,42995,4096,278.7232904881521,281.7232904881521,288.0,0.01659761677439383,2.6690751024406705,1.84375,-290.0,12.275620965771765,3.4576332386923805,6.109670558346762,290.0,75.31953134085359,70.0,88.0,96.14999999999782,284.0,272.1407711550789,98.84204259895374,90.82755331521457,161.9144132685183,181.33876901199156,227.9072298651322,288.0,61.05866379811606,53.5,82.5,95.5,284.0,-35.75,-73.63532387486917,-69.5,-58.5,-55.25,-50.0,578.0,134.69398767298523,124.25,161.5,178.0,568.0,40.4059704636748,3.9036945040762525,3.273752128106571,3.7545731132720577,4.026193726070837,39.85321800510739,0.32421965556201404,6.109648013645847
R0q,gsm8k,C_Ht_fp,0.640625,1.1015625,1.609375,1.9453125,2.671875,2.984375,4.53125,16.25,22.0,21.076794836994118,22.0,3573.0;604.0;2361.0;3230.0;494.0;707.0;3510.0;2790.0;1601.0;2117.0,0.25561648937595605,0.9784813958020918,0.11636170998049405,0.1342797070836027,0.14242313894673694,0.1960267085742242,42995,4096,21.353169341648695,24.353169341648695,16.75,0.002784417755506021,0.7814714847377027,0.640625,-22.0,4.341101209324073,2.5597527820497117,1.0438019713218192,22.0,15.920906500755901,16.125,18.625,19.25,20.375,85.46993552056621,25.143833447967882,22.88983815125519,41.35169371273244,48.55176189417802,59.532647812425516,16.75,11.587654814513316,11.75,13.6875,14.25,15.1875,-5.3125,-15.919340911733922,-16.125,-13.5625,-12.625,-5.375,38.375,27.506995726247236,27.75,32.125,33.375,35.4375,1.1493318114186315,1.042361648428268,1.0585985417316985,1.0926791260001467,1.1007466032856104,1.1150957213231738,-0.3394816215303273,1.043798257496667
R0q,gsm8k,S4_kctx_lin_l0,6.65625,11.75,17.625,22.0,32.75,39.25,64.0,135.0,204.0,18.066396900944532,204.0,130.0;932.0;134.0;622.0;625.0;36.0;638.0;559.0;420.0;135.0,0.40345809436544333,10.510415572786798,0.011391062867634093,0.04214644833031935,0.07046370383462601,0.2179424945766028,42995,1024,5.607482403723139,8.60748240372314,136.0,0.17166940260924168,8.439266702325904,6.65625,-204.0,5.6678892238257355,2.9003651887545754,11.291681518927255,204.0,50.0504331899058,42.25,71.5,90.0,158.0,33.155541436280664,4.2629561282327035,3.5252561874498776,5.955679968194844,8.474295939959509,13.585169864479534,136.0,45.27668042795674,39.5,63.0,74.0,135.0,-23.125,-46.00493662053727,-38.75,-31.875,-30.5,-28.125,295.0,91.28161704849401,78.25,127.25,153.0,293.0,26.56109083302872,11.06142606995376,10.579480397502126,12.578261388563922,13.356340896477285,26.434024058738064,-0.08830924147118024,11.290376483585085
R0q,gsm8k,S4_vctx_lin_l0,3.328125,5.75,8.5,10.3125,14.375,16.0,19.875,24.875,36.0,6.941401645309412,36.0,101.0;63.0;919.0;967.0;100.0;34.0;85.0;29.0;121.0;55.0,0.23348989157987166,5.074240801089005,0.005471412823839865,0.01738819302933514,0.028843800693729136,0.10615583594173121,42995,1024,0.5577606371142236,3.5577606371142236,33.25,0.04463295436167817,4.052135686581565,3.328125,-36.0,3.8322321583479044,2.771740240314522,5.186272433079372,36.0,20.47152430515176,20.125,24.5,25.875,29.125,5.7161199771251034,3.470738428254353,3.439575331538367,3.831458026888142,3.975387342763675,4.293439876398128,33.25,18.79975433189906,18.5,22.75,24.125,27.25,-11.125,-19.243775439004537,-18.875,-15.6875,-15.0,-13.3125,61.625,38.043529770903596,37.625,44.125,46.375,50.75749999999971,6.413425896269632,5.173347816947056,5.2148396228845835,5.599700783891404,5.70154404381213,5.931354939122324,-0.019220833628733534,5.186080374377549
R0q,gsm8k,S4_kdraft_lin_l0,7.46875,14.375,23.25,30.125,49.75,61.5,89.5,110.0,128.0,8.563627842974284,128.0,269.0;964.0;904.0;898.0;909.0;8.0;259.0;263.0;902.0;653.0,0.665650711936789,11.90217207723359,0.032328919199376256,0.11267962380823757,0.17419406559673464,0.396526007897133,3600,1024,4.581581982875474,7.581581982875474,128.0,-0.27819968750596874,10.593608435544496,7.46875,-108.5,5.987849155829676,3.328441290531021,14.946936315665903,128.0,83.56427083333334,91.0,110.0,115.5,120.5,9.581481944167622,6.253417261623151,6.270873408424524,8.365924290175856,8.647888447577254,9.468292275242849,128.0,82.6375,91.0,110.0,115.5,120.5,-20.5,-72.80822916666666,-77.0,-49.75,-34.25,-33.74750000000006,235.0,155.44572916666667,167.5,207.0,214.0,224.5,19.67125817110074,14.70861863645434,15.256214128777527,17.514156874330112,18.185192185150395,18.790474826631716,-0.31860774022100175,14.944347097094735
R0q,gsm8k,S4_vdraft_lin_l0,2.046875,3.578125,5.3125,6.5,9.0,10.0,12.0625,14.875,20.5,6.3663214653232085,20.5,944.0;932.0;916.0;38.0;956.0;58.0;896.0;18.0;88.0;950.0,0.22307545255207217,3.157287264924957,0.003036015317489066,0.01379760695269657,0.025864393603973784,0.10710177341039642,3600,1024,0.5587490570108828,3.558749057010883,20.5,0.03176417821397384,2.5085586048704056,2.046875,-19.75,3.7460367158761563,2.794970399410189,3.220069880489336,20.5,12.100034722222222,12.25,14.625,15.3125,17.0,4.358990857648068,3.340454037521414,3.2932240513224555,3.722657306768693,3.861430168039926,4.021107158299768,20.5,11.4175,11.0625,13.8125,14.875,17.0,-7.5625,-11.18329861111111,-11.5,-7.875,-7.875,-7.5625,36.0625,22.60079861111111,22.875,26.8125,27.375,30.8125,3.9452173378478768,3.187244084723108,3.387033345102207,3.6154196214481398,3.6921373199933134,3.7532426074028318,-0.0032991939037246613,3.219913208801908
R0q,gsm8k,S4_k_stored_ctx_l0,0.8527964651584625,1.5168659090995789,2.245357608795166,2.7381866097450245,3.9442451000213623,4.717087514400484,7.378945775032335,10.142151715467893,15.21633529663086,10.818364109139257,15.21633529663086,224.0;352.0;736.0;992.0;96.0;608.0;159.0;415.0;799.0;31.0,0.3410602427587833,1.3187328089965118,0.024693450034032345,0.08745801453145882,0.12175881174009764,0.2181393192928208,42995,1024,2.339359146552657,5.339359146552657,13.270759582519531,0.004553826011830218,1.0688210886838179,0.8527964651584625,-15.21633529663086,5.24621208587391,2.8042415467256014,1.4065283016104289,15.21633529663086,7.491427169404538,7.497692584991455,9.941679954528809,10.542924880981445,11.650773048400879,16.636651152035803,5.005408850481078,4.627463759894039,6.999779378196598,7.779150621308445,9.690803860776253,13.270759582519531,6.702677939800152,6.681671142578125,8.940977096557617,9.467615127563477,10.453128814697266,-3.5102877616882324,-7.1156733754041905,-6.941654205322266,-4.633304119110107,-4.315890789031982,-3.8848798274993896,27.496719360351562,13.818351315204342,13.816040515899658,18.263572692871094,19.265073776245117,21.29092502593994,1.6451015086435183,1.4034173845186602,1.42796495602186,1.5067581552768317,1.523608260412425,1.550706332063788,-0.06995135311501974,1.4065209297766497
R0q,gsm8k,S4_k_stored_draft_l0,0.7513304948806763,1.3335565626621246,1.9748901486396797,2.41884571313858,3.5272393679618848,4.243585929870607,6.200638294219971,7.008152529573417,8.284080505371094,6.7055501194110585,8.284080505371094,149.0;287.0;31.0;224.0;144.0;208.0;96.0;746.0;528.0;992.0,0.5323017202132823,1.0809148771531807,0.02618809474609901,0.08767589564519124,0.12750109734436993,0.3007218111471959,3600,1024,1.8665896048734254,4.866589604873425,8.284080505371094,-0.007170314503453331,0.941424204012449,0.7513304948806763,-7.5935797691345215,5.0191075312792295,2.855124397897034,1.2354065450037492,8.284080505371094,6.5659322228696615,6.617934703826904,7.06482424736023,7.403878211975098,7.730273413658142,6.4256864664834845,4.856673139426053,4.9622183322436415,5.591440256090449,5.945193875720115,6.246055859250671,8.284080505371094,5.923462998006079,5.871359348297119,6.668001937866211,7.26507074832916,7.730273413658142,-3.628389358520508,-6.458595040970378,-6.56984281539917,-5.835857152938843,-5.625120639801025,-4.790579466819763,14.58388614654541,12.382058038976457,12.478448390960693,13.344265937805176,13.88464603424072,14.442098140716553,1.3854236471066705,1.2348469810997773,1.2250821079357022,1.2893638483693957,1.290122454539226,1.324591397852154,-0.013213713150404158,1.2353857365325303
R0q,gsm8k,S4_v_stored_ctx_l0,3.328125,5.75,8.5,10.3125,14.375,16.0,19.875,24.875,36.0,6.941401645309412,36.0,101.0;63.0;919.0;967.0;100.0;34.0;85.0;29.0;121.0;55.0,0.23348989157987166,5.074240801089005,0.005471412823839865,0.01738819302933514,0.028843800693729136,0.10615583594173121,42995,1024,0.5577606371142236,3.5577606371142236,33.25,0.04463295436167817,4.052135686581565,3.328125,-36.0,3.8322321583479044,2.771740240314522,5.186272433079372,36.0,20.47152430515176,20.125,24.5,25.875,29.125,5.7161199771251034,3.470738428254353,3.439575331538367,3.831458026888142,3.975387342763675,4.293439876398128,33.25,18.79975433189906,18.5,22.75,24.125,27.25,-11.125,-19.243775439004537,-18.875,-15.6875,-15.0,-13.3125,61.625,38.043529770903596,37.625,44.125,46.375,50.75749999999971,6.413425896269632,5.173347816947056,5.2148396228845835,5.599700783891404,5.70154404381213,5.931354939122324,-0.019220833628733534,5.186080374377549
R0q,gsm8k,S4_v_stored_draft_l0,2.046875,3.578125,5.3125,6.5,9.0,10.0,12.0625,14.875,20.5,6.3663214653232085,20.5,944.0;932.0;916.0;38.0;956.0;58.0;896.0;18.0;88.0;950.0,0.22307545255207217,3.157287264924957,0.003036015317489066,0.01379760695269657,0.025864393603973784,0.10710177341039642,3600,1024,0.5587490570108828,3.558749057010883,20.5,0.03176417821397384,2.5085586048704056,2.046875,-19.75,3.7460367158761563,2.794970399410189,3.220069880489336,20.5,12.100034722222222,12.25,14.625,15.3125,17.0,4.358990857648068,3.340454037521414,3.2932240513224555,3.722657306768693,3.861430168039926,4.021107158299768,20.5,11.4175,11.0625,13.8125,14.875,17.0,-7.5625,-11.18329861111111,-11.5,-7.875,-7.875,-7.5625,36.0625,22.60079861111111,22.875,26.8125,27.375,30.8125,3.9452173378478768,3.187244084723108,3.387033345102207,3.6154196214481398,3.6921373199933134,3.7532426074028318,-0.0032991939037246613,3.219913208801908
R0q,gsm8k,S4_kctx_lin_l1,7.5625,13.3125,20.0,24.625,34.5,38.5,47.0,59.50004999997327,86.0,7.017166869381144,86.0,783.0;23.0;782.0;93.0;856.0;85.0;990.0;786.0;848.0;18.0,0.48185973728492293,11.044766518819479,0.01046843581272849,0.04002269615727053,0.07206761598441233,0.2443980830261222,42995,1024,0.7385300380880668,3.738530038088067,86.0,0.5881681642837234,9.46435436035687,7.5625,-70.5,3.834963289080393,2.8150262441122034,12.25565838761142,86.0,46.24275497150831,45.5,58.25,63.0,69.0,6.349257260282694,3.4180542570618977,3.3441245125484587,3.872822636973293,4.0870336956404945,6.158191106524202,86.0,45.01078323060821,44.5,56.5,60.5,68.5,-19.375,-40.72589836027445,-40.0,-30.75,-28.5,-25.25,147.5,85.73668159088265,85.0,106.0,111.25,123.0,18.29668300042561,12.119758673503899,12.271355856118657,14.357478662004858,14.897248437529315,15.839895816318986,0.11897030626617097,12.241536697831416
R0q,gsm8k,S4_vctx_lin_l1,4.1875,7.1875,10.4375,12.5625,16.875,18.5,22.0,27.375,61.25,9.636202966047101,61.25,870.0;718.0;604.0;238.0;271.0;331.0;548.0;909.0;867.0;241.0,0.144367871754149,6.302148993806652,0.003819615064963285,0.012242983739873295,0.021550587346882616,0.08501854678390076,42995,1024,0.21942434343165917,3.219424343431659,39.75,-0.03518438780144618,5.027389050848914,4.1875,-61.25,3.461166779641408,2.654872245747671,6.356238055156446,61.25,23.21222525875102,22.75,27.25,29.0,35.0,8.522123572932024,3.157539631079555,3.125027007911752,3.4287617137352213,3.5557693222092217,3.8637385592143465,39.75,21.5081157692755,21.25,25.25,26.625,29.5,-14.0625,-21.88392254913362,-21.5,-18.0,-17.125,-15.25,100.75,43.39203831840912,43.0,49.5,52.125,57.75,7.64937153586407,6.340148178927899,6.400323780870188,6.862185947370243,6.970405943957504,7.179966477946441,0.004368968000134211,6.356140674393074
R0q,gsm8k,S4_kdraft_lin_l1,5.125,11.75,21.875,28.375,41.75,47.0,59.25,75.0,97.5,7.744456990403136,97.5,256.0;783.0;786.0;23.0;856.0;529.0;85.0;528.0;532.0;597.0,0.7250052990588183,9.415036721939039,0.020590529080613918,0.07250470645717749,0.12190481654246782,0.3808427853097895,3600,1024,3.0160654625266092,6.016065462526609,97.5,0.35103309980800584,8.47873461600807,5.125,-75.0,4.706246940321906,3.3162161984546765,12.589649619181971,97.5,56.52243055555556,59.25,72.5,76.0,82.0,7.292885873367925,5.0452341326199885,5.041805103837928,5.587619323766278,5.815317899267489,6.311079718329079,97.5,56.52243055555556,59.25,72.5,76.0,82.0,-9.875,-41.42899305555556,-43.0,-24.23750000000001,-15.246875000000017,-11.749375000000015,162.0,97.95142361111111,102.75,125.25,132.5,144.5,18.901006165808052,12.139203372587552,12.819279953448262,15.552048079718555,16.245547867330774,17.289928801503102,0.3394608751464476,12.584754796840816
R0q,gsm8k,S4_vdraft_lin_l1,1.8984375,3.546875,5.59375,7.15625,10.75,12.25,15.5,19.625024999986636,29.25,8.544989170536319,29.25,676.0;741.0;765.0;758.0;698.0;259.0;673.0;668.0;333.0;702.0,0.38755332497178796,3.217028434693983,0.0054409811122986835,0.024398712667262904,0.044704122435897165,0.17019367706679606,3600,1024,1.947172870688834,4.947172870688834,29.25,0.003683847747096378,2.5126442969017404,1.8984375,-26.125,4.528113919429503,3.140466105410784,3.423058755984842,29.25,14.69404296875,15.5,19.375,20.75,23.12624999999997,7.878771178686067,4.23920295052331,4.201840238043145,4.9921369217259315,5.242455687336465,5.819176819677801,29.25,13.56822265625,14.25,18.125,19.625,22.625,-1.9296875,-13.577428385416667,-14.25,-6.650000000000006,-2.9054687500000043,-2.34375,45.5,27.145651041666667,28.9375,34.875,36.625,40.125,4.3266381666122635,3.306364265589545,3.5801395765938855,3.973083263775733,4.061270438226747,4.188726845884653,0.03758860656320293,3.42305677373167
R0q,gsm8k,S4_k_stored_ctx_l1,0.5923522710800171,1.3848909139633179,2.5177559375762963,3.151236939430236,4.243948655128482,4.644471261501317,5.555072083950055,7.029561996459961,9.61650562286377,6.839171655864496,9.61650562286377,93.0;477.0;990.0;989.0;861.0;734.0;286.0;783.0;847.0;23.0,0.6294288645459629,1.1436916309634624,0.012488450888874554,0.04494988661309597,0.07445787431058624,0.2504104013099931,42995,1024,1.7654633726528912,4.765463372652891,9.61650562286377,0.037689316489585366,0.9770272661876319,0.5923522710800171,-8.4966459274292,3.950716926999663,3.0182578255962547,1.4060921565870843,9.61650562286377,5.979401521608433,5.8075079917907715,7.150345802307129,7.825071334838867,8.58609676361084,9.110151313630736,4.738163741899088,4.647814643799018,5.222019140921316,5.5116528962399896,7.391997102862886,9.61650562286377,5.795421038490213,5.634823799133301,7.037344932556152,7.4853410720825195,8.58609676361084,-3.677741527557373,-5.267784150925774,-5.169704914093018,-4.585672855377197,-4.411209583282471,-4.1582794189453125,16.363102912902832,11.063205189415987,10.90799617767334,12.552367210388184,13.48380708694458,14.384185314178467,1.5662431841870428,1.4042543491007247,1.419034393430504,1.4820509615711368,1.4948375640942608,1.516550785733841,0.07324045829311951,1.4055869479467522
R0q,gsm8k,S4_k_stored_draft_l1,0.3977758288383484,1.5164668560028076,2.8668936967849756,3.574732506275177,4.767292022705078,5.160472841262818,6.114977836608887,8.059807322310625,10.153022766113281,6.569511055903875,10.153022766113281,256.0;320.0;147.0;861.0;211.0;93.0;87.0;847.0;836.0;981.0,0.7272219221962863,1.1002805619053853,0.012043571011828074,0.053509647452258106,0.09694249830983057,0.32180995838224163,3600,1024,2.197840961990627,5.197840961990627,9.863448143005371,0.0019483936383923926,0.9840046471949768,0.3977758288383484,-10.153022766113281,3.956695008927652,3.0846752116436575,1.5454761670564483,10.153022766113281,6.930207141902712,6.891648769378662,7.950423145294189,8.238898944854736,8.790416421890255,6.6299433232591225,5.197094041819201,5.153775559203934,5.608774252918991,5.863238030979591,6.265868921051722,9.863448143005371,6.27638875802358,6.082054853439331,7.5893707275390625,7.958986568450928,8.567668724060058,-4.631042003631592,-6.305655248297585,-6.056921720504761,-5.333868932723999,-5.188291263580322,-4.958282494544983,15.84860897064209,12.582044006321166,12.555204629898071,13.755131435394286,14.122414422035217,14.731829023361206,1.6161976491467511,1.5446934657721716,1.5594824922378976,1.5840223284551196,1.5892988973698872,1.596879940345313,-0.06607976627515388,1.5454749388785705
R0q,gsm8k,S4_v_stored_ctx_l1,4.1875,7.1875,10.4375,12.5625,16.875,18.5,22.0,27.375,61.25,9.636202966047101,61.25,870.0;718.0;604.0;238.0;271.0;331.0;548.0;909.0;867.0;241.0,0.144367871754149,6.302148993806652,0.003819615064963285,0.012242983739873295,0.021550587346882616,0.08501854678390076,42995,1024,0.21942434343165917,3.219424343431659,39.75,-0.03518438780144618,5.027389050848914,4.1875,-61.25,3.461166779641408,2.654872245747671,6.356238055156446,61.25,23.21222525875102,22.75,27.25,29.0,35.0,8.522123572932024,3.157539631079555,3.125027007911752,3.4287617137352213,3.5557693222092217,3.8637385592143465,39.75,21.5081157692755,21.25,25.25,26.625,29.5,-14.0625,-21.88392254913362,-21.5,-18.0,-17.125,-15.25,100.75,43.39203831840912,43.0,49.5,52.125,57.75,7.64937153586407,6.340148178927899,6.400323780870188,6.862185947370243,6.970405943957504,7.179966477946441,0.004368968000134211,6.356140674393074
R0q,gsm8k,S4_v_stored_draft_l1,1.8984375,3.546875,5.59375,7.15625,10.75,12.25,15.5,19.625024999986636,29.25,8.544989170536319,29.25,676.0;741.0;765.0;758.0;698.0;259.0;673.0;668.0;333.0;702.0,0.38755332497178796,3.217028434693983,0.0054409811122986835,0.024398712667262904,0.044704122435897165,0.17019367706679606,3600,1024,1.947172870688834,4.947172870688834,29.25,0.003683847747096378,2.5126442969017404,1.8984375,-26.125,4.528113919429503,3.140466105410784,3.423058755984842,29.25,14.69404296875,15.5,19.375,20.75,23.12624999999997,7.878771178686067,4.23920295052331,4.201840238043145,4.9921369217259315,5.242455687336465,5.819176819677801,29.25,13.56822265625,14.25,18.125,19.625,22.625,-1.9296875,-13.577428385416667,-14.25,-6.650000000000006,-2.9054687500000043,-2.34375,45.5,27.145651041666667,28.9375,34.875,36.625,40.125,4.3266381666122635,3.306364265589545,3.5801395765938855,3.973083263775733,4.061270438226747,4.188726845884653,0.03758860656320293,3.42305677373167
R0q,gsm8k,S4_kctx_lin_l2,6.65625,11.9375,17.875,21.875,29.75,32.75,39.25,47.250024999986636,71.0,6.575990774878138,71.0,1003.0;30.0;958.0;23.0;32.0;938.0;1020.0;414.0;86.0;534.0,0.4147342420293405,10.028316865946191,0.005303606869897401,0.025196839449961556,0.04723379293755738,0.17883490816664604,42995,1024,0.5532450546103629,3.553245054610363,71.0,0.014621608434863417,8.34980241261316,6.65625,-61.75,3.635318843858689,2.7554327542623183,10.796852129299973,71.0,39.86455401790906,39.5,48.0,50.5,56.25,5.20715775081044,3.395443973077917,3.35989975141375,3.727781517022394,3.888770218359816,4.1985628687172944,71.0,38.233576578671936,37.75,46.5,49.5,55.75,-21.0,-36.67953250377951,-36.25,-30.0,-28.125,-24.125,128.0,74.91310908245144,74.5,88.25,92.5,100.25,14.038088852765982,10.734931226439217,10.862720859981165,12.102766614494,12.452709641774126,13.129192167343996,0.04604011783392456,10.79684222865816
R0q,gsm8k,S4_vctx_lin_l2,5.34375,9.1875,13.25,15.9375,21.375,23.375,28.25,33.750024999986636,50.25,6.235198059718335,50.25,478.0;459.0;397.0;480.0;394.0;498.0;426.0;425.0;416.0;486.0,0.11430478579615899,8.016836237937413,0.0018842618013056138,0.009060230385837696,0.017472068748044918,0.0779740379913722,42995,1024,0.18171536895377827,3.1817153689537783,50.25,0.12269022411556664,6.381834836145238,5.34375,-50.25,3.5053601032247355,2.6522857418204855,8.059086418542728,50.25,28.4732759623212,28.375,33.75,35.5,39.5,4.341838893021655,3.0736385960796326,3.053751921795677,3.3142375882937376,3.3794670526546966,3.5635024295466273,50.25,26.946929875566926,26.75,32.25,34.0,38.5,-16.0,-26.632660774508665,-26.5,-21.875,-20.25,-18.75,85.5,53.57959065007559,53.75,62.125,64.875,70.375,10.031664340755643,8.021893303626566,8.162934426163899,8.855620210561383,9.0199292524991,9.35677768375779,0.006891081141793646,8.058152456391374
R0q,gsm8k,S4_kdraft_lin_l2,8.375,14.6875,22.0,27.25,38.5,43.0,57.0,76.50004999997327,96.0,7.232574965153304,96.0,384.0;65.0;787.0;86.0;606.0;406.0;414.0;68.0;448.0;525.0,0.5452152590062114,11.58077026445232,0.022946338602541146,0.055352045406952446,0.08611696471074103,0.2719262869312285,3600,1024,1.0946126061383827,4.094612606138383,78.5,-0.3692133140187555,10.209626674081276,8.375,-96.0,4.2943413855597745,2.90056391831669,13.273281018521065,96.0,63.653888888888886,63.875,77.0,80.5,87.5,5.8663983053168165,3.8482351731882094,3.7908361566131052,4.362583738286945,4.579321112038105,5.057863972841426,78.5,44.44413194444444,44.0,54.25,57.25,62.5,-26.125,-63.583576388888886,-63.75,-49.75,-45.5,-38.25,163.0,108.02770833333334,108.25,127.5,133.0,142.25,19.858890483497188,13.132210549845594,12.99406871066935,15.658294681419802,16.412972116227696,17.871229609547125,-0.08549282219539482,13.268144954189447
R0q,gsm8k,S4_vdraft_lin_l2,4.09375,7.15625,10.5625,12.9375,18.25,20.625,25.75,33.250024999986636,51.25,7.922619925005839,51.25,508.0;487.0;435.0;429.0;447.0;397.0;464.0;422.0;475.0;384.0,0.26118145594073616,6.287769496765964,0.0054873667975367905,0.02134407695073243,0.03755261342380962,0.13409041491358545,3600,1024,0.7896507390301313,3.7896507390301313,45.0,-0.039969477304257456,5.019866656733988,4.09375,-51.25,3.980633425734641,2.8212256318313473,6.468819719376129,51.25,26.38798611111111,25.75,33.0,35.25,40.50249999999994,5.731398206295595,3.5867967753492285,3.5292015333205895,4.062709842774914,4.27386121182571,4.725550567097561,45.0,23.765451388888888,23.375,29.75,31.625,35.5,-12.75,-24.941875,-24.375,-19.0,-17.875,-15.56125000000003,80.0,48.70732638888889,48.375,59.125,62.756249999999966,69.75,8.384201169626005,6.426983566456028,6.471162903928404,7.325166345133876,7.497616917644428,7.776800601829082,-0.03877648331239203,6.468696236698202
R0q,gsm8k,S4_k_stored_ctx_l2,1.0268139839172363,1.8802921772003174,2.8554296255111695,3.529367566108703,4.922338008880615,5.464510102272035,6.613869063377556,8.019538879394531,11.607758522033691,6.7352956615708734,11.607758522033691,759.0;1020.0;748.0;763.0;1003.0;938.0;318.0;308.0;764.0;696.0,0.43281116165254097,1.5842258848228967,0.004988630843577558,0.023589334334334036,0.04529672405251871,0.1860642924920133,42995,1024,0.8398540393892824,3.8398540393892824,11.607758522033691,-0.03134738714198108,1.3135592233628923,1.0268139839172363,-11.102858543395996,3.837637001511305,2.856141586083797,1.7234222676018967,11.607758522033691,7.005314501802205,6.906862258911133,8.07972755432129,8.49216365814209,9.287239627838128,5.43261475682483,3.8297106655028084,3.797327974927707,4.216970407754853,4.367481530811947,4.60804334584204,11.607758522033691,6.626368000535359,6.5007100105285645,7.744354724884033,8.266278648376462,9.248332977294922,-4.588353157043457,-6.472660073736044,-6.3846516609191895,-5.5792135238647464,-5.373338222503663,-5.048186779022217,18.485857009887695,13.099028074271402,13.02238655090332,14.573484420776367,15.133879661560059,16.285399436950684,1.8098227928212833,1.7232217282649476,1.7206814889203204,1.7577784143418773,1.769548655593743,1.8012177782496006,0.012464193674821617,1.723137154664548
R0q,gsm8k,S4_k_stored_draft_l2,1.0549081563949585,1.7949202358722687,2.5939996004104624,3.153366518020629,4.367909312248231,4.832511796951301,5.827757314205371,6.7563731496807184,8.702298164367676,5.45556363580061,8.702298164367676,384.0;748.0;687.0;759.0;448.0;222.0;861.0;676.0;606.0;696.0,0.47050184772380677,1.447192849481611,0.00849576927255849,0.03933736037216256,0.07218608100681764,0.22936129412777229,3600,1024,0.3522774054732425,3.3522774054732425,8.689697265625,-0.08770407940824124,1.25930029400236,1.0549081563949585,-8.702298164367676,3.6534832846605916,2.7382889850807346,1.5951235738982639,8.702298164367676,6.087491300768322,6.02867317199707,6.8651323318481445,7.149090671539306,7.7630769348144515,4.204052635731008,3.34629411493882,3.3351845361510346,3.6023131708769043,3.697431222567603,3.883206023408393,8.689697265625,5.713596913152271,5.6275975704193115,6.653866624832153,6.968238472938538,7.648817586898795,-4.209889888763428,-5.7533506785498725,-5.695892333984375,-5.072919845581055,-4.915728616714477,-4.65390600681305,15.284152030944824,11.466947591702143,11.410647630691528,12.648094415664673,13.080156350135804,13.923743200302122,1.6880865578332167,1.5948857980745592,1.5961593989544416,1.6293390170646653,1.638185484959329,1.6531807820919904,-0.009994754346192946,1.5927106486933282
R0q,gsm8k,S4_v_stored_ctx_l2,5.34375,9.1875,13.25,15.9375,21.375,23.375,28.25,33.750024999986636,50.25,6.235198059718335,50.25,478.0;459.0;397.0;480.0;394.0;498.0;426.0;425.0;416.0;486.0,0.11430478579615899,8.016836237937413,0.0018842618013056138,0.009060230385837696,0.017472068748044918,0.0779740379913722,42995,1024,0.18171536895377827,3.1817153689537783,50.25,0.12269022411556664,6.381834836145238,5.34375,-50.25,3.5053601032247355,2.6522857418204855,8.059086418542728,50.25,28.4732759623212,28.375,33.75,35.5,39.5,4.341838893021655,3.0736385960796326,3.053751921795677,3.3142375882937376,3.3794670526546966,3.5635024295466273,50.25,26.946929875566926,26.75,32.25,34.0,38.5,-16.0,-26.632660774508665,-26.5,-21.875,-20.25,-18.75,85.5,53.57959065007559,53.75,62.125,64.875,70.375,10.031664340755643,8.021893303626566,8.162934426163899,8.855620210561383,9.0199292524991,9.35677768375779,0.006891081141793646,8.058152456391374
R0q,gsm8k,S4_v_stored_draft_l2,4.09375,7.15625,10.5625,12.9375,18.25,20.625,25.75,33.250024999986636,51.25,7.922619925005839,51.25,508.0;487.0;435.0;429.0;447.0;397.0;464.0;422.0;475.0;384.0,0.26118145594073616,6.287769496765964,0.0054873667975367905,0.02134407695073243,0.03755261342380962,0.13409041491358545,3600,1024,0.7896507390301313,3.7896507390301313,45.0,-0.039969477304257456,5.019866656733988,4.09375,-51.25,3.980633425734641,2.8212256318313473,6.468819719376129,51.25,26.38798611111111,25.75,33.0,35.25,40.50249999999994,5.731398206295595,3.5867967753492285,3.5292015333205895,4.062709842774914,4.27386121182571,4.725550567097561,45.0,23.765451388888888,23.375,29.75,31.625,35.5,-12.75,-24.941875,-24.375,-19.0,-17.875,-15.56125000000003,80.0,48.70732638888889,48.375,59.125,62.756249999999966,69.75,8.384201169626005,6.426983566456028,6.471162903928404,7.325166345133876,7.497616917644428,7.776800601829082,-0.03877648331239203,6.468696236698202
R0q,gsm8k,S4_kctx_lin_l3,6.65625,12.0,18.125,22.5,31.751250000001164,35.75,44.5,60.75,78.0,7.03200941096307,78.0,698.0;949.0;699.0;555.0;423.0;765.0;747.0;382.0;557.0;684.0,0.41798964728783883,10.280133702517194,0.006006914717930195,0.026569104639461275,0.04903910333087256,0.18275461555797026,42995,1024,1.0395051733932839,4.039505173393284,78.0,0.12007938046790317,8.467478834975527,6.65625,-77.0,4.011851522921239,2.8625011385878123,11.092135325984653,78.0,43.902305500639606,42.5,54.0,60.0,73.5,5.6280164376335104,3.7360346197839567,3.6576656165438868,4.2691243609807925,4.5107798197363955,5.51888135172808,78.0,41.72941911850215,40.5,52.25,56.75,62.25,-24.125,-40.46117281079195,-39.5,-31.75,-29.875,-26.5,141.5,82.1905919292941,80.25,100.0,108.25,134.75,15.026593508083309,11.020349610944775,11.04234064179372,12.491144970421475,12.981874999276988,14.979167937217714,0.05897049340268314,11.091485339319668
R0q,gsm8k,S4_vctx_lin_l3,6.28125,10.9375,16.125,19.625,27.625,31.0,38.000250000011874,47.5,70.5,7.143251431519923,70.5,624.0;639.0;572.0;521.0;569.0;512.0;607.0;625.0;910.0;536.0,0.1925672305615228,9.728634693061604,0.002094103967635947,0.010046157100744683,0.019487397936743738,0.09073386481110016,42995,1024,0.5936120032868883,3.5936120032868883,69.0,-0.09761200702117444,7.703583105983597,6.28125,-70.5,3.850288513626947,2.799040011287062,9.869455201998845,70.5,37.51342597976509,37.0,46.5,49.75,56.5,5.420704165160814,3.366597970212345,3.3004457461676324,3.85862469254611,4.053802031245825,4.326865622074948,69.0,35.21024828468427,34.5,44.25,47.75,55.25,-19.375,-34.8347685777416,-34.25,-26.875,-24.625,-22.75,131.0,70.04501686242587,69.5,86.0,90.5,99.76499999999942,13.176665444970231,9.806039221184516,9.92887183167415,11.096049947282914,11.366815774327307,11.983178336322306,0.013201722426232765,9.868972483513536
R0q,gsm8k,S4_kdraft_lin_l3,9.25,17.0,26.875,34.25,53.0,62.25,79.5,93.5,136.0,8.325322506702198,136.0,834.0;455.0;395.0;458.0;423.0;478.0;877.0;769.0;388.0;418.0,0.5998592244647549,13.74249031966416,0.018084268752083382,0.07127805491688233,0.12137007100024992,0.329997382494529,3600,1024,2.3294429108787735,5.3294429108787735,136.0,0.33612088849871524,12.013130216926543,9.25,-112.5,4.86664073002077,3.2444271533471802,16.335703498635024,136.0,73.74434027777778,73.5,91.0,96.5,108.00499999999988,7.166676343573699,4.574021440605746,4.506754795238152,5.313006794703728,5.57373503174299,6.231684674421691,136.0,73.44822916666666,73.0,90.5,96.02499999999986,108.00499999999988,-22.25,-61.54555555555555,-61.25,-41.75,-38.5,-31.75,248.5,134.99378472222222,134.5,170.5,180.5,198.5,25.924902590985372,15.954979735152214,15.970399157207595,20.60243641034548,21.662922222472275,23.032717246594615,0.2791596225824714,16.332245147058973
R0q,gsm8k,S4_vdraft_lin_l3,5.90625,10.25,15.0625,18.5,25.875,29.0,36.0,46.50007499995991,72.0,7.83572348252719,72.0,805.0;493.0;481.0;407.0;466.0;781.0;437.0;427.0;483.0;456.0,0.22628534217622642,8.998789352154635,0.005468750123401388,0.01871739745837973,0.03246340246635092,0.11449842071277783,3600,1024,0.6655150886963117,3.6655150886963117,72.0,-0.09758240412713753,7.164863782322241,5.90625,-64.5,3.917861741263595,2.8159631265332092,9.188685660048131,72.0,35.45399305555556,34.5,44.75,48.75,57.25,6.471609650782273,3.393709470279419,3.3176414228608473,3.8423740137508493,4.0760279858963715,4.68756066391895,72.0,32.54024305555556,31.625,41.25,44.25,52.75499999999988,-17.25,-33.58704861111111,-32.75,-25.5,-23.875,-21.37375000000003,121.5,66.12729166666666,64.8125,82.25,87.75,99.5,13.204739474457119,9.122054771324729,9.079499299462471,10.542482999168888,10.881795321643057,11.645268117003246,-0.015381056209002856,9.188167490505325
R0q,gsm8k,S4_k_stored_ctx_l3,1.000007450580597,1.858430176973343,2.9107549905776984,3.6331267118453976,5.088302512168889,5.6219247078895584,6.688706398010254,8.05616521310781,11.07586669921875,6.3507255177767945,11.07586669921875,235.0;698.0;372.0;752.0;557.0;190.0;877.0;1019.0;807.0;174.0,0.4603193917505157,1.5854781129715017,0.005929675433637885,0.028625101045351587,0.053425305878726896,0.19905746230741045,42995,1024,1.0379891643296002,4.0379891643296,9.956282615661621,0.017697594707063377,1.3105994908043084,1.000007450580597,-11.07586669921875,3.835197692091841,2.917551599684571,1.7440317123162474,11.07586669921875,7.012345147601448,6.914003372192383,8.043498992919922,8.325481414794922,9.067625999450684,6.659149495198879,4.013395800952958,3.965342234009475,4.521120521122409,4.744117183805268,5.368034636107205,9.956282615661621,6.66001200720881,6.58221435546875,7.779689693450924,8.060880661010742,8.692500114440918,-4.517576217651367,-6.5379773704794095,-6.441863059997559,-5.5995354652404785,-5.398622512817383,-5.094094076156621,17.75316333770752,13.19798937768822,13.097171783447266,14.714742946624755,15.306965827941895,16.376709938049316,1.827208320269527,1.743793655619877,1.7430346044233749,1.7800588040961414,1.7907669718935393,1.826384256496782,0.03965015190109275,1.7439419166664716
R0q,gsm8k,S4_k_stored_draft_l3,0.9949395954608917,1.8276128768920898,2.8149826526641846,3.4681632399558997,4.655505957603458,5.113447072505951,5.9780731201171875,6.822761709308277,8.946907043457031,5.357686945213323,8.946907043457031,249.0;699.0;623.0;522.0;185.0;377.0;174.0;248.0;586.0;557.0,0.5360185137347334,1.4643073680094454,0.010193476892988914,0.0383735424737828,0.06801927896321505,0.24778675228062474,3600,1024,0.6587327147856952,3.658732714785695,8.741439819335938,-0.017234827730343696,1.2757428366574386,0.9949395954608917,-8.946907043457031,3.579856609397258,2.787862148479098,1.669919712545056,8.946907043457031,6.246333031919267,6.194058656692505,6.9196230411529545,7.1566223144531245,7.623735928535461,4.789743941798977,3.656254424417053,3.6303783528963516,3.9560132083238484,4.053834155936059,4.242814421153443,8.741439819335938,5.902190716796452,5.840775012969971,6.700739955902099,6.95994393825531,7.473155035972595,-4.408577919006348,-5.965182555119196,-5.929456949234009,-5.335481786727906,-5.199082899093629,-4.953170852661134,15.523929119110107,11.867373271915648,11.804160356521606,12.920721578598023,13.24610424041748,13.92615560054779,1.728961136871303,1.6697684417569154,1.6721923010247082,1.6967351876225703,1.7028735795247627,1.7122761755918052,0.007954851971412344,1.6698307719824987
R0q,gsm8k,S4_v_stored_ctx_l3,6.28125,10.9375,16.125,19.625,27.625,31.0,38.000250000011874,47.5,70.5,7.143251431519923,70.5,624.0;639.0;572.0;521.0;569.0;512.0;607.0;625.0;910.0;536.0,0.1925672305615228,9.728634693061604,0.002094103967635947,0.010046157100744683,0.019487397936743738,0.09073386481110016,42995,1024,0.5936120032868883,3.5936120032868883,69.0,-0.09761200702117444,7.703583105983597,6.28125,-70.5,3.850288513626947,2.799040011287062,9.869455201998845,70.5,37.51342597976509,37.0,46.5,49.75,56.5,5.420704165160814,3.366597970212345,3.3004457461676324,3.85862469254611,4.053802031245825,4.326865622074948,69.0,35.21024828468427,34.5,44.25,47.75,55.25,-19.375,-34.8347685777416,-34.25,-26.875,-24.625,-22.75,131.0,70.04501686242587,69.5,86.0,90.5,99.76499999999942,13.176665444970231,9.806039221184516,9.92887183167415,11.096049947282914,11.366815774327307,11.983178336322306,0.013201722426232765,9.868972483513536
R0q,gsm8k,S4_v_stored_draft_l3,5.90625,10.25,15.0625,18.5,25.875,29.0,36.0,46.50007499995991,72.0,7.83572348252719,72.0,805.0;493.0;481.0;407.0;466.0;781.0;437.0;427.0;483.0;456.0,0.22628534217622642,8.998789352154635,0.005468750123401388,0.01871739745837973,0.03246340246635092,0.11449842071277783,3600,1024,0.6655150886963117,3.6655150886963117,72.0,-0.09758240412713753,7.164863782322241,5.90625,-64.5,3.917861741263595,2.8159631265332092,9.188685660048131,72.0,35.45399305555556,34.5,44.75,48.75,57.25,6.471609650782273,3.393709470279419,3.3176414228608473,3.8423740137508493,4.0760279858963715,4.68756066391895,72.0,32.54024305555556,31.625,41.25,44.25,52.75499999999988,-17.25,-33.58704861111111,-32.75,-25.5,-23.875,-21.37375000000003,121.5,66.12729166666666,64.8125,82.25,87.75,99.5,13.204739474457119,9.122054771324729,9.079499299462471,10.542482999168888,10.881795321643057,11.645268117003246,-0.015381056209002856,9.188167490505325
R0q,gsm8k,S4_kctx_lin_l4,6.78125,11.875,17.625,21.5,30.0,33.5,41.0,54.0,75.0,6.971100035382461,75.0,114.0;62.0;58.0;38.0;562.0;122.0;127.0;103.0;125.0;241.0,0.36704538952944943,10.147315432790293,0.0078159601090682,0.03102831871783537,0.053089612866756106,0.16572826905118773,42995,1024,0.6075641474441569,3.607564147444157,75.0,0.15179555143067963,8.380239021847293,6.78125,-73.5,3.8108680193424123,2.7884400141529846,10.758703736760422,75.0,41.483809163856264,40.5,51.0,55.0,60.5,5.397534145700185,3.4562111282443704,3.388532649177544,3.9119825219154616,4.128542352159042,5.373158085210035,75.0,38.75218920804745,37.75,47.25,51.5,59.75,-21.125,-38.74453134085359,-37.75,-30.5,-28.5,-25.625,123.75,77.49672054890104,76.0,92.25,99.5,114.75,13.94629914645417,10.71119341677747,10.779137105064116,11.97553837618474,12.399803180336528,12.755166328432193,0.010763560027252332,10.75763283468759
R0q,gsm8k,S4_vctx_lin_l4,6.8125,11.8125,17.25,20.875,28.375,31.375,37.75,47.250024999986636,72.0,6.823396018676087,72.0,88.0;71.0;29.0;36.0;116.0;16.0;44.0;78.0;24.0;7.0,0.14226062000855166,10.467057687177185,0.00175668738876648,0.008372035023471558,0.016325728242270965,0.07867727665418021,42995,1024,0.33264780378930725,3.3326478037893073,67.5,0.006825774128956356,8.301736544882756,6.8125,-72.0,3.577544440347532,2.6890814170824164,10.551930417482911,72.0,38.923703337597395,38.25,46.5,50.0,56.75,6.649253922113597,3.253460430307426,3.16842295313098,3.5226347372916567,3.6961487925731635,6.5407434584846325,67.5,36.30462263053843,35.75,43.75,47.25,54.25,-21.875,-36.542385742528204,-36.0,-30.0,-28.0,-24.25,126.5,72.84700837306663,72.125,85.25,89.5,102.75,12.684602552851842,10.498562495078835,10.75831750424915,11.521913977991408,11.721133076108366,12.090948687043792,-0.011711672854148083,10.551928209773257
R0q,gsm8k,S4_kdraft_lin_l4,6.46875,11.5,17.375,21.5,30.75,34.5,43.25,53.75,69.5,6.67664754510392,69.5,487.0;428.0;62.0;285.0;114.0;478.0;104.0;94.0;38.0;172.0,0.4970260142854648,9.326049224654328,0.013332036976958445,0.04831205794347927,0.08028340347017592,0.2484209409461483,3600,1024,1.0059426074078752,4.005942607407875,69.5,-0.1021977754170075,7.983522823458641,6.46875,-64.0,4.1548921773488425,2.9540562879416625,10.409415733044847,69.5,40.822291666666665,40.0,51.75,54.75,60.0,5.0055879310602895,3.525342373544762,3.4806120856246947,3.8586571612951577,4.030454268076295,4.410801424392914,69.5,39.751979166666665,39.25,51.52499999999998,54.5,60.0,-20.375,-35.40895833333333,-34.75,-28.375,-26.875,-24.5,129.5,75.1609375,73.5,93.5,99.0,110.0,16.861186226801763,10.211562376632351,9.952609724786779,13.055683840336968,13.820287048144733,15.072688254321644,0.031736598447913114,10.408914041246637
R0q,gsm8k,S4_vdraft_lin_l4,4.59375,7.90625,11.5,13.875,19.0,21.125,26.0,33.5,57.25,8.206555687691154,57.25,103.0;55.0;104.0;56.0;90.0;110.0;71.0;21.0;68.0;39.0,0.17303138639001736,6.891640503557808,0.0034661645426307818,0.013016311431447769,0.023483311040327883,0.0967168098721249,3600,1024,0.40481050535070695,3.404810505350707,52.5,-0.07659441586118192,5.491422745407973,4.59375,-57.25,3.7269947227942355,2.723573066657326,6.976130081694092,57.25,26.11331597222222,25.375,32.27499999999998,35.0,40.75,5.958146246735599,3.236154614478632,3.1804133833122785,3.583665745554501,3.7904509317278494,4.246529478997747,52.5,23.855243055555555,23.125,29.51249999999999,32.25,37.75,-12.25,-24.73630208333333,-24.0,-19.5,-18.5,-16.5,93.25,48.59154513888889,47.625,58.75,63.006249999999966,71.5,9.336538686000758,6.943037790215919,6.929356385618265,7.815163795220355,8.015357840448884,8.326492153159798,-0.025387850516776243,6.975709584850569
R0q,gsm8k,S4_k_stored_ctx_l4,1.098551869392395,2.0019367337226868,3.076444888114931,3.831570863723755,5.324651875495911,5.855129821300507,6.990032310962841,8.287878152465758,11.365779876708984,6.132745488233902,11.365779876708984,564.0;624.0;243.0;62.0;114.0;103.0;766.0;630.0;562.0;635.0,0.4245857345729632,1.7112856879930325,0.006963346345933862,0.02911296732688865,0.05131030392552299,0.17535625315484438,42995,1024,0.800767982032192,3.800767982032192,10.95185661315918,0.019305081019689644,1.4131834728717372,1.098551869392395,-11.365779876708984,3.7716803934864886,2.873074713753744,1.8532939119216707,11.365779876708984,7.271899761606308,7.191160678863525,8.29619026184082,8.714545249938965,9.469436645507812,5.035269427849021,3.789775565204367,3.756828878494423,4.2472893141898895,4.43544390626581,5.013477274886044,10.95185661315918,6.869722307353592,6.744462966918945,8.006426811218262,8.414298057556152,9.114998607635464,-4.632790565490723,-6.807764587131735,-6.733888626098633,-5.891087532043457,-5.707120895385742,-5.363314867019654,19.094138145446777,13.677486894485327,13.56127405166626,15.264406204223633,15.691981792449951,16.68654155731201,1.9044785134978264,1.8532109680032485,1.8533854342390716,1.874861186889593,1.8822701383834517,1.8950604467935577,0.020204914749626827,1.8531933622298435
R0q,gsm8k,S4_k_stored_draft_l4,1.1129993796348572,1.976350873708725,2.962111711502075,3.634263038635254,5.008144097328188,5.508962819576268,6.4667956795692785,7.428399604463046,9.446124076843262,5.274662801351652,9.446124076843262,958.0;631.0;695.0;762.0;765.0;374.0;941.0;766.0;428.0;487.0,0.4780134492778636,1.618098312444498,0.00989417197105956,0.04021184146211023,0.06947925426890728,0.23372980783919345,3600,1024,0.5325888648787664,3.5325888648787664,8.740550994873047,-0.0012988038835148863,1.3872150900510076,1.1129993796348572,-9.446124076843262,3.6110225037785764,2.796519626366555,1.7908489002221446,9.446124076843262,6.677767402860853,6.617571830749512,7.422136640548706,7.689155483245848,8.298143043518063,4.488586148762043,3.526291414693369,3.5148561390711874,3.796205072996487,3.8764113674194838,4.0618588478470254,8.740550994873047,6.29563396970431,6.255933046340942,7.012381505966187,7.267182636260986,7.731527061462402,-4.750462055206299,-6.396985615491867,-6.323190212249756,-5.636923122406006,-5.464623999595642,-5.147185554504396,16.77133560180664,12.692619585196177,12.624828338623047,13.800992965698242,14.192041254043579,14.959087667465209,1.8521751141029905,1.7907367062608188,1.791669786494578,1.8155063687846333,1.8217170046056181,1.833028408213907,-0.021850550548963604,1.79084842924669
R0q,gsm8k,S4_v_stored_ctx_l4,6.8125,11.8125,17.25,20.875,28.375,31.375,37.75,47.250024999986636,72.0,6.823396018676087,72.0,88.0;71.0;29.0;36.0;116.0;16.0;44.0;78.0;24.0;7.0,0.14226062000855166,10.467057687177185,0.00175668738876648,0.008372035023471558,0.016325728242270965,0.07867727665418021,42995,1024,0.33264780378930725,3.3326478037893073,67.5,0.006825774128956356,8.301736544882756,6.8125,-72.0,3.577544440347532,2.6890814170824164,10.551930417482911,72.0,38.923703337597395,38.25,46.5,50.0,56.75,6.649253922113597,3.253460430307426,3.16842295313098,3.5226347372916567,3.6961487925731635,6.5407434584846325,67.5,36.30462263053843,35.75,43.75,47.25,54.25,-21.875,-36.542385742528204,-36.0,-30.0,-28.0,-24.25,126.5,72.84700837306663,72.125,85.25,89.5,102.75,12.684602552851842,10.498562495078835,10.75831750424915,11.521913977991408,11.721133076108366,12.090948687043792,-0.011711672854148083,10.551928209773257
R0q,gsm8k,S4_v_stored_draft_l4,4.59375,7.90625,11.5,13.875,19.0,21.125,26.0,33.5,57.25,8.206555687691154,57.25,103.0;55.0;104.0;56.0;90.0;110.0;71.0;21.0;68.0;39.0,0.17303138639001736,6.891640503557808,0.0034661645426307818,0.013016311431447769,0.023483311040327883,0.0967168098721249,3600,1024,0.40481050535070695,3.404810505350707,52.5,-0.07659441586118192,5.491422745407973,4.59375,-57.25,3.7269947227942355,2.723573066657326,6.976130081694092,57.25,26.11331597222222,25.375,32.27499999999998,35.0,40.75,5.958146246735599,3.236154614478632,3.1804133833122785,3.583665745554501,3.7904509317278494,4.246529478997747,52.5,23.855243055555555,23.125,29.51249999999999,32.25,37.75,-12.25,-24.73630208333333,-24.0,-19.5,-18.5,-16.5,93.25,48.59154513888889,47.625,58.75,63.006249999999966,71.5,9.336538686000758,6.943037790215919,6.929356385618265,7.815163795220355,8.015357840448884,8.326492153159798,-0.025387850516776243,6.975709584850569
R0q,mtbench,A_src1,0.01202392578125,0.0216064453125,0.033203125,0.0419921875,0.06787109375,0.083984375,0.1318359375,1.4296953124958236,147.0,923.9340055268372,147.0,788.0;1384.0;4062.0;290.0;2352.0;4055.0;291.0;1039.0;3231.0;2265.0,0.9867205477380991,0.026253624240454854,0.9546229438897817,0.9749239813130728,0.9798033705058642,0.9864368428751297,44434,4096,632957.4887680509,632960.4887680509,147.0,-9.01096846446875e-05,0.016176219937518693,0.01202392578125,-57.75,0.8286238490255834,0.42658783338724476,0.15910227258729265,147.0,0.7066811982554182,0.171875,0.2578125,0.279296875,0.4140625,2371.2001678166,22.572667333166994,6.841202483613538,29.22068318704958,40.97250604555229,171.83721892086797,147.0,0.6981981219688189,0.1650390625,0.25390625,0.2734375,0.326171875,-0.07275390625,-0.35231066898377367,-0.138671875,-0.10986328125,-0.103515625,-0.09326171875,204.75,1.0505087909525925,0.3115234375,0.4052734375,0.455078125,0.720703125,2.665345618869522,0.030718920798689885,0.021510527317481,0.02555773808029774,0.026216929836176555,0.02773254072785392,586.8516172365047,0.1591022470698824
R0q,mtbench,A_src8,0.04736328125,0.08154296875,0.11962890625,0.146484375,0.2158203125,0.265625,0.47265625,1.5000039062479118,147.0,836.2479717796357,147.0,788.0;1384.0;4062.0;290.0;2352.0;4055.0;291.0;1039.0;3231.0;2992.0,0.8566656207755401,0.07825700905434112,0.7841766464441143,0.8151418044657368,0.8266992270938418,0.8512807827933825,44434,4096,424768.5609422599,424771.5609422599,147.0,-1.612285734039497e-05,0.05893477298565157,0.04736328125,-57.75,2.688828778309309,1.2277503305916473,0.17578517970831836,147.0,1.2867769824346222,0.71875,1.0625,1.21875,1.578125,2364.3617392507867,18.766757417357837,8.219886988805222,16.845784142921218,23.632129603656107,51.02702768065844,147.0,1.2301989942245803,0.6484375,1.0625,1.21875,1.578125,-0.267578125,-0.8038160793958455,-0.5859375,-0.4375,-0.40234375,-0.3515625,204.75,2.034015073620426,1.26953125,1.6953125,1.8515625,2.234375,2.6671392113642245,0.08671280666972453,0.0772353051046662,0.0843602725756928,0.08674690825993597,0.0936410502441836,435.1164652445773,0.17578517896893145
R0q,mtbench,A_src15,0.07763671875,0.134765625,0.1962890625,0.240234375,0.36328125,0.44921875,0.76953125,2.5625,147.0,716.9760006555467,147.0,788.0;1384.0;4062.0;290.0;2352.0;291.0;4055.0;1039.0;3231.0;2992.0,0.716107725914586,0.12590124778509248,0.5976757438640885,0.6341140852490863,0.6518363889634573,0.7033598701535557,44434,4096,229540.04950210245,229543.04950210245,147.0,-0.000754188866403779,0.09737042888109496,0.07763671875,-57.75,3.7533022993500933,1.7718635220282166,0.20502778316930373,147.0,2.4974001995937796,1.96875,2.96875,3.265625,3.828125,2372.7603584232093,37.72767387566108,18.1744127536539,68.84598072830337,94.97741030296346,164.44162811858155,147.0,2.487202270853963,1.96875,2.96875,3.265625,3.828125,-0.390625,-1.134317936785457,-0.90625,-0.69921875,-0.6484375,-0.5625,204.75,3.62152020763942,2.90234375,4.00390625,4.3125,4.9609375,2.6647915081080256,0.13999313861708262,0.13065408655881444,0.14418030766198095,0.1482215156451046,0.1571094696332598,274.5068620614486,0.20502639603346887
R0q,mtbench,A_src22,0.16015625,0.275390625,0.40625,0.498046875,0.74609375,0.92578125,1.5859375,5.000003124998329,147.0,465.09271768526446,147.0,788.0;1384.0;4062.0;2352.0;290.0;291.0;4055.0;1039.0;761.0;3231.0,0.47719653869567036,0.2555306887496444,0.2879681167005317,0.3524834883276147,0.38050749418364327,0.4662317577889002,44434,4096,40659.09302365631,40662.09302365631,147.0,0.0004904738134853379,0.20066457490936215,0.16015625,-57.75,5.017741373836558,2.360563060105376,0.3160660109485464,147.0,4.493502037431922,3.9375,6.0,6.53125,7.6875,2376.4261312959693,40.269392109248614,19.409693401256582,77.79371249936091,105.93544917782059,173.20183660780467,147.0,3.506129438464914,2.890625,4.75,5.21875,6.15625,-0.7421875,-4.083859892621641,-3.84375,-1.8671875,-1.546875,-1.1640625,204.75,7.589989331086556,6.75,10.46875,11.4375,13.3125,2.663695190489182,0.2817761601443312,0.27269522729751206,0.30750513041859145,0.3168322820964518,0.3361590186719394,74.4142069523729,0.31606563038768537
R0q,mtbench,A_src29,0.3046875,0.5234375,0.76171875,0.91796875,1.2734375,1.453125,2.171875,13.250024999986636,147.0,276.9645677333628,147.0,788.0;1384.0;4062.0;2352.0;290.0;291.0;761.0;1039.0;1869.0;2742.0,0.3330437778182359,0.46892057961517963,0.20839741522208083,0.23874449528176878,0.25657815309069754,0.3251584283708495,44434,4096,5183.1463227943295,5186.1463227943295,147.0,-0.001656668439246801,0.3718998833164846,0.3046875,-57.5,4.092057282625152,2.399299773625539,0.5307538115905089,147.0,11.824736195818517,11.5625,15.5,16.625,19.0,2321.46035743132,97.09713541422322,68.8130614972796,194.14442850714974,247.10938475952474,376.2037431567159,147.0,3.118681816008012,2.484375,3.53125,3.9375,5.03125,-1.3359375,-11.505836957622542,-11.5625,-6.90625,-5.5625,-3.1875,204.5,14.624518773630554,14.125,18.625,19.890625,22.40625,2.679155227930602,0.5137884611700558,0.5046975008777724,0.555796107635047,0.5711901012506194,0.6046330818598746,12.874574329271306,0.530751226063149
R0q,mtbench,B_concat,0.0712890625,0.1875,0.39453125,0.5625,0.9453125,1.1015625,1.53125,3.359379687497494,147.0,474.5157526452995,147.0,13076.0;4884.0;788.0;17172.0;8980.0;1384.0;13672.0;5480.0;9576.0;17768.0,0.7971003558477905,0.1909726298889425,0.34166730359834624,0.38917848484860473,0.4151135459741006,0.5248503374201566,44434,20480,44168.06202599342,44171.06202599342,147.0,-0.0004053232068300649,0.1490091760060224,0.0712890625,-57.75,4.942872423388536,3.0514671593368003,0.30978950473301253,147.0,11.825778296180852,11.5625,15.5,16.625,19.0,2360.8245805193424,249.09191041349436,185.27861621425865,527.5306512914376,672.6616750627534,1042.414392408539,147.0,3.803058152259531,3.140625,4.8125,5.25,6.1875,-1.3359375,-11.507339537291264,-11.5625,-6.90625,-5.5625,-3.1875,204.75,15.310397689550795,14.78125,19.75,21.1875,23.9375,2.6679918689860145,0.27487610118416683,0.26564331907304906,0.2924119340256811,0.2998365204852601,0.3157403346922229,76.46412215890199,0.30978923957397747
R0q,mtbench,C_Zt_fp,1.7734375,3.0625,4.5,5.5625,18.375,35.75,72.5,168.0,290.0,61.132226658854435,290.0,2017.0;432.0;2117.0;2062.0;2910.0;3230.0;4030.0;977.0;3447.0;3960.0,0.5491928568455965,3.975817224562827,0.12776859142509148,0.20580839284125257,0.25947697992192575,0.41607648867592795,125480,4096,367.47682396893157,370.47682396893157,288.0,0.016748380993167368,2.38423448985897,1.7734375,-290.0,15.283056664713609,3.873464361573966,4.743815428453663,290.0,75.36780164169589,73.0,89.0,95.0,123.5,429.740061588351,118.95621751675277,110.55961576606951,194.59162563027672,223.1099288490075,281.8273421001624,288.0,59.2786320529168,56.0,72.5,80.0,123.5,-31.125,-74.59485973860376,-72.5,-59.75,-56.25,-50.5,578.0,133.87349179152056,128.75,159.5,170.5,215.0,40.4059704636748,3.4884140779902357,3.2123244940200073,3.675922607974743,3.8528638594829485,4.556873975712284,0.1504469850730143,4.743785862680684
R0q,mtbench,C_Ht_fp,0.63671875,1.1015625,1.609375,1.9375,2.65625,2.96875,4.718781250001484,17.0,25.0,23.701907981933537,25.0,3573.0;604.0;2361.0;3230.0;494.0;707.0;3510.0;2790.0;1601.0;1757.0,0.26475286680079635,0.9814710116139695,0.13417391323828026,0.14632123898202423,0.15400674182860388,0.20641332952535968,125480,4096,28.771145595843404,31.771145595843404,19.875,0.0044645118990462515,0.7844973961695918,0.63671875,-25.0,4.47376475897634,2.5183277230804384,1.0547674060272243,25.0,17.204267114281162,17.25,20.375,21.125,22.5,164.2231014483256,32.82741546618662,28.70297465902548,56.84996961624654,68.03947454384951,92.05796226396815,19.875,12.843923832483265,12.875,15.5,16.125,17.5,-5.3125,-17.203307299968124,-17.25,-14.1875,-13.25,-10.8125,44.5,30.047231132451387,30.125,35.625,37.125,39.625,1.1457292947515891,1.0539119104560304,1.0616589938016474,1.0958818992470805,1.1041416394997912,1.1196383077824623,-0.35073410250595255,1.0547579575195927
R0q,mtbench,S4_kctx_lin_l0,6.625,11.6875,17.5,21.75,32.25,38.75,63.0,109.00004999997327,196.0,18.151230054250647,196.0,130.0;932.0;135.0;622.0;134.0;625.0;36.0;638.0;559.0;420.0,0.3546716665809404,10.221556841437831,0.00942508692662295,0.03758568697821594,0.06068932571591979,0.18632197796371522,125480,1024,3.7232293194442256,6.723229319444226,140.0,0.20079326180322288,8.234601301215571,6.625,-196.0,5.834323946009136,2.9866182104570576,10.798166262792797,196.0,45.99555407236213,40.0,63.5,79.0,156.0,35.00622241407051,3.988343740484295,3.4398692074954904,5.176751275818598,6.933216828301709,13.697866014537627,140.0,41.75934212623525,37.25,58.5,67.0,98.0,-22.25,-42.45016038412496,-37.5,-31.25,-30.0,-27.625,298.0,84.20950251036021,75.125,113.0,137.0,235.5,26.561114012562985,10.664045471856983,10.432618571225392,11.621168014064683,12.561093820614706,15.259068433650711,-0.06810577791478319,10.796299213384696
R0q,mtbench,S4_vctx_lin_l0,3.328125,5.75,8.5,10.3125,14.375,15.9375,19.625,24.625,41.0,7.92593932449914,41.0,64.0;101.0;104.0;43.0;121.0;900.0;123.0;51.0;951.0;91.0,0.23360816931318817,5.0614287837579885,0.0055088118667188275,0.016196101719012188,0.027346254615205068,0.1057255046133894,125480,1024,0.5750809517820419,3.575080951782042,37.5,0.05949146518246845,4.03898483345212,3.328125,-41.0,3.7938185181291617,2.778911653406711,5.172888451627264,41.0,20.454097764584,20.125,24.5,26.0,29.0,6.331944925176414,3.482830984421851,3.449190237325728,3.8521491097501777,3.9988598674091227,4.3380744793618815,37.5,18.889878367070448,18.625,22.875,24.25,27.25,-9.6875,-19.1470916679949,-18.75,-15.5625,-14.75,-13.25,65.625,38.03697003506535,37.75,44.25,46.375,51.0,6.675409549080617,5.1582843114782095,5.191683409114957,5.615549755615802,5.73197692944807,5.963870319463948,-0.009002814714570782,5.172546345713023
R0q,mtbench,S4_kdraft_lin_l0,7.46875,14.25,22.875,29.25,47.0,56.75,82.0,110.0,127.5,8.936245474927615,127.5,269.0;964.0;904.0;898.0;909.0;259.0;263.0;8.0;902.0;392.0,0.6497485145405595,11.530002010728545,0.03022441090166331,0.1030519571887407,0.16085307595024262,0.3779984026972999,4800,1024,4.291374371785236,7.291374371785236,127.5,-0.26735154260570804,10.16519284942653,7.46875,-113.0,5.747232383875015,3.2941453907576306,14.267736977204375,127.5,76.51752604166667,78.5,106.05000000000018,112.0,119.50500000000011,10.26769522634377,5.779633678399188,5.709045137104762,7.782017271445773,8.415511885421337,9.154817209270476,127.5,75.398671875,78.5,106.05000000000018,112.0,119.50500000000011,-16.625,-66.83296875,-67.0,-40.0,-34.25,-27.875,239.0,142.231640625,145.25,197.0,207.0,219.0050000000001,19.951023838411967,13.974535623219893,14.346530890217476,17.466970754661453,18.1402997278183,18.790474826631716,-0.27628805161175146,14.265231915512324
R0q,mtbench,S4_vdraft_lin_l0,2.015625,3.53125,5.21875,6.375,8.8125,9.6875,11.875,14.375,21.0,6.640992450500165,21.0,116.0;976.0;950.0;993.0;104.0;916.0;998.0;918.0;917.0;896.0,0.2015144476859927,3.1125403391686133,0.002655879522841477,0.011667332742701151,0.021990741386624213,0.09686698695770059,4800,1024,0.5467369500175439,3.546736950017544,20.75,0.026491891026186445,2.4638436751704043,2.015625,-21.0,3.7553231118899744,2.7868450461920338,3.162177966098785,21.0,11.827122395833333,12.0,14.375,15.1875,17.0,4.592182146941629,3.318517920716783,3.2902469727810555,3.659742894418427,3.7755881740256467,4.021107158299768,20.75,11.193098958333334,11.0625,13.631250000000023,14.378125000000011,16.625,-7.5625,-10.93953125,-11.0,-7.875,-7.5625,-7.5625,39.375,22.13263020833333,22.625,26.1875,27.25,30.6875,4.169733235202676,3.1278325671252505,3.278105474101225,3.5812108684758064,3.667236958552889,3.785287930684685,-0.009645512524321439,3.1620669931218264
R0q,mtbench,S4_k_stored_ctx_l0,0.8607763648033142,1.5259637236595154,2.2544753313064576,2.7488339304924008,4.03916069507599,4.995059669017798,7.865909522056713,10.156942367553711,15.990848541259766,10.96677558048886,15.990848541259766,224.0;352.0;736.0;608.0;992.0;160.0;288.0;672.0;863.0;159.0,0.32902256715695355,1.3683522484850825,0.02451901157432925,0.09316570597196923,0.13569150959657442,0.22725535616163503,125480,1024,2.6762956614928104,5.67629566149281,13.203231811523438,0.011708729588769298,1.1066950437577432,0.8607763648033142,-15.990848541259766,5.394564537475787,2.7701199696898686,1.458117604750598,15.990848541259766,8.02219939171641,8.096817016601562,10.259177207946777,10.85897159576416,11.884659767150879,17.3090587917672,5.365358485963193,5.036594053728807,7.525214206120051,8.449200915082743,10.374344700613092,13.203231811523438,7.362743593561904,7.444386005401611,9.427096366882324,9.978888511657715,10.968611717224121,-3.3221144676208496,-7.467126336419206,-7.3660078048706055,-5.025660514831543,-4.581547260284424,-4.094452381134033,26.383474349975586,14.82986992998111,14.962362289428711,18.907066440582277,19.994737911224327,21.78497886657715,1.6688990316234245,1.4553003167979033,1.4767702232227702,1.5468976524375762,1.564127769484524,1.5968674823569764,-0.04442950632196232,1.4580705932618758
R0q,mtbench,S4_k_stored_draft_l0,0.764735758304596,1.3552165031433105,1.986984431743622,2.4284988641738887,3.5065503120422363,4.206498188972473,6.1065568923950195,7.097717761993408,8.547859191894531,6.8627033361578365,8.547859191894531,213.0;149.0;287.0;31.0;351.0;224.0;208.0;95.0;85.0;144.0,0.5007692040710388,1.1103249189867248,0.022971008572092402,0.0723515034894675,0.10804359098625375,0.2707663625052893,4800,1024,1.4417931788215945,4.4417931788215945,8.547859191894531,-0.020826827428639148,0.9569008970344957,0.764735758304596,-7.975062370300293,4.902688195614584,2.815256309752567,1.2455527760988936,8.547859191894531,6.292707100957632,6.360357761383057,6.931048345565797,7.113433361053467,7.610078978538513,6.3258169021408985,4.4398266664965815,4.435871583221079,5.265951171058573,5.411260581156062,5.867991330470691,8.547859191894531,5.512642598599196,5.535676956176758,6.3028717041015625,6.539595007896423,7.420170540809636,-3.5143964290618896,-6.217404121756553,-6.302751541137695,-5.2483639240264885,-4.983897972106933,-4.483133058547972,14.509167671203613,11.73004672035575,11.860249280929565,13.007194519042969,13.108183860778809,13.891846728324897,1.3961471782517003,1.245010969408994,1.237993218232584,1.2900765460589063,1.2946053848599668,1.3389605562996911,-0.0603602324940559,1.2453786417419075
R0q,mtbench,S4_v_stored_ctx_l0,3.328125,5.75,8.5,10.3125,14.375,15.9375,19.625,24.625,41.0,7.92593932449914,41.0,64.0;101.0;104.0;43.0;121.0;900.0;123.0;51.0;951.0;91.0,0.23360816931318817,5.0614287837579885,0.0055088118667188275,0.016196101719012188,0.027346254615205068,0.1057255046133894,125480,1024,0.5750809517820419,3.575080951782042,37.5,0.05949146518246845,4.03898483345212,3.328125,-41.0,3.7938185181291617,2.778911653406711,5.172888451627264,41.0,20.454097764584,20.125,24.5,26.0,29.0,6.331944925176414,3.482830984421851,3.449190237325728,3.8521491097501777,3.9988598674091227,4.3380744793618815,37.5,18.889878367070448,18.625,22.875,24.25,27.25,-9.6875,-19.1470916679949,-18.75,-15.5625,-14.75,-13.25,65.625,38.03697003506535,37.75,44.25,46.375,51.0,6.675409549080617,5.1582843114782095,5.191683409114957,5.615549755615802,5.73197692944807,5.963870319463948,-0.009002814714570782,5.172546345713023
R0q,mtbench,S4_v_stored_draft_l0,2.015625,3.53125,5.21875,6.375,8.8125,9.6875,11.875,14.375,21.0,6.640992450500165,21.0,116.0;976.0;950.0;993.0;104.0;916.0;998.0;918.0;917.0;896.0,0.2015144476859927,3.1125403391686133,0.002655879522841477,0.011667332742701151,0.021990741386624213,0.09686698695770059,4800,1024,0.5467369500175439,3.546736950017544,20.75,0.026491891026186445,2.4638436751704043,2.015625,-21.0,3.7553231118899744,2.7868450461920338,3.162177966098785,21.0,11.827122395833333,12.0,14.375,15.1875,17.0,4.592182146941629,3.318517920716783,3.2902469727810555,3.659742894418427,3.7755881740256467,4.021107158299768,20.75,11.193098958333334,11.0625,13.631250000000023,14.378125000000011,16.625,-7.5625,-10.93953125,-11.0,-7.875,-7.5625,-7.5625,39.375,22.13263020833333,22.625,26.1875,27.25,30.6875,4.169733235202676,3.1278325671252505,3.278105474101225,3.5812108684758064,3.667236958552889,3.785287930684685,-0.009645512524321439,3.1620669931218264
R0q,mtbench,S4_kctx_lin_l1,7.75,13.75,20.875,26.0,36.5,40.75,49.75,59.500024999986636,97.5,7.206319545238006,97.5,23.0;783.0;85.0;782.0;93.0;856.0;848.0;529.0;917.0;914.0,0.528279399946141,11.907113252536298,0.010450598414116077,0.04119383821525761,0.07558143709505695,0.2653227402953724,125480,1024,0.9103126088240789,3.910312608824079,97.5,0.6306152513095735,10.321800149958207,7.75,-82.5,3.677070742313752,2.6977503938583305,13.529791371023615,97.5,50.544024944214215,50.0,63.5,68.0,76.0,6.434329593360869,3.5283687882843027,3.48100759144944,4.049845530114527,4.238976236453913,4.780581288776893,97.5,49.73938874721071,49.25,62.75,67.0,76.0,-18.0,-44.020349856550844,-43.5,-34.0,-31.25,-26.375,179.5,93.75973860376156,93.25,115.25,122.0,135.80249999999796,20.10628252819403,13.384272981863514,13.528635261822174,15.778094756229514,16.4158245278588,17.56152491380941,0.15469597299263618,13.515087086224817
R0q,mtbench,S4_vctx_lin_l1,4.1875,7.1875,10.375,12.5,16.75,18.375,22.0,27.125,59.25,9.343364777323023,59.25,870.0;858.0;826.0;355.0;305.0;299.0;343.0;841.0;357.0;867.0,0.14512019677174237,6.286239369063486,0.0037120210634824986,0.013404575939617622,0.02293585076029182,0.08634596870006546,125480,1024,0.23558148171902582,3.235581481719026,49.75,-0.03620515886842189,5.013079007479729,4.1875,-59.25,3.4692662464321775,2.641373164897226,6.341398565943154,59.25,23.198551063914568,22.75,27.25,29.0,34.25,8.716806685213589,3.16901242737554,3.139066056051566,3.4375483908504143,3.5540431135981363,3.8777243150977196,49.75,21.47665016337265,21.25,25.375,26.75,30.0,-12.9375,-21.904402594038892,-21.5,-18.125,-17.25,-15.5625,97.75,43.38105275741154,43.0,49.625,51.875,58.25,7.993867095293624,6.323944741178273,6.375833940800629,6.877945524787386,7.0084222360169415,7.247243646489137,0.00035219872988784257,6.341295211438844
R0q,mtbench,S4_kdraft_lin_l1,5.03125,11.375,21.375,27.75,40.5,45.5,57.75,74.0,97.0,8.26706312365393,97.0,256.0;783.0;786.0;23.0;211.0;529.0;532.0;85.0;856.0;597.0,0.7202326586369038,8.830226534810901,0.020391226694684062,0.0702789433162873,0.11859974509276851,0.3758858394783338,4800,1024,3.882535141291487,6.882535141291487,97.0,0.3412699498245881,7.607426709078524,5.03125,-71.0,4.921885519494994,3.451711922762723,11.733308255801404,97.0,50.76265625,56.25,72.0,76.0,83.00500000000011,7.016112514239151,5.078329061283744,5.067953940857415,5.708235380692406,5.938492289228914,6.295676276476726,97.0,50.76203125,56.25,72.0,76.0,83.00500000000011,-9.75,-36.80518229166667,-40.5,-12.75,-12.0,-11.375,160.25,87.56721354166666,97.0,123.0,130.01250000000005,142.0,19.865670516180195,10.85429618988689,12.30840311144613,15.482985554842346,16.275040345048073,17.599794534870163,0.37170727477888355,11.728344190336678
R0q,mtbench,S4_vdraft_lin_l1,1.828125,3.484375,5.53125,7.0625,10.6875,12.1875,15.4375,19.25,29.625,9.398047531320652,29.625,333.0;698.0;741.0;673.0;702.0;322.0;375.0;262.0;750.0;343.0,0.380232750364649,2.970201043277195,0.0054057786006883836,0.023018795095593847,0.04188065967396186,0.1636217227324152,4800,1024,2.8271995178902136,5.827199517890214,29.625,0.008881306433468126,2.200341399357033,1.828125,-29.5,4.897294810624897,3.3904348688941592,3.152250496847293,29.625,12.841883138020833,14.8125,19.0,20.5,23.251250000000027,7.898519055476628,4.2559446806696695,4.215948543553857,5.058920810611625,5.251583416816354,6.078473531931828,29.625,11.784378255208333,13.4375,17.625,18.75,21.75,-1.9375,-12.006510416666666,-13.6875,-2.4375,-2.328125,-2.171875,46.5,23.790888671875,27.78125,34.625,36.625,40.43937500000004,4.465300213323436,2.894177487879157,3.4851967496042304,3.9624792136327422,4.0451857758538114,4.182561874534019,0.031504672588172994,3.152237985506494
R0q,mtbench,S4_k_stored_ctx_l1,0.5808839797973633,1.3976929485797882,2.552965021133425,3.1843463420867906,4.2722106933593755,4.679712467193603,5.570266728401343,7.094872407626632,10.48313045501709,7.221270503378968,10.48313045501709,93.0;29.0;477.0;990.0;783.0;861.0;87.0;792.0;734.0;856.0,0.6326364579921926,1.1651213311709598,0.009424443469420162,0.03408218854242365,0.059976478592348906,0.2221560838263244,125480,1024,1.7248664222658086,4.7248664222658086,10.48313045501709,0.015537574903691592,0.993188681368521,0.5808839797973633,-9.930675506591797,3.8370602173043653,2.9428985164838317,1.451701670794888,10.48313045501709,5.9404762706408505,5.801543951034546,6.912214756011963,7.395822024345385,8.421607971191406,10.213100275822647,4.692290848779973,4.636668077257555,5.13223542738812,5.340604089575684,6.778590545104347,10.48313045501709,5.69846836603444,5.560649394989014,6.709475994110107,7.1722235679626465,8.09654712677002,-3.465289354324341,-5.349001219236893,-5.235760688781738,-4.674278259277344,-4.531221866607666,-4.232575416564941,17.07241439819336,11.047469585271333,10.93015718460083,12.320598125457764,12.873861312866211,14.01566457748413,1.586033844225048,1.450080447294685,1.4653462506050194,1.521203510910921,1.5327711841067262,1.551512081852533,0.007201747697345492,1.4516185190175763
R0q,mtbench,S4_k_stored_draft_l1,0.41737328469753265,1.504207819700241,2.8533707618713384,3.5584307670593263,4.723425793647767,5.192127540111543,6.272042340278651,7.797963618371832,9.797467231750488,6.408898307321769,9.797467231750488,320.0;256.0;147.0;211.0;23.0;87.0;29.0;93.0;797.0;861.0,0.6956751712138062,1.1236508704314607,0.011919651845515952,0.049679474766635305,0.08349409070458667,0.28026510725407644,4800,1024,2.314705190956203,5.314705190956203,9.639998435974121,0.007755163924040596,0.9765259302863211,0.41737328469753265,-9.797467231750488,4.102782952699954,3.0897735973606864,1.528728770833747,9.797467231750488,6.937904188930989,6.921247482299805,7.868202590942383,8.106885433197023,8.526586313247682,7.015823999472748,5.3197203787571725,5.23982700303669,5.94017340420089,6.2194130252251245,6.556286552963599,9.639998435974121,6.350872899989287,6.191803932189941,7.536046361923218,7.888594269752502,8.385952100753784,-4.374430179595947,-6.3894408555825555,-6.2549097537994385,-5.383056640625,-5.2233744859695435,-4.982937674522399,16.27012586593628,12.740313755571842,12.696688413619995,13.984822034835815,14.385076165199282,15.260148487091065,1.6168459588587416,1.5272723699669195,1.5554216333078903,1.5859701496846585,1.5918040859050642,1.6019339069308958,-0.046887270449435824,1.5287090999295352
R0q,mtbench,S4_v_stored_ctx_l1,4.1875,7.1875,10.375,12.5,16.75,18.375,22.0,27.125,59.25,9.343364777323023,59.25,870.0;858.0;826.0;355.0;305.0;299.0;343.0;841.0;357.0;867.0,0.14512019677174237,6.286239369063486,0.0037120210634824986,0.013404575939617622,0.02293585076029182,0.08634596870006546,125480,1024,0.23558148171902582,3.235581481719026,49.75,-0.03620515886842189,5.013079007479729,4.1875,-59.25,3.4692662464321775,2.641373164897226,6.341398565943154,59.25,23.198551063914568,22.75,27.25,29.0,34.25,8.716806685213589,3.16901242737554,3.139066056051566,3.4375483908504143,3.5540431135981363,3.8777243150977196,49.75,21.47665016337265,21.25,25.375,26.75,30.0,-12.9375,-21.904402594038892,-21.5,-18.125,-17.25,-15.5625,97.75,43.38105275741154,43.0,49.625,51.875,58.25,7.993867095293624,6.323944741178273,6.375833940800629,6.877945524787386,7.0084222360169415,7.247243646489137,0.00035219872988784257,6.341295211438844
R0q,mtbench,S4_v_stored_draft_l1,1.828125,3.484375,5.53125,7.0625,10.6875,12.1875,15.4375,19.25,29.625,9.398047531320652,29.625,333.0;698.0;741.0;673.0;702.0;322.0;375.0;262.0;750.0;343.0,0.380232750364649,2.970201043277195,0.0054057786006883836,0.023018795095593847,0.04188065967396186,0.1636217227324152,4800,1024,2.8271995178902136,5.827199517890214,29.625,0.008881306433468126,2.200341399357033,1.828125,-29.5,4.897294810624897,3.3904348688941592,3.152250496847293,29.625,12.841883138020833,14.8125,19.0,20.5,23.251250000000027,7.898519055476628,4.2559446806696695,4.215948543553857,5.058920810611625,5.251583416816354,6.078473531931828,29.625,11.784378255208333,13.4375,17.625,18.75,21.75,-1.9375,-12.006510416666666,-13.6875,-2.4375,-2.328125,-2.171875,46.5,23.790888671875,27.78125,34.625,36.625,40.43937500000004,4.465300213323436,2.894177487879157,3.4851967496042304,3.9624792136327422,4.0451857758538114,4.182561874534019,0.031504672588172994,3.152237985506494
R0q,mtbench,S4_kctx_lin_l2,6.75,12.0625,18.0,22.125,30.0,33.25,39.75,48.5,72.0,6.381168023204757,72.0,30.0;1003.0;759.0;23.0;938.0;947.0;19.0;1000.0;943.0;1020.0,0.4289574973231025,10.420351222677322,0.006862175861220903,0.02782792900532284,0.050972705576341086,0.19210093950226526,125480,1024,0.5648252114609318,3.564825211460932,72.0,0.10601337380163003,8.711361838156721,6.75,-68.0,3.5229365128109595,2.658820009668649,11.283200777377443,72.0,41.54939332961428,41.0,49.5,52.25,58.0,5.609644488275601,3.4240041361005114,3.3791272887143533,3.7760675016909637,3.946565447347148,4.4198169551619815,72.0,40.02448497768569,39.5,48.25,51.25,57.25,-21.0,-38.12220772234619,-37.75,-31.5,-29.75,-26.375,128.5,78.14669270003188,77.75,91.5,95.5,104.0,14.95433041550426,11.228126479859611,11.275175959435389,12.583647562172894,12.962202499391845,13.585527953337143,0.05502861803761092,11.282702732376944
R0q,mtbench,S4_vctx_lin_l2,5.25,9.0625,13.125,15.75,21.0,23.0,27.5,32.75,52.0,6.449344358598636,52.0,812.0;427.0;257.0;455.0;456.0;468.0;1012.0;424.0;450.0;469.0,0.11148855618524245,8.021682203838413,0.0021024477310789603,0.009254878668821699,0.017525252042285985,0.07862623178846748,125480,1024,0.18994687073030958,3.1899468707303096,51.25,0.0829615746115242,6.383874278746367,5.25,-52.0,3.4107109588742786,2.604542914049449,8.062835089689484,52.0,28.64560089257252,28.375,34.0,35.75,40.25,4.32545960741842,3.08659499415055,3.0696530619109645,3.326354706969791,3.4056388103570723,3.5880323710730484,51.25,27.01042945090851,26.75,32.25,34.25,38.75,-13.375,-26.799698159069173,-26.375,-22.0,-20.875,-19.0,95.0,53.810127609977684,53.625,62.5,65.375,71.0,10.517782773636423,8.02932543695445,8.114311094759898,8.880263743792824,9.077516416153644,9.43516049300494,0.0032958926083398545,8.062408266806264
R0q,mtbench,S4_kdraft_lin_l2,7.9375,13.9375,21.0,26.0,36.5,41.0,55.25,76.00004999997327,97.0,7.693704998175431,97.0,384.0;787.0;606.0;23.0;593.0;65.0;406.0;854.0;86.0;32.0,0.537308987509177,11.051969652826255,0.0225345955387897,0.05458192611237295,0.08567233624322962,0.2685958158094236,4800,1024,1.2333754213135641,4.233375421313564,86.5,-0.34622781931383845,9.64906816323249,7.9375,-97.0,4.382239187105078,2.8950539426124045,12.607709812503032,97.0,59.66263020833333,60.25,75.5,79.0,86.0,6.408309265199033,3.865157503192304,3.8061630134656825,4.400689411189914,4.617261000387253,5.129030457125956,86.5,42.879817708333334,42.25,53.0,56.5,63.25,-22.25,-59.437578125,-60.25,-42.25,-36.5,-30.25,172.5,102.31739583333334,103.25,125.0,131.0,142.75250000000005,21.206072659128594,12.438734681818902,12.282548883698006,15.21270231788016,16.006833178322374,17.56292839335785,-0.07164464792167227,12.602954931817317
R0q,mtbench,S4_vdraft_lin_l2,4.03125,7.03125,10.375,12.75,17.875,20.125,25.25,32.25007499995991,56.75,9.113250763940561,56.75,387.0;508.0;435.0;434.0;397.0;447.0;450.0;480.0;460.0;511.0,0.25435802438359434,6.061889749569707,0.004947639683309815,0.02136011784287501,0.03639981338061482,0.13064832556737405,4800,1024,0.8785605504287455,3.8785605504287455,44.0,-0.052902120358388253,4.819311883654057,4.03125,-56.75,4.054794392766505,2.870473258245595,6.227196142187725,56.75,25.1422265625,24.875,32.25,34.75,39.75,7.229781448888921,3.5570931808637365,3.4844648267360685,4.066456165364692,4.269345543598779,4.816375938132886,44.0,22.631692708333333,22.25,29.125,31.5,36.5,-8.5,-23.878268229166668,-23.375,-17.5,-16.0,-12.625,96.0,46.5099609375,46.25,58.375,62.125,70.125,8.587221574187524,6.165431820391939,6.236583221789562,7.23651539552863,7.435390264043878,7.7660353119677055,-0.04050928599414806,6.2269714275030426
R0q,mtbench,S4_k_stored_ctx_l2,1.0360791087150574,1.8812679648399353,2.847620964050294,3.5118929624557493,4.8896209335327185,5.4403839254379305,6.584111433506091,7.9051026384351575,12.32209587097168,7.196728388484,12.32209587097168,759.0;690.0;938.0;764.0;943.0;696.0;303.0;748.0;752.0;949.0,0.4053808646896431,1.5907465177762967,0.0052055230293919655,0.02265097940887219,0.041388276793978836,0.1662753225993563,125480,1024,0.7576677590242822,3.757667759024282,12.32209587097168,-0.03922962029461639,1.3117057353792065,1.0360791087150574,-10.574106216430664,3.845454715060484,2.855786397846428,1.7121802027000417,12.32209587097168,6.916854914560187,6.787779808044434,7.982637786865235,8.448393821716309,9.42807388305664,5.994302324053994,3.7464869158475356,3.716784611060754,4.1322706453093225,4.278695093213921,4.616647458940608,12.32209587097168,6.544740840117187,6.417947292327881,7.696051597595215,8.175795555114746,9.35463809967041,-4.219343185424805,-6.3616349499773595,-6.264138221740723,-5.4643402099609375,-5.267836093902588,-4.945488452911377,18.770638465881348,12.906375790094547,12.791675567626953,14.440244197845459,14.980228900909424,16.208081245422363,1.8098403934373046,1.7119961695906982,1.708601986214419,1.7457956203178684,1.7591997407514224,1.7892565467614798,0.02226018615239917,1.7117307274830047
R0q,mtbench,S4_k_stored_draft_l2,1.052449345588684,1.785878837108612,2.5866034507751468,3.1371124386787415,4.360643181800843,4.815520689487459,5.777320384979248,6.904483909892974,9.292366981506348,5.82804978573386,9.292366981506348,759.0;748.0;384.0;542.0;687.0;448.0;676.0;237.0;222.0;606.0,0.440977799589909,1.4654965071050463,0.008617134202325275,0.03597711625560813,0.06566863544761112,0.2126318545517673,4800,1024,0.3790564528106719,3.379056452810672,9.292366981506348,-0.06399190899748618,1.2564873954410296,1.052449345588684,-8.326236724853516,3.6234590066024253,2.734937784090449,1.5944213455850336,9.292366981506348,6.124831617573897,6.037588596343994,6.9544891834259035,7.218114519119263,7.867146515846253,4.408500802100597,3.371702449086682,3.3514333713023943,3.6446134750693053,3.743251480508796,3.977965605523616,9.292366981506348,5.8214250474671525,5.749427318572998,6.786861896514893,7.103434753417969,7.782983875274659,-4.153628349304199,-5.659474745690822,-5.59375524520874,-4.942817878723145,-4.788713717460632,-4.5184590101242055,15.555845260620117,11.480899793157976,11.407238245010376,12.723224592208863,13.152159214019775,13.886193838119512,1.6824975464297849,1.5941899145031482,1.5955069602079417,1.6285147976005856,1.6369629505217014,1.6522333544133947,0.018582108686172646,1.5931366742499047
R0q,mtbench,S4_v_stored_ctx_l2,5.25,9.0625,13.125,15.75,21.0,23.0,27.5,32.75,52.0,6.449344358598636,52.0,812.0;427.0;257.0;455.0;456.0;468.0;1012.0;424.0;450.0;469.0,0.11148855618524245,8.021682203838413,0.0021024477310789603,0.009254878668821699,0.017525252042285985,0.07862623178846748,125480,1024,0.18994687073030958,3.1899468707303096,51.25,0.0829615746115242,6.383874278746367,5.25,-52.0,3.4107109588742786,2.604542914049449,8.062835089689484,52.0,28.64560089257252,28.375,34.0,35.75,40.25,4.32545960741842,3.08659499415055,3.0696530619109645,3.326354706969791,3.4056388103570723,3.5880323710730484,51.25,27.01042945090851,26.75,32.25,34.25,38.75,-13.375,-26.799698159069173,-26.375,-22.0,-20.875,-19.0,95.0,53.810127609977684,53.625,62.5,65.375,71.0,10.517782773636423,8.02932543695445,8.114311094759898,8.880263743792824,9.077516416153644,9.43516049300494,0.0032958926083398545,8.062408266806264
R0q,mtbench,S4_v_stored_draft_l2,4.03125,7.03125,10.375,12.75,17.875,20.125,25.25,32.25007499995991,56.75,9.113250763940561,56.75,387.0;508.0;435.0;434.0;397.0;447.0;450.0;480.0;460.0;511.0,0.25435802438359434,6.061889749569707,0.004947639683309815,0.02136011784287501,0.03639981338061482,0.13064832556737405,4800,1024,0.8785605504287455,3.8785605504287455,44.0,-0.052902120358388253,4.819311883654057,4.03125,-56.75,4.054794392766505,2.870473258245595,6.227196142187725,56.75,25.1422265625,24.875,32.25,34.75,39.75,7.229781448888921,3.5570931808637365,3.4844648267360685,4.066456165364692,4.269345543598779,4.816375938132886,44.0,22.631692708333333,22.25,29.125,31.5,36.5,-8.5,-23.878268229166668,-23.375,-17.5,-16.0,-12.625,96.0,46.5099609375,46.25,58.375,62.125,70.125,8.587221574187524,6.165431820391939,6.236583221789562,7.23651539552863,7.435390264043878,7.7660353119677055,-0.04050928599414806,6.2269714275030426
R0q,mtbench,S4_kctx_lin_l3,6.78125,12.125,18.25,22.375,31.25,35.0,43.25,59.00009999994654,82.5,7.342880781409815,82.5,957.0;698.0;702.0;685.0;574.0;423.0;954.0;555.0;1008.0;765.0,0.38569758333245485,10.531513222478793,0.005068716834460299,0.022763650078441472,0.041495386344432575,0.16335863725563896,125480,1024,0.67967186979239,3.67967186979239,82.5,0.13290186571956314,8.698819704624833,6.78125,-74.0,3.8494496217693883,2.781394235382506,11.235372390747191,82.5,42.76444353681862,41.5,52.0,56.25,69.5,6.065367017865212,3.483524701750914,3.388289504416653,4.052641210127788,4.300655494948556,5.159451811154443,82.5,40.80954634204654,39.75,50.25,54.5,61.75,-23.125,-39.29425306821804,-38.25,-31.75,-30.125,-27.375,154.5,80.10379941026459,78.25,95.75,102.5,121.80249999999796,15.809966519393258,11.181257415403598,11.164674544925761,12.530688665081364,12.948559986611086,14.168677157086334,0.05863833441573344,11.234586323174186
R0q,mtbench,S4_vctx_lin_l3,6.25,10.8125,15.875,19.25,26.625,29.625625000000582,36.250250000011874,46.25,80.5,8.175113264947587,80.5,533.0;1015.0;975.0;980.0;753.0;617.0;522.0;585.0;537.0;641.0,0.1831190227227748,9.719976494627897,0.002097105514929476,0.009774786976528248,0.01888157717975396,0.08789196699831399,125480,1024,0.5646978195740822,3.564697819574082,80.5,-0.1301592206430126,7.701374967058377,6.25,-76.5,3.681365212829358,2.7038806295556457,9.846958371226446,80.5,37.172389026139626,36.25,46.5,50.0,56.75,5.496936371322638,3.3293970659225645,3.2696418469133417,3.7832404174899343,3.991230644289776,4.316742091567459,80.5,34.86557519126554,34.0,44.0,47.5,54.5,-17.625,-34.586897314313035,-33.75,-26.875,-25.125,-22.875,134.5,69.45247250557858,68.25,85.25,90.5,102.0,14.071466700776003,9.78942291746903,9.802099132987722,11.101352093411124,11.472333976817414,12.279318165157957,0.018482807941778673,9.846098097314904
R0q,mtbench,S4_kdraft_lin_l3,8.625,15.75,24.875,31.875,49.5,58.0,76.0,90.00004999997327,123.5,8.152231430583754,123.5,834.0;455.0;395.0;458.0;423.0;769.0;385.0;877.0;478.0;832.0,0.5851902863999755,12.871717445844137,0.019298245973651644,0.06975035642683834,0.11841511947952472,0.3233913875778089,4800,1024,2.6841109703746433,5.684110970374643,123.5,0.2541538152455663,11.060068963531716,8.625,-111.0,5.016757803436156,3.267493569343286,15.149226448194268,123.5,69.227734375,69.5,88.0,93.0,105.00500000000011,7.718380015148389,4.582769257619414,4.506166517042145,5.374982127808815,5.67575585716929,6.329418034643327,123.5,68.944453125,69.0,88.0,93.0,105.0,-19.625,-56.371692708333335,-55.0,-36.5,-32.5,-28.0,223.5,125.31614583333334,123.75,164.5,173.5250000000001,196.5050000000001,25.47912678206718,14.674107022760108,14.14030195243853,19.93791140258629,21.194139833026483,23.192239072854115,0.3017331200389815,15.147094368784558
R0q,mtbench,S4_vdraft_lin_l3,5.75,10.0,14.6875,17.875,25.0,28.0,34.75,46.0,80.5,9.043206259440572,80.5,445.0;805.0;407.0;427.0;894.0;412.0;800.0;441.0;481.0;402.0,0.21874836389909535,8.730518841421157,0.004504063623129779,0.017356585771948107,0.029849135053771955,0.1128838626208098,4800,1024,0.7184908092428319,3.718490809242832,80.5,-0.10070439073916836,6.92779593156379,5.75,-65.0,3.9037443169634765,2.8084491488945873,8.901710045147182,80.5,34.27420572916667,33.5,44.0,47.75,54.752500000000055,6.240913000663799,3.3933410497911383,3.3171459582102782,3.8521727156521,4.0940624068091,4.716260700121143,80.5,31.436015625,30.625,40.5,44.0,51.25,-13.0625,-32.467890625,-31.75,-24.375,-22.375,-18.625,129.75,63.90390625,62.6875,80.25,85.76250000000005,99.50250000000005,13.385847900779504,8.821058894663302,8.784288628483644,10.351911455422439,10.681276159709975,11.360753938632017,-0.017461500320240103,8.901140396239128
R0q,mtbench,S4_k_stored_ctx_l3,1.0194374918937683,1.8778620958328247,2.898001217842104,3.5998626708984376,4.999436249732972,5.522720234394074,6.5678230991364055,8.028459402274654,11.077983856201172,6.411369179471016,11.077983856201172,235.0;698.0;557.0;957.0;754.0;1008.0;702.0;249.0;574.0;555.0,0.4043428029331465,1.6059120627419632,0.005046278396534516,0.023638166209878762,0.044649262737187785,0.16930197642202863,125480,1024,0.7655320202256686,3.7655320202256686,10.759521484375,0.005444506221410926,1.3198185841314138,1.0194374918937683,-11.077983856201172,3.8011193318764023,2.893417421648034,1.7278655379372778,11.077983856201172,6.752121305674704,6.660641670227051,7.802957391738892,8.177745437622065,8.861800193786621,6.659149495198879,3.73988154214354,3.663323052546521,4.334415000408801,4.562011884970688,5.2594485240436715,10.759521484375,6.3769553971396995,6.287678241729736,7.493748664855957,7.925877094268799,8.589302568435658,-4.2367024421691895,-6.317612557001542,-6.218691825866699,-5.404570245742797,-5.214806079864502,-4.908672332763672,18.56086826324463,12.694567954141242,12.576314449310303,14.343205451965332,14.9275484085083,16.345343589782715,1.827208320269527,1.727616039370726,1.7263844229519,1.7657360998984013,1.7773502533669543,1.8045361137806009,0.02166103190896904,1.7278569600934226
R0q,mtbench,S4_k_stored_draft_l3,0.9894668459892273,1.8068827390670776,2.787912583351138,3.450004112720488,4.668473668098451,5.130020618438721,6.0720086097717285,7.038187694215673,9.314042091369629,5.596332597650977,9.314042091369629,638.0;372.0;699.0;248.0;832.0;249.0;174.0;235.0;55.0;522.0,0.5102673149702985,1.4802600244764734,0.009556736491841527,0.03698082496930973,0.06624541064033738,0.23991213124917177,4800,1024,0.6830471007251613,3.6830471007251613,9.314042091369629,-0.018891272849317672,1.2721029962718438,0.9894668459892273,-8.311737060546875,3.6483601193481414,2.805047595207154,1.6643117486046373,9.314042091369629,6.2575666526953375,6.196497201919556,6.985425281524658,7.2431341171264645,7.837980990409852,4.863341268170056,3.6795812866848108,3.6584683045560764,3.98326427682947,4.090444124061989,4.303995503687467,9.314042091369629,5.9103317578633625,5.831630706787109,6.717690944671631,7.059361147880555,7.654418749809266,-4.202590465545654,-5.969786971112092,-5.921743869781494,-5.310934209823608,-5.158719158172607,-4.8928164196014405,16.00497341156006,11.880118728975456,11.808725357055664,12.982754421234132,13.341191697120667,14.126420898437502,1.7299101625498547,1.6641236476258578,1.6662055370673694,1.694479768275656,1.7010790122059982,1.7110423219809097,-0.0015301042098868332,1.6642045296037258
R0q,mtbench,S4_v_stored_ctx_l3,6.25,10.8125,15.875,19.25,26.625,29.625625000000582,36.250250000011874,46.25,80.5,8.175113264947587,80.5,533.0;1015.0;975.0;980.0;753.0;617.0;522.0;585.0;537.0;641.0,0.1831190227227748,9.719976494627897,0.002097105514929476,0.009774786976528248,0.01888157717975396,0.08789196699831399,125480,1024,0.5646978195740822,3.564697819574082,80.5,-0.1301592206430126,7.701374967058377,6.25,-76.5,3.681365212829358,2.7038806295556457,9.846958371226446,80.5,37.172389026139626,36.25,46.5,50.0,56.75,5.496936371322638,3.3293970659225645,3.2696418469133417,3.7832404174899343,3.991230644289776,4.316742091567459,80.5,34.86557519126554,34.0,44.0,47.5,54.5,-17.625,-34.586897314313035,-33.75,-26.875,-25.125,-22.875,134.5,69.45247250557858,68.25,85.25,90.5,102.0,14.071466700776003,9.78942291746903,9.802099132987722,11.101352093411124,11.472333976817414,12.279318165157957,0.018482807941778673,9.846098097314904
R0q,mtbench,S4_v_stored_draft_l3,5.75,10.0,14.6875,17.875,25.0,28.0,34.75,46.0,80.5,9.043206259440572,80.5,445.0;805.0;407.0;427.0;894.0;412.0;800.0;441.0;481.0;402.0,0.21874836389909535,8.730518841421157,0.004504063623129779,0.017356585771948107,0.029849135053771955,0.1128838626208098,4800,1024,0.7184908092428319,3.718490809242832,80.5,-0.10070439073916836,6.92779593156379,5.75,-65.0,3.9037443169634765,2.8084491488945873,8.901710045147182,80.5,34.27420572916667,33.5,44.0,47.75,54.752500000000055,6.240913000663799,3.3933410497911383,3.3171459582102782,3.8521727156521,4.0940624068091,4.716260700121143,80.5,31.436015625,30.625,40.5,44.0,51.25,-13.0625,-32.467890625,-31.75,-24.375,-22.375,-18.625,129.75,63.90390625,62.6875,80.25,85.76250000000005,99.50250000000005,13.385847900779504,8.821058894663302,8.784288628483644,10.351911455422439,10.681276159709975,11.360753938632017,-0.017461500320240103,8.901140396239128
R0q,mtbench,S4_kctx_lin_l4,6.9375,12.0625,17.625,21.5,29.376250000001164,32.75,40.5,52.750024999986636,75.0,6.8174223828243266,75.0,114.0;58.0;62.0;38.0;117.0;60.0;123.0;122.0;109.0;127.0,0.33425519431287776,10.477714947272528,0.006830630162180174,0.02643988555292707,0.045661722512094424,0.1504199825658622,125480,1024,0.33599507005522344,3.3359950700552234,75.0,0.13914345018541904,8.670378452506371,6.9375,-73.5,3.681408086725136,2.670270723646014,11.001225358861944,75.0,40.78544788014026,39.75,49.75,53.5,60.25,5.3988503336221285,3.231422249135048,3.1541129660108087,3.6991333855241915,3.909060658417929,4.613853825999581,75.0,38.20477964615875,37.25,46.25,50.25,59.75,-23.0,-38.04918313675486,-37.0,-30.5,-29.125,-26.75,129.75,76.25396278291362,74.75,90.25,96.5,113.75,14.86007049546934,10.961105053261512,10.982204788386696,12.149885794779667,12.495427379982724,12.993672487806794,0.016434205500765377,11.00034538079317
R0q,mtbench,S4_vctx_lin_l4,6.875,11.9375,17.25,20.875,28.375,31.375,37.75,46.75,84.5,7.9584098704842425,84.5,88.0;117.0;55.0;71.0;16.0;46.0;31.0;40.0;73.0;115.0,0.13583828208013582,10.53954828138046,0.0016548633086215846,0.008013745412108494,0.01579295617954282,0.07631612521792121,125480,1024,0.30893776011153573,3.3089377601115357,81.0,-0.05989905936832893,8.368611273030874,6.875,-84.5,3.5553842912518365,2.6724246162720755,10.617698934229239,84.5,39.02968102486452,38.25,46.75,50.0,57.25,6.660450844088176,3.220757508201655,3.157790643313205,3.509693895921272,3.683068721457792,4.369782094136059,81.0,36.425239081925405,35.75,44.0,47.0,53.75,-19.875,-36.674353482626714,-36.0,-30.0,-28.25,-24.75,135.5,73.09959256455213,72.25,85.75,90.5,102.25,12.985698355685498,10.576901979792531,10.739608525897,11.562939797101278,11.760333273961876,12.117639997355361,-0.007966369903532373,10.617529974557147
R0q,mtbench,S4_kdraft_lin_l4,6.15625,10.8125,16.375,20.25,29.0,32.75,41.5,52.750024999986636,75.0,7.674169381015229,75.0,487.0;62.0;428.0;38.0;285.0;114.0;506.0;58.0;478.0;576.0,0.47918860107372263,8.828444521559884,0.013338363661696632,0.048371856982288165,0.0798575866707436,0.2419604577854958,4800,1024,1.1961066304203563,4.196106630420356,75.0,-0.07115353665159395,7.464660433056997,6.15625,-66.0,4.24637372416176,2.967345493992555,9.773044648394002,75.0,39.469375,38.25,50.77500000000009,54.5,60.25,6.139535649570334,3.586245530597346,3.5221488128258627,4.034094641512673,4.235547808066814,4.677262662266696,75.0,37.24395833333333,36.0,50.5,54.0,59.5,-20.0,-34.9175,-34.0,-27.75,-26.125,-23.625,138.0,72.16145833333333,69.5,91.0,98.5,113.25,16.135817606639524,9.546537156027789,9.062450907886383,12.669339670589947,13.5534641616565,14.833908010265455,0.02617312255916664,9.772785625077663
R0q,mtbench,S4_vdraft_lin_l4,4.53125,7.78125,11.3125,13.625,18.5,20.5,25.0,31.5,54.0,7.933430377695486,54.0,4.0;20.0;110.0;23.0;119.0;116.0;39.0;108.0;115.0;84.0,0.1619430596791923,6.734098310637206,0.003594116147212133,0.014126616332260847,0.024038772385231354,0.09127273460971194,4800,1024,0.38066844801713495,3.380668448017135,48.5,-0.07697039431116233,5.360777551919067,4.53125,-54.0,3.6728844341182803,2.7179344812475277,6.80663942697711,54.0,25.2190234375,24.5,31.125,34.0,40.5,5.68555502881101,3.2103520879167653,3.1570219728210085,3.546937204706557,3.7514308580454365,4.289344343135672,48.5,23.113203125,22.375,28.5,31.125,37.75,-12.75,-23.933046875,-23.25,-19.0,-18.0,-16.0,97.0,47.04625,46.0,56.875,61.25,71.75,9.424625934470546,6.772780307159133,6.759615170319078,7.646639424489855,7.868647055192286,8.240206048362483,-0.01952410032652894,6.806204217276974
R0q,mtbench,S4_k_stored_ctx_l4,1.1242108941078186,2.0181362628936768,3.055914163589478,3.774666011333463,5.198350358009339,5.7428889775276195,6.905628770351482,8.17786121883392,11.476593017578125,6.244831163870617,11.476593017578125,571.0;635.0;624.0;62.0;241.0;630.0;623.0;114.0;819.0;243.0,0.3675773648755334,1.7314334812494852,0.006201624242701384,0.025109640236136925,0.043573597210430436,0.15327354373768642,125480,1024,0.5578048922085816,3.5578048922085816,11.476593017578125,0.026963692979882256,1.4220685906118635,1.1242108941078186,-10.901708602905273,3.7576034703993457,2.828611267010429,1.8377747478548008,11.476593017578125,7.010568202898538,6.927183151245117,8.02552318572998,8.417180061340332,9.06944751739502,5.188695690438333,3.5421567424633538,3.488249599988168,4.036981748960302,4.220734838203956,4.7345429549069475,11.476593017578125,6.610044776523117,6.511504173278809,7.6778950691223145,8.102164268493652,8.810076713562012,-4.476907253265381,-6.565255425532684,-6.480068206787109,-5.631505012512207,-5.426075887680054,-5.097947597503662,18.54548168182373,13.175300202055801,13.073938369750977,14.764553546905518,15.312027931213379,16.30248737335205,1.9052793513984112,1.8376414150774172,1.8366859529147816,1.8670391117514487,1.8755547584258319,1.8937410588267392,0.01694899482063089,1.8375769325700797
R0q,mtbench,S4_k_stored_draft_l4,1.120918095111847,1.9754319489002228,2.947195625305176,3.611529672145842,4.97804095745087,5.491638047695164,6.444622365474807,7.3970632910728265,9.310430526733398,5.221675989604248,9.310430526733398,695.0;631.0;957.0;940.0;190.0;626.0;704.0;958.0;181.0;941.0,0.4403373996034392,1.6368361663596993,0.009480063001864866,0.037356879260212326,0.06494900599978133,0.21873522181255753,4800,1024,0.48653539939825885,3.486535399398259,9.158201217651367,0.008396266495024788,1.3860247288596208,1.120918095111847,-9.310430526733398,3.6144117902218182,2.791892047113287,1.7830349001488004,9.310430526733398,6.648186420698961,6.59147047996521,7.413193988800049,7.723268008232117,8.272367668151857,4.536833565299433,3.478264327998266,3.470049510763491,3.7629819686615456,3.8569770099778795,4.043562812795383,9.158201217651367,6.260453726053238,6.222717523574829,7.015463876724243,7.271738767623902,7.76938795566559,-4.411386966705322,-6.3471096881230675,-6.27968430519104,-5.52422947883606,-5.340856981277466,-5.018157615661621,16.598793983459473,12.607563414176305,12.5419282913208,13.795622539520265,14.150477957725524,14.926191263198852,1.8447519284302225,1.782886457451433,1.7853223375384175,1.8096305616125792,1.816015092757662,1.827124255453657,-0.014414221341645383,1.7830151311353437
R0q,mtbench,S4_v_stored_ctx_l4,6.875,11.9375,17.25,20.875,28.375,31.375,37.75,46.75,84.5,7.9584098704842425,84.5,88.0;117.0;55.0;71.0;16.0;46.0;31.0;40.0;73.0;115.0,0.13583828208013582,10.53954828138046,0.0016548633086215846,0.008013745412108494,0.01579295617954282,0.07631612521792121,125480,1024,0.30893776011153573,3.3089377601115357,81.0,-0.05989905936832893,8.368611273030874,6.875,-84.5,3.5553842912518365,2.6724246162720755,10.617698934229239,84.5,39.02968102486452,38.25,46.75,50.0,57.25,6.660450844088176,3.220757508201655,3.157790643313205,3.509693895921272,3.683068721457792,4.369782094136059,81.0,36.425239081925405,35.75,44.0,47.0,53.75,-19.875,-36.674353482626714,-36.0,-30.0,-28.25,-24.75,135.5,73.09959256455213,72.25,85.75,90.5,102.25,12.985698355685498,10.576901979792531,10.739608525897,11.562939797101278,11.760333273961876,12.117639997355361,-0.007966369903532373,10.617529974557147
R0q,mtbench,S4_v_stored_draft_l4,4.53125,7.78125,11.3125,13.625,18.5,20.5,25.0,31.5,54.0,7.933430377695486,54.0,4.0;20.0;110.0;23.0;119.0;116.0;39.0;108.0;115.0;84.0,0.1619430596791923,6.734098310637206,0.003594116147212133,0.014126616332260847,0.024038772385231354,0.09127273460971194,4800,1024,0.38066844801713495,3.380668448017135,48.5,-0.07697039431116233,5.360777551919067,4.53125,-54.0,3.6728844341182803,2.7179344812475277,6.80663942697711,54.0,25.2190234375,24.5,31.125,34.0,40.5,5.68555502881101,3.2103520879167653,3.1570219728210085,3.546937204706557,3.7514308580454365,4.289344343135672,48.5,23.113203125,22.375,28.5,31.125,37.75,-12.75,-23.933046875,-23.25,-19.0,-18.0,-16.0,97.0,47.04625,46.0,56.875,61.25,71.75,9.424625934470546,6.772780307159133,6.759615170319078,7.646639424489855,7.868647055192286,8.240206048362483,-0.01952410032652894,6.806204217276974
R1,gsm8k,A_src1,0.01531982421875,0.0264892578125,0.03857421875,0.047119140625,0.0703125,2.0782031250000728,11.3125,18.125,24.375,41.251367671950575,24.375,3280.0;2154.0;1950.0;2521.0;58.0;610.0;1800.0;2557.0;2520.0;2926.0,0.6169887368439148,0.4796558542257745,0.009118328276982302,0.03834779779633425,0.06924470551349858,0.25224560180613215,20490,4096,455.2310699815683,458.2310699815683,24.375,-0.0004768887678291938,0.05475054752072648,0.01531982421875,-24.0,19.144865509289883,0.11899432982293434,0.5908894995637711,24.375,0.22880733074823084,0.0869140625,0.10546875,0.111328125,0.13291992187500057,3.432922136443478,2.98407892860175,2.9839611038682614,3.08389447723464,3.114267613816614,3.1672279491168465,24.375,0.2249257926885066,0.08251953125,0.10205078125,0.1083984375,0.130859375,-0.0478515625,-0.22200629260843704,-0.08251953125,-0.064453125,-0.06103515625,-0.055419921875,48.375,0.4469320852969436,0.16650390625,0.19921875,0.20849609375,0.2451171875,7.739822093867723,0.06793732161395812,0.023022229450308178,0.02697008915823779,0.02794485852619266,0.031184241144559036,0.15534389440314847,0.5908893071226006
R1,gsm8k,A_src1_origbasis,0.012138004414737225,0.021801123395562172,0.034149737656116515,0.04488315377384423,0.10588718518614816,0.2164981321990516,0.9354359241128748,2.0336127380116054,300.0799865722656,507.8445274788352,300.0799865722656,788.0;1384.0;4062.0;290.0;2352.0;4055.0;133.0;1039.0;1189.0;709.0,0.9955743768580148,0.06667464413370328,0.9824043872269679,0.9901623499298565,0.9915777625760018,0.9936879472315064,20490,4096,224502.38477437105,224505.38477437105,300.0799865722656,-0.0005314095978323228,0.020548370629504008,0.012138004414737225,-274.7288513183594,1.5830979609612414,0.17919964653815176,0.5908894756865756,300.0799865722656,2.0074017315557553,0.25442053377628326,0.3419631689786911,0.37120776027441016,0.47477877140045166,1319.01847300123,29.73285912396025,13.859640604120603,52.58541607513793,71.975371893507,119.55836183357475,300.0799865722656,2.0041210083560923,0.2527240514755249,0.3419445633888245,0.37120776027441016,0.47477877140045166,-0.09252406656742096,-1.790566241236839,-0.1852843016386032,-0.1412159517407417,-0.13132401853799822,-0.1170114132761955,574.808837890625,3.7946872495929314,0.4378989487886429,0.5617611810564995,0.6021321684122085,0.7897086387872697,7.739822053761639,0.06793732054939638,0.02302223033334583,0.02697008986774852,0.027944859694702756,0.031184242023415285,-97.71065983118704,0.5908892367279975
R1,gsm8k,A_src8,0.064453125,0.11083984375,0.16015625,0.193359375,0.28125,2.078125,11.375,18.125,24.375,40.67795772284556,24.375,3280.0;2154.0;1950.0;2521.0;58.0;610.0;1800.0;2557.0;2520.0;2926.0,0.6019451906098372,0.4973565678361573,0.008886846689861987,0.037416792059843614,0.06758207387746806,0.2468453167258147,20490,4096,432.7370351206707,435.7370351206707,24.375,-6.736649968933373e-05,0.1123326359207127,0.064453125,-24.0,18.98304693732793,0.46936105064821804,0.5992188734271314,24.375,0.5014658922797707,0.357421875,0.421875,0.443359375,0.50390625,3.3897362677341394,2.980835779327809,2.9803337972336275,3.08054792824644,3.112034681151922,3.1710293513300902,24.375,0.4856315199487555,0.341796875,0.404296875,0.427734375,0.5,-0.2080078125,-0.48085799284712055,-0.33984375,-0.2890625,-0.275390625,-0.2578125,48.375,0.966489512795876,0.685546875,0.791015625,0.830078125,0.93359375,7.754172147130389,0.14001940940091592,0.09499650932256831,0.1066462957116051,0.11043485592563534,0.12771664427940016,0.1856878358245874,0.5992188696403304
R1,gsm8k,A_src8_origbasis,0.05609072186052799,0.0975016038864851,0.14499400556087497,0.18111602067947385,0.32845780581235934,0.48322802379727475,1.0382702022791572,2.2968247599587372,300.31158447265625,501.17168385813227,300.31158447265625,788.0;1384.0;4062.0;290.0;2352.0;4055.0;133.0;1039.0;709.0;1189.0,0.978416935756474,0.11837244809804193,0.9586688946446784,0.9691940161248946,0.9718947076612404,0.9760587127186257,20490,4096,213585.0404683871,213588.0404683871,300.31158447265625,-0.00014935951892636946,0.07391722648200645,0.05609072186052799,-275.29901123046875,1.7327058045053454,0.5481431956891955,0.5992189785360381,300.31158447265625,3.223276765190025,1.4491832256317139,2.1147102594375613,2.3201410770416255,3.0151335811615017,1316.9280781369414,39.261097725550066,21.077867850693618,71.0733152484859,98.05992739005853,187.12571047126943,300.31158447265625,3.2193085065130607,1.4491273164749146,2.1147102594375613,2.3201410770416255,3.0151335811615017,-0.352294921875,-2.354360141060072,-0.7269674837589264,-0.5572257995605469,-0.5224955946207046,-0.47217267751693726,575.610595703125,5.5736686475731325,2.1969786286354065,2.9744610965251925,3.2180909574031826,4.023841584920883,7.754173222093253,0.14001942073690685,0.09499651421711851,0.10664629985305947,0.11043485763621397,0.12771664772541177,-94.93014750672664,0.5992189599215858
R1,gsm8k,A_src15,0.1103515625,0.1884765625,0.271484375,0.328125,0.4765625,2.046875,11.375062500002969,18.375,24.625,39.88999759429205,24.625,3280.0;2154.0;1950.0;2521.0;610.0;58.0;1800.0;2557.0;2520.0;1027.0,0.5750653612673136,0.5263057546591455,0.008491167753580327,0.03586618458250637,0.06494175668113947,0.23758378682275957,20490,4096,394.17426923407726,397.17426923407726,24.625,9.501876294372667e-05,0.16577272838833645,0.1103515625,-24.25,18.42644531005239,0.7719828214631392,0.617322674482278,24.625,0.7492503012140068,0.609375,0.69921875,0.734375,0.8246484375000023,3.3393894632672465,2.9730411063113285,2.9717139856173898,3.074315030237542,3.104612893705002,3.1667215129508013,24.625,0.7229090409956076,0.58203125,0.67578125,0.70703125,0.80078125,-0.34375,-0.7195818653916545,-0.578125,-0.49609375,-0.4765625,-0.43359375,48.75,1.4424909063872622,1.1640625,1.31640625,1.3671875,1.5004296875000023,7.806314070188413,0.20690319657133713,0.16360983235468496,0.17830179966324183,0.18277025927895252,0.19937682887059172,0.16703019688297635,0.6173226671695987
R1,gsm8k,A_src15_origbasis,0.0936061479151249,0.16216017305850983,0.24048416614532475,0.2997284859418868,0.5317439234256744,0.7323722866177559,1.2508244919777276,3.6834675421706313,302.3568115234375,489.7872798316596,302.3568115234375,788.0;1384.0;4062.0;2352.0;290.0;4055.0;133.0;1039.0;1189.0;3231.0,0.9509663005746593,0.172059894774877,0.9167245187932637,0.9330964669504368,0.9377943990847188,0.9479482368360804,20490,4096,194890.36347416413,194893.36347416413,302.3568115234375,0.00010503190143382893,0.12092156954140416,0.0936061479151249,-276.97198486328125,2.026208446853857,0.8613710685379647,0.6173227112540731,302.3568115234375,4.503858655251894,2.716694951057434,4.082438278198242,4.5355000495910645,6.098855295181276,1317.4063606858674,48.05113978876649,26.69048279319683,90.57009944820095,125.54068406431642,274.93898926263086,302.3568115234375,4.499511409530179,2.716694951057434,4.082438278198242,4.5355000495910645,6.098855295181276,-0.456865519285202,-2.830030277006332,-1.195848524570465,-0.8917927742004395,-0.8152400493621826,-0.6975250178575516,579.3287963867188,7.32954168653651,3.9244375228881836,5.470680844783783,6.005593597888946,7.898894970417033,7.806314687147851,0.20690320446673618,0.16360983695994027,0.17830180591761188,0.18277025930992982,0.19937683253078858,-88.59538558450674,0.6173227023189568
R1,gsm8k,A_src22,0.232421875,0.3984375,0.578125,0.69921875,1.0078125,2.078125,11.4375,18.375,24.625,35.7184696923009,24.625,3280.0;2154.0;1950.0;2521.0;610.0;58.0;1800.0;2557.0;2520.0;1027.0,0.46865402166500514,0.6274280664704541,0.007048067229996038,0.029720527908206174,0.05422563725628963,0.20100219281916773,20490,4096,253.95198444484254,256.95198444484254,24.625,-0.0005245439219788506,0.31072812052270904,0.232421875,-24.25,16.590050643885952,1.4618282329653605,0.6894192335823365,24.625,1.432450280624695,1.296875,1.5078125,1.578125,1.78125,3.396522691695337,2.972516010857719,2.973364804120707,3.0711851615202543,3.102144444108157,3.158003775962551,24.625,1.3765482018667643,1.2421875,1.453125,1.53125,1.734375,-0.69921875,-1.3686968109443631,-1.234375,-1.015625,-0.94921875,-0.84765625,48.75,2.7452450128111274,2.4921875,2.8515625,2.9609375,3.265625,7.817506458894823,0.38833655622089025,0.35061967310192776,0.38840755597969145,0.39869576145612423,0.42208535438414596,0.11493154127020322,0.6894190340329531
R1,gsm8k,A_src22_origbasis,0.18843527138233185,0.32775362581014633,0.4871491879224782,0.6083316445350646,1.0376563131809249,1.3850705724954617,2.482346138239103,8.30330515183765,302.8311767578125,439.25545838901434,302.8311767578125,788.0;1384.0;4062.0;2352.0;290.0;4055.0;133.0;1039.0;1189.0;3231.0,0.8521011865569905,0.31960112605378904,0.7667999669727076,0.7941004174238752,0.807392901967663,0.8432646790903684,20490,4096,126186.50823113907,126189.50823113907,302.8311767578125,-0.0005729555020681131,0.24237740411566844,0.18843527138233185,-277.4205322265625,3.6006335361713604,1.505116495522065,0.6894192683875963,302.8311767578125,8.891259996864258,7.363713979721069,9.827446365356447,10.549509096145629,12.162120447158818,1318.9279333452957,83.0612927326992,58.448011851573405,164.27978253690276,212.2454545602953,355.7701439007964,302.8311767578125,4.870117307581978,3.0547984838485718,4.1091724872589115,4.567220115661621,6.083605728149421,-1.0557756423950195,-8.735649380537287,-7.363713979721069,-4.164067745208739,-3.2953828811645516,-1.7752177715301514,580.251708984375,13.605766688119266,10.462600231170654,13.600091934204102,14.576011896133421,17.198354334831244,7.817506460106714,0.3883365688795504,0.35061966527952415,0.38840756921781316,0.39869577209652607,0.4220853670084854,-64.4088476391854,0.689419030304561
R1,gsm8k,A_src29,0.47265625,0.80859375,1.1640625,1.3984375,1.953125,2.546875,11.5625,18.5,24.875,27.147034045592434,24.875,3280.0;2154.0;1950.0;2557.0;2521.0;58.0;1800.0;610.0;2149.0;2520.0,0.3109378731455843,0.8812474218468664,0.005138052842955053,0.019937235354303806,0.036369133058124906,0.14114699060045147,20490,4096,80.5426398906106,83.5426398906106,24.875,-0.0012266553617536493,0.5903673775336478,0.47265625,-24.375,12.618596227222614,2.131519632976793,0.9163063618008274,24.875,2.6879167429233775,2.546875,2.953125,3.078125,3.46875,3.2821501434197327,2.909580473840611,2.912620735024939,3.029764177318098,3.063416382252142,3.1369773489864574,24.875,2.5838549292337727,2.4375,2.84375,2.984375,3.376718750000009,-1.390625,-2.5623806582479256,-2.421875,-2.0625,-1.9609375,-1.7578125,49.25,5.146235587481699,4.890625,5.5625,5.78125,6.34375,7.817440174047154,0.7358783425191747,0.6985873198491328,0.7794740629942857,0.8014301234134464,0.847558184447835,0.0589553724565621,0.916305540741347
R1,gsm8k,A_src29_origbasis,0.3855351060628891,0.6664398312568665,0.9732354879379272,1.1874259173870085,1.769475297927858,2.207954858541489,3.8679193089009853,22.332223987170295,302.3805236816406,329.99934738091304,302.3805236816406,788.0;1384.0;4062.0;2352.0;290.0;1951.0;761.0;1658.0;2252.0;2742.0,0.6631368484924658,0.6122519802140066,0.5345955077878768,0.572834053515639,0.5898116066137492,0.641700294804691,20490,4096,40162.35123837618,40165.35123837618,302.3805236816406,-0.004324829803930507,0.4805105817296864,0.3855351060628891,-276.6623229980469,4.221207213078373,1.9310955825237681,0.9163064293354725,302.3805236816406,20.827311511630835,19.60086727142334,26.498856544494632,28.148113536834718,31.96344926834107,1308.3335206138954,192.18691700702624,157.24601487769863,388.1265704414901,467.342561259682,704.5573941606581,302.3805236816406,6.5881928310270945,4.875730752944946,6.382252073287965,6.825567960739136,7.84505823135376,-1.736215353012085,-20.674487542215935,-19.60086727142334,-11.291606903076172,-9.003565645217908,-4.290232129096977,579.0428466796875,27.262680373243033,24.459069848060608,32.04851045608521,33.78339555263519,37.98413535118104,7.817441273268429,0.7358783699594866,0.6985873455758609,0.7794741281084391,0.801430176721755,0.8475580457230542,-29.65259235684715,0.9162962230025234
R1,gsm8k,B_concat,0.1005859375,0.271484375,0.59765625,0.87109375,1.578125,2.34375,11.375,18.250012499993318,24.875,35.87246695788713,24.875,19664.0;11472.0;15568.0;3280.0;18538.0;7376.0;10346.0;14442.0;6250.0;2154.0,0.5289040619672116,0.6023987330076797,0.007417645148474558,0.030892691810274618,0.05627147721791483,0.2069009688658158,20490,20480,244.9658244559416,247.9658244559416,24.875,-0.00044008715766146014,0.24679028197722647,0.1005859375,-24.375,16.403992427978537,2.2758286198157034,0.6934287521737013,24.875,2.6879167429233775,2.546875,2.953125,3.078125,3.46875,11.269484130587413,8.836547551129975,8.860937313214592,9.444648481063929,9.635844409593183,10.046958788510594,24.875,2.5838549292337727,2.4375,2.84375,2.984375,3.376718750000009,-1.390625,-2.5625636743533433,-2.421875,-2.0625,-1.9609375,-1.7578125,49.25,5.146418603587116,4.890625,5.5625,5.78125,6.34375,7.787122051234922,0.4004534831930171,0.36055222721560987,0.3976572996199493,0.40805196900283247,0.43065208197355764,0.11587799737112273,0.6934286125222048
R1,gsm8k,C_Zt_fp,2.6845743656158447,4.674445986747742,6.954882669448853,8.77503981590271,64.19146781921445,115.74630428314241,238.92828387454216,558.6791645629742,1452.245849609375,79.30027957812786,1452.245849609375,432.0;2017.0;2117.0;2062.0;3960.0;977.0;2910.0;3230.0;4030.0;3447.0,0.7404186937967628,13.319593126595805,0.07272234071276099,0.2003801754712157,0.2802667989324916,0.5096427935648893,42995,4096,689.6413572148118,692.6413572148118,1452.245849609375,0.03887373545715654,4.825692913055804,2.6845743656158447,-1243.1151123046875,13.046743921127318,3.5051925581080634,18.31325005832546,1452.245849609375,171.8565424706523,143.64312744140625,215.8852081298828,232.21121215820312,1449.0820385742188,462.5238426346263,210.35524219652248,194.40852270807233,359.89375922687975,404.42613883758287,443.8467726620354,1452.245849609375,148.10610999355677,112.78450012207031,215.8852081298828,232.21121215820312,1449.0820385742188,-62.116031646728516,-160.45324650123544,-140.8478546142578,-113.39041137695312,-103.64884185791016,-88.63973236083984,2695.3609619140625,308.5593564947922,256.79180908203125,391.7687683105469,415.0338592529297,2688.47607421875,135.08650985802424,7.781594205443822,5.472677549561105,7.1066468684537805,7.465482053261046,134.6210860118046,2.0811942180447067,18.313208799428054
R1,gsm8k,C_Ht_fp,0.471238911151886,0.8268972784280777,1.2229302525520327,1.493990969657898,2.12975331068039,2.52089524269104,11.26695158863421,27.20274356880186,33.00542068481445,33.00542167999289,33.00542068481445,3573.0;494.0;604.0;3230.0;2361.0;1601.0;3510.0;1801.0;2117.0;707.0,0.524933550124383,0.7626008773073902,0.3559755859029584,0.4586624312310255,0.4715719641490674,0.5111593834066466,42995,4096,207.30529889733768,210.30529889733768,32.91232681274414,0.0024510254457849093,0.603098638741731,0.471238911151886,-33.00542068481445,11.266951928354992,2.1297533748966466,0.9999999698480314,33.00542068481445,26.19613114219583,26.491682052612305,30.501506805419922,31.35633659362793,32.25588607788086,462.52386438112444,210.3552422204446,194.4085163706239,359.8937662973629,404.42613895516604,443.8467968292114,32.91232681274414,21.672273698680996,20.68340301513672,29.795764923095703,31.209810256958008,32.25588607788086,-9.199134826660156,-25.052596846402057,-25.233884811401367,-21.672439575195312,-20.633586883544922,-9.206130981445312,59.31644821166992,46.72487054508306,47.05478096008301,54.32784194946287,56.5105037689209,57.996665954589844,1.000000125136428,0.9999999698480305,0.9999999682181486,1.0000000263975002,1.000000045811966,1.0000000754665754,-0.4635939670565855,0.9999969660805617
R1,gsm8k,S3_Zt_dep,2.7975361347198486,4.856528639793396,7.2195604324340925,9.079853677749625,67.0050516510019,119.5330138778696,242.42679008483896,541.2220231197052,1444.4410400390625,77.47661392240914,1444.4410400390625,432.0;2017.0;2117.0;3960.0;2062.0;2910.0;977.0;3230.0;4030.0;3700.0,0.7288554205538816,13.769414179104965,0.06859205276786823,0.18729155013851648,0.2626080913215166,0.49001330648904723,42995,4096,631.8604393157509,634.8604393157509,1444.4410400390625,0.05272133384961955,4.987914162260291,2.7975361347198486,-1248.9765625,13.003235368709861,3.5940023675008343,18.643574711275242,1444.4410400390625,165.01334954048951,137.60569763183594,200.44430541992188,219.1986541748047,1432.76123046875,442.15156336945853,180.51498960912866,161.8641320369665,322.3488182821661,366.8929798930052,413.86125827270445,1444.4410400390625,141.78363731473888,108.28011322021484,200.44430541992188,219.1986541748047,1432.76123046875,-59.054901123046875,-154.66115237973654,-135.43544006347656,-108.7861328125,-99.22639465332031,-85.46435546875,2689.537841796875,296.44478969447545,246.77912139892578,363.9291076660156,388.3400573730469,2673.27734375,138.3473987557061,7.7989980504712015,5.486992466483728,6.733724784902031,7.219972668569953,137.37718128834538,2.1705733502279756,18.6435001669713
R1,gsm8k,S3_Ht_dep,0.49235257506370544,0.858714148402214,1.2632765173912048,1.5414045691490172,2.1775460505485538,2.551483798027041,10.785425544743271,26.12069337596884,32.789878845214844,32.789879773922735,32.789878845214844,494.0;3573.0;604.0;3230.0;2361.0;1601.0;3510.0;1801.0;2117.0;707.0,0.49133041206217554,0.7863446674868964,0.3269884125370404,0.4214802435785715,0.43377680060515816,0.47553251408682284,42995,4096,177.47102861031246,180.47102861031246,32.789878845214844,0.0034160406063737975,0.6235493163221691,0.49235257506370544,-31.7215518951416,10.785425850218928,2.1775461122232005,0.9999999716769962,32.789878845214844,25.169902096954747,25.33193016052246,29.459394454956055,30.59028434753418,31.84146499633789,442.1515544161717,180.5149895076864,161.86412998853848,322.3488316638728,366.8929794034918,413.86125398279404,32.789878845214844,20.780513172835054,19.738557815551758,28.914386749267578,30.49181365966797,31.84146499633789,-8.906746864318848,-24.09713960366549,-24.31524658203125,-21.108507919311524,-19.959186553955078,-9.030001640319824,58.52737998962402,44.87765277650055,44.96253204345703,52.55057334899902,54.981271743774414,56.85295104980469,1.0000001351832253,0.9999999716769955,0.9999999705472838,1.0000000272125007,1.000000046715063,1.000000080516505,-0.4378495125892824,0.9999941369930969
R1,gsm8k,S4_kctx_lin_l0,5.291499853134155,10.209736824035645,16.691465759277346,21.997824573516844,38.93501358032229,48.00762977600098,70.69749429321324,128.1420135498047,204.804443359375,18.387001239386674,204.804443359375,130.0;932.0;134.0;625.0;622.0;36.0;135.0;420.0;559.0;638.0,0.5840720930469911,9.47062358754597,0.019450594293395435,0.07116646906121031,0.11724549567321693,0.3348310947561328,42995,1024,9.30424672023787,12.30424672023787,138.16722106933594,0.050633992099452886,7.596436792929444,5.291499853134155,-204.804443359375,6.347103089505993,3.495520562025699,11.138545143547647,204.804443359375,56.897293740680766,45.67332077026367,84.60468292236328,109.323486328125,154.05442810058594,19.721952859687693,5.725474724014333,4.636648551262165,8.55226867022025,10.261552391900942,17.137324808286266,138.16722106933594,51.033796919250314,42.811241149902344,76.66618347167969,84.1533203125,136.92059326171875,-23.90097427368164,-52.52771468439245,-41.953609466552734,-33.25288009643555,-31.694339752197266,-28.864665985107422,312.0630340576172,103.56151160364276,83.29417037963867,152.9298858642578,190.1741485595703,291.861572265625,25.778354338058634,10.722330203248388,9.830495153127265,14.16042600280918,14.873970712593202,25.7507407334327,-0.18163079370636934,11.138430056057853
R1,gsm8k,S4_vctx_lin_l0,1.8713509440422058,3.74759840965271,6.029062414169313,7.6650174140930165,11.397184724807747,12.863941836357123,16.564661882400735,21.67372322254181,32.39759826660156,8.971416555698427,32.39759826660156,12.0;72.0;79.0;111.0;121.0;64.0;94.0;8.0;91.0;118.0,0.2299649951927495,3.5306074474164966,0.0074846812342825985,0.02702009882994808,0.040431930446998325,0.11817187699406496,42995,1024,2.004121026933869,5.004121026933869,32.39759826660156,-0.005656812846351761,2.6132610157666076,1.8713509440422058,-32.30309295654297,4.5870215634013825,3.1560639429837316,3.6112020956181543,32.39759826660156,14.092311427210332,13.776899337768555,19.73658561706543,21.645681381225586,25.698741912841797,27.55713672997024,5.12193739548997,3.592113321921704,10.469534997601613,14.624690453631654,22.25879108841876,32.39759826660156,13.188329833512363,12.80705451965332,18.264321136474607,20.303131103515625,24.069030609130824,-4.925699234008789,-13.097567274981092,-12.929850578308105,-7.297415733337402,-6.4838409423828125,-5.750727653503418,59.12840270996094,26.285897108493455,25.85837459564209,36.39155502319336,39.71384944915771,46.426008224487305,7.016439669247855,3.353988163929099,3.554867569457035,5.000564842175192,5.267413080964233,5.839905180207058,-0.005039904867804422,3.611197665022696
R1,gsm8k,S4_kdraft_lin_l0,3.631622314453125,6.248408317565918,9.134007453918457,10.939355850219727,14.740172386169434,16.168428421020508,19.060486797334804,24.140697479248047,41.44117736816406,7.467905770227686,41.44117736816406,130.0;135.0;164.0;420.0;134.0;890.0;36.0;904.0;263.0;675.0,0.2362496265243742,5.41843368277331,0.006687941577851312,0.021961827625911718,0.03561874702084369,0.12235300343893589,3600,1024,0.2815735537162749,3.281573553716275,41.44117736816406,-0.012770189682146844,4.3737709598596854,3.631622314453125,-32.88794708251953,3.4347942886032743,2.6562521966711734,5.549236779791422,41.44117736816406,21.021594417360095,21.184581756591797,24.153606414794922,25.428539276123047,33.43562316894531,5.977803055470112,3.2384965673985797,3.154164374622294,3.568917547730033,3.695419465298322,4.019464239424333,41.44117736816406,19.969769781695472,19.62539291381836,23.345670700073242,24.62429456710812,33.43562316894531,-13.589591979980469,-19.120808522701264,-18.223941802978516,-15.897295951843262,-15.866361618041992,-14.913075265884437,68.81894302368164,39.090578304396736,39.3236026763916,44.679962158203125,48.29430389404297,52.32029151916504,6.652052853309052,5.541494119410492,5.474435491076535,5.996823228239696,5.996823228239696,6.1354289648369065,-0.007512919502018461,5.549222086062636
R1,gsm8k,S4_vdraft_lin_l0,2.0374503135681152,3.5374929904937744,5.212283611297607,6.337839126586914,8.695206012725832,9.642630457878115,11.612399101257324,15.306012153625488,18.203371047973633,5.7376080684724355,18.203371047973633,65.0;944.0;28.0;12.0;88.0;69.0;55.0;930.0;36.0;1012.0,0.2467066697035718,3.0957472062748708,0.004067971505836645,0.017371779375700176,0.030995271790852055,0.12014357751691569,3600,1024,0.4520638638451726,3.4520638638451726,18.203371047973633,-0.011069846472064455,2.485210315559906,2.0374503135681152,-17.601490020751953,3.6601679217604546,2.7406838021466027,3.172641078082569,18.203371047973633,12.573888496028053,12.490424633026123,15.306012153625488,15.64379596710205,16.035888671875,4.175972606058546,3.4418795669753406,3.4354601282662443,3.7754611345202185,4.12957427995278,4.1481148914647346,18.203371047973633,11.559140600363413,11.244894981384277,14.620391845703125,15.33338737487793,16.035888671875,-8.175590515136719,-11.643951274818845,-11.458761215209961,-9.737725257873535,-9.668584823608398,-8.912847518920898,29.346765518188477,23.203091875182256,23.16502094268799,26.40400981903076,27.779674530029297,29.027957916259766,3.493921380799921,3.1714598640674443,3.154594284784421,3.2846726844194056,3.3206476759360384,3.370863244152745,-0.0001852230438949366,3.1726217658012765
R1,gsm8k,S4_kctx_lin_fp_l0,6.394811630249023,12.155792474746704,19.93914833068848,26.942495632171603,52.08839344024659,65.0224110412598,101.49841828918554,163.08890839961506,324.8629150390625,23.0055836343171,324.8629150390625,130.0;135.0;386.0;932.0;519.0;258.0;36.0;420.0;134.0;625.0,0.5907226816092422,11.92616470266344,0.029947730870438893,0.08912787257178165,0.13942975382144776,0.34826821074995445,42995,1024,19.029335444922317,22.029335444922317,167.66110229492188,-0.06386036836179511,9.30365245978613,6.394811630249023,-324.8629150390625,7.187740559497187,3.6887063317852613,14.121046446936,324.8629150390625,80.35438497884701,53.88032150268555,139.903564453125,220.81321716308594,311.19097900390625,39.28754059351701,7.1271833498817685,4.329637912056968,10.646022653411025,25.673685703370243,34.65812474758059,167.66110229492188,66.44762244430278,49.439605712890625,123.00900573730469,135.7719268798828,158.25389099121094,-28.087907791137695,-74.91719195923426,-50.2493896484375,-38.46386642456055,-36.61118202209475,-33.664966125488284,483.3286437988281,141.36481440353705,98.10598373413086,261.0619812011719,359.5632781982422,465.9462155151367,27.39633026764191,13.453938202580918,11.280713959375822,19.859169391076442,23.04528354083965,26.137834804028337,-0.5479430028550744,14.12090204660724
R1,gsm8k,S4_vctx_lin_fp_l0,3.157784581184387,5.513455271720886,8.216793060302736,10.118538999557495,14.216782140731816,15.96264335155487,19.923707962036133,25.503803131672726,40.75017166137695,8.106902317979511,40.75017166137695,64.0;46.0;121.0;15.0;36.0;72.0;101.0;43.0;942.0;99.0,0.2376048501923108,4.9109901331963,0.005508245066227559,0.022077586941411934,0.03552076975297887,0.11730606864348435,42995,1024,0.8079993816039108,3.807999381603911,40.34028625488281,-0.043604094808624566,3.8930414435804503,3.157784581184387,-40.75017166137695,3.9636533461100956,2.8283086767986885,5.026602031580066,40.75017166137695,20.419845610577667,19.94470977783203,25.40545082092285,27.59661865234375,29.908039093017578,5.809796767548076,3.605702899830597,3.546203041833811,4.044111990024987,4.279427887201877,5.166505185519805,40.34028625488281,18.598357475512334,18.199970245361328,23.148754119873047,24.552865982055664,28.079931602478027,-9.92725658416748,-19.26302417238752,-18.85662078857422,-14.947277069091797,-13.074947357177734,-11.374870300292969,66.78003692626953,37.861381647899854,37.30830001831055,45.96212387084961,49.007232666015625,53.35299301147461,6.937984521340351,4.989062250981651,5.081293867538649,5.627349393144661,5.790478033567996,6.101009631666996,-0.013258505631890363,5.026412902538028
R1,gsm8k,S4_k_stored_ctx_fp_l0,0.7188551723957062,1.4018866419792175,2.164588522911072,2.6741536259651184,3.998643190860751,5.00341500520707,9.71132295131716,12.972887047384635,16.974462509155273,12.285808329691928,16.974462509155273,224.0;352.0;736.0;608.0;992.0;96.0;604.0;415.0;799.0;31.0,0.44635469660945437,1.2413852084754038,0.03914028335925008,0.13619267563547277,0.17228498198619574,0.2873432837861464,42995,1024,7.065756243480017,10.065756243480017,14.952709197998047,-0.022330995202238045,0.9834702895403408,0.7188551723957062,-16.974462509155273,7.028879550281457,2.89414547266202,1.3816317212219535,16.974462509155273,9.399491587804215,9.896761894226074,12.830698013305664,13.445767402648926,14.567415237426758,26.622292613206103,8.610392446865404,7.821550253580335,12.885691963535233,14.238405335709095,17.319427786082986,14.952709197998047,8.304941682486163,8.857479095458984,11.369609832763672,11.952095985412598,13.089814186096191,-4.0628342628479,-8.929295167247561,-8.693524360656738,-5.36429347991944,-5.067793083190918,-4.6066789627075195,29.987462043762207,17.234236849733723,18.089245796203613,23.695351982116698,24.648462772369363,26.640910148620605,1.6612497595142424,1.3706447658863117,1.4265615264873763,1.5554944323977398,1.5789253403608974,1.610211282120214,-0.19949433596914753,1.3814512440690825
R1,gsm8k,S4_k_stored_ctx_l0,0.7379902303218842,1.418362021446228,2.1525665760040287,2.6558334827423096,3.9625109457969687,5.304797246456165,10.192359154701514,13.527851498030387,17.135574340820312,12.268214128861151,17.135574340820312,224.0;352.0;736.0;992.0;608.0;415.0;96.0;799.0;149.0;31.0,0.49144291527265827,1.2264201063825126,0.041960376732214345,0.15275747130204606,0.20454055239007188,0.32690164613090456,42995,1024,8.091487763884828,11.091487763884828,16.829734802246094,-0.014074807514734337,0.9937961626167789,0.7379902303218842,-17.135574340820312,7.297219346203158,2.836959637541168,1.396745619275476,17.135574340820312,9.359913734292302,9.74575138092041,13.196006774902344,13.857804298400879,14.839811325073242,29.362935412160546,9.162053824898226,7.630952231498896,15.750376529547095,17.680291713988286,21.811741505474966,16.829734802246094,8.417246050689924,8.860248565673828,12.113326072692871,12.860963821411133,14.17609691619873,-3.9493625164031982,-8.972919200489528,-8.993779182434082,-5.210530757904053,-4.926519870758057,-4.581117153167725,32.858903884887695,17.390165251179454,18.12686538696289,24.83603572845459,26.099787712097168,28.058542594909657,1.7276973656627514,1.3877079682408318,1.4352833137890362,1.5649073364539092,1.5901121186889675,1.6381605907413912,-0.1724588310621763,1.396674702555558
R1,gsm8k,S4_k_stored_draft_l0,0.8957208395004272,1.5902680158615112,2.3196363925933836,2.794461870193481,3.7315053939819336,4.0890987753868115,4.897565965175635,5.871978282928467,8.012296676635742,5.7201985853921045,8.012296676635742,917.0;796.0;675.0;736.0;602.0;795.0;421.0;793.0;224.0;605.0,0.24826856648531637,1.361470196826076,0.003190047988816835,0.015459121068789158,0.028845729292208435,0.11152654049349914,3600,1024,0.28856741298733235,3.2885674129873324,7.407435417175293,-0.006730789383290435,1.0948049500564088,0.8957208395004272,-8.012296676635742,3.496506811530765,2.6640241540582754,1.4007025380372384,8.012296676635742,5.186340964039167,5.134677886962891,5.9468512535095215,6.074215602874756,6.487312641143797,4.265713172980899,3.280154888602671,3.2154596686852446,3.570118043752442,3.6059537615509774,3.7614353685164703,7.407435417175293,4.802168068819576,4.68239951133728,5.635486125946045,5.920597076416016,6.142586708068848,-3.5961785316467285,-4.9483002973927395,-4.8853843212127686,-4.320918941497803,-4.174251842498779,-3.905653238296509,13.429162979125977,9.750468366212315,9.774002075195312,10.83411169052124,10.881176948547363,11.743477225303645,1.458610399396005,1.4005336590863322,1.4010546503082346,1.4309733278698207,1.4325148796494431,1.4503778766717657,-0.014457287696203582,1.4006863662284428
R1,gsm8k,S4_v_stored_ctx_l0,1.8713509440422058,3.74759840965271,6.029062414169313,7.6650174140930165,11.397184724807747,12.863941836357123,16.564661882400735,21.67372322254181,32.39759826660156,8.971416555698427,32.39759826660156,12.0;72.0;79.0;111.0;121.0;64.0;94.0;8.0;91.0;118.0,0.2299649951927495,3.5306074474164966,0.0074846812342825985,0.02702009882994808,0.040431930446998325,0.11817187699406496,42995,1024,2.004121026933869,5.004121026933869,32.39759826660156,-0.005656812846351761,2.6132610157666076,1.8713509440422058,-32.30309295654297,4.5870215634013825,3.1560639429837316,3.6112020956181543,32.39759826660156,14.092311427210332,13.776899337768555,19.73658561706543,21.645681381225586,25.698741912841797,27.55713672997024,5.12193739548997,3.592113321921704,10.469534997601613,14.624690453631654,22.25879108841876,32.39759826660156,13.188329833512363,12.80705451965332,18.264321136474607,20.303131103515625,24.069030609130824,-4.925699234008789,-13.097567274981092,-12.929850578308105,-7.297415733337402,-6.4838409423828125,-5.750727653503418,59.12840270996094,26.285897108493455,25.85837459564209,36.39155502319336,39.71384944915771,46.426008224487305,7.016439669247855,3.353988163929099,3.554867569457035,5.000564842175192,5.267413080964233,5.839905180207058,-0.005039904867804422,3.611197665022696
R1,gsm8k,S4_v_stored_draft_l0,2.0374503135681152,3.5374929904937744,5.212283611297607,6.337839126586914,8.695206012725832,9.642630457878115,11.612399101257324,15.306012153625488,18.203371047973633,5.7376080684724355,18.203371047973633,65.0;944.0;28.0;12.0;88.0;69.0;55.0;930.0;36.0;1012.0,0.2467066697035718,3.0957472062748708,0.004067971505836645,0.017371779375700176,0.030995271790852055,0.12014357751691569,3600,1024,0.4520638638451726,3.4520638638451726,18.203371047973633,-0.011069846472064455,2.485210315559906,2.0374503135681152,-17.601490020751953,3.6601679217604546,2.7406838021466027,3.172641078082569,18.203371047973633,12.573888496028053,12.490424633026123,15.306012153625488,15.64379596710205,16.035888671875,4.175972606058546,3.4418795669753406,3.4354601282662443,3.7754611345202185,4.12957427995278,4.1481148914647346,18.203371047973633,11.559140600363413,11.244894981384277,14.620391845703125,15.33338737487793,16.035888671875,-8.175590515136719,-11.643951274818845,-11.458761215209961,-9.737725257873535,-9.668584823608398,-8.912847518920898,29.346765518188477,23.203091875182256,23.16502094268799,26.40400981903076,27.779674530029297,29.027957916259766,3.493921380799921,3.1714598640674443,3.154594284784421,3.2846726844194056,3.3206476759360384,3.370863244152745,-0.0001852230438949366,3.1726217658012765
R1,gsm8k,S4_kctx_lin_l1,5.864149570465088,11.961639404296875,20.419129180908218,26.071872711181634,36.7783098602295,40.71934888839722,49.496989860535194,60.99334247855983,88.17184448242188,7.383709167697168,88.17184448242188,783.0;990.0;786.0;85.0;856.0;782.0;23.0;848.0;861.0;528.0,0.6219061124737317,9.888036671748301,0.012537249040897262,0.05277178585501212,0.09045938203348666,0.3113131780208881,42995,1024,1.7839122071543843,4.783912207154384,88.17184448242188,0.47963516285281577,8.5505535866125,5.864149570465088,-77.75836944580078,4.144989593356058,3.079898637501255,11.94140268527409,88.17184448242188,47.833676265685945,46.96875762939453,59.50531921386719,64.76302337646484,77.01007080078125,8.26390954958344,4.290609978443181,4.288800423775725,4.829572827391644,5.042246918078284,8.075188586445403,88.17184448242188,45.40390909884555,45.78657531738281,58.22194976806641,62.18608245849603,70.99269378662109,-24.53832244873047,-43.099603904487225,-42.44866180419922,-34.7288703918457,-33.01078796386719,-29.246440887451172,154.78289794921875,88.50351300333278,88.27872085571289,108.8198127746582,113.27543983459447,125.03456497192383,17.890686009986943,11.70290283285397,12.193522988785773,14.340491315827292,14.924006347947465,15.898429397808574,0.17271858429592912,11.931766348802947
R1,gsm8k,S4_vctx_lin_l1,2.4964812994003296,4.778122305870056,7.508035945892336,9.425952720642089,13.513274202346809,15.130734429359439,18.659101472856335,24.136753460881852,42.783233642578125,9.475519747881892,42.783233642578125,867.0;870.0;330.0;287.0;329.0;268.0;333.0;344.0;921.0;311.0,0.1495917299320756,4.471623803103661,0.003958524659217554,0.015744483491728967,0.0267437081740665,0.09497434803723923,42995,1024,1.3741665353151813,4.374166535315181,42.783233642578125,0.003929516768068072,3.3632659453859626,2.4964812994003296,-33.863746643066406,4.132569453745666,2.992884961258484,4.515133183289673,42.783233642578125,15.805466117663693,15.96225357055664,23.12228775024414,24.959661102294902,29.627777099609375,6.0851373269037605,3.2744884539013266,3.196275005953202,3.656703179691619,3.996306251268965,4.7734059760084095,42.783233642578125,14.757003766889557,14.855562210083008,22.120582580566406,23.920082092285156,28.84162139892578,-5.38018798828125,-14.742041221709151,-15.018420219421387,-6.874798774719238,-6.414944171905518,-5.7528486251831055,63.107683181762695,29.49904498859871,30.11917781829834,43.00788497924805,45.84356575012196,52.11491012573242,7.886464173287988,4.2479979680930935,4.438707163200481,6.104428777006168,6.492627880809684,6.976376277541335,0.0018684069754884784,4.515131473361712
R1,gsm8k,S4_kdraft_lin_l1,1.2269035577774048,3.0020321011543274,4.630328130722049,5.882044935226436,8.926405515670776,10.399537048339852,15.307490857127162,16.301530838012695,16.71375274658203,5.916162613107767,16.71375274658203,211.0;917.0;990.0;144.0;149.0;256.0;529.0;664.0;386.0;912.0,0.7551870732303831,1.9328675291398865,0.03192630766567091,0.10447285635283027,0.15971567026837116,0.4099095521226721,3600,1024,2.8046674062485053,5.804667406248505,16.71375274658203,0.12034945499694207,1.9321875209079675,1.2269035577774048,-11.937129974365234,5.41838846622549,3.159677385562024,2.825100295511025,16.71375274658203,16.152469607194266,16.18287754058838,16.313079643249512,16.33867359161377,16.380898876190184,5.841257896185918,5.801923997767948,5.795330898774007,5.841257386625531,5.841257545339076,5.841257712323648,16.71375274658203,16.152469607194266,16.18287754058838,16.313079643249512,16.33867359161377,16.380898876190184,-10.919520378112793,-11.712475334008534,-11.75022268295288,-11.502436351776122,-11.437377166748046,-11.292460317611695,28.518352508544922,27.8649449412028,27.93310022354126,28.157840156555174,28.202017545700073,28.274901371002198,2.9164405487307494,2.824894411722005,2.8345089552467178,2.8573144962300616,2.8617972881291194,2.8691932110697596,0.3713702391803493,2.8225356841638725
R1,gsm8k,S4_vdraft_lin_l1,0.2515990138053894,0.6490835398435593,0.9666016697883606,1.2345415234565729,1.764685207605362,2.025030084848404,2.288178929805756,2.3398883357286446,2.48828387260437,4.262299572170677,2.48828387260437,386.0;879.0;799.0;108.0;811.0;52.0;804.0;816.0;822.0;121.0,0.7327405839167249,0.4095953968653504,0.01529899836827396,0.07185462671237866,0.12212744567793095,0.3769688044615095,3600,1024,1.5286149220259286,4.528614922025929,2.48828387260437,-0.020203374379580055,0.4087052729130968,0.2515990138053894,-2.3859970569610596,3.919530316029868,3.0228130673530154,0.5837890627985947,2.48828387260437,2.3103040984604095,2.3242971897125244,2.3429637908935548,2.3466397762298583,2.3527041244506837,4.609513565614342,4.525017953722188,4.536901863112781,4.5369019667420725,4.536901994664714,4.536902041852113,2.48828387260437,2.3103040984604095,2.3242971897125244,2.3429637908935548,2.3466397762298583,2.3527041244506837,-2.0913619995117188,-2.2623417356941435,-2.2726348638534546,-2.2045198678970337,-2.191225504875183,-2.163523054122925,4.87428092956543,4.572645834154553,4.596905827522278,4.633883643150329,4.641153872013092,4.653148019313812,0.5950192891198486,0.5837473459792366,0.5857026281369426,0.5904150084946622,0.5913412988522788,0.5928602761771539,0.059153334717087766,0.5834393657501523
R1,gsm8k,S4_kctx_lin_fp_l1,7.14964747428894,13.550711393356323,22.20128612518311,28.454599380493143,40.589741935730025,45.3133659362793,55.412841796875,73.0685741317743,101.75935363769531,7.645486236432226,101.75935363769531,783.0;23.0;786.0;861.0;782.0;85.0;779.0;798.0;856.0;211.0,0.552347662553861,11.555476295885676,0.012677680422407212,0.04849939428326889,0.08200453737544476,0.2767248623313494,42995,1024,1.6108339540595757,4.610833954059576,101.75935363769531,0.4250817301184442,9.787898442120655,7.14964747428894,-81.45553588867188,4.163333434565626,3.0496293678795845,13.309729491473314,101.75935363769531,53.90087113485237,52.96227264404297,69.05365753173828,74.1658935546875,82.99146270751953,11.480046701419024,4.1868217795883105,3.9409356994722855,4.927597194351973,6.270547295797802,9.058561181735923,101.75935363769531,51.56922659600581,51.193634033203125,67.52780303955078,72.72776794433594,82.99146270751953,-22.413082122802734,-47.3913866202129,-47.77268600463867,-35.612220764160156,-31.840907478332518,-25.703628540039062,170.31717681884766,98.9606132162187,99.1379623413086,122.45197677612305,129.0790252685547,142.68590545654297,21.001982824186353,12.978000540452545,13.85799408526056,16.036216172634646,16.581943560733468,17.793502105381084,0.1553363480485467,13.302939699890171
R1,gsm8k,S4_vctx_lin_fp_l1,3.65845263004303,6.427937388420105,9.498504066467286,11.605706930160522,16.055658416748045,17.85160948753357,21.857142478943008,28.5570885370246,53.628334045410156,9.212626016743956,53.628334045410156,867.0;870.0;836.0;843.0;331.0;357.0;822.0;330.0;826.0;273.0,0.17884569755715907,5.743450913087032,0.004663163023590108,0.016176895852404654,0.02761464385674101,0.10248655215339758,42995,1024,0.6211844877295967,3.6211844877295967,53.628334045410156,0.005889575020740184,4.528667004738788,3.65845263004303,-44.98723220825195,3.7547629072848965,2.758146026330769,5.821177799678464,53.628334045410156,21.752213418754067,21.890777587890625,27.592599868774414,30.070316314697266,38.45560073852539,8.243940694823053,3.2528106182767815,3.199732485010798,3.561617446785811,3.736830041332208,4.374578968065787,53.628334045410156,20.414623440319833,20.432422637939453,25.697538375854492,28.236135101318315,38.35376739501953,-8.905120849609375,-19.971056885158674,-20.485877990722656,-12.63124942779541,-11.635539054870605,-10.336028099060059,85.90022659301758,40.3856803254785,41.71858787536621,49.91121482849121,52.83975791931152,62.972211837768555,7.9113689698099865,5.72938015923638,6.090133185583736,6.711749495752221,6.856339355793606,7.157514282483892,0.00457079351277896,5.821174820289757
R1,gsm8k,S4_k_stored_ctx_fp_l1,0.5316553711891174,1.3634937405586243,2.618139982223512,3.3238428354263303,4.583971328735352,5.067896842956543,6.232285995483716,8.207017308326773,13.136370658874512,9.027729277100343,13.136370658874512,990.0;222.0;93.0;456.0;798.0;670.0;477.0;861.0;734.0;258.0,0.6668101742155448,1.1402553913993723,0.01230953467892384,0.05198422827843512,0.08386370051647712,0.27322477160310604,42995,1024,2.4928587613848396,5.49285876138484,10.026453971862793,0.021814741246634347,0.9724183945745704,0.5316553711891174,-13.136370658874512,4.2830239954200024,3.150250038191163,1.4551134904096106,13.136370658874512,6.571170974518064,6.284776210784912,7.759387016296387,9.077592849731445,11.49101448059082,17.92917520796059,5.583593039461688,5.124742547378352,7.135714543629978,8.243408532386214,12.830828639894955,10.026453971862793,6.152516779881298,6.113401412963867,7.126959323883055,7.5026535987854,8.319536209106445,-3.520766496658325,-6.062699557615028,-5.72641134262085,-5.025876045227051,-4.826160430908203,-4.495960741043092,19.464754104614258,12.215216337496326,11.867926120758057,14.041187286376953,15.883026599884033,18.307674884796143,1.5860498645960848,1.4528886685083775,1.4765795421025356,1.5297134914456516,1.5419271638579515,1.5592275144816323,0.021054034431603974,1.4549499603204166
R1,gsm8k,S4_k_stored_ctx_l1,0.467941090464592,1.4630889296531677,2.8080765962600718,3.492239665985106,4.6766292810440095,5.15819917201996,6.235653772831049,7.630252361297607,9.539071083068848,6.269523569906871,9.539071083068848,93.0;990.0;798.0;861.0;477.0;222.0;324.0;456.0;392.0;136.0,0.695293144204631,1.139411436914656,0.013722379150673664,0.05591290317353202,0.08864450864944622,0.2790869621728276,42995,1024,2.1894110080964104,5.18941100809641,9.539071083068848,0.033139835951592034,0.9902531875609472,0.467941090464592,-9.089231491088867,4.098363243349029,3.0736994461927556,1.5214985599313318,9.539071083068848,6.56257740371878,6.4416279792785645,7.612772464752197,8.180344581604004,8.998963356018066,9.145881791648813,5.181642507744072,5.093986327130228,5.55867755482291,5.93613029279121,8.766204481551343,9.539071083068848,6.2221396326394895,6.243520259857178,6.957939624786377,7.191562891006465,7.81598424911499,-3.97428560256958,-6.140920744098637,-5.913866996765137,-5.189519882202148,-4.993074417114258,-4.637823104858398,15.630659103393555,12.363060376738126,12.199822902679443,14.135591506958008,14.58457612991333,15.293030261993408,1.6448043636740404,1.5195306372545112,1.5376334021920026,1.5870049844295784,1.599359618971871,1.6184234256659862,0.06492900877287786,1.5211376069068234
R1,gsm8k,S4_k_stored_draft_l1,0.43517938256263733,1.2774633467197418,2.4113361597061163,3.1372642517089844,5.042191948890691,5.84512234210968,7.349820614337921,8.526614946650033,8.595132827758789,6.080771378510234,8.595132827758789,256.0;320.0;147.0;211.0;981.0;144.0;208.0;452.0;388.0;529.0,0.7715551901798503,0.937444979945735,0.020874510734199964,0.09263187263301115,0.15884236733579193,0.41762108977342055,3600,1024,4.1241819251495,7.1241819251495,8.589550971984863,0.0007879792097882878,0.8822616231322103,0.43517938256263733,-8.595132827758789,5.199754294024596,3.5671835563434873,1.4134938304265872,8.595132827758789,7.849493651125166,7.858736038208008,8.521218585968017,8.567554473876953,8.584758768081665,7.701166771633818,7.1156888101998605,7.1619105763917785,7.5183769566028396,7.563330209647065,7.626092549041674,8.589550971984863,6.97175482167138,6.343147277832031,8.470846176147461,8.523874282836914,8.584758758544922,-5.837202072143555,-7.409972037871679,-7.482467174530029,-6.331098556518555,-6.187786102294922,-5.894901270866394,16.2810959815979,14.38172685954306,14.479884147644043,15.741281986236572,15.896005153656006,16.198311805725098,1.4166505442033621,1.4134937293373842,1.4136110801758401,1.414054513386207,1.4140722903983944,1.4144472676422069,-0.2533343264618936,1.4134936107895184
R1,gsm8k,S4_v_stored_ctx_l1,2.4964812994003296,4.778122305870056,7.508035945892336,9.425952720642089,13.513274202346809,15.130734429359439,18.659101472856335,24.136753460881852,42.783233642578125,9.475519747881892,42.783233642578125,867.0;870.0;330.0;287.0;329.0;268.0;333.0;344.0;921.0;311.0,0.1495917299320756,4.471623803103661,0.003958524659217554,0.015744483491728967,0.0267437081740665,0.09497434803723923,42995,1024,1.3741665353151813,4.374166535315181,42.783233642578125,0.003929516768068072,3.3632659453859626,2.4964812994003296,-33.863746643066406,4.132569453745666,2.992884961258484,4.515133183289673,42.783233642578125,15.805466117663693,15.96225357055664,23.12228775024414,24.959661102294902,29.627777099609375,6.0851373269037605,3.2744884539013266,3.196275005953202,3.656703179691619,3.996306251268965,4.7734059760084095,42.783233642578125,14.757003766889557,14.855562210083008,22.120582580566406,23.920082092285156,28.84162139892578,-5.38018798828125,-14.742041221709151,-15.018420219421387,-6.874798774719238,-6.414944171905518,-5.7528486251831055,63.107683181762695,29.49904498859871,30.11917781829834,43.00788497924805,45.84356575012196,52.11491012573242,7.886464173287988,4.2479979680930935,4.438707163200481,6.104428777006168,6.492627880809684,6.976376277541335,0.0018684069754884784,4.515131473361712
R1,gsm8k,S4_v_stored_draft_l1,0.2515990138053894,0.6490835398435593,0.9666016697883606,1.2345415234565729,1.764685207605362,2.025030084848404,2.288178929805756,2.3398883357286446,2.48828387260437,4.262299572170677,2.48828387260437,386.0;879.0;799.0;108.0;811.0;52.0;804.0;816.0;822.0;121.0,0.7327405839167249,0.4095953968653504,0.01529899836827396,0.07185462671237866,0.12212744567793095,0.3769688044615095,3600,1024,1.5286149220259286,4.528614922025929,2.48828387260437,-0.020203374379580055,0.4087052729130968,0.2515990138053894,-2.3859970569610596,3.919530316029868,3.0228130673530154,0.5837890627985947,2.48828387260437,2.3103040984604095,2.3242971897125244,2.3429637908935548,2.3466397762298583,2.3527041244506837,4.609513565614342,4.525017953722188,4.536901863112781,4.5369019667420725,4.536901994664714,4.536902041852113,2.48828387260437,2.3103040984604095,2.3242971897125244,2.3429637908935548,2.3466397762298583,2.3527041244506837,-2.0913619995117188,-2.2623417356941435,-2.2726348638534546,-2.2045198678970337,-2.191225504875183,-2.163523054122925,4.87428092956543,4.572645834154553,4.596905827522278,4.633883643150329,4.641153872013092,4.653148019313812,0.5950192891198486,0.5837473459792366,0.5857026281369426,0.5904150084946622,0.5913412988522788,0.5928602761771539,0.059153334717087766,0.5834393657501523
R1,gsm8k,S4_kctx_lin_l2,5.324038505554199,9.849349021911621,15.388557720184329,19.31824102401733,27.84315301895143,31.19389624595642,37.900545425415146,45.788604000087865,71.96070098876953,7.722963134663995,71.96070098876953,1008.0;414.0;30.0;953.0;416.0;1003.0;937.0;787.0;406.0;943.0,0.4818544036900886,8.399565472354983,0.009570696614851429,0.03880822405727869,0.06910261297001027,0.2362970417847566,42995,1024,1.2585732536940437,4.258573253694044,71.41358947753906,-0.05170501525188989,6.99237155882981,5.324038505554199,-71.96070098876953,4.067560641881739,2.9881816236299463,9.317757929696546,71.96070098876953,35.631721949031125,36.56287384033203,45.23128890991211,48.51820755004883,54.977596282958984,5.69798860110206,3.7282304013129925,3.6582817748694794,4.267264862643781,4.493088870217449,4.915039296238472,71.41358947753906,33.56429441875463,34.406272888183594,42.97161865234375,45.97842788696289,53.17472839355469,-17.537647247314453,-33.45414725054224,-34.03682327270508,-21.850753784179688,-21.00271987915039,-19.146114349365234,136.17273712158203,67.01844166929686,69.33869743347168,84.3013687133789,89.28573837280264,101.53542709350586,15.64272925827828,9.13701756174179,9.365267076409538,11.322273249263851,11.826275809817933,12.874773394947034,0.05319842208522014,9.317614470872932
R1,gsm8k,S4_vctx_lin_l2,3.0633015632629395,6.09989333152771,9.705036163330078,12.279352378845209,17.75920457839966,19.994931592941285,25.216493482589808,31.43758773803711,54.726806640625,9.440519502832801,54.726806640625,330.0;419.0;503.0;452.0;450.0;408.0;491.0;457.0;453.0;509.0,0.12377394842313305,5.7618882530663065,0.0022009406453356705,0.009385405450588968,0.017668472224312302,0.07812710051995478,42995,1024,1.682662104792226,4.682662104792226,54.726806640625,0.0086024456804459,4.23578476786353,3.0633015632629395,-50.33618927001953,4.3499121021019,3.0635099591709865,5.79701219029347,54.726806640625,19.217653180566106,19.811372756958008,29.716651916503906,32.31035614013672,38.29570999145508,4.752036990823502,3.2061333736343545,3.1182652981841117,3.6971894436899357,4.00717126589123,4.437167632176941,54.726806640625,18.111998931384804,18.457143783569336,27.786670684814453,30.57735252380371,36.29690170288086,-4.749161720275879,-17.989761143538104,-18.449705123901367,-6.07749605178833,-5.535336494445801,-5.164671421051025,98.07481384277344,36.10176007492291,37.40541076660156,55.18992614746094,60.251593017578024,69.8922233581543,11.28433216802714,5.337327483904312,5.659740405490131,8.129194087927914,8.80067335914695,9.707663721118543,0.005296860383135015,5.797005807512997
R1,gsm8k,S4_kdraft_lin_l2,0.4630909562110901,2.8415006399154663,6.339066982269287,7.906477284431457,10.870007896423353,11.899262747764588,13.589987754821777,14.656384468078613,16.827392578125,5.033539582367287,16.827392578125,861.0;965.0;579.0;278.0;23.0;86.0;386.0;30.0;222.0;90.0,0.8253707943253763,1.935355025637146,0.01728273937732448,0.07054100194774716,0.12631762861933452,0.43168034199833966,3600,1024,2.85564227016577,5.85564227016577,15.3140869140625,-0.07675842801761246,1.881279265121429,0.4630909562110901,-16.827392578125,4.065142057522753,3.2515206829142937,3.3430535913678128,16.827392578125,14.05774002790451,13.978813648223877,14.572114944458008,14.858124542236327,15.420644798278804,5.910994310648359,5.835296675697292,5.880219721803737,5.880219894625238,5.880219923213645,5.880219974065487,15.3140869140625,12.51761285437478,12.418539047241211,13.099029064178467,13.379131650924682,14.02026814460754,-12.752903938293457,-14.057736241552565,-13.978813648223877,-13.634358787536621,-13.475625324249268,-13.241093368530276,31.99352741241455,26.575349095927344,26.401549339294434,27.663496208190917,28.19292001724243,29.47813286781311,3.9906366188383973,3.341141594176146,3.3137718347432257,3.485293272945398,3.5475567586077887,3.6889519681557097,0.055450105727665164,3.342172266428751
R1,gsm8k,S4_vdraft_lin_l2,0.0,0.2724553942680359,0.5347428917884833,1.1055661082267756,2.131243729591371,3.0710532045364394,3.4649791717529297,3.7520484164474253,5.455108642578125,11.029226070575705,5.455108642578125,970.0;961.0;940.0;736.0;341.0;701.0;678.0;77.0;56.0;906.0,0.8711440514077835,0.28257290930619383,0.04797673386292556,0.2131660751673376,0.35835250699736315,0.7298307793945349,3600,1024,15.874046026074513,18.874046026074513,5.455108642578125,-0.012039744656447549,0.21105301913007937,0.0,-4.268579006195068,7.005550415039588,4.30898272523699,0.49460484422669726,5.455108642578125,3.5332472436295617,3.5021960735321045,3.676777172088623,3.784773778915405,4.210211305618285,24.752518757346387,19.893557076723187,22.118853305886713,22.118854509099254,22.11885490525797,24.752517751116006,5.455108642578125,3.340588304797808,3.270971655845642,3.6548640966415404,3.7798261523246754,4.194810056686398,-2.8111910820007324,-3.5041532674100666,-3.497669816017151,-3.420883059501648,-3.3908225536346435,-3.31544145822525,9.104687452316284,6.844741572207875,6.7764939069747925,7.230104732513428,7.423509335517883,7.882695279121398,0.8771773638773975,0.49213608743252407,0.4718529493886119,0.5514182272824679,0.5901904813492317,0.7100160196968685,0.1988540877342801,0.4944582858857995
R1,gsm8k,S4_kctx_lin_fp_l2,6.285314559936523,11.896770477294922,18.643444061279297,23.375564575195312,33.3659244155884,37.43032016754152,45.31458061599757,57.475963724515715,81.8992919921875,7.279614396886096,81.8992919921875,414.0;1003.0;787.0;943.0;1008.0;1020.0;30.0;86.0;89.0;1000.0,0.4416861681720209,10.299911668116698,0.007753104004528081,0.0311574225665471,0.05544271521483191,0.1995327844895904,42995,1024,1.274524582428544,4.274524582428544,81.8992919921875,-0.05550177280444587,8.392079997930791,6.285314559936523,-77.5058364868164,4.027784189789316,2.9657284920643807,11.250498656525059,81.8992919921875,43.78853224936107,44.88822555541992,55.7404899597168,59.031078720092665,67.85895538330078,6.986994707576353,3.8073875743426173,3.725946433433982,4.325802618162028,4.5864260520926825,5.313558499570685,81.8992919921875,42.04317543858469,43.18150329589844,54.19361877441406,57.60399627685547,66.60481262207031,-18.469152450561523,-40.08315618452686,-40.68593978881836,-27.01279067993164,-24.14139175415039,-21.045167922973633,145.9993438720703,82.12633162311155,84.85880279541016,102.89107894897461,109.46710586547852,122.44963073730469,15.958783046189827,11.014831202478211,11.835696012079389,13.229224204772244,13.525373063545112,14.167954651263644,0.0522565871686276,11.250361753014333
R1,gsm8k,S4_vctx_lin_fp_l2,4.860772132873535,8.689622640609741,13.113389873504639,16.127639770507812,22.35581029891969,24.91337983131409,30.172757431030334,36.96525652045754,56.49273681640625,7.109712181536005,56.49273681640625,450.0;503.0;800.0;331.0;407.0;504.0;334.0;395.0;421.0;466.0,0.16509129208626772,7.860433118121298,0.002130411871890463,0.010314120798936397,0.020061473178258987,0.08816881782814714,42995,1024,0.7392710881316122,3.7392710881316122,56.49273681640625,0.020885286786019492,6.11772926682911,4.860772132873535,-52.82267379760742,3.7972956020007866,2.8135187949360967,7.9458542587868,56.49273681640625,28.45454696671244,29.761457443237305,36.896331787109375,39.057193756103516,44.33826446533203,4.873388204586415,3.2266074968446907,3.179484072921215,3.580452822631786,3.7897787758666572,4.284970454844841,56.49273681640625,26.72868285103168,27.991275787353516,34.795326232910156,36.99040946960447,42.50688934326172,-10.913110733032227,-26.629341297435793,-27.570537567138672,-15.834321975708008,-13.976842880249023,-11.823796272277832,93.56277847290039,53.35802414846747,56.34091758728027,68.06762733459473,71.53179969787591,78.65279769897461,10.967783613006107,7.74357633265935,8.490799460182375,9.389764376675133,9.628036740281166,10.098862172157926,0.012901746992356888,7.94582681076527
R1,gsm8k,S4_k_stored_ctx_fp_l2,0.9747672379016876,1.8685569763183594,2.9161512136459353,3.6387228131294247,5.146078147888184,5.706353578567506,6.974874820232588,8.543074607944488,11.42751693725586,6.539599748574042,11.42751693725586,759.0;748.0;696.0;314.0;943.0;368.0;303.0;1003.0;683.0;690.0,0.4664175388969374,1.5779631360822175,0.006877670573008373,0.027115048941062238,0.049766379250366,0.19116989278426852,42995,1024,1.1401519720339826,4.1401519720339826,11.42751693725586,-0.04024659940352948,1.3022504376370976,0.9747672379016876,-10.320515632629395,3.991496129139116,2.94493471738868,1.7474336926732599,11.42751693725586,7.297364532704935,7.18988037109375,8.451737403869629,8.770391368865953,9.43761920928955,5.702362108286244,4.111551745711186,4.076450623441539,4.588399945224288,4.7191035404197414,5.110057639464559,11.42751693725586,6.913226817244499,6.76520299911499,8.199362564086913,8.679487228393555,9.377492904663086,-4.738620758056641,-6.7074607054595825,-6.64566707611084,-5.768649482727051,-5.583085393905639,-5.24939525604248,19.73433494567871,13.620687522704081,13.565027236938477,15.25827693939209,15.694441795349121,16.56910228729248,1.8587882786336387,1.7469869685632182,1.733649021680976,1.8077249240330548,1.8318156696007615,1.849398935652421,-0.006503015486589319,1.7469701547325178
R1,gsm8k,S4_k_stored_ctx_l2,1.0082935094833374,1.8645922243595123,2.870543599128724,3.5735112309455865,5.0193634033203125,5.5806040930747995,6.641813900947623,7.9577947535037525,9.980132102966309,5.775172245933509,9.980132102966309,748.0;989.0;301.0;696.0;292.0;759.0;751.0;375.0;308.0;358.0,0.4912248189958204,1.54710612139381,0.008480207462209436,0.03890005601406882,0.06726540253600818,0.2266831262629334,42995,1024,0.9386632652202453,3.9386632652202453,9.980132102966309,-0.04831845307817367,1.3068589029888602,1.0082935094833374,-9.827674865722656,3.8433979538214107,2.9045395311444895,1.7281098602718996,9.980132102966309,7.00191811359626,6.933925151824951,7.914494514465332,8.231973648071289,8.81531047821045,5.10272740433857,3.9286897783949013,3.9077458145191915,4.287658246174097,4.416087657547642,4.74237120718052,9.980132102966309,6.609809470695179,6.516792297363281,7.75271463394165,8.045038223266602,8.81531047821045,-4.276641368865967,-6.4855331947254795,-6.394688129425049,-5.723161697387695,-5.542336940765381,-5.254349708557129,17.20476007461548,13.095342665420658,13.067608833312988,14.354366779327393,14.773675441741943,15.602738380432129,1.8440113220972925,1.727767599033478,1.7187214400542599,1.779844882747497,1.798726232627612,1.8231079665097474,-0.013614611184679137,1.7274342292142695
R1,gsm8k,S4_k_stored_draft_l2,0.35963836312294006,1.3888913094997406,2.701853561401367,3.5384528636932373,5.100672841072085,5.60144696474076,6.715483665943146,6.927836894989014,7.620763778686523,5.076777124909517,7.620763778686523,222.0;861.0;606.0;702.0;748.0;989.0;943.0;309.0;901.0;965.0,0.7953067130865357,0.9549621683580757,0.01997912194008902,0.08363105542597002,0.14371005961878153,0.4337220343661713,3600,1024,3.0917272630291466,6.091727263029147,6.4473676681518555,-0.05962359537224904,0.9014371293381344,0.35963836312294006,-7.620763778686523,4.473700385952624,3.397950645527702,1.5011026860515069,7.620763778686523,6.800085283650292,6.797303199768066,6.927934694290161,7.015532493591309,7.076707844734192,6.42753675563534,6.092269168452447,6.1112101200785744,6.218976578356829,6.242767451932278,6.295131235904524,6.4473676681518555,5.975863250626458,5.987295627593994,5.989991235733032,6.185911178588867,6.187506928443908,-6.104360103607178,-6.800085283650292,-6.797303199768066,-6.6886210441589355,-6.634898161888122,-6.474800028800965,14.067842483520508,12.77594853427675,12.785111427307129,12.865235328674316,13.173233532905579,13.262101788520813,1.5273259127438295,1.5011007900182043,1.5009535067604938,1.502339368911092,1.5031872521011516,1.5080635770642739,-0.20834768736451223,1.4999180980793367
R1,gsm8k,S4_v_stored_ctx_l2,3.0633015632629395,6.09989333152771,9.705036163330078,12.279352378845209,17.75920457839966,19.994931592941285,25.216493482589808,31.43758773803711,54.726806640625,9.440519502832801,54.726806640625,330.0;419.0;503.0;452.0;450.0;408.0;491.0;457.0;453.0;509.0,0.12377394842313305,5.7618882530663065,0.0022009406453356705,0.009385405450588968,0.017668472224312302,0.07812710051995478,42995,1024,1.682662104792226,4.682662104792226,54.726806640625,0.0086024456804459,4.23578476786353,3.0633015632629395,-50.33618927001953,4.3499121021019,3.0635099591709865,5.79701219029347,54.726806640625,19.217653180566106,19.811372756958008,29.716651916503906,32.31035614013672,38.29570999145508,4.752036990823502,3.2061333736343545,3.1182652981841117,3.6971894436899357,4.00717126589123,4.437167632176941,54.726806640625,18.111998931384804,18.457143783569336,27.786670684814453,30.57735252380371,36.29690170288086,-4.749161720275879,-17.989761143538104,-18.449705123901367,-6.07749605178833,-5.535336494445801,-5.164671421051025,98.07481384277344,36.10176007492291,37.40541076660156,55.18992614746094,60.251593017578024,69.8922233581543,11.28433216802714,5.337327483904312,5.659740405490131,8.129194087927914,8.80067335914695,9.707663721118543,0.005296860383135015,5.797005807512997
R1,gsm8k,S4_v_stored_draft_l2,0.0,0.2724553942680359,0.5347428917884833,1.1055661082267756,2.131243729591371,3.0710532045364394,3.4649791717529297,3.7520484164474253,5.455108642578125,11.029226070575705,5.455108642578125,970.0;961.0;940.0;736.0;341.0;701.0;678.0;77.0;56.0;906.0,0.8711440514077835,0.28257290930619383,0.04797673386292556,0.2131660751673376,0.35835250699736315,0.7298307793945349,3600,1024,15.874046026074513,18.874046026074513,5.455108642578125,-0.012039744656447549,0.21105301913007937,0.0,-4.268579006195068,7.005550415039588,4.30898272523699,0.49460484422669726,5.455108642578125,3.5332472436295617,3.5021960735321045,3.676777172088623,3.784773778915405,4.210211305618285,24.752518757346387,19.893557076723187,22.118853305886713,22.118854509099254,22.11885490525797,24.752517751116006,5.455108642578125,3.340588304797808,3.270971655845642,3.6548640966415404,3.7798261523246754,4.194810056686398,-2.8111910820007324,-3.5041532674100666,-3.497669816017151,-3.420883059501648,-3.3908225536346435,-3.31544145822525,9.104687452316284,6.844741572207875,6.7764939069747925,7.230104732513428,7.423509335517883,7.882695279121398,0.8771773638773975,0.49213608743252407,0.4718529493886119,0.5514182272824679,0.5901904813492317,0.7100160196968685,0.1988540877342801,0.4944582858857995
R1,gsm8k,S4_kctx_lin_l3,5.24720025062561,9.947028160095215,15.939043998718267,20.236929416656483,29.71025182724,33.693569622039796,43.55579305267367,57.85329437370096,99.50239562988281,10.28830695284719,99.50239562988281,946.0;1016.0;1019.0;1021.0;939.0;561.0;699.0;949.0;947.0;555.0,0.5052007291738942,8.619549233012492,0.010493805878228183,0.04130904787974443,0.07322753232682826,0.24435251188557372,42995,1024,1.9705366690929838,4.970536669092984,99.50239562988281,0.11768490926839284,7.099558029510011,5.24720025062561,-80.64727020263672,4.503563614362032,3.0719681522244193,9.67140619792127,99.50239562988281,39.29747950729901,36.397254943847656,51.93782424926758,59.412767028808595,70.23783111572266,6.030433826687429,4.213766206061871,4.039136008775047,5.227498906063995,5.478901245632765,5.783432703036627,99.50239562988281,37.84626579014059,35.41797637939453,50.37115478515625,56.48919677734375,67.3643798828125,-21.895177841186523,-36.02872923744433,-33.650787353515625,-27.75314712524414,-26.683037757873535,-24.78129005432129,166.20108032226562,73.87499502758493,68.88113021850586,96.35696411132812,111.14901580810546,128.58289337158203,18.084672193465646,9.48348273712476,9.214420300884607,12.134493181257644,13.374298457540117,14.674771301371841,0.07943152620368843,9.670690156722033
R1,gsm8k,S4_vctx_lin_l3,3.5177879333496094,7.086448550224304,11.390963649749759,14.503182411193842,21.922649784088147,25.192335958480847,33.705418109894005,46.96550987128065,78.24866485595703,11.349141232761632,78.24866485595703,602.0;551.0;993.0;903.0;540.0;632.0;977.0;645.0;638.0;639.0,0.18468415939043825,6.80463570602752,0.0020791523668560424,0.009778952510113471,0.019099840088668378,0.08839356805519519,42995,1024,2.5779660733473646,5.577966073347365,78.24866485595703,0.03781063982152607,4.949166644009743,3.5177879333496094,-74.81243896484375,4.888614408215644,3.1796484841497765,6.894677161129704,78.24866485595703,24.075095162767077,24.005203247070312,38.7302360534668,44.33747596740723,56.43115997314453,5.674418483217114,3.4122247202987994,3.2900279614186188,4.04603715768472,4.264561287347903,5.059768730109532,78.24866485595703,22.583192958924947,22.4400691986084,36.06922149658203,41.27426528930664,52.71653366088867,-3.8572232723236084,-22.440520066080406,-22.264015197753906,-6.276777267456055,-5.528936386108398,-4.775209426879883,133.70945358276367,45.02371302500535,45.07331085205078,72.37504959106445,81.8604507446289,102.71818161010742,14.68986120283776,6.300538716281681,6.672917457607891,9.68757003468419,10.685327664503303,12.814143583899119,0.006180127891274588,6.8945734829443825
R1,gsm8k,S4_kdraft_lin_l3,3.159932494163513,6.33174467086792,9.513324356079103,11.46340217590332,16.082006855011002,18.829376220703125,24.727742197040957,27.756133069037887,31.772789001464844,5.640360607653333,31.772789001464844,832.0;964.0;384.0;450.0;249.0;1016.0;834.0;902.0;877.0;663.0,0.6967970418490146,4.2123285843486045,0.0217762469857008,0.07219397870496742,0.11746861080071977,0.33117515370903977,3600,1024,1.0794434598098013,4.079443459809801,31.772789001464844,-0.15656993262051289,4.176514844165627,3.159932494163513,-26.83831214904785,4.38971168058198,2.854905748212187,5.633113059890666,31.772789001464844,26.583358732329476,26.364154815673828,27.87010040283203,28.45254144668579,29.580307216644286,4.439795967750972,4.066454291700196,4.030225297392733,4.149173322758396,4.190735120849936,4.278174434935015,31.772789001464844,26.583358732329476,26.364154815673828,27.87010040283203,28.45254144668579,29.580307216644286,-19.557453155517578,-22.05177507930332,-21.801679611206055,-21.17468891143799,-20.958451175689696,-20.460779552459716,56.673072814941406,48.63513381163279,48.21940040588379,50.9023078918457,51.854566955566405,53.54740777969359,6.29343359846259,5.63130320242194,5.605984462142973,5.8173185151570035,5.8792747527285245,6.0270102630124,0.10296544436361434,5.6309367428261865
R1,gsm8k,S4_vdraft_lin_l3,1.1427893042564392,2.575072407722473,4.163571596145632,5.201015448570251,7.363613128662109,8.161802740097047,9.766935407638552,13.165055853748012,15.298724174499512,6.278114934838213,15.298724174499512,995.0;371.0;912.0;974.0;311.0;925.0;276.0;999.0;193.0;963.0,0.7287410015284856,1.7675034047930482,0.026123726908594033,0.07583649401478344,0.12586030688173713,0.36385879966064955,3600,1024,1.7690048502244506,4.769004850224451,12.078750610351562,-0.08520641164211776,1.6873038680199008,1.1427893042564392,-15.298724174499512,4.0080429159251585,3.021795087624468,2.4368340390846575,15.298724174499512,12.596423239178128,12.505402088165283,13.139735507965089,13.36220064163208,13.866160802841186,5.034858888152352,4.75937119460959,4.79576766418467,4.825494574588386,4.861356524327104,4.935822664987399,12.078750610351562,9.306135448084937,9.274162769317627,9.671575355529786,9.883416366577146,10.327066392898558,-11.083051681518555,-12.596423239178128,-12.505402088165283,-12.17568130493164,-12.018132209777832,-11.738524532318117,25.6085205078125,21.902558687263063,21.816928386688232,22.63131399154663,22.941075992584228,23.641809186935426,2.8961778951819137,2.435821838936492,2.42191424425957,2.526322015924809,2.5565280670755373,2.6391263441202177,-0.13235489327265493,2.435343918516791
R1,gsm8k,S4_kctx_lin_fp_l3,6.237178087234497,12.08993935585022,19.6868616104126,25.08914375305175,36.63069526672364,41.533309707641614,52.612840457918516,69.80662087629834,99.50436401367188,8.36888002876724,99.50436401367188,949.0;555.0;699.0;946.0;698.0;1019.0;1016.0;561.0;1021.0;628.0,0.49098686221763455,10.649968959677949,0.007210871124822941,0.03282955162843096,0.05971537932079258,0.21326919215352344,42995,1024,1.9760234648878372,4.976023464887837,97.62590026855469,0.14122567921837756,8.647736541185685,6.237178087234497,-99.50436401367188,4.425037576286531,3.0808487355933574,11.889806482066293,99.50436401367188,49.774917527079126,48.386356353759766,65.92741394042969,71.19966125488281,80.82796478271484,7.814767794786559,4.421799370796972,4.291880950666258,5.385594001851276,5.7453957332931305,6.776526824821497,97.62590026855469,46.287141025142624,44.858299255371094,61.4130500793457,67.24867248535156,78.30623626708984,-25.360811233520508,-46.91167244683284,-45.70378494262695,-35.15982437133789,-29.837629318237305,-26.789113998413086,171.1561737060547,93.19881347197546,91.13716506958008,121.68622207641602,130.75469589233398,147.83673858642578,18.50713093804912,11.685908930916725,11.956122643751328,14.061147152930262,14.92600228054979,16.207400845462768,0.06415141342662299,11.88896772173745
R1,gsm8k,S4_vctx_lin_fp_l3,5.255392551422119,9.490966558456421,14.689844894409182,18.527732372283936,27.702753639221193,31.72798799514771,41.54114617538456,52.518913729078896,95.31001281738281,10.508531870246172,95.31001281738281,602.0;755.0;638.0;1018.0;639.0;919.0;583.0;1005.0;582.0;645.0,0.2501854501987284,8.850810723230731,0.002473099279409231,0.011634224383795013,0.022520421910384888,0.10347079280516124,42995,1024,1.7812738583053145,4.7812738583053145,95.31001281738281,0.04855434270444234,6.801267373643655,5.255392551422119,-79.60588836669922,4.580174166454075,3.0544038438974996,9.06977435042504,95.31001281738281,36.125742587872416,35.701080322265625,50.44778976440428,54.26936569213867,62.58577346801758,6.6819466587782355,3.751639266894287,3.6552670374936396,4.545984433123776,4.783829165038368,5.386513314519283,95.31001281738281,33.64035355516583,32.80405044555664,47.52371597290039,51.19879150390625,59.041932144164655,-11.92918872833252,-33.86748350458182,-33.58738708496094,-19.104543685913086,-15.754179000854492,-13.50464916229248,154.09691619873047,67.50783705974764,67.05256652832031,93.24932403564453,100.84687805175781,114.5937728881836,14.773725567342963,8.816118622765083,9.059481342429661,11.325506765422459,11.830856692272022,13.349237533474849,-0.009102382447843222,9.069644383515405
R1,gsm8k,S4_k_stored_ctx_fp_l3,0.8988044261932373,1.80806365609169,2.9867878437042235,3.782643389701841,5.339655032157905,5.94171424150467,7.109280152797769,8.371828344916135,10.35045337677002,5.875441413979006,10.35045337677002,440.0;877.0;243.0;555.0;698.0;949.0;873.0;231.0;619.0;574.0,0.5305912961113888,1.541618621959362,0.010035625558511901,0.03609854574146675,0.06348260799222383,0.224678506619247,42995,1024,1.5384795662069735,4.5384795662069735,9.845525741577148,0.008809915182056254,1.2770275382646807,0.8988044261932373,-10.35045337677002,4.035587380845908,3.0310585604601044,1.7616469380741242,10.35045337677002,7.378651830498209,7.31201171875,8.473385047912597,8.714111042022685,9.858333587646484,6.329220323266768,4.491718192128568,4.329389611641267,5.392271540565877,5.56130690238837,5.895548233841795,9.845525741577148,6.745578856423284,6.7010579109191895,7.782195568084717,8.12271738052368,8.637615203857422,-4.731339931488037,-7.113633775450432,-7.021632194519043,-5.946627140045166,-5.720608234405518,-5.357726879119878,17.971930027008057,13.859212631873715,13.681551456451416,15.662784671783442,16.478531694412172,17.234010696411133,1.855467669774339,1.761286144551355,1.7562810712806656,1.8225403916759353,1.8317332454054804,1.845526675604878,-0.01965362350835872,1.761624908946403
R1,gsm8k,S4_k_stored_ctx_l3,0.91901496052742,1.82783842086792,2.9750898361206066,3.75456244945526,5.270725727081299,5.851162433624268,7.15117448377618,8.046531406592958,9.5088529586792,5.404722203107509,9.5088529586792,235.0;377.0;108.0;767.0;624.0;574.0;557.0;877.0;183.0;873.0,0.5533449390010583,1.5239785414684712,0.010742930241283784,0.04329285291164951,0.07731320359484783,0.26241055008272834,42995,1024,1.404241557054255,4.404241557054255,9.450118064880371,0.016520231252854345,1.2867407495590977,0.91901496052742,-9.5088529586792,4.064644987015299,2.99581963118327,1.7593601671538217,9.5088529586792,7.167615331141168,7.120460510253906,8.156430435180663,8.367799758911133,8.900431632995605,6.002253458804766,4.3479327505023875,4.164417064625502,5.283513479566162,5.576258769772169,5.808675161557137,9.450118064880371,6.696332138069065,6.620008945465088,7.806639671325684,7.967634725570676,8.28632888793945,-4.6368727684021,-6.915042238715693,-6.841454029083252,-5.8671746253967285,-5.640493392944336,-5.290626468658448,17.573272705078125,13.611374376784758,13.41960859298706,15.6273512840271,15.966158390045166,16.683671951293945,1.8592885237482346,1.7589190254017428,1.7492861553937256,1.8203298631680818,1.838541029231489,1.8526787247966172,-0.02396632584253396,1.75928260371291
R1,gsm8k,S4_k_stored_draft_l3,0.8983319103717804,1.7799767553806305,2.6080193519592285,3.2816701173782348,4.430823802947998,5.150365352630615,6.001366617202759,6.189918585871594,6.644990921020508,4.189133986970652,6.644990921020508,832.0;249.0;900.0;768.0;964.0;1016.0;877.0;384.0;448.0;235.0,0.6737160622712097,1.2251247127500682,0.014046152214651527,0.058697196934487814,0.09632970584286299,0.3211585013879171,3600,1024,0.8553228129800914,3.8553228129800914,6.644990921020508,-0.044270722948140676,1.184108148188682,0.8983319103717804,-6.634624004364014,3.783380468567171,2.793279148733201,1.5862445416375415,6.644990921020508,6.043060539563497,6.002015829086304,6.155636358261108,6.2394846916198725,6.358600268363952,4.119477286449205,3.853285944045694,3.8414781023892446,3.963532650355533,3.9900105648957775,4.0605979767496665,6.644990921020508,5.916830848322975,5.9137420654296875,6.010210990905762,6.081954979896546,6.300717487335205,-5.531981945037842,-6.027040543556214,-6.001774787902832,-5.976878070831299,-5.871312642097474,-5.76118865966797,12.84693956375122,11.943871391879188,11.915431022644043,12.145273399353027,12.188324928283691,12.425388774871823,1.6056180192086937,1.5862399366107083,1.5876959383654627,1.5890847602734077,1.5898335112677704,1.5920901503563223,0.009854243040467862,1.58562664236085
R1,gsm8k,S4_v_stored_ctx_l3,3.5177879333496094,7.086448550224304,11.390963649749759,14.503182411193842,21.922649784088147,25.192335958480847,33.705418109894005,46.96550987128065,78.24866485595703,11.349141232761632,78.24866485595703,602.0;551.0;993.0;903.0;540.0;632.0;977.0;645.0;638.0;639.0,0.18468415939043825,6.80463570602752,0.0020791523668560424,0.009778952510113471,0.019099840088668378,0.08839356805519519,42995,1024,2.5779660733473646,5.577966073347365,78.24866485595703,0.03781063982152607,4.949166644009743,3.5177879333496094,-74.81243896484375,4.888614408215644,3.1796484841497765,6.894677161129704,78.24866485595703,24.075095162767077,24.005203247070312,38.7302360534668,44.33747596740723,56.43115997314453,5.674418483217114,3.4122247202987994,3.2900279614186188,4.04603715768472,4.264561287347903,5.059768730109532,78.24866485595703,22.583192958924947,22.4400691986084,36.06922149658203,41.27426528930664,52.71653366088867,-3.8572232723236084,-22.440520066080406,-22.264015197753906,-6.276777267456055,-5.528936386108398,-4.775209426879883,133.70945358276367,45.02371302500535,45.07331085205078,72.37504959106445,81.8604507446289,102.71818161010742,14.68986120283776,6.300538716281681,6.672917457607891,9.68757003468419,10.685327664503303,12.814143583899119,0.006180127891274588,6.8945734829443825
R1,gsm8k,S4_v_stored_draft_l3,1.1427893042564392,2.575072407722473,4.163571596145632,5.201015448570251,7.363613128662109,8.161802740097047,9.766935407638552,13.165055853748012,15.298724174499512,6.278114934838213,15.298724174499512,995.0;371.0;912.0;974.0;311.0;925.0;276.0;999.0;193.0;963.0,0.7287410015284856,1.7675034047930482,0.026123726908594033,0.07583649401478344,0.12586030688173713,0.36385879966064955,3600,1024,1.7690048502244506,4.769004850224451,12.078750610351562,-0.08520641164211776,1.6873038680199008,1.1427893042564392,-15.298724174499512,4.0080429159251585,3.021795087624468,2.4368340390846575,15.298724174499512,12.596423239178128,12.505402088165283,13.139735507965089,13.36220064163208,13.866160802841186,5.034858888152352,4.75937119460959,4.79576766418467,4.825494574588386,4.861356524327104,4.935822664987399,12.078750610351562,9.306135448084937,9.274162769317627,9.671575355529786,9.883416366577146,10.327066392898558,-11.083051681518555,-12.596423239178128,-12.505402088165283,-12.17568130493164,-12.018132209777832,-11.738524532318117,25.6085205078125,21.902558687263063,21.816928386688232,22.63131399154663,22.941075992584228,23.641809186935426,2.8961778951819137,2.435821838936492,2.42191424425957,2.526322015924809,2.5565280670755373,2.6391263441202177,-0.13235489327265493,2.435343918516791
R1,gsm8k,S4_kctx_lin_l4,5.491849899291992,10.042412042617798,15.332830429077148,19.009382247924805,27.28721693038942,31.001012802124023,38.868735420227374,50.71882587013064,85.05934143066406,9.117045780136339,85.05934143066406,38.0;250.0;757.0;114.0;62.0;103.0;171.0;168.0;120.0;106.0,0.44715896234323216,8.536829695349088,0.011020725674208174,0.04595137574459652,0.07505249197622763,0.21477336791856627,42995,1024,1.251336230954612,4.251336230954612,85.05934143066406,0.06443280316218286,7.071455426069182,5.491849899291992,-75.6074447631836,4.166127250480562,2.9247676008597274,9.329704323300223,85.05934143066406,37.9676528393439,36.47771072387695,48.33942947387693,53.81998825073242,61.0083122253418,6.016820530222952,3.9057598397838262,3.567030888775244,5.312675599740548,5.5731273193282265,5.804770643352963,85.05934143066406,36.60415775127391,35.34553146362305,46.26654510498046,51.8838996887207,59.571128845214844,-19.95846176147461,-34.00488482964484,-31.98233985900879,-26.501127243041992,-25.496150970458984,-23.930362701416016,146.2783966064453,70.60904258091875,67.44657135009766,88.98650360107422,99.59849166870117,117.02942276000977,16.974007223343275,9.190230856793205,9.02228133153744,11.342861411271489,12.089639600572134,13.644909883968076,0.039701083768859516,9.329481827737464
R1,gsm8k,S4_vctx_lin_l4,3.558220148086548,7.110363602638245,11.29612407684327,14.196907997131348,20.807707424163826,23.545049476623536,30.637256242752873,42.9382966117842,71.25621032714844,10.540429074267635,71.25621032714844,120.0;59.0;30.0;14.0;69.0;23.0;57.0;9.0;72.0;106.0,0.14256262777770168,6.7033037847202275,0.0022541960949583545,0.010001975033187335,0.01916476462174521,0.08695492865573673,42995,1024,1.9673060175210386,4.967306017521039,71.25621032714844,0.032713148697972864,4.9144530611655535,3.558220148086548,-69.95994567871094,4.531953425172045,3.077937534083955,6.760276059454385,71.25621032714844,23.7875258704149,23.389999389648438,37.86683654785155,41.95522689819336,52.27741241455078,8.80248766778586,3.573781052049868,3.2065992178850102,5.265913128294239,5.810827244039019,7.47942914262504,71.25621032714844,22.308475229908996,22.093997955322266,35.42900466918945,39.91874313354492,49.212406158447266,-6.218776226043701,-22.125791064305755,-22.085891723632812,-8.073908805847168,-7.465094089508057,-6.582161903381348,123.12751388549805,44.43426629421475,44.669769287109375,69.80143737792969,76.35052490234375,96.64919662475586,13.156849322931535,6.230782093848222,6.713847293377894,9.322818000170384,10.062182501416046,11.481272543576559,0.004073289852845685,6.7601969091095535
R1,gsm8k,S4_kdraft_lin_l4,2.960100293159485,5.47182023525238,8.507882690429687,10.804524898529051,15.603952674865724,18.367923421859746,24.925380088808478,29.95499806232246,34.29237365722656,6.629894807955648,34.29237365722656,384.0;487.0;428.0;506.0;114.0;71.0;267.0;453.0;386.0;534.0,0.7012993029397894,3.9103256764266803,0.02671638380780767,0.08193194603749454,0.1324883531179571,0.36044568405762284,3600,1024,1.679326707884501,4.679326707884501,25.18937110900879,0.05932628034050692,3.8527396703607746,2.960100293159485,-34.29237365722656,4.818932911699687,3.0167805196791027,5.172385784473817,34.29237365722656,27.000025018586054,26.61401081085205,29.455710411071777,30.51546792984009,31.640416622161865,5.1877035608316895,4.643952907577091,4.648923478704512,4.781028043808663,4.831033011683383,4.963373859871731,25.18937110900879,20.48907943619622,20.28922176361084,21.7551362991333,22.184706211090088,23.114411945343015,-22.042449951171875,-27.000025018586054,-26.61401081085205,-25.19580364227295,-24.978135013580324,-24.540266437530523,56.876352310180664,47.48910445478227,47.18021869659424,50.450216674804686,51.506904220581056,53.418204345703124,6.1310616196919945,5.168044845317242,5.147747316349342,5.45006638369563,5.559010909965494,5.70367648884987,-0.12640207596232025,5.17204554271207
R1,gsm8k,S4_vdraft_lin_l4,1.4398420453071594,2.4647202491760254,3.6474607944488593,4.445401191711426,6.398553357124333,7.246324884891515,8.8918074731829,10.50735096130165,13.3844633102417,5.964343344068094,13.3844633102417,679.0;743.0;666.0;766.0;680.0;853.0;829.0;659.0;819.0;742.0,0.6246372312575041,1.8462810064328277,0.01885965467805978,0.06525188765174075,0.10959677135278936,0.313906636680522,3600,1024,0.8219398276004286,3.8219398276004286,13.3844633102417,0.05941601784112021,1.7384246205199438,1.4398420453071594,-10.195098876953125,3.962339877971221,2.8513036527977094,2.24407994948067,13.3844633102417,9.84831650627984,9.847245216369629,10.54144172668457,11.140656566619873,11.776931991577145,4.323965371239715,3.8113011957523315,3.8461673805544434,3.9608945017037605,4.016616143931795,4.099495534007171,13.3844633102417,9.842717002762688,9.84687089920044,10.54144172668457,11.140656566619873,11.776931991577145,-6.938368797302246,-8.352789389027489,-8.338583946228027,-7.79604697227478,-7.7047333240509035,-7.435178036689759,22.27158260345459,18.19550639179018,18.11578607559204,19.384697437286377,19.896145820617676,20.577755222320548,2.6056544063619387,2.2427178117280895,2.2322769849992223,2.3450862389056173,2.394052813170352,2.4866349797952876,0.05377232537535106,2.243293239076218
R1,gsm8k,S4_kctx_lin_fp_l4,6.583822250366211,12.420916557312012,19.22705879211426,23.892035865783686,33.58795280456543,37.79600053787232,47.74943386077964,60.629092893973926,98.7218246459961,8.523235734148571,98.7218246459961,38.0;62.0;108.0;127.0;250.0;114.0;125.0;120.0;757.0;54.0,0.4298589880618623,10.663822297314713,0.008045206840318744,0.03608584989985963,0.05965539981262106,0.1872649784286202,42995,1024,1.2188598503527555,4.2188598503527555,98.7218246459961,0.05208741791623898,8.69619655999403,6.583822250366211,-91.52230072021484,4.122489453846079,2.8998455063743447,11.582669742485765,98.7218246459961,47.42063512809887,46.610923767089844,60.59920883178711,63.132476806640625,72.4585122680664,6.918415128534749,4.06013917909285,3.7391639159638426,5.576157844371638,5.898766602019168,6.451692032509939,98.7218246459961,44.847264928026995,44.435359954833984,58.13768768310547,62.52764129638672,71.69892883300781,-23.71724510192871,-43.56449409189412,-42.52748489379883,-31.4549617767334,-29.268037796020508,-25.684059143066406,178.73443603515625,88.4117590199211,87.10731887817383,113.02002334594727,118.08072662353516,129.76627731323242,17.370600280439927,11.433665160559011,11.747231644169872,13.462539314884042,14.01491275768324,14.935591586715068,0.01884759229752489,11.582552622992484
R1,gsm8k,S4_vctx_lin_fp_l4,5.063141822814941,8.99196720123291,13.597434711456307,16.92769832611084,24.531711406707778,27.980751419067403,36.259689300537474,47.220486682505765,76.92683410644531,9.19677465151216,76.92683410644531,46.0;57.0;20.0;30.0;58.0;101.0;59.0;107.0;9.0;48.0,0.20890380366099848,8.216008006899523,0.002719290243204951,0.012579746838647776,0.023808556414481416,0.10691985082479538,42995,1024,1.3161230678333133,4.316123067833313,75.87200164794922,-0.04438638134680586,6.385420509233287,5.063141822814941,-76.92683410644531,4.3349267561103195,2.932820832210991,8.36454485636405,76.92683410644531,33.89413379481094,33.14158630371094,45.798240661621094,50.397315979003906,59.84957908630371,8.740163867078,3.7546395165776856,3.528338334911682,4.77532129093984,5.158206758511518,7.033295562088895,75.87200164794922,31.541916869476598,31.055557250976562,42.777211761474604,47.0657958984375,55.431156158447266,-11.027144432067871,-31.610699699185368,-30.937692642211914,-19.619712829589844,-16.040979385375977,-12.793037414550781,138.5035629272461,63.15261656866197,62.227848052978516,84.15751266479492,91.65378189086914,107.6161994934082,12.536554025354071,8.203314072816383,8.59314479818178,9.899596388298697,10.215787495028382,11.14026292641605,-0.007384562107133076,8.364427087570148
R1,gsm8k,S4_k_stored_ctx_fp_l4,1.0049650073051453,1.9608532786369324,3.1462268829345703,3.953083419799804,5.499234104156496,6.10915518283844,7.5996372375492225,8.882890119075066,10.85494613647461,5.808082059306445,10.85494613647461,564.0;114.0;428.0;254.0;62.0;250.0;575.0;815.0;753.0;380.0,0.4944905005828971,1.6686933369733952,0.009066317294942606,0.03666748899917663,0.06270658817027484,0.2032914838671216,42995,1024,1.255763802073485,4.255763802073485,10.480490684509277,0.008519893375919083,1.3804148668368676,1.0049650073051453,-10.85494613647461,4.066286109733022,2.9424377181341534,1.8689381495706383,10.85494613647461,7.671646321664121,7.5628228187561035,8.781745910644531,9.302807807922363,10.001492500305176,6.1463187489003746,4.223605128777799,4.048331606296863,5.129005165577718,5.398532429975562,5.815069509187835,10.480490684509277,7.316557985783344,7.152613639831543,8.727763175964355,9.109774589538574,9.961845397949219,-4.663329124450684,-7.088378474451467,-6.988592147827148,-6.05656099319458,-5.820270919799809,-5.419628047943117,19.040374755859375,14.404936460234811,14.202805519104004,16.4563045501709,17.02277660369873,18.30854606628418,1.9501374084807064,1.8687664872677148,1.8627320165391843,1.9083192974829877,1.920014374303044,1.932864021844844,0.015321565410933186,1.8689187297304783
R1,gsm8k,S4_k_stored_ctx_l4,1.0497670769691467,1.9696860015392303,3.1071796178817768,3.889720153808593,5.4275728464126605,6.021071882247927,7.309488311767805,8.476707458496094,10.768853187561035,5.798220546198181,10.768853187561035,62.0;250.0;564.0;114.0;633.0;1018.0;635.0;815.0;38.0;628.0,0.5056055313982057,1.6543349722369807,0.01023750854689911,0.043859470041695194,0.074755491193927,0.2315683765626456,42995,1024,1.0538762607998589,4.053876260799859,10.593453407287598,0.015313390690096873,1.3950625516465867,1.0497670769691467,-10.768853187561035,3.9356117660181753,2.922341297252351,1.857268639879874,10.768853187561035,7.340972972667582,7.312506675720215,8.416898727416992,8.662759780883789,9.265959739685059,6.009016111242648,4.009688586703832,3.842874657682025,4.918894492503875,5.37192788272414,5.777033913940675,10.593453407287598,7.05261014282239,6.968437194824219,8.266633033752441,8.545618057250977,9.083701133728027,-4.575979709625244,-6.8534681099488965,-6.8051581382751465,-5.878732299804688,-5.670992851257324,-5.300848484039307,18.25179100036621,13.906078252771286,13.835227966308594,15.794930458068848,16.103026390075684,16.73166275024414,1.9405698862904976,1.8570173349081653,1.8514842371281157,1.8993091921031242,1.9198316870648582,1.9318347034643752,0.02707474552104405,1.8572055084849413
R1,gsm8k,S4_k_stored_draft_l4,1.068117916584015,1.882835179567337,2.8439061164855977,3.321887254714966,4.367332048416139,5.026561717987061,5.855265617370854,6.363258880710579,7.0027594566345215,4.187230391322225,7.0027594566345215,487.0;448.0;384.0;506.0;428.0;114.0;631.0;771.0;835.0;682.0,0.6221710842911683,1.3613308488820852,0.012373617358331259,0.05180232752167397,0.08525541303258428,0.26565873239307725,3600,1024,0.24715589788319647,3.2471558978831965,7.0027594566345215,0.026294148490682036,1.3011114460260473,1.068117916584015,-6.927389144897461,3.5010978592290813,2.6114027756298546,1.6724084423793126,7.0027594566345215,6.041248134242164,6.105087041854858,6.315342903137207,6.364503192901611,6.525482716560363,3.444083869346692,3.2470937560538125,3.2463709444696045,3.3342958745481486,3.3581024435404268,3.392112499684427,7.0027594566345215,5.995964134401746,6.07990837097168,6.280990362167358,6.3618275165557865,6.503092942237854,-4.499823093414307,-5.3270577110184565,-5.188417196273804,-4.887866497039795,-4.823258876800537,-4.647850933074952,12.666680335998535,11.323021845420202,11.301288604736328,11.994861173629761,12.128464245796204,12.352888960838317,1.6980973202309715,1.6723973160752166,1.6742157154727593,1.679949945774437,1.680257396296434,1.6837531158667827,0.04336722688883052,1.6722017270343756
R1,gsm8k,S4_v_stored_ctx_l4,3.558220148086548,7.110363602638245,11.29612407684327,14.196907997131348,20.807707424163826,23.545049476623536,30.637256242752873,42.9382966117842,71.25621032714844,10.540429074267635,71.25621032714844,120.0;59.0;30.0;14.0;69.0;23.0;57.0;9.0;72.0;106.0,0.14256262777770168,6.7033037847202275,0.0022541960949583545,0.010001975033187335,0.01916476462174521,0.08695492865573673,42995,1024,1.9673060175210386,4.967306017521039,71.25621032714844,0.032713148697972864,4.9144530611655535,3.558220148086548,-69.95994567871094,4.531953425172045,3.077937534083955,6.760276059454385,71.25621032714844,23.7875258704149,23.389999389648438,37.86683654785155,41.95522689819336,52.27741241455078,8.80248766778586,3.573781052049868,3.2065992178850102,5.265913128294239,5.810827244039019,7.47942914262504,71.25621032714844,22.308475229908996,22.093997955322266,35.42900466918945,39.91874313354492,49.212406158447266,-6.218776226043701,-22.125791064305755,-22.085891723632812,-8.073908805847168,-7.465094089508057,-6.582161903381348,123.12751388549805,44.43426629421475,44.669769287109375,69.80143737792969,76.35052490234375,96.64919662475586,13.156849322931535,6.230782093848222,6.713847293377894,9.322818000170384,10.062182501416046,11.481272543576559,0.004073289852845685,6.7601969091095535
R1,gsm8k,S4_v_stored_draft_l4,1.4398420453071594,2.4647202491760254,3.6474607944488593,4.445401191711426,6.398553357124333,7.246324884891515,8.8918074731829,10.50735096130165,13.3844633102417,5.964343344068094,13.3844633102417,679.0;743.0;666.0;766.0;680.0;853.0;829.0;659.0;819.0;742.0,0.6246372312575041,1.8462810064328277,0.01885965467805978,0.06525188765174075,0.10959677135278936,0.313906636680522,3600,1024,0.8219398276004286,3.8219398276004286,13.3844633102417,0.05941601784112021,1.7384246205199438,1.4398420453071594,-10.195098876953125,3.962339877971221,2.8513036527977094,2.24407994948067,13.3844633102417,9.84831650627984,9.847245216369629,10.54144172668457,11.140656566619873,11.776931991577145,4.323965371239715,3.8113011957523315,3.8461673805544434,3.9608945017037605,4.016616143931795,4.099495534007171,13.3844633102417,9.842717002762688,9.84687089920044,10.54144172668457,11.140656566619873,11.776931991577145,-6.938368797302246,-8.352789389027489,-8.338583946228027,-7.79604697227478,-7.7047333240509035,-7.435178036689759,22.27158260345459,18.19550639179018,18.11578607559204,19.384697437286377,19.896145820617676,20.577755222320548,2.6056544063619387,2.2427178117280895,2.2322769849992223,2.3450862389056173,2.394052813170352,2.4866349797952876,0.05377232537535106,2.243293239076218
R1,mtbench,A_src1,0.015380859375,0.026611328125,0.0390625,0.04736328125,0.0703125,1.171875,10.8125,17.875024999986636,24.375,52.5672316692548,24.375,3280.0;2154.0;1950.0;58.0;610.0;2521.0;1800.0;2520.0;2557.0;2926.0,0.6163494077641004,0.37692473249194247,0.009109484479915757,0.038309414943690875,0.06916551285623089,0.252017101802159,44434,4096,740.7160229467418,743.7160229467418,24.375,-0.0003373917260474219,0.04101536472807387,0.015380859375,-24.0,23.318284817387386,0.15163624519977345,0.4636919089322389,24.375,0.17535430335406163,0.087890625,0.10791015625,0.11376953125,0.1279296875,3.3361741267999143,2.9849054090842477,2.9823965591375377,3.0846868949932276,3.1148097934797807,3.1746455364647765,24.375,0.17127987357302404,0.083984375,0.10302734375,0.109375,0.123046875,-0.04541015625,-0.1698429471501975,-0.083984375,-0.064453125,-0.060546875,-0.05419921875,48.375,0.34112282072322153,0.16845703125,0.2041015625,0.2138671875,0.236328125,7.740278966878665,0.050980230730891196,0.0234115773738265,0.02773321435387823,0.028727981087074403,0.03098967826480821,0.1951789631796349,0.46369178618565904
R1,mtbench,A_src1_origbasis,0.012079274747520685,0.021807953249663115,0.034381279349327096,0.04524433817714452,0.10221938364207757,0.18112559199333209,0.8287159187793788,1.8401582664131255,300.1044616699219,647.2065705284639,300.1044616699219,788.0;1384.0;4062.0;290.0;2352.0;4055.0;133.0;1039.0;1189.0;709.0,0.9948673863001164,0.05507563510429152,0.9813947567136786,0.9892224399038574,0.9906970590192169,0.9929301695976195,44434,4096,364385.9581212968,364388.9581212968,300.1044616699219,-0.00035391578642524074,0.01904532643288179,0.012079274747520685,-274.77386474609375,1.7872123085109826,0.22044676163890906,0.46369192671341,300.1044616699219,1.3341535191092448,0.2524571269750595,0.3462874382734299,0.37569858133792877,0.46321458339691157,1319.01847300123,26.426699089563822,13.769842318998744,49.858460661777016,67.80016239234851,111.19210856565262,300.1044616699219,1.3298388722531638,0.2491597682237625,0.34614209830760956,0.37567463219165803,0.46321458339691157,-0.0989236831665039,-1.1804533878248005,-0.19001635164022446,-0.14866842180490492,-0.13861459866166115,-0.12217176705598831,574.8782958984375,2.5102922600779642,0.4415072873234749,0.5704655945301056,0.61416552439332,0.7664900700747964,7.740281051699701,0.05098023255644591,0.02341157792645543,0.027733215211861964,0.02872798190524523,0.03098967936793954,-124.36405722708707,0.46369179164916263
R1,mtbench,A_src8,0.06689453125,0.1142578125,0.1650390625,0.19921875,0.2890625,1.2187890625000364,10.875,17.875024999986636,24.375,51.363603968274695,24.375,3280.0;2154.0;1950.0;58.0;610.0;2521.0;1800.0;2557.0;2520.0;2926.0,0.5903973601249369,0.3989424323343419,0.00873400239586427,0.03678160072451266,0.0664535197947829,0.24302368060841972,44434,4096,678.7437221920121,681.7437221920121,24.375,-0.0001935371485448463,0.10148458826713075,0.06689453125,-24.0,22.91606946276871,0.6091196624442833,0.47455782143043335,24.375,0.46090517062525316,0.37109375,0.44140625,0.46484375,0.51953125,3.3679659267427704,2.9771726793837145,2.9754314377290614,3.0788692744583037,3.1095032658834727,3.172481639056396,24.375,0.4435103406527096,0.353515625,0.423828125,0.447265625,0.50390625,-0.20703125,-0.442049167198823,-0.353515625,-0.296875,-0.28125,-0.2578125,48.375,0.8855595078515326,0.708984375,0.833984375,0.873046875,0.95703125,7.754587340154132,0.12666641928323819,0.09869802145339754,0.11389945117279915,0.11803764382454655,0.12734976791201305,0.2308199998341886,0.4745577819656645
R1,mtbench,A_src8_origbasis,0.05723808892071247,0.09963507764041424,0.14820512086153032,0.18508037254214285,0.3286899718642238,0.47312200665474125,0.9591669315697229,2.2175895776013217,300.36846923828125,632.9438054603345,300.36846923828125,788.0;1384.0;4062.0;290.0;2352.0;4055.0;133.0;1039.0;709.0;1189.0,0.9665627860433895,0.1121947361317401,0.9404790039122788,0.9536502290013089,0.9574823270914635,0.9639760715582204,44434,4096,334209.1324455318,334212.1324455318,300.36846923828125,4.671847758443728e-05,0.07415636507309442,0.05723808892071247,-275.353759765625,2.0211800835121725,0.6926235704299337,0.47455787804073046,300.36846923828125,2.704159523601761,1.586634874343872,2.408156251907349,2.664073061943054,3.251013150215148,1317.0634435265717,43.050776121510395,25.133209182858472,86.3858268979643,121.22959406309698,224.05337984397187,300.36846923828125,2.6968769394607457,1.5865825414657593,2.408156251907349,2.664073061943054,3.251013150215148,-0.35014238953590393,-1.8046520143678917,-0.8020539581775665,-0.6059550464153288,-0.5610311627388,-0.49243369787931446,575.7222290039062,4.501528953828638,2.397878110408783,3.328261989355089,3.612367361783981,4.263412649631497,7.754587988684396,0.1266664260138438,0.09869802485937058,0.11389945575844337,0.11803764992115393,0.12734977271153486,-117.5262911313399,0.47455787574109937
R1,mtbench,A_src15,0.11328125,0.1953125,0.28125,0.33984375,0.48828125,1.21875,10.9375,18.000012499993318,24.5,49.205311125087924,24.5,3280.0;2154.0;1950.0;610.0;2521.0;58.0;1800.0;2557.0;2520.0;1027.0,0.5439590121036267,0.43469351200150125,0.00807494567470756,0.034165919805984934,0.061917006630045006,0.2273418942691775,44434,4096,574.5260242803097,577.5260242803097,24.5,-0.00029147474926498004,0.15942365303095432,0.11328125,-24.25,21.966656752271394,0.9806543192978301,0.49791373003855227,24.5,0.7325066214779223,0.64453125,0.75390625,0.7890625,0.87109375,3.321659635269855,2.976433914873149,2.9745784957339865,3.0786108059890167,3.1096375732414354,3.1708083905157443,24.5,0.7041926825460233,0.6171875,0.72265625,0.7578125,0.84375,-0.32421875,-0.7015190806167574,-0.61328125,-0.515625,-0.48828125,-0.435546875,48.75,1.4057117631627807,1.23828125,1.421875,1.47265625,1.59375,7.808964542581776,0.1992090848800065,0.17296164347974977,0.1937368950744213,0.19841624990928455,0.2077972525605015,0.1989262700925244,0.4979136447250415
R1,mtbench,A_src15_origbasis,0.09646965190768242,0.1670689433813095,0.24762311726808553,0.30797094553709026,0.5327858543396004,0.7286589616537096,1.2695989892482942,3.7380161770069416,302.5379638671875,607.6111873225582,302.5379638671875,788.0;1384.0;4062.0;2352.0;290.0;4055.0;133.0;1039.0;1189.0;3231.0,0.9197165991195401,0.17248895399517866,0.8713465982983374,0.891294491256611,0.8987902703510076,0.9165063286410754,44434,4096,283410.9292088105,283413.9292088105,302.5379638671875,2.0177373468065823e-05,0.12498935354486979,0.09646965190768242,-277.05224609375,2.549837182150555,1.0700364390832693,0.4979137484290284,302.5379638671875,3.996630732919629,2.8213452100753784,4.524766969680787,5.016151189804077,6.341199827194213,1317.7361667695743,48.438015863668596,26.720966185165373,101.48998666342374,140.20916342936863,266.4139374395653,302.5379638671875,3.9873730961521616,2.8213452100753784,4.524766969680787,5.016151189804077,6.341199827194213,-0.3645264506340027,-2.3918331994719075,-1.3778336644172668,-0.9869485557079315,-0.8860545486211779,-0.7313990163803105,579.58447265625,6.379206295624069,4.20905214548111,6.198678708076478,6.759952557086945,8.181311962604518,7.808964845888447,0.19920909142363935,0.1729616507948641,0.1937369004123103,0.19841625750114736,0.20779725674428848,-103.7902336918409,0.49791374802019617
R1,mtbench,A_src22,0.240234375,0.412109375,0.6015625,0.7265625,1.046875,1.421875,10.875,18.125,24.5,41.16078967912869,24.5,3280.0;2154.0;1950.0;58.0;610.0;2521.0;1800.0;2557.0;2520.0;1027.0,0.38890704674173715,0.5591616628354807,0.005990733714423931,0.025388838987434405,0.0463999611463939,0.17438386198196915,44434,4096,281.8744730563459,284.8744730563459,24.5,-0.00031706980423457895,0.31384441660721063,0.240234375,-24.25,18.270350520837734,1.758783742666851,0.59522667545961,24.5,1.4612669035817167,1.3828125,1.640625,1.71875,1.90625,3.335399188098878,2.9752442510227803,2.973923275018815,3.076049318398222,3.1068065592138177,3.16699147980219,24.5,1.3987297171085205,1.3125,1.5703125,1.65625,1.84375,-0.66796875,-1.3970312710987083,-1.3125,-1.0546875,-0.9765625,-0.86328125,48.75,2.7957609882072285,2.6484375,3.09375,3.2265625,3.5,7.822590255684278,0.3925466013129922,0.37096063953623193,0.42162888826952033,0.4333483491879239,0.4548950351952731,0.11004495433875279,0.5952265910100448
R1,mtbench,A_src22_origbasis,0.19660964608192444,0.3435322940349579,0.5138611018657694,0.643722203373909,1.0860668540000922,1.4311212086677574,2.590732193708458,8.129401370712948,303.14752197265625,509.29757650968526,303.14752197265625,788.0;1384.0;4062.0;2352.0;290.0;4055.0;133.0;761.0;2742.0;1039.0,0.763542367324791,0.3396925790052121,0.6416533958834725,0.6791524072082054,0.6994665318188658,0.7560865221894093,44434,4096,139804.69103766157,139807.69103766157,303.14752197265625,-0.0001859540597363354,0.25912660309275914,0.19660964608192444,-277.57928466796875,4.352513321089764,1.8246272081341217,0.595226712151636,303.14752197265625,7.561251999975919,6.506739616394043,9.396408557891846,10.21827836036682,11.787811212539667,1319.1214184625148,58.20836097593667,36.61484204267332,123.45305887670771,164.13893316646585,271.63889612861703,303.14752197265625,4.4999810881949935,3.270097017288208,4.820395898818971,5.451511335372925,6.772686305046081,-0.9301649928092957,-7.384380103940339,-6.473175525665283,-3.290448141098021,-2.597423195838929,-1.82681774020195,580.726806640625,11.884361192135334,9.856682896614075,13.46224994659424,14.565669798851012,17.065300569534298,7.8225912722979585,0.3925466145438616,0.370960653748189,0.42162889740183934,0.433348364878179,0.4548950383417206,-61.621482877714996,0.5952266831047934
R1,mtbench,A_src29,0.478515625,0.81640625,1.1796875,1.4140625,1.9765625,2.421875,10.875,18.125024999986636,25.0,29.23142125374889,25.0,3280.0;2154.0;1950.0;2557.0;2521.0;58.0;1800.0;2520.0;610.0;2149.0,0.24177098404197195,0.8355067096372765,0.004362230584541193,0.01651327469194877,0.029872421394731247,0.11740000623052683,44434,4096,65.41407933460239,68.41407933460239,25.0,-0.0017299738254052531,0.5919640478931357,0.478515625,-24.25,12.715668245380767,2.311109242874522,0.8552440807781039,25.0,2.71948898225458,2.625,3.09375,3.234375,3.5625,3.2936109736464765,2.925478000384745,2.927057353318207,3.037133840068345,3.0703721679006852,3.134639104576466,25.0,2.6080085069991448,2.515625,2.96875,3.125,3.46875,-1.359375,-2.5950053731376874,-2.515625,-2.09375,-1.984375,-1.75,49.125,5.203013880136832,5.046875,5.828125,6.0625,6.578125,7.821678131572406,0.7387755971554906,0.7177305734721771,0.8073601090259362,0.8290922349953933,0.8705298805585469,0.04724897276990718,0.8552423310948467
R1,mtbench,A_src29_origbasis,0.3926951289176941,0.6782142221927643,0.9946565926074984,1.2164807260036465,1.8170800447463993,2.255739340782167,4.02341000318537,22.778208758925867,302.7757873535156,354.02264800007754,302.7757873535156,788.0;1384.0;4062.0;2352.0;290.0;761.0;2742.0;3773.0;1658.0;2252.0,0.5716538246360845,0.632347657592481,0.4263335021504255,0.4703643548873881,0.4923290279040597,0.556729475144943,44434,4096,32600.118346222567,32603.118346222567,302.7757873535156,-0.003671150612185205,0.49575701763513347,0.3926951289176941,-276.7262878417969,4.704399502244895,2.124633197033449,0.8552441180357742,302.7757873535156,19.96223429422082,19.329678535461426,25.764779090881348,27.45763530731201,30.800504207611063,1308.8709731815188,166.93368799440537,133.7323974959961,339.0394366511501,418.4890755534291,610.5946632905539,302.7757873535156,6.351698126110179,5.131331205368042,7.416993284225469,8.323982620239255,10.275715312957763,-1.885633111000061,-19.863846590947453,-19.329678535461426,-11.796991539001464,-9.262166690826426,-4.187019042968764,579.4346008300781,26.215544717057632,24.738538026809692,31.659936952590947,33.456803107261656,36.797665047645566,7.821678136122618,0.7387756208465407,0.71773057273089,0.8073601516745135,0.8290922565214681,0.8705299359313382,-23.548985602235476,0.855236238759778
R1,mtbench,B_concat,0.103515625,0.27734375,0.609375,0.88671875,1.578125,2.109375,10.5,17.5,25.0,41.972422853648204,25.0,19664.0;11472.0;15568.0;3280.0;7376.0;10346.0;18538.0;14442.0;6250.0;2154.0,0.5152904322086258,0.5210458098601085,0.006851143942041471,0.028319145548265402,0.05135151778930749,0.1920622937454242,44434,20480,277.96090407269395,280.96090407269395,25.0,-0.0005738894506994161,0.24154641410530103,0.103515625,-24.25,17.62841759853225,2.6495091926365433,0.5956291845998836,25.0,2.71948898225458,2.625,3.09375,3.234375,3.5625,11.239501422946544,8.707961333245612,8.708243459838986,9.311670939141377,9.508724313818302,9.927101514845079,25.0,2.6080085069991448,2.515625,2.96875,3.125,3.46875,-1.359375,-2.5951572838367016,-2.515625,-2.09375,-1.984375,-1.75,49.125,5.203165790835847,5.046875,5.828125,6.0625,6.578125,7.789694429809133,0.39629005257430944,0.37297874022871547,0.41737763622454466,0.4276283249113763,0.44773534232391826,0.11338868274429094,0.5956289081282242
R1,mtbench,C_Zt_fp,2.644689202308655,4.593060374259949,6.81824254989624,8.568204021453857,55.89228370666504,109.48319171905578,225.29139627076134,541.113606225347,1452.903076171875,110.44545251905014,1452.903076171875,432.0;2017.0;2117.0;2062.0;3960.0;977.0;2910.0;3230.0;4030.0;3447.0,0.7080536466504226,9.884710238945308,0.099443964060982,0.22628441163547777,0.29773281072324764,0.5052950577441944,125480,4096,1193.9961369273947,1196.9961369273947,1452.903076171875,0.05103262440430118,4.200806809699081,2.644689202308655,-1244.157958984375,17.12599458136831,4.248768322915641,13.154937962894142,1452.903076171875,173.4880017156239,161.8852767944336,210.3883056640625,223.25587463378906,260.0477600097656,649.6023493399473,250.58068494905248,242.54175462171685,387.77822926507406,424.08344366293727,485.6423772466115,1452.903076171875,144.2994036085331,130.65646362304688,178.75477752685546,212.1103271484375,258.9976501464844,-48.053504943847656,-168.17869912069392,-159.38619995117188,-123.12590026855469,-114.22334289550781,-95.7960433959961,2696.117431640625,312.47810272922703,291.723934173584,379.43809356689457,401.6716613769531,459.2460174560547,135.11053606821554,6.817292988513501,5.802657863216932,6.798554881994715,7.090461444258133,8.154562585076246,2.471676406597371,13.154838975785294
R1,mtbench,C_Ht_fp,0.4698698967695236,0.8209780305624008,1.2113105654716496,1.4764203846454618,2.102961540222168,2.500174168348315,12.245069087987503,27.69409985808997,37.11397933959961,37.11398014147703,37.11397933959961,3573.0;494.0;604.0;3230.0;2361.0;1601.0;3510.0;1801.0;2117.0;3331.0,0.5003993105550575,0.7662059647678182,0.3889450222681592,0.45148739789014286,0.46585225194534163,0.501011077244575,125480,4096,247.50521766415386,250.50521766415386,32.91697311401367,0.006832466806422225,0.6079804282028786,0.4698698967695236,-37.11397933959961,12.245069352552084,2.102961585658346,0.999999978394195,37.11397933959961,27.756949440080877,27.948793411254883,31.693235397338867,32.57307319641113,34.314945220947266,649.6023091134535,250.580684922296,242.5417585968761,387.7782126144854,424.08347898450666,485.64236732244797,32.91697311401367,22.63492500738692,22.563764572143555,27.04792022705078,29.4494686126709,31.945268630981445,-9.19489860534668,-27.214354635235,-27.42822265625,-22.892290115356445,-21.778196334838867,-17.797443389892578,66.20775985717773,49.849279642621916,50.33767509460449,56.974947929382324,58.40251541137695,60.99081993103027,1.0000001362749351,0.9999999783941941,0.9999999770874198,1.0000000386184114,1.0000000561773037,1.0000000848469237,-1.1164835413312566,0.9999766368199456
R1,mtbench,S3_Zt_dep,2.7473323345184326,4.7822558879852295,7.0801764011383055,8.855232524871825,57.19034248352051,112.3068059158331,230.53354603577492,538.8402182066195,1444.4434814453125,108.03123693030744,1444.4434814453125,432.0;2017.0;2117.0;3960.0;2062.0;2910.0;977.0;3230.0;4030.0;3700.0,0.6941609109497455,10.216858945222222,0.09111049386186577,0.20955959745531155,0.27706220129840214,0.48357938107006837,125480,4096,1102.2083383622744,1105.2083383622744,1444.4434814453125,0.0595910984849421,4.343258406327288,2.7473323345184326,-1249.3701171875,17.241812817248434,4.277317540164722,13.370609487486888,1444.4434814453125,166.0929111730304,154.987548828125,198.60703125,211.3463897705078,249.0478973388672,559.0882376858697,211.43440912131868,203.31886807491477,334.30065774341494,369.81327337037527,419.5545771580308,1444.4434814453125,137.9719136666446,124.94193649291992,170.3052978515625,195.33128356933594,249.0478973388672,-44.41587829589844,-161.22024384314062,-152.5789031982422,-118.15745544433594,-109.13633728027344,-91.22927856445312,2689.537841796875,299.1921575097852,278.8544235229492,360.4352996826172,379.4044494628906,434.8523864746094,138.63179086684116,6.824897160698251,5.80402693267945,6.695064516436481,6.911108123054726,7.890093159118441,2.6059265642473113,13.370476691870628
R1,mtbench,S3_Ht_dep,0.4898844063282013,0.8559965342283249,1.255885863304138,1.524308580160141,2.1508308386802675,2.5395325946807876,11.849082731248433,26.56329614714617,35.97090530395508,35.970906091634,35.97090530395508,3573.0;494.0;604.0;3230.0;2361.0;1601.0;3510.0;1801.0;2117.0;3331.0,0.463575440921999,0.7909727963515814,0.35545734653695,0.41301364758767206,0.42645576968689625,0.4635964194759057,125480,4096,208.3650238197808,211.3650238197808,32.7899284362793,0.007679215762432929,0.6286996094400792,0.4898844063282013,-35.97090530395508,11.849082990715708,2.150830885778446,0.999999978102333,35.97090530395508,26.58152808979662,26.770301818847656,30.515836715698242,31.474729156494117,32.90336990356445,559.0882136231056,211.43440897748303,203.31887737553438,334.3006597068444,369.8132637604737,419.5545797412361,32.7899284362793,21.656464818882874,21.554176330566406,26.089834213256836,28.625905990600586,31.502159118652344,-8.898914337158203,-26.066617340558192,-26.23940658569336,-22.005361557006836,-21.11210823059082,-16.808870315551758,63.70935249328613,47.72308215944106,48.266502380371094,54.86848831176758,56.25185203552246,58.56394577026367,1.0000001462565868,0.9999999781023322,0.9999999763572021,1.0000000372476117,1.0000000541819782,1.0000000870631018,-1.0033339035385065,0.9999704924896237
R1,mtbench,S4_kctx_lin_l0,5.080690145492554,9.780030727386475,16.06431007385255,21.19440250396726,37.71633228302015,46.30830018997192,67.07877091217173,106.95368194580078,204.80441284179688,21.105665147413678,204.80441284179688,130.0;932.0;135.0;134.0;625.0;622.0;36.0;420.0;559.0;386.0,0.5427953545435951,8.465497367431608,0.01815541669961058,0.06397885944319309,0.10821597083536219,0.30124833552338726,125480,1024,8.693595474158354,11.693595474158354,147.2918243408203,0.14128382659312577,6.762372321083812,5.080690145492554,-204.80441284179688,6.91265416466379,3.8867730861293084,9.703764909152552,204.80441284179688,50.35015058702901,43.1468391418457,75.19115447998047,84.81539344787598,151.93479919433594,29.694037935889153,5.747835247170402,5.157807994018858,8.151397198818149,9.122239442617643,14.456070700015541,147.2918243408203,44.99615568950521,37.98178482055664,69.41493225097656,77.90602111816406,101.63565826416016,-23.924896240234375,-46.80928629445619,-41.15943145751953,-33.94381332397461,-32.30073165893555,-29.166851043701172,313.14392852783203,91.8054419839614,79.5914077758789,137.36847686767578,153.35748672485352,274.4940872192383,26.165581317426092,9.36004232296018,8.670909349287665,12.747457295399867,13.999449195815298,19.007589892112172,-0.12846050137568388,9.702736330151595
R1,mtbench,S4_vctx_lin_l0,1.7943572998046875,3.546789824962616,5.7143795490264955,7.297717809677123,10.800561685562135,12.265534815788277,15.539817396164192,20.147447601890555,39.74536895751953,11.886269529844531,39.74536895751953,104.0;121.0;114.0;12.0;81.0;17.0;91.0;64.0;122.0;117.0,0.23948686595823798,3.2598584516289404,0.009328654056074045,0.03194839501916444,0.048518286536485364,0.1272180618871421,125480,1024,2.2597603684127217,5.259760368412722,39.74536895751953,0.0095082535287545,2.435463606029059,1.7943572998046875,-35.435997009277344,4.647345410550744,3.2300212738122096,3.343805123863735,39.74536895751953,13.498160391778068,12.69514799118042,18.905574798583984,21.031969165802003,25.431163787841797,27.914294382050336,4.642842753218087,3.7237329240570203,6.402640073568242,10.396346464823894,19.638614559668856,39.74536895751953,12.67498462134043,12.000689506530762,17.535133361816406,19.393550872802734,23.30006217956543,-4.925686836242676,-12.486917394150735,-11.692985534667969,-8.236047744750977,-7.28455924987793,-6.107727527618408,64.87823104858398,25.161902015491165,23.73576259613037,34.91071796417236,38.679756450653066,45.70353315353352,6.690032773557093,3.1352174702034774,3.0790044305794786,4.718446018971687,5.178507277712635,5.797370188375436,0.003591299539316437,3.343791605272703
R1,mtbench,S4_kdraft_lin_l0,3.6716114282608032,6.297801971435547,9.164070129394542,11.030073165893555,14.776840209960938,16.35881233215332,20.422231260300208,25.240480422973633,49.78827667236328,8.981061312139945,49.78827667236328,130.0;420.0;378.0;135.0;141.0;226.0;238.0;262.0;172.0;292.0,0.22509560931539252,5.4231194473125806,0.007883069228881212,0.022372203329293242,0.035996392007575664,0.11930180274402644,4800,1024,0.3454468754302584,3.3454468754302584,49.78827667236328,-0.007655765430608123,4.373098905957264,3.6716114282608032,-40.190223693847656,3.683865426522528,2.6655212189543476,5.543696334091731,49.78827667236328,21.953834676742552,21.184581756591797,26.774330139160156,31.145280838012695,36.06016540527344,8.256367871585484,3.2963489903172416,3.1583582688073197,3.695419465298322,3.9630301636422804,4.859049344640219,49.78827667236328,20.615468098322552,19.774020195007324,26.62818717956543,30.21235675811773,36.06016540527344,-13.383153915405273,-19.458208051125208,-18.801349639892578,-16.001340866088867,-15.64387035369873,-14.984185218811035,69.61263656616211,40.073676149447756,39.3236026763916,48.29430389404297,52.32029151916504,55.58312330245973,7.280359393990773,5.535333358986978,5.47499669439494,5.996823228239696,5.996823228239696,6.2013432114627305,0.0022118915601388013,5.543691047837872
R1,mtbench,S4_vdraft_lin_l0,2.049102783203125,3.542341470718384,5.217145919799805,6.335482120513916,8.722987174987793,9.597759423255926,11.471611976623535,14.993572235107422,19.40957260131836,6.125842162327121,19.40957260131836,124.0;33.0;1001.0;1022.0;1018.0;992.0;27.0;973.0;907.0;22.0,0.23782597496615177,3.096961081329633,0.004234508019902729,0.017373738773976792,0.031026766941228755,0.11856617967906333,4800,1024,0.42787254319717105,3.427872543197171,16.855915069580078,0.00013320839169940276,2.481461141763076,2.049102783203125,-19.40957260131836,3.6205477451617885,2.7530561190383684,3.168474160285079,19.40957260131836,12.353230989376703,12.298002243041992,15.306012153625488,15.306012153625488,15.943221092224121,4.948036757670406,3.420377937181553,3.3927897608586592,3.744786751692793,4.1481148914647346,4.1481148914647346,16.855915069580078,11.54469454685847,11.244894981384277,14.620391845703125,15.306012153625488,15.387138366699219,-8.235113143920898,-11.36376847465833,-11.232146263122559,-9.668584823608398,-9.332968711853027,-8.652591705322266,32.379672050476074,22.9084630215168,23.147478103637695,25.74371337890625,26.40400981903076,27.998897552490234,3.458984100984805,3.167260589938707,3.1613619291150266,3.272386990068408,3.3055989311825718,3.370863244152745,0.012501180967292639,3.1684741574849182
R1,mtbench,S4_kctx_lin_fp_l0,6.346173524856567,11.98954463005066,19.610520553588884,26.361434936523438,50.408193511963006,63.37805788040162,98.01470121765895,145.71956080930875,324.8629150390625,25.6992603541874,324.8629150390625,130.0;135.0;386.0;932.0;519.0;258.0;36.0;420.0;134.0;625.0,0.4915161952465005,11.303945167334621,0.022890650656248544,0.06934087003848882,0.10910000280013321,0.28036243101122155,125480,1024,16.185262286515453,19.185262286515453,219.19256591796875,0.0751733478380037,8.799529128485457,6.346173524856567,-324.8629150390625,7.753748453644286,3.987692128208688,12.640944157995186,324.8629150390625,68.95293612463443,52.45270919799805,114.56713104248047,158.9894561767578,294.22314453125,43.55805616358884,6.24011314405021,4.340208543021766,9.563985078876177,14.881853316035631,33.63314548284625,219.19256591796875,59.12592435644659,45.899452209472656,102.57847595214844,127.13809204101562,156.34664916992188,-27.229700088500977,-63.8788174324139,-49.90439033508301,-39.45167541503906,-37.293960952758795,-34.13869857788086,483.5573425292969,123.00474178886049,96.0999526977539,203.11962890625,285.76170349121094,437.4981994628906,27.396326717296827,12.196656861933974,11.037461202104346,17.27807513849332,19.877507401222335,26.123297455032212,-0.3698682523502163,12.640720635047968
R1,mtbench,S4_vctx_lin_fp_l0,3.2042431831359863,5.607181072235107,8.355204677581794,10.29808382987976,14.483150119781508,16.277836036682128,20.70539051628129,26.776322557639464,43.42890930175781,8.430106742794754,43.42890930175781,64.0;121.0;46.0;59.0;117.0;101.0;114.0;91.0;122.0;902.0,0.24335188481486192,5.027637827845185,0.005784893684168077,0.021555352168442878,0.03531684851383415,0.1194240006214102,125480,1024,0.812542721821019,3.812542721821019,40.73820495605469,-0.02065661298141484,3.989858570798709,3.2042431831359863,-43.42890930175781,4.019181117137484,2.8113646749294916,5.15164405704313,43.42890930175781,21.233552995015376,20.800171852111816,26.21527690887451,28.394134521484364,31.998178482055664,7.374343047538146,3.6658932712532435,3.60742050994535,4.170148684985167,4.400890503577134,5.040945276783961,40.73820495605469,19.291547663446668,18.942068099975586,23.596120834350586,25.165325164794922,28.92705535888672,-9.102760314941406,-19.95879140641228,-19.438583374023438,-15.643451499938966,-14.5147066116333,-11.858323097229004,71.88753890991211,39.250339069858946,38.88582420349121,46.98661231994629,49.78518104553223,55.1594460105896,6.75450398197215,5.125887160968938,5.177766152647465,5.687773247518228,5.830494457863798,6.124522025837829,-0.0033850085370177624,5.1516026433342015
R1,mtbench,S4_k_stored_ctx_fp_l0,0.7362943291664124,1.4174045622348785,2.17445116043091,2.693670880794525,4.0869529771804824,5.489966413974767,10.139400557518236,12.949528553198824,16.72676658630371,11.409602398785964,16.72676658630371,224.0;352.0;160.0;736.0;608.0;288.0;672.0;992.0;544.0;863.0,0.4135769394462814,1.3248332562339047,0.04141924613047989,0.1475287089457289,0.1955109135150794,0.29602960845299764,125480,1024,7.318094035071635,10.318094035071635,15.702208518981934,-0.004382604877607252,1.0541733782838012,0.7362943291664124,-16.72676658630371,6.916251764883166,2.787777796238639,1.4660253707073543,16.72676658630371,10.206343720933607,10.671594142913818,13.155714988708496,13.692008018493652,14.654119491577148,22.182818687603838,9.168266962033831,8.755854147767446,13.508439608421149,14.777326382615103,17.22976703242343,15.702208518981934,9.095225049790432,9.585394859313965,11.653035163879395,12.183568954467773,13.124804496765137,-3.751647710800171,-9.691801012898084,-10.03636646270752,-5.613044261932373,-5.228241920471191,-4.552858352661133,29.83937358856201,18.78702606268852,19.71903133392334,24.159785270690918,25.039697647094727,26.66541156768797,1.706433667430938,1.4566663233054138,1.5093836191517873,1.6127923017833474,1.6307375317940618,1.6588743982458491,-0.16784519370423343,1.4660188199106186
R1,mtbench,S4_k_stored_ctx_l0,0.7494436502456665,1.4255987405776978,2.157648015022278,2.6662117719650262,4.029544525146488,6.040844855308556,10.838129043579102,13.913468305966719,17.518779754638672,11.72107438779436,17.518779754638672,224.0;352.0;736.0;672.0;288.0;479.0;608.0;160.0;992.0;544.0,0.5167196338399521,1.2856106705845156,0.04916418760884099,0.17946162355342088,0.24846236330061397,0.37127378994941423,125480,1024,10.91096813692047,13.91096813692047,17.41116714477539,0.0016047374922463849,1.0485691446964474,0.7494436502456665,-17.518779754638672,7.251333627313206,2.695997768661121,1.4946394140183688,17.518779754638672,10.909977629525212,11.50053882598877,14.350482940673828,14.960009717941265,15.901220321655273,32.35148218584095,11.8181713530103,11.200725780968018,19.38284309761669,21.589701614497088,25.42729572083327,17.41116714477539,9.960527511064058,10.524867534637451,13.30632009506226,13.961366653442383,15.069640159606934,-3.7583038806915283,-10.463343089896856,-10.956757545471191,-5.455347537994385,-5.121987342834473,-4.616119861602783,33.56614112854004,20.423870600960914,21.520788192749023,27.118314743041992,28.20688533782959,30.010573387145996,1.8357555254561506,1.4859898412309234,1.527002461764951,1.651539954988081,1.6814117257808956,1.7282806164655877,-0.14913073838511945,1.494638552545315
R1,mtbench,S4_k_stored_draft_l0,0.9010885059833527,1.5961277186870575,2.3108014345169092,2.794183743000029,3.747481107711792,4.132816185951234,4.955605015277929,5.894697142648467,8.392459869384766,5.994022520517986,8.392459869384766,352.0;96.0;31.0;992.0;917.0;606.0;542.0;854.0;985.0;667.0,0.22958841708522437,1.3678795756320816,0.0030775928438825854,0.014034214037053657,0.026110543927719485,0.1036317278993,4800,1024,0.28289462084581674,3.2828946208458167,8.134087562561035,-0.006282187292505475,1.0966715474366935,0.9010885059833527,-8.392459869384766,3.539368495847848,2.6765080208226064,1.400138194452348,8.392459869384766,5.234390089561542,5.195994853973389,5.917026996612549,6.134953498840334,6.652972016334534,5.472045586255257,3.276072188969769,3.2318976856895434,3.556392785995433,3.6063258934954985,3.736653848726082,8.134087562561035,4.829932995190223,4.770728588104248,5.583548641204838,5.938584876060486,6.595702147483826,-3.6608262062072754,-4.9895979457596935,-4.946487665176392,-4.292409229278564,-4.175330734252929,-3.9106016159057617,16.5265474319458,9.819530940949917,9.787229061126709,10.839444398880005,11.028428649902343,11.6823410987854,1.4648573064182147,1.3999616506440316,1.4011105735473293,1.427985460544797,1.4338983882524763,1.4447430465186317,-0.012296585366030037,1.400124100816461
R1,mtbench,S4_v_stored_ctx_l0,1.7943572998046875,3.546789824962616,5.7143795490264955,7.297717809677123,10.800561685562135,12.265534815788277,15.539817396164192,20.147447601890555,39.74536895751953,11.886269529844531,39.74536895751953,104.0;121.0;114.0;12.0;81.0;17.0;91.0;64.0;122.0;117.0,0.23948686595823798,3.2598584516289404,0.009328654056074045,0.03194839501916444,0.048518286536485364,0.1272180618871421,125480,1024,2.2597603684127217,5.259760368412722,39.74536895751953,0.0095082535287545,2.435463606029059,1.7943572998046875,-35.435997009277344,4.647345410550744,3.2300212738122096,3.343805123863735,39.74536895751953,13.498160391778068,12.69514799118042,18.905574798583984,21.031969165802003,25.431163787841797,27.914294382050336,4.642842753218087,3.7237329240570203,6.402640073568242,10.396346464823894,19.638614559668856,39.74536895751953,12.67498462134043,12.000689506530762,17.535133361816406,19.393550872802734,23.30006217956543,-4.925686836242676,-12.486917394150735,-11.692985534667969,-8.236047744750977,-7.28455924987793,-6.107727527618408,64.87823104858398,25.161902015491165,23.73576259613037,34.91071796417236,38.679756450653066,45.70353315353352,6.690032773557093,3.1352174702034774,3.0790044305794786,4.718446018971687,5.178507277712635,5.797370188375436,0.003591299539316437,3.343791605272703
R1,mtbench,S4_v_stored_draft_l0,2.049102783203125,3.542341470718384,5.217145919799805,6.335482120513916,8.722987174987793,9.597759423255926,11.471611976623535,14.993572235107422,19.40957260131836,6.125842162327121,19.40957260131836,124.0;33.0;1001.0;1022.0;1018.0;992.0;27.0;973.0;907.0;22.0,0.23782597496615177,3.096961081329633,0.004234508019902729,0.017373738773976792,0.031026766941228755,0.11856617967906333,4800,1024,0.42787254319717105,3.427872543197171,16.855915069580078,0.00013320839169940276,2.481461141763076,2.049102783203125,-19.40957260131836,3.6205477451617885,2.7530561190383684,3.168474160285079,19.40957260131836,12.353230989376703,12.298002243041992,15.306012153625488,15.306012153625488,15.943221092224121,4.948036757670406,3.420377937181553,3.3927897608586592,3.744786751692793,4.1481148914647346,4.1481148914647346,16.855915069580078,11.54469454685847,11.244894981384277,14.620391845703125,15.306012153625488,15.387138366699219,-8.235113143920898,-11.36376847465833,-11.232146263122559,-9.668584823608398,-9.332968711853027,-8.652591705322266,32.379672050476074,22.9084630215168,23.147478103637695,25.74371337890625,26.40400981903076,27.998897552490234,3.458984100984805,3.167260589938707,3.1613619291150266,3.272386990068408,3.3055989311825718,3.370863244152745,0.012501180967292639,3.1684741574849182
R1,mtbench,S4_kctx_lin_l1,5.815229892730713,12.130098819732666,21.352394866943364,27.429791927337636,38.51833938598635,42.69339317321779,51.50422974395803,61.95970840911702,100.27782440185547,7.675574744678886,100.27782440185547,783.0;782.0;85.0;779.0;786.0;856.0;23.0;990.0;798.0;848.0,0.6689704361766873,10.381659392324057,0.012677612181800819,0.05395962663910469,0.09473997620113482,0.3317548893140228,125480,1024,1.9210302868103142,4.921030286810314,100.27782440185547,0.5057488543357379,9.136926423477467,5.815229892730713,-79.65338134765625,3.942292998725534,2.9483127975857477,13.064536238328389,100.27782440185547,51.298871750447034,51.374202728271484,62.22890090942383,66.18895721435547,75.86980438232422,8.35972161001425,4.438305118679161,4.488160530629757,4.982695999271619,5.08967639180753,6.062755078005103,100.27782440185547,50.0703197151071,51.04126739501953,61.72795867919922,65.33470916748047,73.134521484375,-21.307958602905273,-45.08989652883562,-44.83563232421875,-37.32376480102539,-34.39674758911133,-29.661794662475586,172.1422348022461,95.16021624394271,96.07035636901855,113.2150447845459,118.7001838684082,130.54373107910158,20.056788314139137,12.862901197379438,13.264169653852473,15.322782211188306,15.895962658179053,17.043104451187467,0.21088669713144284,13.05474339919915
R1,mtbench,S4_vctx_lin_l1,2.4090540409088135,4.545820236206055,7.157697248458862,8.984495830535888,12.898148574829104,14.466855926513684,17.80320814514218,22.22577035770346,63.16855239868164,15.14213781001886,63.16855239868164,870.0;867.0;822.0;718.0;826.0;328.0;569.0;858.0;357.0;350.0,0.14298946048387096,4.129307733351011,0.006542271653514923,0.021990370925736344,0.03374237350002264,0.10011212389579313,125480,1024,1.5833656911894538,4.583365691189454,44.964019775390625,0.005832452881407302,3.1154422178702394,2.4090540409088135,-63.16855239868164,4.267608184097304,3.0918160350028345,4.17170634630507,63.16855239868164,15.794691843176329,15.350011825561523,21.99995231628418,24.169952392578125,29.529872531890856,16.989558686758375,3.5222094275338187,3.291813730772291,4.249241235048173,4.969902506515334,7.19111651579493,44.964019775390625,14.228004101145826,13.668387413024902,20.751571655273438,22.85988426208496,27.49237104415893,-5.380186080932617,-14.83587060069293,-14.572464942932129,-9.318282127380371,-6.956870079040527,-5.968224048614502,102.38394165039062,29.063874701838756,28.06716537475586,40.903573417663594,44.398382186889634,52.12622150421143,7.9060268679478565,3.9473249084034014,3.877018003469833,5.853718932152895,6.240758710222438,6.88721137546415,0.0004712624115060462,4.171702269133715
R1,mtbench,S4_kdraft_lin_l1,1.2311564683914185,3.0079329013824463,4.632700824737549,5.887937521934509,8.94332692146303,10.408259158134461,13.27270784378074,16.359178545761107,16.51233673095703,5.8187477765269575,16.51233673095703,211.0;917.0;990.0;149.0;144.0;256.0;529.0;386.0;664.0;912.0,0.7552346622769571,1.9411361893700616,0.03188503358446315,0.10441163744957495,0.15965904886368387,0.4098893811625549,4800,1024,2.801782654377976,5.801782654377976,16.51233673095703,0.12081755336048446,1.9407077646562174,1.2311564683914185,-11.9894380569458,4.677141734258645,3.151520253426941,2.8377818329861975,16.51233673095703,16.214427124857902,16.256646156311035,16.36317844390869,16.384199810028075,16.42392126083374,5.841257905986489,5.7991123090754835,5.795330888246452,5.795331235596765,5.8412574278011675,5.841257682018561,16.51233673095703,16.214427124857902,16.256646156311035,16.36317844390869,16.384199810028075,16.42392126083374,-10.666781425476074,-11.764355654517809,-11.803784370422363,-11.572980880737305,-11.491134119033813,-11.289319133758545,28.501774787902832,27.978782779375713,28.0604305267334,28.244315242767335,28.28059983253479,28.3491619682312,2.8922151378457395,2.8375915490246144,2.8474298109482685,2.866089437195443,2.869771471042556,2.8767287924543656,0.37106555845468003,2.835208784274359
R1,mtbench,S4_vdraft_lin_l1,0.25217412412166595,0.6501897722482681,0.9681494474411012,1.238280302286148,1.777230788469316,2.0376405715942383,2.2975252859592605,2.350311279296875,2.389158248901367,4.074255607585365,2.389158248901367,386.0;879.0;799.0;108.0;811.0;52.0;804.0;121.0;822.0;816.0,0.733036950343942,0.41093223008906904,0.015332287344975281,0.07206726848057991,0.12233542793091522,0.3772797313330988,4800,1024,1.5330905174680396,4.53309051746804,2.389158248901367,-0.02031442501366352,0.41044628695529356,0.25217412412166595,-2.3189024925231934,3.917992993638292,3.0307295505536853,0.5864036228982005,2.389158248901367,2.3232570341726144,2.3348628282546997,2.350175404548645,2.3531810641288757,2.3589058566093444,4.6095136236359435,4.530062306107265,4.536901868353567,4.53690196720764,4.53690199710968,4.536902047730703,2.389158248901367,2.3232570341726144,2.3348628282546997,2.350175404548645,2.3531810641288757,2.3589058566093444,-2.0005667209625244,-2.273587110986312,-2.2829989194869995,-2.2327799558639527,-2.204147922992706,-2.166074912548065,4.690484523773193,4.596844145158927,4.617861747741699,4.648146629333496,4.654091227054596,4.66541374206543,0.5976266274818108,0.5863650524271973,0.5883725063042523,0.5922281990895112,0.5929890290721012,0.594426633120787,0.05852031673612231,0.5860516471135451
R1,mtbench,S4_kctx_lin_fp_l1,7.494670152664185,14.372217178344727,23.900814247131347,30.751114463806147,43.70353286743165,48.6713822555542,59.95713570404132,75.00296440580827,119.85027313232422,7.7882732418189295,119.85027313232422,783.0;23.0;782.0;85.0;779.0;786.0;93.0;861.0;856.0;798.0,0.5838823808845176,13.090449899844788,0.012271970040345742,0.04828429486969762,0.08345110680061418,0.2916212929763322,125480,1024,1.6605976048543072,4.660597604854307,119.85027313232422,0.5060166671050578,11.23190126271216,7.494670152664185,-92.43675994873047,3.8962160323516963,2.840002335485468,15.388555256226928,119.85027313232422,60.82881889597109,59.87568664550781,77.53556823730469,84.42723541259762,98.77159881591797,11.480048884702203,4.14551119038788,4.043241007662582,4.723396434635575,5.0932186395931875,8.172310682195487,119.85027313232422,59.408451349552095,59.06494140625,77.45287399291992,84.32713317871094,98.77159881591797,-22.139001846313477,-52.66945933312187,-52.35282516479492,-41.19789505004883,-35.71035346984873,-27.65327262878418,203.15078735351562,112.07791068267397,111.52371215820312,139.86162948608398,150.32386016845703,171.01248931884766,23.599321743192473,15.076229834679008,15.609030453156851,18.398774217036397,19.117595410987615,20.554616119753735,0.1919480825106652,15.380233418468046
R1,mtbench,S4_vctx_lin_fp_l1,3.7369669675827026,6.539714813232422,9.696967887878419,11.830578660964964,16.28204866409302,18.127866783142096,22.22188121986404,28.310793395423637,84.14952087402344,13.865985741847815,84.14952087402344,870.0;867.0;858.0;822.0;874.0;826.0;879.0;718.0;862.0;853.0,0.15900183461420747,6.000327428104358,0.0059714273929300605,0.018377590075162865,0.029846107551619053,0.09969800288024623,125480,1024,0.6845421264174254,3.6845421264174254,70.24837493896484,-0.006214252515665918,4.737846263603192,3.7369669675827026,-84.14952087402344,3.6616760850362526,2.682922639124368,6.068773071074099,84.14952087402344,23.722952504708275,23.034076690673828,29.495952606201172,33.76524353027344,49.40399169921875,19.734966767289762,3.389329684264492,3.252747565460016,3.7319334575763374,4.060873619843375,6.477830194802373,70.24837493896484,21.95542167725744,21.420674324035645,27.485266494751006,30.75225830078125,40.60742221832251,-8.905118942260742,-21.776412127464106,-21.331005096435547,-15.979857444763184,-12.84387493133545,-10.606843948364258,128.90907287597656,43.731833804721546,43.30230712890625,52.805866813659726,58.323998260498044,80.73831939697266,8.137684735769044,6.011152274731516,6.19162588196394,6.805051371743164,6.984730013928612,7.323429095155156,0.00706918139677479,6.068769889463582
R1,mtbench,S4_k_stored_ctx_fp_l1,0.5274754464626312,1.3710591495037079,2.6338310718536393,3.324427723884582,4.552610926628114,5.0090333938598635,6.1413111691474915,7.777662453794385,13.45956039428711,9.037589325024458,13.45956039428711,990.0;222.0;93.0;670.0;477.0;29.0;925.0;798.0;968.0;392.0,0.6578500774639975,1.1627409494623866,0.009222199965685803,0.03879028496027524,0.06725819222931294,0.23741075917550114,125480,1024,2.201972489623442,5.201972489623442,9.596433639526367,0.005846618125731752,0.9865129077320326,0.5274754464626312,-13.45956039428711,4.123659810427305,3.0569072619153093,1.4892865686006025,13.45956039428711,6.291349429737659,6.087702751159668,7.273496770858765,7.920059680938721,10.172051429748535,18.183357774663563,5.240906286708351,5.00115942552387,5.801449722969533,6.832207460921513,11.240012638544236,9.596433639526367,5.950160501263192,5.864681720733643,6.909638118743899,7.277524042129516,8.137433052062988,-3.546175003051758,-5.816905422253635,-5.599278450012207,-4.964506149291992,-4.808907508850098,-4.485645294189453,19.558871269226074,11.767065923516826,11.511075973510742,13.353492403030396,14.045730590820312,17.363924503326416,1.6116018792552265,1.4872683786819716,1.5096175183713347,1.5575554495849584,1.567449130484115,1.5835123975970398,0.0011725855930674344,1.4892750922749796
R1,mtbench,S4_k_stored_ctx_l1,0.44935284554958344,1.486095666885376,2.8360695838928223,3.5151020050048825,4.692388834953309,5.14728414297104,6.154746005535146,7.392062567614796,9.813822746276855,6.299274542863649,9.813822746276855,93.0;990.0;798.0;222.0;477.0;87.0;392.0;29.0;846.0;782.0,0.69115963207218,1.1525766748032051,0.01032285552200102,0.04138614964763353,0.07306866765845765,0.2527725583627992,125480,1024,2.1098226353851652,5.109822635385165,9.813822746276855,0.010917803065111108,0.9948931513913414,0.44935284554958344,-9.226532936096191,3.9505945677659513,3.011940025557613,1.5579290407964175,9.813822746276855,6.379981423036133,6.290754318237305,7.197843074798584,7.599643707275391,8.62752914428711,9.909484919110625,5.085188394467247,5.049283708772201,5.482732836054399,5.664032017139123,7.133446043484513,9.813822746276855,6.086372328365081,6.073154449462891,6.8220953941345215,7.066080570220947,7.592381000518799,-3.3839902877807617,-5.962431409076251,-5.82761287689209,-5.145383358001709,-4.9793243408203125,-4.664328098297119,15.831318855285645,12.04880373744133,11.937009572982788,13.487090587615967,14.046730995178223,14.859679222106934,1.6557979543279586,1.5563316779791976,1.5731501035548534,1.620951998300601,1.6286790126819795,1.63986345299578,0.021182606322000176,1.55789078491821
R1,mtbench,S4_k_stored_draft_l1,0.436710387468338,1.2995796501636505,2.4222526550292995,3.101266801357269,4.926864800453193,5.681888728141786,7.450901508331299,8.526751518249512,8.595132827758789,6.0805741697612055,8.595132827758789,256.0;320.0;147.0;211.0;981.0;917.0;144.0;208.0;452.0;388.0,0.750092066352344,0.9634979259479398,0.019544240879117165,0.08200809084005756,0.13344117928035684,0.38239437433796536,4800,1024,3.9920307120646417,6.992030712064642,8.590448379516602,0.00986112222340483,0.8859664499633262,0.436710387468338,-8.595132827758789,5.2710947184754255,3.485480381034795,1.4135396736878114,8.595132827758789,7.859458902776241,7.858736991882324,8.536350727081299,8.56755256652832,8.590448379516602,8.068848329859577,6.985295245554076,6.995974123839025,7.494613588725043,7.570253932301644,7.67570310684023,8.590448379516602,7.0137080183625224,6.711280584335327,8.480401134490966,8.526751518249512,8.5732421875,-5.491855144500732,-7.341940895517667,-7.450902462005615,-6.222242116928101,-6.073768615722656,-5.751822471618652,16.29445171356201,14.35564891388019,14.378827571868896,15.741282939910889,15.903181505203248,16.19834040641785,1.416504239095553,1.4135395920748564,1.4136110625206215,1.4140325527478887,1.4141267074542874,1.414376347893208,-0.12495375889772353,1.4135052767350886
R1,mtbench,S4_v_stored_ctx_l1,2.4090540409088135,4.545820236206055,7.157697248458862,8.984495830535888,12.898148574829104,14.466855926513684,17.80320814514218,22.22577035770346,63.16855239868164,15.14213781001886,63.16855239868164,870.0;867.0;822.0;718.0;826.0;328.0;569.0;858.0;357.0;350.0,0.14298946048387096,4.129307733351011,0.006542271653514923,0.021990370925736344,0.03374237350002264,0.10011212389579313,125480,1024,1.5833656911894538,4.583365691189454,44.964019775390625,0.005832452881407302,3.1154422178702394,2.4090540409088135,-63.16855239868164,4.267608184097304,3.0918160350028345,4.17170634630507,63.16855239868164,15.794691843176329,15.350011825561523,21.99995231628418,24.169952392578125,29.529872531890856,16.989558686758375,3.5222094275338187,3.291813730772291,4.249241235048173,4.969902506515334,7.19111651579493,44.964019775390625,14.228004101145826,13.668387413024902,20.751571655273438,22.85988426208496,27.49237104415893,-5.380186080932617,-14.83587060069293,-14.572464942932129,-9.318282127380371,-6.956870079040527,-5.968224048614502,102.38394165039062,29.063874701838756,28.06716537475586,40.903573417663594,44.398382186889634,52.12622150421143,7.9060268679478565,3.9473249084034014,3.877018003469833,5.853718932152895,6.240758710222438,6.88721137546415,0.0004712624115060462,4.171702269133715
R1,mtbench,S4_v_stored_draft_l1,0.25217412412166595,0.6501897722482681,0.9681494474411012,1.238280302286148,1.777230788469316,2.0376405715942383,2.2975252859592605,2.350311279296875,2.389158248901367,4.074255607585365,2.389158248901367,386.0;879.0;799.0;108.0;811.0;52.0;804.0;121.0;822.0;816.0,0.733036950343942,0.41093223008906904,0.015332287344975281,0.07206726848057991,0.12233542793091522,0.3772797313330988,4800,1024,1.5330905174680396,4.53309051746804,2.389158248901367,-0.02031442501366352,0.41044628695529356,0.25217412412166595,-2.3189024925231934,3.917992993638292,3.0307295505536853,0.5864036228982005,2.389158248901367,2.3232570341726144,2.3348628282546997,2.350175404548645,2.3531810641288757,2.3589058566093444,4.6095136236359435,4.530062306107265,4.536901868353567,4.53690196720764,4.53690199710968,4.536902047730703,2.389158248901367,2.3232570341726144,2.3348628282546997,2.350175404548645,2.3531810641288757,2.3589058566093444,-2.0005667209625244,-2.273587110986312,-2.2829989194869995,-2.2327799558639527,-2.204147922992706,-2.166074912548065,4.690484523773193,4.596844145158927,4.617861747741699,4.648146629333496,4.654091227054596,4.66541374206543,0.5976266274818108,0.5863650524271973,0.5883725063042523,0.5922281990895112,0.5929890290721012,0.594426633120787,0.05852031673612231,0.5860516471135451
R1,mtbench,S4_kctx_lin_l2,5.326691627502441,9.867166757583618,15.41318979263306,19.43864040374756,28.042819156646736,31.412848463058474,38.39406810379039,47.07917648123953,84.90524291992188,8.906724331631281,84.90524291992188,943.0;30.0;1020.0;89.0;414.0;861.0;222.0;759.0;787.0;86.0,0.5281166351029513,8.388973477606974,0.013114472576513244,0.04480790404832966,0.08081079118106894,0.27566958684694104,125480,1024,1.4178680062589226,4.417868006258923,84.90524291992188,0.03336954041693304,7.0875746517716705,5.326691627502441,-77.07046508789062,4.027612062695138,2.9417460114401983,9.532712561720357,84.90524291992188,38.410667546965115,38.89121627807617,47.23676300048828,49.84825134277344,56.346290588378906,7.857132519764268,4.06474939438261,3.9467406493216917,4.910670846001457,5.236832487140826,5.8130081703985965,84.90524291992188,35.20806757950046,35.462684631347656,43.252617263793944,46.299883651733396,53.24309539794922,-17.144149780273438,-36.7981861331716,-37.37624740600586,-25.276256561279297,-21.80998992919922,-19.852956771850586,137.61590576171875,72.00625371267205,73.40126419067383,87.44378662109375,91.82424545288086,101.86556705474854,15.220912090090675,9.411221113620234,9.498193712029092,11.186085059711072,11.778521053790548,12.895126421112632,0.07443330391914108,9.53265415601308
R1,mtbench,S4_vctx_lin_l2,2.891679525375366,5.631180167198181,8.975057506561283,11.341003322601319,16.396336059570316,18.44923169136048,23.305801277161002,29.779713993067727,53.740421295166016,10.178918752465203,53.740421295166016,468.0;511.0;427.0;410.0;483.0;268.0;415.0;331.0;503.0;306.0,0.10417065313745433,5.257106522699341,0.0017472369635078938,0.007973278481128304,0.01546829528673586,0.07217950134954093,125480,1024,1.8848932514196672,4.884893251419667,53.740421295166016,-0.008314983411908117,3.8887344566886397,2.891679525375366,-48.567535400390625,4.41432820852598,3.1056134017225165,5.279580533261529,53.740421295166016,17.494901206431056,16.73756217956543,27.50629234313965,30.68622398376459,36.94099426269531,4.922013843842886,3.1333505029522843,3.0807495934230333,3.423653053402829,3.6646724527456818,4.27429275701059,53.740421295166016,16.467933429260334,15.72851276397705,25.861386680603047,28.863237380981445,34.634831275939945,-4.550824165344238,-16.43364651799392,-15.717733383178711,-7.686306476593018,-6.0589985847473145,-5.341753959655762,98.59042358398438,32.901579947254255,31.57505989074707,51.47513389587402,57.08700942993164,68.4935188293457,11.145600142827922,4.895676989250325,4.7847933784829735,7.587371165821008,8.311014233649727,9.591934648529842,0.0028691327584821906,5.279573985488313
R1,mtbench,S4_kdraft_lin_l2,0.48071426153182983,2.889976739883423,6.424997520446778,8.052423477172852,11.019393405914307,12.052203178405762,13.80909499454501,15.09109025125501,17.34685707092285,5.043928270228783,17.34685707092285,861.0;86.0;579.0;965.0;278.0;23.0;606.0;222.0;386.0;30.0,0.8219463004829944,2.0399535258986172,0.01727548539495824,0.070484793895547,0.12605522032185484,0.42910518763136124,4800,1024,2.838531910920902,5.838531910920902,16.183948516845703,-0.07710879565066171,1.9688084667400794,0.48071426153182983,-17.34685707092285,4.015256731780685,3.2040979927153397,3.4391561777971185,17.34685707092285,14.449135024150213,14.261099815368652,15.437066459655762,15.859100532531738,16.685258769989016,5.905148178602333,5.797578861877352,5.810330144009885,5.880219866322603,5.88021989951381,5.880219965556962,16.183948516845703,12.893441261251768,12.702308177947998,13.85561447143555,14.30170865058899,15.087444305419924,-12.875434875488281,-14.449135024150213,-14.261099815368652,-13.748234748840332,-13.592643785476684,-13.314806976318359,32.94866752624512,27.34257628540198,26.977009296417236,29.27317342758179,30.143508195877075,31.657703790664677,4.206689382927295,3.435019664991224,3.3989554126055497,3.6663090961511937,3.767449194176335,3.9624054230732493,0.05362002728964194,3.4382916468667095
R1,mtbench,S4_vdraft_lin_l2,0.0,0.3374655023217201,0.6135130524635324,1.129034399986267,2.1621204328537007,3.1028517758846292,3.5087060928344727,3.8928818702697754,5.415368556976318,10.196933802532163,5.415368556976318,970.0;736.0;961.0;940.0;701.0;56.0;906.0;77.0;341.0;678.0,0.8139383323892058,0.345424938047051,0.04123071366629191,0.19369099476388424,0.3252133995427295,0.6647964341279846,4800,1024,13.189014211467928,16.189014211467928,5.415368556976318,-0.01186805864293658,0.2591233232803323,0.0,-4.355295658111572,6.606760626676742,4.071190851545912,0.531078132098057,5.415368556976318,3.6490600299835205,3.5588574409484863,3.986466455459595,4.262626004219056,4.777313208580019,24.752518941543922,17.8194327709423,18.97610391803299,22.11885438909668,22.11885485902597,24.752517932701448,5.415368556976318,3.5025230048100155,3.336459517478943,3.9856090784072875,4.2545862913131725,4.777313208580019,-3.1112937927246094,-3.5619633254408836,-3.545599579811096,-3.436323547363281,-3.4021515130996702,-3.304055213928222,9.570201873779297,7.064486330250899,6.897522211074829,7.625895404815674,7.916871654987335,8.597058951854715,0.9228049561739681,0.5259321034678629,0.4946701798292708,0.627025315217224,0.6895967332068845,0.7781928262946252,0.23543407063625021,0.5309455071632202
R1,mtbench,S4_kctx_lin_fp_l2,6.525674343109131,12.344971656799316,19.289545822143555,24.16380386352539,34.60835292816162,38.61100915908816,47.33773498916684,58.18287641829841,107.3188247680664,8.87062000923142,107.3188247680664,30.0;89.0;943.0;414.0;1020.0;861.0;86.0;953.0;759.0;19.0,0.4458276668969908,11.051234434210262,0.008820972303570446,0.034429773701074355,0.061667459724652936,0.21594683426053066,125480,1024,1.255678346812573,4.255678346812573,107.3188247680664,0.05392230218186301,9.052098500144924,6.525674343109131,-83.8765869140625,3.912781006446008,2.8606122796682256,12.098232666530924,107.3188247680664,48.26004039919753,48.509254455566406,60.311279296875,64.32887268066406,73.89354705810547,11.162121093127887,3.9233340588810783,3.7920112266283903,4.576369998011479,5.089348766734834,6.161345180048616,107.3188247680664,45.933851087963575,45.999725341796875,57.96287536621094,62.1864128112793,72.40471649169922,-18.46915054321289,-44.571342869339986,-44.65110778808594,-32.252044677734375,-27.36667251586914,-21.82677228927612,186.83483123779297,90.50519395730356,91.58961486816406,111.46820449829102,118.09126663208008,133.02673164367621,16.459109588076704,11.942047485547478,12.386781986556311,13.773086341009513,14.12977162902136,14.76926576077516,0.07408177804681194,12.098112499015844
R1,mtbench,S4_vctx_lin_fp_l2,4.822851896286011,8.578715085983276,12.91741943359375,15.873869800567626,22.086723117828374,24.476459760665914,29.610997222900437,35.74159403571588,55.803680419921875,6.80463328256839,55.803680419921875,478.0;843.0;441.0;481.0;389.0;470.0;800.0;397.0;980.0;440.0,0.13399284420249835,8.143856050970406,0.0018868410343294653,0.008680361140534644,0.016876337317201517,0.07897929243934282,125480,1024,0.525527253859289,3.525527253859289,54.451416015625,-0.018178284447940278,6.386533957599112,4.822851896286011,-55.803680419921875,3.610729179809724,2.693228297838102,8.200835827975572,55.803680419921875,29.71073055303815,30.21411895751953,37.120052337646484,39.32106399536133,43.76083755493164,4.978933791381741,3.2198830060478834,3.1807975113966274,3.5511707380905513,3.6994483405177907,4.088508654315226,54.451416015625,27.84953049106282,28.186222076416016,35.11616897583008,37.4510498046875,42.04818191528317,-10.35984992980957,-27.88404042333184,-28.170011520385742,-19.556488037109375,-16.24118604660034,-12.411273956298828,98.61492919921875,55.733570914394654,57.035491943359375,68.3157901763916,71.78105163574219,78.66515731811523,11.040749639861236,8.081581306715247,8.439910724474151,9.394071989516533,9.610190515104073,10.024509869891832,0.0059700357258861,8.20081568061265
R1,mtbench,S4_k_stored_ctx_fp_l2,0.9838511943817139,1.8673841953277588,2.9101971864700342,3.619628465175628,5.113014926910402,5.674453623294833,6.875847145557847,8.650335736273982,11.583518981933594,6.702871811525743,11.583518981933594,748.0;303.0;759.0;943.0;751.0;699.0;949.0;1020.0;763.0;702.0,0.428309371615043,1.585718287923215,0.005410436985707434,0.023512902723303725,0.044376219435964114,0.16902479986146687,125480,1024,1.0705802754819054,4.070580275481905,11.583518981933594,-0.04691998028026125,1.2951696576800085,0.9838511943817139,-11.511061668395996,3.9787496428504276,2.9586763468813526,1.7281426987780768,11.583518981933594,7.213191472963425,7.091170787811279,8.312515258789062,8.761155128479004,9.585560998916627,5.702362358912249,4.0488523331782025,4.014499408502675,4.510694453813352,4.687034409312656,5.017249836360849,11.583518981933594,6.819348173989663,6.705079078674316,8.04030704498291,8.554543495178223,9.483197698593102,-4.478899002075195,-6.634459485116946,-6.543652534484863,-5.689650535583496,-5.491393566131592,-5.146847724914551,19.584399223327637,13.453807659106609,13.366759777069092,15.03475284576416,15.57471513748169,16.59507131576538,1.858847508115299,1.7277824968303876,1.7179747682307447,1.781471058456279,1.8069873182413454,1.8433704538313689,0.007043633416495688,1.7275056303209186
R1,mtbench,S4_k_stored_ctx_l2,1.012804627418518,1.8643284142017365,2.854410457611084,3.5436564087867732,4.985212798118592,5.545499193668367,6.680194454193164,8.09250129604154,11.022697448730469,6.445847781456077,11.022697448730469,759.0;341.0;748.0;277.0;1020.0;316.0;943.0;925.0;690.0;542.0,0.47894072094072004,1.5393270933187122,0.009666541865072972,0.03871397267025784,0.0666437739205328,0.22178813289396296,125480,1024,1.0665997798035338,4.066599779803534,11.022697448730469,-0.057435431545859214,1.2913836939700618,1.012804627418518,-10.805209159851074,3.906440941751109,2.915250373540841,1.7100461913546008,11.022697448730469,7.208441693827647,7.1128315925598145,8.278031349182129,8.633624076843262,9.422189712524414,6.29976038864371,4.061230409579377,3.9976321533290236,4.598246366256365,4.830407958980286,5.335888067089034,11.022697448730469,6.736826429395186,6.6273193359375,7.9560866355896,8.341387748718262,9.158985967636093,-4.398175239562988,-6.723949341402337,-6.598089694976807,-5.748973846435547,-5.549265384674072,-5.192946434020996,20.56332778930664,13.460775770797524,13.319015979766846,15.130308151245117,15.774993443489075,17.135523796081543,1.8558304805911285,1.7097620916311629,1.7011547635430482,1.7559436318806683,1.7782989949796404,1.8100299800216575,0.0038397819996795176,1.7090813754088823
R1,mtbench,S4_k_stored_draft_l2,0.36939215660095215,1.3854381740093231,2.6741692781448396,3.5147355556488034,5.114983081817627,5.50593900680542,6.527457330704057,6.93920060453353,7.897477149963379,5.262164013522709,7.897477149963379,222.0;797.0;606.0;861.0;158.0;542.0;748.0;989.0;538.0;602.0,0.7711174035525206,1.0013666919639992,0.01676322982689894,0.07257005898564876,0.1285863700023997,0.3990556831222765,4800,1024,2.97920171834694,5.97920171834694,7.436376094818115,-0.044381642082637285,0.9170996293997189,0.36939215660095215,-7.897477149963379,4.349306799272622,3.4081617954466648,1.5008040664769176,7.897477149963379,6.687463243305683,6.784003973007202,7.0694159984588625,7.126587891578675,7.247225074768067,6.498530066673259,5.977495762957928,5.977941765759978,6.289538690122304,6.349168953928809,6.414642258543648,7.436376094818115,6.1189705987771355,5.987807273864746,6.839498710632324,7.076238155364991,7.2231271982192995,-5.105756759643555,-6.477031542559465,-6.688979864120483,-5.680323123931884,-5.523339748382568,-5.376368999481201,14.265634059906006,12.5960021413366,12.681765794754028,13.028375911712647,13.23181676864624,13.36029625415802,1.5448340085152217,1.5008011981874345,1.500825635667884,1.5029853737073624,1.5042098744109325,1.5070952150260328,-0.12802161676442017,1.500147697995001
R1,mtbench,S4_v_stored_ctx_l2,2.891679525375366,5.631180167198181,8.975057506561283,11.341003322601319,16.396336059570316,18.44923169136048,23.305801277161002,29.779713993067727,53.740421295166016,10.178918752465203,53.740421295166016,468.0;511.0;427.0;410.0;483.0;268.0;415.0;331.0;503.0;306.0,0.10417065313745433,5.257106522699341,0.0017472369635078938,0.007973278481128304,0.01546829528673586,0.07217950134954093,125480,1024,1.8848932514196672,4.884893251419667,53.740421295166016,-0.008314983411908117,3.8887344566886397,2.891679525375366,-48.567535400390625,4.41432820852598,3.1056134017225165,5.279580533261529,53.740421295166016,17.494901206431056,16.73756217956543,27.50629234313965,30.68622398376459,36.94099426269531,4.922013843842886,3.1333505029522843,3.0807495934230333,3.423653053402829,3.6646724527456818,4.27429275701059,53.740421295166016,16.467933429260334,15.72851276397705,25.861386680603047,28.863237380981445,34.634831275939945,-4.550824165344238,-16.43364651799392,-15.717733383178711,-7.686306476593018,-6.0589985847473145,-5.341753959655762,98.59042358398438,32.901579947254255,31.57505989074707,51.47513389587402,57.08700942993164,68.4935188293457,11.145600142827922,4.895676989250325,4.7847933784829735,7.587371165821008,8.311014233649727,9.591934648529842,0.0028691327584821906,5.279573985488313
R1,mtbench,S4_v_stored_draft_l2,0.0,0.3374655023217201,0.6135130524635324,1.129034399986267,2.1621204328537007,3.1028517758846292,3.5087060928344727,3.8928818702697754,5.415368556976318,10.196933802532163,5.415368556976318,970.0;736.0;961.0;940.0;701.0;56.0;906.0;77.0;341.0;678.0,0.8139383323892058,0.345424938047051,0.04123071366629191,0.19369099476388424,0.3252133995427295,0.6647964341279846,4800,1024,13.189014211467928,16.189014211467928,5.415368556976318,-0.01186805864293658,0.2591233232803323,0.0,-4.355295658111572,6.606760626676742,4.071190851545912,0.531078132098057,5.415368556976318,3.6490600299835205,3.5588574409484863,3.986466455459595,4.262626004219056,4.777313208580019,24.752518941543922,17.8194327709423,18.97610391803299,22.11885438909668,22.11885485902597,24.752517932701448,5.415368556976318,3.5025230048100155,3.336459517478943,3.9856090784072875,4.2545862913131725,4.777313208580019,-3.1112937927246094,-3.5619633254408836,-3.545599579811096,-3.436323547363281,-3.4021515130996702,-3.304055213928222,9.570201873779297,7.064486330250899,6.897522211074829,7.625895404815674,7.916871654987335,8.597058951854715,0.9228049561739681,0.5259321034678629,0.4946701798292708,0.627025315217224,0.6895967332068845,0.7781928262946252,0.23543407063625021,0.5309455071632202
R1,mtbench,S4_kctx_lin_l3,5.243829727172852,9.80645489692688,15.445595169067388,19.57209129333496,28.466164264678962,32.207042903900145,40.99375534057617,55.58625695837961,91.11548614501953,9.826209788665375,91.11548614501953,1016.0;939.0;1021.0;699.0;1019.0;702.0;557.0;946.0;949.0;555.0,0.48996985300309204,8.319426234220012,0.0109359900404579,0.04373793141185397,0.07384467078070761,0.2456538773557452,125480,1024,1.5323060923120746,4.532306092312075,91.11548614501953,0.12199986301449703,6.9349979042930325,5.243829727172852,-89.79374694824219,4.420908640717836,3.0698898044417056,9.272699047207611,91.11548614501953,37.5706011090417,35.94447708129883,46.59592056274414,51.918556213378906,68.08348083496094,6.213336214652542,3.998771393483231,3.886815728353995,4.720955873197389,5.162492503058489,5.692919683727772,91.11548614501953,36.71871565004652,35.27607727050781,45.569053649902344,50.57680892944336,60.641265869140625,-19.347684860229492,-33.21675274321179,-31.424007415771484,-26.52447509765625,-25.401124954223633,-23.562774658203125,166.22320556640625,69.93546839325832,66.9156608581543,85.57855606079102,96.70085144042969,125.41803741455078,17.06321692460351,9.14599966437345,8.849040147134524,11.208574427440551,12.23210501802592,13.850591192477461,0.11704779253636365,9.271896443204561
R1,mtbench,S4_vctx_lin_l3,3.327104926109314,6.577154040336609,10.502092266082764,13.338992357254027,19.83849008560181,22.581637859344486,29.171257743836026,40.12598168792655,77.98723602294922,12.454856796934056,77.98723602294922,951.0;971.0;552.0;689.0;559.0;545.0;1019.0;975.0;549.0;546.0,0.1664276462327563,6.1950416897355165,0.0018838570891207196,0.008920736551341289,0.01743665994450805,0.0833049233902803,125480,1024,2.82099417831222,5.82099417831222,74.36648559570312,-0.009144702387771358,4.550153432081503,3.327104926109314,-77.98723602294922,4.658760283272719,3.1682819610488178,6.261592348628763,77.98723602294922,21.743638606488723,20.066936492919922,34.889808654785156,40.29157180786124,53.731056213378906,8.186542498625673,3.314581117967244,3.2123100481188906,3.827900822248054,4.137608271627848,4.83888550860275,74.36648559570312,20.423933654026047,18.82449245452881,32.67075729370117,37.96142578125,49.87103942870999,-3.8572232723236084,-20.240890273048045,-18.730419158935547,-9.547252655029297,-6.593391418457031,-5.005311489105225,137.00713348388672,40.66482392707409,37.68841552734375,64.41885375976562,74.62181854248047,99.65864032745269,15.44000884670399,5.775349767549982,5.587580305437157,8.898159116317075,9.935205022066043,12.606243827322729,0.009905867999398474,6.261585670964225
R1,mtbench,S4_kdraft_lin_l3,3.1807645559310913,6.353132724761963,9.553176498413091,11.555564928054803,16.217651691436792,18.91555698394777,23.507537841796875,28.438036273956133,34.377140045166016,5.96909866741837,34.377140045166016,832.0;964.0;384.0;450.0;902.0;249.0;1016.0;128.0;877.0;663.0,0.6954500743031922,4.32662954783164,0.022042738080590967,0.07244710008984105,0.11764216716130826,0.33173750933707513,4800,1024,1.1103496670733017,4.110349667073302,34.377140045166016,-0.1600005842073074,4.271931024292573,3.1807645559310913,-28.451597213745117,4.081747714364847,2.815963252697135,5.759184419719786,34.377140045166016,27.331566746234895,27.153361320495605,29.07758483886719,29.78142566680908,30.99584079742432,4.521716731283493,4.086946960234268,4.0717624885547,4.188818900886178,4.215032173171957,4.297075533961672,34.377140045166016,27.331566746234895,27.153361320495605,29.07758483886719,29.78142566680908,30.99584079742432,-18.890596389770508,-22.633576525052387,-22.38954734802246,-21.396282196044922,-21.09896364212036,-20.600228958129883,60.70314598083496,49.96514327128728,49.605196952819824,53.09058876037598,54.434437084198,56.47695060729981,6.552312983099744,5.755952953538127,5.739863719286262,6.008353962037568,6.101722955133773,6.262875828596243,0.10065591535411944,5.756961437546412
R1,mtbench,S4_vdraft_lin_l3,1.1580451130867004,2.5970341563224792,4.208739089965825,5.241455316543579,7.487908434867862,8.236692743301393,10.028558897018984,13.13639259548187,15.46983528137207,6.210441606828072,15.46983528137207,995.0;974.0;371.0;1010.0;999.0;925.0;629.0;276.0;193.0;311.0,0.7192435747960548,1.8445856769939932,0.025773743192448434,0.07434452483747794,0.12396709721544771,0.36101094247551313,4800,1024,1.7641799944028635,4.7641799944028635,12.134726524353027,-0.09147231711592202,1.7404097928604672,1.1580451130867004,-15.46983528137207,4.02601438850282,3.0060577405125226,2.49093965626595,15.46983528137207,12.784969870448112,12.740825653076172,13.425947093963623,13.759486150741578,14.470961503982547,5.034858840848362,4.749775865324311,4.795767693073408,4.838709481555566,4.902012781910081,4.984612438016676,12.134726524353027,9.398467837174733,9.375491619110107,9.913196182250976,10.185571002960206,10.820758161544802,-9.977890014648438,-12.784969870448112,-12.740825653076172,-12.191654205322266,-11.962075471878052,-11.33839235305786,25.79911708831787,22.183437707622847,22.17481231689453,23.037220096588136,23.449029588699343,24.062896413803102,2.925477683463965,2.489405086115503,2.479340367291984,2.599831671896786,2.6554677270074305,2.736656883451181,-0.12626574763315324,2.489259565886967
R1,mtbench,S4_kctx_lin_fp_l3,6.451878070831299,12.34345531463623,19.53754215240479,24.678453731536866,35.667510986328125,40.15048616409303,50.405052185058594,64.7156390663137,103.13753509521484,8.614064259844875,103.13753509521484,699.0;1021.0;702.0;949.0;939.0;1007.0;946.0;1016.0;698.0;1019.0,0.433211895908042,10.99880964075289,0.008077588356939523,0.030594435693267794,0.05359765078018787,0.1898641879957058,125480,1024,1.3866864744598457,4.386686474459846,103.13753509521484,0.13072967250083886,8.945335437421427,6.451878070831299,-98.1457290649414,4.2098384273202765,2.9789565102686684,11.973155990488534,103.13753509521484,48.7956761523421,47.34010314941406,61.61029052734375,67.69070434570312,78.25748443603516,7.814767794786559,4.0401419612574365,3.8797578490388474,4.932475341563631,5.371996099198824,6.359652136925104,103.13753509521484,46.39906469928181,44.97799301147461,59.48953628540039,64.60710144042969,76.86366271972656,-24.83249282836914,-44.656703028239605,-43.302162170410156,-34.9481086730957,-32.73329887390152,-28.033815383911133,193.30297088623047,91.05576772752141,88.66582107543945,113.1403579711914,124.10990142822266,141.80636375427247,18.069564479945925,11.853664380881359,11.849251975546473,13.875686937094168,14.464021653518955,15.766441522030554,0.08391633097070973,11.972442279054818
R1,mtbench,S4_vctx_lin_fp_l3,5.1378490924835205,9.196412086486816,14.066567420959476,17.702867126464845,26.185495548248294,29.799887142181404,38.83290756225726,51.12857220496839,91.34573364257812,10.183576391781479,91.34573364257812,577.0;675.0;525.0;975.0;951.0;545.0;602.0;980.0;636.0;689.0,0.21967315921808916,8.803126562359054,0.0022075239418890406,0.010402628760165792,0.020286914420950306,0.09625592727007991,125480,1024,1.5299450149524167,4.529945014952417,91.34573364257812,-0.029876966476134283,6.803008957507334,5.1378490924835205,-85.2640380859375,4.329243029812445,2.919260524149359,8.96990704722336,91.34573364257812,35.72860567805339,34.51845932006836,48.72856254577638,52.97877502441406,63.28199485778801,6.788407014440511,3.6856843712265546,3.592309066541408,4.379289675423344,4.639785614009329,5.1933028358974225,91.34573364257812,33.250357837452036,31.82585906982422,46.11246109008789,50.314483642578125,58.815704345703125,-11.3245849609375,-33.352565603002375,-32.217445373535156,-23.1491641998291,-19.980510711669922,-14.378096580505371,156.97803497314453,66.60292344045442,64.45237350463867,89.58163833618164,97.81636047363281,113.24752044677734,15.554238045671436,8.789409347391953,8.672810337290397,10.997287160597416,11.685375721317623,13.123217911946828,0.0035295077391368024,8.969857289985248
R1,mtbench,S4_k_stored_ctx_fp_l3,0.9287704825401306,1.827910602092743,2.9695636272430423,3.7475457549095137,5.262813377380372,5.823270449638369,7.039637303352366,8.438454372594839,10.983638763427734,6.308082468695162,10.983638763427734,619.0;698.0;555.0;613.0;48.0;877.0;440.0;702.0;246.0;171.0,0.458449268447093,1.580094650731649,0.007444419765294839,0.02884755666242747,0.05272539393130185,0.18596979307737457,125480,1024,1.2098896298024338,4.209889629802434,10.983638763427734,-0.0009031526598941046,1.2916730411016129,0.9287704825401306,-10.545135498046875,4.042978252991206,3.0225193596504543,1.7412008828254457,10.983638763427734,7.089980957015594,6.994695663452148,8.181469917297363,8.539416313171387,9.641394739150952,6.215762186109548,4.165899142270089,4.041939943413605,5.0652291489635495,5.390609806119435,5.7933846331439565,10.983638763427734,6.620212904427285,6.546903610229492,7.674274587631226,8.084803581237793,8.701972961425781,-4.288451194763184,-6.731543713650355,-6.619578838348389,-5.667582035064697,-5.46020979881287,-5.100508966445923,18.597912788391113,13.35175661807764,13.191045761108398,15.16434817314148,15.774484157562256,16.9393367767334,1.8554676902021985,1.7408647848909198,1.7358071824650068,1.7832806005219983,1.8206672954472274,1.8406070637396768,-0.00858656651410726,1.741200648594924
R1,mtbench,S4_k_stored_ctx_l3,0.9445360898971558,1.830855518579483,2.9456083059310925,3.709161388874053,5.210606241226198,5.804473876953125,7.074832514286226,8.011096726989358,10.251948356628418,5.905695413703157,10.251948356628418,555.0;249.0;557.0;752.0;190.0;946.0;698.0;702.0;235.0;301.0,0.5044829097159022,1.543794386831165,0.0100154141597884,0.04024256234333851,0.07102442528518428,0.23978817919904616,125480,1024,1.10591580347248,4.10591580347248,10.251948356628418,0.005105494735897271,1.297160526036904,0.9445360898971558,-10.033947944641113,4.075499064070492,3.001600506651669,1.73594261783981,10.251948356628418,6.911129682448627,6.826514720916748,7.8563432693481445,8.169814109802246,8.703534688949583,6.04462086010406,4.059410653630237,3.927527729407325,4.8835847756185595,5.269400406979495,5.733950322541074,10.251948356628418,6.4580089171068815,6.362768173217773,7.539617538452148,7.818017959594727,8.245712280273438,-4.536955833435059,-6.6337619974653474,-6.562525749206543,-5.680813312530518,-5.4640889167785645,-5.110123157501221,17.688313484191895,13.091770914572228,12.902572631835938,14.886566638946533,15.559496879577637,16.381377696990967,1.8618255489129514,1.7355340997286273,1.7269542237115774,1.7952009408263498,1.8199026085953438,1.8481506438708728,-0.0338410041866891,1.7359351100648996
R1,mtbench,S4_k_stored_draft_l3,0.8952109813690186,1.7762229442596436,2.60743420124054,3.279583513736724,4.42362117767334,5.126303951740266,6.001141550064087,6.155565013790008,7.0095720291137695,4.4224119250792775,7.0095720291137695,768.0;964.0;832.0;900.0;249.0;1016.0;877.0;384.0;448.0;235.0,0.6616260930536555,1.244766166179655,0.013999525267153205,0.05843542875202737,0.09582482288922016,0.3168185599856623,4800,1024,0.8620023502105907,3.8620023502105907,7.0095720291137695,-0.042024356644827204,1.1839224450880417,0.8952109813690186,-6.697328090667725,3.786182643514056,2.790908627077651,1.585011108839237,7.0095720291137695,6.049899795452753,6.020785331726074,6.166680812835693,6.253507804870606,6.384732532501221,4.154306672316722,3.860924637390937,3.855549045340032,3.9862249015565174,4.020703192355652,4.0739863553571025,7.0095720291137695,5.905509985884031,5.916524648666382,6.0520124435424805,6.110977149009704,6.302559514045717,-5.439078330993652,-6.027722291549047,-6.008729934692383,-5.873677539825439,-5.814214563369751,-5.658440589904785,12.849368572235107,11.933232277433078,11.926971197128296,12.163390254974365,12.213344073295593,12.433286814689636,1.6146648034054178,1.5850037824819765,1.587251944088125,1.5890035030863305,1.5898901552317704,1.593650214229339,0.0018283012979922319,1.584453902324828
R1,mtbench,S4_v_stored_ctx_l3,3.327104926109314,6.577154040336609,10.502092266082764,13.338992357254027,19.83849008560181,22.581637859344486,29.171257743836026,40.12598168792655,77.98723602294922,12.454856796934056,77.98723602294922,951.0;971.0;552.0;689.0;559.0;545.0;1019.0;975.0;549.0;546.0,0.1664276462327563,6.1950416897355165,0.0018838570891207196,0.008920736551341289,0.01743665994450805,0.0833049233902803,125480,1024,2.82099417831222,5.82099417831222,74.36648559570312,-0.009144702387771358,4.550153432081503,3.327104926109314,-77.98723602294922,4.658760283272719,3.1682819610488178,6.261592348628763,77.98723602294922,21.743638606488723,20.066936492919922,34.889808654785156,40.29157180786124,53.731056213378906,8.186542498625673,3.314581117967244,3.2123100481188906,3.827900822248054,4.137608271627848,4.83888550860275,74.36648559570312,20.423933654026047,18.82449245452881,32.67075729370117,37.96142578125,49.87103942870999,-3.8572232723236084,-20.240890273048045,-18.730419158935547,-9.547252655029297,-6.593391418457031,-5.005311489105225,137.00713348388672,40.66482392707409,37.68841552734375,64.41885375976562,74.62181854248047,99.65864032745269,15.44000884670399,5.775349767549982,5.587580305437157,8.898159116317075,9.935205022066043,12.606243827322729,0.009905867999398474,6.261585670964225
R1,mtbench,S4_v_stored_draft_l3,1.1580451130867004,2.5970341563224792,4.208739089965825,5.241455316543579,7.487908434867862,8.236692743301393,10.028558897018984,13.13639259548187,15.46983528137207,6.210441606828072,15.46983528137207,995.0;974.0;371.0;1010.0;999.0;925.0;629.0;276.0;193.0;311.0,0.7192435747960548,1.8445856769939932,0.025773743192448434,0.07434452483747794,0.12396709721544771,0.36101094247551313,4800,1024,1.7641799944028635,4.7641799944028635,12.134726524353027,-0.09147231711592202,1.7404097928604672,1.1580451130867004,-15.46983528137207,4.02601438850282,3.0060577405125226,2.49093965626595,15.46983528137207,12.784969870448112,12.740825653076172,13.425947093963623,13.759486150741578,14.470961503982547,5.034858840848362,4.749775865324311,4.795767693073408,4.838709481555566,4.902012781910081,4.984612438016676,12.134726524353027,9.398467837174733,9.375491619110107,9.913196182250976,10.185571002960206,10.820758161544802,-9.977890014648438,-12.784969870448112,-12.740825653076172,-12.191654205322266,-11.962075471878052,-11.33839235305786,25.79911708831787,22.183437707622847,22.17481231689453,23.037220096588136,23.449029588699343,24.062896413803102,2.925477683463965,2.489405086115503,2.479340367291984,2.599831671896786,2.6554677270074305,2.736656883451181,-0.12626574763315324,2.489259565886967
R1,mtbench,S4_kctx_lin_l4,5.52264928817749,9.96092677116394,14.988563537597662,18.470365142822253,26.333259315490743,29.76343967437745,37.57101883316043,50.08434977302391,89.58562469482422,9.881689960775468,89.58562469482422,38.0;114.0;62.0;56.0;762.0;941.0;110.0;243.0;58.0;99.0,0.42892900605592854,8.355096174918753,0.009791332048217909,0.04340521639979868,0.07246458207673344,0.20869228614087507,125480,1024,0.8608038304905041,3.860803830490504,89.58562469482422,0.06560600696075367,7.004799284682324,5.52264928817749,-73.58321380615234,4.144249268612815,2.9046747745390884,9.065820224114173,89.58562469482422,35.23809796183741,33.72294235229492,44.0369873046875,48.91737747192383,59.315399169921875,6.127477534597461,3.5628225208555127,3.3298087064371837,4.740911340815344,5.2622592122110445,5.762347814379612,89.58562469482422,33.755073250043075,32.51919937133789,42.27477264404297,47.134464263916016,58.66081237792969,-18.753000259399414,-32.070628009558405,-30.474159240722656,-25.84421730041504,-24.79830551147461,-22.962970733642578,148.51372528076172,65.82570125960149,63.25404739379883,80.66256103515626,89.67961502075195,114.08283889770507,15.59615635424381,8.968876270186207,8.761488961048457,10.777588906760304,11.474674923121073,12.960282155623027,0.020936408932356453,9.065582837733503
R1,mtbench,S4_vctx_lin_l4,3.392029643058777,6.6445441246032715,10.528275489807138,13.257091856002805,19.258778705596935,21.800531024932877,27.74031363296568,36.94736170196291,84.8682861328125,13.686060816203955,84.8682861328125,44.0;40.0;23.0;101.0;81.0;57.0;117.0;82.0;38.0;53.0,0.13103424474197722,6.156963339038893,0.0018282374068317561,0.008786667501390039,0.017197370648523072,0.08195167153891393,125480,1024,2.217852907158135,5.217852907158135,84.8682861328125,0.03433839450499036,4.556649816918605,3.392029643058777,-77.39982604980469,4.473468674119416,3.1057162648263614,6.201074748428018,84.8682861328125,21.67828598104543,20.25587272644043,34.50389862060547,39.65443420410156,51.243038177490234,8.802487733803588,3.3639716754019244,3.1539410859581993,3.8984108083624247,5.087692715190174,6.629673210256497,84.8682861328125,20.376712738810202,19.02129554748535,32.30510864257814,37.61311340332031,47.87181854248047,-4.7912278175354,-20.190048414546666,-18.929941177368164,-9.54951286315918,-7.891434669494629,-6.739839553833008,140.93933868408203,40.56676115335687,38.10737991333008,63.774673652649106,73.21354293823242,93.48722839355469,13.201714595575512,5.767635099956065,5.697689954810647,8.725597934236763,9.606393760725823,11.422301893033433,0.005481479055754823,6.200979673426969
R1,mtbench,S4_kdraft_lin_l4,2.9849178791046143,5.513887882232666,8.48451290130616,10.809300708770749,15.40812353134156,18.356268396377565,25.16478324508811,29.63131279086993,38.089168548583984,7.091428796205691,38.089168548583984,384.0;487.0;428.0;114.0;71.0;506.0;512.0;534.0;267.0;453.0,0.6981374379507937,4.083383529108809,0.02734321119966561,0.08134952421585152,0.13155350401659544,0.3607120611017143,4800,1024,1.726890833483636,4.726890833483636,26.28936004638672,0.05537382527393739,4.002710043059214,2.9849178791046143,-38.089168548583984,4.685171017237304,2.8686793403294746,5.3711557491719875,38.089168548583984,28.30207801183065,27.67128849029541,31.9778678894043,33.45546684265137,36.14228298187256,5.432846320069434,4.653320467430479,4.633050007087448,4.856011511413301,4.9641465750316,5.080694155292795,26.28936004638672,21.110037252902984,20.98715877532959,22.638614463806153,23.221449756622313,24.499135894775392,-20.45975685119629,-28.301603981653848,-27.67128849029541,-25.59615135192871,-25.161084365844726,-24.252941474914547,63.33966064453125,49.41164123455683,48.75110626220703,53.90305709838867,55.711194896698004,58.86872936248779,6.33373667332611,5.362443204114326,5.333930517107786,5.767302616337631,5.908391810795104,6.16151797080285,-0.13493593359000525,5.370870303902136
R1,mtbench,S4_vdraft_lin_l4,1.4527825117111206,2.462741732597351,3.6530188560485892,4.4237796545028685,6.47959115982057,7.2342878818512,9.062671996117334,10.44055371408409,12.211604118347168,5.282863357911973,12.211604118347168,679.0;680.0;743.0;666.0;766.0;829.0;659.0;853.0;742.0;452.0,0.6062335030848996,1.9320893532722323,0.01703696198391215,0.061250344799143236,0.10375508011047094,0.3006316340698947,4800,1024,0.7078533670389335,3.7078533670389335,12.211604118347168,0.05593354753271362,1.7948769711869121,1.4527825117111206,-10.673995971679688,3.920603497220423,2.803136621587398,2.3115502505016043,12.211604118347168,9.706805521547794,9.8114914894104,10.4639178276062,10.639923429489135,11.21483437538147,4.473477377580776,3.6978974379185607,3.6789579287380976,3.951369113017684,3.970471228769595,4.0197864719766025,12.211604118347168,9.691831798354785,9.810829162597656,10.463361835479736,10.639923429489135,11.21483437538147,-6.417030334472656,-8.414034230609735,-8.39029312133789,-7.778260135650634,-7.585655736923218,-7.20774719238281,22.63260555267334,18.10586602896452,18.16065287590027,19.314204025268555,19.740543937683107,20.644127826690674,2.7440714541159896,2.3091640202025423,2.289692751987511,2.460559330953711,2.517097463700153,2.6011468911738342,0.04010646230525517,2.310873427700971
R1,mtbench,S4_kctx_lin_fp_l4,6.855654716491699,12.707398414611816,19.335879325866703,23.786265659332265,33.19950431823731,37.19686279296877,46.945907299043185,59.483341315829385,97.14832305908203,8.191953776126194,97.14832305908203,38.0;114.0;62.0;120.0;243.0;58.0;757.0;125.0;56.0;127.0,0.3639762227191288,11.172287161866965,0.006419720200843248,0.029063575064309843,0.04992676701913247,0.15736354843815958,125480,1024,0.7594060662724655,3.7594060662724655,97.14832305908203,0.03285117127728454,9.10636672220982,6.855654716491699,-83.21382141113281,3.958675666878784,2.7995213525188762,11.858993069785296,97.14832305908203,46.20599209553199,45.077239990234375,58.05363082885742,62.10098648071289,70.74198150634766,7.097098839095869,3.665874316877454,3.4201750001725153,4.836620766497291,5.505533094477874,6.282253277042855,97.14832305908203,43.691487932296404,42.59479522705078,55.34157943725586,60.111419677734375,68.6891098022461,-23.56048011779785,-42.58632642443787,-41.265380859375,-33.54106521606445,-31.351497650146484,-26.929643630981445,165.01390838623047,86.27781435673428,84.3906478881836,105.94942092895508,115.11551666259766,126.8485107421875,17.06309284583157,11.770612199448058,11.920684246865353,13.31115068685752,13.750276529508982,14.624491536099743,0.0210843178723716,11.858947568387398
R1,mtbench,S4_vctx_lin_fp_l4,5.008361101150513,8.877178430557251,13.377069473266603,16.542524528503414,23.719846878051758,26.857580051422126,34.037272815705045,45.31089273261684,92.74414825439453,11.072487294581538,92.74414825439453,88.0;40.0;44.0;23.0;77.0;57.0;111.0;42.0;48.0;20.0,0.19035936127524944,8.253788750568042,0.002130159115102266,0.010398831342409116,0.020338300038761106,0.0968898676845567,125480,1024,1.2533638850444024,4.253363885044402,91.11016845703125,-0.004566854323128525,6.430757332581228,5.008361101150513,-92.74414825439453,4.063623181489965,2.831852015786915,8.37608983302063,92.74414825439453,34.20353814949836,32.74974060058594,46.352149963378906,50.91014099121094,59.78472137451172,9.426604662159932,3.758941847006915,3.5149886370294707,4.822813095612731,5.294526458162024,6.924167114775469,91.11016845703125,31.848237761540666,30.69139862060547,43.174320220947266,47.64522171020508,56.20325279235832,-11.027140617370605,-31.77472960222364,-30.42810821533203,-22.563817787170407,-19.797513961791992,-14.2372465133667,137.8811798095703,63.62296736376431,61.239994049072266,84.83349990844727,92.88723754882812,106.94403839111328,12.674994930216132,8.272531862046065,8.388209205139827,9.721152561533694,10.131799767738029,11.171733312443866,-0.0014367976406332317,8.37608858803876
R1,mtbench,S4_k_stored_ctx_fp_l4,1.0415701270103455,1.9779283702373505,3.1130305290222178,3.886985111236572,5.406154918670655,6.022127151489258,7.369817335605738,8.703599461364487,11.245612144470215,6.083667031675286,11.245612144470215,564.0;243.0;573.0;230.0;751.0;631.0;633.0;237.0;114.0;428.0,0.41190766323411987,1.7121262185226198,0.007011870898549539,0.02968808331020347,0.04894423958287722,0.16467674117982797,125480,1024,0.9061089855637801,3.90610898556378,10.906046867370605,0.01929959778545113,1.3977031403334441,1.0415701270103455,-11.245612144470215,3.986934119557068,2.9246292708946418,1.84849237900738,11.245612144470215,7.338442860475801,7.205913066864014,8.550192832946777,8.861342430114746,9.840216636657715,6.176641828540101,3.8722714336174517,3.731419024684701,4.757004459313843,5.10588658304508,5.668485515981817,10.906046867370605,6.963646538842055,6.8021697998046875,8.355058956146244,8.727763175964355,9.747809410095215,-4.472053527832031,-6.805265859577889,-6.687036514282227,-5.787683010101318,-5.583674430847168,-5.247366428375244,19.731597900390625,13.768912398419944,13.562382221221924,15.746228694915771,16.43522357940674,17.80947268486023,1.9501374084807064,1.8482689838358402,1.8455205068356915,1.8879923513786496,1.9060180344257924,1.926595171664636,0.025374084126373583,1.8483916253796657
R1,mtbench,S4_k_stored_ctx_l4,1.083171010017395,1.9825116097927094,3.0629247188568125,3.8171381950378414,5.320393214225773,5.9138998675346395,7.20593323135388,8.37009334564209,11.077628135681152,6.047404335132106,11.077628135681152,564.0;237.0;888.0;243.0;612.0;114.0;548.0;686.0;633.0;619.0,0.4418832020702669,1.6787109027783294,0.008575669945858988,0.03888653353205352,0.06606624235828984,0.20829167252268765,125480,1024,0.6848417163445748,3.684841716344575,10.280117988586426,0.02387415475243896,1.4097259189978224,1.083171010017395,-11.077628135681152,3.9338016521424275,2.904463716802496,1.831798821740131,11.077628135681152,6.9446725942429595,6.814105033874512,8.116167068481445,8.441906929016113,9.096299171447754,6.086107274293066,3.6396656029741834,3.463475035937102,4.521320832397547,4.9081487837918,5.655262876004035,10.280117988586426,6.59754961561085,6.4037580490112305,7.984035491943359,8.308194160461426,8.88170337677002,-4.628190517425537,-6.555286844288957,-6.460195064544678,-5.6272033691406245,-5.448415279388428,-5.157156944274902,19.676196098327637,13.152836459899808,12.9100980758667,15.240048885345459,15.791290760040283,16.395796298980713,1.9405698862904976,1.831475758508795,1.8251983036953618,1.8824756391875614,1.898814695107854,1.9288885883424227,0.02558454036234934,1.8316432371134366
R1,mtbench,S4_k_stored_draft_l4,1.074384868144989,1.8939218819141388,2.841975665092469,3.3296756744384766,4.356610298156738,4.993488042354584,5.839373650550936,6.354291953611353,7.32551383972168,4.381984859035886,7.32551383972168,448.0;384.0;487.0;506.0;428.0;114.0;631.0;835.0;771.0;682.0,0.6012492184309897,1.388633747510744,0.01237221994996182,0.05142921804196389,0.0847069264296666,0.25997985188976036,4800,1024,0.23722043360899914,3.237220433608999,7.136667728424072,0.04085212657095369,1.304818971468818,1.074384868144989,-7.32551383972168,3.4930036967808777,2.606042494893158,1.6717341742101368,7.32551383972168,6.087760518093904,6.137321710586548,6.4055015563964846,6.518997573852539,6.84189085006714,3.5010316691852412,3.238070044119946,3.236464259217742,3.3276170921911667,3.354472182445582,3.411031146093529,7.136667728424072,6.019051621059576,6.109405279159546,6.379093170166016,6.462213635444642,6.704766216278077,-4.302671909332275,-5.301725533703963,-5.104797601699829,-4.801933288574219,-4.726727414131164,-4.598933277130126,13.001369953155518,11.32077715476354,11.29575252532959,12.07385220527649,12.240882396697998,12.538372950553894,1.7203839915725623,1.6717150361217197,1.674188583008081,1.679919627978563,1.680884914790897,1.6871351875677312,0.03609839060490037,1.6712349484667557
R1,mtbench,S4_v_stored_ctx_l4,3.392029643058777,6.6445441246032715,10.528275489807138,13.257091856002805,19.258778705596935,21.800531024932877,27.74031363296568,36.94736170196291,84.8682861328125,13.686060816203955,84.8682861328125,44.0;40.0;23.0;101.0;81.0;57.0;117.0;82.0;38.0;53.0,0.13103424474197722,6.156963339038893,0.0018282374068317561,0.008786667501390039,0.017197370648523072,0.08195167153891393,125480,1024,2.217852907158135,5.217852907158135,84.8682861328125,0.03433839450499036,4.556649816918605,3.392029643058777,-77.39982604980469,4.473468674119416,3.1057162648263614,6.201074748428018,84.8682861328125,21.67828598104543,20.25587272644043,34.50389862060547,39.65443420410156,51.243038177490234,8.802487733803588,3.3639716754019244,3.1539410859581993,3.8984108083624247,5.087692715190174,6.629673210256497,84.8682861328125,20.376712738810202,19.02129554748535,32.30510864257814,37.61311340332031,47.87181854248047,-4.7912278175354,-20.190048414546666,-18.929941177368164,-9.54951286315918,-7.891434669494629,-6.739839553833008,140.93933868408203,40.56676115335687,38.10737991333008,63.774673652649106,73.21354293823242,93.48722839355469,13.201714595575512,5.767635099956065,5.697689954810647,8.725597934236763,9.606393760725823,11.422301893033433,0.005481479055754823,6.200979673426969
R1,mtbench,S4_v_stored_draft_l4,1.4527825117111206,2.462741732597351,3.6530188560485892,4.4237796545028685,6.47959115982057,7.2342878818512,9.062671996117334,10.44055371408409,12.211604118347168,5.282863357911973,12.211604118347168,679.0;680.0;743.0;666.0;766.0;829.0;659.0;853.0;742.0;452.0,0.6062335030848996,1.9320893532722323,0.01703696198391215,0.061250344799143236,0.10375508011047094,0.3006316340698947,4800,1024,0.7078533670389335,3.7078533670389335,12.211604118347168,0.05593354753271362,1.7948769711869121,1.4527825117111206,-10.673995971679688,3.920603497220423,2.803136621587398,2.3115502505016043,12.211604118347168,9.706805521547794,9.8114914894104,10.4639178276062,10.639923429489135,11.21483437538147,4.473477377580776,3.6978974379185607,3.6789579287380976,3.951369113017684,3.970471228769595,4.0197864719766025,12.211604118347168,9.691831798354785,9.810829162597656,10.463361835479736,10.639923429489135,11.21483437538147,-6.417030334472656,-8.414034230609735,-8.39029312133789,-7.778260135650634,-7.585655736923218,-7.20774719238281,22.63260555267334,18.10586602896452,18.16065287590027,19.314204025268555,19.740543937683107,20.644127826690674,2.7440714541159896,2.3091640202025423,2.289692751987511,2.460559330953711,2.517097463700153,2.6011468911738342,0.04010646230525517,2.310873427700971
R1f,gsm8k,A_src1,0.014892578125,0.025634765625,0.03759765625,0.0458984375,0.068359375,2.2032031250000728,12.125,19.250012499993318,26.75,42.20492832131733,26.75,1950.0;3280.0;2154.0;58.0;2521.0;1027.0;2149.0;206.0;235.0;2055.0,0.6163700694638077,0.5149030876213307,0.00889524370976015,0.0379444212603042,0.06825278650407225,0.2502067201670227,20490,4096,453.11401728522867,456.11401728522867,24.875,-0.00025704204814178545,0.05693376208332149,0.014892578125,-26.75,19.130271248447578,0.107854299886544,0.6338122362475098,26.75,0.23925753845244632,0.083984375,0.10302734375,0.1103515625,0.1298828125,3.293763590196678,2.9763723889605394,2.9741631751579476,3.0766421365310337,3.110624293478985,3.1695271309919524,24.875,0.22472683416453149,0.080078125,0.0986328125,0.1064453125,0.126953125,-0.046630859375,-0.23538547290599074,-0.080078125,-0.06201171875,-0.058837890625,-0.05322265625,51.625,0.4601123070705222,0.162109375,0.193359375,0.203125,0.23687011718750028,8.30787528876943,0.0705556923757532,0.022456183986238446,0.026140812638671553,0.027141359832603892,0.030679528535758713,0.2575167744429346,0.6338121841259087
R1f,gsm8k,A_src1_origbasis,0.011288000270724297,0.02052386337891221,0.03245072029531002,0.04274634309113024,0.09271050252020364,0.12877801120281224,0.25711528015138585,1.933189436088121,323.5367431640625,510.461475490593,323.5367431640625,788.0;1384.0;4062.0;290.0;2352.0;4055.0;2629.0;133.0;2265.0;2992.0,0.9983548771704569,0.04549453247600136,0.9888104977265197,0.9965283978620734,0.9978541447360423,0.998915953005965,20490,4096,227495.0312416169,227498.0312416169,323.5367431640625,-0.00043204074239799645,0.017752244119488576,0.011288000270724297,-295.81817626953125,0.4056647291238239,0.14627439049771035,0.6338122634095328,323.5367431640625,2.162926529068636,0.2782385051250458,0.3665069818496704,0.39676547348499297,0.5048327445983887,1335.5649061175884,36.89008854213233,17.316322492390643,74.14537271822564,97.75602434924153,157.16608851447103,323.5367431640625,2.1606762467734897,0.27712830901145935,0.3665069818496704,0.39676547348499297,0.5048327445983887,-0.09585707634687424,-1.9140120368314522,-0.18733104318380356,-0.1402694284915924,-0.13122294694185258,-0.11681779488921164,619.3472595214844,4.074688283604942,0.463156096637249,0.5893094062805176,0.6290647596120834,0.8112224340438843,8.30787494150869,0.07055569518134676,0.022456184992864857,0.026140814320559667,0.02714136056869501,0.03067952972740073,-96.98578252734474,0.6338121161583391
R1f,gsm8k,A_src8,0.061279296875,0.10546875,0.15234375,0.18359375,0.267578125,2.21875,12.125,19.250012499993318,26.75,41.75437811147124,26.75,1950.0;3280.0;2154.0;58.0;2521.0;1027.0;2149.0;206.0;235.0;2055.0,0.6045176464519995,0.5300146533919178,0.008722554056830008,0.037224183547976825,0.06702642119766433,0.24589200955350732,20490,4096,435.4863753049578,438.4863753049578,24.875,0.00011813209296408387,0.11110401879262047,0.061279296875,-26.75,18.92604989164818,0.41766572731246787,0.6406513810021501,26.75,0.490915156783797,0.333984375,0.396484375,0.416015625,0.49826171875000114,3.268426196821818,2.9571382748871198,2.9565107479110724,3.0604806662799366,3.090325092619809,3.150267123295734,24.875,0.46704632976451926,0.3203125,0.3828125,0.40625,0.4765625,-0.1875,-0.47409268812530503,-0.31640625,-0.26953125,-0.255859375,-0.23622070312499943,51.625,0.9411390178898243,0.640625,0.748046875,0.783203125,0.9066796875000023,8.318361343812082,0.13828250119758387,0.08999169501689962,0.10163454887088977,0.10646580100975568,0.12396547780593219,0.26369021246931484,0.6406513701107419
R1f,gsm8k,A_src8_origbasis,0.05111264996230602,0.08881141059100628,0.1321264967322351,0.16451370045542707,0.2691580820083621,0.3534169150888921,0.6524658150077005,2.6934263706207275,323.66864013671875,505.21791432516034,323.66864013671875,788.0;1384.0;4062.0;290.0;2352.0;4055.0;2629.0;133.0;2265.0;2992.0,0.9863502154244903,0.10263064345624981,0.9704004382830124,0.9809984711611958,0.983340845721705,0.9862931025445406,20490,4096,218876.21634694922,218879.21634694922,323.66864013671875,-0.0001742355313513352,0.06649134349014209,0.05111264996230602,-296.3281555175781,1.0184410145123,0.4201317889758652,0.6406515504681892,323.66864013671875,3.6471405423519494,1.7752861976623535,2.492196798324585,2.7404193520545954,3.4203741455078127,1334.4651798451177,75.58674620944282,47.24948927597903,157.33945599628677,213.60961161157488,388.3288369257157,323.66864013671875,3.6464113483389977,1.7752861976623535,2.492196798324585,2.7404193520545954,3.4203741455078127,-0.34861475229263306,-2.469274756556723,-0.7249763607978821,-0.5486245810985565,-0.5111955523490906,-0.45233855247497556,619.9827575683594,6.115686104895721,2.525922328233719,3.3320460081100465,3.574527224898338,4.466714867353439,8.318361671501512,0.1382825173991162,0.08999169942738597,0.10163455396570836,0.10646581209587841,0.12396547958803028,-94.99736051242395,0.6406515267751061
R1f,gsm8k,A_src15,0.10400390625,0.177734375,0.2578125,0.310546875,0.44921875,2.25,12.25,19.5,26.75,40.781448546108166,26.75,1950.0;3280.0;2154.0;2521.0;58.0;1027.0;2149.0;206.0;235.0;2055.0,0.5831849302858954,0.555190660285303,0.008433876425392815,0.03596476707797818,0.06501337153609323,0.23871653147084596,20490,4096,404.7623451513745,407.7623451513745,25.0,0.0003124129166525483,0.16143906691753485,0.10400390625,-26.75,18.675616623918692,0.6848520126755898,0.6559355038543081,26.75,0.7208478221083455,0.56640625,0.65625,0.6875,0.765625,3.284575805320892,2.9380843257441294,2.9390302683016167,3.04868399998519,3.07582890198065,3.142169598227649,25.0,0.6867383861029771,0.54296875,0.6328125,0.66015625,0.74609375,-0.3125,-0.6952912434419228,-0.54296875,-0.45703125,-0.4296875,-0.390625,51.75,1.3820296295449,1.08984375,1.23828125,1.28515625,1.40234375,8.364161044244875,0.20108380942578724,0.1551510723875245,0.1701302461385264,0.17456022109298888,0.1921772941521477,0.2457932597425823,0.65593542945535
R1f,gsm8k,A_src15_origbasis,0.08200403302907944,0.14240041375160217,0.21120598614215852,0.2620318129658699,0.43866838186979296,0.5930370718240752,1.1026222382784328,4.414430763435031,325.601318359375,496.39242446956604,325.601318359375,788.0;1384.0;4062.0;290.0;2352.0;4055.0;133.0;2629.0;2992.0;2265.0,0.9686133693583073,0.1505745175576782,0.9397746719802405,0.9560111010377365,0.9600388405624921,0.96764425677199,20490,4096,203789.34296980887,203792.34296980887,325.601318359375,0.00028454467202543564,0.10645511233272456,0.08200403302907944,-297.8851623535156,1.6809923525216939,0.6687677516531108,0.6559353090597734,325.601318359375,5.499790591501852,3.657862067222595,5.084517192840576,5.653889870643615,7.186935086250306,1335.6783087423116,122.98936003697732,89.80373586202688,249.07412746337604,331.83293762759627,614.9177829251912,325.601318359375,5.499242533492484,3.657862067222595,5.084517192840576,5.653889870643615,7.186935086250306,-0.4859142601490021,-2.951835172059421,-1.1925634145736694,-0.8721921026706695,-0.8099211633205414,-0.6020676493644714,623.4776611328125,8.451077705551905,4.87447726726532,6.4891438484191895,7.131521934270858,9.035539849996578,8.364161110813043,0.20108379877109894,0.15515107732773464,0.1701302511455242,0.17456020978910336,0.19217730571414407,-89.81571173939646,0.6559352473420452
R1f,gsm8k,A_src22,0.20703125,0.35546875,0.515625,0.625,0.8984375,2.2500781250000728,12.25,19.5,26.75,37.730308362959406,26.75,1950.0;3280.0;2154.0;2521.0;58.0;1027.0;2149.0;206.0;235.0;2055.0,0.5037822455063988,0.633936353557466,0.007436810885002984,0.03166671230059089,0.057223682974444724,0.2117791718564314,20490,4096,296.8079436661765,299.8079436661765,25.0,-0.00046782978350191397,0.2837852069002593,0.20703125,-26.75,17.278365512009447,1.2672270624241622,0.7089790982535676,26.75,1.2864062881283553,1.1484375,1.34375,1.4140625,1.5859375,3.2704559882196063,2.9337297228701935,2.9359971191490217,3.045780982487556,3.0787035754197425,3.141281292685822,25.0,1.225451058443143,1.09375,1.2890625,1.3515625,1.5390625,-0.58984375,-1.2376037091264032,-1.09375,-0.859375,-0.796875,-0.6875,51.75,2.463054767569546,2.203125,2.5546875,2.65625,2.9140625,8.371695127267742,0.3538519503843302,0.31441558455522356,0.35277916645123186,0.3617536179330573,0.3847913242193449,0.20161070140212983,0.7089789439015347
R1f,gsm8k,A_src22_origbasis,0.15470800548791885,0.26985204219818115,0.4032696664333344,0.50446517765522,0.8669680476188666,1.198076168894769,2.405880470514355,9.209686457728735,326.02227783203125,459.847498265492,326.02227783203125,788.0;1384.0;4062.0;290.0;2352.0;4055.0;133.0;2992.0;2629.0;2265.0,0.9044353962113231,0.26982203409989597,0.8368852846575785,0.8644838445786845,0.874360789614114,0.8999211756986388,20490,4096,150064.13761549778,150067.13761549778,326.02227783203125,-0.00023782777090522187,0.20226607413936643,0.15470800548791885,-298.3001403808594,3.393443303472112,1.2228400170219431,0.7089791269100326,326.02227783203125,9.644121599534827,8.136400699615479,10.668370819091798,11.246742010116577,12.702822036743166,1337.5497313310227,158.53621648636658,124.72526004120775,320.64566248681416,391.5328859330412,573.5887588805056,326.02227783203125,5.657574721282142,3.690666437149048,5.136561679840088,5.8155794620513905,7.566491875648501,-0.7987955808639526,-9.42753179072752,-8.136400699615479,-4.00199837684631,-2.212759017944336,-0.9876512289047241,624.3174743652344,15.085106512009661,11.895198702812195,15.442076849937443,16.445563173294065,19.26601518630982,8.371696129894064,0.35385196157238596,0.3144155907623806,0.3527791424013506,0.36175364812614463,0.3847913408087615,-71.72856608450051,0.7089790870202474
R1f,gsm8k,A_src29,0.421875,0.71875,1.03125,1.234375,1.71875,2.390625,12.1875,19.375,26.75,30.16151324894531,26.75,1950.0;3280.0;2154.0;2521.0;58.0;2557.0;206.0;2149.0;235.0;1361.0,0.35070978027081745,0.8434298553642174,0.005339590515298568,0.022266942533257065,0.040522509402586906,0.1550175844277068,20490,4096,119.47631350035968,122.47631350035968,24.875,-0.001425439157094782,0.5318461457463606,0.421875,-26.75,13.741810942860598,1.9379476970700842,0.8868918405788342,26.75,2.333741306734993,2.203125,2.5625,2.6875,3.015625,3.2846290792241697,2.8071882782941984,2.8154860232621184,2.968393586540595,3.0104771738969887,3.1144431025893202,24.875,2.2375263085651538,2.109375,2.484375,2.609375,2.9375,-1.1328125,-2.227875259272816,-2.09375,-1.6875,-1.5234375,-1.3671875,51.625,4.4654015678379695,4.234375,4.859375,5.046875,5.546875,8.35829310934949,0.6587280391724798,0.6247411446305889,0.7039063660242283,0.7244903966954694,0.7687077139276401,0.13005409476826787,0.8868906950738189
R1f,gsm8k,A_src29_origbasis,0.3128899782896042,0.5413754880428314,0.7940010428428654,0.9737683266401289,1.47416790008545,1.8579753965139392,3.414736959219091,24.262541336237792,325.364501953125,366.8592782831741,325.364501953125,788.0;1384.0;4062.0;2352.0;290.0;1658.0;133.0;1951.0;761.0;2219.0,0.7547059646781522,0.5084811882524791,0.6615341002839711,0.6915559710348864,0.7047533329356307,0.7436739171867055,20490,4096,60655.95359742573,60658.95359742573,325.364501953125,-0.0049717496535139375,0.39468032566746125,0.3128899782896042,-297.3186340332031,3.8502292931958375,1.6621732507607263,0.886891844403565,325.364501953125,22.620035347704658,22.008252143859863,27.948490905761727,29.709198188781738,33.45190040588379,1565.2652399926367,401.6375789277373,371.74204160228965,751.5776803896397,866.8024857038772,1202.3818113798905,325.364501953125,6.1546321877390655,4.323606729507446,5.651771450042725,6.098194360733032,7.092949914932257,-1.223246693611145,-22.43752797331212,-22.008252143859863,-11.586207675933837,-7.140138626098633,-1.4350147247314453,622.6725769042969,28.592160161051186,26.43351721763611,32.853627395629886,34.7201073884964,38.86836164712907,8.35829339843168,0.6587280584454258,0.6247410934806797,0.7039064251081953,0.7244904146205599,0.7687078843359522,-39.6708717152526,0.8868779089451604
R1f,gsm8k,B_concat,0.09326171875,0.2470703125,0.53515625,0.77734375,1.390625,2.265625,12.125,19.625,26.75,37.593130989624214,26.75,10142.0;18334.0;1950.0;6046.0;14238.0;15568.0;11472.0;3280.0;19664.0;7376.0,0.5382968384317387,0.615494922044047,0.007522774836740823,0.03217704853702493,0.05836633593586801,0.21350294945127277,20490,20480,289.1449177996728,292.1449177996728,25.0,-0.0003439531958243698,0.22902164008801934,0.09326171875,-26.75,17.039877130810975,1.9543158049512588,0.7115661637064244,26.75,2.333741306734993,2.203125,2.5625,2.6875,3.015625,11.83835345474401,8.35911611507745,8.395613549273556,9.05290700941725,9.274601463402307,9.778044804392971,25.0,2.2384779923133236,2.109375,2.484375,2.609375,2.9375,-1.1328125,-2.227875259272816,-2.09375,-1.6875,-1.5234375,-1.3671875,51.75,4.466353251586139,4.234375,4.859375,5.046875,5.546875,8.3440804864899,0.36416558720950865,0.32363337572776674,0.36035661942855557,0.36970557917220326,0.3904465848257163,0.20296558661430844,0.7115660805772555
R1f,gsm8k,C_Zt_fp,2.28125,3.96875,5.96875,7.59375,67.5,121.5,253.0,604.0,1568.0,81.10184955504432,1568.0,432.0;2017.0;2117.0;2062.0;3960.0;2910.0;977.0;3230.0;4030.0;3447.0,0.7526270454340153,13.823981689311687,0.07289828457314496,0.19810261330103468,0.2800602018119241,0.5160114980205757,42995,4096,729.411679914675,732.411679914675,1568.0,0.032317411911035404,4.469764039286352,2.28125,-1336.0,13.085948939685085,3.491310487860645,19.333714441811697,1568.0,168.19482497964879,132.0,224.0,249.0,1552.0,575.157846072088,260.2572877475964,245.77695477843005,411.5026595020356,455.9348065969888,521.157696776641,1568.0,146.23360274450516,104.0,224.0,249.0,1552.0,-64.0,-155.52654959879055,-130.0,-105.5,-95.0,-85.0,2904.0,301.7601523432957,237.0,389.0,457.0,2880.0,144.5081452623327,7.423001938955725,4.733317945142362,7.250789059673573,7.9358970893587015,144.41548094286222,2.255845066989736,19.333687431589595
R1f,gsm8k,C_Ht_fp,0.515625,0.91015625,1.3671875,1.671875,2.359375,2.703125,5.625031250001484,21.25,27.125,28.662121761796605,27.125,3573.0;604.0;2361.0;3230.0;1601.0;494.0;707.0;3510.0;2117.0;3331.0,0.3548412072547603,0.8325174013264629,0.21373058634153919,0.252741875289589,0.2635925456932302,0.3107108810221013,42995,4096,79.08242406968334,82.08242406968334,22.375,-0.0017744348567803262,0.6544634852531045,0.515625,-27.125,5.943790989915337,2.4930762592346127,0.9463709709081825,27.125,19.446650773345738,20.375,23.375,24.25,25.625,242.3225746495726,83.53151245400684,78.23742305805084,132.70833577339175,159.54250584089147,200.43297035005284,22.375,14.68012995697174,15.1875,18.25,19.75,21.25,-6.8125,-19.446650773345738,-20.375,-14.0,-12.4375,-6.90625,48.375,34.12678073031748,35.4375,41.375,44.125,46.375,1.1300120047726074,0.9383269922270876,0.9896004507244779,1.0386652722014003,1.051093706064274,1.0803471692087159,-0.8184165911316443,0.9463693073840862
R1f,mtbench,A_src1,0.014892578125,0.02587890625,0.037841796875,0.0458984375,0.068359375,1.3047265625000364,11.625,19.250024999986636,26.75,53.675332294979654,26.75,1950.0;3280.0;2154.0;2521.0;58.0;1027.0;2149.0;206.0;235.0;919.0,0.6158366275319179,0.4053270738718291,0.00888841352434646,0.03793033703460957,0.06821721660627021,0.2500298056617381,44434,4096,737.5514968613764,740.5514968613764,25.0,-0.00018004645346916766,0.04215079161798316,0.014892578125,-26.75,23.326195810435085,0.13716681004120093,0.49836673302723034,26.75,0.18077897353729688,0.0849609375,0.10498046875,0.11083984375,0.125,3.3215888206802417,2.9799389596583135,2.977260294143382,3.0808983357223125,3.109929899614317,3.167278495920218,25.0,0.17002461032444188,0.0810546875,0.099609375,0.10595703125,0.11962890625,-0.044677734375,-0.177144160616026,-0.0810546875,-0.06201171875,-0.0576171875,-0.052001953125,51.625,0.3471687709404679,0.16259765625,0.1982421875,0.20751953125,0.23046875,8.30913372792843,0.052330194272462514,0.022693183650198206,0.02694885155621626,0.02790895990798844,0.030294759861398016,0.32706539908977134,0.4983667005042665
R1f,mtbench,A_src1_origbasis,0.011215673759579659,0.020545176230371,0.03263847678899766,0.04314653743058441,0.09114764526486406,0.1269252195209266,0.25728353020549205,1.6201283540228688,323.56005859375,649.2408851512212,323.56005859375,788.0;1384.0;4062.0;290.0;2352.0;4055.0;2629.0;133.0;2265.0;2992.0,0.9978814822037282,0.039529848412303115,0.9879852359355115,0.9957767641573588,0.9971593797373794,0.998412636404017,44434,4096,369366.08738355956,369369.08738355956,323.56005859375,-0.0002503544480767378,0.016975396584650224,0.011215673759579659,-295.873046875,0.5162534201885918,0.1828927159563598,0.4983667325855278,323.56005859375,1.43503091869564,0.2713378369808197,0.36361513137817386,0.39525123983621596,0.47928245306015005,1335.5649061175884,32.74866174565803,16.61786098991618,68.17752350956088,88.460689648525,144.31992922604928,323.56005859375,1.4319406334647298,0.26869699358940125,0.3635939359664917,0.39525123983621596,0.47928245306015005,-0.09364483505487442,-1.2574320274159576,-0.19080129265785217,-0.14759512990713117,-0.13690256923437122,-0.12191591762006286,619.431884765625,2.6893726608806876,0.46159204840660095,0.5878993377089501,0.6310007408261299,0.7697203385829916,8.309134173689031,0.05233019497413553,0.02269318448734671,0.026948852353840726,0.027908960194208812,0.030294760775881543,-123.53417630683509,0.4983666697027655
R1f,mtbench,A_src8,0.064453125,0.11083984375,0.16015625,0.1943359375,0.28125,1.3203125,11.6875,19.250024999986636,26.75,52.6685928150518,26.75,1950.0;3280.0;2154.0;2521.0;58.0;1027.0;2149.0;206.0;235.0;919.0,0.5941868692641579,0.4252717697347538,0.008592310384427537,0.03668302441417139,0.0660647127620741,0.24252764236813254,44434,4096,685.9459655705133,688.9459655705133,25.0,-0.00026480079047532434,0.10134834933091476,0.064453125,-26.75,23.0117449916231,0.5537585693171334,0.5078928175266398,26.75,0.4567807907514516,0.359375,0.431640625,0.45703125,0.51953125,3.3431098657758205,2.95601207109796,2.9552991044613757,3.0631249906398597,3.0921150268829187,3.15218450202377,25.0,0.43408473452198765,0.341796875,0.4140625,0.4375,0.4921875,-0.1845703125,-0.44010065754124095,-0.341796875,-0.28125,-0.267578125,-0.2421875,51.625,0.8741853920632287,0.685546875,0.81640625,0.857421875,0.9524804687499966,8.319420645796011,0.1263272404590672,0.0962828649829284,0.11257200286105962,0.11723002863509181,0.12778088987254219,0.3298850094268553,0.5078927484968555
R1f,mtbench,A_src8_origbasis,0.05312792770564556,0.09270254336297512,0.13797767907381062,0.1723098270595073,0.2824783545732498,0.36925333023071333,0.7079573403596969,2.627955756877407,323.6852722167969,637.310117735282,323.6852722167969,788.0;1384.0;4062.0;290.0;2352.0;4055.0;2629.0;133.0;2265.0;2992.0,0.9768353008045622,0.10163359182007958,0.9540138652064614,0.9680022395864591,0.9713358720342283,0.9764294814184963,44434,4096,343896.67198490433,343899.67198490433,323.6852722167969,0.00014742988681466134,0.06888385806271072,0.05312792770564556,-296.3642883300781,1.3939107357161435,0.5561770301682715,0.5078928816743582,323.6852722167969,3.177014343495866,2.010970950126648,2.9174774885177617,3.1898106217384337,3.8638270258903473,1334.4735399610363,86.5374554461908,57.08105406001637,185.2500559590354,250.8379241332203,432.4410952087458,323.6852722167969,3.175312880108561,2.010970950126648,2.9174774885177617,3.1898106217384337,3.8638270258903473,-0.32684996724128723,-1.8994026891888864,-0.8240191042423248,-0.6069300830364226,-0.5540039241313934,-0.46975923627614996,620.049560546875,5.074715569297448,2.8364384472370148,3.876827555894852,4.185084423422813,4.90922894835472,8.319420957952095,0.12632724761743214,0.09628286778150758,0.112572007246542,0.11723003210738372,0.12778089357827044,-118.03044752605774,0.5078928602765668
R1f,mtbench,A_src15,0.1083984375,0.1865234375,0.271484375,0.328125,0.47265625,1.2734765625000364,11.75,19.375012499993318,26.75,50.641257991188716,26.75,1950.0;3280.0;2154.0;2521.0;58.0;1027.0;2149.0;206.0;235.0;919.0,0.5556924228075507,0.45736805671830233,0.008080807123540546,0.034516488011055085,0.06240651948381025,0.22977764839611828,44434,4096,598.739556308543,601.739556308543,25.125,-0.0002546384299662779,0.15647842519826427,0.1083984375,-26.75,22.244290893325886,0.8948002653232819,0.5282254245077076,26.75,0.7140534715111176,0.62109375,0.734375,0.765625,0.84765625,3.3597323101184293,2.954046181097742,2.9543813744103264,3.063139987304358,3.0923935890563623,3.15625307290459,25.125,0.6800920677296665,0.59375,0.703125,0.73828125,0.8203125,-0.302734375,-0.6857306535395193,-0.58984375,-0.484375,-0.44921875,-0.400390625,51.75,1.3658227212691858,1.1875,1.3828125,1.4375,1.55078125,8.365422686095963,0.19524664071969233,0.1675414044370313,0.19087835589038704,0.19567076282406448,0.20527557751738446,0.2949256462572593,0.5282253631317014
R1f,mtbench,A_src15_origbasis,0.08665930479764938,0.15064435452222824,0.22407561838626863,0.2782930180430412,0.4675787243247035,0.6250074052810678,1.1938676886558592,4.432674789902795,325.61737060546875,616.4364393474541,325.61737060546875,788.0;1384.0;4062.0;290.0;2352.0;4055.0;133.0;2629.0;2992.0;2265.0,0.942801574882439,0.1578796544743014,0.9002464200952407,0.9199788754093253,0.9266718878796358,0.9412329533962341,44434,4096,300724.5202046063,300727.5202046063,325.61737060546875,8.943731776895933e-05,0.11463661315765347,0.08665930479764938,-297.93121337890625,2.2601483012977583,0.8851879228721472,0.528225377056165,325.61737060546875,4.773489738503868,3.598647952079773,5.301607894897462,5.862392401695251,7.297453150749203,1335.701484734628,98.63111050304072,64.05234623798628,211.0056399018637,286.9024407953698,542.4464786441642,325.61737060546875,4.7716084319242835,3.598647952079773,5.301607894897462,5.862392401695251,7.297453150749203,-0.40917834639549255,-2.481049059185672,-1.403132975101471,-0.9606015205383299,-0.8484498262405397,-0.6390327358245851,623.5484924316406,7.2526574911099555,5.01530396938324,6.992899978160859,7.585339516401291,9.189191265106201,8.365422663029632,0.19524664293066388,0.16754140006686477,0.1908783578704084,0.1956707703874864,0.2052756003975575,-106.41319565418365,0.5282253694845543
R1f,mtbench,A_src22,0.216796875,0.375,0.55078125,0.66796875,0.96484375,1.421875,11.75,19.500012499993318,26.75,44.146425383594725,26.75,1950.0;3280.0;2154.0;2521.0;58.0;1027.0;2149.0;206.0;235.0;919.0,0.4285075258600428,0.5610566198332663,0.006450397701721561,0.027551843196981403,0.049946251187608176,0.18684667019420254,44434,4096,345.90993396325143,348.90993396325143,25.125,-0.00033999236287826976,0.2924575299801446,0.216796875,-26.75,19.391420495597682,1.5923141164935597,0.6059380746587147,26.75,1.352190977770401,1.265625,1.5390625,1.6171875,1.8046875,3.324317577388475,2.956451036894891,2.9579078475901603,3.0667355196849075,3.09659405067017,3.1561153926601624,25.125,1.288460659348697,1.2109375,1.4765625,1.546875,1.734375,-0.58984375,-1.295608198395373,-1.2109375,-0.92578125,-0.83984375,-0.703125,51.75,2.58406885774407,2.4296875,2.9140625,3.0390625,3.3125,8.373210861318965,0.3653701091629685,0.3421861547084338,0.3989174605611856,0.4114621024632317,0.4350447025364843,0.20007211287589122,0.605937979273707
R1f,mtbench,A_src22_origbasis,0.1671096831560135,0.29355480521917343,0.4426305949687961,0.5585647761821744,0.9557855939865132,1.3107920813560487,2.5939438624382145,8.667648468187329,326.05816650390625,538.1047570485422,326.05816650390625,788.0;1384.0;4062.0;290.0;2352.0;4055.0;133.0;2992.0;2629.0;761.0,0.8250167090000226,0.30183583227397315,0.7187587053659418,0.757844154100005,0.7751274998696634,0.8204669074443707,44434,4096,174551.53855017002,174554.53855017002,326.05816650390625,-0.00012215835017744735,0.22772449920948004,0.1671096831560135,-298.35064697265625,4.280872786782815,1.5773651074506905,0.6059380859078574,326.05816650390625,8.300377645541166,7.2918784618377686,10.277413272857666,11.048253059387207,12.510151100158689,1337.5603964035156,103.52886840617323,67.86625689027437,236.69689097159244,308.4443566772052,483.8352677257215,326.05816650390625,5.1512097064723426,3.910716414451599,5.518053483963013,6.0812783479690555,7.627321934700012,-0.7987955808639526,-8.130119438597582,-7.291045904159546,-3.5145922660827553,-2.4553628444671647,-1.1983118164539355,624.4088134765625,13.281329145069925,11.25354790687561,15.309962654113772,16.535915541648865,19.146791400909425,8.373211116121466,0.3653701197512043,0.3421861415829536,0.39891747604871886,0.411462111777575,0.43504472995896215,-71.22020352382462,0.6059380735941713
R1f,mtbench,A_src29,0.4296875,0.734375,1.0625,1.2734375,1.7890625,2.265625,11.75,19.375,26.75,32.54497145779356,26.75,1950.0;3280.0;2154.0;2521.0;58.0;2557.0;206.0;2149.0;919.0;235.0,0.2703265896155833,0.7981991208885003,0.004276542238359213,0.01776503089640935,0.032672948218863504,0.1271759317111301,44434,4096,100.66615712353898,103.66615712353898,25.0,-0.00188553303988906,0.5430488043154325,0.4296875,-26.75,14.29545475248876,2.1766350653722912,0.8219395747417122,26.75,2.4282837326146645,2.34375,2.796875,2.9375,3.25,3.267122728608988,2.8525040465984834,2.861386363735008,2.993934947108589,3.0324595244947092,3.114009589199374,25.0,2.326212929569699,2.25,2.6875,2.828125,3.1667187499999727,-1.125,-2.3220440006526535,-2.234375,-1.796875,-1.609375,-1.390625,51.625,4.648256930222352,4.515625,5.296875,5.53125,6.015625,8.359886578591665,0.6747725444408071,0.6578996477998479,0.749104211808737,0.7727912999950931,0.8167267265386142,0.10298151940568118,0.8219374120282773
R1f,mtbench,A_src29_origbasis,0.32845331728458405,0.5706110000610352,0.8426702678203585,1.0395997881889343,1.5806236517429357,1.9580102753639221,3.697059801101874,23.96919751529426,325.4023132324219,395.8956537625311,325.4023132324219,788.0;1384.0;4062.0;2352.0;290.0;761.0;1658.0;2742.0;2219.0;1951.0,0.651234893521861,0.5498814742578101,0.5341188276055041,0.5715933469320774,0.5907725612729965,0.6441447660149615,44434,4096,51073.5051551473,51076.5051551473,325.4023132324219,-0.004548038325525941,0.4270369942472966,0.32845331728458405,-297.35614013671875,4.497970197006476,1.9230411355813932,0.8219395947893052,325.4023132324219,21.51307402274104,21.22111225128174,27.11236095428467,28.688184261322018,31.91251516342159,1458.0315071459356,311.33892173438727,269.2067981999222,614.4700148659231,741.4257544515372,1010.9177696895981,325.4023132324219,5.853372938925287,4.593310356140137,6.631583642959595,7.406718587875366,9.017400941848754,-1.216135025024414,-21.399448792299765,-21.22111225128174,-12.742328453063957,-8.477049207687386,-1.6071580219268844,622.7584533691406,27.25282173122505,26.140530109405518,32.320485496521,33.96041224002838,37.14575619697569,8.359886617324346,0.6747725656338938,0.6578996772403267,0.7491042372110279,0.77279128117027,0.8167268069226283,-32.34238176837112,0.8219270118628521
R1f,mtbench,B_concat,0.09765625,0.2578125,0.5546875,0.80078125,1.421875,1.984375,11.3125,18.75,26.75,44.23945186168789,26.75,1950.0;18334.0;6046.0;10142.0;14238.0;11472.0;15568.0;3280.0;7376.0;19664.0,0.5152141657276789,0.5294445282093304,0.006827072209122666,0.02911856292839417,0.05292550290444237,0.19567205467566656,44434,20480,345.187789879961,348.187789879961,25.125,-0.0005850022153356199,0.2270967800885479,0.09765625,-26.75,18.708740156461467,2.3515129202182234,0.6046639113801034,26.75,2.4282837326146645,2.34375,2.796875,2.9375,3.25,10.947094209291173,8.308366575138516,8.316618021514003,9.018268549182217,9.25363801830554,9.724678140172474,25.125,2.326820572365756,2.25,2.6875,2.828125,3.1667187499999727,-1.125,-2.3220440006526535,-2.234375,-1.796875,-1.609375,-1.390625,51.75,4.648864573018409,4.515625,5.296875,5.53125,6.015625,8.345455333801393,0.3664703845164674,0.34300072222421485,0.3901075553602357,0.4016610951622502,0.4228771676582902,0.20565500458858343,0.6046636283901106
R1f,mtbench,C_Zt_fp,2.296875,4.0,6.0,7.5625,59.0,114.5,242.0,576.0,1568.0,113.83343854996183,1568.0,432.0;2017.0;2117.0;2062.0;3960.0;977.0;2910.0;3230.0;4030.0;3447.0,0.7279643328444179,10.144992094725133,0.09455864836067511,0.22372433413083023,0.2983412124810022,0.515139490437719,125480,4096,1311.1256528341446,1314.1256528341446,1568.0,0.03347949792922891,3.8979879812418896,2.296875,-1336.0,17.56868120477727,4.283273516867186,13.774511426287104,1568.0,173.17029008606949,161.0,212.0,227.0,284.0,724.2476903005752,306.5590961548523,299.74013205262423,455.9348065969888,495.7006322877376,569.1739594068019,1568.0,144.67819373605354,130.0,184.0,214.0,284.0,-51.25,-167.26183057060885,-157.0,-116.0,-108.5,-91.0,2904.0,311.9400243066624,290.0,383.0,412.0,517.0,144.52281590471534,6.533431058532897,5.41790611268348,6.619226417290609,7.115425090925952,8.699517971750629,2.7835494407324437,13.7744707396013
R1f,mtbench,C_Ht_fp,0.515625,0.91015625,1.3515625,1.65625,2.3125,2.65625,6.71875,21.5,29.125,30.02905968065839,29.125,3573.0;604.0;2361.0;3230.0;3331.0;1601.0;494.0;707.0;3510.0;1371.0,0.36577960246504826,0.8419431334358917,0.2452876065769706,0.2719544098052065,0.2836213767781804,0.3259626449919691,125480,4096,101.97249266300929,104.97249266300929,23.75,0.0022063521090834658,0.6662914191820745,0.515625,-29.125,6.927304540066045,2.3842815626273826,0.9698938398247385,29.125,21.493000876633726,22.125,25.25,25.75,27.125,382.8723360233426,107.11796698911262,98.89660754584277,175.9979281535474,201.4060420503381,256.2542591841246,23.75,16.788591807459355,17.375,20.25,20.875,22.0,-6.8125,-21.492988922537457,-22.125,-16.875,-14.0,-12.0,51.5,38.28158072999681,39.5,45.125,46.375,48.0,1.1313790511132955,0.9655011299831348,0.9898417966900853,1.036528447255626,1.049894458541372,1.0827027802490277,-0.864165931844042,0.9698913302738335
R2,gsm8k,A_src1,0.01531982421875,0.0264892578125,0.03857421875,0.047119140625,0.0703125,2.0782031250000728,11.3125,18.125,24.375,41.251367671950575,24.375,3280.0;2154.0;1950.0;2521.0;58.0;610.0;1800.0;2557.0;2520.0;2926.0,0.6169887368439148,0.4796558542257745,0.009118328276982302,0.03834779779633425,0.06924470551349858,0.25224560180613215,20490,4096,455.2310699815683,458.2310699815683,24.375,-0.0004768887678291938,0.05475054752072648,0.01531982421875,-24.0,19.144865509289883,0.11899432982293434,0.5908894995637711,24.375,0.22880733074823084,0.0869140625,0.10546875,0.111328125,0.13291992187500057,3.432922136443478,2.98407892860175,2.9839611038682614,3.08389447723464,3.114267613816614,3.1672279491168465,24.375,0.2249257926885066,0.08251953125,0.10205078125,0.1083984375,0.130859375,-0.0478515625,-0.22200629260843704,-0.08251953125,-0.064453125,-0.06103515625,-0.055419921875,48.375,0.4469320852969436,0.16650390625,0.19921875,0.20849609375,0.2451171875,7.739822093867723,0.06793732161395812,0.023022229450308178,0.02697008915823779,0.02794485852619266,0.031184241144559036,0.15534389440314847,0.5908893071226006
R2,gsm8k,A_src1_origbasis,0.012138004414737225,0.021801123395562172,0.034149737656116515,0.04488315377384423,0.10588718518614816,0.2164981321990516,0.9354359241128748,2.0336127380116054,300.0799865722656,507.8445274788352,300.0799865722656,788.0;1384.0;4062.0;290.0;2352.0;4055.0;133.0;1039.0;1189.0;709.0,0.9955743768580148,0.06667464413370328,0.9824043872269679,0.9901623499298565,0.9915777625760018,0.9936879472315064,20490,4096,224502.38477437105,224505.38477437105,300.0799865722656,-0.0005314095978323228,0.020548370629504008,0.012138004414737225,-274.7288513183594,1.5830979609612414,0.17919964653815176,0.5908894756865756,300.0799865722656,2.0074017315557553,0.25442053377628326,0.3419631689786911,0.37120776027441016,0.47477877140045166,1319.01847300123,29.73285912396025,13.859640604120603,52.58541607513793,71.975371893507,119.55836183357475,300.0799865722656,2.0041210083560923,0.2527240514755249,0.3419445633888245,0.37120776027441016,0.47477877140045166,-0.09252406656742096,-1.790566241236839,-0.1852843016386032,-0.1412159517407417,-0.13132401853799822,-0.1170114132761955,574.808837890625,3.7946872495929314,0.4378989487886429,0.5617611810564995,0.6021321684122085,0.7897086387872697,7.739822053761639,0.06793732054939638,0.02302223033334583,0.02697008986774852,0.027944859694702756,0.031184242023415285,-97.71065983118704,0.5908892367279975
R2,gsm8k,A_src8,0.064453125,0.11083984375,0.16015625,0.193359375,0.28125,2.078125,11.375,18.125,24.375,40.67795772284556,24.375,3280.0;2154.0;1950.0;2521.0;58.0;610.0;1800.0;2557.0;2520.0;2926.0,0.6019451906098372,0.4973565678361573,0.008886846689861987,0.037416792059843614,0.06758207387746806,0.2468453167258147,20490,4096,432.7370351206707,435.7370351206707,24.375,-6.736649968933373e-05,0.1123326359207127,0.064453125,-24.0,18.98304693732793,0.46936105064821804,0.5992188734271314,24.375,0.5014658922797707,0.357421875,0.421875,0.443359375,0.50390625,3.3897362677341394,2.980835779327809,2.9803337972336275,3.08054792824644,3.112034681151922,3.1710293513300902,24.375,0.4856315199487555,0.341796875,0.404296875,0.427734375,0.5,-0.2080078125,-0.48085799284712055,-0.33984375,-0.2890625,-0.275390625,-0.2578125,48.375,0.966489512795876,0.685546875,0.791015625,0.830078125,0.93359375,7.754172147130389,0.14001940940091592,0.09499650932256831,0.1066462957116051,0.11043485592563534,0.12771664427940016,0.1856878358245874,0.5992188696403304
R2,gsm8k,A_src8_origbasis,0.05609072186052799,0.0975016038864851,0.14499400556087497,0.18111602067947385,0.32845780581235934,0.48322802379727475,1.0382702022791572,2.2968247599587372,300.31158447265625,501.17168385813227,300.31158447265625,788.0;1384.0;4062.0;290.0;2352.0;4055.0;133.0;1039.0;709.0;1189.0,0.978416935756474,0.11837244809804193,0.9586688946446784,0.9691940161248946,0.9718947076612404,0.9760587127186257,20490,4096,213585.0404683871,213588.0404683871,300.31158447265625,-0.00014935951892636946,0.07391722648200645,0.05609072186052799,-275.29901123046875,1.7327058045053454,0.5481431956891955,0.5992189785360381,300.31158447265625,3.223276765190025,1.4491832256317139,2.1147102594375613,2.3201410770416255,3.0151335811615017,1316.9280781369414,39.261097725550066,21.077867850693618,71.0733152484859,98.05992739005853,187.12571047126943,300.31158447265625,3.2193085065130607,1.4491273164749146,2.1147102594375613,2.3201410770416255,3.0151335811615017,-0.352294921875,-2.354360141060072,-0.7269674837589264,-0.5572257995605469,-0.5224955946207046,-0.47217267751693726,575.610595703125,5.5736686475731325,2.1969786286354065,2.9744610965251925,3.2180909574031826,4.023841584920883,7.754173222093253,0.14001942073690685,0.09499651421711851,0.10664629985305947,0.11043485763621397,0.12771664772541177,-94.93014750672664,0.5992189599215858
R2,gsm8k,A_src15,0.1103515625,0.1884765625,0.271484375,0.328125,0.4765625,2.046875,11.375062500002969,18.375,24.625,39.88999759429205,24.625,3280.0;2154.0;1950.0;2521.0;610.0;58.0;1800.0;2557.0;2520.0;1027.0,0.5750653612673136,0.5263057546591455,0.008491167753580327,0.03586618458250637,0.06494175668113947,0.23758378682275957,20490,4096,394.17426923407726,397.17426923407726,24.625,9.501876294372667e-05,0.16577272838833645,0.1103515625,-24.25,18.42644531005239,0.7719828214631392,0.617322674482278,24.625,0.7492503012140068,0.609375,0.69921875,0.734375,0.8246484375000023,3.3393894632672465,2.9730411063113285,2.9717139856173898,3.074315030237542,3.104612893705002,3.1667215129508013,24.625,0.7229090409956076,0.58203125,0.67578125,0.70703125,0.80078125,-0.34375,-0.7195818653916545,-0.578125,-0.49609375,-0.4765625,-0.43359375,48.75,1.4424909063872622,1.1640625,1.31640625,1.3671875,1.5004296875000023,7.806314070188413,0.20690319657133713,0.16360983235468496,0.17830179966324183,0.18277025927895252,0.19937682887059172,0.16703019688297635,0.6173226671695987
R2,gsm8k,A_src15_origbasis,0.0936061479151249,0.16216017305850983,0.24048416614532475,0.2997284859418868,0.5317439234256744,0.7323722866177559,1.2508244919777276,3.6834675421706313,302.3568115234375,489.7872798316596,302.3568115234375,788.0;1384.0;4062.0;2352.0;290.0;4055.0;133.0;1039.0;1189.0;3231.0,0.9509663005746593,0.172059894774877,0.9167245187932637,0.9330964669504368,0.9377943990847188,0.9479482368360804,20490,4096,194890.36347416413,194893.36347416413,302.3568115234375,0.00010503190143382893,0.12092156954140416,0.0936061479151249,-276.97198486328125,2.026208446853857,0.8613710685379647,0.6173227112540731,302.3568115234375,4.503858655251894,2.716694951057434,4.082438278198242,4.5355000495910645,6.098855295181276,1317.4063606858674,48.05113978876649,26.69048279319683,90.57009944820095,125.54068406431642,274.93898926263086,302.3568115234375,4.499511409530179,2.716694951057434,4.082438278198242,4.5355000495910645,6.098855295181276,-0.456865519285202,-2.830030277006332,-1.195848524570465,-0.8917927742004395,-0.8152400493621826,-0.6975250178575516,579.3287963867188,7.32954168653651,3.9244375228881836,5.470680844783783,6.005593597888946,7.898894970417033,7.806314687147851,0.20690320446673618,0.16360983695994027,0.17830180591761188,0.18277025930992982,0.19937683253078858,-88.59538558450674,0.6173227023189568
R2,gsm8k,A_src22,0.232421875,0.3984375,0.578125,0.69921875,1.0078125,2.078125,11.4375,18.375,24.625,35.7184696923009,24.625,3280.0;2154.0;1950.0;2521.0;610.0;58.0;1800.0;2557.0;2520.0;1027.0,0.46865402166500514,0.6274280664704541,0.007048067229996038,0.029720527908206174,0.05422563725628963,0.20100219281916773,20490,4096,253.95198444484254,256.95198444484254,24.625,-0.0005245439219788506,0.31072812052270904,0.232421875,-24.25,16.590050643885952,1.4618282329653605,0.6894192335823365,24.625,1.432450280624695,1.296875,1.5078125,1.578125,1.78125,3.396522691695337,2.972516010857719,2.973364804120707,3.0711851615202543,3.102144444108157,3.158003775962551,24.625,1.3765482018667643,1.2421875,1.453125,1.53125,1.734375,-0.69921875,-1.3686968109443631,-1.234375,-1.015625,-0.94921875,-0.84765625,48.75,2.7452450128111274,2.4921875,2.8515625,2.9609375,3.265625,7.817506458894823,0.38833655622089025,0.35061967310192776,0.38840755597969145,0.39869576145612423,0.42208535438414596,0.11493154127020322,0.6894190340329531
R2,gsm8k,A_src22_origbasis,0.18843527138233185,0.32775362581014633,0.4871491879224782,0.6083316445350646,1.0376563131809249,1.3850705724954617,2.482346138239103,8.30330515183765,302.8311767578125,439.25545838901434,302.8311767578125,788.0;1384.0;4062.0;2352.0;290.0;4055.0;133.0;1039.0;1189.0;3231.0,0.8521011865569905,0.31960112605378904,0.7667999669727076,0.7941004174238752,0.807392901967663,0.8432646790903684,20490,4096,126186.50823113907,126189.50823113907,302.8311767578125,-0.0005729555020681131,0.24237740411566844,0.18843527138233185,-277.4205322265625,3.6006335361713604,1.505116495522065,0.6894192683875963,302.8311767578125,8.891259996864258,7.363713979721069,9.827446365356447,10.549509096145629,12.162120447158818,1318.9279333452957,83.0612927326992,58.448011851573405,164.27978253690276,212.2454545602953,355.7701439007964,302.8311767578125,4.870117307581978,3.0547984838485718,4.1091724872589115,4.567220115661621,6.083605728149421,-1.0557756423950195,-8.735649380537287,-7.363713979721069,-4.164067745208739,-3.2953828811645516,-1.7752177715301514,580.251708984375,13.605766688119266,10.462600231170654,13.600091934204102,14.576011896133421,17.198354334831244,7.817506460106714,0.3883365688795504,0.35061966527952415,0.38840756921781316,0.39869577209652607,0.4220853670084854,-64.4088476391854,0.689419030304561
R2,gsm8k,A_src29,0.47265625,0.80859375,1.1640625,1.3984375,1.953125,2.546875,11.5625,18.5,24.875,27.147034045592434,24.875,3280.0;2154.0;1950.0;2557.0;2521.0;58.0;1800.0;610.0;2149.0;2520.0,0.3109378731455843,0.8812474218468664,0.005138052842955053,0.019937235354303806,0.036369133058124906,0.14114699060045147,20490,4096,80.5426398906106,83.5426398906106,24.875,-0.0012266553617536493,0.5903673775336478,0.47265625,-24.375,12.618596227222614,2.131519632976793,0.9163063618008274,24.875,2.6879167429233775,2.546875,2.953125,3.078125,3.46875,3.2821501434197327,2.909580473840611,2.912620735024939,3.029764177318098,3.063416382252142,3.1369773489864574,24.875,2.5838549292337727,2.4375,2.84375,2.984375,3.376718750000009,-1.390625,-2.5623806582479256,-2.421875,-2.0625,-1.9609375,-1.7578125,49.25,5.146235587481699,4.890625,5.5625,5.78125,6.34375,7.817440174047154,0.7358783425191747,0.6985873198491328,0.7794740629942857,0.8014301234134464,0.847558184447835,0.0589553724565621,0.916305540741347
R2,gsm8k,A_src29_origbasis,0.3855351060628891,0.6664398312568665,0.9732354879379272,1.1874259173870085,1.769475297927858,2.207954858541489,3.8679193089009853,22.332223987170295,302.3805236816406,329.99934738091304,302.3805236816406,788.0;1384.0;4062.0;2352.0;290.0;1951.0;761.0;1658.0;2252.0;2742.0,0.6631368484924658,0.6122519802140066,0.5345955077878768,0.572834053515639,0.5898116066137492,0.641700294804691,20490,4096,40162.35123837618,40165.35123837618,302.3805236816406,-0.004324829803930507,0.4805105817296864,0.3855351060628891,-276.6623229980469,4.221207213078373,1.9310955825237681,0.9163064293354725,302.3805236816406,20.827311511630835,19.60086727142334,26.498856544494632,28.148113536834718,31.96344926834107,1308.3335206138954,192.18691700702624,157.24601487769863,388.1265704414901,467.342561259682,704.5573941606581,302.3805236816406,6.5881928310270945,4.875730752944946,6.382252073287965,6.825567960739136,7.84505823135376,-1.736215353012085,-20.674487542215935,-19.60086727142334,-11.291606903076172,-9.003565645217908,-4.290232129096977,579.0428466796875,27.262680373243033,24.459069848060608,32.04851045608521,33.78339555263519,37.98413535118104,7.817441273268429,0.7358783699594866,0.6985873455758609,0.7794741281084391,0.801430176721755,0.8475580457230542,-29.65259235684715,0.9162962230025234
R2,gsm8k,B_concat,0.1005859375,0.271484375,0.59765625,0.87109375,1.578125,2.34375,11.375,18.250012499993318,24.875,35.87246695788713,24.875,19664.0;11472.0;15568.0;3280.0;18538.0;7376.0;10346.0;14442.0;6250.0;2154.0,0.5289040619672116,0.6023987330076797,0.007417645148474558,0.030892691810274618,0.05627147721791483,0.2069009688658158,20490,20480,244.9658244559416,247.9658244559416,24.875,-0.00044008715766146014,0.24679028197722647,0.1005859375,-24.375,16.403992427978537,2.2758286198157034,0.6934287521737013,24.875,2.6879167429233775,2.546875,2.953125,3.078125,3.46875,11.269484130587413,8.836547551129975,8.860937313214592,9.444648481063929,9.635844409593183,10.046958788510594,24.875,2.5838549292337727,2.4375,2.84375,2.984375,3.376718750000009,-1.390625,-2.5625636743533433,-2.421875,-2.0625,-1.9609375,-1.7578125,49.25,5.146418603587116,4.890625,5.5625,5.78125,6.34375,7.787122051234922,0.4004534831930171,0.36055222721560987,0.3976572996199493,0.40805196900283247,0.43065208197355764,0.11587799737112273,0.6934286125222048
R2,gsm8k,C_Zt_fp,2.6845743656158447,4.674445986747742,6.954882669448853,8.77503981590271,64.19146781921445,115.74630428314241,238.92828387454216,558.6791645629742,1452.245849609375,79.30027957812786,1452.245849609375,432.0;2017.0;2117.0;2062.0;3960.0;977.0;2910.0;3230.0;4030.0;3447.0,0.7404186937967628,13.319593126595805,0.07272234071276099,0.2003801754712157,0.2802667989324916,0.5096427935648893,42995,4096,689.6413572148118,692.6413572148118,1452.245849609375,0.03887373545715654,4.825692913055804,2.6845743656158447,-1243.1151123046875,13.046743921127318,3.5051925581080634,18.31325005832546,1452.245849609375,171.8565424706523,143.64312744140625,215.8852081298828,232.21121215820312,1449.0820385742188,462.5238426346263,210.35524219652248,194.40852270807233,359.89375922687975,404.42613883758287,443.8467726620354,1452.245849609375,148.10610999355677,112.78450012207031,215.8852081298828,232.21121215820312,1449.0820385742188,-62.116031646728516,-160.45324650123544,-140.8478546142578,-113.39041137695312,-103.64884185791016,-88.63973236083984,2695.3609619140625,308.5593564947922,256.79180908203125,391.7687683105469,415.0338592529297,2688.47607421875,135.08650985802424,7.781594205443822,5.472677549561105,7.1066468684537805,7.465482053261046,134.6210860118046,2.0811942180447067,18.313208799428054
R2,gsm8k,C_Ht_fp,0.471238911151886,0.8268972784280777,1.2229302525520327,1.493990969657898,2.12975331068039,2.52089524269104,11.26695158863421,27.20274356880186,33.00542068481445,33.00542167999289,33.00542068481445,3573.0;494.0;604.0;3230.0;2361.0;1601.0;3510.0;1801.0;2117.0;707.0,0.524933550124383,0.7626008773073902,0.3559755859029584,0.4586624312310255,0.4715719641490674,0.5111593834066466,42995,4096,207.30529889733768,210.30529889733768,32.91232681274414,0.0024510254457849093,0.603098638741731,0.471238911151886,-33.00542068481445,11.266951928354992,2.1297533748966466,0.9999999698480314,33.00542068481445,26.19613114219583,26.491682052612305,30.501506805419922,31.35633659362793,32.25588607788086,462.52386438112444,210.3552422204446,194.4085163706239,359.8937662973629,404.42613895516604,443.8467968292114,32.91232681274414,21.672273698680996,20.68340301513672,29.795764923095703,31.209810256958008,32.25588607788086,-9.199134826660156,-25.052596846402057,-25.233884811401367,-21.672439575195312,-20.633586883544922,-9.206130981445312,59.31644821166992,46.72487054508306,47.05478096008301,54.32784194946287,56.5105037689209,57.996665954589844,1.000000125136428,0.9999999698480305,0.9999999682181486,1.0000000263975002,1.000000045811966,1.0000000754665754,-0.4635939670565855,0.9999969660805617
R2,gsm8k,S3_Zt_dep,2.7975361347198486,4.856528639793396,7.2195604324340925,9.079853677749625,67.0050516510019,119.5330138778696,242.42679008483896,541.2220231197052,1444.4410400390625,77.47661392240914,1444.4410400390625,432.0;2017.0;2117.0;3960.0;2062.0;2910.0;977.0;3230.0;4030.0;3700.0,0.7288554205538816,13.769414179104965,0.06859205276786823,0.18729155013851648,0.2626080913215166,0.49001330648904723,42995,4096,631.8604393157509,634.8604393157509,1444.4410400390625,0.05272133384961955,4.987914162260291,2.7975361347198486,-1248.9765625,13.003235368709861,3.5940023675008343,18.643574711275242,1444.4410400390625,165.01334954048951,137.60569763183594,200.44430541992188,219.1986541748047,1432.76123046875,442.15156336945853,180.51498960912866,161.8641320369665,322.3488182821661,366.8929798930052,413.86125827270445,1444.4410400390625,141.78363731473888,108.28011322021484,200.44430541992188,219.1986541748047,1432.76123046875,-59.054901123046875,-154.66115237973654,-135.43544006347656,-108.7861328125,-99.22639465332031,-85.46435546875,2689.537841796875,296.44478969447545,246.77912139892578,363.9291076660156,388.3400573730469,2673.27734375,138.3473987557061,7.7989980504712015,5.486992466483728,6.733724784902031,7.219972668569953,137.37718128834538,2.1705733502279756,18.6435001669713
R2,gsm8k,S3_Ht_dep,0.49235257506370544,0.858714148402214,1.2632765173912048,1.5414045691490172,2.1775460505485538,2.551483798027041,10.785425544743271,26.12069337596884,32.789878845214844,32.789879773922735,32.789878845214844,494.0;3573.0;604.0;3230.0;2361.0;1601.0;3510.0;1801.0;2117.0;707.0,0.49133041206217554,0.7863446674868964,0.3269884125370404,0.4214802435785715,0.43377680060515816,0.47553251408682284,42995,4096,177.47102861031246,180.47102861031246,32.789878845214844,0.0034160406063737975,0.6235493163221691,0.49235257506370544,-31.7215518951416,10.785425850218928,2.1775461122232005,0.9999999716769962,32.789878845214844,25.169902096954747,25.33193016052246,29.459394454956055,30.59028434753418,31.84146499633789,442.1515544161717,180.5149895076864,161.86412998853848,322.3488316638728,366.8929794034918,413.86125398279404,32.789878845214844,20.780513172835054,19.738557815551758,28.914386749267578,30.49181365966797,31.84146499633789,-8.906746864318848,-24.09713960366549,-24.31524658203125,-21.108507919311524,-19.959186553955078,-9.030001640319824,58.52737998962402,44.87765277650055,44.96253204345703,52.55057334899902,54.981271743774414,56.85295104980469,1.0000001351832253,0.9999999716769955,0.9999999705472838,1.0000000272125007,1.000000046715063,1.000000080516505,-0.4378495125892824,0.9999941369930969
R2,gsm8k,S4_kctx_lin_l0,5.291499853134155,10.209736824035645,16.691465759277346,21.997824573516844,38.93501358032229,48.00762977600098,70.69749429321324,128.1420135498047,204.804443359375,18.387001239386674,204.804443359375,130.0;932.0;134.0;625.0;622.0;36.0;135.0;420.0;559.0;638.0,0.5840720930469911,9.47062358754597,0.019450594293395435,0.07116646906121031,0.11724549567321693,0.3348310947561328,42995,1024,9.30424672023787,12.30424672023787,138.16722106933594,0.050633992099452886,7.596436792929444,5.291499853134155,-204.804443359375,6.347103089505993,3.495520562025699,11.138545143547647,204.804443359375,56.897293740680766,45.67332077026367,84.60468292236328,109.323486328125,154.05442810058594,19.721952859687693,5.725474724014333,4.636648551262165,8.55226867022025,10.261552391900942,17.137324808286266,138.16722106933594,51.033796919250314,42.811241149902344,76.66618347167969,84.1533203125,136.92059326171875,-23.90097427368164,-52.52771468439245,-41.953609466552734,-33.25288009643555,-31.694339752197266,-28.864665985107422,312.0630340576172,103.56151160364276,83.29417037963867,152.9298858642578,190.1741485595703,291.861572265625,25.778354338058634,10.722330203248388,9.830495153127265,14.16042600280918,14.873970712593202,25.7507407334327,-0.18163079370636934,11.138430056057853
R2,gsm8k,S4_vctx_lin_l0,1.890028178691864,3.748384416103363,5.990967750549316,7.583732295036314,11.129420680999758,12.707148008346563,16.264578060150157,22.704749613565287,37.77865982055664,10.49437242965832,37.77865982055664,31.0;20.0;36.0;100.0;121.0;125.0;114.0;122.0;94.0;43.0,0.20964598193563155,3.5384465208461515,0.003426737504803889,0.013695089957670003,0.02455567866433616,0.09861916384423694,42995,1024,1.923904467637385,4.923904467637385,32.27002716064453,0.0057974416572684805,2.621546815120316,1.890028178691864,-37.77865982055664,4.518067617676292,3.0915941991462645,3.5998969994422674,37.77865982055664,13.096213659528717,13.337056159973145,19.58406639099121,21.544166564941406,25.447256202697755,6.477132751252441,3.5671961703572572,3.3820405308170436,4.4882724799660725,5.197545221070246,5.736741176187946,32.27002716064453,12.249766108057834,12.428359031677246,18.306050109863282,19.95231819152832,23.651132583618164,-3.130352020263672,-12.116185715753321,-12.360730171203613,-3.936645984649658,-3.605032444000244,-3.3768696784973145,63.859853744506836,24.365951823811155,24.959871292114258,36.196353149414065,39.40579319000244,46.14335823059082,6.995396394220573,3.338881182449564,3.5422234366831966,4.993435995624207,5.260917522446252,5.824771270311221,0.012723510053437215,3.5998923312043196
R2,gsm8k,S4_kdraft_lin_l0,3.5851974487304688,6.193078994750977,9.04498710632326,10.870020866394043,14.543231964111328,16.057085037231445,19.89124870300293,23.149322509765625,40.5258903503418,7.359401970792531,40.5258903503418,130.0;135.0;164.0;420.0;36.0;904.0;134.0;114.0;890.0;263.0,0.23411971517524255,5.378572927165837,0.006654238686542298,0.021663755412273656,0.03523036646721853,0.12127261845004203,3600,1024,0.29159964335317,3.29159964335317,40.5258903503418,-0.008339766993876764,4.344235950968381,3.5851974487304688,-33.90034103393555,3.612201820636113,2.641015140028161,5.506682541757884,40.5258903503418,21.045358492268456,21.221704483032227,23.723472595214844,26.295078182220458,30.537630081176758,5.820120697595267,3.251218834709031,3.187217909490981,3.4924798037905798,3.656010682208368,3.892498884097529,40.5258903503418,19.633187426196205,20.12761688232422,22.999557495117188,24.716588973999023,29.660209045409946,-13.406896591186523,-19.22983936495251,-18.94078254699707,-16.224679946899414,-15.76457405090332,-15.043344497680664,62.93759727478027,38.86302679114871,38.22050094604492,44.134817123413086,45.23767280578613,50.78260040283203,6.652797210878485,5.500181673837961,5.437539218785181,5.842232967522319,5.871877371060629,6.1536390007442545,-0.015293707579028547,5.506676226544244
R2,gsm8k,S4_vdraft_lin_l0,2.046489953994751,3.535299301147461,5.170750141143799,6.252141952514648,8.605965614318848,9.54644762992859,12.13976001739502,14.617197036743164,19.696109771728516,6.230651017135745,19.696109771728516,10.0;65.0;1023.0;83.0;905.0;1016.0;72.0;100.0;23.0;965.0,0.2405029742551812,3.087922156210278,0.0039514855311461915,0.01751252440007179,0.03304217554109419,0.12009413860111033,3600,1024,0.44517568173871913,3.445175681738719,19.696109771728516,0.021448756616509853,2.48199387765107,2.046489953994751,-17.153596878051758,3.840281607728273,2.7224040193590606,3.1611640128069465,19.696109771728516,12.429234357410007,12.470818519592285,14.460343360900879,15.247221946716309,15.306503295898438,4.761045797868227,3.429222513154183,3.410820239473577,3.859342406983622,3.9826508120297466,4.084842980831208,19.696109771728516,11.725060052076975,11.696524620056152,13.81905937194824,15.247221946716309,15.247221946716309,-8.294034957885742,-11.566944629881117,-11.25008487701416,-9.398143768310547,-9.28618049621582,-8.975865364074707,36.438493728637695,23.292004681958094,23.553958892822266,26.31302547454834,26.32908535003662,28.56836700439453,3.4773340771162027,3.1598852366630137,3.1648074817681637,3.2771663212363022,3.292812525058879,3.3628252294479104,0.008399487635272727,3.161091246184666
R2,gsm8k,S4_kctx_lin_fp_l0,6.394811630249023,12.155792474746704,19.93914833068848,26.942495632171603,52.08839344024659,65.0224110412598,101.49841828918554,163.08890839961506,324.8629150390625,23.0055836343171,324.8629150390625,130.0;135.0;386.0;932.0;519.0;258.0;36.0;420.0;134.0;625.0,0.5907226816092422,11.92616470266344,0.029947730870438893,0.08912787257178165,0.13942975382144776,0.34826821074995445,42995,1024,19.029335444922317,22.029335444922317,167.66110229492188,-0.06386036836179511,9.30365245978613,6.394811630249023,-324.8629150390625,7.187740559497187,3.6887063317852613,14.121046446936,324.8629150390625,80.35438497884701,53.88032150268555,139.903564453125,220.81321716308594,311.19097900390625,39.28754059351701,7.1271833498817685,4.329637912056968,10.646022653411025,25.673685703370243,34.65812474758059,167.66110229492188,66.44762244430278,49.439605712890625,123.00900573730469,135.7719268798828,158.25389099121094,-28.087907791137695,-74.91719195923426,-50.2493896484375,-38.46386642456055,-36.61118202209475,-33.664966125488284,483.3286437988281,141.36481440353705,98.10598373413086,261.0619812011719,359.5632781982422,465.9462155151367,27.39633026764191,13.453938202580918,11.280713959375822,19.859169391076442,23.04528354083965,26.137834804028337,-0.5479430028550744,14.12090204660724
R2,gsm8k,S4_vctx_lin_fp_l0,3.181324005126953,5.568315029144287,8.220979690551758,10.049962949752805,13.984364261627208,15.656333832740797,19.466444814682227,24.506184890360846,37.353607177734375,7.43118438706365,37.353607177734375,31.0;64.0;100.0;36.0;55.0;125.0;112.0;20.0;59.0;72.0,0.21753040291111292,4.933551898919662,0.003935223171704647,0.013658507347013708,0.02493452961811277,0.10350985043260809,42995,1024,0.670692216545604,3.670692216545604,35.47383117675781,-0.008964035095555009,3.912698814726269,3.181324005126953,-37.353607177734375,3.8726846403399144,2.7820710559369894,5.02660211779434,37.353607177734375,19.68422779742473,19.491594314575195,24.334638595581055,25.91229248046875,29.441190719604492,5.59593045617854,3.435709358072028,3.3830800310084834,3.8571650357543237,4.024047541411618,4.4553035615438565,35.47383117675781,18.045344077610583,17.84542465209961,22.929157257080078,24.077377319335938,27.442325592041016,-9.678491592407227,-18.486865434226274,-18.18151092529297,-14.351802825927734,-12.571832656860352,-10.50727653503418,63.80314826965332,36.53220951183686,36.54115676879883,44.25460739135742,46.613945579528796,52.23362350463867,6.937984581808548,4.989062337399381,5.081293868881443,5.627349452285063,5.790478115372073,6.101009778982779,-0.0019765836246720438,5.026594124920904
R2,gsm8k,S4_k_stored_ctx_fp_l0,0.7188551723957062,1.4018866419792175,2.164588522911072,2.6741536259651184,3.998643190860751,5.00341500520707,9.71132295131716,12.972887047384635,16.974462509155273,12.285808329691928,16.974462509155273,224.0;352.0;736.0;608.0;992.0;96.0;604.0;415.0;799.0;31.0,0.44635469660945437,1.2413852084754038,0.03914028335925008,0.13619267563547277,0.17228498198619574,0.2873432837861464,42995,1024,7.065756243480017,10.065756243480017,14.952709197998047,-0.022330995202238045,0.9834702895403408,0.7188551723957062,-16.974462509155273,7.028879550281457,2.89414547266202,1.3816317212219535,16.974462509155273,9.399491587804215,9.896761894226074,12.830698013305664,13.445767402648926,14.567415237426758,26.622292613206103,8.610392446865404,7.821550253580335,12.885691963535233,14.238405335709095,17.319427786082986,14.952709197998047,8.304941682486163,8.857479095458984,11.369609832763672,11.952095985412598,13.089814186096191,-4.0628342628479,-8.929295167247561,-8.693524360656738,-5.36429347991944,-5.067793083190918,-4.6066789627075195,29.987462043762207,17.234236849733723,18.089245796203613,23.695351982116698,24.648462772369363,26.640910148620605,1.6612497595142424,1.3706447658863117,1.4265615264873763,1.5554944323977398,1.5789253403608974,1.610211282120214,-0.19949433596914753,1.3814512440690825
R2,gsm8k,S4_k_stored_ctx_l0,0.7379902303218842,1.418362021446228,2.1525665760040287,2.6558334827423096,3.9625109457969687,5.304797246456165,10.192359154701514,13.527851498030387,17.135574340820312,12.268214128861151,17.135574340820312,224.0;352.0;736.0;992.0;608.0;415.0;96.0;799.0;149.0;31.0,0.49144291527265827,1.2264201063825126,0.041960376732214345,0.15275747130204606,0.20454055239007188,0.32690164613090456,42995,1024,8.091487763884828,11.091487763884828,16.829734802246094,-0.014074807514734337,0.9937961626167789,0.7379902303218842,-17.135574340820312,7.297219346203158,2.836959637541168,1.396745619275476,17.135574340820312,9.359913734292302,9.74575138092041,13.196006774902344,13.857804298400879,14.839811325073242,29.362935412160546,9.162053824898226,7.630952231498896,15.750376529547095,17.680291713988286,21.811741505474966,16.829734802246094,8.417246050689924,8.860248565673828,12.113326072692871,12.860963821411133,14.17609691619873,-3.9493625164031982,-8.972919200489528,-8.993779182434082,-5.210530757904053,-4.926519870758057,-4.581117153167725,32.858903884887695,17.390165251179454,18.12686538696289,24.83603572845459,26.099787712097168,28.058542594909657,1.7276973656627514,1.3877079682408318,1.4352833137890362,1.5649073364539092,1.5901121186889675,1.6381605907413912,-0.1724588310621763,1.396674702555558
R2,gsm8k,S4_k_stored_draft_l0,0.8931075632572174,1.5830049514770508,2.3248334646224977,2.780512011051177,3.730671424865724,4.106681823730469,4.859384536743164,6.042563919353483,7.944094657897949,5.6751490751520235,7.944094657897949,917.0;403.0;795.0;31.0;149.0;793.0;114.0;605.0;224.0;796.0,0.246581916947338,1.3611831739846436,0.003145308198182734,0.014064738411367182,0.026565080318635064,0.10837168726099856,3600,1024,0.2857413442625627,3.2857413442625627,7.278693199157715,-0.0017696703859093113,1.0946747408239756,0.8931075632572174,-7.944094657897949,3.4714757120987314,2.6651389992531955,1.3998036972597316,7.944094657897949,5.246208699146907,5.1846113204956055,6.041943550109863,6.24514772891998,6.419840607643126,4.326256341909242,3.2788931070947482,3.2323572936794025,3.533369348633719,3.596962370672475,3.786877711214239,7.278693199157715,4.747778631051381,4.59326696395874,5.536848306655884,5.809584617614746,6.188043408393859,-3.638448715209961,-5.009858182801141,-4.843457460403442,-4.2879791259765625,-4.254937672615052,-4.002802820205688,13.706607341766357,9.757636813852523,9.743714094161987,10.736997699737548,10.910848045349121,12.014921932220455,1.4588471949638333,1.3996340770447153,1.4010374589154324,1.4304507020906034,1.4320142090427552,1.4460097259412266,-0.01946796039254628,1.3998025786262647
R2,gsm8k,S4_v_stored_ctx_l0,1.890028178691864,3.748384416103363,5.990967750549316,7.583732295036314,11.129420680999758,12.707148008346563,16.264578060150157,22.704749613565287,37.77865982055664,10.49437242965832,37.77865982055664,31.0;20.0;36.0;100.0;121.0;125.0;114.0;122.0;94.0;43.0,0.20964598193563155,3.5384465208461515,0.003426737504803889,0.013695089957670003,0.02455567866433616,0.09861916384423694,42995,1024,1.923904467637385,4.923904467637385,32.27002716064453,0.0057974416572684805,2.621546815120316,1.890028178691864,-37.77865982055664,4.518067617676292,3.0915941991462645,3.5998969994422674,37.77865982055664,13.096213659528717,13.337056159973145,19.58406639099121,21.544166564941406,25.447256202697755,6.477132751252441,3.5671961703572572,3.3820405308170436,4.4882724799660725,5.197545221070246,5.736741176187946,32.27002716064453,12.249766108057834,12.428359031677246,18.306050109863282,19.95231819152832,23.651132583618164,-3.130352020263672,-12.116185715753321,-12.360730171203613,-3.936645984649658,-3.605032444000244,-3.3768696784973145,63.859853744506836,24.365951823811155,24.959871292114258,36.196353149414065,39.40579319000244,46.14335823059082,6.995396394220573,3.338881182449564,3.5422234366831966,4.993435995624207,5.260917522446252,5.824771270311221,0.012723510053437215,3.5998923312043196
R2,gsm8k,S4_v_stored_draft_l0,2.046489953994751,3.535299301147461,5.170750141143799,6.252141952514648,8.605965614318848,9.54644762992859,12.13976001739502,14.617197036743164,19.696109771728516,6.230651017135745,19.696109771728516,10.0;65.0;1023.0;83.0;905.0;1016.0;72.0;100.0;23.0;965.0,0.2405029742551812,3.087922156210278,0.0039514855311461915,0.01751252440007179,0.03304217554109419,0.12009413860111033,3600,1024,0.44517568173871913,3.445175681738719,19.696109771728516,0.021448756616509853,2.48199387765107,2.046489953994751,-17.153596878051758,3.840281607728273,2.7224040193590606,3.1611640128069465,19.696109771728516,12.429234357410007,12.470818519592285,14.460343360900879,15.247221946716309,15.306503295898438,4.761045797868227,3.429222513154183,3.410820239473577,3.859342406983622,3.9826508120297466,4.084842980831208,19.696109771728516,11.725060052076975,11.696524620056152,13.81905937194824,15.247221946716309,15.247221946716309,-8.294034957885742,-11.566944629881117,-11.25008487701416,-9.398143768310547,-9.28618049621582,-8.975865364074707,36.438493728637695,23.292004681958094,23.553958892822266,26.31302547454834,26.32908535003662,28.56836700439453,3.4773340771162027,3.1598852366630137,3.1648074817681637,3.2771663212363022,3.292812525058879,3.3628252294479104,0.008399487635272727,3.161091246184666
R2,gsm8k,S4_kctx_lin_l1,5.864149570465088,11.961639404296875,20.419129180908218,26.071872711181634,36.7783098602295,40.71934888839722,49.496989860535194,60.99334247855983,88.17184448242188,7.383709167697168,88.17184448242188,783.0;990.0;786.0;85.0;856.0;782.0;23.0;848.0;861.0;528.0,0.6219061124737317,9.888036671748301,0.012537249040897262,0.05277178585501212,0.09045938203348666,0.3113131780208881,42995,1024,1.7839122071543843,4.783912207154384,88.17184448242188,0.47963516285281577,8.5505535866125,5.864149570465088,-77.75836944580078,4.144989593356058,3.079898637501255,11.94140268527409,88.17184448242188,47.833676265685945,46.96875762939453,59.50531921386719,64.76302337646484,77.01007080078125,8.26390954958344,4.290609978443181,4.288800423775725,4.829572827391644,5.042246918078284,8.075188586445403,88.17184448242188,45.40390909884555,45.78657531738281,58.22194976806641,62.18608245849603,70.99269378662109,-24.53832244873047,-43.099603904487225,-42.44866180419922,-34.7288703918457,-33.01078796386719,-29.246440887451172,154.78289794921875,88.50351300333278,88.27872085571289,108.8198127746582,113.27543983459447,125.03456497192383,17.890686009986943,11.70290283285397,12.193522988785773,14.340491315827292,14.924006347947465,15.898429397808574,0.17271858429592912,11.931766348802947
R2,gsm8k,S4_vctx_lin_l1,2.5090534687042236,4.793468475341797,7.513733768463141,9.430974721908568,13.488418531417848,15.121143131256105,18.72529785156295,23.319640861128875,41.03115463256836,9.081108257090396,41.03115463256836,867.0;286.0;309.0;870.0;330.0;344.0;329.0;333.0;261.0;315.0,0.14770539124785564,4.476122056403445,0.0030794974137318375,0.013923559140886837,0.02538284917225215,0.09507504284438398,42995,1024,1.336595613905435,4.336595613905435,41.03115463256836,0.03598961704975381,3.3694618791534947,2.5090534687042236,-35.2066764831543,4.144325414652881,2.985287399236965,4.5182981494061405,41.03115463256836,15.672301337092073,15.758186340332031,22.65110969543457,24.230518341064453,28.769371032714844,5.26662656686294,3.299144397455009,3.182900718033529,3.8131064668951127,4.174839469387361,4.781569591374991,41.03115463256836,14.535548323034506,14.666685104370117,21.766796112060547,23.372081756591797,27.7181339263916,-5.980657577514648,-14.764426936819355,-14.848549842834473,-7.681195259094238,-7.305084228515625,-6.837751388549805,60.776031494140625,29.29997525985386,29.70838165283203,42.79331398010254,45.14793014526367,51.23724060058577,7.8068490654966585,4.257483045252575,4.440196353313676,6.100120535413994,6.47936884707697,6.993257608543633,0.0037976701614445196,4.518154813017319
R2,gsm8k,S4_kdraft_lin_l1,2.2697396278381348,4.844945430755615,9.079867076873784,12.487869453430172,21.964937210083008,25.585598964691165,35.83852975082552,53.161914033119096,87.89500427246094,15.153695856770682,87.89500427246094,256.0;783.0;529.0;23.0;786.0;528.0;85.0;149.0;211.0;782.0,0.7587537181418823,4.155006465843774,0.024905690273168038,0.099575465937734,0.1688225763178462,0.4643451733495599,3600,1024,7.304883700375809,10.30488370037581,87.89500427246094,0.22488715254250616,3.740415998365071,2.2697396278381348,-69.06129455566406,6.178806000331421,3.7869043951904198,5.800235474119628,87.89500427246094,28.866035480499267,26.621261596679688,36.55556945800781,42.810658836364745,60.65098636627196,7.738186398696679,6.970796903544953,7.034640915785216,7.319448295763197,7.384200655321177,7.525033446016817,87.89500427246094,28.866035480499267,26.621261596679688,36.55556945800781,42.810658836364745,60.65098636627196,-15.333449363708496,-23.20481561422348,-21.4588680267334,-18.75370635986328,-18.290567016601564,-17.19637254714966,152.97533416748047,52.07085109472275,48.048051834106445,66.1020523071289,77.81314373016346,109.786089515686,18.512099833222717,5.582998529447369,5.101635906327226,7.101643195516171,8.54602494566595,12.75282481159724,0.5145089727670982,5.795874163908071
R2,gsm8k,S4_vdraft_lin_l1,0.732031911611557,1.2807578444480896,1.914499640464783,2.382120430469512,3.726731777191162,4.53205680847168,6.685311796188536,10.30496964730918,19.485029220581055,16.23742940798331,19.485029220581055,264.0;361.0;698.0;310.0;273.0;258.0;542.0;752.0;320.0;514.0,0.3117202908447694,1.152737092345206,0.005118598312991269,0.024022534043531902,0.04252899307658016,0.153730195418873,3600,1024,3.477338031619751,6.477338031619751,19.485029220581055,0.015422648290637223,0.9054688118882189,0.732031911611557,-17.985965728759766,5.571060588726814,3.1055916555010006,1.2000070165663677,19.485029220581055,4.12319904519452,3.6222935914993286,5.501162433624267,7.25761384963989,11.899201059341419,6.7798096830053245,3.1270018663407577,3.0919918590681537,3.355651774630946,3.4876870921592253,3.9340856028377096,19.485029220581055,3.833684372769462,3.3766645193099976,5.10012264251709,6.685640764236441,11.267427234649658,-2.355760097503662,-3.9166655168268414,-3.4744036197662354,-2.931472706794739,-2.822995698451996,-2.6501916670799255,31.492809295654297,7.750349889596303,6.819145321846008,10.160853767395018,13.436447715759273,22.0004112339019,4.004147550934824,1.1434245826720109,1.026491151808009,1.4743190729695423,1.8315848519572981,2.9014398021344134,0.0004804102895596101,1.1999079055195103
R2,gsm8k,S4_kctx_lin_fp_l1,7.14964747428894,13.550711393356323,22.20128612518311,28.454599380493143,40.589741935730025,45.3133659362793,55.412841796875,73.0685741317743,101.75935363769531,7.645486236432226,101.75935363769531,783.0;23.0;786.0;861.0;782.0;85.0;779.0;798.0;856.0;211.0,0.552347662553861,11.555476295885676,0.012677680422407212,0.04849939428326889,0.08200453737544476,0.2767248623313494,42995,1024,1.6108339540595757,4.610833954059576,101.75935363769531,0.4250817301184442,9.787898442120655,7.14964747428894,-81.45553588867188,4.163333434565626,3.0496293678795845,13.309729491473314,101.75935363769531,53.90087113485237,52.96227264404297,69.05365753173828,74.1658935546875,82.99146270751953,11.480046701419024,4.1868217795883105,3.9409356994722855,4.927597194351973,6.270547295797802,9.058561181735923,101.75935363769531,51.56922659600581,51.193634033203125,67.52780303955078,72.72776794433594,82.99146270751953,-22.413082122802734,-47.3913866202129,-47.77268600463867,-35.612220764160156,-31.840907478332518,-25.703628540039062,170.31717681884766,98.9606132162187,99.1379623413086,122.45197677612305,129.0790252685547,142.68590545654297,21.001982824186353,12.978000540452545,13.85799408526056,16.036216172634646,16.581943560733468,17.793502105381084,0.1553363480485467,13.302939699890171
R2,gsm8k,S4_vctx_lin_fp_l1,3.6453373432159424,6.402206182479858,9.514951229095463,11.642164516448974,16.071396961212162,17.759054908752443,21.579832456588765,27.07943362368712,48.27027893066406,8.292184260027435,48.27027893066406,867.0;836.0;870.0;843.0;315.0;854.0;283.0;821.0;261.0;914.0,0.17712923366115652,5.74628865305868,0.0034779000774519723,0.015131837052479327,0.026518518087099742,0.10023639308505637,42995,1024,0.5847972019933665,3.5847972019933665,48.27027893066406,0.08694465151472978,4.526816743622679,3.6453373432159424,-37.45726013183594,3.7071247772898,2.7608496961420577,5.821177800323549,48.27027893066406,21.415100836573625,21.70452880859375,26.530988693237305,28.423691940307616,34.34124755859375,6.336173110363954,3.2411416826605572,3.192646842526993,3.5497649652250836,3.7291435612722403,4.032840057924117,48.27027893066406,20.260348601174336,20.308927536010742,25.428171157836914,27.34097671508789,33.97633743286133,-9.000436782836914,-19.697920277712303,-20.352018356323242,-12.919078826904297,-11.263786315917969,-10.080198287963867,77.1226577758789,39.958268878886635,41.1953239440918,48.7822322845459,51.466440200805664,59.34954071044922,7.911369096167151,5.729380160578069,6.0901333963442505,6.711749486306244,6.856339382472263,7.157514402774821,-0.004924738811091902,5.820528464886388
R2,gsm8k,S4_k_stored_ctx_fp_l1,0.5316553711891174,1.3634937405586243,2.618139982223512,3.3238428354263303,4.583971328735352,5.067896842956543,6.232285995483716,8.207017308326773,13.136370658874512,9.027729277100343,13.136370658874512,990.0;222.0;93.0;456.0;798.0;670.0;477.0;861.0;734.0;258.0,0.6668101742155448,1.1402553913993723,0.01230953467892384,0.05198422827843512,0.08386370051647712,0.27322477160310604,42995,1024,2.4928587613848396,5.49285876138484,10.026453971862793,0.021814741246634347,0.9724183945745704,0.5316553711891174,-13.136370658874512,4.2830239954200024,3.150250038191163,1.4551134904096106,13.136370658874512,6.571170974518064,6.284776210784912,7.759387016296387,9.077592849731445,11.49101448059082,17.92917520796059,5.583593039461688,5.124742547378352,7.135714543629978,8.243408532386214,12.830828639894955,10.026453971862793,6.152516779881298,6.113401412963867,7.126959323883055,7.5026535987854,8.319536209106445,-3.520766496658325,-6.062699557615028,-5.72641134262085,-5.025876045227051,-4.826160430908203,-4.495960741043092,19.464754104614258,12.215216337496326,11.867926120758057,14.041187286376953,15.883026599884033,18.307674884796143,1.5860498645960848,1.4528886685083775,1.4765795421025356,1.5297134914456516,1.5419271638579515,1.5592275144816323,0.021054034431603974,1.4549499603204166
R2,gsm8k,S4_k_stored_ctx_l1,0.467941090464592,1.4630889296531677,2.8080765962600718,3.492239665985106,4.6766292810440095,5.15819917201996,6.235653772831049,7.630252361297607,9.539071083068848,6.269523569906871,9.539071083068848,93.0;990.0;798.0;861.0;477.0;222.0;324.0;456.0;392.0;136.0,0.695293144204631,1.139411436914656,0.013722379150673664,0.05591290317353202,0.08864450864944622,0.2790869621728276,42995,1024,2.1894110080964104,5.18941100809641,9.539071083068848,0.033139835951592034,0.9902531875609472,0.467941090464592,-9.089231491088867,4.098363243349029,3.0736994461927556,1.5214985599313318,9.539071083068848,6.56257740371878,6.4416279792785645,7.612772464752197,8.180344581604004,8.998963356018066,9.145881791648813,5.181642507744072,5.093986327130228,5.55867755482291,5.93613029279121,8.766204481551343,9.539071083068848,6.2221396326394895,6.243520259857178,6.957939624786377,7.191562891006465,7.81598424911499,-3.97428560256958,-6.140920744098637,-5.913866996765137,-5.189519882202148,-4.993074417114258,-4.637823104858398,15.630659103393555,12.363060376738126,12.199822902679443,14.135591506958008,14.58457612991333,15.293030261993408,1.6448043636740404,1.5195306372545112,1.5376334021920026,1.5870049844295784,1.599359618971871,1.6184234256659862,0.06492900877287786,1.5211376069068234
R2,gsm8k,S4_k_stored_draft_l1,0.44442373514175415,1.3155622482299805,2.5896213293075574,3.3004045486450195,4.6960167217254645,5.458521680831909,6.438951800346525,7.478939348744935,8.64757251739502,5.9968169682705454,8.64757251739502,256.0;320.0;147.0;211.0;782.0;846.0;990.0;786.0;981.0;213.0,0.7399703552240857,1.0187923980731206,0.01651147932989135,0.07643853162077464,0.129967517052617,0.3608083878496736,3600,1024,2.9581763122892957,5.958176312289296,8.480875015258789,0.014100052953040648,0.9228478910715867,0.44442373514175415,-8.64757251739502,4.465208627799516,3.2565384914064537,1.442027089229128,8.64757251739502,6.8845410433080465,6.91096305847168,7.478956508636474,7.610309672355651,7.9431554269790645,6.808272521332965,5.951041270238737,5.953709019296937,6.2870048659227935,6.371356593305381,6.540169379613145,8.480875015258789,6.359397756126192,6.163754940032959,7.287795972824097,7.4873800516128535,7.794165139198301,-5.275391101837158,-6.6158443127738105,-6.651426315307617,-5.87344126701355,-5.730837941169739,-5.539215030670166,15.070348739624023,12.975242068900002,12.973539352416992,13.821996068954467,14.096709704399109,14.511741361618041,1.5945469626786262,1.4415017027750916,1.4256218306503312,1.5031808183984943,1.5327330444940945,1.5689080071384296,-0.13188787271842947,1.441958152852347
R2,gsm8k,S4_v_stored_ctx_l1,2.5090534687042236,4.793468475341797,7.513733768463141,9.430974721908568,13.488418531417848,15.121143131256105,18.72529785156295,23.319640861128875,41.03115463256836,9.081108257090396,41.03115463256836,867.0;286.0;309.0;870.0;330.0;344.0;329.0;333.0;261.0;315.0,0.14770539124785564,4.476122056403445,0.0030794974137318375,0.013923559140886837,0.02538284917225215,0.09507504284438398,42995,1024,1.336595613905435,4.336595613905435,41.03115463256836,0.03598961704975381,3.3694618791534947,2.5090534687042236,-35.2066764831543,4.144325414652881,2.985287399236965,4.5182981494061405,41.03115463256836,15.672301337092073,15.758186340332031,22.65110969543457,24.230518341064453,28.769371032714844,5.26662656686294,3.299144397455009,3.182900718033529,3.8131064668951127,4.174839469387361,4.781569591374991,41.03115463256836,14.535548323034506,14.666685104370117,21.766796112060547,23.372081756591797,27.7181339263916,-5.980657577514648,-14.764426936819355,-14.848549842834473,-7.681195259094238,-7.305084228515625,-6.837751388549805,60.776031494140625,29.29997525985386,29.70838165283203,42.79331398010254,45.14793014526367,51.23724060058577,7.8068490654966585,4.257483045252575,4.440196353313676,6.100120535413994,6.47936884707697,6.993257608543633,0.0037976701614445196,4.518154813017319
R2,gsm8k,S4_v_stored_draft_l1,0.732031911611557,1.2807578444480896,1.914499640464783,2.382120430469512,3.726731777191162,4.53205680847168,6.685311796188536,10.30496964730918,19.485029220581055,16.23742940798331,19.485029220581055,264.0;361.0;698.0;310.0;273.0;258.0;542.0;752.0;320.0;514.0,0.3117202908447694,1.152737092345206,0.005118598312991269,0.024022534043531902,0.04252899307658016,0.153730195418873,3600,1024,3.477338031619751,6.477338031619751,19.485029220581055,0.015422648290637223,0.9054688118882189,0.732031911611557,-17.985965728759766,5.571060588726814,3.1055916555010006,1.2000070165663677,19.485029220581055,4.12319904519452,3.6222935914993286,5.501162433624267,7.25761384963989,11.899201059341419,6.7798096830053245,3.1270018663407577,3.0919918590681537,3.355651774630946,3.4876870921592253,3.9340856028377096,19.485029220581055,3.833684372769462,3.3766645193099976,5.10012264251709,6.685640764236441,11.267427234649658,-2.355760097503662,-3.9166655168268414,-3.4744036197662354,-2.931472706794739,-2.822995698451996,-2.6501916670799255,31.492809295654297,7.750349889596303,6.819145321846008,10.160853767395018,13.436447715759273,22.0004112339019,4.004147550934824,1.1434245826720109,1.026491151808009,1.4743190729695423,1.8315848519572981,2.9014398021344134,0.0004804102895596101,1.1999079055195103
R2,gsm8k,S4_kctx_lin_l2,5.324038505554199,9.849349021911621,15.388557720184329,19.31824102401733,27.84315301895143,31.19389624595642,37.900545425415146,45.788604000087865,71.96070098876953,7.722963134663995,71.96070098876953,1008.0;414.0;30.0;953.0;416.0;1003.0;937.0;787.0;406.0;943.0,0.4818544036900886,8.399565472354983,0.009570696614851429,0.03880822405727869,0.06910261297001027,0.2362970417847566,42995,1024,1.2585732536940437,4.258573253694044,71.41358947753906,-0.05170501525188989,6.99237155882981,5.324038505554199,-71.96070098876953,4.067560641881739,2.9881816236299463,9.317757929696546,71.96070098876953,35.631721949031125,36.56287384033203,45.23128890991211,48.51820755004883,54.977596282958984,5.69798860110206,3.7282304013129925,3.6582817748694794,4.267264862643781,4.493088870217449,4.915039296238472,71.41358947753906,33.56429441875463,34.406272888183594,42.97161865234375,45.97842788696289,53.17472839355469,-17.537647247314453,-33.45414725054224,-34.03682327270508,-21.850753784179688,-21.00271987915039,-19.146114349365234,136.17273712158203,67.01844166929686,69.33869743347168,84.3013687133789,89.28573837280264,101.53542709350586,15.64272925827828,9.13701756174179,9.365267076409538,11.322273249263851,11.826275809817933,12.874773394947034,0.05319842208522014,9.317614470872932
R2,gsm8k,S4_vctx_lin_l2,3.057742476463318,6.076772689819336,9.685671520233155,12.22862558364868,17.73578338623048,19.96658655166627,24.86504479599068,32.31461336860655,53.424774169921875,9.227380743714185,53.424774169921875,330.0;404.0;491.0;465.0;503.0;433.0;719.0;390.0;395.0;264.0,0.12336176587622683,5.75485486746958,0.00200578177106583,0.009443498147993253,0.017665578881831224,0.07880181590381913,42995,1024,1.6726644037984713,4.672664403798471,53.424774169921875,0.001905081692229655,4.230596310395108,3.057742476463318,-47.982540130615234,4.2946224688262555,3.06327595456504,5.789809226883321,53.424774169921875,19.14425902926155,19.738128662109375,29.667694091796875,32.37571716308594,38.24566650390625,4.607927254404272,3.198692624989344,3.113895411330438,3.681738497001884,3.958483754974158,4.328472062537576,53.424774169921875,18.00606874194668,18.33245849609375,27.75784683227539,30.62516975402832,36.61170959472656,-4.315164089202881,-17.938534383943487,-18.46378517150879,-5.50416374206543,-5.018392086029053,-4.643929958343506,96.2025375366211,35.94460312589017,37.24813270568848,55.42123603820801,60.17679214477539,69.30026245117188,11.164873090843,5.331847783680502,5.6527568693822134,8.112365772040102,8.788575725066925,9.69138972623457,0.0011672073808920028,5.789808913458802
R2,gsm8k,S4_kdraft_lin_l2,3.8899879455566406,7.2513837814331055,11.692499065399174,15.013669157028197,21.5333495330811,23.966881980896,29.986036237717034,38.35335966796851,88.72337341308594,12.615282810031582,88.72337341308594,384.0;513.0;854.0;595.0;606.0;535.0;23.0;65.0;525.0;259.0,0.6163262059012715,5.857885562246907,0.012671690728815408,0.05364745329312202,0.0941206849026753,0.3227985484081819,3600,1024,1.7201662578688195,4.7201662578688195,56.513423919677734,-0.19466783356142212,5.20559129345424,3.8899879455566406,-88.72337341308594,4.263615245211837,3.0617556992824357,7.033007087445852,88.72337341308594,28.61716604709625,27.307713508605957,35.35617942810059,39.49865913391113,55.69427646636942,5.512198635393204,4.159333655413439,4.130193088964237,4.549244142076349,4.664536322173883,4.841588549308701,56.513423919677734,25.684618808428446,24.92014980316162,31.645911026000977,34.52319202423096,40.39854675292965,-17.065610885620117,-27.753527042071024,-26.32558822631836,-21.663583755493164,-20.773863220214846,-19.26277292251588,133.1677703857422,53.438145850499474,51.3460750579834,64.75232410430908,72.22094554901123,94.9582570648192,14.697931545978992,6.942623842570233,6.6952956522299285,8.192566862437774,9.100044669806534,11.263492725216281,0.03767554361664071,7.030312448720902
R2,gsm8k,S4_vdraft_lin_l2,1.820278525352478,3.1561654210090637,4.685168313980105,5.792245173454285,8.47348468780519,9.902381219863896,13.598974781990666,20.068162383838676,37.828758239746094,12.8924563607372,37.828758239746094,480.0;489.0;429.0;445.0;435.0;494.0;407.0;503.0;629.0;991.0,0.24736230584803942,2.8618919075227423,0.004243932545540197,0.01884853464231769,0.033759662090375335,0.12466729944802325,3600,1024,1.595201894547487,4.595201894547487,32.61145782470703,-0.02615090783013481,2.253581498413867,1.820278525352478,-37.828758239746094,4.63467999177858,2.8878566636671215,2.934177722326843,37.828758239746094,10.719171919027964,9.90583086013794,14.258607959747314,16.601962184905997,23.31623146057125,5.223946751344539,3.2386828087524058,3.2156506514509466,3.5366561280945827,3.6588053497922988,3.9356597831736257,32.61145782470703,9.908502135674158,9.194968223571777,13.025236511230469,15.407605934143065,21.781531295776347,-5.274275302886963,-10.115688196950488,-9.401015281677246,-7.504143714904785,-7.14523687362671,-6.502131309509277,70.44021606445312,20.02419033262465,18.595458507537842,26.04213151931763,30.326024150848387,43.1513365745544,7.754724404472844,2.8520449368283143,2.6492280756613273,3.630122834456994,4.180114588571213,5.799524287614973,-0.029915635596382002,2.9340611848117275
R2,gsm8k,S4_kctx_lin_fp_l2,6.285314559936523,11.896770477294922,18.643444061279297,23.375564575195312,33.3659244155884,37.43032016754152,45.31458061599757,57.475963724515715,81.8992919921875,7.279614396886096,81.8992919921875,414.0;1003.0;787.0;943.0;1008.0;1020.0;30.0;86.0;89.0;1000.0,0.4416861681720209,10.299911668116698,0.007753104004528081,0.0311574225665471,0.05544271521483191,0.1995327844895904,42995,1024,1.274524582428544,4.274524582428544,81.8992919921875,-0.05550177280444587,8.392079997930791,6.285314559936523,-77.5058364868164,4.027784189789316,2.9657284920643807,11.250498656525059,81.8992919921875,43.78853224936107,44.88822555541992,55.7404899597168,59.031078720092665,67.85895538330078,6.986994707576353,3.8073875743426173,3.725946433433982,4.325802618162028,4.5864260520926825,5.313558499570685,81.8992919921875,42.04317543858469,43.18150329589844,54.19361877441406,57.60399627685547,66.60481262207031,-18.469152450561523,-40.08315618452686,-40.68593978881836,-27.01279067993164,-24.14139175415039,-21.045167922973633,145.9993438720703,82.12633162311155,84.85880279541016,102.89107894897461,109.46710586547852,122.44963073730469,15.958783046189827,11.014831202478211,11.835696012079389,13.229224204772244,13.525373063545112,14.167954651263644,0.0522565871686276,11.250361753014333
R2,gsm8k,S4_vctx_lin_fp_l2,4.844096422195435,8.665269374847412,13.092524242401126,16.095137214660642,22.397686233520517,24.915959091186522,30.350302362442047,37.57464341621333,58.45940399169922,7.357220717292566,58.45940399169922,404.0;467.0;465.0;466.0;503.0;450.0;476.0;407.0;408.0;331.0,0.16452722666549047,7.860940021611,0.002210395868978621,0.010522684800502932,0.020086103026643758,0.08761493042581053,42995,1024,0.7533850619218763,3.7533850619218763,58.45940399169922,-0.010078849004796003,6.118059408701287,4.844096422195435,-56.59199523925781,3.8196399222400235,2.818788935995204,7.945854316195111,58.45940399169922,28.65644183854805,29.96831512451172,37.36971664428711,39.904727935791016,45.19587707519531,5.891396682335907,3.232638355566874,3.180466575913367,3.559653163582457,3.7394917533380228,4.2482427582971845,58.45940399169922,26.759612126399755,28.1193904876709,34.99295425415039,37.39522171020508,42.22062103271482,-9.948992729187012,-26.881002952614722,-27.80660629272461,-15.327888488769531,-13.56969232559204,-11.489952087402344,98.35653305053711,53.64061507901448,56.883588790893555,68.8742904663086,72.90624427795403,79.90910339355469,10.967783496211634,7.74357638909978,8.490799637077039,9.389764436351726,9.62803691711726,10.098862149584551,0.005754324037873809,7.945847923978864
R2,gsm8k,S4_k_stored_ctx_fp_l2,0.9747672379016876,1.8685569763183594,2.9161512136459353,3.6387228131294247,5.146078147888184,5.706353578567506,6.974874820232588,8.543074607944488,11.42751693725586,6.539599748574042,11.42751693725586,759.0;748.0;696.0;314.0;943.0;368.0;303.0;1003.0;683.0;690.0,0.4664175388969374,1.5779631360822175,0.006877670573008373,0.027115048941062238,0.049766379250366,0.19116989278426852,42995,1024,1.1401519720339826,4.1401519720339826,11.42751693725586,-0.04024659940352948,1.3022504376370976,0.9747672379016876,-10.320515632629395,3.991496129139116,2.94493471738868,1.7474336926732599,11.42751693725586,7.297364532704935,7.18988037109375,8.451737403869629,8.770391368865953,9.43761920928955,5.702362108286244,4.111551745711186,4.076450623441539,4.588399945224288,4.7191035404197414,5.110057639464559,11.42751693725586,6.913226817244499,6.76520299911499,8.199362564086913,8.679487228393555,9.377492904663086,-4.738620758056641,-6.7074607054595825,-6.64566707611084,-5.768649482727051,-5.583085393905639,-5.24939525604248,19.73433494567871,13.620687522704081,13.565027236938477,15.25827693939209,15.694441795349121,16.56910228729248,1.8587882786336387,1.7469869685632182,1.733649021680976,1.8077249240330548,1.8318156696007615,1.849398935652421,-0.006503015486589319,1.7469701547325178
R2,gsm8k,S4_k_stored_ctx_l2,1.0082935094833374,1.8645922243595123,2.870543599128724,3.5735112309455865,5.0193634033203125,5.5806040930747995,6.641813900947623,7.9577947535037525,9.980132102966309,5.775172245933509,9.980132102966309,748.0;989.0;301.0;696.0;292.0;759.0;751.0;375.0;308.0;358.0,0.4912248189958204,1.54710612139381,0.008480207462209436,0.03890005601406882,0.06726540253600818,0.2266831262629334,42995,1024,0.9386632652202453,3.9386632652202453,9.980132102966309,-0.04831845307817367,1.3068589029888602,1.0082935094833374,-9.827674865722656,3.8433979538214107,2.9045395311444895,1.7281098602718996,9.980132102966309,7.00191811359626,6.933925151824951,7.914494514465332,8.231973648071289,8.81531047821045,5.10272740433857,3.9286897783949013,3.9077458145191915,4.287658246174097,4.416087657547642,4.74237120718052,9.980132102966309,6.609809470695179,6.516792297363281,7.75271463394165,8.045038223266602,8.81531047821045,-4.276641368865967,-6.4855331947254795,-6.394688129425049,-5.723161697387695,-5.542336940765381,-5.254349708557129,17.20476007461548,13.095342665420658,13.067608833312988,14.354366779327393,14.773675441741943,15.602738380432129,1.8440113220972925,1.727767599033478,1.7187214400542599,1.779844882747497,1.798726232627612,1.8231079665097474,-0.013614611184679137,1.7274342292142695
R2,gsm8k,S4_k_stored_draft_l2,0.9597519338130951,1.7333954274654388,2.633118891716004,3.2265806198120117,4.370615677833559,4.817755308151246,5.818948798179629,6.907016116189278,8.947206497192383,5.697612874679908,8.947206497192383,606.0;748.0;222.0;702.0;687.0;759.0;370.0;701.0;989.0;384.0,0.5548060453092127,1.3630053466041852,0.012413951096892714,0.047976192336878144,0.08101184202075733,0.2622702221974146,3600,1024,0.5821064640498079,3.582106464049808,8.468862533569336,-0.0756720017176202,1.2103563211397825,0.9597519338130951,-8.947206497192383,3.7055272614994563,2.783223586503404,1.570343000478957,8.947206497192383,6.092191945844227,6.042712211608887,6.82601842880249,7.077584004402159,7.5055292367935165,4.440664947432905,3.576550685364495,3.5655462199915586,3.8316453288199606,3.9069069492581283,4.074482127914609,8.468862533569336,5.256004894839393,5.177950382232666,5.92607741355896,6.200120067596435,6.8363078641891475,-4.449991226196289,-6.017557720078362,-5.9869704246521,-5.2789911270141605,-5.10842616558075,-4.783534383773806,14.567795753479004,11.273562614917756,11.21013331413269,12.325092220306397,12.673884296417235,13.37491842746734,1.6513225133851261,1.5701985249985557,1.5687313948848487,1.5987167384327245,1.606765885715512,1.622923150873796,-0.06518994640804478,1.5685186920496998
R2,gsm8k,S4_v_stored_ctx_l2,3.057742476463318,6.076772689819336,9.685671520233155,12.22862558364868,17.73578338623048,19.96658655166627,24.86504479599068,32.31461336860655,53.424774169921875,9.227380743714185,53.424774169921875,330.0;404.0;491.0;465.0;503.0;433.0;719.0;390.0;395.0;264.0,0.12336176587622683,5.75485486746958,0.00200578177106583,0.009443498147993253,0.017665578881831224,0.07880181590381913,42995,1024,1.6726644037984713,4.672664403798471,53.424774169921875,0.001905081692229655,4.230596310395108,3.057742476463318,-47.982540130615234,4.2946224688262555,3.06327595456504,5.789809226883321,53.424774169921875,19.14425902926155,19.738128662109375,29.667694091796875,32.37571716308594,38.24566650390625,4.607927254404272,3.198692624989344,3.113895411330438,3.681738497001884,3.958483754974158,4.328472062537576,53.424774169921875,18.00606874194668,18.33245849609375,27.75784683227539,30.62516975402832,36.61170959472656,-4.315164089202881,-17.938534383943487,-18.46378517150879,-5.50416374206543,-5.018392086029053,-4.643929958343506,96.2025375366211,35.94460312589017,37.24813270568848,55.42123603820801,60.17679214477539,69.30026245117188,11.164873090843,5.331847783680502,5.6527568693822134,8.112365772040102,8.788575725066925,9.69138972623457,0.0011672073808920028,5.789808913458802
R2,gsm8k,S4_v_stored_draft_l2,1.820278525352478,3.1561654210090637,4.685168313980105,5.792245173454285,8.47348468780519,9.902381219863896,13.598974781990666,20.068162383838676,37.828758239746094,12.8924563607372,37.828758239746094,480.0;489.0;429.0;445.0;435.0;494.0;407.0;503.0;629.0;991.0,0.24736230584803942,2.8618919075227423,0.004243932545540197,0.01884853464231769,0.033759662090375335,0.12466729944802325,3600,1024,1.595201894547487,4.595201894547487,32.61145782470703,-0.02615090783013481,2.253581498413867,1.820278525352478,-37.828758239746094,4.63467999177858,2.8878566636671215,2.934177722326843,37.828758239746094,10.719171919027964,9.90583086013794,14.258607959747314,16.601962184905997,23.31623146057125,5.223946751344539,3.2386828087524058,3.2156506514509466,3.5366561280945827,3.6588053497922988,3.9356597831736257,32.61145782470703,9.908502135674158,9.194968223571777,13.025236511230469,15.407605934143065,21.781531295776347,-5.274275302886963,-10.115688196950488,-9.401015281677246,-7.504143714904785,-7.14523687362671,-6.502131309509277,70.44021606445312,20.02419033262465,18.595458507537842,26.04213151931763,30.326024150848387,43.1513365745544,7.754724404472844,2.8520449368283143,2.6492280756613273,3.630122834456994,4.180114588571213,5.799524287614973,-0.029915635596382002,2.9340611848117275
R2,gsm8k,S4_kctx_lin_l3,5.24720025062561,9.947028160095215,15.939043998718267,20.236929416656483,29.71025182724,33.693569622039796,43.55579305267367,57.85329437370096,99.50239562988281,10.28830695284719,99.50239562988281,946.0;1016.0;1019.0;1021.0;939.0;561.0;699.0;949.0;947.0;555.0,0.5052007291738942,8.619549233012492,0.010493805878228183,0.04130904787974443,0.07322753232682826,0.24435251188557372,42995,1024,1.9705366690929838,4.970536669092984,99.50239562988281,0.11768490926839284,7.099558029510011,5.24720025062561,-80.64727020263672,4.503563614362032,3.0719681522244193,9.67140619792127,99.50239562988281,39.29747950729901,36.397254943847656,51.93782424926758,59.412767028808595,70.23783111572266,6.030433826687429,4.213766206061871,4.039136008775047,5.227498906063995,5.478901245632765,5.783432703036627,99.50239562988281,37.84626579014059,35.41797637939453,50.37115478515625,56.48919677734375,67.3643798828125,-21.895177841186523,-36.02872923744433,-33.650787353515625,-27.75314712524414,-26.683037757873535,-24.78129005432129,166.20108032226562,73.87499502758493,68.88113021850586,96.35696411132812,111.14901580810546,128.58289337158203,18.084672193465646,9.48348273712476,9.214420300884607,12.134493181257644,13.374298457540117,14.674771301371841,0.07943152620368843,9.670690156722033
R2,gsm8k,S4_vctx_lin_l3,3.528200149536133,7.096956014633179,11.384423828125001,14.508259773254395,21.847438106536867,25.153589992523194,33.49479799652251,45.64654602124799,78.68976593017578,11.410775794093324,78.68976593017578,639.0;520.0;602.0;607.0;582.0;576.0;709.0;589.0;565.0;919.0,0.1832546596663014,6.8073998068525645,0.0022083205240630466,0.009939226623882205,0.019092424193774674,0.08764860460867899,42995,1024,2.573248872936821,5.573248872936821,78.68976593017578,0.05677781542916696,4.955580871392342,3.528200149536133,-70.57266998291016,4.857069095184571,3.168089458167055,6.896092548843941,78.68976593017578,24.058168947892156,23.864913940429688,38.85349655151367,44.79518508911133,55.89577865600586,5.556198041754812,3.4084712656299794,3.28388313061247,4.05885425376024,4.289610620942292,4.878174789925552,78.68976593017578,22.353058599990415,22.210670471191406,35.908573150634766,41.336917877197266,52.43560295104939,-4.517430305480957,-22.591812073600778,-22.355648040771484,-6.470319747924805,-5.653176307678223,-5.3285088539123535,128.51300811767578,44.9448706735912,44.884117126464844,71.7800407409668,82.2865982055664,104.17545288085935,14.743101891309728,6.305187766049733,6.671384549847628,9.679448980284917,10.682423177247763,12.789002661155624,-0.00524755318561894,6.8958588095969615
R2,gsm8k,S4_kdraft_lin_l3,5.343034505844116,9.695672273635864,14.93307228088379,18.758223247528072,27.750444412231445,31.618145627975487,41.99517888641614,58.39049715266003,92.9212646484375,10.179709628635253,92.9212646484375,458.0;832.0;834.0;457.0;455.0;395.0;423.0;448.0;384.0;768.0,0.6037391527625006,7.669612490574323,0.01745938486468155,0.06400455789141649,0.10296274071713023,0.3129848812249841,3600,1024,1.818541290245543,4.818541290245543,92.9212646484375,-0.14638372161178673,6.858097504071473,5.343034505844116,-69.67660522460938,4.600655495636313,3.040116460434441,9.1280859708466,92.9212646484375,41.86174468464321,38.948251724243164,54.67268867492676,60.269065856933594,73.05735542297354,7.881098063142762,4.319377066319748,4.14529701921791,5.198603067810936,5.469566076405049,6.18590365090421,92.9212646484375,40.4178523879581,37.52575874328613,54.67268867492676,60.23367652893065,73.05735542297354,-26.124956130981445,-35.85286721918318,-34.871299743652344,-30.73512668609619,-29.621807765960693,-27.98684785842896,156.61450576782227,76.27071960714129,72.6452522277832,95.07599792480468,104.85732593536376,124.95103523254394,15.886267693594597,9.066935301641609,8.80543322846098,10.318515588779173,11.01150108831568,13.031256124358071,0.09992971499114098,9.126912144707738
R2,gsm8k,S4_vdraft_lin_l3,3.599859356880188,6.323996067047119,9.391663932800304,11.605585908889768,16.8783016204834,19.359392976760876,26.23637349700935,37.86352591207752,88.56533813476562,15.315239599192214,88.56533813476562,408.0;431.0;414.0;824.0;393.0;493.0;402.0;463.0;438.0;390.0,0.3317653797527167,5.528538773615915,0.006423009244988834,0.0250441853815491,0.04421001126692626,0.15248107558345403,3600,1024,1.395139496501665,4.395139496501665,88.56533813476562,-0.022269779456780978,4.447013789431987,3.599859356880188,-75.6887435913086,4.536948142276271,2.918695268252662,5.782824196850104,88.56533813476562,23.432828064759573,21.985122680664062,31.18050441741943,35.56294498443602,46.998530235290424,10.106380733469228,3.5808546927848535,3.4805382962728766,4.087737517352812,4.407048272837838,5.316628708686159,88.56533813476562,22.308117417229546,20.885579109191895,30.131129264831543,34.37367630004883,43.726911468505854,-12.40865707397461,-20.868368704319,-19.553083419799805,-15.731231498718262,-15.006448793411256,-13.754795598983765,164.25408172607422,43.17648612154855,40.62820339202881,56.445317840576166,63.61245851516722,83.38837860107404,11.724491944600848,5.6990092116990345,5.447445027451196,6.971403623129674,7.65298609621276,9.115037036711445,0.04766872595506232,5.782781315993022
R2,gsm8k,S4_kctx_lin_fp_l3,6.237178087234497,12.08993935585022,19.6868616104126,25.08914375305175,36.63069526672364,41.533309707641614,52.612840457918516,69.80662087629834,99.50436401367188,8.36888002876724,99.50436401367188,949.0;555.0;699.0;946.0;698.0;1019.0;1016.0;561.0;1021.0;628.0,0.49098686221763455,10.649968959677949,0.007210871124822941,0.03282955162843096,0.05971537932079258,0.21326919215352344,42995,1024,1.9760234648878372,4.976023464887837,97.62590026855469,0.14122567921837756,8.647736541185685,6.237178087234497,-99.50436401367188,4.425037576286531,3.0808487355933574,11.889806482066293,99.50436401367188,49.774917527079126,48.386356353759766,65.92741394042969,71.19966125488281,80.82796478271484,7.814767794786559,4.421799370796972,4.291880950666258,5.385594001851276,5.7453957332931305,6.776526824821497,97.62590026855469,46.287141025142624,44.858299255371094,61.4130500793457,67.24867248535156,78.30623626708984,-25.360811233520508,-46.91167244683284,-45.70378494262695,-35.15982437133789,-29.837629318237305,-26.789113998413086,171.1561737060547,93.19881347197546,91.13716506958008,121.68622207641602,130.75469589233398,147.83673858642578,18.50713093804912,11.685908930916725,11.956122643751328,14.061147152930262,14.92600228054979,16.207400845462768,0.06415141342662299,11.88896772173745
R2,gsm8k,S4_vctx_lin_fp_l3,5.274017810821533,9.498976707458496,14.70287799835205,18.529870510101315,27.716221427917485,31.808023262023944,40.883701427459904,54.61306851920218,83.56048583984375,9.213072200919479,83.56048583984375,602.0;639.0;607.0;637.0;635.0;589.0;617.0;582.0;537.0;576.0,0.2504931631981002,8.85033808837915,0.002430289056002861,0.011597523381186475,0.02229111166196896,0.1036382981184903,42995,1024,1.7798007163905032,4.779800716390503,83.56048583984375,0.03693943550930923,6.804729597185842,5.274017810821533,-80.12928009033203,4.507686729035504,3.0558887563374753,9.069774339932373,83.56048583984375,36.04644565808522,35.48963928222656,50.91748046875,56.00575637817383,65.21826934814453,6.869288258129099,3.7453804853197097,3.5946544105605973,4.544885851917555,4.91097254276694,5.704186790220091,83.56048583984375,33.123531400820504,32.469913482666016,46.27824020385742,51.14449920654271,60.008323669433594,-11.979087829589844,-34.12952465552454,-33.61854553222656,-19.646121978759766,-16.015899658203125,-13.133366584777832,142.34428024291992,67.25305605634505,66.69638442993164,94.35469436645508,101.14581985473617,114.89320625305109,14.773725719108068,8.816118613105568,9.059481188530768,11.325506643347923,11.830856735835136,13.349237811670859,-0.027614667340346625,9.069699116034663
R2,gsm8k,S4_k_stored_ctx_fp_l3,0.8988044261932373,1.80806365609169,2.9867878437042235,3.782643389701841,5.339655032157905,5.94171424150467,7.109280152797769,8.371828344916135,10.35045337677002,5.875441413979006,10.35045337677002,440.0;877.0;243.0;555.0;698.0;949.0;873.0;231.0;619.0;574.0,0.5305912961113888,1.541618621959362,0.010035625558511901,0.03609854574146675,0.06348260799222383,0.224678506619247,42995,1024,1.5384795662069735,4.5384795662069735,9.845525741577148,0.008809915182056254,1.2770275382646807,0.8988044261932373,-10.35045337677002,4.035587380845908,3.0310585604601044,1.7616469380741242,10.35045337677002,7.378651830498209,7.31201171875,8.473385047912597,8.714111042022685,9.858333587646484,6.329220323266768,4.491718192128568,4.329389611641267,5.392271540565877,5.56130690238837,5.895548233841795,9.845525741577148,6.745578856423284,6.7010579109191895,7.782195568084717,8.12271738052368,8.637615203857422,-4.731339931488037,-7.113633775450432,-7.021632194519043,-5.946627140045166,-5.720608234405518,-5.357726879119878,17.971930027008057,13.859212631873715,13.681551456451416,15.662784671783442,16.478531694412172,17.234010696411133,1.855467669774339,1.761286144551355,1.7562810712806656,1.8225403916759353,1.8317332454054804,1.845526675604878,-0.01965362350835872,1.761624908946403
R2,gsm8k,S4_k_stored_ctx_l3,0.91901496052742,1.82783842086792,2.9750898361206066,3.75456244945526,5.270725727081299,5.851162433624268,7.15117448377618,8.046531406592958,9.5088529586792,5.404722203107509,9.5088529586792,235.0;377.0;108.0;767.0;624.0;574.0;557.0;877.0;183.0;873.0,0.5533449390010583,1.5239785414684712,0.010742930241283784,0.04329285291164951,0.07731320359484783,0.26241055008272834,42995,1024,1.404241557054255,4.404241557054255,9.450118064880371,0.016520231252854345,1.2867407495590977,0.91901496052742,-9.5088529586792,4.064644987015299,2.99581963118327,1.7593601671538217,9.5088529586792,7.167615331141168,7.120460510253906,8.156430435180663,8.367799758911133,8.900431632995605,6.002253458804766,4.3479327505023875,4.164417064625502,5.283513479566162,5.576258769772169,5.808675161557137,9.450118064880371,6.696332138069065,6.620008945465088,7.806639671325684,7.967634725570676,8.28632888793945,-4.6368727684021,-6.915042238715693,-6.841454029083252,-5.8671746253967285,-5.640493392944336,-5.290626468658448,17.573272705078125,13.611374376784758,13.41960859298706,15.6273512840271,15.966158390045166,16.683671951293945,1.8592885237482346,1.7589190254017428,1.7492861553937256,1.8203298631680818,1.838541029231489,1.8526787247966172,-0.02396632584253396,1.75928260371291
R2,gsm8k,S4_k_stored_draft_l3,0.9732167422771454,1.7610344886779785,2.6708831787109393,3.3092849135398863,4.690997748374943,5.2852349281311035,6.322250033378631,7.102306780575974,8.456729888916016,5.230943602349328,8.456729888916016,586.0;768.0;698.0;235.0;249.0;555.0;877.0;832.0;964.0;448.0,0.56646634143334,1.3911837524654913,0.013036624702241883,0.05528020156537944,0.09182192222365881,0.2814453661831363,3600,1024,0.8836783411829625,3.8836783411829625,8.449187278747559,-0.03096199562956169,1.233981855783719,0.9732167422771454,-8.456729888916016,3.9106526753207977,2.901635145360228,1.616673879855619,8.456729888916016,6.524445768727197,6.5092620849609375,7.144167280197143,7.363381791114807,7.775952472686767,4.95784645248052,3.8800317323721387,3.8720102173465243,4.137729012325407,4.23113118214595,4.379434120106674,8.449187278747559,6.103253752655453,6.076558828353882,6.856801843643188,7.1257518291473385,7.630209064483641,-4.557339191436768,-6.310136464436849,-6.306349992752075,-5.640760231018066,-5.452579689025879,-5.171946792602541,15.963376998901367,12.413390217092303,12.402318954467773,13.434669256210327,13.723621678352355,14.280950522422788,1.7323909301486557,1.616487000348457,1.6159815305797884,1.6488337766047734,1.6575495287633182,1.6708757227488353,-0.02886761725737511,1.616377365788712
R2,gsm8k,S4_v_stored_ctx_l3,3.528200149536133,7.096956014633179,11.384423828125001,14.508259773254395,21.847438106536867,25.153589992523194,33.49479799652251,45.64654602124799,78.68976593017578,11.410775794093324,78.68976593017578,639.0;520.0;602.0;607.0;582.0;576.0;709.0;589.0;565.0;919.0,0.1832546596663014,6.8073998068525645,0.0022083205240630466,0.009939226623882205,0.019092424193774674,0.08764860460867899,42995,1024,2.573248872936821,5.573248872936821,78.68976593017578,0.05677781542916696,4.955580871392342,3.528200149536133,-70.57266998291016,4.857069095184571,3.168089458167055,6.896092548843941,78.68976593017578,24.058168947892156,23.864913940429688,38.85349655151367,44.79518508911133,55.89577865600586,5.556198041754812,3.4084712656299794,3.28388313061247,4.05885425376024,4.289610620942292,4.878174789925552,78.68976593017578,22.353058599990415,22.210670471191406,35.908573150634766,41.336917877197266,52.43560295104939,-4.517430305480957,-22.591812073600778,-22.355648040771484,-6.470319747924805,-5.653176307678223,-5.3285088539123535,128.51300811767578,44.9448706735912,44.884117126464844,71.7800407409668,82.2865982055664,104.17545288085935,14.743101891309728,6.305187766049733,6.671384549847628,9.679448980284917,10.682423177247763,12.789002661155624,-0.00524755318561894,6.8958588095969615
R2,gsm8k,S4_v_stored_draft_l3,3.599859356880188,6.323996067047119,9.391663932800304,11.605585908889768,16.8783016204834,19.359392976760876,26.23637349700935,37.86352591207752,88.56533813476562,15.315239599192214,88.56533813476562,408.0;431.0;414.0;824.0;393.0;493.0;402.0;463.0;438.0;390.0,0.3317653797527167,5.528538773615915,0.006423009244988834,0.0250441853815491,0.04421001126692626,0.15248107558345403,3600,1024,1.395139496501665,4.395139496501665,88.56533813476562,-0.022269779456780978,4.447013789431987,3.599859356880188,-75.6887435913086,4.536948142276271,2.918695268252662,5.782824196850104,88.56533813476562,23.432828064759573,21.985122680664062,31.18050441741943,35.56294498443602,46.998530235290424,10.106380733469228,3.5808546927848535,3.4805382962728766,4.087737517352812,4.407048272837838,5.316628708686159,88.56533813476562,22.308117417229546,20.885579109191895,30.131129264831543,34.37367630004883,43.726911468505854,-12.40865707397461,-20.868368704319,-19.553083419799805,-15.731231498718262,-15.006448793411256,-13.754795598983765,164.25408172607422,43.17648612154855,40.62820339202881,56.445317840576166,63.61245851516722,83.38837860107404,11.724491944600848,5.6990092116990345,5.447445027451196,6.971403623129674,7.65298609621276,9.115037036711445,0.04766872595506232,5.782781315993022
R2,gsm8k,S4_kctx_lin_l4,5.491849899291992,10.042412042617798,15.332830429077148,19.009382247924805,27.28721693038942,31.001012802124023,38.868735420227374,50.71882587013064,85.05934143066406,9.117045780136339,85.05934143066406,38.0;250.0;757.0;114.0;62.0;103.0;171.0;168.0;120.0;106.0,0.44715896234323216,8.536829695349088,0.011020725674208174,0.04595137574459652,0.07505249197622763,0.21477336791856627,42995,1024,1.251336230954612,4.251336230954612,85.05934143066406,0.06443280316218286,7.071455426069182,5.491849899291992,-75.6074447631836,4.166127250480562,2.9247676008597274,9.329704323300223,85.05934143066406,37.9676528393439,36.47771072387695,48.33942947387693,53.81998825073242,61.0083122253418,6.016820530222952,3.9057598397838262,3.567030888775244,5.312675599740548,5.5731273193282265,5.804770643352963,85.05934143066406,36.60415775127391,35.34553146362305,46.26654510498046,51.8838996887207,59.571128845214844,-19.95846176147461,-34.00488482964484,-31.98233985900879,-26.501127243041992,-25.496150970458984,-23.930362701416016,146.2783966064453,70.60904258091875,67.44657135009766,88.98650360107422,99.59849166870117,117.02942276000977,16.974007223343275,9.190230856793205,9.02228133153744,11.342861411271489,12.089639600572134,13.644909883968076,0.039701083768859516,9.329481827737464
R2,gsm8k,S4_vctx_lin_l4,3.563913941383362,7.12971293926239,11.289910316467292,14.245541238784789,20.69889736175537,23.614381475448617,30.58030579185625,43.00202132412534,68.33995819091797,10.109593666254588,68.33995819091797,48.0;69.0;72.0;120.0;105.0;12.0;36.0;65.0;79.0;101.0,0.14063303664325943,6.704482496628788,0.002428690152324358,0.010080596852767926,0.019065254513058096,0.0860103002307925,42995,1024,1.9466006164407235,4.9466006164407235,66.16963195800781,-0.040619965512435595,4.917561816992583,3.563913941383362,-68.33995819091797,4.523773117943807,3.0620071654457806,6.759911470926272,68.33995819091797,23.788291513771494,23.83701515197754,36.71884841918945,41.283653259277344,52.47938537597656,8.730773349029343,3.509665462273862,3.219347418833024,4.694180803098843,5.426216752377608,6.685686042578654,66.16963195800781,21.944595400518228,22.1411190032959,34.075652313232425,38.817237854003906,50.19991683959961,-6.553806304931641,-22.324034043380944,-22.292552947998047,-8.648443222045898,-8.1436767578125,-7.043360233306885,125.09846496582031,44.26862944389917,45.124847412109375,67.48063659667969,75.78155517578125,95.10478591918945,13.139429822497153,6.232078735436107,6.705899456565617,9.337231669690182,10.023882313321758,11.457366782948625,-0.00035770115480128516,6.759789428167298
R2,gsm8k,S4_kdraft_lin_l4,4.251946687698364,7.5542449951171875,11.528191757202155,14.401324510574337,20.522181491851825,23.336523180007966,35.353233337402344,46.022956151577105,63.90849304199219,9.008575652648462,63.90849304199219,384.0;409.0;487.0;428.0;453.0;506.0;478.0;386.0;62.0;448.0,0.5762427612620296,6.063425144962222,0.030767032127844797,0.07514539330787572,0.11441821502848709,0.31717395185431246,3600,1024,1.7973929957070132,4.797392995707013,51.48894500732422,0.06354194504693826,5.377435455580016,4.251946687698364,-63.90849304199219,4.9834108414425975,2.892817773144072,7.0941839760432615,63.90849304199219,39.7290952067905,39.32174110412598,45.82519645690918,47.94712181091307,51.93283966064449,7.526697866565534,4.752516694343841,4.7047934007196055,5.48733723309103,5.761598243009172,6.370775663049924,51.48894500732422,29.777716562483047,29.478182792663574,34.782627487182616,36.777190399169925,40.26775535583496,-25.187788009643555,-39.57218600908915,-39.2006950378418,-34.120256423950195,-32.694736862182616,-29.681364612579358,101.95264434814453,69.3499025715722,68.88372611999512,77.10126075744628,80.22568464279175,86.47988948822018,11.044845832203077,7.073011143559291,6.959969711361469,7.775464225670684,8.03770680676159,8.907096692661389,-0.0899162160688402,7.093899400694136
R2,gsm8k,S4_vdraft_lin_l4,3.274787425994873,5.675435900688171,8.304062747955335,10.072596549987793,14.032572174072271,15.649448518753054,19.72434021377671,26.126862419870513,55.8480224609375,11.078179508130496,55.8480224609375,496.0;432.0;471.0;441.0;450.0;494.0;503.0;482.0;451.0;387.0,0.2785367872298662,4.87490292353569,0.007988094672548239,0.02875284874628214,0.0471733146017752,0.15089925780743527,3600,1024,0.5750151147634388,3.575015114763439,46.443389892578125,-0.0582634962479824,3.94791520232804,3.274787425994873,-55.8480224609375,3.9125786722437765,2.783542669105281,5.041263541536723,55.8480224609375,19.304020058578914,18.672598838806152,23.53086986541748,25.637612438201902,30.91744689941403,8.184526842576332,3.3242016432300776,3.2713672164934886,3.6761790665952994,3.863246651169779,4.395639577618753,46.443389892578125,17.39525869316525,16.712456703186035,21.794139289855956,23.842970657348626,28.448259696960445,-10.910176277160645,-18.439441596402062,-17.90652561187744,-14.841360282897949,-14.160560321807864,-13.10948818206787,83.36657333374023,35.83470028956731,34.73923635482788,43.00756893157959,46.545438098907454,56.324029350280746,8.240083252754282,5.006440772087737,4.891187911870866,5.785594879234497,6.171242423025932,6.99297311112881,-0.043037463695883335,5.040926845356154
R2,gsm8k,S4_kctx_lin_fp_l4,6.583822250366211,12.420916557312012,19.22705879211426,23.892035865783686,33.58795280456543,37.79600053787232,47.74943386077964,60.629092893973926,98.7218246459961,8.523235734148571,98.7218246459961,38.0;62.0;108.0;127.0;250.0;114.0;125.0;120.0;757.0;54.0,0.4298589880618623,10.663822297314713,0.008045206840318744,0.03608584989985963,0.05965539981262106,0.1872649784286202,42995,1024,1.2188598503527555,4.2188598503527555,98.7218246459961,0.05208741791623898,8.69619655999403,6.583822250366211,-91.52230072021484,4.122489453846079,2.8998455063743447,11.582669742485765,98.7218246459961,47.42063512809887,46.610923767089844,60.59920883178711,63.132476806640625,72.4585122680664,6.918415128534749,4.06013917909285,3.7391639159638426,5.576157844371638,5.898766602019168,6.451692032509939,98.7218246459961,44.847264928026995,44.435359954833984,58.13768768310547,62.52764129638672,71.69892883300781,-23.71724510192871,-43.56449409189412,-42.52748489379883,-31.4549617767334,-29.268037796020508,-25.684059143066406,178.73443603515625,88.4117590199211,87.10731887817383,113.02002334594727,118.08072662353516,129.76627731323242,17.370600280439927,11.433665160559011,11.747231644169872,13.462539314884042,14.01491275768324,14.935591586715068,0.01884759229752489,11.582552622992484
R2,gsm8k,S4_vctx_lin_fp_l4,5.053573846817017,9.017131805419922,13.640889549255377,16.914233779907224,24.529942264556887,28.066400480270396,36.55761518097313,48.469494679641286,77.28374481201172,9.239443988598767,77.28374481201172,48.0;9.0;16.0;101.0;63.0;7.0;114.0;47.0;69.0;4.0,0.2088933798172905,8.21609376994509,0.003186812940788139,0.012915515727516078,0.02424478507455587,0.10650774612418976,42995,1024,1.3459187080537243,4.345918708053724,74.2227783203125,-0.09484192917766493,6.379399004551625,5.053573846817017,-77.28374481201172,4.370544396405226,2.9326092847626772,8.364544977747345,77.28374481201172,34.13999450582448,33.254722595214844,46.437629699707024,50.939449310302734,59.36150444030755,8.59956395862741,3.7569554765927142,3.505847582428428,4.925258998986699,5.309054421158058,5.758209842918358,74.2227783203125,31.149415149460257,30.772384643554688,42.4511734008789,46.79171791076658,55.37619400024414,-11.4168062210083,-32.15177362060281,-31.355371475219727,-20.56711196899414,-17.22817039489746,-13.148290634155273,141.30001831054688,63.301188770063064,62.201847076416016,84.64726638793945,91.41632614135733,105.80556106567383,12.536554599521581,8.203314192852297,8.59314493791649,9.899596476391123,10.215787287865805,11.140262869927264,-0.014973478153647926,8.364007274819182
R2,gsm8k,S4_k_stored_ctx_fp_l4,1.0049650073051453,1.9608532786369324,3.1462268829345703,3.953083419799804,5.499234104156496,6.10915518283844,7.5996372375492225,8.882890119075066,10.85494613647461,5.808082059306445,10.85494613647461,564.0;114.0;428.0;254.0;62.0;250.0;575.0;815.0;753.0;380.0,0.4944905005828971,1.6686933369733952,0.009066317294942606,0.03666748899917663,0.06270658817027484,0.2032914838671216,42995,1024,1.255763802073485,4.255763802073485,10.480490684509277,0.008519893375919083,1.3804148668368676,1.0049650073051453,-10.85494613647461,4.066286109733022,2.9424377181341534,1.8689381495706383,10.85494613647461,7.671646321664121,7.5628228187561035,8.781745910644531,9.302807807922363,10.001492500305176,6.1463187489003746,4.223605128777799,4.048331606296863,5.129005165577718,5.398532429975562,5.815069509187835,10.480490684509277,7.316557985783344,7.152613639831543,8.727763175964355,9.109774589538574,9.961845397949219,-4.663329124450684,-7.088378474451467,-6.988592147827148,-6.05656099319458,-5.820270919799809,-5.419628047943117,19.040374755859375,14.404936460234811,14.202805519104004,16.4563045501709,17.02277660369873,18.30854606628418,1.9501374084807064,1.8687664872677148,1.8627320165391843,1.9083192974829877,1.920014374303044,1.932864021844844,0.015321565410933186,1.8689187297304783
R2,gsm8k,S4_k_stored_ctx_l4,1.0497670769691467,1.9696860015392303,3.1071796178817768,3.889720153808593,5.4275728464126605,6.021071882247927,7.309488311767805,8.476707458496094,10.768853187561035,5.798220546198181,10.768853187561035,62.0;250.0;564.0;114.0;633.0;1018.0;635.0;815.0;38.0;628.0,0.5056055313982057,1.6543349722369807,0.01023750854689911,0.043859470041695194,0.074755491193927,0.2315683765626456,42995,1024,1.0538762607998589,4.053876260799859,10.593453407287598,0.015313390690096873,1.3950625516465867,1.0497670769691467,-10.768853187561035,3.9356117660181753,2.922341297252351,1.857268639879874,10.768853187561035,7.340972972667582,7.312506675720215,8.416898727416992,8.662759780883789,9.265959739685059,6.009016111242648,4.009688586703832,3.842874657682025,4.918894492503875,5.37192788272414,5.777033913940675,10.593453407287598,7.05261014282239,6.968437194824219,8.266633033752441,8.545618057250977,9.083701133728027,-4.575979709625244,-6.8534681099488965,-6.8051581382751465,-5.878732299804688,-5.670992851257324,-5.300848484039307,18.25179100036621,13.906078252771286,13.835227966308594,15.794930458068848,16.103026390075684,16.73166275024414,1.9405698862904976,1.8570173349081653,1.8514842371281157,1.8993091921031242,1.9198316870648582,1.9318347034643752,0.02707474552104405,1.8572055084849413
R2,gsm8k,S4_k_stored_draft_l4,1.0913702249526978,1.920656830072403,2.8150866746902468,3.385990989208221,4.507304949760437,4.93640918493271,5.837494541168221,7.121393203735352,9.23060417175293,5.447672566216358,9.23060417175293,448.0;384.0;941.0;230.0;935.0;686.0;995.0;506.0;631.0;823.0,0.48469312481975857,1.5264740438996187,0.008154707520106491,0.03543657847396311,0.06301245510237886,0.21470760046179604,3600,1024,0.22947657327019133,3.2294765732701913,8.482211112976074,0.011315394941889892,1.3297331580056326,1.0913702249526978,-9.23060417175293,3.4451438146026327,2.6600990645358986,1.6944124411948605,9.23060417175293,6.188716959688398,6.090814590454102,7.050803232192993,7.35554563999176,7.948608760833738,4.108973726166489,3.225847021544975,3.2176915807173208,3.4295311073055177,3.503379968137136,3.6537809735494013,8.482211112976074,5.811157053311666,5.730186939239502,6.669236278533935,6.9896464347839355,7.725612916946411,-4.140364170074463,-5.743122128513124,-5.635973691940308,-4.94232211112976,-4.786422443389893,-4.548078813552857,14.846587181091309,11.554279181824791,11.491690874099731,12.698246479034424,13.072365736961364,13.852066702842702,1.80182359928934,1.6942571043217403,1.6918733713206262,1.7244855624491982,1.7356343568108847,1.7573577929258721,-0.01435983395958543,1.6943746583070802
R2,gsm8k,S4_v_stored_ctx_l4,3.563913941383362,7.12971293926239,11.289910316467292,14.245541238784789,20.69889736175537,23.614381475448617,30.58030579185625,43.00202132412534,68.33995819091797,10.109593666254588,68.33995819091797,48.0;69.0;72.0;120.0;105.0;12.0;36.0;65.0;79.0;101.0,0.14063303664325943,6.704482496628788,0.002428690152324358,0.010080596852767926,0.019065254513058096,0.0860103002307925,42995,1024,1.9466006164407235,4.9466006164407235,66.16963195800781,-0.040619965512435595,4.917561816992583,3.563913941383362,-68.33995819091797,4.523773117943807,3.0620071654457806,6.759911470926272,68.33995819091797,23.788291513771494,23.83701515197754,36.71884841918945,41.283653259277344,52.47938537597656,8.730773349029343,3.509665462273862,3.219347418833024,4.694180803098843,5.426216752377608,6.685686042578654,66.16963195800781,21.944595400518228,22.1411190032959,34.075652313232425,38.817237854003906,50.19991683959961,-6.553806304931641,-22.324034043380944,-22.292552947998047,-8.648443222045898,-8.1436767578125,-7.043360233306885,125.09846496582031,44.26862944389917,45.124847412109375,67.48063659667969,75.78155517578125,95.10478591918945,13.139429822497153,6.232078735436107,6.705899456565617,9.337231669690182,10.023882313321758,11.457366782948625,-0.00035770115480128516,6.759789428167298
R2,gsm8k,S4_v_stored_draft_l4,3.274787425994873,5.675435900688171,8.304062747955335,10.072596549987793,14.032572174072271,15.649448518753054,19.72434021377671,26.126862419870513,55.8480224609375,11.078179508130496,55.8480224609375,496.0;432.0;471.0;441.0;450.0;494.0;503.0;482.0;451.0;387.0,0.2785367872298662,4.87490292353569,0.007988094672548239,0.02875284874628214,0.0471733146017752,0.15089925780743527,3600,1024,0.5750151147634388,3.575015114763439,46.443389892578125,-0.0582634962479824,3.94791520232804,3.274787425994873,-55.8480224609375,3.9125786722437765,2.783542669105281,5.041263541536723,55.8480224609375,19.304020058578914,18.672598838806152,23.53086986541748,25.637612438201902,30.91744689941403,8.184526842576332,3.3242016432300776,3.2713672164934886,3.6761790665952994,3.863246651169779,4.395639577618753,46.443389892578125,17.39525869316525,16.712456703186035,21.794139289855956,23.842970657348626,28.448259696960445,-10.910176277160645,-18.439441596402062,-17.90652561187744,-14.841360282897949,-14.160560321807864,-13.10948818206787,83.36657333374023,35.83470028956731,34.73923635482788,43.00756893157959,46.545438098907454,56.324029350280746,8.240083252754282,5.006440772087737,4.891187911870866,5.785594879234497,6.171242423025932,6.99297311112881,-0.043037463695883335,5.040926845356154
R2,mtbench,A_src1,0.015380859375,0.026611328125,0.0390625,0.04736328125,0.0703125,1.171875,10.8125,17.875024999986636,24.375,52.5672316692548,24.375,3280.0;2154.0;1950.0;58.0;610.0;2521.0;1800.0;2520.0;2557.0;2926.0,0.6163494077641004,0.37692473249194247,0.009109484479915757,0.038309414943690875,0.06916551285623089,0.252017101802159,44434,4096,740.7160229467418,743.7160229467418,24.375,-0.0003373917260474219,0.04101536472807387,0.015380859375,-24.0,23.318284817387386,0.15163624519977345,0.4636919089322389,24.375,0.17535430335406163,0.087890625,0.10791015625,0.11376953125,0.1279296875,3.3361741267999143,2.9849054090842477,2.9823965591375377,3.0846868949932276,3.1148097934797807,3.1746455364647765,24.375,0.17127987357302404,0.083984375,0.10302734375,0.109375,0.123046875,-0.04541015625,-0.1698429471501975,-0.083984375,-0.064453125,-0.060546875,-0.05419921875,48.375,0.34112282072322153,0.16845703125,0.2041015625,0.2138671875,0.236328125,7.740278966878665,0.050980230730891196,0.0234115773738265,0.02773321435387823,0.028727981087074403,0.03098967826480821,0.1951789631796349,0.46369178618565904
R2,mtbench,A_src1_origbasis,0.012079274747520685,0.021807953249663115,0.034381279349327096,0.04524433817714452,0.10221938364207757,0.18112559199333209,0.8287159187793788,1.8401582664131255,300.1044616699219,647.2065705284639,300.1044616699219,788.0;1384.0;4062.0;290.0;2352.0;4055.0;133.0;1039.0;1189.0;709.0,0.9948673863001164,0.05507563510429152,0.9813947567136786,0.9892224399038574,0.9906970590192169,0.9929301695976195,44434,4096,364385.9581212968,364388.9581212968,300.1044616699219,-0.00035391578642524074,0.01904532643288179,0.012079274747520685,-274.77386474609375,1.7872123085109826,0.22044676163890906,0.46369192671341,300.1044616699219,1.3341535191092448,0.2524571269750595,0.3462874382734299,0.37569858133792877,0.46321458339691157,1319.01847300123,26.426699089563822,13.769842318998744,49.858460661777016,67.80016239234851,111.19210856565262,300.1044616699219,1.3298388722531638,0.2491597682237625,0.34614209830760956,0.37567463219165803,0.46321458339691157,-0.0989236831665039,-1.1804533878248005,-0.19001635164022446,-0.14866842180490492,-0.13861459866166115,-0.12217176705598831,574.8782958984375,2.5102922600779642,0.4415072873234749,0.5704655945301056,0.61416552439332,0.7664900700747964,7.740281051699701,0.05098023255644591,0.02341157792645543,0.027733215211861964,0.02872798190524523,0.03098967936793954,-124.36405722708707,0.46369179164916263
R2,mtbench,A_src8,0.06689453125,0.1142578125,0.1650390625,0.19921875,0.2890625,1.2187890625000364,10.875,17.875024999986636,24.375,51.363603968274695,24.375,3280.0;2154.0;1950.0;58.0;610.0;2521.0;1800.0;2557.0;2520.0;2926.0,0.5903973601249369,0.3989424323343419,0.00873400239586427,0.03678160072451266,0.0664535197947829,0.24302368060841972,44434,4096,678.7437221920121,681.7437221920121,24.375,-0.0001935371485448463,0.10148458826713075,0.06689453125,-24.0,22.91606946276871,0.6091196624442833,0.47455782143043335,24.375,0.46090517062525316,0.37109375,0.44140625,0.46484375,0.51953125,3.3679659267427704,2.9771726793837145,2.9754314377290614,3.0788692744583037,3.1095032658834727,3.172481639056396,24.375,0.4435103406527096,0.353515625,0.423828125,0.447265625,0.50390625,-0.20703125,-0.442049167198823,-0.353515625,-0.296875,-0.28125,-0.2578125,48.375,0.8855595078515326,0.708984375,0.833984375,0.873046875,0.95703125,7.754587340154132,0.12666641928323819,0.09869802145339754,0.11389945117279915,0.11803764382454655,0.12734976791201305,0.2308199998341886,0.4745577819656645
R2,mtbench,A_src8_origbasis,0.05723808892071247,0.09963507764041424,0.14820512086153032,0.18508037254214285,0.3286899718642238,0.47312200665474125,0.9591669315697229,2.2175895776013217,300.36846923828125,632.9438054603345,300.36846923828125,788.0;1384.0;4062.0;290.0;2352.0;4055.0;133.0;1039.0;709.0;1189.0,0.9665627860433895,0.1121947361317401,0.9404790039122788,0.9536502290013089,0.9574823270914635,0.9639760715582204,44434,4096,334209.1324455318,334212.1324455318,300.36846923828125,4.671847758443728e-05,0.07415636507309442,0.05723808892071247,-275.353759765625,2.0211800835121725,0.6926235704299337,0.47455787804073046,300.36846923828125,2.704159523601761,1.586634874343872,2.408156251907349,2.664073061943054,3.251013150215148,1317.0634435265717,43.050776121510395,25.133209182858472,86.3858268979643,121.22959406309698,224.05337984397187,300.36846923828125,2.6968769394607457,1.5865825414657593,2.408156251907349,2.664073061943054,3.251013150215148,-0.35014238953590393,-1.8046520143678917,-0.8020539581775665,-0.6059550464153288,-0.5610311627388,-0.49243369787931446,575.7222290039062,4.501528953828638,2.397878110408783,3.328261989355089,3.612367361783981,4.263412649631497,7.754587988684396,0.1266664260138438,0.09869802485937058,0.11389945575844337,0.11803764992115393,0.12734977271153486,-117.5262911313399,0.47455787574109937
R2,mtbench,A_src15,0.11328125,0.1953125,0.28125,0.33984375,0.48828125,1.21875,10.9375,18.000012499993318,24.5,49.205311125087924,24.5,3280.0;2154.0;1950.0;610.0;2521.0;58.0;1800.0;2557.0;2520.0;1027.0,0.5439590121036267,0.43469351200150125,0.00807494567470756,0.034165919805984934,0.061917006630045006,0.2273418942691775,44434,4096,574.5260242803097,577.5260242803097,24.5,-0.00029147474926498004,0.15942365303095432,0.11328125,-24.25,21.966656752271394,0.9806543192978301,0.49791373003855227,24.5,0.7325066214779223,0.64453125,0.75390625,0.7890625,0.87109375,3.321659635269855,2.976433914873149,2.9745784957339865,3.0786108059890167,3.1096375732414354,3.1708083905157443,24.5,0.7041926825460233,0.6171875,0.72265625,0.7578125,0.84375,-0.32421875,-0.7015190806167574,-0.61328125,-0.515625,-0.48828125,-0.435546875,48.75,1.4057117631627807,1.23828125,1.421875,1.47265625,1.59375,7.808964542581776,0.1992090848800065,0.17296164347974977,0.1937368950744213,0.19841624990928455,0.2077972525605015,0.1989262700925244,0.4979136447250415
R2,mtbench,A_src15_origbasis,0.09646965190768242,0.1670689433813095,0.24762311726808553,0.30797094553709026,0.5327858543396004,0.7286589616537096,1.2695989892482942,3.7380161770069416,302.5379638671875,607.6111873225582,302.5379638671875,788.0;1384.0;4062.0;2352.0;290.0;4055.0;133.0;1039.0;1189.0;3231.0,0.9197165991195401,0.17248895399517866,0.8713465982983374,0.891294491256611,0.8987902703510076,0.9165063286410754,44434,4096,283410.9292088105,283413.9292088105,302.5379638671875,2.0177373468065823e-05,0.12498935354486979,0.09646965190768242,-277.05224609375,2.549837182150555,1.0700364390832693,0.4979137484290284,302.5379638671875,3.996630732919629,2.8213452100753784,4.524766969680787,5.016151189804077,6.341199827194213,1317.7361667695743,48.438015863668596,26.720966185165373,101.48998666342374,140.20916342936863,266.4139374395653,302.5379638671875,3.9873730961521616,2.8213452100753784,4.524766969680787,5.016151189804077,6.341199827194213,-0.3645264506340027,-2.3918331994719075,-1.3778336644172668,-0.9869485557079315,-0.8860545486211779,-0.7313990163803105,579.58447265625,6.379206295624069,4.20905214548111,6.198678708076478,6.759952557086945,8.181311962604518,7.808964845888447,0.19920909142363935,0.1729616507948641,0.1937369004123103,0.19841625750114736,0.20779725674428848,-103.7902336918409,0.49791374802019617
R2,mtbench,A_src22,0.240234375,0.412109375,0.6015625,0.7265625,1.046875,1.421875,10.875,18.125,24.5,41.16078967912869,24.5,3280.0;2154.0;1950.0;58.0;610.0;2521.0;1800.0;2557.0;2520.0;1027.0,0.38890704674173715,0.5591616628354807,0.005990733714423931,0.025388838987434405,0.0463999611463939,0.17438386198196915,44434,4096,281.8744730563459,284.8744730563459,24.5,-0.00031706980423457895,0.31384441660721063,0.240234375,-24.25,18.270350520837734,1.758783742666851,0.59522667545961,24.5,1.4612669035817167,1.3828125,1.640625,1.71875,1.90625,3.335399188098878,2.9752442510227803,2.973923275018815,3.076049318398222,3.1068065592138177,3.16699147980219,24.5,1.3987297171085205,1.3125,1.5703125,1.65625,1.84375,-0.66796875,-1.3970312710987083,-1.3125,-1.0546875,-0.9765625,-0.86328125,48.75,2.7957609882072285,2.6484375,3.09375,3.2265625,3.5,7.822590255684278,0.3925466013129922,0.37096063953623193,0.42162888826952033,0.4333483491879239,0.4548950351952731,0.11004495433875279,0.5952265910100448
R2,mtbench,A_src22_origbasis,0.19660964608192444,0.3435322940349579,0.5138611018657694,0.643722203373909,1.0860668540000922,1.4311212086677574,2.590732193708458,8.129401370712948,303.14752197265625,509.29757650968526,303.14752197265625,788.0;1384.0;4062.0;2352.0;290.0;4055.0;133.0;761.0;2742.0;1039.0,0.763542367324791,0.3396925790052121,0.6416533958834725,0.6791524072082054,0.6994665318188658,0.7560865221894093,44434,4096,139804.69103766157,139807.69103766157,303.14752197265625,-0.0001859540597363354,0.25912660309275914,0.19660964608192444,-277.57928466796875,4.352513321089764,1.8246272081341217,0.595226712151636,303.14752197265625,7.561251999975919,6.506739616394043,9.396408557891846,10.21827836036682,11.787811212539667,1319.1214184625148,58.20836097593667,36.61484204267332,123.45305887670771,164.13893316646585,271.63889612861703,303.14752197265625,4.4999810881949935,3.270097017288208,4.820395898818971,5.451511335372925,6.772686305046081,-0.9301649928092957,-7.384380103940339,-6.473175525665283,-3.290448141098021,-2.597423195838929,-1.82681774020195,580.726806640625,11.884361192135334,9.856682896614075,13.46224994659424,14.565669798851012,17.065300569534298,7.8225912722979585,0.3925466145438616,0.370960653748189,0.42162889740183934,0.433348364878179,0.4548950383417206,-61.621482877714996,0.5952266831047934
R2,mtbench,A_src29,0.478515625,0.81640625,1.1796875,1.4140625,1.9765625,2.421875,10.875,18.125024999986636,25.0,29.23142125374889,25.0,3280.0;2154.0;1950.0;2557.0;2521.0;58.0;1800.0;2520.0;610.0;2149.0,0.24177098404197195,0.8355067096372765,0.004362230584541193,0.01651327469194877,0.029872421394731247,0.11740000623052683,44434,4096,65.41407933460239,68.41407933460239,25.0,-0.0017299738254052531,0.5919640478931357,0.478515625,-24.25,12.715668245380767,2.311109242874522,0.8552440807781039,25.0,2.71948898225458,2.625,3.09375,3.234375,3.5625,3.2936109736464765,2.925478000384745,2.927057353318207,3.037133840068345,3.0703721679006852,3.134639104576466,25.0,2.6080085069991448,2.515625,2.96875,3.125,3.46875,-1.359375,-2.5950053731376874,-2.515625,-2.09375,-1.984375,-1.75,49.125,5.203013880136832,5.046875,5.828125,6.0625,6.578125,7.821678131572406,0.7387755971554906,0.7177305734721771,0.8073601090259362,0.8290922349953933,0.8705298805585469,0.04724897276990718,0.8552423310948467
R2,mtbench,A_src29_origbasis,0.3926951289176941,0.6782142221927643,0.9946565926074984,1.2164807260036465,1.8170800447463993,2.255739340782167,4.02341000318537,22.778208758925867,302.7757873535156,354.02264800007754,302.7757873535156,788.0;1384.0;4062.0;2352.0;290.0;761.0;2742.0;3773.0;1658.0;2252.0,0.5716538246360845,0.632347657592481,0.4263335021504255,0.4703643548873881,0.4923290279040597,0.556729475144943,44434,4096,32600.118346222567,32603.118346222567,302.7757873535156,-0.003671150612185205,0.49575701763513347,0.3926951289176941,-276.7262878417969,4.704399502244895,2.124633197033449,0.8552441180357742,302.7757873535156,19.96223429422082,19.329678535461426,25.764779090881348,27.45763530731201,30.800504207611063,1308.8709731815188,166.93368799440537,133.7323974959961,339.0394366511501,418.4890755534291,610.5946632905539,302.7757873535156,6.351698126110179,5.131331205368042,7.416993284225469,8.323982620239255,10.275715312957763,-1.885633111000061,-19.863846590947453,-19.329678535461426,-11.796991539001464,-9.262166690826426,-4.187019042968764,579.4346008300781,26.215544717057632,24.738538026809692,31.659936952590947,33.456803107261656,36.797665047645566,7.821678136122618,0.7387756208465407,0.71773057273089,0.8073601516745135,0.8290922565214681,0.8705299359313382,-23.548985602235476,0.855236238759778
R2,mtbench,B_concat,0.103515625,0.27734375,0.609375,0.88671875,1.578125,2.109375,10.5,17.5,25.0,41.972422853648204,25.0,19664.0;11472.0;15568.0;3280.0;7376.0;10346.0;18538.0;14442.0;6250.0;2154.0,0.5152904322086258,0.5210458098601085,0.006851143942041471,0.028319145548265402,0.05135151778930749,0.1920622937454242,44434,20480,277.96090407269395,280.96090407269395,25.0,-0.0005738894506994161,0.24154641410530103,0.103515625,-24.25,17.62841759853225,2.6495091926365433,0.5956291845998836,25.0,2.71948898225458,2.625,3.09375,3.234375,3.5625,11.239501422946544,8.707961333245612,8.708243459838986,9.311670939141377,9.508724313818302,9.927101514845079,25.0,2.6080085069991448,2.515625,2.96875,3.125,3.46875,-1.359375,-2.5951572838367016,-2.515625,-2.09375,-1.984375,-1.75,49.125,5.203165790835847,5.046875,5.828125,6.0625,6.578125,7.789694429809133,0.39629005257430944,0.37297874022871547,0.41737763622454466,0.4276283249113763,0.44773534232391826,0.11338868274429094,0.5956289081282242
R2,mtbench,C_Zt_fp,2.644689202308655,4.593060374259949,6.81824254989624,8.568204021453857,55.89228370666504,109.48319171905578,225.29139627076134,541.113606225347,1452.903076171875,110.44545251905014,1452.903076171875,432.0;2017.0;2117.0;2062.0;3960.0;977.0;2910.0;3230.0;4030.0;3447.0,0.7080536466504226,9.884710238945308,0.099443964060982,0.22628441163547777,0.29773281072324764,0.5052950577441944,125480,4096,1193.9961369273947,1196.9961369273947,1452.903076171875,0.05103262440430118,4.200806809699081,2.644689202308655,-1244.157958984375,17.12599458136831,4.248768322915641,13.154937962894142,1452.903076171875,173.4880017156239,161.8852767944336,210.3883056640625,223.25587463378906,260.0477600097656,649.6023493399473,250.58068494905248,242.54175462171685,387.77822926507406,424.08344366293727,485.6423772466115,1452.903076171875,144.2994036085331,130.65646362304688,178.75477752685546,212.1103271484375,258.9976501464844,-48.053504943847656,-168.17869912069392,-159.38619995117188,-123.12590026855469,-114.22334289550781,-95.7960433959961,2696.117431640625,312.47810272922703,291.723934173584,379.43809356689457,401.6716613769531,459.2460174560547,135.11053606821554,6.817292988513501,5.802657863216932,6.798554881994715,7.090461444258133,8.154562585076246,2.471676406597371,13.154838975785294
R2,mtbench,C_Ht_fp,0.4698698967695236,0.8209780305624008,1.2113105654716496,1.4764203846454618,2.102961540222168,2.500174168348315,12.245069087987503,27.69409985808997,37.11397933959961,37.11398014147703,37.11397933959961,3573.0;494.0;604.0;3230.0;2361.0;1601.0;3510.0;1801.0;2117.0;3331.0,0.5003993105550575,0.7662059647678182,0.3889450222681592,0.45148739789014286,0.46585225194534163,0.501011077244575,125480,4096,247.50521766415386,250.50521766415386,32.91697311401367,0.006832466806422225,0.6079804282028786,0.4698698967695236,-37.11397933959961,12.245069352552084,2.102961585658346,0.999999978394195,37.11397933959961,27.756949440080877,27.948793411254883,31.693235397338867,32.57307319641113,34.314945220947266,649.6023091134535,250.580684922296,242.5417585968761,387.7782126144854,424.08347898450666,485.64236732244797,32.91697311401367,22.63492500738692,22.563764572143555,27.04792022705078,29.4494686126709,31.945268630981445,-9.19489860534668,-27.214354635235,-27.42822265625,-22.892290115356445,-21.778196334838867,-17.797443389892578,66.20775985717773,49.849279642621916,50.33767509460449,56.974947929382324,58.40251541137695,60.99081993103027,1.0000001362749351,0.9999999783941941,0.9999999770874198,1.0000000386184114,1.0000000561773037,1.0000000848469237,-1.1164835413312566,0.9999766368199456
R2,mtbench,S3_Zt_dep,2.7473323345184326,4.7822558879852295,7.0801764011383055,8.855232524871825,57.19034248352051,112.3068059158331,230.53354603577492,538.8402182066195,1444.4434814453125,108.03123693030744,1444.4434814453125,432.0;2017.0;2117.0;3960.0;2062.0;2910.0;977.0;3230.0;4030.0;3700.0,0.6941609109497455,10.216858945222222,0.09111049386186577,0.20955959745531155,0.27706220129840214,0.48357938107006837,125480,4096,1102.2083383622744,1105.2083383622744,1444.4434814453125,0.0595910984849421,4.343258406327288,2.7473323345184326,-1249.3701171875,17.241812817248434,4.277317540164722,13.370609487486888,1444.4434814453125,166.0929111730304,154.987548828125,198.60703125,211.3463897705078,249.0478973388672,559.0882376858697,211.43440912131868,203.31886807491477,334.30065774341494,369.81327337037527,419.5545771580308,1444.4434814453125,137.9719136666446,124.94193649291992,170.3052978515625,195.33128356933594,249.0478973388672,-44.41587829589844,-161.22024384314062,-152.5789031982422,-118.15745544433594,-109.13633728027344,-91.22927856445312,2689.537841796875,299.1921575097852,278.8544235229492,360.4352996826172,379.4044494628906,434.8523864746094,138.63179086684116,6.824897160698251,5.80402693267945,6.695064516436481,6.911108123054726,7.890093159118441,2.6059265642473113,13.370476691870628
R2,mtbench,S3_Ht_dep,0.4898844063282013,0.8559965342283249,1.255885863304138,1.524308580160141,2.1508308386802675,2.5395325946807876,11.849082731248433,26.56329614714617,35.97090530395508,35.970906091634,35.97090530395508,3573.0;494.0;604.0;3230.0;2361.0;1601.0;3510.0;1801.0;2117.0;3331.0,0.463575440921999,0.7909727963515814,0.35545734653695,0.41301364758767206,0.42645576968689625,0.4635964194759057,125480,4096,208.3650238197808,211.3650238197808,32.7899284362793,0.007679215762432929,0.6286996094400792,0.4898844063282013,-35.97090530395508,11.849082990715708,2.150830885778446,0.999999978102333,35.97090530395508,26.58152808979662,26.770301818847656,30.515836715698242,31.474729156494117,32.90336990356445,559.0882136231056,211.43440897748303,203.31887737553438,334.3006597068444,369.8132637604737,419.5545797412361,32.7899284362793,21.656464818882874,21.554176330566406,26.089834213256836,28.625905990600586,31.502159118652344,-8.898914337158203,-26.066617340558192,-26.23940658569336,-22.005361557006836,-21.11210823059082,-16.808870315551758,63.70935249328613,47.72308215944106,48.266502380371094,54.86848831176758,56.25185203552246,58.56394577026367,1.0000001462565868,0.9999999781023322,0.9999999763572021,1.0000000372476117,1.0000000541819782,1.0000000870631018,-1.0033339035385065,0.9999704924896237
R2,mtbench,S4_kctx_lin_l0,5.080690145492554,9.780030727386475,16.06431007385255,21.19440250396726,37.71633228302015,46.30830018997192,67.07877091217173,106.95368194580078,204.80441284179688,21.105665147413678,204.80441284179688,130.0;932.0;135.0;134.0;625.0;622.0;36.0;420.0;559.0;386.0,0.5427953545435951,8.465497367431608,0.01815541669961058,0.06397885944319309,0.10821597083536219,0.30124833552338726,125480,1024,8.693595474158354,11.693595474158354,147.2918243408203,0.14128382659312577,6.762372321083812,5.080690145492554,-204.80441284179688,6.91265416466379,3.8867730861293084,9.703764909152552,204.80441284179688,50.35015058702901,43.1468391418457,75.19115447998047,84.81539344787598,151.93479919433594,29.694037935889153,5.747835247170402,5.157807994018858,8.151397198818149,9.122239442617643,14.456070700015541,147.2918243408203,44.99615568950521,37.98178482055664,69.41493225097656,77.90602111816406,101.63565826416016,-23.924896240234375,-46.80928629445619,-41.15943145751953,-33.94381332397461,-32.30073165893555,-29.166851043701172,313.14392852783203,91.8054419839614,79.5914077758789,137.36847686767578,153.35748672485352,274.4940872192383,26.165581317426092,9.36004232296018,8.670909349287665,12.747457295399867,13.999449195815298,19.007589892112172,-0.12846050137568388,9.702736330151595
R2,mtbench,S4_vctx_lin_l0,1.8309985399246216,3.576394736766815,5.687253522872929,7.215837955474853,10.6082386302948,12.037497982978833,15.29405674648325,20.824615861892497,35.011070251464844,10.510527050345605,35.011070251464844,122.0;64.0;81.0;17.0;82.0;5.0;993.0;31.0;38.0;125.0,0.21351783959524162,3.271651440310683,0.004447498365872957,0.014936380439910765,0.025949126306909175,0.10069622554523859,125480,1024,2.1128247684091583,5.112824768409158,35.011070251464844,0.014963854932653396,2.446821770418015,1.8309985399246216,-34.61810302734375,4.591364845143723,3.1846549756807185,3.331048013459384,35.011070251464844,12.247306282656337,11.647170066833496,18.81515045166016,20.986658096313477,25.20154987335205,6.843945241203549,3.490352565210885,3.3880511997940066,3.899548196895734,4.361659859331723,5.444923328089963,35.011070251464844,11.412090146273687,10.832275390625,17.501358032226562,19.475980758666992,23.142051696777344,-2.9981393814086914,-11.381907171780492,-10.883062362670898,-5.680917739868164,-4.157160758972168,-3.460265636444092,60.115318298339844,22.79399731805418,21.842182159423828,34.872697830200195,38.349788665771484,45.16620635986328,6.641815306106058,3.1182377391289573,3.0650562445162097,4.717022102676106,5.160571064901537,5.796399563625107,0.014366654391354705,3.331014402703366
R2,mtbench,S4_kdraft_lin_l0,3.616817593574524,6.249449253082275,9.05237865447998,10.892904281616211,14.626338958740234,16.452821731567383,20.735984802246094,24.49980510768399,47.776939392089844,8.67466742662285,47.776939392089844,130.0;420.0;378.0;135.0;141.0;134.0;262.0;904.0;172.0;238.0,0.22442731992287146,5.388329620123223,0.008073080564332301,0.021865982352947826,0.0355486823800165,0.11864336306188486,4800,1024,0.36548508172427496,3.365485081724275,47.776939392089844,0.0007435544867682135,4.3447295634604535,3.616817593574524,-36.7531852722168,3.7649496642468483,2.6556457519155208,5.507639318305251,47.776939392089844,21.802135328849158,21.334945678710938,26.22438907623294,30.537630081176758,39.167381286621094,7.58522528165965,3.3188679029114145,3.187217909490981,3.717753589278938,3.8576412381071323,5.6244314024593685,47.776939392089844,20.389700973629953,20.071611404418945,25.090988159179688,30.537630081176758,39.167381286621094,-14.148335456848145,-19.279531869888306,-18.94078254699707,-16.068805694580078,-15.497910499572754,-14.692204475402832,69.72870063781738,39.66923284351826,39.28888702392578,45.87033729553224,49.18496036529543,57.54313278198242,7.146210914490835,5.5007122840327565,5.484488836709173,5.842232967522319,5.912974699793608,6.154802572401816,0.007102243387042909,5.507639268113758
R2,mtbench,S4_vdraft_lin_l0,2.0487561225891113,3.556580662727356,5.193906784057617,6.2891154289245605,8.55690860748291,9.506601333618164,11.799745559692383,14.393494615837337,18.77289390563965,5.940631254083422,18.77289390563965,66.0;1001.0;942.0;1004.0;53.0;0.0;48.0;1018.0;1022.0;904.0,0.23122614921377493,3.0924243825334665,0.004254189439327219,0.01737812567044763,0.03229217213992611,0.11675256022869407,4800,1024,0.39490782375835254,3.3949078237583525,18.77289390563965,0.03139885467329426,2.485008076406391,2.0487561225891113,-17.156265258789062,3.733997412145509,2.707810472240368,3.1600840218344968,18.77289390563965,12.33098570962747,12.338659286499023,14.393487930297852,15.247221946716309,15.247221946716309,4.676069576705377,3.386864214018082,3.3670431155669323,3.756385422453157,3.9826508120297466,3.9826508120297466,18.77289390563965,11.540001331567764,11.222383499145508,13.8447096824646,15.247221946716309,15.247221946716309,-7.9661455154418945,-11.312730398376782,-11.114556312561035,-9.398143768310547,-9.142436981201172,-8.666763305664062,29.93565082550049,22.852731729944548,23.031051635742188,25.374469757080078,25.810515117645263,26.976882934570312,3.474037408175578,3.1589116165438282,3.1648074817681637,3.2771663212363022,3.2868401024320217,3.3522586726046164,0.012658776425834219,3.159928027183356
R2,mtbench,S4_kctx_lin_fp_l0,6.346173524856567,11.98954463005066,19.610520553588884,26.361434936523438,50.408193511963006,63.37805788040162,98.01470121765895,145.71956080930875,324.8629150390625,25.6992603541874,324.8629150390625,130.0;135.0;386.0;932.0;519.0;258.0;36.0;420.0;134.0;625.0,0.4915161952465005,11.303945167334621,0.022890650656248544,0.06934087003848882,0.10910000280013321,0.28036243101122155,125480,1024,16.185262286515453,19.185262286515453,219.19256591796875,0.0751733478380037,8.799529128485457,6.346173524856567,-324.8629150390625,7.753748453644286,3.987692128208688,12.640944157995186,324.8629150390625,68.95293612463443,52.45270919799805,114.56713104248047,158.9894561767578,294.22314453125,43.55805616358884,6.24011314405021,4.340208543021766,9.563985078876177,14.881853316035631,33.63314548284625,219.19256591796875,59.12592435644659,45.899452209472656,102.57847595214844,127.13809204101562,156.34664916992188,-27.229700088500977,-63.8788174324139,-49.90439033508301,-39.45167541503906,-37.293960952758795,-34.13869857788086,483.5573425292969,123.00474178886049,96.0999526977539,203.11962890625,285.76170349121094,437.4981994628906,27.396326717296827,12.196656861933974,11.037461202104346,17.27807513849332,19.877507401222335,26.123297455032212,-0.3698682523502163,12.640720635047968
R2,mtbench,S4_vctx_lin_fp_l0,3.2596027851104736,5.667505860328674,8.350150299072268,10.221893501281738,14.255455808639535,16.039857358932505,20.127344522477213,26.23391787700517,41.83222961425781,8.120170659304714,41.83222961425781,64.0;2.0;122.0;46.0;25.0;36.0;31.0;57.0;38.0;80.0,0.2260019677023728,5.048598161397027,0.0044701846684235364,0.014803135840724933,0.02610843810703014,0.10519013140473231,125480,1024,0.711313024681012,3.711313024681012,38.10731506347656,-0.0015977434516932368,4.005815424656685,3.2596027851104736,-41.83222961425781,3.9069749317266127,2.767166250992177,5.151644142641662,41.83222961425781,20.72738034067011,20.4242000579834,25.50056266784668,27.345794677734375,31.53668268203731,6.367072425623289,3.5443273547733334,3.4924546451132645,4.031566831631532,4.2199477910409655,4.648422318614492,38.10731506347656,18.990366748156806,18.712093353271484,23.580078125,25.239431762695226,29.174819946289062,-8.790346145629883,-19.39897030026129,-19.016817092895508,-15.324801445007324,-14.153560638427734,-10.814661026000977,67.7079029083252,38.38933704841809,38.19776916503906,46.063255310058594,48.70783433914185,54.320932388305664,6.754504030004054,5.125887246681251,5.177766350619244,5.687773381290318,5.830494407611943,6.124522053902444,-0.001235211355628707,5.151643894877634
R2,mtbench,S4_k_stored_ctx_fp_l0,0.7362943291664124,1.4174045622348785,2.17445116043091,2.693670880794525,4.0869529771804824,5.489966413974767,10.139400557518236,12.949528553198824,16.72676658630371,11.409602398785964,16.72676658630371,224.0;352.0;160.0;736.0;608.0;288.0;672.0;992.0;544.0;863.0,0.4135769394462814,1.3248332562339047,0.04141924613047989,0.1475287089457289,0.1955109135150794,0.29602960845299764,125480,1024,7.318094035071635,10.318094035071635,15.702208518981934,-0.004382604877607252,1.0541733782838012,0.7362943291664124,-16.72676658630371,6.916251764883166,2.787777796238639,1.4660253707073543,16.72676658630371,10.206343720933607,10.671594142913818,13.155714988708496,13.692008018493652,14.654119491577148,22.182818687603838,9.168266962033831,8.755854147767446,13.508439608421149,14.777326382615103,17.22976703242343,15.702208518981934,9.095225049790432,9.585394859313965,11.653035163879395,12.183568954467773,13.124804496765137,-3.751647710800171,-9.691801012898084,-10.03636646270752,-5.613044261932373,-5.228241920471191,-4.552858352661133,29.83937358856201,18.78702606268852,19.71903133392334,24.159785270690918,25.039697647094727,26.66541156768797,1.706433667430938,1.4566663233054138,1.5093836191517873,1.6127923017833474,1.6307375317940618,1.6588743982458491,-0.16784519370423343,1.4660188199106186
R2,mtbench,S4_k_stored_ctx_l0,0.7494436502456665,1.4255987405776978,2.157648015022278,2.6662117719650262,4.029544525146488,6.040844855308556,10.838129043579102,13.913468305966719,17.518779754638672,11.72107438779436,17.518779754638672,224.0;352.0;736.0;672.0;288.0;479.0;608.0;160.0;992.0;544.0,0.5167196338399521,1.2856106705845156,0.04916418760884099,0.17946162355342088,0.24846236330061397,0.37127378994941423,125480,1024,10.91096813692047,13.91096813692047,17.41116714477539,0.0016047374922463849,1.0485691446964474,0.7494436502456665,-17.518779754638672,7.251333627313206,2.695997768661121,1.4946394140183688,17.518779754638672,10.909977629525212,11.50053882598877,14.350482940673828,14.960009717941265,15.901220321655273,32.35148218584095,11.8181713530103,11.200725780968018,19.38284309761669,21.589701614497088,25.42729572083327,17.41116714477539,9.960527511064058,10.524867534637451,13.30632009506226,13.961366653442383,15.069640159606934,-3.7583038806915283,-10.463343089896856,-10.956757545471191,-5.455347537994385,-5.121987342834473,-4.616119861602783,33.56614112854004,20.423870600960914,21.520788192749023,27.118314743041992,28.20688533782959,30.010573387145996,1.8357555254561506,1.4859898412309234,1.527002461764951,1.651539954988081,1.6814117257808956,1.7282806164655877,-0.14913073838511945,1.494638552545315
R2,mtbench,S4_k_stored_draft_l0,0.8989095687866211,1.5881366729736328,2.3224558591842657,2.782486915588377,3.7476391005516057,4.122911374568941,4.908365015030009,5.954458262634009,7.925321102142334,5.6632475826660835,7.925321102142334,352.0;403.0;467.0;539.0;96.0;224.0;30.0;917.0;745.0;602.0,0.2297919899620191,1.3672166353929285,0.0029378813824245493,0.013248529120228452,0.025041684354439736,0.10054854097330834,4800,1024,0.2832171659643583,3.2832171659643583,7.597934246063232,-0.001991333496036906,1.095843739440418,0.8989095687866211,-7.925321102142334,3.5074019018229365,2.677974532939323,1.3994304480701045,7.925321102142334,5.264854034632444,5.2159693241119385,6.042005252838135,6.2703252077102665,6.786298437118531,4.771893187629145,3.2786117850531795,3.2430412855696913,3.5273611095201183,3.6485317538345448,3.815145211492701,7.597934246063232,4.790675630122423,4.70573616027832,5.42789888381958,5.756499767303467,6.727019309997559,-3.6457653045654297,-5.020835195829471,-4.903802394866943,-4.2741724967956545,-4.138214707374573,-3.9336100459098815,14.773216724395752,9.811510825951894,9.827592134475708,10.789790296554566,11.070628666877747,11.901757998466492,1.4850080647899964,1.3992362235964897,1.4039616868131115,1.4289697984132657,1.4320948564383111,1.4448601686214906,-0.012023594961144335,1.3994290312754702
R2,mtbench,S4_v_stored_ctx_l0,1.8309985399246216,3.576394736766815,5.687253522872929,7.215837955474853,10.6082386302948,12.037497982978833,15.29405674648325,20.824615861892497,35.011070251464844,10.510527050345605,35.011070251464844,122.0;64.0;81.0;17.0;82.0;5.0;993.0;31.0;38.0;125.0,0.21351783959524162,3.271651440310683,0.004447498365872957,0.014936380439910765,0.025949126306909175,0.10069622554523859,125480,1024,2.1128247684091583,5.112824768409158,35.011070251464844,0.014963854932653396,2.446821770418015,1.8309985399246216,-34.61810302734375,4.591364845143723,3.1846549756807185,3.331048013459384,35.011070251464844,12.247306282656337,11.647170066833496,18.81515045166016,20.986658096313477,25.20154987335205,6.843945241203549,3.490352565210885,3.3880511997940066,3.899548196895734,4.361659859331723,5.444923328089963,35.011070251464844,11.412090146273687,10.832275390625,17.501358032226562,19.475980758666992,23.142051696777344,-2.9981393814086914,-11.381907171780492,-10.883062362670898,-5.680917739868164,-4.157160758972168,-3.460265636444092,60.115318298339844,22.79399731805418,21.842182159423828,34.872697830200195,38.349788665771484,45.16620635986328,6.641815306106058,3.1182377391289573,3.0650562445162097,4.717022102676106,5.160571064901537,5.796399563625107,0.014366654391354705,3.331014402703366
R2,mtbench,S4_v_stored_draft_l0,2.0487561225891113,3.556580662727356,5.193906784057617,6.2891154289245605,8.55690860748291,9.506601333618164,11.799745559692383,14.393494615837337,18.77289390563965,5.940631254083422,18.77289390563965,66.0;1001.0;942.0;1004.0;53.0;0.0;48.0;1018.0;1022.0;904.0,0.23122614921377493,3.0924243825334665,0.004254189439327219,0.01737812567044763,0.03229217213992611,0.11675256022869407,4800,1024,0.39490782375835254,3.3949078237583525,18.77289390563965,0.03139885467329426,2.485008076406391,2.0487561225891113,-17.156265258789062,3.733997412145509,2.707810472240368,3.1600840218344968,18.77289390563965,12.33098570962747,12.338659286499023,14.393487930297852,15.247221946716309,15.247221946716309,4.676069576705377,3.386864214018082,3.3670431155669323,3.756385422453157,3.9826508120297466,3.9826508120297466,18.77289390563965,11.540001331567764,11.222383499145508,13.8447096824646,15.247221946716309,15.247221946716309,-7.9661455154418945,-11.312730398376782,-11.114556312561035,-9.398143768310547,-9.142436981201172,-8.666763305664062,29.93565082550049,22.852731729944548,23.031051635742188,25.374469757080078,25.810515117645263,26.976882934570312,3.474037408175578,3.1589116165438282,3.1648074817681637,3.2771663212363022,3.2868401024320217,3.3522586726046164,0.012658776425834219,3.159928027183356
R2,mtbench,S4_kctx_lin_l1,5.815229892730713,12.130098819732666,21.352394866943364,27.429791927337636,38.51833938598635,42.69339317321779,51.50422974395803,61.95970840911702,100.27782440185547,7.675574744678886,100.27782440185547,783.0;782.0;85.0;779.0;786.0;856.0;23.0;990.0;798.0;848.0,0.6689704361766873,10.381659392324057,0.012677612181800819,0.05395962663910469,0.09473997620113482,0.3317548893140228,125480,1024,1.9210302868103142,4.921030286810314,100.27782440185547,0.5057488543357379,9.136926423477467,5.815229892730713,-79.65338134765625,3.942292998725534,2.9483127975857477,13.064536238328389,100.27782440185547,51.298871750447034,51.374202728271484,62.22890090942383,66.18895721435547,75.86980438232422,8.35972161001425,4.438305118679161,4.488160530629757,4.982695999271619,5.08967639180753,6.062755078005103,100.27782440185547,50.0703197151071,51.04126739501953,61.72795867919922,65.33470916748047,73.134521484375,-21.307958602905273,-45.08989652883562,-44.83563232421875,-37.32376480102539,-34.39674758911133,-29.661794662475586,172.1422348022461,95.16021624394271,96.07035636901855,113.2150447845459,118.7001838684082,130.54373107910158,20.056788314139137,12.862901197379438,13.264169653852473,15.322782211188306,15.895962658179053,17.043104451187467,0.21088669713144284,13.05474339919915
R2,mtbench,S4_vctx_lin_l1,2.412808060646057,4.55787205696106,7.136090707778932,8.926322078704834,12.852917003631594,14.421730890274073,17.819313465118427,22.586708386418994,52.6695442199707,12.659067174477974,52.6695442199707,870.0;261.0;341.0;359.0;867.0;718.0;858.0;263.0;371.0;830.0,0.13607104695937322,4.124711445195322,0.005733373505796548,0.01704142333737025,0.028372641698491956,0.09444722059832553,125480,1024,1.5150426354106328,4.515042635410633,40.27531814575195,0.006013761567855533,3.1119254325446573,2.412808060646057,-52.6695442199707,4.282852443452177,3.0891845020992097,4.160618116171949,52.6695442199707,15.253398300258453,14.743754386901855,21.48664093017578,23.55832862854004,27.710248947143555,13.46937397635074,3.4127411250355904,3.240686571559077,4.013013208563628,4.506128667748855,6.051626990776665,40.27531814575195,13.57035226151181,13.014886856079102,20.164955139160156,22.436447143554688,26.16975965499866,-5.627991199493408,-14.509980396244758,-14.120003700256348,-9.242812156677246,-7.67814826965332,-6.9062042236328125,88.45611190795898,28.080332657756568,26.95902729034424,39.965070724487305,43.70340156555176,50.134111404418945,7.906047501881038,3.936782431515574,3.86305851900601,5.847209964561146,6.2312379822390325,6.889082674832124,-0.0013817558728161032,4.1606137700212
R2,mtbench,S4_kdraft_lin_l1,2.183503746986389,4.623527765274048,8.695297622680668,11.97229661941528,21.552996540069593,25.77073758125306,37.47207070541464,51.956809997558594,83.13645935058594,15.067509938497732,83.13645935058594,256.0;783.0;23.0;211.0;529.0;149.0;913.0;786.0;917.0;528.0,0.7503126605291459,3.995073905043174,0.023890070431667285,0.09746843188729185,0.16459087173710132,0.45203324074056767,4800,1024,8.244820341466724,11.244820341466724,83.13645935058594,0.2084014747402957,3.5419348067801857,2.183503746986389,-66.95894622802734,6.791374111675415,3.906228291518131,5.517597777597673,83.13645935058594,27.243332770665486,24.507431030273438,35.244488143920904,43.46145782470703,61.92823112487796,7.875536162313018,6.821432802229218,6.867494531337179,7.227966138774081,7.314707167189141,7.4858767847970595,83.13645935058594,27.243332770665486,24.507431030273438,35.244488143920904,43.46145782470703,61.92823112487796,-15.654657363891602,-21.76956402182579,-19.751227378845215,-17.739493560791015,-17.38380479812622,-16.757421150207517,150.09540557861328,49.012896792491276,44.23244380950928,63.144517135620134,77.88422508239746,111.29728984832775,18.291602873084727,5.259451452036111,4.671990979145367,6.776378933763317,8.544314553064227,13.249413033873482,0.5172684266295862,5.5136606769619805
R2,mtbench,S4_vdraft_lin_l1,0.6782538890838623,1.1937620639801025,1.811833453178406,2.316068315505981,3.969807755947114,4.970056829452524,7.5659616770748555,11.016408447360226,18.67287826538086,16.39513018507043,18.67287826538086,339.0;347.0;376.0;751.0;322.0;702.0;747.0;705.0;262.0;259.0,0.3096971984028113,1.0944852986909783,0.0065409656607954515,0.025809972777559274,0.04397335892648311,0.15291261488467592,4800,1024,5.541433033612398,8.541433033612398,17.414508819580078,0.013909273833416667,0.8399480310816659,0.6782538890838623,-18.67287826538086,6.64305335834984,3.4855641451442687,1.1389283314373784,18.67287826538086,3.9417665291329227,3.408326506614685,5.187119960784916,7.1467915296554585,13.190139179229737,5.197514758906067,3.187360274356519,3.160762919406018,3.437425112922519,3.5551611348475207,3.906872377207775,17.414508819580078,3.655982725818952,3.1656497716903687,4.796001577377321,6.765240883827211,12.360650787353539,-2.3107285499572754,-3.7531817710399626,-3.2926132678985596,-2.8294295787811277,-2.734528017044067,-2.577022893428802,32.638644218444824,7.4091644968589145,6.425084710121155,9.645478534698489,13.376681208610535,23.919052762985245,4.0378824821012245,1.0620420524160443,0.9187136846438598,1.4099505033208226,1.8599791749013048,3.0318096411556676,0.014507594094092318,1.1388433940854896
R2,mtbench,S4_kctx_lin_fp_l1,7.494670152664185,14.372217178344727,23.900814247131347,30.751114463806147,43.70353286743165,48.6713822555542,59.95713570404132,75.00296440580827,119.85027313232422,7.7882732418189295,119.85027313232422,783.0;23.0;782.0;85.0;779.0;786.0;93.0;861.0;856.0;798.0,0.5838823808845176,13.090449899844788,0.012271970040345742,0.04828429486969762,0.08345110680061418,0.2916212929763322,125480,1024,1.6605976048543072,4.660597604854307,119.85027313232422,0.5060166671050578,11.23190126271216,7.494670152664185,-92.43675994873047,3.8962160323516963,2.840002335485468,15.388555256226928,119.85027313232422,60.82881889597109,59.87568664550781,77.53556823730469,84.42723541259762,98.77159881591797,11.480048884702203,4.14551119038788,4.043241007662582,4.723396434635575,5.0932186395931875,8.172310682195487,119.85027313232422,59.408451349552095,59.06494140625,77.45287399291992,84.32713317871094,98.77159881591797,-22.139001846313477,-52.66945933312187,-52.35282516479492,-41.19789505004883,-35.71035346984873,-27.65327262878418,203.15078735351562,112.07791068267397,111.52371215820312,139.86162948608398,150.32386016845703,171.01248931884766,23.599321743192473,15.076229834679008,15.609030453156851,18.398774217036397,19.117595410987615,20.554616119753735,0.1919480825106652,15.380233418468046
R2,mtbench,S4_vctx_lin_fp_l1,3.7331031560897827,6.551589727401733,9.713581466674809,11.833529233932495,16.312939758300782,17.9687052345276,21.962983507156707,28.09873895950251,67.03093719482422,11.045220547907828,67.03093719482422,870.0;867.0;858.0;856.0;836.0;822.0;862.0;853.0;832.0;879.0,0.15217872766434315,6.009160216210812,0.004383426510551163,0.014173407344176013,0.024487677634407772,0.09406342788374719,125480,1024,0.5564975674852466,3.5564975674852466,58.965087890625,0.03278811468843433,4.74316817617331,3.7331031560897827,-67.03093719482422,3.6190154409080715,2.68801280357272,6.06877308642978,67.03093719482422,23.065175368719736,22.670077323913574,28.26076316833496,31.217941284179688,42.687232971191406,11.980079114348289,3.3079838239857575,3.219962025279733,3.6497199831988185,3.9266981798374627,5.2654376512740395,58.965087890625,21.521535183800456,21.12300968170166,26.60805892944336,29.11532211303711,37.52355697631833,-8.742234230041504,-21.243864055860943,-20.99691390991211,-15.843640327453613,-13.05278491973877,-10.465094566345215,106.1257209777832,42.7653992396614,42.70037269592285,51.14199638366699,55.14217500686644,70.84663391113281,8.13768443696971,6.01115228938606,6.191625878688058,6.805051461004057,6.98472999501328,7.32342907494925,0.006740173814587814,6.068684512652608
R2,mtbench,S4_k_stored_ctx_fp_l1,0.5274754464626312,1.3710591495037079,2.6338310718536393,3.324427723884582,4.552610926628114,5.0090333938598635,6.1413111691474915,7.777662453794385,13.45956039428711,9.037589325024458,13.45956039428711,990.0;222.0;93.0;670.0;477.0;29.0;925.0;798.0;968.0;392.0,0.6578500774639975,1.1627409494623866,0.009222199965685803,0.03879028496027524,0.06725819222931294,0.23741075917550114,125480,1024,2.201972489623442,5.201972489623442,9.596433639526367,0.005846618125731752,0.9865129077320326,0.5274754464626312,-13.45956039428711,4.123659810427305,3.0569072619153093,1.4892865686006025,13.45956039428711,6.291349429737659,6.087702751159668,7.273496770858765,7.920059680938721,10.172051429748535,18.183357774663563,5.240906286708351,5.00115942552387,5.801449722969533,6.832207460921513,11.240012638544236,9.596433639526367,5.950160501263192,5.864681720733643,6.909638118743899,7.277524042129516,8.137433052062988,-3.546175003051758,-5.816905422253635,-5.599278450012207,-4.964506149291992,-4.808907508850098,-4.485645294189453,19.558871269226074,11.767065923516826,11.511075973510742,13.353492403030396,14.045730590820312,17.363924503326416,1.6116018792552265,1.4872683786819716,1.5096175183713347,1.5575554495849584,1.567449130484115,1.5835123975970398,0.0011725855930674344,1.4892750922749796
R2,mtbench,S4_k_stored_ctx_l1,0.44935284554958344,1.486095666885376,2.8360695838928223,3.5151020050048825,4.692388834953309,5.14728414297104,6.154746005535146,7.392062567614796,9.813822746276855,6.299274542863649,9.813822746276855,93.0;990.0;798.0;222.0;477.0;87.0;392.0;29.0;846.0;782.0,0.69115963207218,1.1525766748032051,0.01032285552200102,0.04138614964763353,0.07306866765845765,0.2527725583627992,125480,1024,2.1098226353851652,5.109822635385165,9.813822746276855,0.010917803065111108,0.9948931513913414,0.44935284554958344,-9.226532936096191,3.9505945677659513,3.011940025557613,1.5579290407964175,9.813822746276855,6.379981423036133,6.290754318237305,7.197843074798584,7.599643707275391,8.62752914428711,9.909484919110625,5.085188394467247,5.049283708772201,5.482732836054399,5.664032017139123,7.133446043484513,9.813822746276855,6.086372328365081,6.073154449462891,6.8220953941345215,7.066080570220947,7.592381000518799,-3.3839902877807617,-5.962431409076251,-5.82761287689209,-5.145383358001709,-4.9793243408203125,-4.664328098297119,15.831318855285645,12.04880373744133,11.937009572982788,13.487090587615967,14.046730995178223,14.859679222106934,1.6557979543279586,1.5563316779791976,1.5731501035548534,1.620951998300601,1.6286790126819795,1.63986345299578,0.021182606322000176,1.55789078491821
R2,mtbench,S4_k_stored_draft_l1,0.44255222380161285,1.3415023386478424,2.601743698120117,3.2657769799232477,4.624868917465211,5.240566728115084,6.58555793762207,7.401082992553711,9.181800842285156,6.388758619704779,9.181800842285156,256.0;320.0;147.0;211.0;782.0;23.0;93.0;861.0;850.0;990.0,0.7147133091947716,1.0396128252562757,0.015605795331479998,0.06446976032116218,0.10659072094403521,0.3215938194359376,4800,1024,2.825686895908455,5.825686895908455,8.636733055114746,0.019583645771249998,0.9238582787317131,0.44255222380161285,-9.181800842285156,4.582275390442581,3.218014817462204,1.4371807402404948,9.181800842285156,6.8583564687768614,6.919240713119507,7.361405992507935,7.471528553962708,7.746490302085877,6.715191469893742,5.8116940318028245,5.820976695614796,6.192770021092266,6.290876710418848,6.447231558453558,8.636733055114746,6.345936871767044,6.217774391174316,7.201706504821777,7.348100733757019,7.593747367858889,-5.023151397705078,-6.541787919104099,-6.618242025375366,-5.771781539916992,-5.578442358970642,-5.269140601158141,15.887514114379883,12.887724790871143,12.908992528915405,13.796839714050293,14.098095321655274,14.422492289543152,1.618841052989897,1.4366302491143002,1.420750416643142,1.4989528197477369,1.5394405113064704,1.5768520777339392,-0.06728449264343345,1.4370473064365428
R2,mtbench,S4_v_stored_ctx_l1,2.412808060646057,4.55787205696106,7.136090707778932,8.926322078704834,12.852917003631594,14.421730890274073,17.819313465118427,22.586708386418994,52.6695442199707,12.659067174477974,52.6695442199707,870.0;261.0;341.0;359.0;867.0;718.0;858.0;263.0;371.0;830.0,0.13607104695937322,4.124711445195322,0.005733373505796548,0.01704142333737025,0.028372641698491956,0.09444722059832553,125480,1024,1.5150426354106328,4.515042635410633,40.27531814575195,0.006013761567855533,3.1119254325446573,2.412808060646057,-52.6695442199707,4.282852443452177,3.0891845020992097,4.160618116171949,52.6695442199707,15.253398300258453,14.743754386901855,21.48664093017578,23.55832862854004,27.710248947143555,13.46937397635074,3.4127411250355904,3.240686571559077,4.013013208563628,4.506128667748855,6.051626990776665,40.27531814575195,13.57035226151181,13.014886856079102,20.164955139160156,22.436447143554688,26.16975965499866,-5.627991199493408,-14.509980396244758,-14.120003700256348,-9.242812156677246,-7.67814826965332,-6.9062042236328125,88.45611190795898,28.080332657756568,26.95902729034424,39.965070724487305,43.70340156555176,50.134111404418945,7.906047501881038,3.936782431515574,3.86305851900601,5.847209964561146,6.2312379822390325,6.889082674832124,-0.0013817558728161032,4.1606137700212
R2,mtbench,S4_v_stored_draft_l1,0.6782538890838623,1.1937620639801025,1.811833453178406,2.316068315505981,3.969807755947114,4.970056829452524,7.5659616770748555,11.016408447360226,18.67287826538086,16.39513018507043,18.67287826538086,339.0;347.0;376.0;751.0;322.0;702.0;747.0;705.0;262.0;259.0,0.3096971984028113,1.0944852986909783,0.0065409656607954515,0.025809972777559274,0.04397335892648311,0.15291261488467592,4800,1024,5.541433033612398,8.541433033612398,17.414508819580078,0.013909273833416667,0.8399480310816659,0.6782538890838623,-18.67287826538086,6.64305335834984,3.4855641451442687,1.1389283314373784,18.67287826538086,3.9417665291329227,3.408326506614685,5.187119960784916,7.1467915296554585,13.190139179229737,5.197514758906067,3.187360274356519,3.160762919406018,3.437425112922519,3.5551611348475207,3.906872377207775,17.414508819580078,3.655982725818952,3.1656497716903687,4.796001577377321,6.765240883827211,12.360650787353539,-2.3107285499572754,-3.7531817710399626,-3.2926132678985596,-2.8294295787811277,-2.734528017044067,-2.577022893428802,32.638644218444824,7.4091644968589145,6.425084710121155,9.645478534698489,13.376681208610535,23.919052762985245,4.0378824821012245,1.0620420524160443,0.9187136846438598,1.4099505033208226,1.8599791749013048,3.0318096411556676,0.014507594094092318,1.1388433940854896
R2,mtbench,S4_kctx_lin_l2,5.326691627502441,9.867166757583618,15.41318979263306,19.43864040374756,28.042819156646736,31.412848463058474,38.39406810379039,47.07917648123953,84.90524291992188,8.906724331631281,84.90524291992188,943.0;30.0;1020.0;89.0;414.0;861.0;222.0;759.0;787.0;86.0,0.5281166351029513,8.388973477606974,0.013114472576513244,0.04480790404832966,0.08081079118106894,0.27566958684694104,125480,1024,1.4178680062589226,4.417868006258923,84.90524291992188,0.03336954041693304,7.0875746517716705,5.326691627502441,-77.07046508789062,4.027612062695138,2.9417460114401983,9.532712561720357,84.90524291992188,38.410667546965115,38.89121627807617,47.23676300048828,49.84825134277344,56.346290588378906,7.857132519764268,4.06474939438261,3.9467406493216917,4.910670846001457,5.236832487140826,5.8130081703985965,84.90524291992188,35.20806757950046,35.462684631347656,43.252617263793944,46.299883651733396,53.24309539794922,-17.144149780273438,-36.7981861331716,-37.37624740600586,-25.276256561279297,-21.80998992919922,-19.852956771850586,137.61590576171875,72.00625371267205,73.40126419067383,87.44378662109375,91.82424545288086,101.86556705474854,15.220912090090675,9.411221113620234,9.498193712029092,11.186085059711072,11.778521053790548,12.895126421112632,0.07443330391914108,9.53265415601308
R2,mtbench,S4_vctx_lin_l2,2.883448839187622,5.634511590003967,8.939743518829347,11.290654277801512,16.40318935394287,18.44904365539551,23.181115261078386,29.87889289855957,52.78916549682617,10.018131032291741,52.78916549682617,410.0;466.0;428.0;459.0;483.0;488.0;417.0;485.0;510.0;386.0,0.10200356198279303,5.247501342457682,0.0018555126407217893,0.008355061816356596,0.015929691785752362,0.07277860632113434,125480,1024,1.8973214944612131,4.897321494461213,52.78916549682617,0.007899651524079527,3.8789101800430696,2.883448839187622,-51.4500732421875,4.399225636065481,3.1129361252200987,5.2693626512439575,52.78916549682617,17.415870640678392,16.718610763549805,27.2998046875,30.63946580886816,37.15489196777344,4.688992344586501,3.1284147204718047,3.0780326849057467,3.420596886036897,3.6695535990597463,4.123033710633114,52.78916549682617,16.419546095037447,15.724133491516113,25.775981903076172,28.8150634765625,34.55583190917969,-3.944486141204834,-16.332075954102997,-15.653165817260742,-7.395076751708984,-5.464191436767578,-4.764660358428955,93.01275634765625,32.751622049140444,31.55758762359619,51.37609100341797,56.93556785583496,68.3809585571289,11.196083027745965,4.884040010905782,4.7764199605047235,7.568741056954011,8.294469459843912,9.579118975822226,-0.0011097105151829326,5.269356729794496
R2,mtbench,S4_kdraft_lin_l2,3.7670915126800537,7.072173595428467,11.424552917480469,14.80185351371765,21.473635082244876,24.072933197021484,30.74224887275797,42.46423926388433,89.4489974975586,13.112781159399924,89.4489974975586,384.0;513.0;595.0;86.0;606.0;65.0;542.0;32.0;854.0;23.0,0.6164295946330212,5.6813579761505135,0.012111458659240298,0.05117487243029424,0.09323529026519216,0.32553081507084825,4800,1024,1.8783096326823374,4.878309632682337,63.1768684387207,-0.15936319848242003,5.023747686978312,3.7670915126800537,-89.4489974975586,4.506661819516611,3.1479288243333885,6.821512264271786,89.4489974975586,27.332608377933504,25.769357681274414,34.73731765747071,40.453156280517575,57.45090206146251,6.08283881782177,4.201236994416395,4.175911900546281,4.615159183023957,4.725031904936694,4.947115165961289,63.1768684387207,24.648151304324468,23.879672050476074,30.20143928527832,33.38220767974853,41.32438945770268,-15.838924407958984,-26.50301718711853,-24.712081909179688,-20.039843559265137,-19.308304119110108,-17.99678165435791,151.39323806762695,51.151168491442995,48.89892101287842,63.219589233398445,72.13365774154664,98.89020111083991,14.59253773992242,6.7177983593359905,6.437416516711949,8.035333489050982,9.03829802242605,11.349028966178087,0.04233332306113668,6.819650500031496
R2,mtbench,S4_vdraft_lin_l2,1.767930805683136,3.0789551734924316,4.606236124038698,5.740577197074888,8.690207443237309,10.141442856788638,13.966288852691982,19.578587681956392,33.62671661376953,12.164911790925444,33.62671661376953,426.0;494.0;429.0;489.0;559.0;480.0;427.0;398.0;744.0;593.0,0.23202155117347267,2.7040352732569404,0.0038287312324612826,0.017195608007702954,0.032180289808015135,0.12229537236473537,4800,1024,1.8271553686691355,4.8271553686691355,32.468299865722656,-0.0028692307173423613,2.1154635059228593,1.767930805683136,-33.62671661376953,5.052490669577084,3.143798075977985,2.764238425374672,33.62671661376953,9.965999656915665,9.127159595489502,13.351588249206543,15.990421295166016,23.02186149597169,4.544043893311967,3.2145211998623955,3.1823981126061875,3.5141630246974693,3.6356173623620114,3.877620085162924,32.468299865722656,9.268478448589644,8.536323547363281,12.407406044006349,14.65987253189087,21.80397012710572,-5.30740213394165,-9.39205498546362,-8.627599716186523,-6.907793045043945,-6.575632166862488,-6.073649144172668,63.59615898132324,18.660533434053264,17.168976545333862,24.60332727432251,29.335178613662723,42.68424293518067,7.295676912675964,2.67506492138524,2.473250911957471,3.409468811332712,4.089380669562171,5.744691446485249,-0.02082212338189073,2.7642369362688393
R2,mtbench,S4_kctx_lin_fp_l2,6.525674343109131,12.344971656799316,19.289545822143555,24.16380386352539,34.60835292816162,38.61100915908816,47.33773498916684,58.18287641829841,107.3188247680664,8.87062000923142,107.3188247680664,30.0;89.0;943.0;414.0;1020.0;861.0;86.0;953.0;759.0;19.0,0.4458276668969908,11.051234434210262,0.008820972303570446,0.034429773701074355,0.061667459724652936,0.21594683426053066,125480,1024,1.255678346812573,4.255678346812573,107.3188247680664,0.05392230218186301,9.052098500144924,6.525674343109131,-83.8765869140625,3.912781006446008,2.8606122796682256,12.098232666530924,107.3188247680664,48.26004039919753,48.509254455566406,60.311279296875,64.32887268066406,73.89354705810547,11.162121093127887,3.9233340588810783,3.7920112266283903,4.576369998011479,5.089348766734834,6.161345180048616,107.3188247680664,45.933851087963575,45.999725341796875,57.96287536621094,62.1864128112793,72.40471649169922,-18.46915054321289,-44.571342869339986,-44.65110778808594,-32.252044677734375,-27.36667251586914,-21.82677228927612,186.83483123779297,90.50519395730356,91.58961486816406,111.46820449829102,118.09126663208008,133.02673164367621,16.459109588076704,11.942047485547478,12.386781986556311,13.773086341009513,14.12977162902136,14.76926576077516,0.07408177804681194,12.098112499015844
R2,mtbench,S4_vctx_lin_fp_l2,4.833397150039673,8.601914882659912,12.930315971374512,15.851971054077143,21.949268264770517,24.423351287841797,29.60811421966634,36.421527306741616,62.22763442993164,7.587962415153205,62.22763442993164,459.0;481.0;408.0;438.0;478.0;648.0;428.0;417.0;780.0;843.0,0.13155435209196942,8.145742009969833,0.0019404551714385808,0.008660512498989392,0.016842135649561676,0.078485569488698,125480,1024,0.5231345672254575,3.5231345672254575,56.359806060791016,-0.02678606778701514,6.387281045016537,4.833397150039673,-62.22763442993164,3.610377606999742,2.676467202376612,8.20083587995411,62.22763442993164,29.714117169228185,30.155073165893555,37.01689147949219,39.237091064453125,44.24095447540275,5.9253713399584695,3.217236520789659,3.172610204611976,3.543970122664979,3.668389208475271,4.073266458171661,56.359806060791016,27.762230411311567,28.089284896850586,35.01559829711915,37.254403305053586,42.17478488922111,-9.725977897644043,-27.95990635138771,-28.328109741210938,-19.768529891967773,-15.435050964355469,-12.421485900878906,96.54510879516602,55.72213676269928,56.974172592163086,68.3058967590332,71.65131454467773,79.06616313934315,11.04074988395264,8.081581358645517,8.439910837702298,9.394071967496066,9.610190414585968,10.02450993625803,0.0006219759565488336,8.200792134697428
R2,mtbench,S4_k_stored_ctx_fp_l2,0.9838511943817139,1.8673841953277588,2.9101971864700342,3.619628465175628,5.113014926910402,5.674453623294833,6.875847145557847,8.650335736273982,11.583518981933594,6.702871811525743,11.583518981933594,748.0;303.0;759.0;943.0;751.0;699.0;949.0;1020.0;763.0;702.0,0.428309371615043,1.585718287923215,0.005410436985707434,0.023512902723303725,0.044376219435964114,0.16902479986146687,125480,1024,1.0705802754819054,4.070580275481905,11.583518981933594,-0.04691998028026125,1.2951696576800085,0.9838511943817139,-11.511061668395996,3.9787496428504276,2.9586763468813526,1.7281426987780768,11.583518981933594,7.213191472963425,7.091170787811279,8.312515258789062,8.761155128479004,9.585560998916627,5.702362358912249,4.0488523331782025,4.014499408502675,4.510694453813352,4.687034409312656,5.017249836360849,11.583518981933594,6.819348173989663,6.705079078674316,8.04030704498291,8.554543495178223,9.483197698593102,-4.478899002075195,-6.634459485116946,-6.543652534484863,-5.689650535583496,-5.491393566131592,-5.146847724914551,19.584399223327637,13.453807659106609,13.366759777069092,15.03475284576416,15.57471513748169,16.59507131576538,1.858847508115299,1.7277824968303876,1.7179747682307447,1.781471058456279,1.8069873182413454,1.8433704538313689,0.007043633416495688,1.7275056303209186
R2,mtbench,S4_k_stored_ctx_l2,1.012804627418518,1.8643284142017365,2.854410457611084,3.5436564087867732,4.985212798118592,5.545499193668367,6.680194454193164,8.09250129604154,11.022697448730469,6.445847781456077,11.022697448730469,759.0;341.0;748.0;277.0;1020.0;316.0;943.0;925.0;690.0;542.0,0.47894072094072004,1.5393270933187122,0.009666541865072972,0.03871397267025784,0.0666437739205328,0.22178813289396296,125480,1024,1.0665997798035338,4.066599779803534,11.022697448730469,-0.057435431545859214,1.2913836939700618,1.012804627418518,-10.805209159851074,3.906440941751109,2.915250373540841,1.7100461913546008,11.022697448730469,7.208441693827647,7.1128315925598145,8.278031349182129,8.633624076843262,9.422189712524414,6.29976038864371,4.061230409579377,3.9976321533290236,4.598246366256365,4.830407958980286,5.335888067089034,11.022697448730469,6.736826429395186,6.6273193359375,7.9560866355896,8.341387748718262,9.158985967636093,-4.398175239562988,-6.723949341402337,-6.598089694976807,-5.748973846435547,-5.549265384674072,-5.192946434020996,20.56332778930664,13.460775770797524,13.319015979766846,15.130308151245117,15.774993443489075,17.135523796081543,1.8558304805911285,1.7097620916311629,1.7011547635430482,1.7559436318806683,1.7782989949796404,1.8100299800216575,0.0038397819996795176,1.7090813754088823
R2,mtbench,S4_k_stored_draft_l2,0.9519616961479187,1.7202788293361664,2.6209765434265138,3.2101872920989987,4.359307532310488,4.783693721294405,5.667037926197254,6.647630002593598,8.538908004760742,5.441801474302935,8.538908004760742,702.0;222.0;748.0;759.0;606.0;384.0;542.0;687.0;1020.0;158.0,0.5338626445567421,1.3783355048043462,0.010458935648640085,0.04245499422642021,0.07268920174185933,0.2443862287732508,4800,1024,0.6032182138801545,3.6032182138801545,8.132781028747559,-0.05706520322485521,1.207069468505145,0.9519616961479187,-8.538908004760742,3.6115736724786225,2.7781639224876273,1.5691325832231926,8.538908004760742,5.99339293072621,5.936812162399292,6.770561981201172,7.028775405883789,7.5305986309051525,4.456513013582159,3.594826628619212,3.581424148502392,3.8616526595855953,3.9464964095869974,4.118702232355846,8.132781028747559,5.443733507494132,5.352344989776611,6.26253309249878,6.589796710014344,7.114935150146486,-4.216742992401123,-5.763495639264583,-5.704527854919434,-4.985132312774658,-4.833580374717712,-4.592956147193908,14.650814533233643,11.207229146758715,11.137117862701416,12.316243410110474,12.700533294677735,13.552981276512147,1.64921955183729,1.5689904981374798,1.568273444473991,1.5966048681140024,1.6054622926829574,1.6225615429744822,-0.021816959712666683,1.568094584619689
R2,mtbench,S4_v_stored_ctx_l2,2.883448839187622,5.634511590003967,8.939743518829347,11.290654277801512,16.40318935394287,18.44904365539551,23.181115261078386,29.87889289855957,52.78916549682617,10.018131032291741,52.78916549682617,410.0;466.0;428.0;459.0;483.0;488.0;417.0;485.0;510.0;386.0,0.10200356198279303,5.247501342457682,0.0018555126407217893,0.008355061816356596,0.015929691785752362,0.07277860632113434,125480,1024,1.8973214944612131,4.897321494461213,52.78916549682617,0.007899651524079527,3.8789101800430696,2.883448839187622,-51.4500732421875,4.399225636065481,3.1129361252200987,5.2693626512439575,52.78916549682617,17.415870640678392,16.718610763549805,27.2998046875,30.63946580886816,37.15489196777344,4.688992344586501,3.1284147204718047,3.0780326849057467,3.420596886036897,3.6695535990597463,4.123033710633114,52.78916549682617,16.419546095037447,15.724133491516113,25.775981903076172,28.8150634765625,34.55583190917969,-3.944486141204834,-16.332075954102997,-15.653165817260742,-7.395076751708984,-5.464191436767578,-4.764660358428955,93.01275634765625,32.751622049140444,31.55758762359619,51.37609100341797,56.93556785583496,68.3809585571289,11.196083027745965,4.884040010905782,4.7764199605047235,7.568741056954011,8.294469459843912,9.579118975822226,-0.0011097105151829326,5.269356729794496
R2,mtbench,S4_v_stored_draft_l2,1.767930805683136,3.0789551734924316,4.606236124038698,5.740577197074888,8.690207443237309,10.141442856788638,13.966288852691982,19.578587681956392,33.62671661376953,12.164911790925444,33.62671661376953,426.0;494.0;429.0;489.0;559.0;480.0;427.0;398.0;744.0;593.0,0.23202155117347267,2.7040352732569404,0.0038287312324612826,0.017195608007702954,0.032180289808015135,0.12229537236473537,4800,1024,1.8271553686691355,4.8271553686691355,32.468299865722656,-0.0028692307173423613,2.1154635059228593,1.767930805683136,-33.62671661376953,5.052490669577084,3.143798075977985,2.764238425374672,33.62671661376953,9.965999656915665,9.127159595489502,13.351588249206543,15.990421295166016,23.02186149597169,4.544043893311967,3.2145211998623955,3.1823981126061875,3.5141630246974693,3.6356173623620114,3.877620085162924,32.468299865722656,9.268478448589644,8.536323547363281,12.407406044006349,14.65987253189087,21.80397012710572,-5.30740213394165,-9.39205498546362,-8.627599716186523,-6.907793045043945,-6.575632166862488,-6.073649144172668,63.59615898132324,18.660533434053264,17.168976545333862,24.60332727432251,29.335178613662723,42.68424293518067,7.295676912675964,2.67506492138524,2.473250911957471,3.409468811332712,4.089380669562171,5.744691446485249,-0.02082212338189073,2.7642369362688393
R2,mtbench,S4_kctx_lin_l3,5.243829727172852,9.80645489692688,15.445595169067388,19.57209129333496,28.466164264678962,32.207042903900145,40.99375534057617,55.58625695837961,91.11548614501953,9.826209788665375,91.11548614501953,1016.0;939.0;1021.0;699.0;1019.0;702.0;557.0;946.0;949.0;555.0,0.48996985300309204,8.319426234220012,0.0109359900404579,0.04373793141185397,0.07384467078070761,0.2456538773557452,125480,1024,1.5323060923120746,4.532306092312075,91.11548614501953,0.12199986301449703,6.9349979042930325,5.243829727172852,-89.79374694824219,4.420908640717836,3.0698898044417056,9.272699047207611,91.11548614501953,37.5706011090417,35.94447708129883,46.59592056274414,51.918556213378906,68.08348083496094,6.213336214652542,3.998771393483231,3.886815728353995,4.720955873197389,5.162492503058489,5.692919683727772,91.11548614501953,36.71871565004652,35.27607727050781,45.569053649902344,50.57680892944336,60.641265869140625,-19.347684860229492,-33.21675274321179,-31.424007415771484,-26.52447509765625,-25.401124954223633,-23.562774658203125,166.22320556640625,69.93546839325832,66.9156608581543,85.57855606079102,96.70085144042969,125.41803741455078,17.06321692460351,9.14599966437345,8.849040147134524,11.208574427440551,12.23210501802592,13.850591192477461,0.11704779253636365,9.271896443204561
R2,mtbench,S4_vctx_lin_l3,3.351898670196533,6.58594024181366,10.488635063171394,13.281564998626708,19.75578062057496,22.557894725799564,29.466445947648094,40.070090047453434,88.20740509033203,14.087010541636667,88.20740509033203,689.0;549.0;966.0;548.0;940.0;584.0;620.0;590.0;980.0;541.0,0.1655431629336359,6.195583167290561,0.0019086008673075844,0.008989439566241373,0.01736326704570948,0.08301347339228256,125480,1024,2.804276442512812,5.804276442512812,77.47742462158203,0.03382715095092125,4.554246394516318,3.351898670196533,-88.20740509033203,4.7058876095946065,3.155062656874416,6.261612769410468,88.20740509033203,21.76197658920881,20.106218338012695,34.68069839477539,40.479103088378906,53.617070617675594,9.726899991363469,3.3204873016597776,3.2128081942273634,3.848582632376496,4.153088502361752,4.8664151919087155,77.47742462158203,20.422627622297625,18.857399940490723,32.480857849121094,37.932838439941406,50.1625862121582,-4.517430305480957,-20.265026215766696,-18.76573371887207,-9.46059799194336,-6.751558303833008,-5.416258811950684,139.36333465576172,40.68765383806432,37.737199783325195,64.25094604492188,74.93807983398438,99.40773010253906,15.44071454440189,5.77951951797768,5.594137609160177,8.896163396480716,9.929215201578415,12.599599639030158,0.0016077914768033235,6.261521396426173
R2,mtbench,S4_kdraft_lin_l3,5.0567402839660645,9.256139755249023,14.321433353424082,17.890284156799314,26.816316471099892,30.750972509384173,41.945305088043945,63.279153570935186,92.3386459350586,10.390839105670278,92.3386459350586,832.0;418.0;834.0;395.0;455.0;458.0;428.0;423.0;478.0;454.0,0.5972536506291652,7.500655189673656,0.016928905193142326,0.06217404260819262,0.09935145119185723,0.3054605481338899,4800,1024,1.9115528106048352,4.911552810604835,92.3386459350586,-0.14075348558627865,6.670302039831521,5.0567402839660645,-88.57746887207031,4.720092134712988,3.017631751432699,8.88654371374776,92.3386459350586,40.10383886456489,37.583940505981445,53.03964004516602,58.691809844970706,73.30787918090823,8.851824133634796,4.201026099264647,4.035918130886184,4.997909187453522,5.279584483671519,5.955789678380664,92.3386459350586,38.844931733210885,35.99972343444824,52.9796443939209,58.605484771728534,73.30787918090823,-22.070205688476562,-34.213864449262616,-33.1474494934082,-28.34888858795166,-27.246998500823974,-25.139639453887938,179.63861083984375,73.0587961824735,69.8232774734497,92.34375724792481,102.52432250976562,126.93227806091312,17.800844569438755,8.792818195241967,8.52928553785933,10.303732204773716,11.260523569969576,13.55373503071641,0.12642462305853333,8.885428950402178
R2,mtbench,S4_vdraft_lin_l3,3.426671624183655,5.9781094789505005,8.907696723937988,11.042430591583251,16.140599727630615,18.59374002456666,24.583576770782678,36.05095364264587,73.74594116210938,13.573125429643913,73.74594116210938,493.0;408.0;463.0;508.0;480.0;511.0;878.0;427.0;502.0;388.0,0.30725304735121395,5.228762793295332,0.00490288064297805,0.021747277593143426,0.03941705587181721,0.14470940387343886,4800,1024,1.4441528961853516,4.444152896185352,73.74594116210938,-0.0672109646537668,4.1748884223549885,3.426671624183655,-58.97081756591797,4.524668961585594,2.9707178613562677,5.433232128029047,73.74594116210938,21.260284062623978,19.56397819519043,29.26954212188721,33.5822479248047,43.149012145996096,9.471047648435556,3.4782980425602377,3.3823000360142386,3.961841446228982,4.252611335607115,5.019531808487039,73.74594116210938,20.1082207685709,18.45992660522461,28.181245613098145,31.878748798370367,41.532058639526504,-11.573031425476074,-19.365048961838088,-17.93210506439209,-14.441970348358153,-13.74573483467102,-12.669836368560787,128.62518692016602,39.47326973040899,36.57190942764282,53.3817367553711,60.88849382400513,76.70631027221687,11.839181977156143,5.3337674109996245,5.047285648113548,6.696746796780162,7.481932437840542,9.116662927529692,0.03007758671542212,5.432816400659732
R2,mtbench,S4_kctx_lin_fp_l3,6.451878070831299,12.34345531463623,19.53754215240479,24.678453731536866,35.667510986328125,40.15048616409303,50.405052185058594,64.7156390663137,103.13753509521484,8.614064259844875,103.13753509521484,699.0;1021.0;702.0;949.0;939.0;1007.0;946.0;1016.0;698.0;1019.0,0.433211895908042,10.99880964075289,0.008077588356939523,0.030594435693267794,0.05359765078018787,0.1898641879957058,125480,1024,1.3866864744598457,4.386686474459846,103.13753509521484,0.13072967250083886,8.945335437421427,6.451878070831299,-98.1457290649414,4.2098384273202765,2.9789565102686684,11.973155990488534,103.13753509521484,48.7956761523421,47.34010314941406,61.61029052734375,67.69070434570312,78.25748443603516,7.814767794786559,4.0401419612574365,3.8797578490388474,4.932475341563631,5.371996099198824,6.359652136925104,103.13753509521484,46.39906469928181,44.97799301147461,59.48953628540039,64.60710144042969,76.86366271972656,-24.83249282836914,-44.656703028239605,-43.302162170410156,-34.9481086730957,-32.73329887390152,-28.033815383911133,193.30297088623047,91.05576772752141,88.66582107543945,113.1403579711914,124.10990142822266,141.80636375427247,18.069564479945925,11.853664380881359,11.849251975546473,13.875686937094168,14.464021653518955,15.766441522030554,0.08391633097070973,11.972442279054818
R2,mtbench,S4_vctx_lin_fp_l3,5.141812324523926,9.209646463394165,14.092458152771002,17.65541353225708,26.07898729324342,29.757442474365234,38.559511035919996,50.71159770736476,85.47967529296875,9.529605474155517,85.47967529296875,584.0;689.0;675.0;548.0;525.0;649.0;748.0;555.0;623.0;980.0,0.21849971543293067,8.805010872572664,0.0021766078140843417,0.010369547076524413,0.02019417649104568,0.09587373455917432,125480,1024,1.5194713162981275,4.5194713162981275,83.56216430664062,-0.007016171391540379,6.8063119023015375,5.141812324523926,-85.47967529296875,4.298763725871206,2.9073865713498703,8.969907046497504,85.47967529296875,35.65948704378902,34.33184623718262,48.90972900390625,53.354522705078125,63.65692901611328,6.869289034181096,3.676903217028705,3.561694887371759,4.384221368243646,4.651774520770002,5.238645568782339,83.56216430664062,33.105373701039944,31.779048919677734,45.507130050659185,50.0159797668457,58.736289978027344,-11.639567375183105,-33.33498186674474,-31.990039825439453,-22.98735237121582,-19.75400915145874,-14.363062858581543,155.5692138671875,66.44035556778468,64.07418632507324,90.22323226928711,97.70924854278564,112.87876510620117,15.554238310096029,8.789409346876088,8.672810364137568,10.997287110836208,11.685375890982083,13.123218382892333,-0.002380017648524883,8.969904302507613
R2,mtbench,S4_k_stored_ctx_fp_l3,0.9287704825401306,1.827910602092743,2.9695636272430423,3.7475457549095137,5.262813377380372,5.823270449638369,7.039637303352366,8.438454372594839,10.983638763427734,6.308082468695162,10.983638763427734,619.0;698.0;555.0;613.0;48.0;877.0;440.0;702.0;246.0;171.0,0.458449268447093,1.580094650731649,0.007444419765294839,0.02884755666242747,0.05272539393130185,0.18596979307737457,125480,1024,1.2098896298024338,4.209889629802434,10.983638763427734,-0.0009031526598941046,1.2916730411016129,0.9287704825401306,-10.545135498046875,4.042978252991206,3.0225193596504543,1.7412008828254457,10.983638763427734,7.089980957015594,6.994695663452148,8.181469917297363,8.539416313171387,9.641394739150952,6.215762186109548,4.165899142270089,4.041939943413605,5.0652291489635495,5.390609806119435,5.7933846331439565,10.983638763427734,6.620212904427285,6.546903610229492,7.674274587631226,8.084803581237793,8.701972961425781,-4.288451194763184,-6.731543713650355,-6.619578838348389,-5.667582035064697,-5.46020979881287,-5.100508966445923,18.597912788391113,13.35175661807764,13.191045761108398,15.16434817314148,15.774484157562256,16.9393367767334,1.8554676902021985,1.7408647848909198,1.7358071824650068,1.7832806005219983,1.8206672954472274,1.8406070637396768,-0.00858656651410726,1.741200648594924
R2,mtbench,S4_k_stored_ctx_l3,0.9445360898971558,1.830855518579483,2.9456083059310925,3.709161388874053,5.210606241226198,5.804473876953125,7.074832514286226,8.011096726989358,10.251948356628418,5.905695413703157,10.251948356628418,555.0;249.0;557.0;752.0;190.0;946.0;698.0;702.0;235.0;301.0,0.5044829097159022,1.543794386831165,0.0100154141597884,0.04024256234333851,0.07102442528518428,0.23978817919904616,125480,1024,1.10591580347248,4.10591580347248,10.251948356628418,0.005105494735897271,1.297160526036904,0.9445360898971558,-10.033947944641113,4.075499064070492,3.001600506651669,1.73594261783981,10.251948356628418,6.911129682448627,6.826514720916748,7.8563432693481445,8.169814109802246,8.703534688949583,6.04462086010406,4.059410653630237,3.927527729407325,4.8835847756185595,5.269400406979495,5.733950322541074,10.251948356628418,6.4580089171068815,6.362768173217773,7.539617538452148,7.818017959594727,8.245712280273438,-4.536955833435059,-6.6337619974653474,-6.562525749206543,-5.680813312530518,-5.4640889167785645,-5.110123157501221,17.688313484191895,13.091770914572228,12.902572631835938,14.886566638946533,15.559496879577637,16.381377696990967,1.8618255489129514,1.7355340997286273,1.7269542237115774,1.7952009408263498,1.8199026085953438,1.8481506438708728,-0.0338410041866891,1.7359351100648996
R2,mtbench,S4_k_stored_draft_l3,0.9651651680469513,1.7516405582427979,2.6714617490768435,3.3026987433433512,4.689661006927496,5.280755708217622,6.337625013828413,7.2264289619917665,9.30077075958252,5.738597148116427,9.30077075958252,555.0;249.0;698.0;877.0;1016.0;752.0;768.0;235.0;964.0;55.0,0.5558519135935335,1.4038194948772265,0.012656855928641743,0.05432382282259004,0.08854209614939759,0.2773524866005018,4800,1024,0.832389828277234,3.832389828277234,9.30077075958252,-0.03419149354776096,1.2375111205837181,0.9651651680469513,-8.516948699951172,3.910329344771373,2.893531727169989,1.6207394454645245,9.30077075958252,6.465663315057754,6.44348931312561,7.06203169822693,7.259817266464234,7.659509510993957,4.758938790533594,3.8299028540802253,3.824553211583753,4.09311568372555,4.173153972555664,4.342080928128583,9.30077075958252,6.052512750128905,6.041370630264282,6.75911045074463,6.979327011108398,7.393853240013123,-4.74685525894165,-6.26780781129996,-6.2442615032196045,-5.624294853210449,-5.446151685714722,-5.180284943580626,15.938389301300049,12.320320561428865,12.300315856933594,13.314130210876465,13.581678414344788,14.156532564163209,1.7061333696126608,1.620540770172301,1.620499647346255,1.6537148837683886,1.6619493961882634,1.6751696460249512,-0.018279071789861663,1.6203787495069255
R2,mtbench,S4_v_stored_ctx_l3,3.351898670196533,6.58594024181366,10.488635063171394,13.281564998626708,19.75578062057496,22.557894725799564,29.466445947648094,40.070090047453434,88.20740509033203,14.087010541636667,88.20740509033203,689.0;549.0;966.0;548.0;940.0;584.0;620.0;590.0;980.0;541.0,0.1655431629336359,6.195583167290561,0.0019086008673075844,0.008989439566241373,0.01736326704570948,0.08301347339228256,125480,1024,2.804276442512812,5.804276442512812,77.47742462158203,0.03382715095092125,4.554246394516318,3.351898670196533,-88.20740509033203,4.7058876095946065,3.155062656874416,6.261612769410468,88.20740509033203,21.76197658920881,20.106218338012695,34.68069839477539,40.479103088378906,53.617070617675594,9.726899991363469,3.3204873016597776,3.2128081942273634,3.848582632376496,4.153088502361752,4.8664151919087155,77.47742462158203,20.422627622297625,18.857399940490723,32.480857849121094,37.932838439941406,50.1625862121582,-4.517430305480957,-20.265026215766696,-18.76573371887207,-9.46059799194336,-6.751558303833008,-5.416258811950684,139.36333465576172,40.68765383806432,37.737199783325195,64.25094604492188,74.93807983398438,99.40773010253906,15.44071454440189,5.77951951797768,5.594137609160177,8.896163396480716,9.929215201578415,12.599599639030158,0.0016077914768033235,6.261521396426173
R2,mtbench,S4_v_stored_draft_l3,3.426671624183655,5.9781094789505005,8.907696723937988,11.042430591583251,16.140599727630615,18.59374002456666,24.583576770782678,36.05095364264587,73.74594116210938,13.573125429643913,73.74594116210938,493.0;408.0;463.0;508.0;480.0;511.0;878.0;427.0;502.0;388.0,0.30725304735121395,5.228762793295332,0.00490288064297805,0.021747277593143426,0.03941705587181721,0.14470940387343886,4800,1024,1.4441528961853516,4.444152896185352,73.74594116210938,-0.0672109646537668,4.1748884223549885,3.426671624183655,-58.97081756591797,4.524668961585594,2.9707178613562677,5.433232128029047,73.74594116210938,21.260284062623978,19.56397819519043,29.26954212188721,33.5822479248047,43.149012145996096,9.471047648435556,3.4782980425602377,3.3823000360142386,3.961841446228982,4.252611335607115,5.019531808487039,73.74594116210938,20.1082207685709,18.45992660522461,28.181245613098145,31.878748798370367,41.532058639526504,-11.573031425476074,-19.365048961838088,-17.93210506439209,-14.441970348358153,-13.74573483467102,-12.669836368560787,128.62518692016602,39.47326973040899,36.57190942764282,53.3817367553711,60.88849382400513,76.70631027221687,11.839181977156143,5.3337674109996245,5.047285648113548,6.696746796780162,7.481932437840542,9.116662927529692,0.03007758671542212,5.432816400659732
R2,mtbench,S4_kctx_lin_l4,5.52264928817749,9.96092677116394,14.988563537597662,18.470365142822253,26.333259315490743,29.76343967437745,37.57101883316043,50.08434977302391,89.58562469482422,9.881689960775468,89.58562469482422,38.0;114.0;62.0;56.0;762.0;941.0;110.0;243.0;58.0;99.0,0.42892900605592854,8.355096174918753,0.009791332048217909,0.04340521639979868,0.07246458207673344,0.20869228614087507,125480,1024,0.8608038304905041,3.860803830490504,89.58562469482422,0.06560600696075367,7.004799284682324,5.52264928817749,-73.58321380615234,4.144249268612815,2.9046747745390884,9.065820224114173,89.58562469482422,35.23809796183741,33.72294235229492,44.0369873046875,48.91737747192383,59.315399169921875,6.127477534597461,3.5628225208555127,3.3298087064371837,4.740911340815344,5.2622592122110445,5.762347814379612,89.58562469482422,33.755073250043075,32.51919937133789,42.27477264404297,47.134464263916016,58.66081237792969,-18.753000259399414,-32.070628009558405,-30.474159240722656,-25.84421730041504,-24.79830551147461,-22.962970733642578,148.51372528076172,65.82570125960149,63.25404739379883,80.66256103515626,89.67961502075195,114.08283889770507,15.59615635424381,8.968876270186207,8.761488961048457,10.777588906760304,11.474674923121073,12.960282155623027,0.020936408932356453,9.065582837733503
R2,mtbench,S4_vctx_lin_l4,3.3869550228118896,6.661616802215576,10.506589889526369,13.262946128845215,19.22388505935669,21.738686408996582,27.661964416503906,37.26611036185763,77.77230072021484,12.549029390656349,77.77230072021484,44.0;54.0;7.0;48.0;117.0;80.0;39.0;6.0;16.0;34.0,0.12808788193353204,6.154772069226018,0.0019128654029981103,0.008826968842466799,0.01716521329241122,0.0819503835983574,125480,1024,2.2024583552369412,5.202458355236941,77.77230072021484,-0.029838607453716148,4.556368377878117,3.3869550228118896,-73.43805694580078,4.463424654425456,3.1018897008117228,6.197475382289079,77.77230072021484,21.663295931313726,20.21604824066162,34.122920989990234,39.208431243896484,51.80916213989258,9.136800084501983,3.3331318960032412,3.157295910948545,3.864349576322949,4.594555724198051,6.241454806840155,77.77230072021484,20.121776798928966,18.95568084716797,31.64824676513672,36.396141052246094,47.796688079833984,-5.537722110748291,-20.30706340971364,-18.905691146850586,-9.759797096252441,-8.443880081176758,-7.402999906539935,145.5107192993164,40.428840208642605,38.11198425292969,62.82134246826172,71.89637184143066,93.15114974975586,13.119349690202661,5.764955498134486,5.700987822346393,8.728171667689375,9.606350548497044,11.429251485246471,0.0029188320382651013,6.197403550809354
R2,mtbench,S4_kdraft_lin_l4,4.154208660125732,7.40801215171814,11.299285030364992,14.240117025375366,20.437842121124277,23.08243862152102,34.400642005921114,45.60440553817079,62.72956848144531,8.924542953042824,62.72956848144531,384.0;506.0;487.0;453.0;428.0;409.0;386.0;478.0;449.0;114.0,0.5729089709985242,6.019654239291979,0.029001025428281813,0.07582029558758117,0.11527895078405515,0.31791214482542174,4800,1024,1.80468119387361,4.80468119387361,54.91061782836914,0.07298016308991578,5.323919638764595,4.154208660125732,-62.72956848144531,4.894183311414015,2.9076941591178462,7.028883026447607,62.72956848144531,38.24705380042394,37.596330642700195,45.03538818359375,47.78490791320801,52.057140617370614,7.304990833006705,4.6831857639494165,4.642398951837498,5.305746712997367,5.549202976363283,6.01240148528206,54.91061782836914,29.791903530359267,29.441587448120117,35.22709579467774,37.04064159393311,41.778367919921884,-22.869068145751953,-37.97787229458491,-37.37953567504883,-31.781527900695796,-30.248487186431884,-27.9764998626709,104.50743103027344,67.76977582494418,66.99316787719727,77.28287105560304,80.59505119323731,87.37057556152348,11.387608333611839,6.998247902039827,6.8574011056482975,7.821337630644693,8.187751884503212,9.290673130320041,-0.06074401211479501,7.028504143505832
R2,mtbench,S4_vdraft_lin_l4,3.13280189037323,5.421436071395874,7.959136772155763,9.75885009765625,13.680083827972416,15.346348762512207,19.19662094116211,25.732525052430578,56.51580047607422,11.859119932687323,56.51580047607422,482.0;471.0;498.0;493.0;450.0;386.0;508.0;387.0;441.0;451.0,0.2585283401416899,4.629413258314456,0.006485523245656863,0.02509508826304488,0.043590385153255806,0.14333638826781506,4800,1024,0.6972251186916267,3.6972251186916267,56.51580047607422,-0.06334144822658118,3.7166763172670416,3.13280189037323,-51.183135986328125,4.028166072600449,2.870591116794361,4.765598189145518,56.51580047607422,18.02347957690557,17.27845573425293,22.731734848022462,24.789308166503908,30.167002162933382,6.851572007665163,3.311448495897166,3.256859297010415,3.6822113603405935,3.894888032066202,4.352479025825192,56.51580047607422,16.54959454456965,15.804797172546387,21.385677909851076,23.49285469055176,28.645913085937504,-10.56182861328125,-16.989550816019378,-16.32766628265381,-13.455470848083495,-12.827226924896241,-11.756776266098017,90.64840316772461,33.539145360589025,32.26498556137085,41.72161979675293,45.15145645141603,54.405585098266606,8.753183108914804,4.712996579237941,4.547414144471979,5.628827178004482,6.113973187509305,7.144826969965866,-0.02591616264173523,4.765177222446569
R2,mtbench,S4_kctx_lin_fp_l4,6.855654716491699,12.707398414611816,19.335879325866703,23.786265659332265,33.19950431823731,37.19686279296877,46.945907299043185,59.483341315829385,97.14832305908203,8.191953776126194,97.14832305908203,38.0;114.0;62.0;120.0;243.0;58.0;757.0;125.0;56.0;127.0,0.3639762227191288,11.172287161866965,0.006419720200843248,0.029063575064309843,0.04992676701913247,0.15736354843815958,125480,1024,0.7594060662724655,3.7594060662724655,97.14832305908203,0.03285117127728454,9.10636672220982,6.855654716491699,-83.21382141113281,3.958675666878784,2.7995213525188762,11.858993069785296,97.14832305908203,46.20599209553199,45.077239990234375,58.05363082885742,62.10098648071289,70.74198150634766,7.097098839095869,3.665874316877454,3.4201750001725153,4.836620766497291,5.505533094477874,6.282253277042855,97.14832305908203,43.691487932296404,42.59479522705078,55.34157943725586,60.111419677734375,68.6891098022461,-23.56048011779785,-42.58632642443787,-41.265380859375,-33.54106521606445,-31.351497650146484,-26.929643630981445,165.01390838623047,86.27781435673428,84.3906478881836,105.94942092895508,115.11551666259766,126.8485107421875,17.06309284583157,11.770612199448058,11.920684246865353,13.31115068685752,13.750276529508982,14.624491536099743,0.0210843178723716,11.858947568387398
R2,mtbench,S4_vctx_lin_fp_l4,5.012277603149414,8.872217655181885,13.35128288269043,16.529166603088377,23.684040813446046,26.847052841186525,34.0261940574658,45.93406677664283,87.33851623535156,10.427122543128911,87.33851623535156,48.0;100.0;99.0;47.0;33.0;88.0;126.0;6.0;123.0;111.0,0.18947613144408781,8.255284145773578,0.0024958513441693413,0.010663577466259313,0.02057799777618352,0.0963139450853942,125480,1024,1.2565320039498014,4.256532003949801,76.6119155883789,-0.06491741497363349,6.431751182115434,5.012277603149414,-87.33851623535156,4.062300464979413,2.8275771849935456,8.376089939875543,87.33851623535156,34.30104247149594,32.754302978515625,46.89162826538086,51.52551326751709,60.775470123291015,9.402042751763414,3.7496644248893563,3.512081543889052,4.897559981977508,5.33190528571323,6.079761155479716,76.6119155883789,31.529288064517676,30.346346855163574,42.895145416259766,47.18232345581055,56.67060852050781,-11.347306251525879,-32.08967142543634,-30.5815372467041,-22.674823570251466,-20.390913009643555,-14.40863037109375,146.52530670166016,63.61895948995402,61.11246395111084,85.33766555786133,92.40831413269044,107.23188018798828,12.674995472037251,8.272531967634809,8.388209285693565,9.721152415317222,10.131800322524404,11.171733236364354,-0.007259840847837544,8.37583837058222
R2,mtbench,S4_k_stored_ctx_fp_l4,1.0415701270103455,1.9779283702373505,3.1130305290222178,3.886985111236572,5.406154918670655,6.022127151489258,7.369817335605738,8.703599461364487,11.245612144470215,6.083667031675286,11.245612144470215,564.0;243.0;573.0;230.0;751.0;631.0;633.0;237.0;114.0;428.0,0.41190766323411987,1.7121262185226198,0.007011870898549539,0.02968808331020347,0.04894423958287722,0.16467674117982797,125480,1024,0.9061089855637801,3.90610898556378,10.906046867370605,0.01929959778545113,1.3977031403334441,1.0415701270103455,-11.245612144470215,3.986934119557068,2.9246292708946418,1.84849237900738,11.245612144470215,7.338442860475801,7.205913066864014,8.550192832946777,8.861342430114746,9.840216636657715,6.176641828540101,3.8722714336174517,3.731419024684701,4.757004459313843,5.10588658304508,5.668485515981817,10.906046867370605,6.963646538842055,6.8021697998046875,8.355058956146244,8.727763175964355,9.747809410095215,-4.472053527832031,-6.805265859577889,-6.687036514282227,-5.787683010101318,-5.583674430847168,-5.247366428375244,19.731597900390625,13.768912398419944,13.562382221221924,15.746228694915771,16.43522357940674,17.80947268486023,1.9501374084807064,1.8482689838358402,1.8455205068356915,1.8879923513786496,1.9060180344257924,1.926595171664636,0.025374084126373583,1.8483916253796657
R2,mtbench,S4_k_stored_ctx_l4,1.083171010017395,1.9825116097927094,3.0629247188568125,3.8171381950378414,5.320393214225773,5.9138998675346395,7.20593323135388,8.37009334564209,11.077628135681152,6.047404335132106,11.077628135681152,564.0;237.0;888.0;243.0;612.0;114.0;548.0;686.0;633.0;619.0,0.4418832020702669,1.6787109027783294,0.008575669945858988,0.03888653353205352,0.06606624235828984,0.20829167252268765,125480,1024,0.6848417163445748,3.684841716344575,10.280117988586426,0.02387415475243896,1.4097259189978224,1.083171010017395,-11.077628135681152,3.9338016521424275,2.904463716802496,1.831798821740131,11.077628135681152,6.9446725942429595,6.814105033874512,8.116167068481445,8.441906929016113,9.096299171447754,6.086107274293066,3.6396656029741834,3.463475035937102,4.521320832397547,4.9081487837918,5.655262876004035,10.280117988586426,6.59754961561085,6.4037580490112305,7.984035491943359,8.308194160461426,8.88170337677002,-4.628190517425537,-6.555286844288957,-6.460195064544678,-5.6272033691406245,-5.448415279388428,-5.157156944274902,19.676196098327637,13.152836459899808,12.9100980758667,15.240048885345459,15.791290760040283,16.395796298980713,1.9405698862904976,1.831475758508795,1.8251983036953618,1.8824756391875614,1.898814695107854,1.9288885883424227,0.02558454036234934,1.8316432371134366
R2,mtbench,S4_k_stored_draft_l4,1.0920924544334412,1.918455421924591,2.813042569160462,3.383072447776794,4.509547348022462,4.927661051750186,5.865065540790579,7.074100131940271,8.740941047668457,5.158152768455937,8.740941047668457,384.0;818.0;448.0;623.0;807.0;172.0;252.0;626.0;766.0;686.0,0.46828862516222614,1.5380323799881515,0.008230498219764055,0.03592781338779954,0.06592437430130794,0.212800406893321,4800,1024,0.22622140386053013,3.22622140386053,8.614784240722656,0.024988147668916372,1.3311538868019528,1.0920924544334412,-8.740941047668457,3.4610580132529383,2.6611475824893907,1.6945874695923373,8.740941047668457,6.095000692804654,6.012758255004883,6.903869676589966,7.16882164478302,7.7623648881912235,4.089181107631305,3.221199007870811,3.207635697096985,3.4239005433701286,3.4943764647283895,3.66395332720356,8.614784240722656,5.7852986945708595,5.697894811630249,6.5737808704376235,6.905297327041626,7.5562757205963145,-4.17078971862793,-5.662566404640675,-5.5541486740112305,-4.912767171859741,-4.765373349189758,-4.513614416122436,15.247385025024414,11.447865099211533,11.352243185043335,12.606656455993653,12.958689332008362,13.69980344295502,1.8068860052843279,1.6943855253865414,1.6912452919765735,1.728348713055762,1.7411558195932466,1.7718261346693887,-0.0036150239000398055,1.694403223726701
R2,mtbench,S4_v_stored_ctx_l4,3.3869550228118896,6.661616802215576,10.506589889526369,13.262946128845215,19.22388505935669,21.738686408996582,27.661964416503906,37.26611036185763,77.77230072021484,12.549029390656349,77.77230072021484,44.0;54.0;7.0;48.0;117.0;80.0;39.0;6.0;16.0;34.0,0.12808788193353204,6.154772069226018,0.0019128654029981103,0.008826968842466799,0.01716521329241122,0.0819503835983574,125480,1024,2.2024583552369412,5.202458355236941,77.77230072021484,-0.029838607453716148,4.556368377878117,3.3869550228118896,-73.43805694580078,4.463424654425456,3.1018897008117228,6.197475382289079,77.77230072021484,21.663295931313726,20.21604824066162,34.122920989990234,39.208431243896484,51.80916213989258,9.136800084501983,3.3331318960032412,3.157295910948545,3.864349576322949,4.594555724198051,6.241454806840155,77.77230072021484,20.121776798928966,18.95568084716797,31.64824676513672,36.396141052246094,47.796688079833984,-5.537722110748291,-20.30706340971364,-18.905691146850586,-9.759797096252441,-8.443880081176758,-7.402999906539935,145.5107192993164,40.428840208642605,38.11198425292969,62.82134246826172,71.89637184143066,93.15114974975586,13.119349690202661,5.764955498134486,5.700987822346393,8.728171667689375,9.606350548497044,11.429251485246471,0.0029188320382651013,6.197403550809354
R2,mtbench,S4_v_stored_draft_l4,3.13280189037323,5.421436071395874,7.959136772155763,9.75885009765625,13.680083827972416,15.346348762512207,19.19662094116211,25.732525052430578,56.51580047607422,11.859119932687323,56.51580047607422,482.0;471.0;498.0;493.0;450.0;386.0;508.0;387.0;441.0;451.0,0.2585283401416899,4.629413258314456,0.006485523245656863,0.02509508826304488,0.043590385153255806,0.14333638826781506,4800,1024,0.6972251186916267,3.6972251186916267,56.51580047607422,-0.06334144822658118,3.7166763172670416,3.13280189037323,-51.183135986328125,4.028166072600449,2.870591116794361,4.765598189145518,56.51580047607422,18.02347957690557,17.27845573425293,22.731734848022462,24.789308166503908,30.167002162933382,6.851572007665163,3.311448495897166,3.256859297010415,3.6822113603405935,3.894888032066202,4.352479025825192,56.51580047607422,16.54959454456965,15.804797172546387,21.385677909851076,23.49285469055176,28.645913085937504,-10.56182861328125,-16.989550816019378,-16.32766628265381,-13.455470848083495,-12.827226924896241,-11.756776266098017,90.64840316772461,33.539145360589025,32.26498556137085,41.72161979675293,45.15145645141603,54.405585098266606,8.753183108914804,4.712996579237941,4.547414144471979,5.628827178004482,6.113973187509305,7.144826969965866,-0.02591616264173523,4.765177222446569
R3,gsm8k,A_src1,0.01531982421875,0.0264892578125,0.03857421875,0.047119140625,0.0703125,2.0782031250000728,11.3125,18.125,24.375,41.251367671950575,24.375,3280.0;2154.0;1950.0;2521.0;58.0;610.0;1800.0;2557.0;2520.0;2926.0,0.6169887368439148,0.4796558542257745,0.009118328276982302,0.03834779779633425,0.06924470551349858,0.25224560180613215,20490,4096,455.2310699815683,458.2310699815683,24.375,-0.0004768887678291938,0.05475054752072648,0.01531982421875,-24.0,19.144865509289883,0.11899432982293434,0.5908894995637711,24.375,0.22880733074823084,0.0869140625,0.10546875,0.111328125,0.13291992187500057,3.432922136443478,2.98407892860175,2.9839611038682614,3.08389447723464,3.114267613816614,3.1672279491168465,24.375,0.2249257926885066,0.08251953125,0.10205078125,0.1083984375,0.130859375,-0.0478515625,-0.22200629260843704,-0.08251953125,-0.064453125,-0.06103515625,-0.055419921875,48.375,0.4469320852969436,0.16650390625,0.19921875,0.20849609375,0.2451171875,7.739822093867723,0.06793732161395812,0.023022229450308178,0.02697008915823779,0.02794485852619266,0.031184241144559036,0.15534389440314847,0.5908893071226006
R3,gsm8k,A_src1_origbasis,0.012138004414737225,0.021801123395562172,0.034149737656116515,0.04488315377384423,0.10588718518614816,0.2164981321990516,0.9354359241128748,2.0336127380116054,300.0799865722656,507.8445274788352,300.0799865722656,788.0;1384.0;4062.0;290.0;2352.0;4055.0;133.0;1039.0;1189.0;709.0,0.9955743768580148,0.06667464413370328,0.9824043872269679,0.9901623499298565,0.9915777625760018,0.9936879472315064,20490,4096,224502.38477437105,224505.38477437105,300.0799865722656,-0.0005314095978323228,0.020548370629504008,0.012138004414737225,-274.7288513183594,1.5830979609612414,0.17919964653815176,0.5908894756865756,300.0799865722656,2.0074017315557553,0.25442053377628326,0.3419631689786911,0.37120776027441016,0.47477877140045166,1319.01847300123,29.73285912396025,13.859640604120603,52.58541607513793,71.975371893507,119.55836183357475,300.0799865722656,2.0041210083560923,0.2527240514755249,0.3419445633888245,0.37120776027441016,0.47477877140045166,-0.09252406656742096,-1.790566241236839,-0.1852843016386032,-0.1412159517407417,-0.13132401853799822,-0.1170114132761955,574.808837890625,3.7946872495929314,0.4378989487886429,0.5617611810564995,0.6021321684122085,0.7897086387872697,7.739822053761639,0.06793732054939638,0.02302223033334583,0.02697008986774852,0.027944859694702756,0.031184242023415285,-97.71065983118704,0.5908892367279975
R3,gsm8k,A_src8,0.064453125,0.11083984375,0.16015625,0.193359375,0.28125,2.078125,11.375,18.125,24.375,40.67795772284556,24.375,3280.0;2154.0;1950.0;2521.0;58.0;610.0;1800.0;2557.0;2520.0;2926.0,0.6019451906098372,0.4973565678361573,0.008886846689861987,0.037416792059843614,0.06758207387746806,0.2468453167258147,20490,4096,432.7370351206707,435.7370351206707,24.375,-6.736649968933373e-05,0.1123326359207127,0.064453125,-24.0,18.98304693732793,0.46936105064821804,0.5992188734271314,24.375,0.5014658922797707,0.357421875,0.421875,0.443359375,0.50390625,3.3897362677341394,2.980835779327809,2.9803337972336275,3.08054792824644,3.112034681151922,3.1710293513300902,24.375,0.4856315199487555,0.341796875,0.404296875,0.427734375,0.5,-0.2080078125,-0.48085799284712055,-0.33984375,-0.2890625,-0.275390625,-0.2578125,48.375,0.966489512795876,0.685546875,0.791015625,0.830078125,0.93359375,7.754172147130389,0.14001940940091592,0.09499650932256831,0.1066462957116051,0.11043485592563534,0.12771664427940016,0.1856878358245874,0.5992188696403304
R3,gsm8k,A_src8_origbasis,0.05609072186052799,0.0975016038864851,0.14499400556087497,0.18111602067947385,0.32845780581235934,0.48322802379727475,1.0382702022791572,2.2968247599587372,300.31158447265625,501.17168385813227,300.31158447265625,788.0;1384.0;4062.0;290.0;2352.0;4055.0;133.0;1039.0;709.0;1189.0,0.978416935756474,0.11837244809804193,0.9586688946446784,0.9691940161248946,0.9718947076612404,0.9760587127186257,20490,4096,213585.0404683871,213588.0404683871,300.31158447265625,-0.00014935951892636946,0.07391722648200645,0.05609072186052799,-275.29901123046875,1.7327058045053454,0.5481431956891955,0.5992189785360381,300.31158447265625,3.223276765190025,1.4491832256317139,2.1147102594375613,2.3201410770416255,3.0151335811615017,1316.9280781369414,39.261097725550066,21.077867850693618,71.0733152484859,98.05992739005853,187.12571047126943,300.31158447265625,3.2193085065130607,1.4491273164749146,2.1147102594375613,2.3201410770416255,3.0151335811615017,-0.352294921875,-2.354360141060072,-0.7269674837589264,-0.5572257995605469,-0.5224955946207046,-0.47217267751693726,575.610595703125,5.5736686475731325,2.1969786286354065,2.9744610965251925,3.2180909574031826,4.023841584920883,7.754173222093253,0.14001942073690685,0.09499651421711851,0.10664629985305947,0.11043485763621397,0.12771664772541177,-94.93014750672664,0.5992189599215858
R3,gsm8k,A_src15,0.1103515625,0.1884765625,0.271484375,0.328125,0.4765625,2.046875,11.375062500002969,18.375,24.625,39.88999759429205,24.625,3280.0;2154.0;1950.0;2521.0;610.0;58.0;1800.0;2557.0;2520.0;1027.0,0.5750653612673136,0.5263057546591455,0.008491167753580327,0.03586618458250637,0.06494175668113947,0.23758378682275957,20490,4096,394.17426923407726,397.17426923407726,24.625,9.501876294372667e-05,0.16577272838833645,0.1103515625,-24.25,18.42644531005239,0.7719828214631392,0.617322674482278,24.625,0.7492503012140068,0.609375,0.69921875,0.734375,0.8246484375000023,3.3393894632672465,2.9730411063113285,2.9717139856173898,3.074315030237542,3.104612893705002,3.1667215129508013,24.625,0.7229090409956076,0.58203125,0.67578125,0.70703125,0.80078125,-0.34375,-0.7195818653916545,-0.578125,-0.49609375,-0.4765625,-0.43359375,48.75,1.4424909063872622,1.1640625,1.31640625,1.3671875,1.5004296875000023,7.806314070188413,0.20690319657133713,0.16360983235468496,0.17830179966324183,0.18277025927895252,0.19937682887059172,0.16703019688297635,0.6173226671695987
R3,gsm8k,A_src15_origbasis,0.0936061479151249,0.16216017305850983,0.24048416614532475,0.2997284859418868,0.5317439234256744,0.7323722866177559,1.2508244919777276,3.6834675421706313,302.3568115234375,489.7872798316596,302.3568115234375,788.0;1384.0;4062.0;2352.0;290.0;4055.0;133.0;1039.0;1189.0;3231.0,0.9509663005746593,0.172059894774877,0.9167245187932637,0.9330964669504368,0.9377943990847188,0.9479482368360804,20490,4096,194890.36347416413,194893.36347416413,302.3568115234375,0.00010503190143382893,0.12092156954140416,0.0936061479151249,-276.97198486328125,2.026208446853857,0.8613710685379647,0.6173227112540731,302.3568115234375,4.503858655251894,2.716694951057434,4.082438278198242,4.5355000495910645,6.098855295181276,1317.4063606858674,48.05113978876649,26.69048279319683,90.57009944820095,125.54068406431642,274.93898926263086,302.3568115234375,4.499511409530179,2.716694951057434,4.082438278198242,4.5355000495910645,6.098855295181276,-0.456865519285202,-2.830030277006332,-1.195848524570465,-0.8917927742004395,-0.8152400493621826,-0.6975250178575516,579.3287963867188,7.32954168653651,3.9244375228881836,5.470680844783783,6.005593597888946,7.898894970417033,7.806314687147851,0.20690320446673618,0.16360983695994027,0.17830180591761188,0.18277025930992982,0.19937683253078858,-88.59538558450674,0.6173227023189568
R3,gsm8k,A_src22,0.232421875,0.3984375,0.578125,0.69921875,1.0078125,2.078125,11.4375,18.375,24.625,35.7184696923009,24.625,3280.0;2154.0;1950.0;2521.0;610.0;58.0;1800.0;2557.0;2520.0;1027.0,0.46865402166500514,0.6274280664704541,0.007048067229996038,0.029720527908206174,0.05422563725628963,0.20100219281916773,20490,4096,253.95198444484254,256.95198444484254,24.625,-0.0005245439219788506,0.31072812052270904,0.232421875,-24.25,16.590050643885952,1.4618282329653605,0.6894192335823365,24.625,1.432450280624695,1.296875,1.5078125,1.578125,1.78125,3.396522691695337,2.972516010857719,2.973364804120707,3.0711851615202543,3.102144444108157,3.158003775962551,24.625,1.3765482018667643,1.2421875,1.453125,1.53125,1.734375,-0.69921875,-1.3686968109443631,-1.234375,-1.015625,-0.94921875,-0.84765625,48.75,2.7452450128111274,2.4921875,2.8515625,2.9609375,3.265625,7.817506458894823,0.38833655622089025,0.35061967310192776,0.38840755597969145,0.39869576145612423,0.42208535438414596,0.11493154127020322,0.6894190340329531
R3,gsm8k,A_src22_origbasis,0.18843527138233185,0.32775362581014633,0.4871491879224782,0.6083316445350646,1.0376563131809249,1.3850705724954617,2.482346138239103,8.30330515183765,302.8311767578125,439.25545838901434,302.8311767578125,788.0;1384.0;4062.0;2352.0;290.0;4055.0;133.0;1039.0;1189.0;3231.0,0.8521011865569905,0.31960112605378904,0.7667999669727076,0.7941004174238752,0.807392901967663,0.8432646790903684,20490,4096,126186.50823113907,126189.50823113907,302.8311767578125,-0.0005729555020681131,0.24237740411566844,0.18843527138233185,-277.4205322265625,3.6006335361713604,1.505116495522065,0.6894192683875963,302.8311767578125,8.891259996864258,7.363713979721069,9.827446365356447,10.549509096145629,12.162120447158818,1318.9279333452957,83.0612927326992,58.448011851573405,164.27978253690276,212.2454545602953,355.7701439007964,302.8311767578125,4.870117307581978,3.0547984838485718,4.1091724872589115,4.567220115661621,6.083605728149421,-1.0557756423950195,-8.735649380537287,-7.363713979721069,-4.164067745208739,-3.2953828811645516,-1.7752177715301514,580.251708984375,13.605766688119266,10.462600231170654,13.600091934204102,14.576011896133421,17.198354334831244,7.817506460106714,0.3883365688795504,0.35061966527952415,0.38840756921781316,0.39869577209652607,0.4220853670084854,-64.4088476391854,0.689419030304561
R3,gsm8k,A_src29,0.47265625,0.80859375,1.1640625,1.3984375,1.953125,2.546875,11.5625,18.5,24.875,27.147034045592434,24.875,3280.0;2154.0;1950.0;2557.0;2521.0;58.0;1800.0;610.0;2149.0;2520.0,0.3109378731455843,0.8812474218468664,0.005138052842955053,0.019937235354303806,0.036369133058124906,0.14114699060045147,20490,4096,80.5426398906106,83.5426398906106,24.875,-0.0012266553617536493,0.5903673775336478,0.47265625,-24.375,12.618596227222614,2.131519632976793,0.9163063618008274,24.875,2.6879167429233775,2.546875,2.953125,3.078125,3.46875,3.2821501434197327,2.909580473840611,2.912620735024939,3.029764177318098,3.063416382252142,3.1369773489864574,24.875,2.5838549292337727,2.4375,2.84375,2.984375,3.376718750000009,-1.390625,-2.5623806582479256,-2.421875,-2.0625,-1.9609375,-1.7578125,49.25,5.146235587481699,4.890625,5.5625,5.78125,6.34375,7.817440174047154,0.7358783425191747,0.6985873198491328,0.7794740629942857,0.8014301234134464,0.847558184447835,0.0589553724565621,0.916305540741347
R3,gsm8k,A_src29_origbasis,0.3855351060628891,0.6664398312568665,0.9732354879379272,1.1874259173870085,1.769475297927858,2.207954858541489,3.8679193089009853,22.332223987170295,302.3805236816406,329.99934738091304,302.3805236816406,788.0;1384.0;4062.0;2352.0;290.0;1951.0;761.0;1658.0;2252.0;2742.0,0.6631368484924658,0.6122519802140066,0.5345955077878768,0.572834053515639,0.5898116066137492,0.641700294804691,20490,4096,40162.35123837618,40165.35123837618,302.3805236816406,-0.004324829803930507,0.4805105817296864,0.3855351060628891,-276.6623229980469,4.221207213078373,1.9310955825237681,0.9163064293354725,302.3805236816406,20.827311511630835,19.60086727142334,26.498856544494632,28.148113536834718,31.96344926834107,1308.3335206138954,192.18691700702624,157.24601487769863,388.1265704414901,467.342561259682,704.5573941606581,302.3805236816406,6.5881928310270945,4.875730752944946,6.382252073287965,6.825567960739136,7.84505823135376,-1.736215353012085,-20.674487542215935,-19.60086727142334,-11.291606903076172,-9.003565645217908,-4.290232129096977,579.0428466796875,27.262680373243033,24.459069848060608,32.04851045608521,33.78339555263519,37.98413535118104,7.817441273268429,0.7358783699594866,0.6985873455758609,0.7794741281084391,0.801430176721755,0.8475580457230542,-29.65259235684715,0.9162962230025234
R3,gsm8k,B_concat,0.1005859375,0.271484375,0.59765625,0.87109375,1.578125,2.34375,11.375,18.250012499993318,24.875,35.87246695788713,24.875,19664.0;11472.0;15568.0;3280.0;18538.0;7376.0;10346.0;14442.0;6250.0;2154.0,0.5289040619672116,0.6023987330076797,0.007417645148474558,0.030892691810274618,0.05627147721791483,0.2069009688658158,20490,20480,244.9658244559416,247.9658244559416,24.875,-0.00044008715766146014,0.24679028197722647,0.1005859375,-24.375,16.403992427978537,2.2758286198157034,0.6934287521737013,24.875,2.6879167429233775,2.546875,2.953125,3.078125,3.46875,11.269484130587413,8.836547551129975,8.860937313214592,9.444648481063929,9.635844409593183,10.046958788510594,24.875,2.5838549292337727,2.4375,2.84375,2.984375,3.376718750000009,-1.390625,-2.5625636743533433,-2.421875,-2.0625,-1.9609375,-1.7578125,49.25,5.146418603587116,4.890625,5.5625,5.78125,6.34375,7.787122051234922,0.4004534831930171,0.36055222721560987,0.3976572996199493,0.40805196900283247,0.43065208197355764,0.11587799737112273,0.6934286125222048
R3,gsm8k,C_Zt_fp,2.6845743656158447,4.674445986747742,6.954882669448853,8.77503981590271,64.19146781921445,115.74630428314241,238.92828387454216,558.6791645629742,1452.245849609375,79.30027957812786,1452.245849609375,432.0;2017.0;2117.0;2062.0;3960.0;977.0;2910.0;3230.0;4030.0;3447.0,0.7404186937967628,13.319593126595805,0.07272234071276099,0.2003801754712157,0.2802667989324916,0.5096427935648893,42995,4096,689.6413572148118,692.6413572148118,1452.245849609375,0.03887373545715654,4.825692913055804,2.6845743656158447,-1243.1151123046875,13.046743921127318,3.5051925581080634,18.31325005832546,1452.245849609375,171.8565424706523,143.64312744140625,215.8852081298828,232.21121215820312,1449.0820385742188,462.5238426346263,210.35524219652248,194.40852270807233,359.89375922687975,404.42613883758287,443.8467726620354,1452.245849609375,148.10610999355677,112.78450012207031,215.8852081298828,232.21121215820312,1449.0820385742188,-62.116031646728516,-160.45324650123544,-140.8478546142578,-113.39041137695312,-103.64884185791016,-88.63973236083984,2695.3609619140625,308.5593564947922,256.79180908203125,391.7687683105469,415.0338592529297,2688.47607421875,135.08650985802424,7.781594205443822,5.472677549561105,7.1066468684537805,7.465482053261046,134.6210860118046,2.0811942180447067,18.313208799428054
R3,gsm8k,C_Ht_fp,0.471238911151886,0.8268972784280777,1.2229302525520327,1.493990969657898,2.12975331068039,2.52089524269104,11.26695158863421,27.20274356880186,33.00542068481445,33.00542167999289,33.00542068481445,3573.0;494.0;604.0;3230.0;2361.0;1601.0;3510.0;1801.0;2117.0;707.0,0.524933550124383,0.7626008773073902,0.3559755859029584,0.4586624312310255,0.4715719641490674,0.5111593834066466,42995,4096,207.30529889733768,210.30529889733768,32.91232681274414,0.0024510254457849093,0.603098638741731,0.471238911151886,-33.00542068481445,11.266951928354992,2.1297533748966466,0.9999999698480314,33.00542068481445,26.19613114219583,26.491682052612305,30.501506805419922,31.35633659362793,32.25588607788086,462.52386438112444,210.3552422204446,194.4085163706239,359.8937662973629,404.42613895516604,443.8467968292114,32.91232681274414,21.672273698680996,20.68340301513672,29.795764923095703,31.209810256958008,32.25588607788086,-9.199134826660156,-25.052596846402057,-25.233884811401367,-21.672439575195312,-20.633586883544922,-9.206130981445312,59.31644821166992,46.72487054508306,47.05478096008301,54.32784194946287,56.5105037689209,57.996665954589844,1.000000125136428,0.9999999698480305,0.9999999682181486,1.0000000263975002,1.000000045811966,1.0000000754665754,-0.4635939670565855,0.9999969660805617
R3,gsm8k,C_Ht_rc_fp,0.6832265257835388,1.1613133549690247,1.650907158851624,1.9531317889690398,2.5345487618446354,2.742165042161942,3.178833980798745,3.7463469048255513,5.513713836669922,5.513713838117269,5.513713836669922,2885.0;992.0;3943.0;4079.0;722.0;3111.0;2322.0;1531.0;3714.0;2109.0,0.2768305681305947,0.9693999624672114,0.0040674608054680145,0.018028458066863207,0.033913312097148325,0.13405257571685986,42995,4096,-0.10035198706935144,2.8996480129306486,5.513713836669922,-0.0011035090050056646,0.8013370141213124,0.6832265257835388,-5.0542097091674805,3.178833981633187,2.534548762509953,0.9999999997375005,5.513713836669922,3.6473750986378057,3.623063325881958,3.982104778289795,4.127197885513306,4.438292026519775,3.1945645815522843,2.8996775412901674,2.898542949454079,3.003797145780171,3.022988057535208,3.084586473479094,5.513713836669922,3.470206351141026,3.432528495788574,3.8299593925476074,3.9661144733428957,4.294095516204834,-2.827129602432251,-3.508700007784573,-3.4913339614868164,-3.179466724395752,-3.113757681846619,-2.9961743354797363,9.153067111968994,6.9789063589256,6.937974452972412,7.486716461181641,7.672107219696045,8.082243204116821,1.000000159299494,0.9999999997374996,0.9999999976818603,1.0000000578945303,1.0000000757522316,1.0000001090063686,0.0002895046838291426,0.9999993908712529
R3,gsm8k,S3_Zt_dep,2.8189697265625,4.893520712852478,7.286665916442875,9.169463205337522,67.78380119323757,121.02404808044433,244.77474334717346,543.8759596798259,1461.2225341796875,77.79689260050931,1461.2225341796875,432.0;2017.0;2117.0;3960.0;2062.0;3230.0;977.0;2910.0;4030.0;3700.0,0.7306098830806618,13.838614149088372,0.06997814932865759,0.19083006915359224,0.2656172693303391,0.4925118607248321,42995,4096,631.8973596057101,634.8973596057101,1461.2225341796875,0.051035319002657994,5.028051751345704,2.8189697265625,-1245.99658203125,13.032042672533539,3.608874745724465,18.78253083555835,1461.2225341796875,172.60539007735872,143.76705932617188,217.465576171875,232.35745239257812,1447.56982421875,450.26758359771844,195.08395498254538,177.25498450977756,339.131922119913,389.1083200286086,430.01733364502877,1461.2225341796875,148.27643894426683,113.1787109375,217.465576171875,232.35745239257812,1447.56982421875,-61.86651611328125,-161.38468208033507,-141.48809814453125,-114.02090454101562,-104.27922058105469,-89.75814056396484,2706.67236328125,309.6611210246019,258.20491790771484,390.062744140625,416.3703918457031,2686.395751953125,139.00771950004153,7.974025431059366,5.623901775433961,7.165419752849452,7.502944659238029,138.14086186166602,2.2211811824566237,18.782461499625512
R3,gsm8k,S3_Ht_dep,0.48220011591911316,0.8432231396436691,1.2439405918121342,1.5177067935466757,2.1573219895362854,2.5348581683635736,11.051662940025444,26.51359724845797,32.734004974365234,32.73400586549536,32.734004974365234,494.0;3573.0;604.0;3230.0;2361.0;1601.0;3510.0;1801.0;2117.0;707.0,0.5102345113421576,0.7744702548929455,0.3408663435397094,0.4399122557912393,0.45246392942206975,0.4937625569296987,42995,4096,192.03711202451677,195.03711202451677,32.734004974365234,0.003373880824413517,0.613485202837048,0.48220011591911316,-32.29281234741211,11.051663240889022,2.1573220482658733,0.9999999727766246,32.734004974365234,25.704602025517033,25.945966720581055,30.100526809692383,30.965787887573242,32.07951354980469,450.2676249382967,195.08395512252554,177.25498323004368,339.13192944897236,389.10831497863876,430.017327032429,32.734004974365234,21.20754178348066,20.173486709594727,29.55680274963379,30.8803768157959,32.0190315246582,-8.95956802368164,-24.594616425526752,-24.765790939331055,-21.427417755126953,-20.315725898742702,-8.9955712890625,58.86869812011719,45.802158209007416,46.07802200317383,53.54997787475585,55.87565040588379,57.444915771484375,1.0000001439547783,0.9999999727766236,0.9999999715075361,1.0000000297471303,1.000000046458959,1.0000000781092682,-0.4825968284350077,0.9999942812243641
R3,gsm8k,S3_Ht_rc_dep,0.6811383366584778,1.1594583690166473,1.6500360965728764,1.9564820289611808,2.5296086549758914,2.7505621123313904,3.1968457801342014,3.7673139709234165,5.42827033996582,5.428270324221933,5.42827033996582,2885.0;3059.0;992.0;2760.0;3714.0;2109.0;1531.0;1107.0;3217.0;3943.0,0.27391716650814024,0.9699683682493092,0.004110367175604704,0.018375090848120404,0.03402065372740614,0.13411648712593116,42995,4096,-0.09064570622488555,2.9093542937751145,5.42827033996582,0.0031823180839959694,0.8009839224013812,0.6811383366584778,-5.037674427032471,3.1968457708622275,2.5296086476391393,1.0000000029003506,5.42827033996582,3.6527549118313045,3.619913339614868,4.013250827789307,4.121902751922607,4.413558034896851,3.234302199814417,2.909351455536447,2.9082051454227242,3.00951881395049,3.0373999935897706,3.0890704809553253,5.42827033996582,3.4903641965974552,3.4499096870422363,3.875539779663086,4.0218281745910645,4.2982869148254395,-2.823169469833374,-3.5021522684116144,-3.465303421020508,-3.182588529586792,-3.1108131408691406,-3.005187749862671,9.44120740890503,6.99251646500907,6.953619718551636,7.513526201248169,7.6928349971771235,8.09061312675476,1.0000001820447122,1.00000000290035,1.0000000013911696,1.0000000615003735,1.0000000777349964,1.000000112257173,0.004406539491524006,0.9999949393133516
R3,gsm8k,S4_kctx_lin_l0,6.515129089355469,12.31193208694458,20.05173606872559,26.8595778465271,51.5777111434937,64.49061950683605,99.96804499817351,160.47773659184148,317.2079772949219,22.51753074017194,317.2079772949219,130.0;135.0;386.0;932.0;519.0;258.0;36.0;420.0;134.0;625.0,0.5843022863161791,11.950077784459616,0.02862772866913948,0.08749751507391902,0.13598715348947177,0.34291890062150227,42995,1024,17.671779145267774,20.671779145267774,167.228271484375,-0.04303714035917147,9.371238958397624,6.515129089355469,-317.2079772949219,7.096396331131298,3.661328778946572,14.087156400724414,317.2079772949219,79.20619435767848,52.8621711730957,136.9222869873047,215.5369110107422,304.56402587890625,36.844688439834854,6.897356455755502,4.165332161007171,10.28012650482414,24.91696744858804,32.93469159963542,167.228271484375,65.81039291299322,49.57239532470703,121.04463958740234,133.74099731445312,152.885009765625,-27.55772590637207,-73.4642759008371,-48.16400146484375,-37.56926727294922,-35.746673583984375,-33.198795318603516,472.19532775878906,139.27466881383032,96.15211486816406,257.39217376708984,348.8508987426758,455.82843017578125,26.833772685140605,13.45141369537597,11.319690367907281,19.651524639997692,22.616756468695616,25.70861519846091,-0.520068595050396,14.087090659998626
R3,gsm8k,S4_vctx_lin_l0,3.2074187994003296,5.602316737174988,8.23655109405518,10.071831035614013,13.98586627006531,15.619476046562198,19.460653287887844,24.67164634914386,37.09930419921875,7.362733418875128,37.09930419921875,20.0;31.0;64.0;55.0;36.0;100.0;59.0;72.0;43.0;51.0,0.2168848028795305,4.946124908378826,0.0037592622787976,0.01345706857121279,0.02459834288894337,0.10338853151686503,42995,1024,0.6316775656482987,3.6316775656482987,32.960548400878906,-0.00634642784550166,3.927137988358321,3.2074187994003296,-37.09930419921875,3.8621641405040497,2.7756370961991457,5.038794981237654,37.09930419921875,19.71994054170802,19.56443977355957,24.32404327392578,25.921552658081055,29.148893356323242,5.657113350260039,3.425551257713405,3.3792284835346864,3.8431524226053106,4.012752998575196,4.424006211873904,32.960548400878906,18.151578873985798,17.971811294555664,22.59183120727539,23.931564331054688,27.040313720703125,-9.9066162109375,-18.478195459707656,-18.15668487548828,-14.282205581665039,-12.324570655822754,-10.710057258605957,67.28256225585938,36.629774333693454,36.743682861328125,44.10770034790039,46.43497085571289,51.805719718932984,6.789656439715786,5.00528395538124,5.088256147219129,5.602256254272559,5.760687343622282,6.055339864382016,-0.0022829889399962637,5.038790984531842
R3,gsm8k,S4_kdraft_lin_l0,3.5851974487304688,6.193078994750977,9.04498710632326,10.870020866394043,14.543231964111328,16.057085037231445,19.89124870300293,23.149322509765625,40.5258903503418,7.359401970792531,40.5258903503418,130.0;135.0;164.0;420.0;36.0;904.0;134.0;114.0;890.0;263.0,0.23411971517524255,5.378572927165837,0.006654238686542298,0.021663755412273656,0.03523036646721853,0.12127261845004203,3600,1024,0.29159964335317,3.29159964335317,40.5258903503418,-0.008339766993876764,4.344235950968381,3.5851974487304688,-33.90034103393555,3.612201820636113,2.641015140028161,5.506682541757884,40.5258903503418,21.045358492268456,21.221704483032227,23.723472595214844,26.295078182220458,30.537630081176758,5.820120697595267,3.251218834709031,3.187217909490981,3.4924798037905798,3.656010682208368,3.892498884097529,40.5258903503418,19.633187426196205,20.12761688232422,22.999557495117188,24.716588973999023,29.660209045409946,-13.406896591186523,-19.22983936495251,-18.94078254699707,-16.224679946899414,-15.76457405090332,-15.043344497680664,62.93759727478027,38.86302679114871,38.22050094604492,44.134817123413086,45.23767280578613,50.78260040283203,6.652797210878485,5.500181673837961,5.437539218785181,5.842232967522319,5.871877371060629,6.1536390007442545,-0.015293707579028547,5.506676226544244
R3,gsm8k,S4_vdraft_lin_l0,2.046489953994751,3.535299301147461,5.170750141143799,6.252141952514648,8.605965614318848,9.54644762992859,12.13976001739502,14.617197036743164,19.696109771728516,6.230651017135745,19.696109771728516,10.0;65.0;1023.0;83.0;905.0;1016.0;72.0;100.0;23.0;965.0,0.2405029742551812,3.087922156210278,0.0039514855311461915,0.01751252440007179,0.03304217554109419,0.12009413860111033,3600,1024,0.44517568173871913,3.445175681738719,19.696109771728516,0.021448756616509853,2.48199387765107,2.046489953994751,-17.153596878051758,3.840281607728273,2.7224040193590606,3.1611640128069465,19.696109771728516,12.429234357410007,12.470818519592285,14.460343360900879,15.247221946716309,15.306503295898438,4.761045797868227,3.429222513154183,3.410820239473577,3.859342406983622,3.9826508120297466,4.084842980831208,19.696109771728516,11.725060052076975,11.696524620056152,13.81905937194824,15.247221946716309,15.247221946716309,-8.294034957885742,-11.566944629881117,-11.25008487701416,-9.398143768310547,-9.28618049621582,-8.975865364074707,36.438493728637695,23.292004681958094,23.553958892822266,26.31302547454834,26.32908535003662,28.56836700439453,3.4773340771162027,3.1598852366630137,3.1648074817681637,3.2771663212363022,3.292812525058879,3.3628252294479104,0.008399487635272727,3.161091246184666
R3,gsm8k,S4_kctx_lin_fp_l0,6.3948073387146,12.155789136886597,19.93914680480957,26.942484855651827,52.08840106964112,65.02240356445316,101.49842591095067,163.08890839961506,324.8629150390625,23.005582174403937,324.8629150390625,130.0;135.0;386.0;932.0;519.0;258.0;36.0;420.0;134.0;625.0,0.5907226829802313,11.92616546056802,0.029947728177589887,0.08912786519699453,0.1394297474288127,0.348268204835752,42995,1024,19.029334673996225,22.029334673996225,167.66111755371094,-0.06386034271755685,9.303653067000852,6.3948073387146,-324.8629150390625,7.187740643114817,3.6887066379886684,14.121047343044669,324.8629150390625,80.35438798056437,53.88031005859375,139.903564453125,220.81324768066406,311.1909484863281,39.28753169544622,7.127183143307634,4.329638653105753,10.646019308542263,25.67368170068811,34.658124580238685,167.66111755371094,66.44762447839393,49.439613342285156,123.00899505615234,135.77194213867188,158.25392150878906,-28.087915420532227,-74.91719562971033,-50.24940872192383,-38.463871002197266,-36.61116676330569,-33.66496276855469,483.32867431640625,141.36482010810428,98.10598373413086,261.0619659423828,359.5632781982422,465.9462289428711,27.3963319024732,13.453939074298193,11.280714991624604,19.8591715052549,23.045285156776174,26.13783613948311,-0.5479430008386974,14.120902942841047
R3,gsm8k,S4_vctx_lin_fp_l0,3.1813244819641113,5.568314075469971,8.220976829528809,10.049964284896848,13.984369907379161,15.656335725784317,19.46644291496299,24.506192518610966,37.353607177734375,7.431183920115745,37.353607177734375,31.0;64.0;100.0;36.0;55.0;125.0;112.0;20.0;59.0;72.0,0.217530402510542,4.933552209207557,0.003935223182533379,0.013658506083758588,0.024934528180023972,0.10350984849974341,42995,1024,0.6706921769947334,3.6706921769947334,35.47383117675781,-0.008964087563410722,3.912699064913355,3.1813244819641113,-37.353607177734375,3.8726840190617997,2.7820720042965785,5.026602433647285,37.353607177734375,19.684228736792267,19.491596221923828,24.33462905883789,25.912296295166016,29.441194534301758,5.595930756346862,3.4357093263229586,3.3830803202746385,3.8571645096700378,4.0240480351424095,4.455303294721926,35.47383117675781,18.045345114486025,17.845420837402344,22.929155349731445,24.077375411987305,27.442333221435547,-9.678491592407227,-18.48686648299076,-18.1815185546875,-14.351814270019531,-12.571832656860352,-10.507284164428711,63.80315017700195,36.53221159747679,36.541154861450195,44.2546100616455,46.613945770263655,52.23362159729004,6.937984850422224,4.989062652132703,5.081294047489492,5.627349915292594,5.790478408137379,6.101010204182708,-0.001976575545132496,5.026594440680784
R3,gsm8k,S4_k_stored_ctx_fp_l0,0.7188559472560883,1.4018863141536713,2.1645879030227664,2.674154543876648,3.9986429572105435,5.00341500520707,9.71132199955019,12.972887047384635,16.97446632385254,12.285811061065912,16.97446632385254,224.0;352.0;736.0;608.0;992.0;96.0;604.0;415.0;799.0;31.0,0.4463547097855147,1.2413852053836174,0.039140288491644415,0.13619267659793735,0.17228498421948593,0.28734329304476547,42995,1024,7.065756426205489,10.065756426205489,14.952710151672363,-0.022330994799572196,0.9834702894798991,0.7188559472560883,-16.97446632385254,7.028878844455325,2.8941452965692296,1.381631724554605,16.97446632385254,9.39949174990334,9.896761894226074,12.830698013305664,13.445769309997559,14.567413330078125,26.622300853551362,8.610392597636617,7.821548814413396,12.885695545614274,14.238408705120582,17.319430232568795,14.952710151672363,8.304941360539289,8.857481956481934,11.369610023498534,11.952093124389648,13.089813232421875,-4.062835216522217,-8.929295589608056,-8.693524360656738,-5.364291477203376,-5.0677924156188965,-4.606680870056152,29.987465858459473,17.234236950147345,18.08924388885498,23.695351600646973,24.648466014862038,26.640907287597656,1.6612498409634198,1.370644769356953,1.4265615099342608,1.555494393375944,1.5789252895704342,1.6102112652991736,-0.1994944505709273,1.3814512474086784
R3,gsm8k,S4_k_stored_ctx_l0,0.7266547977924347,1.412027269601822,2.170152783393861,2.6788240075111385,3.981350769996644,4.956137595176707,9.412343836784627,12.450363191032393,16.168481826782227,11.724348596379043,16.168481826782227,224.0;352.0;992.0;736.0;608.0;96.0;604.0;31.0;415.0;149.0,0.4413076668655078,1.243784004409546,0.035816100880856544,0.1285180128596212,0.16257889394000768,0.2797673172192842,42995,1024,6.214365259031597,9.214365259031597,14.729879379272461,-0.020066909735533336,0.9891575629526135,0.7266547977924347,-16.168481826782227,6.825229569089656,2.8870208602134757,1.379051611598764,16.168481826782227,9.098379415577963,9.530829429626465,12.393989562988281,12.950819492340072,13.971875190734863,24.10349959040004,8.024039000711106,7.294281891328038,11.82833228429303,13.081316652896541,15.376311308464034,14.729879379272461,8.13320612398909,8.576035499572754,11.071722030639648,11.624202728271484,12.78692626953125,-4.114249229431152,-8.614039034598898,-8.34743595123291,-5.270988464355469,-5.02316427230835,-4.515161037445068,29.175729751586914,16.74724515858799,17.408594131469727,22.912334442138672,23.89936351776123,25.647184371948242,1.6401832233159124,1.3688939630143624,1.4233880705876225,1.5446734623767495,1.5683208254330687,1.5970556131963818,-0.161408301120975,1.3789056046687223
R3,gsm8k,S4_k_stored_draft_l0,0.8931075632572174,1.5830049514770508,2.3248334646224977,2.780512011051177,3.730671424865724,4.106681823730469,4.859384536743164,6.042563919353483,7.944094657897949,5.6751490751520235,7.944094657897949,917.0;403.0;795.0;31.0;149.0;793.0;114.0;605.0;224.0;796.0,0.246581916947338,1.3611831739846436,0.003145308198182734,0.014064738411367182,0.026565080318635064,0.10837168726099856,3600,1024,0.2857413442625627,3.2857413442625627,7.278693199157715,-0.0017696703859093113,1.0946747408239756,0.8931075632572174,-7.944094657897949,3.4714757120987314,2.6651389992531955,1.3998036972597316,7.944094657897949,5.246208699146907,5.1846113204956055,6.041943550109863,6.24514772891998,6.419840607643126,4.326256341909242,3.2788931070947482,3.2323572936794025,3.533369348633719,3.596962370672475,3.786877711214239,7.278693199157715,4.747778631051381,4.59326696395874,5.536848306655884,5.809584617614746,6.188043408393859,-3.638448715209961,-5.009858182801141,-4.843457460403442,-4.2879791259765625,-4.254937672615052,-4.002802820205688,13.706607341766357,9.757636813852523,9.743714094161987,10.736997699737548,10.910848045349121,12.014921932220455,1.4588471949638333,1.3996340770447153,1.4010374589154324,1.4304507020906034,1.4320142090427552,1.4460097259412266,-0.01946796039254628,1.3998025786262647
R3,gsm8k,S4_v_stored_ctx_l0,3.2074187994003296,5.602316737174988,8.23655109405518,10.071831035614013,13.98586627006531,15.619476046562198,19.460653287887844,24.67164634914386,37.09930419921875,7.362733418875128,37.09930419921875,20.0;31.0;64.0;55.0;36.0;100.0;59.0;72.0;43.0;51.0,0.2168848028795305,4.946124908378826,0.0037592622787976,0.01345706857121279,0.02459834288894337,0.10338853151686503,42995,1024,0.6316775656482987,3.6316775656482987,32.960548400878906,-0.00634642784550166,3.927137988358321,3.2074187994003296,-37.09930419921875,3.8621641405040497,2.7756370961991457,5.038794981237654,37.09930419921875,19.71994054170802,19.56443977355957,24.32404327392578,25.921552658081055,29.148893356323242,5.657113350260039,3.425551257713405,3.3792284835346864,3.8431524226053106,4.012752998575196,4.424006211873904,32.960548400878906,18.151578873985798,17.971811294555664,22.59183120727539,23.931564331054688,27.040313720703125,-9.9066162109375,-18.478195459707656,-18.15668487548828,-14.282205581665039,-12.324570655822754,-10.710057258605957,67.28256225585938,36.629774333693454,36.743682861328125,44.10770034790039,46.43497085571289,51.805719718932984,6.789656439715786,5.00528395538124,5.088256147219129,5.602256254272559,5.760687343622282,6.055339864382016,-0.0022829889399962637,5.038790984531842
R3,gsm8k,S4_v_stored_draft_l0,2.046489953994751,3.535299301147461,5.170750141143799,6.252141952514648,8.605965614318848,9.54644762992859,12.13976001739502,14.617197036743164,19.696109771728516,6.230651017135745,19.696109771728516,10.0;65.0;1023.0;83.0;905.0;1016.0;72.0;100.0;23.0;965.0,0.2405029742551812,3.087922156210278,0.0039514855311461915,0.01751252440007179,0.03304217554109419,0.12009413860111033,3600,1024,0.44517568173871913,3.445175681738719,19.696109771728516,0.021448756616509853,2.48199387765107,2.046489953994751,-17.153596878051758,3.840281607728273,2.7224040193590606,3.1611640128069465,19.696109771728516,12.429234357410007,12.470818519592285,14.460343360900879,15.247221946716309,15.306503295898438,4.761045797868227,3.429222513154183,3.410820239473577,3.859342406983622,3.9826508120297466,4.084842980831208,19.696109771728516,11.725060052076975,11.696524620056152,13.81905937194824,15.247221946716309,15.247221946716309,-8.294034957885742,-11.566944629881117,-11.25008487701416,-9.398143768310547,-9.28618049621582,-8.975865364074707,36.438493728637695,23.292004681958094,23.553958892822266,26.31302547454834,26.32908535003662,28.56836700439453,3.4773340771162027,3.1598852366630137,3.1648074817681637,3.2771663212363022,3.292812525058879,3.3628252294479104,0.008399487635272727,3.161091246184666
R3,gsm8k,S4_kctx_lin_l1,7.150706052780151,13.438998937606812,21.85129947662354,27.98104820251464,39.958131599426274,44.39739515304566,54.15946687698442,69.91394882659871,97.46846008300781,7.420861986566925,97.46846008300781,783.0;23.0;861.0;782.0;786.0;779.0;798.0;85.0;856.0;848.0,0.5441142090788705,11.458553591159287,0.011266923610529424,0.045647976344426223,0.07906542369365391,0.2747386004659045,42995,1024,1.5135070824959005,4.5135070824959005,97.46846008300781,0.3907131631129119,9.704931048489989,7.150706052780151,-82.13217163085938,4.123487009211622,3.0422536642919185,13.134385231721462,97.46846008300781,52.11087598258332,51.03704833984375,65.5483169555664,71.93135070800781,78.73541442871094,11.657352083981404,4.120766148424622,3.8800977420033655,4.853243643357602,6.2436148857472675,8.647620484331878,97.46846008300781,49.528925958840375,48.92068862915039,64.01229858398438,69.2781753540039,78.73541442871094,-23.30836296081543,-47.04198748902091,-47.14396286010742,-36.25955581665039,-31.19046974182129,-25.251171112060547,169.56704711914062,96.57091344786129,96.2853775024414,118.39821243286131,125.17156867980941,137.99301147460938,20.88303215060986,12.831509423278131,13.594184323654869,15.786492971710597,16.33247381119557,17.49647528021111,0.14241613957905166,13.128572604797261
R3,gsm8k,S4_vctx_lin_l1,3.7323105335235596,6.533965587615967,9.689327144622803,11.82811980247497,16.1465510749817,17.850963983535767,21.673696950912586,27.030752123065717,46.352012634277344,7.846257588243514,46.352012634277344,867.0;836.0;870.0;283.0;261.0;843.0;315.0;357.0;852.0;854.0,0.1767584787931351,5.832261124030664,0.0036604857452114045,0.014355212061584653,0.025377143549796567,0.0997472641964787,42995,1024,0.506897121719549,3.506897121719549,46.352012634277344,0.13788671440039074,4.610292913398618,3.7323105335235596,-36.27168273925781,3.6688247068829676,2.733214626420543,5.907531343825514,46.352012634277344,21.5482495500343,21.825483322143555,26.455862045288086,28.33271980285644,33.96890296936025,6.404768275171697,3.2073331101123426,3.175097001348239,3.4921370770683717,3.6292520589868236,3.9247429989623996,46.352012634277344,20.413267564424206,20.468536376953125,25.291486740112305,27.218917846679688,33.78520965576172,-8.975231170654297,-19.853664690206905,-20.38033103942871,-13.092257499694824,-11.763640403747559,-10.651700019836426,77.2701416015625,40.266932254631115,41.52690505981445,48.57363700866699,51.13401412963867,58.167829513549805,7.837789865265757,5.827049612039451,6.16352434790127,6.7493343648880035,6.889096473134144,7.163070130623404,-0.0041867394279897895,5.9059219290702405
R3,gsm8k,S4_kdraft_lin_l1,2.27767014503479,4.722910046577454,8.62066335678101,11.647417068481445,20.13653039932253,23.40703010559082,30.69754714775091,43.23181915283203,69.2549057006836,12.782127818902813,69.2549057006836,256.0;529.0;211.0;532.0;597.0;917.0;149.0;528.0;913.0;786.0,0.7599907502650859,3.875112122921503,0.025426048763345623,0.10474671218156238,0.17445863067897227,0.46966412291935755,3600,1024,5.374044646952839,8.37404464695284,69.2549057006836,0.20153675715367372,3.5964394547370526,2.27767014503479,-52.53614807128906,5.665735407469835,3.716526689181848,5.418104613088454,69.2549057006836,27.93018545627594,26.636971473693848,33.59418869018555,37.30031127929687,47.088765983581524,7.725398821077489,6.9418757009030685,6.977407190865248,7.2581330119050245,7.343926030191398,7.450688930055515,69.2549057006836,27.93018545627594,26.636971473693848,33.59418869018555,37.30031127929687,47.088765983581524,-15.877452850341797,-22.634798085954454,-21.66372585296631,-19.013115882873535,-18.441470241546636,-17.31329008102418,121.79105377197266,50.564983542230394,48.32379913330078,60.67391242980957,67.29503545761108,84.15280078887935,15.127695214323055,5.3153266978325195,5.032308546112956,6.4748566984503775,7.236059054856253,9.387851186238544,0.48381023014513436,5.414355043205642
R3,gsm8k,S4_vdraft_lin_l1,0.7391524016857147,1.282263308763504,1.8865437507629395,2.3054177880287163,3.2675768804550174,3.7617287111282356,5.329051007747695,8.388036515998444,15.956449508666992,14.020687609942184,15.956449508666992,316.0;368.0;305.0;270.0;694.0;310.0;361.0;700.0;259.0;273.0,0.32257493927361414,1.0891719459177838,0.005356517155010865,0.025134243772852023,0.045705013454022794,0.16555687444539322,3600,1024,1.1144040545609863,4.114404054560986,15.956449508666992,-0.0074311220813946316,0.8852478886473644,0.7391524016857147,-14.311860084533691,4.682555439196817,2.8711697208984233,1.1380646907325818,15.956449508666992,3.921984448697832,3.6499571800231934,4.911059236526489,5.832324600219724,7.941379580497705,4.371060202631272,3.092730534177145,3.0759690884946274,3.3136147430254828,3.408243222236485,3.6501279361046954,15.956449508666992,3.7053854971461826,3.4606956243515015,4.676624870300293,5.37052958011627,7.469926781654353,-2.460665464401245,-3.710470488998625,-3.4553966522216797,-2.9294135332107545,-2.8120301604270934,-2.6459595179557813,30.268309593200684,7.415855986144807,6.914668440818787,9.268901205062866,10.793606996536248,15.238532910346974,3.71983578091263,1.1159006045529762,1.051805953565998,1.3486270355081755,1.5093515691887616,2.026516767326237,0.01843807912935179,1.1380404292980362
R3,gsm8k,S4_kctx_lin_fp_l1,7.149653911590576,13.550708055496216,22.201296997070315,28.454608821868877,40.589730644226115,45.3133544921875,55.412837982177734,73.06856650085389,101.75933837890625,7.645484876422152,101.75933837890625,783.0;23.0;786.0;861.0;782.0;85.0;779.0;798.0;856.0;211.0,0.5523476445565313,11.555476752097974,0.012677675034078264,0.04849938473816836,0.08200452488192768,0.2767248406546957,42995,1024,1.6108336300442136,4.610833630044214,101.75933837890625,0.42508172542339456,9.787898777754563,7.149653911590576,-81.4555435180664,4.163333031656102,3.0496284343256663,13.309729863271462,101.75933837890625,53.90086676837927,52.9622688293457,69.05364227294922,74.1658935546875,82.99146270751953,11.480047247488182,4.186821557788763,3.9409349504297175,4.927596416662905,6.270547099552369,9.058559721143386,101.75933837890625,51.569222528932535,51.19361114501953,67.527783203125,72.72777557373047,82.99146270751953,-22.41309356689453,-47.39138542106088,-47.7726936340332,-35.612205505371094,-31.840898513793945,-25.703628540039062,170.3171615600586,98.96060794999342,99.13794708251953,122.45195007324219,129.07902908325195,142.68589401245117,21.001982850885483,12.978000890682466,13.857994893835047,16.036216085143298,16.58194432142122,17.793502655255516,0.1553363155510566,13.30294007202811
R3,gsm8k,S4_vctx_lin_fp_l1,3.6453402042388916,6.402205944061279,9.51495809555054,11.642168283462524,16.07139698028565,17.759058675765992,21.579824838638324,27.079431715957018,48.270286560058594,8.29218503882525,48.270286560058594,867.0;836.0;870.0;843.0;315.0;854.0;283.0;821.0;261.0;914.0,0.1771292296375122,5.746289024120859,0.0034779000656242906,0.015131836899793272,0.026518519597269922,0.10023639415816302,42995,1024,0.5847971660969749,3.584797166096975,48.270286560058594,0.0869446413637115,4.526817035665642,3.6453402042388916,-37.457271575927734,3.707123230867537,2.7608495223481473,5.821178173671944,48.270286560058594,21.41510189021794,21.70453453063965,26.530988693237305,28.423676681518554,34.34124755859375,6.336173275308056,3.2411416341365626,3.192646228572943,3.549765401449789,3.729143140656767,4.032840467803732,48.270286560058594,20.26034953812414,20.308921813964844,25.42816734313965,27.34096908569336,33.97633743286133,-9.000429153442383,-19.69792124678027,-20.352020263671875,-12.919071197509766,-11.263788223266602,-10.080195426940918,77.1226692199707,39.95827078490441,41.19532775878906,48.78223419189453,51.466443824768064,59.349552154541016,7.911369376447407,5.7293805259173185,6.090133478305823,6.711749838077207,6.856339837736792,7.157514988029397,-0.004924743525647203,5.820528838428065
R3,gsm8k,S4_k_stored_ctx_fp_l1,0.5316554605960846,1.3634941279888153,2.618138670921327,3.3238419055938717,4.58397132396698,5.067897796630859,6.232288852215131,8.20701730842214,13.136374473571777,9.027731968748506,13.136374473571777,990.0;222.0;93.0;456.0;798.0;670.0;477.0;861.0;734.0;258.0,0.6668101653318419,1.140255393005213,0.012309534576659653,0.05198422355880906,0.08386369313497678,0.27322476234378246,42995,1024,2.4928587261249557,5.492858726124956,10.026453971862793,0.021814738958722966,0.9724183908679856,0.5316554605960846,-13.136374473571777,4.283025991898316,3.150250059364449,1.4551134791159337,13.136374473571777,6.571170972821213,6.284777641296387,7.759387016296387,9.077592849731445,11.491015434265137,17.929189339538354,5.583593054336925,5.124742835815764,7.135715638570299,8.243409288525182,12.830832826716676,10.026453971862793,6.152516809487457,6.113400936126709,7.12695960998535,7.5026535987854,8.31953441619873,-3.5207672119140625,-6.062699293444248,-5.726410865783691,-5.025871753692627,-4.826160430908203,-4.495960683822633,19.464757919311523,12.215216102931704,11.867925643920898,14.041185855865479,15.883028984069824,18.30767583847046,1.5860498734694142,1.4528886567183337,1.4765795999541742,1.5297134934413716,1.5419271737344655,1.5592275103347661,0.021054039413571837,1.4549499490597742
R3,gsm8k,S4_k_stored_ctx_l1,0.5385325849056244,1.3524938523769379,2.598441362380982,3.31068525314331,4.574284219741824,5.040313518047336,6.209818876266481,8.279969215488434,13.156834602355957,9.08337619799491,13.156834602355957,990.0;222.0;93.0;456.0;670.0;798.0;477.0;861.0;258.0;322.0,0.663843063618817,1.1396272821462712,0.0124637072159246,0.05173439697818393,0.08401066760352334,0.2698565882102572,42995,1024,2.4904900887465926,5.490490088746593,10.08908748626709,0.020685393123978952,0.970695423968728,0.5385325849056244,-13.156834602355957,4.287210615571467,3.1580502195434135,1.4484520199945294,13.156834602355957,6.539335424787208,6.249271869659424,7.7960734367370605,9.042976379394531,11.513418197631836,18.867355909113392,5.58707909419662,5.132468104724803,6.776876108103584,8.43342153271732,14.195844593922077,10.08908748626709,6.122260230595961,6.0614013671875,7.1847429275512695,7.523631572723389,8.281143188476562,-3.737997055053711,-6.035874524151451,-5.687901020050049,-5.0035810470581055,-4.83069262504578,-4.511658191680908,19.488158226013184,12.158134754747412,11.780637741088867,14.148783206939697,16.120816230773926,18.209558486938477,1.5785710745111374,1.4461864283046675,1.469522997251876,1.5247050757338814,1.5365806008429652,1.5547460647389633,0.02370592562274111,1.4483043080573708
R3,gsm8k,S4_k_stored_draft_l1,0.4556954354047775,1.3239487707614899,2.5669450759887695,3.2479023575782775,4.631641387939453,5.381737232208252,6.524190902709961,7.6863526343343604,8.894271850585938,6.203992278939446,8.894271850585938,256.0;320.0;147.0;211.0;23.0;981.0;213.0;798.0;847.0;990.0,0.7378571363915085,1.0176550709160601,0.01679118422534681,0.07773641675368688,0.13200852801713778,0.3644524549642585,3600,1024,2.962186453899853,5.962186453899853,8.894271850585938,0.0074114827304866925,0.9241741563562824,0.4556954354047775,-8.677167892456055,4.550797487044776,3.230693629821958,1.433636834265433,8.894271850585938,7.065637822018729,7.0881781578063965,7.74224157333374,7.892803764343261,8.17052414894104,7.001012698837976,5.957450614442033,5.955253409859109,6.323824899284597,6.419718847006457,6.587723571648548,8.894271850585938,6.455759212705824,6.200786352157593,7.542295789718628,7.741077041625976,8.035870199203492,-5.240497589111328,-6.732159222099516,-6.7320520877838135,-5.919541645050049,-5.795897722244263,-5.598438038825989,15.435492038726807,13.18791843480534,13.191335439682007,14.107753372192382,14.377648138999938,14.754704203605652,1.5857213837965387,1.4331937062116236,1.420036438283753,1.4884133333288077,1.5099195010376958,1.5446186716353316,-0.1536044210866358,1.4336176765394422
R3,gsm8k,S4_v_stored_ctx_l1,3.7323105335235596,6.533965587615967,9.689327144622803,11.82811980247497,16.1465510749817,17.850963983535767,21.673696950912586,27.030752123065717,46.352012634277344,7.846257588243514,46.352012634277344,867.0;836.0;870.0;283.0;261.0;843.0;315.0;357.0;852.0;854.0,0.1767584787931351,5.832261124030664,0.0036604857452114045,0.014355212061584653,0.025377143549796567,0.0997472641964787,42995,1024,0.506897121719549,3.506897121719549,46.352012634277344,0.13788671440039074,4.610292913398618,3.7323105335235596,-36.27168273925781,3.6688247068829676,2.733214626420543,5.907531343825514,46.352012634277344,21.5482495500343,21.825483322143555,26.455862045288086,28.33271980285644,33.96890296936025,6.404768275171697,3.2073331101123426,3.175097001348239,3.4921370770683717,3.6292520589868236,3.9247429989623996,46.352012634277344,20.413267564424206,20.468536376953125,25.291486740112305,27.218917846679688,33.78520965576172,-8.975231170654297,-19.853664690206905,-20.38033103942871,-13.092257499694824,-11.763640403747559,-10.651700019836426,77.2701416015625,40.266932254631115,41.52690505981445,48.57363700866699,51.13401412963867,58.167829513549805,7.837789865265757,5.827049612039451,6.16352434790127,6.7493343648880035,6.889096473134144,7.163070130623404,-0.0041867394279897895,5.9059219290702405
R3,gsm8k,S4_v_stored_draft_l1,0.7391524016857147,1.282263308763504,1.8865437507629395,2.3054177880287163,3.2675768804550174,3.7617287111282356,5.329051007747695,8.388036515998444,15.956449508666992,14.020687609942184,15.956449508666992,316.0;368.0;305.0;270.0;694.0;310.0;361.0;700.0;259.0;273.0,0.32257493927361414,1.0891719459177838,0.005356517155010865,0.025134243772852023,0.045705013454022794,0.16555687444539322,3600,1024,1.1144040545609863,4.114404054560986,15.956449508666992,-0.0074311220813946316,0.8852478886473644,0.7391524016857147,-14.311860084533691,4.682555439196817,2.8711697208984233,1.1380646907325818,15.956449508666992,3.921984448697832,3.6499571800231934,4.911059236526489,5.832324600219724,7.941379580497705,4.371060202631272,3.092730534177145,3.0759690884946274,3.3136147430254828,3.408243222236485,3.6501279361046954,15.956449508666992,3.7053854971461826,3.4606956243515015,4.676624870300293,5.37052958011627,7.469926781654353,-2.460665464401245,-3.710470488998625,-3.4553966522216797,-2.9294135332107545,-2.8120301604270934,-2.6459595179557813,30.268309593200684,7.415855986144807,6.914668440818787,9.268901205062866,10.793606996536248,15.238532910346974,3.71983578091263,1.1159006045529762,1.051805953565998,1.3486270355081755,1.5093515691887616,2.026516767326237,0.01843807912935179,1.1380404292980362
R3,gsm8k,S4_kctx_lin_l2,6.293848752975464,11.794362545013428,18.349332618713383,22.903369903564453,32.694584197998054,36.48576000213623,44.23652614212125,55.62095626868598,79.78086853027344,7.194143931646883,79.78086853027344,1003.0;1020.0;89.0;943.0;414.0;86.0;787.0;1008.0;30.0;314.0,0.43167158639008996,10.199815505136103,0.00680071374011113,0.02966285905134441,0.05318058948570204,0.1942853655536244,42995,1024,1.1915083181079043,4.191508318107904,79.78086853027344,-0.04841684712839591,8.318296071202035,6.293848752975464,-78.42012023925781,3.988975577292948,2.948194834661317,11.08969590937973,79.78086853027344,42.94981842759682,43.928062438964844,54.663658142089844,57.937255477905275,65.83130218505833,6.540149603023494,3.74787239971824,3.674030906950507,4.253642643899584,4.5326879581328905,5.186178021900766,79.78086853027344,41.07753506574066,41.97244644165039,52.89864730834961,56.176235580444335,64.33272552490234,-18.774860382080078,-39.66897269895651,-40.2476806640625,-26.81507682800293,-24.27084732055664,-20.149261474609375,142.92520904541016,80.74650776469717,83.38845443725586,101.02184677124023,106.8181266784668,119.46345138549805,15.545829984811446,10.878461968298012,11.631430612632954,12.960512974168086,13.296871076964354,13.884510367192872,0.04271872656431884,11.089590216569215
R3,gsm8k,S4_vctx_lin_l2,4.939483165740967,8.780887126922607,13.133173942565918,16.131479167938227,22.361680564880395,24.797260704040536,30.039561351776445,37.17389575576022,55.121315002441406,6.890359938088047,55.121315002441406,404.0;450.0;465.0;408.0;476.0;467.0;901.0;503.0;407.0;459.0,0.16302765225093974,7.9152605405343,0.002303939964013692,0.010691362863042498,0.02062760706600653,0.08832554228737378,42995,1024,0.6742206614570754,3.6742206614570754,55.121315002441406,-0.021308274118435458,6.1842275888739655,4.939483165740967,-53.56871795654297,3.7550517451706447,2.795289406752171,7.999772943318342,55.121315002441406,28.74314021012827,29.87904930114746,36.920780181884766,39.60440330505371,45.233665466308594,5.674426753094135,3.209920533006474,3.1665938643202285,3.5044754654354104,3.6623151526004483,4.139513743845163,55.121315002441406,26.86568651959042,28.03296661376953,34.655677795410156,36.874412536621094,41.540584564208984,-11.124117851257324,-27.022935683872273,-27.829740524291992,-16.152847290039062,-13.97669792175293,-12.243042945861816,97.17904663085938,53.88862220346269,56.7507438659668,68.11027145385742,71.95993041992188,78.65050888061523,10.803385120174527,7.8211055372197915,8.514476297542526,9.38148643056631,9.59206528138638,10.027360527099239,0.006919136890392067,7.999744564803448
R3,gsm8k,S4_kdraft_lin_l2,4.850315809249878,8.85782790184021,13.721904563903813,17.274796962738037,24.305634021759055,26.93358331680298,33.16042391967994,44.23214155385938,84.71068572998047,10.256223228654695,84.71068572998047,384.0;595.0;513.0;414.0;606.0;65.0;86.0;787.0;259.0;23.0,0.5719257136355771,7.094748661462188,0.014389035700749344,0.05260901191908725,0.0896624663773887,0.2904547751830612,3600,1024,1.109448364018708,4.109448364018708,51.03901290893555,-0.18649724215366556,6.252729168133265,4.850315809249878,-84.71068572998047,4.014850159059581,2.942769334151659,8.259442471309386,84.71068572998047,34.18404508060879,33.36518669128418,40.94591255187988,44.704456901550294,53.23211631774901,5.622014703435719,3.906582271610306,3.8930308149081125,4.249153262991493,4.352145128836397,4.550862967777167,51.03901290893555,29.914393105506896,29.56183910369873,35.20201416015625,37.28405361175537,40.58306674957274,-18.87175178527832,-33.36483853869968,-32.48878860473633,-26.646884727478028,-25.239925765991213,-22.705888271331787,126.9826889038086,63.279231644206575,62.563782691955566,73.52231483459472,77.94570846557616,90.18034000396723,13.624376798457185,8.210508404088003,8.170026635505247,9.331709561938402,9.720486417894701,10.789841535671995,0.021024324722122286,8.25733665993693
R3,gsm8k,S4_vdraft_lin_l2,2.5915104150772095,4.503756880760193,6.673172473907471,8.158610916137693,11.360186052322392,12.775619506835938,16.00192414474558,20.31076228599147,29.261608123779297,7.265289183839071,29.261608123779297,552.0;418.0;487.0;429.0;435.0;506.0;550.0;593.0;481.0;394.0,0.26535367882194616,3.914583297889074,0.004115803949871348,0.01968266937618093,0.03435978772231173,0.12833773077249241,3600,1024,0.6756715665600046,3.6756715665600046,28.846397399902344,-0.04537893832301001,3.13644838776112,2.5915104150772095,-29.261608123779297,3.973076459695883,2.820591284771724,4.027590283518087,29.261608123779297,15.098052570819855,14.722278118133545,19.302014350891113,20.63555946350097,24.058502426147452,4.57521910681791,3.302489276057916,3.276714024824047,3.6313378065460102,3.74593788554278,4.021819921898278,28.846397399902344,14.050942935546239,13.597924709320068,17.94263439178467,19.482034587860106,23.308478965759274,-7.582863807678223,-14.187952241367764,-13.79676103591919,-10.713423347473144,-10.036919784545898,-8.946026439666749,56.06706619262695,28.238895176914003,27.681820392608643,35.25404739379883,37.81533451080321,43.60306774139401,6.736092797240301,3.982078512109136,3.921708051925658,4.76724492260217,5.05365670315342,5.6705485598442475,-0.008810838248451346,4.027334632712557
R3,gsm8k,S4_kctx_lin_fp_l2,6.285311698913574,11.89677906036377,18.643442153930664,23.37557601928711,33.365928115844746,37.430331630706796,45.31458061218287,57.47597135238436,81.89928436279297,7.279613387434906,81.89928436279297,414.0;1003.0;787.0;943.0;1008.0;1020.0;30.0;86.0;89.0;1000.0,0.44168615856525584,10.299912177670691,0.007753101797204731,0.031157421407679086,0.05544271374763148,0.19953277433767136,42995,1024,1.2745245567983385,4.2745245567983385,81.89928436279297,-0.05550184731320411,8.392080385339586,6.285311698913574,-77.50582885742188,4.027784006136036,2.9657286859839775,11.250499168562516,81.89928436279297,43.78853373975029,44.888221740722656,55.74049758911133,59.031068038940326,67.85894012451172,6.986993512261282,3.8073875079403514,3.7259466632744314,4.325802864092627,4.58642552909183,5.313558021991475,81.89928436279297,42.043176416059275,43.18149948120117,54.19362258911133,57.604000091552734,66.60482788085938,-18.46915054321289,-40.08315813623759,-40.68592834472656,-27.012802124023438,-24.141395568847656,-21.0451717376709,145.99932861328125,82.12633455229687,84.85880661010742,102.89107894897461,109.46709442138672,122.44963455200195,15.958783823625525,11.01483168947304,11.835696559096112,13.229224585602115,13.525373990494318,14.167954729158433,0.05225660207797409,11.250362264690445
R3,gsm8k,S4_vctx_lin_fp_l2,4.844097375869751,8.665266990661621,13.092507743835453,16.095138645172117,22.39767879486085,24.91596104621887,30.350298557281523,37.574651046370796,58.45940017700195,7.357219780596867,58.45940017700195,404.0;467.0;465.0;466.0;503.0;450.0;476.0;407.0;408.0;331.0,0.1645272266133232,7.860940508955537,0.002210396449896213,0.010522686126616389,0.020086104594089927,0.08761493312466809,42995,1024,0.7533850759216731,3.753385075921673,58.45940017700195,-0.010078943787008365,6.118059784651999,4.844097375869751,-56.592010498046875,3.819639206296482,2.818787824884865,7.945854809336597,58.45940017700195,28.656443520892093,29.96831703186035,37.36972427368164,39.90471649169922,45.19588088989258,5.891396785985016,3.2326383579148574,3.180467070340831,3.559653033390087,3.739492375515815,4.248242888340776,58.45940017700195,26.75961390638479,28.119380950927734,34.99294662475586,37.395225524902344,42.220624389648414,-9.948992729187012,-26.881004609317472,-27.806615829467773,-15.327895164489746,-13.569689178466797,-11.489953994750977,98.35650634765625,53.64061851570226,56.88359069824219,68.8742904663086,72.90624618530266,79.90911865234375,10.967784091777997,7.743576866367943,8.490800059944783,9.389765252850976,9.628037390629174,10.09886301311982,0.0057543215772351865,7.94584841700052
R3,gsm8k,S4_k_stored_ctx_fp_l2,0.9747662842273712,1.8685566186904907,2.916151595115662,3.6387226223945617,5.146078171730042,5.706353571414948,6.9748757715227185,8.543072700595856,11.427518844604492,6.539600817832325,11.427518844604492,759.0;748.0;696.0;314.0;943.0;368.0;303.0;1003.0;683.0;690.0,0.4664175320865448,1.5779631451747846,0.006877669541513357,0.027115046792844696,0.04976637564548953,0.19116989040321106,42995,1024,1.1401519414538646,4.140151941453865,11.427518844604492,-0.04024661288735957,1.3022504425456605,0.9747662842273712,-10.320513725280762,3.991496659947753,2.9449347210102634,1.7474336986202104,11.427518844604492,7.2973645506715865,7.189883708953857,8.451736450195312,8.770391082763657,9.437618255615234,5.702361258014342,4.1115517143233635,4.076450991743804,4.58840025331103,4.719103083277388,5.11005743210256,11.427518844604492,6.913226879839426,6.765203475952148,8.19936294555664,8.679486274719238,9.377493858337402,-4.738621711730957,-6.707460630487628,-6.645665168762207,-5.768650054931641,-5.5830841064453125,-5.24939525604248,19.73433208465576,13.620687510327054,13.565027713775635,15.258275508880615,15.694439888000488,16.569101333618164,1.858788276715942,1.7469869744234152,1.7336490523771337,1.8077250000978249,1.8318156832651433,1.849398966290459,-0.006502996512325885,1.7469701603704064
R3,gsm8k,S4_k_stored_ctx_l2,0.9814958870410919,1.8718830049037933,2.91242196559906,3.6212103843688936,5.132412023544314,5.711711225509647,6.898545266628266,8.397139772319674,11.02314567565918,6.309041779385642,11.02314567565918,759.0;368.0;314.0;696.0;748.0;943.0;750.0;303.0;379.0;1003.0,0.46056460848416236,1.5828809648522106,0.006371061088505295,0.026447408131451997,0.04871021099771611,0.1877232318705158,42995,1024,1.1014820083286265,4.1014820083286265,11.02314567565918,-0.04188668265295165,1.3058896833255242,0.9814958870410919,-10.757400512695312,3.94834755747144,2.937510111751828,1.7471980787441521,11.02314567565918,7.240921800914844,7.155800819396973,8.291143417358398,8.751296043395996,9.471498489379883,5.516099100151679,4.076534854056256,4.041383188351239,4.51009731750809,4.650578401247321,4.997840558652945,11.02314567565918,6.816960707086785,6.736562728881836,7.927041530609131,8.334758758544922,9.168015480041493,-4.657776355743408,-6.727183078735259,-6.6305131912231445,-5.7886128425598145,-5.585544109344482,-5.295555124282843,19.44087028503418,13.544143785822044,13.464195251464844,15.10159158706665,15.524173259735107,16.45756244659424,1.8577162727396674,1.7467912438699118,1.7344189813448594,1.801513039868427,1.8281853102502401,1.8457873597797312,-0.01376423706421618,1.7466959186371243
R3,gsm8k,S4_k_stored_draft_l2,0.9890966415405273,1.7652458548545837,2.6523578166961674,3.236848449707031,4.38707084655762,4.841895263195039,5.852154934883127,6.986928659629207,9.131707191467285,5.733973005345926,9.131707191467285,606.0;767.0;696.0;748.0;222.0;168.0;989.0;759.0;310.0;1021.0,0.5148722845968556,1.4141550397896212,0.011601910079090892,0.04435259858674397,0.07059820231791814,0.23677795218898803,3600,1024,0.5375024629074332,3.537502462907433,8.180139541625977,-0.06864183413569755,1.2325488488615612,0.9890966415405273,-9.131707191467285,3.6746796317644512,2.754725406680448,1.5925619431681257,9.131707191467285,6.166747557852004,6.1112213134765625,6.912684679031371,7.1945099353790285,7.807201266288756,4.278177039056078,3.5343360601991307,3.525653079177065,3.7686795174362366,3.84539112173832,3.9882267904386053,8.180139541625977,5.4581341167291,5.397375583648682,6.199052810668945,6.480316400527954,7.095975346565242,-4.363459587097168,-6.0414165283573995,-5.990367889404297,-5.292440557479859,-5.115432858467102,-4.83346603870392,15.541451930999756,11.4995506450865,11.416411638259888,12.595698690414428,12.979980349540709,13.73595360279083,1.6596757177788428,1.592423982206031,1.5921233110868958,1.6197391186256678,1.6266348770097971,1.6398858118412274,-0.012308853294490333,1.591081971940454
R3,gsm8k,S4_v_stored_ctx_l2,4.939483165740967,8.780887126922607,13.133173942565918,16.131479167938227,22.361680564880395,24.797260704040536,30.039561351776445,37.17389575576022,55.121315002441406,6.890359938088047,55.121315002441406,404.0;450.0;465.0;408.0;476.0;467.0;901.0;503.0;407.0;459.0,0.16302765225093974,7.9152605405343,0.002303939964013692,0.010691362863042498,0.02062760706600653,0.08832554228737378,42995,1024,0.6742206614570754,3.6742206614570754,55.121315002441406,-0.021308274118435458,6.1842275888739655,4.939483165740967,-53.56871795654297,3.7550517451706447,2.795289406752171,7.999772943318342,55.121315002441406,28.74314021012827,29.87904930114746,36.920780181884766,39.60440330505371,45.233665466308594,5.674426753094135,3.209920533006474,3.1665938643202285,3.5044754654354104,3.6623151526004483,4.139513743845163,55.121315002441406,26.86568651959042,28.03296661376953,34.655677795410156,36.874412536621094,41.540584564208984,-11.124117851257324,-27.022935683872273,-27.829740524291992,-16.152847290039062,-13.97669792175293,-12.243042945861816,97.17904663085938,53.88862220346269,56.7507438659668,68.11027145385742,71.95993041992188,78.65050888061523,10.803385120174527,7.8211055372197915,8.514476297542526,9.38148643056631,9.59206528138638,10.027360527099239,0.006919136890392067,7.999744564803448
R3,gsm8k,S4_v_stored_draft_l2,2.5915104150772095,4.503756880760193,6.673172473907471,8.158610916137693,11.360186052322392,12.775619506835938,16.00192414474558,20.31076228599147,29.261608123779297,7.265289183839071,29.261608123779297,552.0;418.0;487.0;429.0;435.0;506.0;550.0;593.0;481.0;394.0,0.26535367882194616,3.914583297889074,0.004115803949871348,0.01968266937618093,0.03435978772231173,0.12833773077249241,3600,1024,0.6756715665600046,3.6756715665600046,28.846397399902344,-0.04537893832301001,3.13644838776112,2.5915104150772095,-29.261608123779297,3.973076459695883,2.820591284771724,4.027590283518087,29.261608123779297,15.098052570819855,14.722278118133545,19.302014350891113,20.63555946350097,24.058502426147452,4.57521910681791,3.302489276057916,3.276714024824047,3.6313378065460102,3.74593788554278,4.021819921898278,28.846397399902344,14.050942935546239,13.597924709320068,17.94263439178467,19.482034587860106,23.308478965759274,-7.582863807678223,-14.187952241367764,-13.79676103591919,-10.713423347473144,-10.036919784545898,-8.946026439666749,56.06706619262695,28.238895176914003,27.681820392608643,35.25404739379883,37.81533451080321,43.60306774139401,6.736092797240301,3.982078512109136,3.921708051925658,4.76724492260217,5.05365670315342,5.6705485598442475,-0.008810838248451346,4.027334632712557
R3,gsm8k,S4_kctx_lin_l3,6.276573181152344,12.142601013183594,19.62785682678225,24.91963949203491,36.27137756347656,40.8928267288208,51.857414882661395,67.55265045166016,98.76129913330078,8.33689050608619,98.76129913330078,949.0;699.0;555.0;1016.0;698.0;946.0;561.0;1021.0;1019.0;752.0,0.4895665978357596,10.623929792466416,0.00749758593571706,0.03244516977191885,0.059210757379926815,0.21446449752023958,42995,1024,1.8579508081895586,4.857950808189559,97.67276000976562,0.1345091730805971,8.657118017178949,6.276573181152344,-98.76129913330078,4.3775202796988895,3.0618319716863063,11.846299176077933,98.76129913330078,49.529393014554046,48.294517517089844,64.62466125488281,68.97842407226562,79.45320938110352,7.34818009771476,4.360165736952588,4.2359200936807815,5.245063905019327,5.510969723085368,6.615468214197036,97.67276000976562,45.80460796393909,44.449466705322266,60.29376220703125,66.32218933105469,77.1510009765625,-25.856822967529297,-46.80128792178175,-45.90625762939453,-35.071073913574224,-30.442155838012695,-27.27976417541504,169.23277282714844,92.60589588572084,90.82380676269531,119.84015808105468,127.29642333984376,145.44527435302734,18.160696085075067,11.663212438326063,11.917837683939705,13.934403050832863,14.690721654830082,15.971580292323605,0.05637894327398664,11.845535507164794
R3,gsm8k,S4_vctx_lin_l3,5.422282695770264,9.693091869354248,14.81990833282471,18.599827194213866,27.581904029846193,31.505579538345348,40.49147840881368,52.57805701293705,85.74647521972656,9.366119209206213,85.74647521972656,602.0;639.0;607.0;635.0;537.0;582.0;586.0;589.0;637.0;680.0,0.24000826179192558,8.95182288230426,0.0022885740271881123,0.011123996731872365,0.02173933877839431,0.10127804938375967,42995,1024,1.5499205789740103,4.54992057897401,85.74647521972656,0.055814676955987436,6.926288470232432,5.422282695770264,-77.67499542236328,4.422899165967114,3.0127815807989373,9.154963043332186,85.74647521972656,36.151729738586155,35.53842544555664,50.41323471069336,54.873104095458984,65.02030181884766,6.926877943533035,3.6605568224886764,3.5224159615052586,4.428247631687363,4.734972267999303,5.617656002383373,85.74647521972656,33.41537413767347,32.527069091796875,46.80463409423828,51.06105422973633,59.180946350097656,-12.638626098632812,-33.873437883399475,-33.084205627441406,-20.776273727416992,-17.62366485595703,-14.606622695922852,142.24236679077148,67.28881202107294,66.51033782958984,93.1678352355957,100.46775741577144,113.24465789794914,14.533038137082986,8.935675035274242,9.150909389653563,11.29655621462796,11.815734213754903,13.176850239451834,-0.011589172946804676,9.154792900258007
R3,gsm8k,S4_kdraft_lin_l3,5.791770935058594,10.376546382904053,15.846346473693849,19.88676376342773,29.425750732421875,33.646909675598195,45.077428131103574,60.44020380666033,80.34613037109375,8.193348843119034,80.34613037109375,832.0;458.0;834.0;418.0;395.0;478.0;392.0;384.0;448.0;455.0,0.5634394609495172,8.455136780957098,0.021762132685466472,0.06702757173808219,0.10581932053703054,0.3039655930196055,3600,1024,1.7664490847294863,4.766449084729486,80.34613037109375,-0.13657486568180705,7.406490576127712,5.791770935058594,-77.22733306884766,4.5968000191535685,3.000710047986793,9.806262605133712,80.34613037109375,47.02808004432254,45.16848182678223,61.75323143005371,65.65242919921874,71.87919311523436,8.037049539423673,4.429710375570962,4.282190488056576,5.417794671553891,5.785347420607036,6.577675902370799,80.34613037109375,45.66371153937446,44.9335823059082,61.7453670501709,65.61556587219238,71.87919311523436,-26.139915466308594,-38.03977890862359,-37.20858955383301,-32.00888214111328,-30.71361322402954,-28.505451583862307,152.54623413085938,83.70349044799805,81.2268009185791,104.63437004089356,111.79912586212157,124.10101558685287,15.388526269051418,9.764586504422146,9.661877345488353,10.951234807192495,11.403784259372872,12.344206040616301,0.1366001480393511,9.805311498718835
R3,gsm8k,S4_vdraft_lin_l3,4.633268594741821,8.06587529182434,12.008744430541993,14.864759731292724,21.6901237487793,25.030311584472656,33.631866455078125,46.589643539421544,99.03741455078125,13.363278025910567,99.03741455078125,408.0;411.0;431.0;414.0;495.0;438.0;388.0;493.0;511.0;402.0,0.33416135332016994,7.080256628783271,0.007115905976696552,0.024922111602958357,0.043442671527866086,0.15346412296250492,3600,1024,1.3676607527289928,4.367660752728993,99.03741455078125,-0.018345254081698133,5.698724328673178,4.633268594741821,-82.1766128540039,4.538001966307983,2.9266833689678227,7.411161719359116,99.03741455078125,31.6585249765714,30.28035259246826,41.71578826904297,46.262418174743644,57.09969894409175,10.771049081805726,3.803329746877514,3.6630398710729475,4.541174145065024,4.93460587852351,6.090721028201526,99.03741455078125,30.442128552330864,29.0139799118042,40.76208839416503,45.36926708221434,55.87949520111074,-15.136368751525879,-27.603835447894202,-26.512622833251953,-20.26453971862793,-19.110013675689697,-17.162793312072758,177.0346221923828,58.04596400022507,56.03545951843262,74.60071964263916,82.40700511932373,100.55312923431363,14.115670227440058,7.347370319453714,7.284150064570803,8.578002769842413,8.99580080444786,10.035553976357402,0.07927310336240757,7.4111390138187705
R3,gsm8k,S4_kctx_lin_fp_l3,6.237180233001709,12.08994174003601,19.686853599548343,25.08914031982421,36.63070289611817,41.53330593109132,52.61284427643048,69.80662850569287,99.5043716430664,8.368880176016459,99.5043716430664,949.0;555.0;699.0;946.0;698.0;1019.0;1016.0;561.0;1021.0;628.0,0.4909868642271408,10.649969575788539,0.007210870775030244,0.032829553355482766,0.059715377194633774,0.21326918816378596,42995,1024,1.9760235160832487,4.976023516083249,97.62588500976562,0.14122559456010278,8.647737018610394,6.237180233001709,-99.5043716430664,4.425037636017688,3.0808491952547636,11.889807184505532,99.5043716430664,49.77492096092773,48.38636016845703,65.92740631103516,71.19966125488281,80.82797241210938,7.814767801641654,4.421799483945876,4.291880975421382,5.385594107051801,5.745395420820499,6.7765285888006375,97.62588500976562,46.287143730166235,44.858306884765625,61.413063049316406,67.24867248535156,78.30622100830078,-25.360807418823242,-46.911675869546556,-45.70378112792969,-35.159812927246094,-29.83762550354004,-26.789108276367188,171.15618896484375,93.19881959971279,91.13718032836914,121.68625259399414,130.75469970703125,147.83672332763672,18.507132477735464,11.68590961940299,11.956123830461328,14.061148222130322,14.926003578785716,16.207401042978493,0.06415139300608824,11.888968425231875
R3,gsm8k,S4_vctx_lin_fp_l3,5.27401876449585,9.498969793319702,14.702871608734132,18.529857826232906,27.716227149963384,31.808017597198507,40.883724285125915,54.61304944838614,83.56049346923828,9.213072494578018,83.56049346923828,602.0;639.0;607.0;637.0;635.0;589.0;617.0;582.0;537.0;576.0,0.25049316322469195,8.850338614195426,0.0024302887879868278,0.011597522203361259,0.022291109793296997,0.10363829664961129,42995,1024,1.7798006974928846,4.779800697492885,83.56049346923828,0.036939379148044245,6.804730003347405,5.27401876449585,-80.1292953491211,4.507688981347019,3.0558892056185445,9.069774878946674,83.56049346923828,36.04644775756612,35.48964309692383,50.91748809814453,56.00575637817383,65.21827697753906,6.86928935481456,3.7453804492135627,3.5946542803024677,4.544886148630403,4.910972573782666,5.704186073994589,83.56049346923828,33.12353360078157,32.469913482666016,46.278228759765625,51.144491195678455,60.00831604003906,-11.979096412658691,-34.12952635534725,-33.61854553222656,-19.646133422851562,-16.015901565551758,-13.133376121520996,142.3442840576172,67.25305995612882,66.69639587402344,94.35470581054688,101.14583091735825,114.89321388244562,14.773726461422434,8.816119127317338,9.059481934434093,11.325507121230931,11.830857367474932,13.349239299347717,-0.027614657216622162,9.069699655282985
R3,gsm8k,S4_k_stored_ctx_fp_l3,0.8988045454025269,1.8080637454986572,2.9867892503738402,3.7826427340507487,5.339656434059151,5.941713769435883,7.109280152320932,8.371829298399717,10.350452423095703,5.875440882834567,10.350452423095703,440.0;877.0;243.0;555.0;698.0;949.0;873.0;231.0;619.0;574.0,0.5305912972060658,1.5416186183786218,0.010035623591104732,0.03609854411195556,0.06348260316861455,0.22467850571559528,42995,1024,1.5384795831517,4.5384795831517,9.845526695251465,0.008809899181448673,1.2770275318633821,0.8988045454025269,-10.350452423095703,4.035587387587621,3.031059361517118,1.7616469350130195,10.350452423095703,7.378651713160446,7.312010288238525,8.47338638305664,8.714108848571758,9.858331680297852,6.329219226201645,4.491718200424036,4.329389685296232,5.392271215106305,5.5613070435318885,5.895548105343175,9.845526695251465,6.74557879896327,6.7010602951049805,7.782196521759033,8.122717666625975,8.637615203857422,-4.731337070465088,-7.113633630597074,-7.021632194519043,-5.946627140045166,-5.720605850219727,-5.357726430892949,17.971927642822266,13.859212429560344,13.68155288696289,15.66278228759765,16.478528499603215,17.234010696411133,1.8554676991237837,1.761286141502948,1.7562810947075533,1.8225404050556318,1.8317332925273504,1.8455266404850883,-0.019653641404488196,1.7616249059652793
R3,gsm8k,S4_k_stored_ctx_l3,0.903160572052002,1.8119756877422333,2.9827418327331565,3.7783405780792236,5.323280897140504,5.903967645168307,7.108581995964321,8.344831661509344,10.351555824279785,5.883798530019217,10.351555824279785,877.0;440.0;698.0;574.0;949.0;552.0;555.0;243.0;231.0;171.0,0.5296172471139537,1.5411355651557233,0.009889640219136108,0.03635625266051967,0.06474783295225602,0.22434485257891632,42995,1024,1.5031243903917204,4.50312439039172,9.949183464050293,0.01192629202574461,1.2784413456897301,0.903160572052002,-10.351555824279785,4.040500288881548,3.0257395940434737,1.759332134073934,10.351555824279785,7.3791944272214,7.300106048583984,8.460173606872559,8.793394088745117,9.601643562316895,6.058184008422302,4.459319509676217,4.319127912814468,5.296901818520628,5.488151345182369,5.713141962188576,9.949183464050293,6.724515697198879,6.676000118255615,7.733963966369629,8.029942512512207,8.640837669372559,-4.716188907623291,-7.111448730442576,-7.024756908416748,-5.948365688323975,-5.727663993835449,-5.351099548339844,18.00059700012207,13.835964427641455,13.720744132995605,15.551660537719727,16.350261211395264,16.74303388595581,1.8487224185906628,1.758971410783648,1.754085132730244,1.817833624732103,1.8291968074623284,1.8426595148125617,-0.024921491541149393,1.759291710190115
R3,gsm8k,S4_k_stored_draft_l3,0.9842924773693085,1.7651264369487762,2.6734495639801037,3.314814162254333,4.644276623725892,5.145533087253572,6.048788579464051,6.92355489730835,8.379617691040039,5.165966307240676,8.379617691040039,1016.0;768.0;372.0;832.0;939.0;900.0;698.0;964.0;246.0;561.0,0.5181118887608711,1.4363265738278612,0.010562852000301047,0.043177653278568075,0.07873292730546234,0.2553543638583636,3600,1024,0.7546008963106603,3.7546008963106603,8.379617691040039,-0.03094072654901897,1.2440234728066477,0.9842924773693085,-8.23271656036377,3.7290290742673657,2.863158850949397,1.622081367293293,8.379617691040039,6.332257061004639,6.287168264389038,6.990142488479615,7.241432881355285,7.702426557540888,4.746897248783638,3.7476571674776875,3.734357329277786,4.051786684642122,4.144293822014383,4.32590045496596,8.379617691040039,5.880639791223738,5.815461874008179,6.735711002349853,6.979825735092161,7.568204026222227,-4.640071868896484,-6.092837312883801,-6.071730613708496,-5.453490114212036,-5.307489943504334,-5.012619276046753,15.195561408996582,11.97347710410754,11.924264907836914,13.018615341186523,13.386706519126891,14.097511439323418,1.7070633889086662,1.621919438970581,1.6229224106476834,1.6506519077143902,1.6575893324465723,1.672924589033151,-0.030487790148840403,1.6217862478023106
R3,gsm8k,S4_v_stored_ctx_l3,5.422282695770264,9.693091869354248,14.81990833282471,18.599827194213866,27.581904029846193,31.505579538345348,40.49147840881368,52.57805701293705,85.74647521972656,9.366119209206213,85.74647521972656,602.0;639.0;607.0;635.0;537.0;582.0;586.0;589.0;637.0;680.0,0.24000826179192558,8.95182288230426,0.0022885740271881123,0.011123996731872365,0.02173933877839431,0.10127804938375967,42995,1024,1.5499205789740103,4.54992057897401,85.74647521972656,0.055814676955987436,6.926288470232432,5.422282695770264,-77.67499542236328,4.422899165967114,3.0127815807989373,9.154963043332186,85.74647521972656,36.151729738586155,35.53842544555664,50.41323471069336,54.873104095458984,65.02030181884766,6.926877943533035,3.6605568224886764,3.5224159615052586,4.428247631687363,4.734972267999303,5.617656002383373,85.74647521972656,33.41537413767347,32.527069091796875,46.80463409423828,51.06105422973633,59.180946350097656,-12.638626098632812,-33.873437883399475,-33.084205627441406,-20.776273727416992,-17.62366485595703,-14.606622695922852,142.24236679077148,67.28881202107294,66.51033782958984,93.1678352355957,100.46775741577144,113.24465789794914,14.533038137082986,8.935675035274242,9.150909389653563,11.29655621462796,11.815734213754903,13.176850239451834,-0.011589172946804676,9.154792900258007
R3,gsm8k,S4_v_stored_draft_l3,4.633268594741821,8.06587529182434,12.008744430541993,14.864759731292724,21.6901237487793,25.030311584472656,33.631866455078125,46.589643539421544,99.03741455078125,13.363278025910567,99.03741455078125,408.0;411.0;431.0;414.0;495.0;438.0;388.0;493.0;511.0;402.0,0.33416135332016994,7.080256628783271,0.007115905976696552,0.024922111602958357,0.043442671527866086,0.15346412296250492,3600,1024,1.3676607527289928,4.367660752728993,99.03741455078125,-0.018345254081698133,5.698724328673178,4.633268594741821,-82.1766128540039,4.538001966307983,2.9266833689678227,7.411161719359116,99.03741455078125,31.6585249765714,30.28035259246826,41.71578826904297,46.262418174743644,57.09969894409175,10.771049081805726,3.803329746877514,3.6630398710729475,4.541174145065024,4.93460587852351,6.090721028201526,99.03741455078125,30.442128552330864,29.0139799118042,40.76208839416503,45.36926708221434,55.87949520111074,-15.136368751525879,-27.603835447894202,-26.512622833251953,-20.26453971862793,-19.110013675689697,-17.162793312072758,177.0346221923828,58.04596400022507,56.03545951843262,74.60071964263916,82.40700511932373,100.55312923431363,14.115670227440058,7.347370319453714,7.284150064570803,8.578002769842413,8.99580080444786,10.035553976357402,0.07927310336240757,7.4111390138187705
R3,gsm8k,S4_kctx_lin_l4,6.57091498374939,12.323498010635376,19.018824577331564,23.612681674957273,33.20171653747561,37.219913482666016,46.94356818008436,59.54306243705024,92.90880584716797,8.089003356131418,92.90880584716797,38.0;62.0;108.0;114.0;250.0;125.0;757.0;127.0;120.0;53.0,0.42851797483486664,10.583476908629205,0.008551261397292537,0.03675206819929815,0.06028782617276854,0.18984056344664105,42995,1024,1.1850709721063453,4.185070972106345,92.90880584716797,0.03731011498068517,8.645775036828669,6.57091498374939,-87.81210327148438,4.087090315014109,2.890671062361423,11.485816207103392,92.90880584716797,47.12613188078936,46.58386993408203,59.543487548828125,62.653454971313344,72.41004943847656,6.810227637462258,4.047284710854254,3.7434859578152735,5.550328757839259,5.873903595976721,6.439290745200721,92.90880584716797,44.92707163237017,44.36601257324219,58.34181594848633,61.084896087646484,72.37193298339844,-25.409597396850586,-43.09907976233248,-42.05482482910156,-32.252685546875,-29.762685775756836,-27.44861602783203,165.53408813476562,88.02615139470265,86.71992492675781,111.52618408203125,118.07917404174805,131.13487243652344,16.96130896662348,11.352849410108261,11.627646553311006,13.28078329451187,13.794227350218623,14.611473553954303,0.022577589350479113,11.485755608521325
R3,gsm8k,S4_vctx_lin_l4,5.2731523513793945,9.325196027755737,13.968819427490239,17.2152925491333,24.79274229049683,28.115605792999332,36.201849952698254,47.448856353759766,78.8880386352539,9.210091936877767,78.8880386352539,48.0;101.0;16.0;4.0;9.0;100.0;114.0;78.0;25.0;72.0,0.19867934507470564,8.428330965198736,0.0028687604491388625,0.012725995181353809,0.023863134167655207,0.10305095962082664,42995,1024,1.1087916944212344,4.108791694421234,71.18887329101562,-0.0940710030836375,6.583016577323394,5.2731523513793945,-78.8880386352539,4.226526253124557,2.894525454214423,8.565391005423237,78.8880386352539,34.23254517145885,33.578983306884766,45.77175827026367,49.717384338378906,59.00104904174805,7.821549359506647,3.6273251148761347,3.4412137044737388,4.63435932710074,4.8513048052738545,5.400812247045531,71.18887329101562,31.538733675690885,31.15072250366211,41.93098831176758,45.98271942138672,54.52378845214844,-13.26732063293457,-32.25102712500579,-31.509857177734375,-21.379182815551758,-18.181474685668945,-14.780465126037598,139.82810974121094,63.789760800696676,62.86128234863281,83.72956619262695,90.61807632446289,103.44638442993164,12.459753862921607,8.428762127881654,8.805301723304673,9.994769688621144,10.305258636813104,11.153227183454804,-0.008483894599426771,8.56487441368314
R3,gsm8k,S4_kdraft_lin_l4,4.539283752441406,7.945119857788086,11.838050651550295,14.5923113822937,20.479618072509766,23.059538774490356,35.743906341552844,51.130509090423224,68.4365005493164,9.361341369635726,68.4365005493164,384.0;409.0;453.0;506.0;487.0;428.0;385.0;386.0;125.0;62.0,0.5117745418384866,6.474060562951486,0.03633656945708837,0.07159476855274437,0.10533865247701328,0.2832640671674753,3600,1024,1.852614116757029,4.852614116757029,49.607696533203125,0.061898197714795565,5.603819504057828,4.539283752441406,-68.4365005493164,4.889363226666413,2.8013807596484437,7.310544274274173,68.4365005493164,44.27048601839277,44.10755729675293,51.83330535888672,54.315312194824216,58.059285202026366,9.200963963041428,4.859293156529378,4.7313953833916695,5.987631768010016,6.432083533050211,7.411323062417205,49.607696533203125,28.133984395662942,27.710783004760742,33.23797607421875,35.12822437286377,38.832604217529294,-23.262290954589844,-44.20198424710168,-44.098087310791016,-36.730689239501956,-34.62492275238041,-30.4482901954651,106.31887435913086,72.33596864276463,71.92475605010986,81.82954864501953,84.44226303100582,90.8872845840454,9.497271244412419,7.293297752998015,7.220965893833018,7.963257604092312,8.214604055453325,8.71577527895857,-0.1605382913485642,7.310282224322298
R3,gsm8k,S4_vdraft_lin_l4,4.0075364112854,6.885835647583008,9.99152107238772,12.030565786361693,16.362263851165775,17.993993759155273,22.021317329406777,27.780799865722656,48.293212890625,7.956011501219899,48.293212890625,471.0;441.0;496.0;427.0;453.0;474.0;702.0;493.0;503.0;726.0,0.23721667502973087,5.926989448219405,0.007049698041723242,0.023064487973014976,0.037449822944768806,0.12829178544545758,3600,1024,0.2953327330181197,3.2953327330181197,40.376461029052734,-0.07816133450594559,4.791830194838802,4.0075364112854,-48.293212890625,3.627877365326106,2.695582911012752,6.07002803895145,48.293212890625,22.539237421883477,22.023627281188965,26.839075660705564,28.505439758300778,33.40489345550535,5.760422955428713,3.2044968939545866,3.1681578360978566,3.514322985628501,3.641380412135856,4.014218520512582,40.376461029052734,20.53584320810106,20.054091453552246,24.577966308593748,26.172549152374263,30.054748268127398,-14.206507682800293,-21.491457357406617,-20.957801818847656,-17.720521545410158,-17.023021507263184,-15.873966617584228,81.162109375,42.02730056550768,41.317843437194824,48.972021484375,51.76731405258178,57.79356607437133,8.001872164273152,6.052105574326458,6.020310087998,6.660871902350371,6.870915813321614,7.267002072049508,-0.02129970563724158,6.0695247918963995
R3,gsm8k,S4_kctx_lin_fp_l4,6.583823204040527,12.420915603637695,19.227055740356448,23.892016124725334,33.587945327758796,37.79598154067993,47.74944530105674,60.62909670905266,98.72183227539062,8.523235983559333,98.72183227539062,38.0;62.0;108.0;127.0;250.0;114.0;125.0;120.0;757.0;54.0,0.4298589782755534,10.66382284262936,0.00804520697274089,0.0360858512474492,0.059655403031370235,0.18726497605150214,42995,1024,1.2188598397489976,4.218859839748998,98.72183227539062,0.05208734229350271,8.696196969317347,6.583823204040527,-91.52230834960938,4.122490243593431,2.8998447216091705,11.582670298677339,98.72183227539062,47.420637433996646,46.61093521118164,60.59921646118164,63.132484436035156,72.45853424072266,6.918414399105499,4.060139169201275,3.7391632966713853,5.576157511713837,5.898766015814304,6.451690908902368,98.72183227539062,44.8472677235493,44.43535614013672,58.13769683837891,62.52764129638672,71.69894409179688,-23.717262268066406,-43.564495155120646,-42.52748107910156,-31.45496368408203,-29.26802635192871,-25.684062957763672,178.7344207763672,88.41176287866995,87.10733413696289,113.02003479003906,118.08071899414062,129.76627731323242,17.370601122929006,11.433665701457976,11.747232412805428,13.462540227056694,14.014913956709915,14.935592586394943,0.018847574945322042,11.58255317952976
R3,gsm8k,S4_vctx_lin_fp_l4,5.053574562072754,9.01712441444397,13.64088163375855,16.914245033264155,24.52996099472046,28.066409940719616,36.55759613800438,48.46949849433855,77.28372955322266,9.239441610500606,77.28372955322266,48.0;9.0;16.0;101.0;63.0;7.0;114.0;47.0;69.0;4.0,0.20889338253394873,8.216094260223455,0.003186813749701119,0.0129155163040593,0.024244785280488897,0.10650774385474737,42995,1024,1.3459186715100655,4.3459186715100655,74.22276306152344,-0.09484198673972141,6.379399378816853,5.053574562072754,-77.28372955322266,4.370541857775407,2.9326113481945213,8.364545479175913,77.28372955322266,34.13999655105053,33.254730224609375,46.43763275146484,50.93944549560547,59.361519012451105,8.599561793015598,3.756955468650874,3.505847650849022,4.925258567201001,5.309054811498302,5.758209011468143,74.22276306152344,31.14941599320528,30.772384643554688,42.451175689697266,46.79171752929685,55.376190185546875,-11.41682243347168,-32.15177617310951,-31.35538101196289,-20.56711196899414,-17.22817039489746,-13.148298263549805,141.30004119873047,63.30119216631479,62.20184135437012,84.64726257324219,91.41631660461417,105.80557250976562,12.536555273406321,8.203314681297263,8.593145649535597,9.899597056555258,10.215788070712392,11.140263353589162,-0.014973524256610589,8.364007775627272
R3,gsm8k,S4_k_stored_ctx_fp_l4,1.0049652457237244,1.960853099822998,3.146225929260254,3.95308426618576,5.499234552383426,6.10915518283844,7.599636284351743,8.882892979716546,10.854947090148926,5.808082576875588,10.854947090148926,564.0;114.0;428.0;254.0;62.0;250.0;575.0;815.0;753.0;380.0,0.4944904934247274,1.668693339831787,0.009066317785322074,0.03666748987712045,0.06270659074287528,0.2032914788642934,42995,1024,1.255763820886239,4.255763820886239,10.480491638183594,0.008519886707072943,1.380414864968078,1.0049652457237244,-10.854947090148926,4.066285604818118,2.9424379616586593,1.8689381472238396,10.854947090148926,7.671646368809946,7.562823295593262,8.78174877166748,9.302807807922363,10.00149154663086,6.14631914407683,4.223605144295197,4.048331620004514,5.129005594992628,5.39853305653783,5.815070276263315,10.480491638183594,7.316558050463291,7.152615547180176,8.727763175964355,9.109774589538574,9.961843547821045,-4.663329601287842,-7.088378431187326,-6.988594055175781,-6.056562423706055,-5.820270919799809,-5.419626646041872,19.04037570953369,14.404936481650617,14.202807426452637,16.456305980682373,17.022774696350098,18.308547019958496,1.950137397261698,1.8687664849036578,1.8627319708654402,1.9083192585867157,1.9200143837132755,1.932864015031345,0.015321532285803538,1.8689187274140566
R3,gsm8k,S4_k_stored_ctx_l4,1.008971631526947,1.9623375236988068,3.144744372367865,3.9518724441528312,5.507198352813724,6.098289117813113,7.508368039608003,9.064328060625016,11.513023376464844,6.162215431131723,11.513023376464844,564.0;114.0;815.0;374.0;428.0;254.0;250.0;633.0;637.0;62.0,0.49281457101166926,1.6701050259556283,0.009287227126895557,0.037479422651300415,0.06311159985778292,0.20576874967995273,42995,1024,1.2490266112413124,4.249026611241312,10.629186630249023,0.009686495751039836,1.3820368530043128,1.008971631526947,-11.513023376464844,4.018768996063279,2.947665575090007,1.8683253620606408,11.513023376464844,7.694493518999696,7.589226245880127,8.93032169342041,9.366641998291016,10.108925819396973,6.118675651315633,4.219330659119256,4.0619780928171965,5.113852248945663,5.378492308192719,5.87256935061688,10.629186630249023,7.35857284004459,7.191746234893799,8.806924819946289,9.239774703979492,10.022207260131836,-4.7584404945373535,-7.067147902186935,-6.992077827453613,-6.046781063079834,-5.8099463939666744,-5.426256809234627,19.415607452392578,14.425720742231524,14.257995128631592,16.335729598999023,17.038744926452637,18.04439687728882,1.9439312265130821,1.8681680442449633,1.862820065767423,1.9050073817154793,1.9164583662839456,1.9300902459066138,0.016894541645261763,1.868300251650973
R3,gsm8k,S4_k_stored_draft_l4,1.10773366689682,1.9395637810230255,2.8354616165161133,3.412452495098113,4.568953261375429,5.045434629917146,6.2394843101501465,8.334641716956954,10.731782913208008,6.252394235185063,10.731782913208008,448.0;384.0;760.0;631.0;1022.0;172.0;125.0;190.0;243.0;506.0,0.43478208262184825,1.5797008826787486,0.009235124533416865,0.036434076444674834,0.05997218104747292,0.1957301235228473,3600,1024,0.34979691702495863,3.3497969170249586,10.11903190612793,0.010765049784466288,1.3462204503628843,1.10773366689682,-10.731782913208008,3.635156995516304,2.6618966543849276,1.7164277410428455,10.731782913208008,6.916936596102185,6.803177356719971,8.223946571350098,8.652351570129394,9.441884231567371,4.637252375694538,3.3462559219251697,3.322967433741664,3.644173884153363,3.75132525601904,3.970484210496735,10.11903190612793,6.232193619410197,5.974212646484375,7.705061960220337,8.228237342834472,9.110324440002438,-4.288023471832275,-6.2473372179932065,-6.03104043006897,-5.118605709075927,-4.936267518997193,-4.681087245941163,17.47091007232666,12.479530837403404,12.392698764801025,13.987951135635376,14.438199234008788,15.241149840354911,1.7926339216070566,1.7162869945400154,1.7164727155516246,1.7442526651304855,1.7522721196204265,1.766333911311815,-0.026915131472172105,1.7163939827220855
R3,gsm8k,S4_v_stored_ctx_l4,5.2731523513793945,9.325196027755737,13.968819427490239,17.2152925491333,24.79274229049683,28.115605792999332,36.201849952698254,47.448856353759766,78.8880386352539,9.210091936877767,78.8880386352539,48.0;101.0;16.0;4.0;9.0;100.0;114.0;78.0;25.0;72.0,0.19867934507470564,8.428330965198736,0.0028687604491388625,0.012725995181353809,0.023863134167655207,0.10305095962082664,42995,1024,1.1087916944212344,4.108791694421234,71.18887329101562,-0.0940710030836375,6.583016577323394,5.2731523513793945,-78.8880386352539,4.226526253124557,2.894525454214423,8.565391005423237,78.8880386352539,34.23254517145885,33.578983306884766,45.77175827026367,49.717384338378906,59.00104904174805,7.821549359506647,3.6273251148761347,3.4412137044737388,4.63435932710074,4.8513048052738545,5.400812247045531,71.18887329101562,31.538733675690885,31.15072250366211,41.93098831176758,45.98271942138672,54.52378845214844,-13.26732063293457,-32.25102712500579,-31.509857177734375,-21.379182815551758,-18.181474685668945,-14.780465126037598,139.82810974121094,63.789760800696676,62.86128234863281,83.72956619262695,90.61807632446289,103.44638442993164,12.459753862921607,8.428762127881654,8.805301723304673,9.994769688621144,10.305258636813104,11.153227183454804,-0.008483894599426771,8.56487441368314
R3,gsm8k,S4_v_stored_draft_l4,4.0075364112854,6.885835647583008,9.99152107238772,12.030565786361693,16.362263851165775,17.993993759155273,22.021317329406777,27.780799865722656,48.293212890625,7.956011501219899,48.293212890625,471.0;441.0;496.0;427.0;453.0;474.0;702.0;493.0;503.0;726.0,0.23721667502973087,5.926989448219405,0.007049698041723242,0.023064487973014976,0.037449822944768806,0.12829178544545758,3600,1024,0.2953327330181197,3.2953327330181197,40.376461029052734,-0.07816133450594559,4.791830194838802,4.0075364112854,-48.293212890625,3.627877365326106,2.695582911012752,6.07002803895145,48.293212890625,22.539237421883477,22.023627281188965,26.839075660705564,28.505439758300778,33.40489345550535,5.760422955428713,3.2044968939545866,3.1681578360978566,3.514322985628501,3.641380412135856,4.014218520512582,40.376461029052734,20.53584320810106,20.054091453552246,24.577966308593748,26.172549152374263,30.054748268127398,-14.206507682800293,-21.491457357406617,-20.957801818847656,-17.720521545410158,-17.023021507263184,-15.873966617584228,81.162109375,42.02730056550768,41.317843437194824,48.972021484375,51.76731405258178,57.79356607437133,8.001872164273152,6.052105574326458,6.020310087998,6.660871902350371,6.870915813321614,7.267002072049508,-0.02129970563724158,6.0695247918963995
R3,mtbench,A_src1,0.015380859375,0.026611328125,0.0390625,0.04736328125,0.0703125,1.171875,10.8125,17.875024999986636,24.375,52.5672316692548,24.375,3280.0;2154.0;1950.0;58.0;610.0;2521.0;1800.0;2520.0;2557.0;2926.0,0.6163494077641004,0.37692473249194247,0.009109484479915757,0.038309414943690875,0.06916551285623089,0.252017101802159,44434,4096,740.7160229467418,743.7160229467418,24.375,-0.0003373917260474219,0.04101536472807387,0.015380859375,-24.0,23.318284817387386,0.15163624519977345,0.4636919089322389,24.375,0.17535430335406163,0.087890625,0.10791015625,0.11376953125,0.1279296875,3.3361741267999143,2.9849054090842477,2.9823965591375377,3.0846868949932276,3.1148097934797807,3.1746455364647765,24.375,0.17127987357302404,0.083984375,0.10302734375,0.109375,0.123046875,-0.04541015625,-0.1698429471501975,-0.083984375,-0.064453125,-0.060546875,-0.05419921875,48.375,0.34112282072322153,0.16845703125,0.2041015625,0.2138671875,0.236328125,7.740278966878665,0.050980230730891196,0.0234115773738265,0.02773321435387823,0.028727981087074403,0.03098967826480821,0.1951789631796349,0.46369178618565904
R3,mtbench,A_src1_origbasis,0.012079274747520685,0.021807953249663115,0.034381279349327096,0.04524433817714452,0.10221938364207757,0.18112559199333209,0.8287159187793788,1.8401582664131255,300.1044616699219,647.2065705284639,300.1044616699219,788.0;1384.0;4062.0;290.0;2352.0;4055.0;133.0;1039.0;1189.0;709.0,0.9948673863001164,0.05507563510429152,0.9813947567136786,0.9892224399038574,0.9906970590192169,0.9929301695976195,44434,4096,364385.9581212968,364388.9581212968,300.1044616699219,-0.00035391578642524074,0.01904532643288179,0.012079274747520685,-274.77386474609375,1.7872123085109826,0.22044676163890906,0.46369192671341,300.1044616699219,1.3341535191092448,0.2524571269750595,0.3462874382734299,0.37569858133792877,0.46321458339691157,1319.01847300123,26.426699089563822,13.769842318998744,49.858460661777016,67.80016239234851,111.19210856565262,300.1044616699219,1.3298388722531638,0.2491597682237625,0.34614209830760956,0.37567463219165803,0.46321458339691157,-0.0989236831665039,-1.1804533878248005,-0.19001635164022446,-0.14866842180490492,-0.13861459866166115,-0.12217176705598831,574.8782958984375,2.5102922600779642,0.4415072873234749,0.5704655945301056,0.61416552439332,0.7664900700747964,7.740281051699701,0.05098023255644591,0.02341157792645543,0.027733215211861964,0.02872798190524523,0.03098967936793954,-124.36405722708707,0.46369179164916263
R3,mtbench,A_src8,0.06689453125,0.1142578125,0.1650390625,0.19921875,0.2890625,1.2187890625000364,10.875,17.875024999986636,24.375,51.363603968274695,24.375,3280.0;2154.0;1950.0;58.0;610.0;2521.0;1800.0;2557.0;2520.0;2926.0,0.5903973601249369,0.3989424323343419,0.00873400239586427,0.03678160072451266,0.0664535197947829,0.24302368060841972,44434,4096,678.7437221920121,681.7437221920121,24.375,-0.0001935371485448463,0.10148458826713075,0.06689453125,-24.0,22.91606946276871,0.6091196624442833,0.47455782143043335,24.375,0.46090517062525316,0.37109375,0.44140625,0.46484375,0.51953125,3.3679659267427704,2.9771726793837145,2.9754314377290614,3.0788692744583037,3.1095032658834727,3.172481639056396,24.375,0.4435103406527096,0.353515625,0.423828125,0.447265625,0.50390625,-0.20703125,-0.442049167198823,-0.353515625,-0.296875,-0.28125,-0.2578125,48.375,0.8855595078515326,0.708984375,0.833984375,0.873046875,0.95703125,7.754587340154132,0.12666641928323819,0.09869802145339754,0.11389945117279915,0.11803764382454655,0.12734976791201305,0.2308199998341886,0.4745577819656645
R3,mtbench,A_src8_origbasis,0.05723808892071247,0.09963507764041424,0.14820512086153032,0.18508037254214285,0.3286899718642238,0.47312200665474125,0.9591669315697229,2.2175895776013217,300.36846923828125,632.9438054603345,300.36846923828125,788.0;1384.0;4062.0;290.0;2352.0;4055.0;133.0;1039.0;709.0;1189.0,0.9665627860433895,0.1121947361317401,0.9404790039122788,0.9536502290013089,0.9574823270914635,0.9639760715582204,44434,4096,334209.1324455318,334212.1324455318,300.36846923828125,4.671847758443728e-05,0.07415636507309442,0.05723808892071247,-275.353759765625,2.0211800835121725,0.6926235704299337,0.47455787804073046,300.36846923828125,2.704159523601761,1.586634874343872,2.408156251907349,2.664073061943054,3.251013150215148,1317.0634435265717,43.050776121510395,25.133209182858472,86.3858268979643,121.22959406309698,224.05337984397187,300.36846923828125,2.6968769394607457,1.5865825414657593,2.408156251907349,2.664073061943054,3.251013150215148,-0.35014238953590393,-1.8046520143678917,-0.8020539581775665,-0.6059550464153288,-0.5610311627388,-0.49243369787931446,575.7222290039062,4.501528953828638,2.397878110408783,3.328261989355089,3.612367361783981,4.263412649631497,7.754587988684396,0.1266664260138438,0.09869802485937058,0.11389945575844337,0.11803764992115393,0.12734977271153486,-117.5262911313399,0.47455787574109937
R3,mtbench,A_src15,0.11328125,0.1953125,0.28125,0.33984375,0.48828125,1.21875,10.9375,18.000012499993318,24.5,49.205311125087924,24.5,3280.0;2154.0;1950.0;610.0;2521.0;58.0;1800.0;2557.0;2520.0;1027.0,0.5439590121036267,0.43469351200150125,0.00807494567470756,0.034165919805984934,0.061917006630045006,0.2273418942691775,44434,4096,574.5260242803097,577.5260242803097,24.5,-0.00029147474926498004,0.15942365303095432,0.11328125,-24.25,21.966656752271394,0.9806543192978301,0.49791373003855227,24.5,0.7325066214779223,0.64453125,0.75390625,0.7890625,0.87109375,3.321659635269855,2.976433914873149,2.9745784957339865,3.0786108059890167,3.1096375732414354,3.1708083905157443,24.5,0.7041926825460233,0.6171875,0.72265625,0.7578125,0.84375,-0.32421875,-0.7015190806167574,-0.61328125,-0.515625,-0.48828125,-0.435546875,48.75,1.4057117631627807,1.23828125,1.421875,1.47265625,1.59375,7.808964542581776,0.1992090848800065,0.17296164347974977,0.1937368950744213,0.19841624990928455,0.2077972525605015,0.1989262700925244,0.4979136447250415
R3,mtbench,A_src15_origbasis,0.09646965190768242,0.1670689433813095,0.24762311726808553,0.30797094553709026,0.5327858543396004,0.7286589616537096,1.2695989892482942,3.7380161770069416,302.5379638671875,607.6111873225582,302.5379638671875,788.0;1384.0;4062.0;2352.0;290.0;4055.0;133.0;1039.0;1189.0;3231.0,0.9197165991195401,0.17248895399517866,0.8713465982983374,0.891294491256611,0.8987902703510076,0.9165063286410754,44434,4096,283410.9292088105,283413.9292088105,302.5379638671875,2.0177373468065823e-05,0.12498935354486979,0.09646965190768242,-277.05224609375,2.549837182150555,1.0700364390832693,0.4979137484290284,302.5379638671875,3.996630732919629,2.8213452100753784,4.524766969680787,5.016151189804077,6.341199827194213,1317.7361667695743,48.438015863668596,26.720966185165373,101.48998666342374,140.20916342936863,266.4139374395653,302.5379638671875,3.9873730961521616,2.8213452100753784,4.524766969680787,5.016151189804077,6.341199827194213,-0.3645264506340027,-2.3918331994719075,-1.3778336644172668,-0.9869485557079315,-0.8860545486211779,-0.7313990163803105,579.58447265625,6.379206295624069,4.20905214548111,6.198678708076478,6.759952557086945,8.181311962604518,7.808964845888447,0.19920909142363935,0.1729616507948641,0.1937369004123103,0.19841625750114736,0.20779725674428848,-103.7902336918409,0.49791374802019617
R3,mtbench,A_src22,0.240234375,0.412109375,0.6015625,0.7265625,1.046875,1.421875,10.875,18.125,24.5,41.16078967912869,24.5,3280.0;2154.0;1950.0;58.0;610.0;2521.0;1800.0;2557.0;2520.0;1027.0,0.38890704674173715,0.5591616628354807,0.005990733714423931,0.025388838987434405,0.0463999611463939,0.17438386198196915,44434,4096,281.8744730563459,284.8744730563459,24.5,-0.00031706980423457895,0.31384441660721063,0.240234375,-24.25,18.270350520837734,1.758783742666851,0.59522667545961,24.5,1.4612669035817167,1.3828125,1.640625,1.71875,1.90625,3.335399188098878,2.9752442510227803,2.973923275018815,3.076049318398222,3.1068065592138177,3.16699147980219,24.5,1.3987297171085205,1.3125,1.5703125,1.65625,1.84375,-0.66796875,-1.3970312710987083,-1.3125,-1.0546875,-0.9765625,-0.86328125,48.75,2.7957609882072285,2.6484375,3.09375,3.2265625,3.5,7.822590255684278,0.3925466013129922,0.37096063953623193,0.42162888826952033,0.4333483491879239,0.4548950351952731,0.11004495433875279,0.5952265910100448
R3,mtbench,A_src22_origbasis,0.19660964608192444,0.3435322940349579,0.5138611018657694,0.643722203373909,1.0860668540000922,1.4311212086677574,2.590732193708458,8.129401370712948,303.14752197265625,509.29757650968526,303.14752197265625,788.0;1384.0;4062.0;2352.0;290.0;4055.0;133.0;761.0;2742.0;1039.0,0.763542367324791,0.3396925790052121,0.6416533958834725,0.6791524072082054,0.6994665318188658,0.7560865221894093,44434,4096,139804.69103766157,139807.69103766157,303.14752197265625,-0.0001859540597363354,0.25912660309275914,0.19660964608192444,-277.57928466796875,4.352513321089764,1.8246272081341217,0.595226712151636,303.14752197265625,7.561251999975919,6.506739616394043,9.396408557891846,10.21827836036682,11.787811212539667,1319.1214184625148,58.20836097593667,36.61484204267332,123.45305887670771,164.13893316646585,271.63889612861703,303.14752197265625,4.4999810881949935,3.270097017288208,4.820395898818971,5.451511335372925,6.772686305046081,-0.9301649928092957,-7.384380103940339,-6.473175525665283,-3.290448141098021,-2.597423195838929,-1.82681774020195,580.726806640625,11.884361192135334,9.856682896614075,13.46224994659424,14.565669798851012,17.065300569534298,7.8225912722979585,0.3925466145438616,0.370960653748189,0.42162889740183934,0.433348364878179,0.4548950383417206,-61.621482877714996,0.5952266831047934
R3,mtbench,A_src29,0.478515625,0.81640625,1.1796875,1.4140625,1.9765625,2.421875,10.875,18.125024999986636,25.0,29.23142125374889,25.0,3280.0;2154.0;1950.0;2557.0;2521.0;58.0;1800.0;2520.0;610.0;2149.0,0.24177098404197195,0.8355067096372765,0.004362230584541193,0.01651327469194877,0.029872421394731247,0.11740000623052683,44434,4096,65.41407933460239,68.41407933460239,25.0,-0.0017299738254052531,0.5919640478931357,0.478515625,-24.25,12.715668245380767,2.311109242874522,0.8552440807781039,25.0,2.71948898225458,2.625,3.09375,3.234375,3.5625,3.2936109736464765,2.925478000384745,2.927057353318207,3.037133840068345,3.0703721679006852,3.134639104576466,25.0,2.6080085069991448,2.515625,2.96875,3.125,3.46875,-1.359375,-2.5950053731376874,-2.515625,-2.09375,-1.984375,-1.75,49.125,5.203013880136832,5.046875,5.828125,6.0625,6.578125,7.821678131572406,0.7387755971554906,0.7177305734721771,0.8073601090259362,0.8290922349953933,0.8705298805585469,0.04724897276990718,0.8552423310948467
R3,mtbench,A_src29_origbasis,0.3926951289176941,0.6782142221927643,0.9946565926074984,1.2164807260036465,1.8170800447463993,2.255739340782167,4.02341000318537,22.778208758925867,302.7757873535156,354.02264800007754,302.7757873535156,788.0;1384.0;4062.0;2352.0;290.0;761.0;2742.0;3773.0;1658.0;2252.0,0.5716538246360845,0.632347657592481,0.4263335021504255,0.4703643548873881,0.4923290279040597,0.556729475144943,44434,4096,32600.118346222567,32603.118346222567,302.7757873535156,-0.003671150612185205,0.49575701763513347,0.3926951289176941,-276.7262878417969,4.704399502244895,2.124633197033449,0.8552441180357742,302.7757873535156,19.96223429422082,19.329678535461426,25.764779090881348,27.45763530731201,30.800504207611063,1308.8709731815188,166.93368799440537,133.7323974959961,339.0394366511501,418.4890755534291,610.5946632905539,302.7757873535156,6.351698126110179,5.131331205368042,7.416993284225469,8.323982620239255,10.275715312957763,-1.885633111000061,-19.863846590947453,-19.329678535461426,-11.796991539001464,-9.262166690826426,-4.187019042968764,579.4346008300781,26.215544717057632,24.738538026809692,31.659936952590947,33.456803107261656,36.797665047645566,7.821678136122618,0.7387756208465407,0.71773057273089,0.8073601516745135,0.8290922565214681,0.8705299359313382,-23.548985602235476,0.855236238759778
R3,mtbench,B_concat,0.103515625,0.27734375,0.609375,0.88671875,1.578125,2.109375,10.5,17.5,25.0,41.972422853648204,25.0,19664.0;11472.0;15568.0;3280.0;7376.0;10346.0;18538.0;14442.0;6250.0;2154.0,0.5152904322086258,0.5210458098601085,0.006851143942041471,0.028319145548265402,0.05135151778930749,0.1920622937454242,44434,20480,277.96090407269395,280.96090407269395,25.0,-0.0005738894506994161,0.24154641410530103,0.103515625,-24.25,17.62841759853225,2.6495091926365433,0.5956291845998836,25.0,2.71948898225458,2.625,3.09375,3.234375,3.5625,11.239501422946544,8.707961333245612,8.708243459838986,9.311670939141377,9.508724313818302,9.927101514845079,25.0,2.6080085069991448,2.515625,2.96875,3.125,3.46875,-1.359375,-2.5951572838367016,-2.515625,-2.09375,-1.984375,-1.75,49.125,5.203165790835847,5.046875,5.828125,6.0625,6.578125,7.789694429809133,0.39629005257430944,0.37297874022871547,0.41737763622454466,0.4276283249113763,0.44773534232391826,0.11338868274429094,0.5956289081282242
R3,mtbench,C_Zt_fp,2.644689202308655,4.593060374259949,6.81824254989624,8.568204021453857,55.89228370666504,109.48319171905578,225.29139627076134,541.113606225347,1452.903076171875,110.44545251905014,1452.903076171875,432.0;2017.0;2117.0;2062.0;3960.0;977.0;2910.0;3230.0;4030.0;3447.0,0.7080536466504226,9.884710238945308,0.099443964060982,0.22628441163547777,0.29773281072324764,0.5052950577441944,125480,4096,1193.9961369273947,1196.9961369273947,1452.903076171875,0.05103262440430118,4.200806809699081,2.644689202308655,-1244.157958984375,17.12599458136831,4.248768322915641,13.154937962894142,1452.903076171875,173.4880017156239,161.8852767944336,210.3883056640625,223.25587463378906,260.0477600097656,649.6023493399473,250.58068494905248,242.54175462171685,387.77822926507406,424.08344366293727,485.6423772466115,1452.903076171875,144.2994036085331,130.65646362304688,178.75477752685546,212.1103271484375,258.9976501464844,-48.053504943847656,-168.17869912069392,-159.38619995117188,-123.12590026855469,-114.22334289550781,-95.7960433959961,2696.117431640625,312.47810272922703,291.723934173584,379.43809356689457,401.6716613769531,459.2460174560547,135.11053606821554,6.817292988513501,5.802657863216932,6.798554881994715,7.090461444258133,8.154562585076246,2.471676406597371,13.154838975785294
R3,mtbench,C_Ht_fp,0.4698698967695236,0.8209780305624008,1.2113105654716496,1.4764203846454618,2.102961540222168,2.500174168348315,12.245069087987503,27.69409985808997,37.11397933959961,37.11398014147703,37.11397933959961,3573.0;494.0;604.0;3230.0;2361.0;1601.0;3510.0;1801.0;2117.0;3331.0,0.5003993105550575,0.7662059647678182,0.3889450222681592,0.45148739789014286,0.46585225194534163,0.501011077244575,125480,4096,247.50521766415386,250.50521766415386,32.91697311401367,0.006832466806422225,0.6079804282028786,0.4698698967695236,-37.11397933959961,12.245069352552084,2.102961585658346,0.999999978394195,37.11397933959961,27.756949440080877,27.948793411254883,31.693235397338867,32.57307319641113,34.314945220947266,649.6023091134535,250.580684922296,242.5417585968761,387.7782126144854,424.08347898450666,485.64236732244797,32.91697311401367,22.63492500738692,22.563764572143555,27.04792022705078,29.4494686126709,31.945268630981445,-9.19489860534668,-27.214354635235,-27.42822265625,-22.892290115356445,-21.778196334838867,-17.797443389892578,66.20775985717773,49.849279642621916,50.33767509460449,56.974947929382324,58.40251541137695,60.99081993103027,1.0000001362749351,0.9999999783941941,0.9999999770874198,1.0000000386184114,1.0000000561773037,1.0000000848469237,-1.1164835413312566,0.9999766368199456
R3,mtbench,C_Ht_rc_fp,0.6828420460224152,1.1602755188941956,1.6461012482643145,1.952567249536514,2.5315187835693376,2.7408215296268468,3.1668532388210546,3.6919785776135097,5.2050275802612305,5.205027540515847,5.2050275802612305,2120.0;1395.0;3114.0;2184.0;2271.0;2232.0;665.0;1526.0;1816.0;1120.0,0.24783387850294736,0.9757285653257581,0.0031798481654023033,0.01419212285128283,0.02707270661004384,0.11705395559884404,125480,4096,-0.11980986139152394,2.880190138608476,5.1544108390808105,-0.0007425576236193685,0.8021825510997573,0.6828420460224152,-5.2050275802612305,3.1668532146390893,2.531518764238761,1.0000000076359603,5.2050275802612305,3.610816228102832,3.5810543298721313,3.9499649047851566,4.0876994132995605,4.381939888000488,3.2545618316496308,2.8801803746896724,2.876262218487227,2.9841877049735857,3.015164764367252,3.0707217193083034,5.1544108390808105,3.4512179419631064,3.417072057723999,3.82317852973938,3.952622890472412,4.244328470230102,-2.6193642616271973,-3.4659602969818373,-3.4355523586273193,-3.141542434692383,-3.0797502994537354,-2.9590971970558178,8.792883396148682,6.917178238944944,6.8815717697143555,7.433387517929077,7.616663932800293,8.006463766098022,1.000000182300736,1.0000000076359594,1.0000000062104961,1.0000000682809314,1.0000000869673729,1.0000001165403007,-0.0018045001858449366,0.9999997319400121
R3,mtbench,S3_Zt_dep,2.767472982406616,4.807166814804077,7.127385759353649,8.923118066787715,57.82753288269045,113.64413917541542,235.33997547913657,530.2014787105777,1461.2225341796875,108.30790487389815,1461.2225341796875,432.0;2017.0;2117.0;3960.0;2062.0;3230.0;2910.0;977.0;4030.0;3700.0,0.696934623366023,10.271198763601848,0.0950841428142236,0.21559830211541575,0.282500456146061,0.4878601619065,125480,4096,1093.8248269267244,1096.8248269267244,1461.2225341796875,0.058956048017333805,4.377940757939045,2.767472982406616,-1246.7342529296875,17.443735694597102,4.286259473863594,13.4913747605124,1461.2225341796875,174.1428090460026,162.4122314453125,211.11851043701182,224.12327575683594,261.24713134765625,603.3634833091849,230.87324333777434,222.74880399115096,362.29045292246303,398.92620154021586,449.5051181185367,1461.2225341796875,144.52321058601038,130.92037963867188,179.25205993652344,213.36465454101562,261.24713134765625,-49.55497741699219,-168.8818053882442,-160.05965423583984,-124.03082275390625,-114.91542510986328,-96.50360832214355,2706.67236328125,313.4050159742546,292.4704895019531,380.74775848388674,402.0067443847656,457.92344665527344,139.04960410460475,6.985937247927917,5.950048514302525,6.934722245107592,7.197584889604436,8.214251313009136,2.6265207710558602,13.491245943684861
R3,mtbench,S3_Ht_dep,0.4802477955818176,0.8381839245557785,1.2327615141868593,1.500112378597259,2.1247710967063913,2.5138248586654663,11.979714969638435,27.117041551393644,36.6877555847168,36.687756253743636,36.6877555847168,3573.0;494.0;604.0;3230.0;2361.0;1601.0;3510.0;1801.0;2117.0;3331.0,0.4833654245431117,0.7786434686014678,0.3721206645624508,0.43225933853955917,0.44609499376142814,0.48260315296274414,125480,4096,227.79991432597623,230.79991432597623,32.73402404785156,0.0075422007428355455,0.618449277457637,0.4802477955818176,-36.6877555847168,11.979715188096902,2.124771135453076,0.999999981764302,36.6877555847168,27.203525764492998,27.367692947387695,31.139678955078132,32.05030689239501,33.660980224609375,603.3634489808759,230.87324339936282,222.74880409374504,362.29046093997755,398.9262086318115,449.50510571765506,32.73402404785156,22.137710339019055,22.043113708496094,26.56974983215332,29.25821304321289,31.762924194335938,-8.898306846618652,-26.6701029457482,-26.837034225463867,-22.466167449951172,-21.427410125732422,-17.489328384399414,64.85002899169922,48.807813284767256,49.26349639892578,55.99092617034913,57.397193908691406,59.791481018066406,1.0000001548208153,0.999999981764301,0.9999999805448431,1.000000042038785,1.0000000586413835,1.000000089639985,-1.0879381239294068,0.9999715389632642
R3,mtbench,S3_Ht_rc_dep,0.6822497546672821,1.158036231994629,1.6451443195343023,1.9529118180274962,2.537078475952151,2.7460537815094,3.164087619066401,3.681605060576904,5.268489360809326,5.268489303452442,5.268489360809326,2184.0;3917.0;3920.0;2271.0;2407.0;836.0;2120.0;1558.0;1969.0;937.0,0.24480688578151433,0.9762581065696407,0.003329848037261241,0.015010212264590046,0.028141948386205047,0.11737609343348762,125480,4096,-0.10864772287515212,2.891352277124848,5.032885551452637,0.002662490132233928,0.8017764138996728,0.6822497546672821,-5.268489360809326,3.164087584619675,2.537078448331536,1.0000000108867801,5.268489360809326,3.629177817655742,3.5966848134994507,3.9860440015792866,4.110733771324155,4.433849611282336,3.2972050935844113,2.8913292907519335,2.88839660832071,2.9950576651431953,3.022119218923378,3.0828987440282467,5.032885551452637,3.4739784507984033,3.4396930932998657,3.8568905115127565,3.9957594871520996,4.278295993804932,-2.7356209754943848,-3.4746862945033747,-3.4355368614196777,-3.1490354537963867,-3.082005500793457,-2.963696002960205,9.138330936431885,6.948664745301778,6.910560131072998,7.477580547332764,7.662879025936126,8.074216938018788,1.000000190716975,1.000000010886779,1.0000000092893169,1.0000000719329267,1.000000089765219,1.0000001224094412,0.00162445404268984,0.999996466453685
R3,mtbench,S4_kctx_lin_l0,6.433206081390381,12.088399410247803,19.621373748779302,26.198999023437494,49.80712673187277,62.74319528579713,96.271033370972,143.5610385497784,319.7542419433594,25.376237496213296,319.7542419433594,130.0;135.0;386.0;932.0;519.0;258.0;36.0;420.0;134.0;625.0,0.4844207210642446,11.309886977486405,0.021826456009427345,0.06706732620570321,0.10551261038058593,0.2747110748689112,125480,1024,15.068685582160079,18.06868558216008,217.5347900390625,0.09671062598953352,8.833670120294554,6.433206081390381,-319.7542419433594,7.640232048150307,3.952777824839256,12.600537884746464,319.7542419433594,67.57292635734954,50.99140167236328,114.70642929077148,154.85307388305665,285.65191650390625,41.297438341773486,6.011362736029731,4.192052414382303,9.306885852924598,13.976197049770798,32.1536035736405,217.5347900390625,58.32241815356339,45.137447357177734,101.8875503540039,126.46653747558594,152.885009765625,-28.18515968322754,-62.146367283706496,-48.13226318359375,-38.137732696533206,-36.258811950683594,-33.27821350097656,478.2753448486328,120.46878543726989,93.74258613586426,202.31526947021484,279.48541259765625,428.13514709472656,26.88620471444691,12.171111630971685,11.033394105095967,17.386623812669928,19.80166454166899,25.45833064363618,-0.351232116726192,12.600166746505842
R3,mtbench,S4_vctx_lin_l0,3.2713475227355957,5.690607786178589,8.370892620086675,10.22818202972412,14.214655065536501,15.942101116180423,20.06398189926156,25.86565399169922,42.58522033691406,8.239475592337419,42.58522033691406,64.0;2.0;46.0;25.0;36.0;31.0;103.0;38.0;80.0;23.0,0.22502828757694393,5.065953879605209,0.0042539679082850956,0.014882016618504093,0.026305158453576193,0.10538695519907601,125480,1024,0.6768660314592734,3.6768660314592734,39.80229949951172,0.008078975883146917,4.023581114508658,3.2713475227355957,-42.58522033691406,3.8820202839426017,2.750280556009227,5.168438192415746,42.58522033691406,20.724728167053236,20.430233001708984,25.31266975402832,27.058202743530273,31.117401123046875,6.427373149872586,3.526950642073886,3.4805326590747048,3.9922510697834417,4.169295530167207,4.589818867209115,39.80229949951172,18.98678147896939,18.70780372619629,23.330968856811523,24.94407081604004,28.698322296142578,-9.499679565429688,-19.427415201562887,-19.05837631225586,-15.418947219848633,-14.194130897521973,-11.135165214538574,68.54964065551758,38.41419668053228,38.276811599731445,45.74414825439453,48.41747283935547,53.806352615356445,6.705357997651298,5.145151738938991,5.195017253225779,5.6766010181668065,5.812127073501261,6.088853893487516,-0.004278626632704673,5.1684318781396765
R3,mtbench,S4_kdraft_lin_l0,3.616817593574524,6.249449253082275,9.05237865447998,10.892904281616211,14.626338958740234,16.452821731567383,20.735984802246094,24.49980510768399,47.776939392089844,8.67466742662285,47.776939392089844,130.0;420.0;378.0;135.0;141.0;134.0;262.0;904.0;172.0;238.0,0.22442731992287146,5.388329620123223,0.008073080564332301,0.021865982352947826,0.0355486823800165,0.11864336306188486,4800,1024,0.36548508172427496,3.365485081724275,47.776939392089844,0.0007435544867682135,4.3447295634604535,3.616817593574524,-36.7531852722168,3.7649496642468483,2.6556457519155208,5.507639318305251,47.776939392089844,21.802135328849158,21.334945678710938,26.22438907623294,30.537630081176758,39.167381286621094,7.58522528165965,3.3188679029114145,3.187217909490981,3.717753589278938,3.8576412381071323,5.6244314024593685,47.776939392089844,20.389700973629953,20.071611404418945,25.090988159179688,30.537630081176758,39.167381286621094,-14.148335456848145,-19.279531869888306,-18.94078254699707,-16.068805694580078,-15.497910499572754,-14.692204475402832,69.72870063781738,39.66923284351826,39.28888702392578,45.87033729553224,49.18496036529543,57.54313278198242,7.146210914490835,5.5007122840327565,5.484488836709173,5.842232967522319,5.912974699793608,6.154802572401816,0.007102243387042909,5.507639268113758
R3,mtbench,S4_vdraft_lin_l0,2.0487561225891113,3.556580662727356,5.193906784057617,6.2891154289245605,8.55690860748291,9.506601333618164,11.799745559692383,14.393494615837337,18.77289390563965,5.940631254083422,18.77289390563965,66.0;1001.0;942.0;1004.0;53.0;0.0;48.0;1018.0;1022.0;904.0,0.23122614921377493,3.0924243825334665,0.004254189439327219,0.01737812567044763,0.03229217213992611,0.11675256022869407,4800,1024,0.39490782375835254,3.3949078237583525,18.77289390563965,0.03139885467329426,2.485008076406391,2.0487561225891113,-17.156265258789062,3.733997412145509,2.707810472240368,3.1600840218344968,18.77289390563965,12.33098570962747,12.338659286499023,14.393487930297852,15.247221946716309,15.247221946716309,4.676069576705377,3.386864214018082,3.3670431155669323,3.756385422453157,3.9826508120297466,3.9826508120297466,18.77289390563965,11.540001331567764,11.222383499145508,13.8447096824646,15.247221946716309,15.247221946716309,-7.9661455154418945,-11.312730398376782,-11.114556312561035,-9.398143768310547,-9.142436981201172,-8.666763305664062,29.93565082550049,22.852731729944548,23.031051635742188,25.374469757080078,25.810515117645263,26.976882934570312,3.474037408175578,3.1589116165438282,3.1648074817681637,3.2771663212363022,3.2868401024320217,3.3522586726046164,0.012658776425834219,3.159928027183356
R3,mtbench,S4_kctx_lin_fp_l0,6.346179246902466,11.989549160003662,19.61052017211916,26.361431121826172,50.40820877075207,63.37805025100709,98.01468595886989,145.7195760680978,324.8629150390625,25.69925894235997,324.8629150390625,130.0;135.0;386.0;932.0;519.0;258.0;36.0;420.0;134.0;625.0,0.49151619476416086,11.30394579741004,0.02289064851528982,0.0693408651534877,0.10909999537120181,0.2803624304390982,125480,1024,16.185261893471193,19.185261893471193,219.19253540039062,0.07517335085765282,8.799529597900506,6.346179246902466,-324.8629150390625,7.7537468205880336,3.987693116231285,12.64094485244446,324.8629150390625,68.95293894075535,52.45271682739258,114.567138671875,158.98947143554688,294.22320556640625,43.55805084900234,6.240113007390875,4.340208577675487,9.563984790291462,14.881854469348758,33.63314534830726,219.19253540039062,59.12592601730522,45.89946365356445,102.5784683227539,127.13810729980469,156.34666442871094,-27.229703903198242,-63.87882032254565,-49.904396057128906,-39.45164489746094,-37.293968009948735,-34.138694763183594,483.5575256347656,123.00474633985087,96.09993553161621,203.1196517944336,285.7617416381836,437.49830627441406,27.396327674271937,12.196657523586918,11.037462546425825,17.27807687462462,19.877507667387302,26.123298210896937,-0.3698682413123056,12.640721329491562
R3,mtbench,S4_vctx_lin_fp_l0,3.2596018314361572,5.667500138282776,8.350150394439702,10.221896409988402,14.255459537506113,16.039851684570323,20.127346433640543,26.233931227491926,41.832237243652344,8.120171643243566,41.832237243652344,64.0;2.0;122.0;46.0;25.0;36.0;31.0;57.0;38.0;80.0,0.22600196651309268,5.0485984709441425,0.004470185152455753,0.014803136320911906,0.02610843894296165,0.10519013043891527,125480,1024,0.7113130194013935,3.7113130194013935,38.10731887817383,-0.0015978093143767002,4.005815673192289,3.2596018314361572,-41.832237243652344,3.9069750635674545,2.7671668054385066,5.151644457966488,41.832237243652344,20.727381575506584,20.424196243286133,25.500564575195312,27.345808029174805,31.536685180664016,6.3670745611133235,3.544327351229496,3.4924551185095334,4.031566697507435,4.2199477637105245,4.648422593879217,38.10731887817383,18.990367814983042,18.71209144592285,23.580080032348633,25.23942794799796,29.17481231689453,-8.790348052978516,-19.398971567436657,-19.016803741455078,-15.32480239868164,-14.153556823730469,-10.814663887023926,67.70789909362793,38.3893393824197,38.197763442993164,46.063276290893555,48.70784950256348,54.3209393119812,6.754504293557207,5.1258875612049835,5.177766734887706,5.687773912558658,5.830494927821711,6.124522655238326,-0.0012352176347251156,5.151644210182049
R3,mtbench,S4_k_stored_ctx_fp_l0,0.7362943887710571,1.4174038767814636,2.1744507551193255,2.693670439720153,4.086952967643739,5.489968307018286,10.139396746635667,12.94952855300809,16.726770401000977,11.409604965401973,16.726770401000977,224.0;352.0;160.0;736.0;608.0;288.0;672.0;992.0;544.0;863.0,0.41357694308093007,1.324833258238641,0.041419249848249656,0.14752871051640865,0.19551091691056477,0.2960296134311108,125480,1024,7.318094211459565,10.318094211459565,15.702205657958984,-0.004382607713502466,1.05417337881821,0.7362943887710571,-16.726770401000977,6.916249143927504,2.7877777810713438,1.4660253752625583,16.726770401000977,10.206343798478546,10.671594142913818,13.155709266662598,13.69200611114502,14.654117584228516,22.18282466854586,9.16826711677567,8.755850076644096,13.5084362332502,14.77732986036057,17.229774927185733,15.702205657958984,9.095224696325579,9.58539342880249,11.653033256530762,12.183566093444824,13.124808311462402,-3.7516469955444336,-9.691801346796199,-10.036365509033203,-5.613044261932373,-5.228241443634033,-4.552858729362487,29.83937168121338,18.787026043121777,19.719032287597656,24.159788131713867,25.039697647094727,26.665411767959576,1.7064336624383079,1.4566663279408474,1.509383625972652,1.6127922634164886,1.6307374780247836,1.6588744207473478,-0.16784528349899314,1.466018824457365
R3,mtbench,S4_k_stored_ctx_l0,0.7445380389690399,1.4272476434707642,2.180337572097779,2.6974720358848567,4.077023797035219,5.361812591552734,9.839296691894955,12.59456475391269,15.935940742492676,10.902732890899594,15.935940742492676,224.0;352.0;160.0;736.0;288.0;992.0;608.0;544.0;863.0;672.0,0.4050361105414514,1.327151854695602,0.03863012403073014,0.14148478630381564,0.18648525518350723,0.28770658073632915,125480,1024,6.636022491435966,9.636022491435966,15.100993156433105,-0.0008164767923151347,1.057910078605933,0.7445380389690399,-15.935940742492676,6.731653022528928,2.78933651719662,1.461646442406587,15.935940742492676,9.896733464454062,10.30544376373291,12.762475967407227,13.303472518920898,14.235517501831055,21.507632594333646,8.62133277814028,8.17468402174427,12.627745194158898,13.83567949392851,16.1175953769807,15.100993156433105,8.91742764058332,9.359915733337402,11.402058601379395,11.910776138305664,12.864569664001465,-3.746152400970459,-9.385729018075093,-9.625610828399658,-5.607121467590332,-5.150578022003174,-4.513683290481569,29.682774543762207,18.303156658658413,19.102059364318848,23.57909107208252,24.476518630981445,25.989327430725098,1.7107564463164575,1.452881786833909,1.503788752165013,1.6046231659215315,1.6216287638117879,1.6501654233680916,-0.14044153813719068,1.4616462143642968
R3,mtbench,S4_k_stored_draft_l0,0.8989095687866211,1.5881366729736328,2.3224558591842657,2.782486915588377,3.7476391005516057,4.122911374568941,4.908365015030009,5.954458262634009,7.925321102142334,5.6632475826660835,7.925321102142334,352.0;403.0;467.0;539.0;96.0;224.0;30.0;917.0;745.0;602.0,0.2297919899620191,1.3672166353929285,0.0029378813824245493,0.013248529120228452,0.025041684354439736,0.10054854097330834,4800,1024,0.2832171659643583,3.2832171659643583,7.597934246063232,-0.001991333496036906,1.095843739440418,0.8989095687866211,-7.925321102142334,3.5074019018229365,2.677974532939323,1.3994304480701045,7.925321102142334,5.264854034632444,5.2159693241119385,6.042005252838135,6.2703252077102665,6.786298437118531,4.771893187629145,3.2786117850531795,3.2430412855696913,3.5273611095201183,3.6485317538345448,3.815145211492701,7.597934246063232,4.790675630122423,4.70573616027832,5.42789888381958,5.756499767303467,6.727019309997559,-3.6457653045654297,-5.020835195829471,-4.903802394866943,-4.2741724967956545,-4.138214707374573,-3.9336100459098815,14.773216724395752,9.811510825951894,9.827592134475708,10.789790296554566,11.070628666877747,11.901757998466492,1.4850080647899964,1.3992362235964897,1.4039616868131115,1.4289697984132657,1.4320948564383111,1.4448601686214906,-0.012023594961144335,1.3994290312754702
R3,mtbench,S4_v_stored_ctx_l0,3.2713475227355957,5.690607786178589,8.370892620086675,10.22818202972412,14.214655065536501,15.942101116180423,20.06398189926156,25.86565399169922,42.58522033691406,8.239475592337419,42.58522033691406,64.0;2.0;46.0;25.0;36.0;31.0;103.0;38.0;80.0;23.0,0.22502828757694393,5.065953879605209,0.0042539679082850956,0.014882016618504093,0.026305158453576193,0.10538695519907601,125480,1024,0.6768660314592734,3.6768660314592734,39.80229949951172,0.008078975883146917,4.023581114508658,3.2713475227355957,-42.58522033691406,3.8820202839426017,2.750280556009227,5.168438192415746,42.58522033691406,20.724728167053236,20.430233001708984,25.31266975402832,27.058202743530273,31.117401123046875,6.427373149872586,3.526950642073886,3.4805326590747048,3.9922510697834417,4.169295530167207,4.589818867209115,39.80229949951172,18.98678147896939,18.70780372619629,23.330968856811523,24.94407081604004,28.698322296142578,-9.499679565429688,-19.427415201562887,-19.05837631225586,-15.418947219848633,-14.194130897521973,-11.135165214538574,68.54964065551758,38.41419668053228,38.276811599731445,45.74414825439453,48.41747283935547,53.806352615356445,6.705357997651298,5.145151738938991,5.195017253225779,5.6766010181668065,5.812127073501261,6.088853893487516,-0.004278626632704673,5.1684318781396765
R3,mtbench,S4_v_stored_draft_l0,2.0487561225891113,3.556580662727356,5.193906784057617,6.2891154289245605,8.55690860748291,9.506601333618164,11.799745559692383,14.393494615837337,18.77289390563965,5.940631254083422,18.77289390563965,66.0;1001.0;942.0;1004.0;53.0;0.0;48.0;1018.0;1022.0;904.0,0.23122614921377493,3.0924243825334665,0.004254189439327219,0.01737812567044763,0.03229217213992611,0.11675256022869407,4800,1024,0.39490782375835254,3.3949078237583525,18.77289390563965,0.03139885467329426,2.485008076406391,2.0487561225891113,-17.156265258789062,3.733997412145509,2.707810472240368,3.1600840218344968,18.77289390563965,12.33098570962747,12.338659286499023,14.393487930297852,15.247221946716309,15.247221946716309,4.676069576705377,3.386864214018082,3.3670431155669323,3.756385422453157,3.9826508120297466,3.9826508120297466,18.77289390563965,11.540001331567764,11.222383499145508,13.8447096824646,15.247221946716309,15.247221946716309,-7.9661455154418945,-11.312730398376782,-11.114556312561035,-9.398143768310547,-9.142436981201172,-8.666763305664062,29.93565082550049,22.852731729944548,23.031051635742188,25.374469757080078,25.810515117645263,26.976882934570312,3.474037408175578,3.1589116165438282,3.1648074817681637,3.2771663212363022,3.2868401024320217,3.3522586726046164,0.012658776425834219,3.159928027183356
R3,mtbench,S4_kctx_lin_l1,7.486506223678589,14.198540449142456,23.426336479187018,30.08609342575073,42.88352901458742,47.61835899353028,58.089307582856755,73.72462789839707,115.21182250976562,7.602217989782188,115.21182250976562,783.0;23.0;782.0;85.0;779.0;786.0;93.0;861.0;798.0;90.0,0.5771136172679507,12.94823386731121,0.011213778639974047,0.04618517196611528,0.08147383088192303,0.29055529111106315,125480,1024,1.6088057422423745,4.6088057422423745,115.21182250976562,0.47421747185175206,11.099369737920929,7.486506223678589,-91.40582275390625,3.8330057584407435,2.8296569626125785,15.155027475483713,115.21182250976562,58.9246045046792,57.74830627441406,74.89264602661135,81.58424377441406,95.00592041015625,11.657352426068252,4.095237147720558,3.998930146262969,4.669123556711894,5.0224347139078,7.936459827540429,115.21182250976562,57.258623331840305,56.715782165527344,74.4830322265625,81.42160530090322,95.00592041015625,-21.383384704589844,-52.17833496584115,-51.833560943603516,-40.99037170410156,-36.13039016723633,-28.30561065673828,201.38040924072266,109.43695829768146,108.57218170166016,136.3355712890625,146.4112319946289,166.73455047607422,22.989495168146654,14.858855900180313,15.347988258234956,18.11549625793209,18.8427164697478,20.1964222986378,0.1828434194560814,15.147606265415561
R3,mtbench,S4_vctx_lin_l1,3.8091284036636353,6.666083812713623,9.8269006729126,11.938052415847777,16.355488872528095,18.089087419509898,21.760028739929556,27.692961835668864,66.69768524169922,10.871101872641052,66.69768524169922,870.0;858.0;867.0;822.0;856.0;836.0;853.0;808.0;879.0;862.0,0.14825006527401452,6.07850802275185,0.004188498017182637,0.014072731530721814,0.02397168440374338,0.09113168221020954,125480,1024,0.48214277496248936,3.4821427749624894,57.24610137939453,0.08710292368409034,4.807637855515225,3.8091284036636353,-66.69768524169922,3.5466821423583292,2.665792449404805,6.135319678086645,66.69768524169922,23.041834060850135,22.647565841674805,28.042580223083498,30.708158779144284,41.42426517486556,10.405010974454953,3.267419632233825,3.195421880456202,3.5767659106011562,3.7701162465821247,4.999590513747614,57.24610137939453,21.572063259832184,21.207664489746094,26.472732543945312,28.962181091308594,36.52762222290039,-8.975232124328613,-21.245198415661072,-21.01148223876953,-16.275912857055665,-13.335326194763184,-10.830598831176758,105.92303848266602,42.817261675493256,42.74961471557617,50.756208419799805,54.60328483581543,69.66560173034668,8.041778179562304,6.084950554519886,6.2524089746737666,6.836735514536956,7.000249165138916,7.331309409447212,0.0034474491821505663,6.134701348313779
R3,mtbench,S4_kdraft_lin_l1,2.300018548965454,4.7909005880355835,8.810344600677494,12.09488382339477,21.292989521026662,25.09996069908142,34.684578361513246,48.74943542480469,76.7780990600586,14.480204807820078,76.7780990600586,256.0;529.0;528.0;211.0;23.0;783.0;532.0;786.0;597.0;531.0,0.751380648276676,3.836203834953221,0.025330046989684295,0.10269141182208147,0.17067361332614864,0.4596585535556979,4800,1024,6.5765023930880275,9.576502393088028,76.7780990600586,0.19363388747589247,3.486477022655885,2.300018548965454,-62.56051254272461,6.541446121956293,4.015817700748862,5.302279911026835,76.7780990600586,27.036785171429315,25.322989463806152,33.36028556823732,38.262460517883305,53.08295989990239,7.709811956862277,6.852755644841542,6.889365786073128,7.222030495217657,7.30605150166785,7.452183931308657,76.7780990600586,27.036785171429315,25.322989463806152,33.36028556823732,38.262460517883305,53.08295989990239,-15.327792167663574,-21.958184443712234,-20.67346954345703,-18.1448486328125,-17.732955646514892,-16.89480005264282,139.3386116027832,48.99496961514155,45.99208641052246,60.23757266998291,69.36884021759036,95.94614055633546,16.61220240258879,5.139312775837587,4.752048598763349,6.392400762895857,7.5338642607104545,10.967797552139842,0.493736199729643,5.298743074777235
R3,mtbench,S4_vdraft_lin_l1,0.7218391597270966,1.2629295587539673,1.8912414550781251,2.3488076210021944,3.568153195381168,4.239493935108187,6.13595815992396,9.911258882808076,17.28578758239746,15.742974774775458,17.28578758239746,540.0;314.0;752.0;623.0;273.0;361.0;369.0;309.0;355.0;529.0,0.3042580709163166,1.0558179249983808,0.00644464477496307,0.02510513481524214,0.045569405548491336,0.1586328916453886,4800,1024,2.601423414905465,5.601423414905465,16.767765045166016,-0.006401357207390106,0.837778174464541,0.7218391597270966,-17.28578758239746,5.588303921374625,3.2496839082196556,1.0980000812866708,17.28578758239746,3.8123897060751917,3.4829663038253784,4.767196369171144,5.7590588569641135,9.938007125854494,4.769369958755598,3.163631244750544,3.143211399585485,3.401082406393182,3.487797648233258,3.762099579231543,16.767765045166016,3.5717757779856525,3.2654407024383545,4.543621635437012,5.359446763992312,9.044279241561892,-2.171733856201172,-3.6248586761951445,-3.3282209634780884,-2.863189315795898,-2.7599255323410032,-2.584903972148895,31.07221031188965,7.1966344541807965,6.584011077880859,8.96313490867615,10.777049851417543,18.624435510635376,3.686503220379131,1.0584796737258704,0.9717629827668077,1.3268750412219148,1.5754338766642937,2.4442254107896373,0.032291443551384615,1.0979814211230712
R3,mtbench,S4_kctx_lin_fp_l1,7.494668483734131,14.372213125228882,23.90080852508545,30.75112266540527,43.70349884033203,48.67138601303101,59.957147136689024,75.00294151838762,119.85028076171875,7.788273513529792,119.85028076171875,783.0;23.0;782.0;85.0;779.0;786.0;93.0;861.0;856.0;798.0,0.5838823662391721,13.09045040613941,0.012271965271304098,0.04828428714209707,0.08345109420181342,0.2916212729087774,125480,1024,1.660597358907407,4.660597358907407,119.85028076171875,0.5060167255554676,11.231901643372687,7.494668483734131,-92.43675994873047,3.8962166631872908,2.840000042581934,15.388555698963934,119.85028076171875,60.82881562370079,59.875667572021484,77.53556060791016,84.42722816467283,98.7715835571289,11.480047735280978,4.145510970945302,4.0432404542382905,4.723396545177409,5.09321807323652,8.172309611022582,119.85028076171875,59.408448046272945,59.06494140625,77.45287399291992,84.32711791992188,98.7715835571289,-22.139009475708008,-52.669458661658545,-52.352840423583984,-41.197914123535156,-35.710349273681736,-27.65326499938965,203.1508026123047,112.07790670793149,111.52372741699219,139.8616485595703,150.3238754272461,171.0124740600586,23.59932334582585,15.076230254296345,15.609031653231636,18.398774723611865,19.117597092240665,20.55461701203992,0.1919480401463656,15.380233859521562
R3,mtbench,S4_vctx_lin_fp_l1,3.7330957651138306,6.551591873168945,9.71357173919678,11.833532142639159,16.312935962677003,17.96870149612428,21.96298732566867,28.098744681929876,67.03092956542969,11.045218617772408,67.03092956542969,870.0;867.0;858.0;856.0;836.0;822.0;862.0;853.0;832.0;879.0,0.15217872476568606,6.009160584770379,0.004383426491574853,0.014173407941271237,0.024487678396487217,0.09406342580504903,125480,1024,0.5564975508996679,3.556497550899668,58.965110778808594,0.032788101704584835,4.743168467753964,3.7330957651138306,-67.03092956542969,3.619015849609902,2.688012014358436,6.068773456196962,67.03092956542969,23.065176569575673,22.670083045959473,28.260765075683594,31.21794891357422,42.68721248626709,11.980084894391272,3.3079837962564533,3.2199623670715316,3.6497193917747666,3.9266982674429936,5.265437348651131,58.965110778808594,21.521536324303128,21.123016357421875,26.60805892944336,29.11532974243164,37.52355998992917,-8.742231369018555,-21.243865165696768,-20.996919631958008,-15.843647003173828,-13.052796936035156,-10.46510124206543,106.12574005126953,42.765401489999896,42.70037841796875,51.141998291015625,55.142159175872784,70.84664154052734,8.13768489752226,6.011152654807808,6.191626304502293,6.805051667539187,6.984730079384131,7.323429565383742,0.0067401815527620085,6.0686848824953366
R3,mtbench,S4_k_stored_ctx_fp_l1,0.5274752676486969,1.3710596561431885,2.6338295698165908,3.324425077438354,4.552609033584596,5.009034814834595,6.141310214996338,7.777660546588804,13.459561347961426,9.037590007482013,13.459561347961426,990.0;222.0;93.0;670.0;477.0;29.0;925.0;798.0;968.0;392.0,0.6578500694908165,1.162740952772134,0.009222199691722676,0.03879028364827388,0.06725818637471508,0.23741074776465212,125480,1024,2.2019724478941924,5.201972447894192,9.596437454223633,0.005846617922813405,0.9865129066521046,0.5274752676486969,-13.459561347961426,4.123659188960456,3.0569060050480927,1.489286561662851,13.459561347961426,6.291349419169567,6.087703227996826,7.273497581481934,7.920060634613037,10.172050476074219,18.18336094513595,5.2409062665166415,5.001159383618488,5.801449464232663,6.832206567405237,11.240012150442055,9.596437454223633,5.950160480377816,5.864682197570801,6.909642457962039,7.277524948120117,8.137432098388672,-3.5461747646331787,-5.816905317982557,-5.599279880523682,-4.964503765106201,-4.808909893035889,-4.485644817352295,19.55887222290039,11.767065798360374,11.5110764503479,13.353495216369629,14.045726299285889,17.363922696113587,1.611601883200926,1.4872683713241628,1.5096175340208056,1.5575554738896975,1.5674491187342534,1.583512462711078,0.0011725799649906258,1.4892750853379713
R3,mtbench,S4_k_stored_ctx_l1,0.5340328812599182,1.3596325814723969,2.6166138648986816,3.312951242923736,4.538202304840091,5.000204327106477,6.121163114547808,7.709477670096965,13.23731517791748,8.922765110228735,13.23731517791748,990.0;222.0;93.0;29.0;670.0;477.0;925.0;798.0;392.0;456.0,0.6559413168033237,1.1620328655871899,0.00890815400005594,0.039109013280728716,0.06631078120711023,0.2362472189723595,125480,1024,2.2049564020982313,5.204956402098231,9.860770225524902,0.0048372256253489685,0.984971275209111,0.5340328812599182,-13.23731517791748,4.1260406614492044,3.0590276536089305,1.4835440599845784,13.23731517791748,6.270788606629845,6.0532917976379395,7.31058406829834,7.930449485778809,10.35190200805664,18.86735765572372,5.246094739531264,5.004278375952136,5.817713921164153,6.715810601512999,11.481314866979414,9.860770225524902,5.927016297396027,5.821284294128418,6.906562185287476,7.3138041496276855,8.195359230041504,-3.4875235557556152,-5.800244315627429,-5.5783467292785645,-4.9458327293396,-4.788228511810303,-4.472296714782715,19.53459644317627,11.727260613023455,11.457483291625977,13.370566987991333,14.191996431350644,17.35696506500244,1.608159947723233,1.4814551652376464,1.5039712125572362,1.5530224819631688,1.5632691773225418,1.5787547974052252,0.00354219481595306,1.4835361738642492
R3,mtbench,S4_k_stored_draft_l1,0.4489307999610901,1.3488322794437408,2.580299711227419,3.258448851108551,4.602510347366334,5.215622425079346,6.63941027450565,7.610579521559378,8.817039489746094,6.168392584923936,8.817039489746094,256.0;320.0;147.0;211.0;23.0;213.0;981.0;782.0;850.0;846.0,0.7114616680252168,1.0405669920120137,0.0158648488716312,0.06622118694391771,0.10900164617072934,0.323517136293519,4800,1024,2.8546152986468245,5.8546152986468245,8.817039489746094,0.015497195823166669,0.9244157528097613,0.4489307999610901,-8.658686637878418,4.644925221573191,3.2199119366253104,1.4293901317655544,8.817039489746094,7.02034668803215,7.050543308258057,7.646589899063111,7.78553991317749,8.058086442947388,6.8230529614660345,5.8439534456996896,5.843468568362519,6.2590105827244695,6.364067932911848,6.578781439374378,8.817039489746094,6.42935980618,6.285174608230591,7.45325050354004,7.660624527931214,7.949367418289186,-5.002246856689453,-6.640904650489489,-6.688514471054077,-5.798491859436035,-5.617300987243652,-5.338644113540649,15.524615287780762,13.07026445666949,13.071557760238647,14.046831369400024,14.358198499679565,14.735157136917115,1.612509033943517,1.4288455038381198,1.4132452231610033,1.490216093923963,1.5247898497249683,1.566900405506523,-0.07073775814801797,1.4293061203641322
R3,mtbench,S4_v_stored_ctx_l1,3.8091284036636353,6.666083812713623,9.8269006729126,11.938052415847777,16.355488872528095,18.089087419509898,21.760028739929556,27.692961835668864,66.69768524169922,10.871101872641052,66.69768524169922,870.0;858.0;867.0;822.0;856.0;836.0;853.0;808.0;879.0;862.0,0.14825006527401452,6.07850802275185,0.004188498017182637,0.014072731530721814,0.02397168440374338,0.09113168221020954,125480,1024,0.48214277496248936,3.4821427749624894,57.24610137939453,0.08710292368409034,4.807637855515225,3.8091284036636353,-66.69768524169922,3.5466821423583292,2.665792449404805,6.135319678086645,66.69768524169922,23.041834060850135,22.647565841674805,28.042580223083498,30.708158779144284,41.42426517486556,10.405010974454953,3.267419632233825,3.195421880456202,3.5767659106011562,3.7701162465821247,4.999590513747614,57.24610137939453,21.572063259832184,21.207664489746094,26.472732543945312,28.962181091308594,36.52762222290039,-8.975232124328613,-21.245198415661072,-21.01148223876953,-16.275912857055665,-13.335326194763184,-10.830598831176758,105.92303848266602,42.817261675493256,42.74961471557617,50.756208419799805,54.60328483581543,69.66560173034668,8.041778179562304,6.084950554519886,6.2524089746737666,6.836735514536956,7.000249165138916,7.331309409447212,0.0034474491821505663,6.134701348313779
R3,mtbench,S4_v_stored_draft_l1,0.7218391597270966,1.2629295587539673,1.8912414550781251,2.3488076210021944,3.568153195381168,4.239493935108187,6.13595815992396,9.911258882808076,17.28578758239746,15.742974774775458,17.28578758239746,540.0;314.0;752.0;623.0;273.0;361.0;369.0;309.0;355.0;529.0,0.3042580709163166,1.0558179249983808,0.00644464477496307,0.02510513481524214,0.045569405548491336,0.1586328916453886,4800,1024,2.601423414905465,5.601423414905465,16.767765045166016,-0.006401357207390106,0.837778174464541,0.7218391597270966,-17.28578758239746,5.588303921374625,3.2496839082196556,1.0980000812866708,17.28578758239746,3.8123897060751917,3.4829663038253784,4.767196369171144,5.7590588569641135,9.938007125854494,4.769369958755598,3.163631244750544,3.143211399585485,3.401082406393182,3.487797648233258,3.762099579231543,16.767765045166016,3.5717757779856525,3.2654407024383545,4.543621635437012,5.359446763992312,9.044279241561892,-2.171733856201172,-3.6248586761951445,-3.3282209634780884,-2.863189315795898,-2.7599255323410032,-2.584903972148895,31.07221031188965,7.1966344541807965,6.584011077880859,8.96313490867615,10.777049851417543,18.624435510635376,3.686503220379131,1.0584796737258704,0.9717629827668077,1.3268750412219148,1.5754338766642937,2.4442254107896373,0.032291443551384615,1.0979814211230712
R3,mtbench,S4_kctx_lin_l2,6.514835834503174,12.186569690704346,18.945020675659183,23.697806358337388,33.951466636657756,37.798556919097905,46.01474617004587,56.65860964431035,105.38579559326172,8.83836648636296,105.38579559326172,30.0;89.0;943.0;861.0;86.0;414.0;19.0;953.0;1020.0;1003.0,0.4358657416965259,10.941556620928075,0.008516558008990937,0.03248559690861136,0.05866158884951656,0.21102825090949306,125480,1024,1.1820273453932133,4.182027345393213,105.38579559326172,0.057638033985921336,8.960795007236719,6.514835834503174,-84.36184692382812,3.859108223630809,2.847399909969391,11.923673424932687,105.38579559326172,47.17819109174299,47.34242248535156,58.81054801940918,62.79764308929422,71.9631507110594,11.166905938060639,3.8592498766215626,3.739246238659828,4.487753037545705,4.959456371860953,5.999709398470759,105.38579559326172,44.76279804185959,44.841060638427734,56.24322509765625,60.42552356719944,70.27735900878906,-18.774860382080078,-43.82707046997331,-43.842994689941406,-31.951858520507812,-27.487138748168945,-21.677583694458008,181.85965728759766,88.58986851183289,89.40924453735352,108.87370300292969,115.34722137451172,129.73672485351562,15.920369672542739,11.780085205277404,12.183522651950558,13.549634069758268,13.893450476913019,14.509381095256566,0.0658164260608705,11.92353411541579
R3,mtbench,S4_vctx_lin_l2,4.938903093338013,8.7060706615448,12.997268009185794,15.890610408782958,21.884260444641132,24.38517782211304,29.49407715606705,36.36881256217956,62.677734375,7.600679210084158,62.677734375,459.0;466.0;843.0;478.0;648.0;727.0;485.0;408.0;417.0;507.0,0.12860416254766915,8.192956790917043,0.00191236293211192,0.008933249546972168,0.017366885008829484,0.07905882001098123,125480,1024,0.46925879295095685,3.469258792950957,55.22327423095703,-0.02412965376371871,6.440666150541833,4.938903093338013,-62.677734375,3.5766292654980307,2.6538171018510264,8.246333339768197,62.677734375,29.787315303776953,30.141357421875,36.900718688964844,39.08137893676758,44.00282287597656,5.97943212755622,3.1955865098378515,3.1582422801611822,3.4955916911635136,3.6264078084333384,4.004836703409415,55.22327423095703,27.8348313910284,28.024625778198242,34.88191604614258,37.06145534515371,41.93284225463867,-11.124117851257324,-28.06545161163499,-28.31620979309082,-20.226314544677734,-16.29575538635254,-13.06386947631836,98.88104248046875,55.900283002663386,56.99286079406738,68.00611228942873,71.37892150878906,78.5089340209961,10.940125632164397,8.140852740239584,8.479625099940177,9.38219496932594,9.582885358149378,9.975259051866379,-0.0014422134269253724,8.246298036718159
R3,mtbench,S4_kdraft_lin_l2,4.682541370391846,8.618520498275757,13.525471687316895,17.178095817565918,24.27062620162964,27.017040510177644,33.61557597351102,47.36215218581741,87.67178344726562,10.90885514600793,87.67178344726562,384.0;595.0;854.0;606.0;65.0;23.0;86.0;89.0;193.0;513.0,0.5634686133335598,6.94144477025687,0.013464802038425316,0.048527854137696634,0.08492803449060284,0.2896441295323442,4800,1024,1.216248517669536,4.216248517669536,52.484764099121094,-0.18121822742343624,6.059706250552074,4.682541370391846,-87.67178344726562,4.18273057220548,3.019953913629894,8.03675383657,87.67178344726562,32.74632857282956,31.36383056640625,41.5357162475586,45.784725570678724,58.492472343444895,5.844286677175392,3.903702197085754,3.8799740809983323,4.276346096156979,4.4094329644478645,4.722178945849961,52.484764099121094,28.840449681282042,28.354087829589844,34.62616806030274,36.95527267456055,43.32362209320068,-17.50185775756836,-31.723154465357464,-30.14572811126709,-23.95920639038086,-22.652883052825928,-20.388146934509276,136.6713523864746,60.563604146639506,59.36302089691162,73.75258674621583,79.00728273391724,95.45395156860353,13.985946811009764,7.971641091492062,7.869204738296428,9.26163077525326,9.767145986175656,11.066387562550611,0.049354412705561485,8.034710460475356
R3,mtbench,S4_vdraft_lin_l2,2.421209692955017,4.2063106298446655,6.249535942077639,7.675832891464231,10.92385146141053,12.332482962608353,15.564249158859349,20.790939406203165,37.22876739501953,10.042464554372371,37.22876739501953,429.0;418.0;494.0;548.0;594.0;623.0;442.0;445.0;480.0;420.0,0.21029118081022458,3.641699425629802,0.003951065671106969,0.016054339424769224,0.02875879608602634,0.10852665611157848,4800,1024,0.818310454919875,3.818310454919875,37.22876739501953,0.004283084372344395,2.8805937546696727,2.421209692955017,-31.40469741821289,4.198458112641551,2.9467102666718983,3.7071345578024033,37.22876739501953,13.718829646110535,13.149426937103271,17.703811645507812,19.67462558746338,24.64195062637331,4.847548468757563,3.2622641404527695,3.2333273059931256,3.5660785989995403,3.679378996532645,3.954028526851968,37.22876739501953,12.878838092982768,12.332496643066406,16.762612342834476,18.50841751098633,23.19192249298098,-7.057030200958252,-12.78114037623008,-12.204386234283447,-9.550399208068848,-8.923158502578735,-8.162804946899413,63.64159965515137,25.65997846921285,24.68700075149536,32.777312469482425,36.040509223937995,44.27145957946779,7.221207332457742,3.650561793792367,3.5328252889922664,4.47392032696007,4.844817078070433,5.966581095521267,0.0025514497641425152,3.707132083543973
R3,mtbench,S4_kctx_lin_fp_l2,6.5256733894348145,12.344970226287842,19.289547729492188,24.163798809051514,34.60835304260254,38.611028175354036,47.337750225067715,58.18288404616707,107.31883239746094,8.870620269544354,107.31883239746094,30.0;89.0;943.0;414.0;1020.0;861.0;86.0;953.0;759.0;19.0,0.4458276561937069,11.051234945695448,0.008820971528447678,0.034429772101007415,0.06166745723439621,0.21594682394499434,125480,1024,1.2556782984730024,4.255678298473002,107.31883239746094,0.0539222385679359,9.05209889110335,6.5256733894348145,-83.87657165527344,3.912782102454632,2.860612169710117,12.098233171576563,107.31883239746094,48.260041954580444,48.509246826171875,60.31127166748047,64.32890319824219,73.89356231689453,11.162120377945294,3.923333997282282,3.7920114436546024,4.57637081257191,5.089348639379161,6.161346836328615,107.31883239746094,45.93385190598935,45.99970626831055,57.96287536621094,62.18643569946289,72.40473175048828,-18.46915054321289,-44.57134487764981,-44.651100158691406,-32.25204086303711,-27.366668701171875,-21.826770782470703,186.83482360839844,90.50519678363915,91.58964538574219,111.46820831298828,118.09123229980469,133.02674831390325,16.45910949966158,11.942047976754813,12.386782352611911,13.773086264201318,14.129772320540438,14.769266021335193,0.0740817746655209,12.098113004350031
R3,mtbench,S4_vctx_lin_fp_l2,4.833395719528198,8.601920366287231,12.930323600769043,15.85196814537048,21.949272117614754,24.423349409103395,29.608118041993002,36.42153493842496,62.227638244628906,7.587962416608517,62.227638244628906,459.0;481.0;408.0;438.0;478.0;648.0;428.0;417.0;780.0;843.0,0.1315543521775806,8.145742506818962,0.0019404558807399822,0.00866051329561059,0.016842135671114904,0.0784855705944228,125480,1024,0.5231345778104637,3.5231345778104637,56.35980224609375,-0.026786146771172397,6.387281430856285,4.833395719528198,-62.227638244628906,3.6103778524575953,2.6764675086274794,8.200836381111374,62.227638244628906,29.714119058594722,30.155071258544922,37.01690673828125,39.237091064453125,44.2409492492675,5.9253721655036244,3.2172365312467113,3.1726097445547463,3.54397047569925,3.6683894616213624,4.073267047403268,56.35980224609375,27.76223208961268,28.089282989501953,35.01559944152832,37.254407501220584,42.174788703918374,-9.72597885131836,-27.959908179032944,-28.32810401916504,-19.768535614013672,-15.435050964355469,-12.42148208618164,96.54515838623047,55.722140268645624,56.97416305541992,68.30590057373047,71.65132179260253,79.06615249633778,11.040750499958765,8.08158185157721,8.439911581973986,9.394072654900183,9.610191183796822,10.024510373165345,0.0006219723385190256,8.200792635599383
R3,mtbench,S4_k_stored_ctx_fp_l2,0.9838505685329437,1.8673845529556274,2.91019780635834,3.619629347324371,5.113014931678774,5.674451732635501,6.875848577022996,8.650336690139033,11.583518981933594,6.702871792053461,11.583518981933594,748.0;303.0;759.0;943.0;751.0;699.0;949.0;1020.0;763.0;702.0,0.4283093634189141,1.5857182969446075,0.005410436145164764,0.023512899859299125,0.04437621709807467,0.1690247906830668,125480,1024,1.070580246802721,4.070580246802721,11.583518981933594,-0.04691999337821483,1.295169662772832,0.9838505685329437,-11.511061668395996,3.978750459617677,2.9586763410454506,1.7281427037984445,11.583518981933594,7.2131914749698804,7.091170787811279,8.312520980834961,8.761155128479004,9.585560445785523,5.702361258014342,4.048852304859876,4.0144989302841605,4.510693478502088,4.687035536797711,5.017249863466452,11.583518981933594,6.819348231705655,6.705080509185791,8.040308952331543,8.55454158782959,9.483197698593102,-4.478898525238037,-6.634459445668058,-6.5436530113220215,-5.689648628234863,-5.491392612457275,-5.146848201751709,19.584396362304688,13.453807677373712,13.36676025390625,15.03475284576416,15.57471227645874,16.595067501068115,1.8588475298427745,1.727782501807693,1.7179747610090033,1.781471076578446,1.8069873205415912,1.8433704773547717,0.00704364718457023,1.7275056349873903
R3,mtbench,S4_k_stored_ctx_l2,0.9886943399906158,1.870058834552765,2.9072124719619756,3.613589537143707,5.096652412414551,5.672472004890442,6.831429699420984,8.428735127639584,11.957913398742676,6.9196242742105945,11.957913398742676,303.0;748.0;751.0;943.0;759.0;949.0;763.0;379.0;699.0;693.0,0.4231706328229198,1.5898069334327527,0.005078256153014573,0.022839062373491835,0.042748138222707066,0.16590699755055266,125480,1024,1.0416095725727548,4.041609572572755,11.374258041381836,-0.0501805832998816,1.2980874702647331,0.9886943399906158,-11.957913398742676,3.9531083057222145,2.9492536510480067,1.7281159966025554,11.957913398742676,7.184728300913451,7.0822954177856445,8.24785041809082,8.664445877075195,9.526110649108887,5.977993501984931,4.021876687441143,3.990697498399382,4.456791648290811,4.622546355515093,4.95073777123466,11.374258041381836,6.740237672423191,6.6422624588012695,7.894241809844971,8.359290170669556,9.319363594055176,-4.462952136993408,-6.669362534544139,-6.584386348724365,-5.718021869659424,-5.52122163772583,-5.18131213188173,20.041370391845703,13.40960020696733,13.32922887802124,14.939246416091922,15.45390510559082,16.448262414932252,1.857716279649378,1.727774898143237,1.7184526609819688,1.780694862306697,1.8014079778461394,1.8388253811277815,-0.004568380669591342,1.7273872775881287
R3,mtbench,S4_k_stored_draft_l2,0.9773254692554474,1.7575267255306244,2.6429287195205697,3.2281162619590758,4.38630934238434,4.852695968151094,5.808218479156494,6.848790701055497,8.544408798217773,5.382644703905611,8.544408798217773,606.0;1020.0;759.0;222.0;542.0;699.0;748.0;687.0;755.0;370.0,0.4795837471558959,1.4348565077223026,0.008954212365053987,0.03749738867432612,0.06351415748813048,0.21503943076320015,4800,1024,0.5188298761487493,3.5188298761487493,8.505709648132324,-0.05444020626617249,1.2289790655893549,0.9773254692554474,-8.544408798217773,3.6589513884775138,2.7632040213714295,1.5873997390201153,8.544408798217773,6.018984492421151,5.961400032043457,6.771983909606934,7.051295518875122,7.594005990028383,4.559581713600896,3.5096237539903994,3.49268673260989,3.7784696458222453,3.8746261317259565,4.060972722854612,8.505709648132324,5.548591789205869,5.460365295410156,6.426771831512451,6.764789438247681,7.368469147682191,-4.155943870544434,-5.726531313757102,-5.671947240829468,-4.958591461181641,-4.788050293922424,-4.525508317947388,14.958943367004395,11.27512310296297,11.210355997085571,12.383897542953491,12.810427451133728,13.590308899879457,1.6815251345226636,1.5871963176115824,1.5871259310746328,1.6201774051674755,1.6295957971780337,1.646050658555471,0.010097266077008806,1.5864659452326189
R3,mtbench,S4_v_stored_ctx_l2,4.938903093338013,8.7060706615448,12.997268009185794,15.890610408782958,21.884260444641132,24.38517782211304,29.49407715606705,36.36881256217956,62.677734375,7.600679210084158,62.677734375,459.0;466.0;843.0;478.0;648.0;727.0;485.0;408.0;417.0;507.0,0.12860416254766915,8.192956790917043,0.00191236293211192,0.008933249546972168,0.017366885008829484,0.07905882001098123,125480,1024,0.46925879295095685,3.469258792950957,55.22327423095703,-0.02412965376371871,6.440666150541833,4.938903093338013,-62.677734375,3.5766292654980307,2.6538171018510264,8.246333339768197,62.677734375,29.787315303776953,30.141357421875,36.900718688964844,39.08137893676758,44.00282287597656,5.97943212755622,3.1955865098378515,3.1582422801611822,3.4955916911635136,3.6264078084333384,4.004836703409415,55.22327423095703,27.8348313910284,28.024625778198242,34.88191604614258,37.06145534515371,41.93284225463867,-11.124117851257324,-28.06545161163499,-28.31620979309082,-20.226314544677734,-16.29575538635254,-13.06386947631836,98.88104248046875,55.900283002663386,56.99286079406738,68.00611228942873,71.37892150878906,78.5089340209961,10.940125632164397,8.140852740239584,8.479625099940177,9.38219496932594,9.582885358149378,9.975259051866379,-0.0014422134269253724,8.246298036718159
R3,mtbench,S4_v_stored_draft_l2,2.421209692955017,4.2063106298446655,6.249535942077639,7.675832891464231,10.92385146141053,12.332482962608353,15.564249158859349,20.790939406203165,37.22876739501953,10.042464554372371,37.22876739501953,429.0;418.0;494.0;548.0;594.0;623.0;442.0;445.0;480.0;420.0,0.21029118081022458,3.641699425629802,0.003951065671106969,0.016054339424769224,0.02875879608602634,0.10852665611157848,4800,1024,0.818310454919875,3.818310454919875,37.22876739501953,0.004283084372344395,2.8805937546696727,2.421209692955017,-31.40469741821289,4.198458112641551,2.9467102666718983,3.7071345578024033,37.22876739501953,13.718829646110535,13.149426937103271,17.703811645507812,19.67462558746338,24.64195062637331,4.847548468757563,3.2622641404527695,3.2333273059931256,3.5660785989995403,3.679378996532645,3.954028526851968,37.22876739501953,12.878838092982768,12.332496643066406,16.762612342834476,18.50841751098633,23.19192249298098,-7.057030200958252,-12.78114037623008,-12.204386234283447,-9.550399208068848,-8.923158502578735,-8.162804946899413,63.64159965515137,25.65997846921285,24.68700075149536,32.777312469482425,36.040509223937995,44.27145957946779,7.221207332457742,3.650561793792367,3.5328252889922664,4.47392032696007,4.844817078070433,5.966581095521267,0.0025514497641425152,3.707132083543973
R3,mtbench,S4_kctx_lin_l3,6.474835634231567,12.329118251800537,19.445179176330566,24.49011602401733,35.26494140625002,39.66481225967407,49.1929617881789,64.37772061309572,103.88642883300781,8.721703280670305,103.88642883300781,699.0;1021.0;702.0;939.0;949.0;698.0;1016.0;946.0;1007.0;1019.0,0.4321148903890649,10.952534694514714,0.0076877239922568934,0.030097337352789442,0.05326644698326922,0.19012642360584955,125480,1024,1.3177910984899812,4.317791098489981,103.88642883300781,0.1271672080655923,8.92339956495239,6.474835634231567,-95.9449462890625,4.129956347845196,2.960640370552545,11.911254658622559,103.88642883300781,48.29731357069505,46.9254264831543,60.8141399383545,66.50358581542969,76.87403106689453,7.34818009771476,4.000376315405486,3.84692030245743,4.874487772224135,5.245063916823477,6.116856318260435,103.88642883300781,45.9076026809341,44.56032180786133,58.627681732177734,63.81855773925781,75.3702621459961,-24.449054718017578,-44.22910934535797,-42.89416694641113,-34.65935134887695,-32.52845001220703,-28.54366683959961,189.44761657714844,90.13671202629206,87.87691497802734,111.36339988708497,122.4600715637207,139.6945686340332,17.600140400945467,11.803195569952821,11.798990221766742,13.673360305836272,14.305922763759666,15.57744236796365,0.0866131119736533,11.910575806557397
R3,mtbench,S4_vctx_lin_l3,5.307320833206177,9.43361520767212,14.315056324005134,17.835515213012687,26.00218381881714,29.599250154495248,37.93334853363141,49.1797168235724,89.06703186035156,9.81272769057148,89.06703186035156,584.0;548.0;689.0;649.0;525.0;675.0;623.0;560.0;555.0;537.0,0.2096555814061537,8.923281462330085,0.002133883446014227,0.010456911211184092,0.020285340765902125,0.09432484725768894,125480,1024,1.3177479570436983,4.317747957043698,79.74996948242188,0.004378618566646314,6.933119294400291,5.307320833206177,-89.06703186035156,4.179207634713637,2.864722713273871,9.076684350053988,89.06703186035156,35.77423227201954,34.41183662414551,48.5943489074707,52.94637317657471,63.48884426116936,6.92687832550239,3.5979361164871806,3.4921866482816943,4.2362207516720085,4.5214478030248255,5.045678057885623,79.74996948242188,33.29084113673264,31.90921401977539,45.38215255737305,49.69349670410156,57.8173833465573,-12.54141616821289,-33.330496629438926,-32.037376403808594,-23.443946456909163,-20.584829330444336,-15.77784252166748,153.7081756591797,66.62133776617156,64.24847793579102,89.26642608642578,96.51178379058838,112.02535247802734,15.350963458562891,8.920009869393267,8.809024199467329,10.995065643643303,11.637296446470327,12.958729845096876,0.006521195399280289,9.076683293924848
R3,mtbench,S4_kdraft_lin_l3,5.611340045928955,10.13045620918274,15.546353149414063,19.52683620452881,29.21490673065186,33.48941053390505,45.34875300216865,63.66336721457061,97.18616485595703,10.057358915286361,97.18616485595703,458.0;389.0;832.0;457.0;395.0;448.0;454.0;384.0;834.0;453.0,0.5543444093600001,8.380227099183202,0.02114707524004276,0.06401579324880391,0.1017347717928587,0.29794039500743813,4800,1024,1.8897910893202683,4.889791089320268,97.18616485595703,-0.10657606117726422,7.2740693423502325,5.611340045928955,-79.09172821044922,4.6929384031097925,3.0233192461320897,9.663189478923938,97.18616485595703,45.70509901046753,43.853912353515625,61.2246509552002,65.21200408935547,73.0010943603516,9.340716723780524,4.400730736798655,4.237574053540998,5.435291760910568,5.776043165017442,6.5202945103044705,97.18616485595703,44.680737988551456,43.47158432006836,61.2246509552002,65.21200408935547,73.0010943603516,-23.245634078979492,-36.64050014694532,-35.7982120513916,-30.001626396179198,-28.635883808135986,-26.471881160736082,176.27789306640625,81.32123813549677,79.17282485961914,104.00864295959474,110.62472915649414,125.08178169250489,15.789763538472629,9.598034965778892,9.486589697425206,11.052683442639594,11.67127044399374,13.005076588341604,0.18367214719298725,9.662601743255811
R3,mtbench,S4_vdraft_lin_l3,4.354535818099976,7.591982483863831,11.255965328216563,13.84355092048645,20.042023773193375,22.852638015747072,29.915709674835348,40.635337829589844,78.37217712402344,11.369110478425856,78.37217712402344,493.0;408.0;388.0;487.0;511.0;414.0;411.0;438.0;393.0;476.0,0.2853791579608882,6.670768988347576,0.0045730480674567395,0.019601986275672743,0.035566358993344864,0.1333150027618173,4800,1024,1.1603813607989135,4.1603813607989135,78.37217712402344,-0.04985819869225679,5.317205714819383,4.354535818099976,-60.06481170654297,4.339741740177597,2.907409119541059,6.893430868909516,78.37217712402344,28.6065924145778,27.519770622253418,37.68839874267579,41.51607894897461,50.02771537780763,10.128609716192,3.67267086099654,3.554696858856669,4.317240315839786,4.653157228510743,5.506942400126183,78.37217712402344,27.06121161222458,25.663047790527344,36.32402076721192,40.149314689636235,48.072173004150414,-14.444747924804688,-25.592450722257297,-24.482176780700684,-18.85639705657959,-17.894494247436523,-16.202692413330066,138.4369888305664,52.65366233448187,50.70139980316162,68.32799339294434,74.72733573913574,87.06774845123297,11.214224646136461,6.827358738160685,6.68392270805817,8.151221954123502,8.602709571885814,9.385086966275429,0.04119139669852899,6.893250561560762
R3,mtbench,S4_kctx_lin_fp_l3,6.451875686645508,12.343459129333496,19.537530326843267,24.678452014923096,35.66750717163086,40.1504899787903,50.405044567108156,64.7156543258657,103.13756561279297,8.61406632897319,103.13756561279297,699.0;1021.0;702.0;949.0;939.0;1007.0;946.0;1016.0;698.0;1019.0,0.4332118987659759,10.998810238428884,0.008077587365826585,0.030594435141144054,0.05359765002182594,0.1898641884259461,125480,1024,1.3866864947003323,4.386686494700332,103.13756561279297,0.13072954131184908,8.945335912200484,6.451875686645508,-98.145751953125,4.20983755662799,2.978956025770745,11.973156657256332,103.13756561279297,48.795678885225506,47.34010314941406,61.610294342041016,67.69071197509766,78.25747680664062,7.814767801641654,4.040142009248436,3.879757976656803,4.932474810371845,5.371995558250479,6.35965227901073,103.13756561279297,46.399066811790505,44.978004455566406,59.48954391479492,64.60710144042969,76.8636703491211,-24.832490921020508,-44.65670616068124,-43.3021240234375,-34.94813537597656,-32.733301925659326,-28.033809661865234,193.3030014038086,91.05577297247174,88.66583824157715,113.14038848876953,124.10992431640625,141.80637741088867,18.069565158243186,11.853665039115233,11.849252493892077,13.875688141263465,14.46402206254333,15.766442984994733,0.08391630413832367,11.972442947294843
R3,mtbench,S4_vctx_lin_fp_l3,5.141812324523926,9.209642171859741,14.092451763153083,17.655420875549314,26.07900436401368,29.757434844970703,38.55951485443196,50.71160533675929,85.47964477539062,9.529601532061008,85.47964477539062,584.0;689.0;675.0;548.0;525.0;649.0;748.0;555.0;623.0;980.0,0.2184997151465713,8.805011371293926,0.002176607503152681,0.010369546890952699,0.020194176186512557,0.09587373234410994,125480,1024,1.5194712994942696,4.51947129949427,83.56218719482422,-0.007016210355434814,6.806312287077575,5.141812324523926,-85.47964477539062,4.2987639080376,2.907388309754412,8.969907554665989,85.47964477539062,35.65948894124218,34.33184051513672,48.90974807739258,53.35454177856445,63.65693664550781,6.869288425480881,3.6769031932567993,3.5616944878316286,4.384220550812717,4.651773900824564,5.238645171571945,83.56218719482422,33.10537524745462,31.77904510498047,45.50709953308106,50.01598358154297,58.736305236816406,-11.639566421508789,-33.3349837136793,-31.990041732788086,-22.98735980987549,-19.75402250289917,-14.363063764572143,155.56915283203125,66.44035896113392,64.07419395446777,90.22321701049805,97.70925235748291,112.87871932983398,15.554239434084025,8.789409839904415,8.67281087829533,10.997288175771534,11.685376502512204,13.123219326161612,-0.00238001922080603,8.969904810645776
R3,mtbench,S4_k_stored_ctx_fp_l3,0.9287704825401306,1.827911764383316,2.9695638895034797,3.7475466370582566,5.262811479568483,5.8232704424858115,7.039633491039287,8.438451511857991,10.983637809753418,6.308081929049332,10.983637809753418,619.0;698.0;555.0;613.0;48.0;877.0;440.0;702.0;246.0;171.0,0.45844927089987497,1.580094646455667,0.007444418711551063,0.02884755517744027,0.05272539328257766,0.18596979452006757,125480,1024,1.2098896425634758,4.209889642563476,10.983637809753418,-0.0009031772096229196,1.2916730364276525,0.9287704825401306,-10.545136451721191,4.042976068686693,3.022518273570478,1.74120088059933,10.983637809753418,7.0899809093090775,6.994694232940674,8.181467056274414,8.539416313171387,9.641395492553661,6.215761984214079,4.165899151321112,4.041939993345296,5.065228551350223,5.390609724795603,5.793384182997221,10.983637809753418,6.620212855918946,6.546903371810913,7.674274682998658,8.084802627563477,8.70197582244873,-4.288451194763184,-6.731543670291159,-6.619579315185547,-5.667580604553223,-5.460210251808171,-5.100507736206055,18.59791374206543,13.351756526210105,13.19104528427124,15.164352893829346,15.774486541748047,16.9393367767334,1.8554677340945172,1.7408647826618402,1.7358072131341504,1.7832805978772142,1.8206673161298998,1.8406070730464357,-0.008586584250740615,1.741200646356074
R3,mtbench,S4_k_stored_ctx_l3,0.9322415590286255,1.8305759131908417,2.965627741813661,3.7289389133453366,5.244204430580144,5.788661763668061,6.988388397216836,8.368562040995883,10.701181411743164,6.152200691742476,10.701181411743164,246.0;698.0;613.0;619.0;555.0;877.0;702.0;48.0;440.0;174.0,0.4582535753944583,1.5791609716057757,0.007203403346364897,0.028803034029446863,0.05205126184878739,0.18577194382278098,125480,1024,1.1855112072438416,4.185511207243842,10.701181411743164,0.0029192275461140758,1.2921179013131665,0.9322415590286255,-10.562631607055664,4.017684242259661,3.014937966573411,1.7394070752773654,10.701181411743164,7.067397437834383,6.97207498550415,8.191387557983399,8.516590118408203,9.421883583068848,6.058184292457666,4.143447447305882,4.024422515123644,5.042324584588396,5.300375373757783,5.661251796299713,10.701181411743164,6.616746571567889,6.542356014251709,7.663331508636476,8.03201961517334,8.723501205444336,-4.371540069580078,-6.68892201570177,-6.576323986053467,-5.631410551071167,-5.428642725944519,-5.076432061195376,19.120712280273438,13.30566858726966,13.163133382797241,15.137293815612793,15.730894088745117,16.69026279449463,1.8505727730870762,1.7390777495181,1.7339586860374472,1.781327857244029,1.8170974895508765,1.8374585355049722,-0.0044229433161266166,1.7394046256220812
R3,mtbench,S4_k_stored_draft_l3,0.9751630425453186,1.763239324092865,2.6910767793655404,3.3381148815155015,4.672479286193848,5.1888264322280895,6.193898848533684,7.248647330570158,9.13603687286377,5.613217329398169,9.13603687286377,372.0;235.0;127.0;249.0;698.0;384.0;561.0;448.0;832.0;768.0,0.5030416215026975,1.4525434961851282,0.0089159173465254,0.04120755257755441,0.07352941058554338,0.24855220273371503,4800,1024,0.7536869441675687,3.7536869441675687,9.13603687286377,-0.02897057019032756,1.2458223813300493,0.9751630425453186,-8.988073348999023,3.8055560454661785,2.8707898255555104,1.6275936484795444,9.13603687286377,6.309189645151298,6.255122900009155,7.0188788890838625,7.26858913898468,7.933053793907166,4.774263316403948,3.7480453171038235,3.731803930864279,4.052950943806093,4.156946700472211,4.350127060625559,9.13603687286377,5.9657327482104305,5.906297922134399,6.779010915756226,7.056409406661987,7.7472264671325695,-4.463660717010498,-5.993427598873774,-5.933010816574097,-5.330397605895996,-5.180111956596375,-4.910456576347351,15.660550117492676,11.959160347084204,11.904415845870972,13.053558206558229,13.424040079116821,14.161797084808352,1.7120454358100348,1.6274125048129116,1.6287437933233886,1.6582001518601177,1.6659598236688602,1.6785556439701603,0.0017250411018987194,1.6273357952905114
R3,mtbench,S4_v_stored_ctx_l3,5.307320833206177,9.43361520767212,14.315056324005134,17.835515213012687,26.00218381881714,29.599250154495248,37.93334853363141,49.1797168235724,89.06703186035156,9.81272769057148,89.06703186035156,584.0;548.0;689.0;649.0;525.0;675.0;623.0;560.0;555.0;537.0,0.2096555814061537,8.923281462330085,0.002133883446014227,0.010456911211184092,0.020285340765902125,0.09432484725768894,125480,1024,1.3177479570436983,4.317747957043698,79.74996948242188,0.004378618566646314,6.933119294400291,5.307320833206177,-89.06703186035156,4.179207634713637,2.864722713273871,9.076684350053988,89.06703186035156,35.77423227201954,34.41183662414551,48.5943489074707,52.94637317657471,63.48884426116936,6.92687832550239,3.5979361164871806,3.4921866482816943,4.2362207516720085,4.5214478030248255,5.045678057885623,79.74996948242188,33.29084113673264,31.90921401977539,45.38215255737305,49.69349670410156,57.8173833465573,-12.54141616821289,-33.330496629438926,-32.037376403808594,-23.443946456909163,-20.584829330444336,-15.77784252166748,153.7081756591797,66.62133776617156,64.24847793579102,89.26642608642578,96.51178379058838,112.02535247802734,15.350963458562891,8.920009869393267,8.809024199467329,10.995065643643303,11.637296446470327,12.958729845096876,0.006521195399280289,9.076683293924848
R3,mtbench,S4_v_stored_draft_l3,4.354535818099976,7.591982483863831,11.255965328216563,13.84355092048645,20.042023773193375,22.852638015747072,29.915709674835348,40.635337829589844,78.37217712402344,11.369110478425856,78.37217712402344,493.0;408.0;388.0;487.0;511.0;414.0;411.0;438.0;393.0;476.0,0.2853791579608882,6.670768988347576,0.0045730480674567395,0.019601986275672743,0.035566358993344864,0.1333150027618173,4800,1024,1.1603813607989135,4.1603813607989135,78.37217712402344,-0.04985819869225679,5.317205714819383,4.354535818099976,-60.06481170654297,4.339741740177597,2.907409119541059,6.893430868909516,78.37217712402344,28.6065924145778,27.519770622253418,37.68839874267579,41.51607894897461,50.02771537780763,10.128609716192,3.67267086099654,3.554696858856669,4.317240315839786,4.653157228510743,5.506942400126183,78.37217712402344,27.06121161222458,25.663047790527344,36.32402076721192,40.149314689636235,48.072173004150414,-14.444747924804688,-25.592450722257297,-24.482176780700684,-18.85639705657959,-17.894494247436523,-16.202692413330066,138.4369888305664,52.65366233448187,50.70139980316162,68.32799339294434,74.72733573913574,87.06774845123297,11.214224646136461,6.827358738160685,6.68392270805817,8.151221954123502,8.602709571885814,9.385086966275429,0.04119139669852899,6.893250561560762
R3,mtbench,S4_kctx_lin_l4,6.805002689361572,12.56131362915039,19.140549659729004,23.52969446182251,32.786797103881845,36.758496932983405,46.436392253875844,59.5727500919342,98.94725036621094,8.422517711112114,98.94725036621094,38.0;114.0;62.0;243.0;120.0;58.0;125.0;30.0;127.0;762.0,0.36254894818774397,11.077067540375959,0.006392726269956088,0.02881835464278194,0.048886851853141025,0.1579689416453168,125480,1024,0.7410713328006118,3.7410713328006118,98.94725036621094,0.02221602071469283,9.034290302360457,6.805002689361572,-81.31542205810547,3.952725666967877,2.7908545035465133,11.747942095231984,98.94725036621094,45.82058458863302,44.62248229980469,57.45048904418945,61.11524963378906,70.35302734375,7.10218420566974,3.6541194438721964,3.4162802658646245,4.775746733350232,5.470908335409201,6.172779893113724,98.94725036621094,43.442836727684075,42.279212951660156,54.82938766479492,59.28798198699947,68.30766456604005,-24.533523559570312,-42.14939546811569,-40.83721923828125,-33.34133911132812,-31.55801773071289,-28.02769660949707,163.02178192138672,85.59223219579977,83.62961387634277,104.68380737304688,113.94915771484375,125.04866027832031,16.6252931984649,11.668026932849799,11.797044478450125,13.141929024714836,13.553598745726456,14.37470792126693,0.02395883388352777,11.747921089339478
R3,mtbench,S4_vctx_lin_l4,5.220034599304199,9.199132204055786,13.726655864715578,16.87080392837524,23.954693145751953,27.0063263130188,34.13828404617443,45.094444815807776,87.04522705078125,10.141190891324932,87.04522705078125,48.0;100.0;44.0;29.0;84.0;42.0;68.0;99.0;111.0;6.0,0.179209421795123,8.47316907254106,0.0022095384637091354,0.010225144698252198,0.01975922977700166,0.09337564050603293,125480,1024,1.0346536907492023,4.034653690749202,77.63003540039062,-0.07246837013577774,6.633071363350023,5.220034599304199,-87.04522705078125,3.9772755720719335,2.7908378685997484,8.583333849404438,87.04522705078125,34.51873094454137,33.04745864868164,46.55754852294922,50.782867431640625,59.421539306640625,9.09176153947181,3.6252528973036817,3.420525348921528,4.616208243621205,4.917657341765535,5.716283479355394,77.63003540039062,31.86338105964782,30.64164161682129,42.614540100097656,46.862308502197266,55.67988586425781,-11.635608673095703,-32.28963116070325,-30.797954559326172,-23.392827796936036,-21.261802482604985,-15.672369003295898,142.50537490844727,64.15301222035107,61.71952819824219,84.67671203613281,91.26662464141832,105.88842391967773,12.693339061343758,8.495518647989888,8.609474770909578,9.852708231535198,10.21852008977392,11.176162809693292,-0.003092125886252876,8.583027921757092
R3,mtbench,S4_kdraft_lin_l4,4.523625373840332,7.955177307128906,11.858575439453144,14.643104410171508,20.83466485977173,23.62371063232422,36.441115077973805,54.03307342529297,73.32295227050781,9.944607128041307,73.32295227050781,384.0;487.0;506.0;453.0;428.0;409.0;449.0;448.0;386.0;478.0,0.49510413334997216,6.578810729174263,0.034635495954372236,0.07420299688859221,0.1104901989105624,0.2793422077842351,4800,1024,1.849903725434646,4.849903725434646,49.21746063232422,0.07042265282240388,5.647908888616632,4.523625373840332,-73.32295227050781,4.942416549475934,2.8257530590209923,7.373137151266179,73.32295227050781,43.569394038120905,43.37969970703125,51.97730865478517,54.340255165100096,58.70141735076905,9.273126409098516,4.796868974674608,4.70284501555642,5.778671617622961,6.150024920803956,7.073647585272841,49.21746063232422,29.326936208804447,28.88742733001709,34.93556365966798,36.806233215332036,40.68441635131836,-23.249412536621094,-43.4582010726134,-43.34750175476074,-35.24199676513672,-33.34778308868408,-29.74512672424316,109.18181610107422,72.78513728141785,72.68653869628906,82.78699188232422,85.55216398239136,91.407343044281,10.808299931451414,7.349499071137161,7.265743694927856,8.129917963121063,8.427686980375752,9.050863813237422,-0.1149396136690445,7.372800831526035
R3,mtbench,S4_vdraft_lin_l4,3.9273680448532104,6.734381914138794,9.81617546081543,11.914077281951899,16.179410305023204,17.96493148803711,22.121963871002215,27.948643290518394,44.94300842285156,7.595164948665848,44.94300842285156,441.0;482.0;503.0;427.0;493.0;471.0;420.0;385.0;467.0;484.0,0.19075344934566874,5.826939330754411,0.0038605038628890176,0.017539623733731545,0.03058890193560774,0.10977318360077923,4800,1024,0.35935062543665497,3.359350625436655,44.94300842285156,-0.08795148709911321,4.659948695233647,3.9273680448532104,-41.43663024902344,3.7385117393088763,2.7342470909516026,5.917318284278496,44.94300842285156,21.73041112601757,21.12476634979248,26.502821731567384,28.554499912261964,33.28656787872315,6.7118834236981355,3.2084655891602245,3.16464048586227,3.518153269561726,3.692003100359869,4.201341835004989,44.94300842285156,20.186982260545093,19.64532470703125,24.782865905761717,26.670013999938966,31.05034847259523,-12.396217346191406,-20.505439173777898,-19.982900619506836,-16.65670509338379,-15.89725112915039,-14.633813638687133,79.69091796875,40.692421434322995,39.827364921569824,48.35900859832764,51.656430912017825,60.511985492706316,8.341461479946048,5.887135871482556,5.818339039460145,6.694966136865416,6.956337276733789,7.491660993587631,-0.01455373762970606,5.916664618970189
R3,mtbench,S4_kctx_lin_fp_l4,6.855653762817383,12.707406759262085,19.335875892639162,23.786266040801994,33.199496803283694,37.19687036514284,46.94589970016623,59.48333368757926,97.14834594726562,8.19195530154471,97.14834594726562,38.0;114.0;62.0;120.0;243.0;58.0;757.0;125.0;56.0;127.0,0.36397621355818943,11.172287742327022,0.0064197182435183475,0.029063576852188286,0.04992676778124092,0.15736354633450672,125480,1024,0.7594060751020821,3.759406075102082,97.14834594726562,0.03285106559681975,9.10636717151434,6.855653762817383,-83.21379089355469,3.9586748305866286,2.799520580555303,11.858993655513101,97.14834594726562,46.205994578094895,45.077247619628906,58.053619384765625,62.10099792480469,70.74198913574219,7.097100330794918,3.665874318570146,3.420175276409848,4.836620890830553,5.50553082256701,6.282253815172092,97.14834594726562,43.69149070115921,42.594818115234375,55.34157180786133,60.1114387512207,68.6891098022461,-23.560482025146484,-42.58632794660788,-41.26538848876953,-33.54106903076172,-31.351516723632812,-26.929641723632812,165.01392364501953,86.27781864776709,84.39065170288086,105.94939804077148,115.11549091339111,126.84850311279297,17.063093035688915,11.770612775392246,11.920684747609377,13.311151669058859,13.7502767284995,14.624491295523244,0.02108432437159957,11.858948154410202
R3,mtbench,S4_vctx_lin_fp_l4,5.012280225753784,8.872223854064941,13.351274013519287,16.529159545898438,23.684046535491944,26.84704710006714,34.026186420441874,45.934051518998174,87.33853149414062,10.427123763560509,87.33853149414062,48.0;100.0;99.0;47.0;33.0;88.0;126.0;6.0;123.0;111.0,0.18947613247624673,8.255284621068446,0.0024958521152167396,0.010663577811330463,0.020577998346900005,0.09631394316032868,125480,1024,1.2565320164912492,4.256532016491249,76.6119155883789,-0.06491747004629184,6.431751550752818,5.012280225753784,-87.33853149414062,4.0622993189636105,2.8275777050827653,8.376090422879711,87.33853149414062,34.30104460625805,32.754302978515625,46.89164352416992,51.525489807128906,60.77547534942627,9.40204203782345,3.749664433420195,3.5120814193964627,4.897562028493176,5.33190595310345,6.079761504508774,76.6119155883789,31.52928950615586,30.346349716186523,42.89515686035156,47.18231964111328,56.67063522338867,-11.347302436828613,-32.08967373963941,-30.581539154052734,-22.67481517791748,-20.390920639038086,-14.408624649047852,146.52534866333008,63.618963245795264,61.11247158050537,85.33769226074219,92.40831432342529,107.23190689086914,12.674997286154099,8.272532442576713,8.388210043188876,9.721152840242375,10.131800641267947,11.171733756709502,-0.0072598713072216685,8.375838853174052
R3,mtbench,S4_k_stored_ctx_fp_l4,1.0415703654289246,1.9779269397258759,3.1130294799804696,3.886987769603729,5.406155853271485,6.022128105163574,7.369820668220637,8.703601368427018,11.245614051818848,6.083668073574531,11.245614051818848,564.0;243.0;573.0;230.0;751.0;631.0;633.0;237.0;114.0;428.0,0.411907656520637,1.7121262195263771,0.0070118721377406225,0.029688084741170854,0.04894424362031076,0.16467673971175678,125480,1024,0.9061090044897275,3.9061090044897275,10.906046867370605,0.019299583465105734,1.3977031380567804,1.0415703654289246,-11.245614051818848,3.986935929031992,2.9246297813320696,1.8484923759509704,11.245614051818848,7.3384428854348895,7.205914497375488,8.550193786621094,8.86134147644043,9.840217590332031,6.176641638000925,3.8722714518724057,3.731419002968697,4.757002924322366,5.105885930606483,5.668486867346079,10.906046867370605,6.963646575927278,6.802169561386108,8.355060195922857,8.727762222290039,9.747810363769531,-4.4720540046691895,-6.805265835401622,-6.687036514282227,-5.787682056427002,-5.58367395401001,-5.247365474700928,19.731599807739258,13.7689124113289,13.562383651733398,15.746211528778076,16.435221672058105,17.80947193145752,1.950137397261698,1.848268980776911,1.8455205378092443,1.8879923393201818,1.9060180289048403,1.9265951735183768,0.025374072396430702,1.8483916224726127
R3,mtbench,S4_k_stored_ctx_l4,1.0389261841773987,1.9757073521614075,3.1131300926208536,3.890029752254486,5.411584038734439,6.000364882946015,7.330280599594244,8.805114212130256,11.52280330657959,6.232520282777167,11.52280330657959,564.0;230.0;633.0;243.0;374.0;114.0;573.0;571.0;631.0;318.0,0.4116321307281122,1.7130567780228767,0.007170190388806725,0.029582141339765316,0.04876079505703614,0.1659746802933253,125480,1024,0.9040752186870491,3.904075218687049,10.629189491271973,0.019084139145102257,1.3986262873664286,1.0389261841773987,-11.52280330657959,3.9648444306371218,2.9270487732882495,1.8488192230070224,11.52280330657959,7.350929458338173,7.200798511505127,8.591469764709473,8.995123863220215,9.942249298095703,6.11867551973828,3.872342894308585,3.7364834032165826,4.715093705796976,5.095783120889698,5.650225227600185,10.629189491271973,6.978127933460548,6.810210227966309,8.360664367675781,8.824644088745117,9.76282787322998,-4.5851616859436035,-6.797821364955306,-6.689702987670898,-5.7844977378845215,-5.591856002807617,-5.234420199394226,19.843241691589355,13.775949298415854,13.56882905960083,15.75752305984497,16.349656105041504,17.6682448387146,1.9439312272343154,1.8486101531951298,1.8464129182923592,1.8880039309189118,1.9029301539260692,1.9228815428405246,0.025100589565980037,1.8487207239043382
R3,mtbench,S4_k_stored_draft_l4,1.106473445892334,1.938045710325241,2.8374428987503095,3.4301057696342463,4.628890709877014,5.088830144405366,6.224826352596397,7.954455167575174,10.298688888549805,5.974536827249954,10.298688888549805,384.0;448.0;172.0;704.0;230.0;506.0;626.0;179.0;640.0;807.0,0.4071837567112434,1.6026415953367774,0.00809808721982693,0.036363664153856064,0.061913391718986376,0.18914058129193784,4800,1024,0.33865203861495274,3.3386520386149527,10.298688888549805,0.02370003758582805,1.3518232655390958,1.106473445892334,-10.146015167236328,3.611183393273676,2.6853396888436034,1.7237635629890715,10.298688888549805,6.680718311170737,6.556118726730347,7.803552103042604,8.240087509155273,8.983613338470459,4.4349108328082645,3.3343634203286054,3.3108103226421575,3.6089797571012037,3.7261536184432686,3.9400215807459964,10.298688888549805,6.149932710230351,5.999139070510864,7.320502662658692,7.8180392503738405,8.752790956497194,-4.24374532699585,-6.154137306014697,-6.00516939163208,-5.177000856399536,-5.0001885890960684,-4.732796459197997,16.89217519760132,12.304070016245047,12.183047533035278,13.763389205932619,14.230770039558411,15.243477025032044,1.8092765954934926,1.7236014778368611,1.7231296609606084,1.7543591187172012,1.7636903795848795,1.780744684713979,-0.009659512644153148,1.7236006292953159
R3,mtbench,S4_v_stored_ctx_l4,5.220034599304199,9.199132204055786,13.726655864715578,16.87080392837524,23.954693145751953,27.0063263130188,34.13828404617443,45.094444815807776,87.04522705078125,10.141190891324932,87.04522705078125,48.0;100.0;44.0;29.0;84.0;42.0;68.0;99.0;111.0;6.0,0.179209421795123,8.47316907254106,0.0022095384637091354,0.010225144698252198,0.01975922977700166,0.09337564050603293,125480,1024,1.0346536907492023,4.034653690749202,77.63003540039062,-0.07246837013577774,6.633071363350023,5.220034599304199,-87.04522705078125,3.9772755720719335,2.7908378685997484,8.583333849404438,87.04522705078125,34.51873094454137,33.04745864868164,46.55754852294922,50.782867431640625,59.421539306640625,9.09176153947181,3.6252528973036817,3.420525348921528,4.616208243621205,4.917657341765535,5.716283479355394,77.63003540039062,31.86338105964782,30.64164161682129,42.614540100097656,46.862308502197266,55.67988586425781,-11.635608673095703,-32.28963116070325,-30.797954559326172,-23.392827796936036,-21.261802482604985,-15.672369003295898,142.50537490844727,64.15301222035107,61.71952819824219,84.67671203613281,91.26662464141832,105.88842391967773,12.693339061343758,8.495518647989888,8.609474770909578,9.852708231535198,10.21852008977392,11.176162809693292,-0.003092125886252876,8.583027921757092
R3,mtbench,S4_v_stored_draft_l4,3.9273680448532104,6.734381914138794,9.81617546081543,11.914077281951899,16.179410305023204,17.96493148803711,22.121963871002215,27.948643290518394,44.94300842285156,7.595164948665848,44.94300842285156,441.0;482.0;503.0;427.0;493.0;471.0;420.0;385.0;467.0;484.0,0.19075344934566874,5.826939330754411,0.0038605038628890176,0.017539623733731545,0.03058890193560774,0.10977318360077923,4800,1024,0.35935062543665497,3.359350625436655,44.94300842285156,-0.08795148709911321,4.659948695233647,3.9273680448532104,-41.43663024902344,3.7385117393088763,2.7342470909516026,5.917318284278496,44.94300842285156,21.73041112601757,21.12476634979248,26.502821731567384,28.554499912261964,33.28656787872315,6.7118834236981355,3.2084655891602245,3.16464048586227,3.518153269561726,3.692003100359869,4.201341835004989,44.94300842285156,20.186982260545093,19.64532470703125,24.782865905761717,26.670013999938966,31.05034847259523,-12.396217346191406,-20.505439173777898,-19.982900619506836,-16.65670509338379,-15.89725112915039,-14.633813638687133,79.69091796875,40.692421434322995,39.827364921569824,48.35900859832764,51.656430912017825,60.511985492706316,8.341461479946048,5.887135871482556,5.818339039460145,6.694966136865416,6.956337276733789,7.491660993587631,-0.01455373762970606,5.916664618970189
R4,gsm8k,A_src1,0.01531982421875,0.0264892578125,0.03857421875,0.047119140625,0.0703125,2.0782031250000728,11.3125,18.125,24.375,41.251367671950575,24.375,3280.0;2154.0;1950.0;2521.0;58.0;610.0;1800.0;2557.0;2520.0;2926.0,0.6169887368439148,0.4796558542257745,0.009118328276982302,0.03834779779633425,0.06924470551349858,0.25224560180613215,20490,4096,455.2310699815683,458.2310699815683,24.375,-0.0004768887678291938,0.05475054752072648,0.01531982421875,-24.0,19.144865509289883,0.11899432982293434,0.5908894995637711,24.375,0.22880733074823084,0.0869140625,0.10546875,0.111328125,0.13291992187500057,3.432922136443478,2.98407892860175,2.9839611038682614,3.08389447723464,3.114267613816614,3.1672279491168465,24.375,0.2249257926885066,0.08251953125,0.10205078125,0.1083984375,0.130859375,-0.0478515625,-0.22200629260843704,-0.08251953125,-0.064453125,-0.06103515625,-0.055419921875,48.375,0.4469320852969436,0.16650390625,0.19921875,0.20849609375,0.2451171875,7.739822093867723,0.06793732161395812,0.023022229450308178,0.02697008915823779,0.02794485852619266,0.031184241144559036,0.15534389440314847,0.5908893071226006
R4,gsm8k,A_src1_origbasis,0.012138004414737225,0.021801123395562172,0.034149737656116515,0.04488315377384423,0.10588718518614816,0.2164981321990516,0.9354359241128748,2.0336127380116054,300.0799865722656,507.8445274788352,300.0799865722656,788.0;1384.0;4062.0;290.0;2352.0;4055.0;133.0;1039.0;1189.0;709.0,0.9955743768580148,0.06667464413370328,0.9824043872269679,0.9901623499298565,0.9915777625760018,0.9936879472315064,20490,4096,224502.38477437105,224505.38477437105,300.0799865722656,-0.0005314095978323228,0.020548370629504008,0.012138004414737225,-274.7288513183594,1.5830979609612414,0.17919964653815176,0.5908894756865756,300.0799865722656,2.0074017315557553,0.25442053377628326,0.3419631689786911,0.37120776027441016,0.47477877140045166,1319.01847300123,29.73285912396025,13.859640604120603,52.58541607513793,71.975371893507,119.55836183357475,300.0799865722656,2.0041210083560923,0.2527240514755249,0.3419445633888245,0.37120776027441016,0.47477877140045166,-0.09252406656742096,-1.790566241236839,-0.1852843016386032,-0.1412159517407417,-0.13132401853799822,-0.1170114132761955,574.808837890625,3.7946872495929314,0.4378989487886429,0.5617611810564995,0.6021321684122085,0.7897086387872697,7.739822053761639,0.06793732054939638,0.02302223033334583,0.02697008986774852,0.027944859694702756,0.031184242023415285,-97.71065983118704,0.5908892367279975
R4,gsm8k,A_src8,0.064453125,0.11083984375,0.16015625,0.193359375,0.28125,2.078125,11.375,18.125,24.375,40.67795772284556,24.375,3280.0;2154.0;1950.0;2521.0;58.0;610.0;1800.0;2557.0;2520.0;2926.0,0.6019451906098372,0.4973565678361573,0.008886846689861987,0.037416792059843614,0.06758207387746806,0.2468453167258147,20490,4096,432.7370351206707,435.7370351206707,24.375,-6.736649968933373e-05,0.1123326359207127,0.064453125,-24.0,18.98304693732793,0.46936105064821804,0.5992188734271314,24.375,0.5014658922797707,0.357421875,0.421875,0.443359375,0.50390625,3.3897362677341394,2.980835779327809,2.9803337972336275,3.08054792824644,3.112034681151922,3.1710293513300902,24.375,0.4856315199487555,0.341796875,0.404296875,0.427734375,0.5,-0.2080078125,-0.48085799284712055,-0.33984375,-0.2890625,-0.275390625,-0.2578125,48.375,0.966489512795876,0.685546875,0.791015625,0.830078125,0.93359375,7.754172147130389,0.14001940940091592,0.09499650932256831,0.1066462957116051,0.11043485592563534,0.12771664427940016,0.1856878358245874,0.5992188696403304
R4,gsm8k,A_src8_origbasis,0.05609072186052799,0.0975016038864851,0.14499400556087497,0.18111602067947385,0.32845780581235934,0.48322802379727475,1.0382702022791572,2.2968247599587372,300.31158447265625,501.17168385813227,300.31158447265625,788.0;1384.0;4062.0;290.0;2352.0;4055.0;133.0;1039.0;709.0;1189.0,0.978416935756474,0.11837244809804193,0.9586688946446784,0.9691940161248946,0.9718947076612404,0.9760587127186257,20490,4096,213585.0404683871,213588.0404683871,300.31158447265625,-0.00014935951892636946,0.07391722648200645,0.05609072186052799,-275.29901123046875,1.7327058045053454,0.5481431956891955,0.5992189785360381,300.31158447265625,3.223276765190025,1.4491832256317139,2.1147102594375613,2.3201410770416255,3.0151335811615017,1316.9280781369414,39.261097725550066,21.077867850693618,71.0733152484859,98.05992739005853,187.12571047126943,300.31158447265625,3.2193085065130607,1.4491273164749146,2.1147102594375613,2.3201410770416255,3.0151335811615017,-0.352294921875,-2.354360141060072,-0.7269674837589264,-0.5572257995605469,-0.5224955946207046,-0.47217267751693726,575.610595703125,5.5736686475731325,2.1969786286354065,2.9744610965251925,3.2180909574031826,4.023841584920883,7.754173222093253,0.14001942073690685,0.09499651421711851,0.10664629985305947,0.11043485763621397,0.12771664772541177,-94.93014750672664,0.5992189599215858
R4,gsm8k,A_src15,0.1103515625,0.1884765625,0.271484375,0.328125,0.4765625,2.046875,11.375062500002969,18.375,24.625,39.88999759429205,24.625,3280.0;2154.0;1950.0;2521.0;610.0;58.0;1800.0;2557.0;2520.0;1027.0,0.5750653612673136,0.5263057546591455,0.008491167753580327,0.03586618458250637,0.06494175668113947,0.23758378682275957,20490,4096,394.17426923407726,397.17426923407726,24.625,9.501876294372667e-05,0.16577272838833645,0.1103515625,-24.25,18.42644531005239,0.7719828214631392,0.617322674482278,24.625,0.7492503012140068,0.609375,0.69921875,0.734375,0.8246484375000023,3.3393894632672465,2.9730411063113285,2.9717139856173898,3.074315030237542,3.104612893705002,3.1667215129508013,24.625,0.7229090409956076,0.58203125,0.67578125,0.70703125,0.80078125,-0.34375,-0.7195818653916545,-0.578125,-0.49609375,-0.4765625,-0.43359375,48.75,1.4424909063872622,1.1640625,1.31640625,1.3671875,1.5004296875000023,7.806314070188413,0.20690319657133713,0.16360983235468496,0.17830179966324183,0.18277025927895252,0.19937682887059172,0.16703019688297635,0.6173226671695987
R4,gsm8k,A_src15_origbasis,0.0936061479151249,0.16216017305850983,0.24048416614532475,0.2997284859418868,0.5317439234256744,0.7323722866177559,1.2508244919777276,3.6834675421706313,302.3568115234375,489.7872798316596,302.3568115234375,788.0;1384.0;4062.0;2352.0;290.0;4055.0;133.0;1039.0;1189.0;3231.0,0.9509663005746593,0.172059894774877,0.9167245187932637,0.9330964669504368,0.9377943990847188,0.9479482368360804,20490,4096,194890.36347416413,194893.36347416413,302.3568115234375,0.00010503190143382893,0.12092156954140416,0.0936061479151249,-276.97198486328125,2.026208446853857,0.8613710685379647,0.6173227112540731,302.3568115234375,4.503858655251894,2.716694951057434,4.082438278198242,4.5355000495910645,6.098855295181276,1317.4063606858674,48.05113978876649,26.69048279319683,90.57009944820095,125.54068406431642,274.93898926263086,302.3568115234375,4.499511409530179,2.716694951057434,4.082438278198242,4.5355000495910645,6.098855295181276,-0.456865519285202,-2.830030277006332,-1.195848524570465,-0.8917927742004395,-0.8152400493621826,-0.6975250178575516,579.3287963867188,7.32954168653651,3.9244375228881836,5.470680844783783,6.005593597888946,7.898894970417033,7.806314687147851,0.20690320446673618,0.16360983695994027,0.17830180591761188,0.18277025930992982,0.19937683253078858,-88.59538558450674,0.6173227023189568
R4,gsm8k,A_src22,0.232421875,0.3984375,0.578125,0.69921875,1.0078125,2.078125,11.4375,18.375,24.625,35.7184696923009,24.625,3280.0;2154.0;1950.0;2521.0;610.0;58.0;1800.0;2557.0;2520.0;1027.0,0.46865402166500514,0.6274280664704541,0.007048067229996038,0.029720527908206174,0.05422563725628963,0.20100219281916773,20490,4096,253.95198444484254,256.95198444484254,24.625,-0.0005245439219788506,0.31072812052270904,0.232421875,-24.25,16.590050643885952,1.4618282329653605,0.6894192335823365,24.625,1.432450280624695,1.296875,1.5078125,1.578125,1.78125,3.396522691695337,2.972516010857719,2.973364804120707,3.0711851615202543,3.102144444108157,3.158003775962551,24.625,1.3765482018667643,1.2421875,1.453125,1.53125,1.734375,-0.69921875,-1.3686968109443631,-1.234375,-1.015625,-0.94921875,-0.84765625,48.75,2.7452450128111274,2.4921875,2.8515625,2.9609375,3.265625,7.817506458894823,0.38833655622089025,0.35061967310192776,0.38840755597969145,0.39869576145612423,0.42208535438414596,0.11493154127020322,0.6894190340329531
R4,gsm8k,A_src22_origbasis,0.18843527138233185,0.32775362581014633,0.4871491879224782,0.6083316445350646,1.0376563131809249,1.3850705724954617,2.482346138239103,8.30330515183765,302.8311767578125,439.25545838901434,302.8311767578125,788.0;1384.0;4062.0;2352.0;290.0;4055.0;133.0;1039.0;1189.0;3231.0,0.8521011865569905,0.31960112605378904,0.7667999669727076,0.7941004174238752,0.807392901967663,0.8432646790903684,20490,4096,126186.50823113907,126189.50823113907,302.8311767578125,-0.0005729555020681131,0.24237740411566844,0.18843527138233185,-277.4205322265625,3.6006335361713604,1.505116495522065,0.6894192683875963,302.8311767578125,8.891259996864258,7.363713979721069,9.827446365356447,10.549509096145629,12.162120447158818,1318.9279333452957,83.0612927326992,58.448011851573405,164.27978253690276,212.2454545602953,355.7701439007964,302.8311767578125,4.870117307581978,3.0547984838485718,4.1091724872589115,4.567220115661621,6.083605728149421,-1.0557756423950195,-8.735649380537287,-7.363713979721069,-4.164067745208739,-3.2953828811645516,-1.7752177715301514,580.251708984375,13.605766688119266,10.462600231170654,13.600091934204102,14.576011896133421,17.198354334831244,7.817506460106714,0.3883365688795504,0.35061966527952415,0.38840756921781316,0.39869577209652607,0.4220853670084854,-64.4088476391854,0.689419030304561
R4,gsm8k,A_src29,0.47265625,0.80859375,1.1640625,1.3984375,1.953125,2.546875,11.5625,18.5,24.875,27.147034045592434,24.875,3280.0;2154.0;1950.0;2557.0;2521.0;58.0;1800.0;610.0;2149.0;2520.0,0.3109378731455843,0.8812474218468664,0.005138052842955053,0.019937235354303806,0.036369133058124906,0.14114699060045147,20490,4096,80.5426398906106,83.5426398906106,24.875,-0.0012266553617536493,0.5903673775336478,0.47265625,-24.375,12.618596227222614,2.131519632976793,0.9163063618008274,24.875,2.6879167429233775,2.546875,2.953125,3.078125,3.46875,3.2821501434197327,2.909580473840611,2.912620735024939,3.029764177318098,3.063416382252142,3.1369773489864574,24.875,2.5838549292337727,2.4375,2.84375,2.984375,3.376718750000009,-1.390625,-2.5623806582479256,-2.421875,-2.0625,-1.9609375,-1.7578125,49.25,5.146235587481699,4.890625,5.5625,5.78125,6.34375,7.817440174047154,0.7358783425191747,0.6985873198491328,0.7794740629942857,0.8014301234134464,0.847558184447835,0.0589553724565621,0.916305540741347
R4,gsm8k,A_src29_origbasis,0.3855351060628891,0.6664398312568665,0.9732354879379272,1.1874259173870085,1.769475297927858,2.207954858541489,3.8679193089009853,22.332223987170295,302.3805236816406,329.99934738091304,302.3805236816406,788.0;1384.0;4062.0;2352.0;290.0;1951.0;761.0;1658.0;2252.0;2742.0,0.6631368484924658,0.6122519802140066,0.5345955077878768,0.572834053515639,0.5898116066137492,0.641700294804691,20490,4096,40162.35123837618,40165.35123837618,302.3805236816406,-0.004324829803930507,0.4805105817296864,0.3855351060628891,-276.6623229980469,4.221207213078373,1.9310955825237681,0.9163064293354725,302.3805236816406,20.827311511630835,19.60086727142334,26.498856544494632,28.148113536834718,31.96344926834107,1308.3335206138954,192.18691700702624,157.24601487769863,388.1265704414901,467.342561259682,704.5573941606581,302.3805236816406,6.5881928310270945,4.875730752944946,6.382252073287965,6.825567960739136,7.84505823135376,-1.736215353012085,-20.674487542215935,-19.60086727142334,-11.291606903076172,-9.003565645217908,-4.290232129096977,579.0428466796875,27.262680373243033,24.459069848060608,32.04851045608521,33.78339555263519,37.98413535118104,7.817441273268429,0.7358783699594866,0.6985873455758609,0.7794741281084391,0.801430176721755,0.8475580457230542,-29.65259235684715,0.9162962230025234
R4,gsm8k,B_concat,0.1005859375,0.271484375,0.59765625,0.87109375,1.578125,2.34375,11.375,18.250012499993318,24.875,35.87246695788713,24.875,19664.0;11472.0;15568.0;3280.0;18538.0;7376.0;10346.0;14442.0;6250.0;2154.0,0.5289040619672116,0.6023987330076797,0.007417645148474558,0.030892691810274618,0.05627147721791483,0.2069009688658158,20490,20480,244.9658244559416,247.9658244559416,24.875,-0.00044008715766146014,0.24679028197722647,0.1005859375,-24.375,16.403992427978537,2.2758286198157034,0.6934287521737013,24.875,2.6879167429233775,2.546875,2.953125,3.078125,3.46875,11.269484130587413,8.836547551129975,8.860937313214592,9.444648481063929,9.635844409593183,10.046958788510594,24.875,2.5838549292337727,2.4375,2.84375,2.984375,3.376718750000009,-1.390625,-2.5625636743533433,-2.421875,-2.0625,-1.9609375,-1.7578125,49.25,5.146418603587116,4.890625,5.5625,5.78125,6.34375,7.787122051234922,0.4004534831930171,0.36055222721560987,0.3976572996199493,0.40805196900283247,0.43065208197355764,0.11587799737112273,0.6934286125222048
R4,gsm8k,C_Zt_fp,2.6845743656158447,4.674445986747742,6.954882669448853,8.77503981590271,64.19146781921445,115.74630428314241,238.92828387454216,558.6791645629742,1452.245849609375,79.30027957812786,1452.245849609375,432.0;2017.0;2117.0;2062.0;3960.0;977.0;2910.0;3230.0;4030.0;3447.0,0.7404186937967628,13.319593126595805,0.07272234071276099,0.2003801754712157,0.2802667989324916,0.5096427935648893,42995,4096,689.6413572148118,692.6413572148118,1452.245849609375,0.03887373545715654,4.825692913055804,2.6845743656158447,-1243.1151123046875,13.046743921127318,3.5051925581080634,18.31325005832546,1452.245849609375,171.8565424706523,143.64312744140625,215.8852081298828,232.21121215820312,1449.0820385742188,462.5238426346263,210.35524219652248,194.40852270807233,359.89375922687975,404.42613883758287,443.8467726620354,1452.245849609375,148.10610999355677,112.78450012207031,215.8852081298828,232.21121215820312,1449.0820385742188,-62.116031646728516,-160.45324650123544,-140.8478546142578,-113.39041137695312,-103.64884185791016,-88.63973236083984,2695.3609619140625,308.5593564947922,256.79180908203125,391.7687683105469,415.0338592529297,2688.47607421875,135.08650985802424,7.781594205443822,5.472677549561105,7.1066468684537805,7.465482053261046,134.6210860118046,2.0811942180447067,18.313208799428054
R4,gsm8k,C_Ht_fp,0.471238911151886,0.8268972784280777,1.2229302525520327,1.493990969657898,2.12975331068039,2.52089524269104,11.26695158863421,27.20274356880186,33.00542068481445,33.00542167999289,33.00542068481445,3573.0;494.0;604.0;3230.0;2361.0;1601.0;3510.0;1801.0;2117.0;707.0,0.524933550124383,0.7626008773073902,0.3559755859029584,0.4586624312310255,0.4715719641490674,0.5111593834066466,42995,4096,207.30529889733768,210.30529889733768,32.91232681274414,0.0024510254457849093,0.603098638741731,0.471238911151886,-33.00542068481445,11.266951928354992,2.1297533748966466,0.9999999698480314,33.00542068481445,26.19613114219583,26.491682052612305,30.501506805419922,31.35633659362793,32.25588607788086,462.52386438112444,210.3552422204446,194.4085163706239,359.8937662973629,404.42613895516604,443.8467968292114,32.91232681274414,21.672273698680996,20.68340301513672,29.795764923095703,31.209810256958008,32.25588607788086,-9.199134826660156,-25.052596846402057,-25.233884811401367,-21.672439575195312,-20.633586883544922,-9.206130981445312,59.31644821166992,46.72487054508306,47.05478096008301,54.32784194946287,56.5105037689209,57.996665954589844,1.000000125136428,0.9999999698480305,0.9999999682181486,1.0000000263975002,1.000000045811966,1.0000000754665754,-0.4635939670565855,0.9999969660805617
R4,gsm8k,C_Ht_rc_fp,0.669244259595871,1.14497971534729,1.6362797021865845,1.9477432310581206,2.573494908809662,2.8225075340271006,3.422523967266105,5.397011283204389,13.584980010986328,13.58497968443418,13.584980010986328,494.0;2361.0;3573.0;604.0;1453.0;3400.0;723.0;1246.0;4055.0;670.0,0.29738236519615846,0.9614835391598058,0.016527950366332693,0.035074223560602164,0.053300970089452615,0.1597148493842442,42995,4096,1.0180186830381128,4.018018683038113,13.584980010986328,0.008095578709990031,0.7938763908881071,0.669244259595871,-7.905378341674805,3.4225238849963806,2.573494846948673,1.0000000240377356,13.584980010986328,6.282334206489397,5.057803630828857,11.429679870605469,12.447417259216309,13.119443893432617,11.303664255487949,4.02066798615046,3.1728729687874977,7.086831669494389,8.793061675053108,10.111478426566064,13.584980010986328,6.11305193068718,4.7894721031188965,11.429679870605469,12.447417259216309,13.119443893432617,-2.905576705932617,-4.037414122531685,-3.8895881175994873,-3.391993856430054,-3.283423662185669,-3.167844772338867,18.46421241760254,10.150466053218866,9.024590015411377,15.321770668029785,16.09105610847473,17.198703289031982,1.0000002693260428,1.0000000240377338,1.0000000161339146,1.0000001046595488,1.000000144877943,1.000000186105319,0.08427892796205509,0.9999672543042707
R4,gsm8k,S3_Zt_dep,2.7975361347198486,4.856528639793396,7.2195604324340925,9.079853677749625,67.0050516510019,119.5330138778696,242.42679008483896,541.2220231197052,1444.4410400390625,77.47661392240914,1444.4410400390625,432.0;2017.0;2117.0;3960.0;2062.0;2910.0;977.0;3230.0;4030.0;3700.0,0.7288554205538816,13.769414179104965,0.06859205276786823,0.18729155013851648,0.2626080913215166,0.49001330648904723,42995,4096,631.8604393157509,634.8604393157509,1444.4410400390625,0.05272133384961955,4.987914162260291,2.7975361347198486,-1248.9765625,13.003235368709861,3.5940023675008343,18.643574711275242,1444.4410400390625,165.01334954048951,137.60569763183594,200.44430541992188,219.1986541748047,1432.76123046875,442.15156336945853,180.51498960912866,161.8641320369665,322.3488182821661,366.8929798930052,413.86125827270445,1444.4410400390625,141.78363731473888,108.28011322021484,200.44430541992188,219.1986541748047,1432.76123046875,-59.054901123046875,-154.66115237973654,-135.43544006347656,-108.7861328125,-99.22639465332031,-85.46435546875,2689.537841796875,296.44478969447545,246.77912139892578,363.9291076660156,388.3400573730469,2673.27734375,138.3473987557061,7.7989980504712015,5.486992466483728,6.733724784902031,7.219972668569953,137.37718128834538,2.1705733502279756,18.6435001669713
R4,gsm8k,S3_Ht_dep,0.49235257506370544,0.858714148402214,1.2632765173912048,1.5414045691490172,2.1775460505485538,2.551483798027041,10.785425544743271,26.12069337596884,32.789878845214844,32.789879773922735,32.789878845214844,494.0;3573.0;604.0;3230.0;2361.0;1601.0;3510.0;1801.0;2117.0;707.0,0.49133041206217554,0.7863446674868964,0.3269884125370404,0.4214802435785715,0.43377680060515816,0.47553251408682284,42995,4096,177.47102861031246,180.47102861031246,32.789878845214844,0.0034160406063737975,0.6235493163221691,0.49235257506370544,-31.7215518951416,10.785425850218928,2.1775461122232005,0.9999999716769962,32.789878845214844,25.169902096954747,25.33193016052246,29.459394454956055,30.59028434753418,31.84146499633789,442.1515544161717,180.5149895076864,161.86412998853848,322.3488316638728,366.8929794034918,413.86125398279404,32.789878845214844,20.780513172835054,19.738557815551758,28.914386749267578,30.49181365966797,31.84146499633789,-8.906746864318848,-24.09713960366549,-24.31524658203125,-21.108507919311524,-19.959186553955078,-9.030001640319824,58.52737998962402,44.87765277650055,44.96253204345703,52.55057334899902,54.981271743774414,56.85295104980469,1.0000001351832253,0.9999999716769955,0.9999999705472838,1.0000000272125007,1.000000046715063,1.000000080516505,-0.4378495125892824,0.9999941369930969
R4,gsm8k,S3_Ht_rc_dep,0.6715245544910431,1.1433511078357697,1.6373714447021488,1.950406992435455,2.570611324310305,2.819609184265137,3.386565347194701,5.200466769836986,13.632487297058105,13.63248701022389,13.632487297058105,494.0;2361.0;3573.0;604.0;2102.0;723.0;1453.0;3251.0;408.0;3322.0,0.28231823266543976,0.9652400854424639,0.015330101061425495,0.03272288815503055,0.050264336087026684,0.15268540895011365,42995,4096,0.8872499195220591,3.887249919522059,13.632487297058105,0.009965166211325724,0.7944985526296968,0.6715245544910431,-8.346633911132812,3.386565275939706,2.5706112702233823,1.0000000210404907,13.632487297058105,6.049538894497609,4.842157363891602,11.1481294631958,12.103981971740723,13.006345767974853,11.4004009036055,3.889997157508582,3.140523730422429,6.643915312038828,8.141400116539575,9.779182624783465,13.632487297058105,5.839501194283496,4.474971294403076,11.1481294631958,12.103981971740723,13.006345767974853,-2.944897413253784,-4.016798028431323,-3.8581159114837646,-3.359675884246826,-3.284199833869934,-3.139302968978882,18.45797348022461,9.856299222714819,8.741223812103271,14.883595371246331,15.719408988952637,16.965392589569092,1.0000002712496758,1.000000021040489,1.0000000128397595,1.0000001067419377,1.0000001332483592,1.0000001815471797,0.07187558556433225,0.9999503675399907
R4,gsm8k,S4_kctx_lin_l0,6.563715219497681,12.22295880317688,19.66638431549076,26.102074050903315,49.083362617492675,61.666005668640196,96.40824772644073,153.6470203475534,307.7894592285156,22.439548357364718,307.7894592285156,130.0;386.0;135.0;932.0;519.0;258.0;420.0;134.0;625.0;622.0,0.5643822545301718,11.779939627499239,0.027954838098032973,0.08292937801813165,0.1313295368338177,0.3316476842275033,42995,1024,17.122884707034654,20.122884707034654,159.7274627685547,-0.0777593429656905,9.257464128838835,6.563715219497681,-307.7894592285156,7.028692737980015,3.5784477212377936,13.7163838739873,307.7894592285156,75.92225090019758,51.38435745239258,133.6434783935547,207.59765625,293.9022521972656,36.777823791927304,6.713747813687274,4.043541734845187,10.192414016501656,24.249864555742207,32.12542308039025,159.7274627685547,63.25019601563934,47.32014846801758,114.06463012695309,133.59463500976562,153.7585906982422,-27.983280181884766,-70.49831469008251,-47.56822967529297,-37.04251327514648,-35.229984283447266,-32.31460670471191,462.6334533691406,133.74851070572186,93.58041763305664,247.4633560180664,334.1354217529297,447.6601104736328,25.785612320002322,13.14288651227991,11.240286662396349,18.986346017741926,21.73805562664408,25.605391668543625,-0.5036232714031362,13.716163460062745
R4,gsm8k,S4_vctx_lin_l0,3.269330620765686,5.684283137321472,8.372210121154788,10.227768993377682,14.211074686050418,15.877449874877943,19.724449876785403,24.7349332326821,38.69478225708008,7.549351838290372,38.69478225708008,64.0;31.0;100.0;72.0;36.0;0.0;55.0;112.0;59.0;23.0,0.2165853900281418,5.031602700755996,0.00394186381045368,0.013629319510604102,0.02464710933799553,0.10225883375419498,42995,1024,0.6133453705228575,3.6133453705228575,35.847476959228516,0.008664288323977507,3.998993606089712,3.269330620765686,-38.69478225708008,3.8482400791732156,2.7725806051172808,5.125576749625026,38.69478225708008,20.07561836375762,19.99050521850586,24.590585708618164,26.146533966064453,29.448482513427734,5.785232118898254,3.4255833767194135,3.374489186459161,3.846952156068298,4.006994249362869,4.350722854647077,35.847476959228516,18.493520972323648,18.27675437927246,22.902533721923827,24.40281105041504,27.129343719482417,-9.82876968383789,-18.76557818697918,-18.4368839263916,-14.472156524658203,-12.921560287475586,-11.676119804382324,64.2457389831543,37.25909915930283,37.35113525390625,44.84303855895996,47.210960388183594,51.8221492767334,6.750774690316618,5.097041891238632,5.167670074269296,5.682667099776994,5.834559005612663,6.103175548518692,-0.003949202581299014,5.125569426551988
R4,gsm8k,S4_kdraft_lin_l0,3.5851974487304688,6.193078994750977,9.04498710632326,10.870020866394043,14.543231964111328,16.057085037231445,19.89124870300293,23.149322509765625,40.5258903503418,7.359401970792531,40.5258903503418,130.0;135.0;164.0;420.0;36.0;904.0;134.0;114.0;890.0;263.0,0.23411971517524255,5.378572927165837,0.006654238686542298,0.021663755412273656,0.03523036646721853,0.12127261845004203,3600,1024,0.29159964335317,3.29159964335317,40.5258903503418,-0.008339766993876764,4.344235950968381,3.5851974487304688,-33.90034103393555,3.612201820636113,2.641015140028161,5.506682541757884,40.5258903503418,21.045358492268456,21.221704483032227,23.723472595214844,26.295078182220458,30.537630081176758,5.820120697595267,3.251218834709031,3.187217909490981,3.4924798037905798,3.656010682208368,3.892498884097529,40.5258903503418,19.633187426196205,20.12761688232422,22.999557495117188,24.716588973999023,29.660209045409946,-13.406896591186523,-19.22983936495251,-18.94078254699707,-16.224679946899414,-15.76457405090332,-15.043344497680664,62.93759727478027,38.86302679114871,38.22050094604492,44.134817123413086,45.23767280578613,50.78260040283203,6.652797210878485,5.500181673837961,5.437539218785181,5.842232967522319,5.871877371060629,6.1536390007442545,-0.015293707579028547,5.506676226544244
R4,gsm8k,S4_vdraft_lin_l0,2.046489953994751,3.535299301147461,5.170750141143799,6.252141952514648,8.605965614318848,9.54644762992859,12.13976001739502,14.617197036743164,19.696109771728516,6.230651017135745,19.696109771728516,10.0;65.0;1023.0;83.0;905.0;1016.0;72.0;100.0;23.0;965.0,0.2405029742551812,3.087922156210278,0.0039514855311461915,0.01751252440007179,0.03304217554109419,0.12009413860111033,3600,1024,0.44517568173871913,3.445175681738719,19.696109771728516,0.021448756616509853,2.48199387765107,2.046489953994751,-17.153596878051758,3.840281607728273,2.7224040193590606,3.1611640128069465,19.696109771728516,12.429234357410007,12.470818519592285,14.460343360900879,15.247221946716309,15.306503295898438,4.761045797868227,3.429222513154183,3.410820239473577,3.859342406983622,3.9826508120297466,4.084842980831208,19.696109771728516,11.725060052076975,11.696524620056152,13.81905937194824,15.247221946716309,15.247221946716309,-8.294034957885742,-11.566944629881117,-11.25008487701416,-9.398143768310547,-9.28618049621582,-8.975865364074707,36.438493728637695,23.292004681958094,23.553958892822266,26.31302547454834,26.32908535003662,28.56836700439453,3.4773340771162027,3.1598852366630137,3.1648074817681637,3.2771663212363022,3.292812525058879,3.3628252294479104,0.008399487635272727,3.161091246184666
R4,gsm8k,S4_kctx_lin_fp_l0,6.394811153411865,12.155782699584961,19.93915710449219,26.942488288879368,52.0884161758423,65.02241867065433,101.49841828918554,163.08887788051106,324.8628845214844,23.005581391373884,324.8628845214844,130.0;135.0;386.0;932.0;519.0;258.0;36.0;420.0;134.0;625.0,0.590722690016908,11.926164692361537,0.029947726516563064,0.08912786273237681,0.13942974633619978,0.3482682124049882,42995,1024,19.029334370580035,22.029334370580035,167.6610870361328,-0.06386051236200233,9.303652348920243,6.394811153411865,-324.8628845214844,7.187740533939467,3.688707928719528,14.12104649714674,324.8628845214844,80.35438439592897,53.880306243896484,139.90354919433594,220.81320190429688,311.19097900390625,39.287528238999656,7.127182912528992,4.329639193973471,10.646021352285405,25.67368097086594,34.65812022925134,167.6610870361328,66.44761860059269,49.4395866394043,123.00900268554688,135.7719268798828,158.25389099121094,-28.08791732788086,-74.91719440700204,-50.24941635131836,-38.463863372802734,-36.61117744445803,-33.66497665405274,483.32862854003906,141.36481300759473,98.10599136352539,261.0619354248047,359.56321716308594,465.9461859130859,27.396330099620613,13.453938130379063,11.280713221086254,19.859169441620665,23.04528335362671,26.137834653908495,-0.5479430711432554,14.120902096167265
R4,gsm8k,S4_vctx_lin_fp_l0,3.1813207864761353,5.568315267562866,8.220976829528809,10.049962759017943,13.984356737136851,15.65633766651155,19.466450523376682,24.506181074709907,37.353614807128906,7.431186025617077,37.353614807128906,31.0;64.0;100.0;36.0;55.0;125.0;112.0;20.0;59.0;72.0,0.21753040668335866,4.93355181462575,0.003935223297149815,0.01365850925617824,0.024934530145387,0.10350985502487241,42995,1024,0.6706922189029045,3.6706922189029045,35.473819732666016,-0.008964169683454384,3.912698745657104,3.1813207864761353,-37.353614807128906,3.8726858389639713,2.78206960420929,5.026602036116719,37.353614807128906,19.684227433544574,19.491594314575195,24.334630966186523,25.91228485107422,29.441190719604492,5.595929065289801,3.4357093718370937,3.383079569979526,3.857164427540768,4.024047279031359,4.455304194293162,35.473819732666016,18.045343124890053,17.845422744750977,22.92915916442871,24.077383041381836,27.442323684692383,-9.678485870361328,-18.486865959983742,-18.181501388549805,-14.351811408996582,-12.571833610534668,-10.507285118103027,63.80316352844238,36.5322090848738,36.54113960266113,44.25461349487304,46.61394977569579,52.23362922668457,6.9379848816427,4.989062257402029,5.0812937092508506,5.627349401537232,5.790478011847251,6.101009442515756,-0.0019766451930226347,5.026594043003137
R4,gsm8k,S4_k_stored_ctx_fp_l0,0.718855232000351,1.4018861055374146,2.1645884513854985,2.67415452003479,3.9986434388160736,5.003417851924904,9.711322952270834,12.972888000868217,16.97446632385254,12.285810833171015,16.97446632385254,224.0;352.0;736.0;608.0;992.0;96.0;604.0;415.0;799.0;31.0,0.44635471295164775,1.2413852167997212,0.03914029366571149,0.13619270471884729,0.17228501880071162,0.287343319309331,42995,1024,7.065759063219554,10.065759063219554,14.952715873718262,-0.02233100360710246,0.9834702914657935,0.718855232000351,-16.97446632385254,7.028879403635489,2.894145591461806,1.3816317501830984,16.97446632385254,9.399492656076935,9.896759986877441,12.830695152282715,13.445769309997559,14.567413330078125,26.622305526300345,8.610394389974038,7.821551711953967,12.885700144349489,14.238410494104928,17.319429359245508,14.952715873718262,8.30494243304859,8.857478141784668,11.369610786437988,11.952095985412598,13.089813232421875,-4.062835216522217,-8.929296324067039,-8.693526268005371,-5.364292240142829,-5.067796230316162,-4.606682300567627,29.987467765808105,17.234238757115627,18.089250564575195,23.69535255432129,24.64846897125242,26.640910148620605,1.6612497818668024,1.3706447934472923,1.4265615480369995,1.5554944194331928,1.5789254010358744,1.610211278064894,-0.19949446172415414,1.3814512728981472
R4,gsm8k,S4_k_stored_ctx_l0,0.7401961088180542,1.4173849821090698,2.179119420051576,2.6852760314941406,3.974176201820375,4.936451010704053,9.178362111091987,12.250927182196948,17.160953521728516,12.437276932728999,17.160953521728516,224.0;352.0;992.0;736.0;608.0;96.0;604.0;415.0;799.0;149.0,0.4282438144181866,1.2509520511526118,0.03588889628063256,0.1245946737766861,0.15908845785800638,0.2722462455514136,42995,1024,5.787768712222862,8.787768712222862,15.484015464782715,-0.02425542780257262,0.9965348157682263,0.7401961088180542,-17.160953521728516,6.651951549194582,2.8802554554394324,1.379799904315795,17.160953521728516,9.014181824043222,9.357216835021973,12.259988784790039,12.871675491333008,13.944093704223633,25.406267325188242,7.7115476378508205,7.021400301137115,11.293662050827631,12.516718560815596,14.97397152145851,15.484015464782715,7.900745212789164,8.319452285766602,10.704087257385254,11.256037712097168,12.440295219421387,-3.880397081375122,-8.594581975891419,-8.383492469787598,-5.202460289001465,-4.953232288360596,-4.515892028808594,30.646682739257812,16.495327188680584,17.1959810256958,22.462486457824706,23.483479022979722,25.206212043762207,1.6399932485053543,1.3700750106568733,1.4259238170790816,1.5408176438770074,1.5608593961465997,1.5918908759280275,-0.18782072865549304,1.3795866954171425
R4,gsm8k,S4_k_stored_draft_l0,0.8931075632572174,1.5830049514770508,2.3248334646224977,2.780512011051177,3.730671424865724,4.106681823730469,4.859384536743164,6.042563919353483,7.944094657897949,5.6751490751520235,7.944094657897949,917.0;403.0;795.0;31.0;149.0;793.0;114.0;605.0;224.0;796.0,0.246581916947338,1.3611831739846436,0.003145308198182734,0.014064738411367182,0.026565080318635064,0.10837168726099856,3600,1024,0.2857413442625627,3.2857413442625627,7.278693199157715,-0.0017696703859093113,1.0946747408239756,0.8931075632572174,-7.944094657897949,3.4714757120987314,2.6651389992531955,1.3998036972597316,7.944094657897949,5.246208699146907,5.1846113204956055,6.041943550109863,6.24514772891998,6.419840607643126,4.326256341909242,3.2788931070947482,3.2323572936794025,3.533369348633719,3.596962370672475,3.786877711214239,7.278693199157715,4.747778631051381,4.59326696395874,5.536848306655884,5.809584617614746,6.188043408393859,-3.638448715209961,-5.009858182801141,-4.843457460403442,-4.2879791259765625,-4.254937672615052,-4.002802820205688,13.706607341766357,9.757636813852523,9.743714094161987,10.736997699737548,10.910848045349121,12.014921932220455,1.4588471949638333,1.3996340770447153,1.4010374589154324,1.4304507020906034,1.4320142090427552,1.4460097259412266,-0.01946796039254628,1.3998025786262647
R4,gsm8k,S4_v_stored_ctx_l0,3.269330620765686,5.684283137321472,8.372210121154788,10.227768993377682,14.211074686050418,15.877449874877943,19.724449876785403,24.7349332326821,38.69478225708008,7.549351838290372,38.69478225708008,64.0;31.0;100.0;72.0;36.0;0.0;55.0;112.0;59.0;23.0,0.2165853900281418,5.031602700755996,0.00394186381045368,0.013629319510604102,0.02464710933799553,0.10225883375419498,42995,1024,0.6133453705228575,3.6133453705228575,35.847476959228516,0.008664288323977507,3.998993606089712,3.269330620765686,-38.69478225708008,3.8482400791732156,2.7725806051172808,5.125576749625026,38.69478225708008,20.07561836375762,19.99050521850586,24.590585708618164,26.146533966064453,29.448482513427734,5.785232118898254,3.4255833767194135,3.374489186459161,3.846952156068298,4.006994249362869,4.350722854647077,35.847476959228516,18.493520972323648,18.27675437927246,22.902533721923827,24.40281105041504,27.129343719482417,-9.82876968383789,-18.76557818697918,-18.4368839263916,-14.472156524658203,-12.921560287475586,-11.676119804382324,64.2457389831543,37.25909915930283,37.35113525390625,44.84303855895996,47.210960388183594,51.8221492767334,6.750774690316618,5.097041891238632,5.167670074269296,5.682667099776994,5.834559005612663,6.103175548518692,-0.003949202581299014,5.125569426551988
R4,gsm8k,S4_v_stored_draft_l0,2.046489953994751,3.535299301147461,5.170750141143799,6.252141952514648,8.605965614318848,9.54644762992859,12.13976001739502,14.617197036743164,19.696109771728516,6.230651017135745,19.696109771728516,10.0;65.0;1023.0;83.0;905.0;1016.0;72.0;100.0;23.0;965.0,0.2405029742551812,3.087922156210278,0.0039514855311461915,0.01751252440007179,0.03304217554109419,0.12009413860111033,3600,1024,0.44517568173871913,3.445175681738719,19.696109771728516,0.021448756616509853,2.48199387765107,2.046489953994751,-17.153596878051758,3.840281607728273,2.7224040193590606,3.1611640128069465,19.696109771728516,12.429234357410007,12.470818519592285,14.460343360900879,15.247221946716309,15.306503295898438,4.761045797868227,3.429222513154183,3.410820239473577,3.859342406983622,3.9826508120297466,4.084842980831208,19.696109771728516,11.725060052076975,11.696524620056152,13.81905937194824,15.247221946716309,15.247221946716309,-8.294034957885742,-11.566944629881117,-11.25008487701416,-9.398143768310547,-9.28618049621582,-8.975865364074707,36.438493728637695,23.292004681958094,23.553958892822266,26.31302547454834,26.32908535003662,28.56836700439453,3.4773340771162027,3.1598852366630137,3.1648074817681637,3.2771663212363022,3.292812525058879,3.3628252294479104,0.008399487635272727,3.161091246184666
R4,gsm8k,S4_kctx_lin_l1,7.261219501495361,13.474951982498169,21.608360290527344,27.551725006103513,39.215885581970234,43.907449302673356,53.59846606826878,69.87724727858863,98.01226806640625,7.514290334965958,98.01226806640625,783.0;779.0;786.0;782.0;861.0;23.0;856.0;848.0;211.0;85.0,0.5327588538746075,11.449368042587505,0.011615457923869015,0.04622112929931573,0.07847080996521053,0.2690288771691241,42995,1024,1.4215563355030056,4.421556335503006,98.01226806640625,0.4249335584222594,9.705732201680956,7.261219501495361,-80.19225311279297,4.1092247275913945,3.006557809743527,13.043449706797931,98.01226806640625,51.78140322342212,50.748661041259766,65.47943115234375,71.69010162353516,78.86830139160156,8.538660000480181,3.969155545952965,3.8168575672039737,4.551249788237464,5.191333404915082,7.949320819153716,98.01226806640625,49.266104982963675,48.64462661743164,63.88841247558594,69.03199310302729,78.86830139160156,-22.78080177307129,-46.50916748330793,-46.502418518066406,-35.11173629760742,-31.82729721069336,-26.50193214416504,167.4357147216797,95.7752724662716,95.49989700317383,118.09003829956053,124.67904815673828,138.21633529663086,20.50731446464459,12.774907431506994,13.426135612867009,15.644558416179114,16.15056323699893,17.19063832888438,0.13667258317733633,13.036526060446228
R4,gsm8k,S4_vctx_lin_l1,3.9108598232269287,6.81132709980011,10.00285758972168,12.162785482406616,16.553111743927023,18.25580249786377,22.06367978668218,27.545902744482664,50.96943283081055,8.343431939338444,50.96943283081055,867.0;870.0;836.0;852.0;854.0;843.0;987.0;283.0;914.0;330.0,0.16051366519372845,6.044510107439049,0.00318981557288552,0.013756375715373595,0.02421543169371656,0.09461962058264266,42995,1024,0.4063858053979872,3.406385805397987,50.96943283081055,0.10722471049297276,4.791818836684627,3.9108598232269287,-35.34424591064453,3.6117100074980897,2.709658584551346,6.108928939720211,50.96943283081055,22.096159088546447,22.196218490600586,26.94093627929685,28.92823028564453,34.45823669433594,6.493575552115838,3.1639220261823726,3.128885268828657,3.431062752232342,3.578665356213167,3.8615158494514716,50.96943283081055,21.010838632354044,20.940549850463867,25.84176254272461,27.78055763244629,34.456722259521484,-10.862174034118652,-20.339029313265023,-20.596986770629883,-14.434881210327148,-13.115200805664186,-11.90087604522705,77.61192321777344,41.34986794561907,42.24783897399902,49.459402847290036,52.231258392333984,59.00845527648926,8.033392727675299,6.045697165014158,6.340843793623606,6.906403736914199,7.038503397485121,7.313262559606028,0.000302646660105209,6.1079878562429055
R4,gsm8k,S4_kdraft_lin_l1,2.279287576675415,4.705169081687927,8.578714179992676,11.540985488891598,19.743282699584967,22.907704610824588,29.465922805786292,40.04451402854698,68.58589935302734,12.754566403590914,68.58589935302734,256.0;211.0;529.0;149.0;144.0;23.0;528.0;913.0;532.0;597.0,0.7587614648495685,3.8529525316133535,0.02531480265067553,0.10339079081592188,0.17237135919922866,0.4661506542165941,3600,1024,5.029468302375893,8.029468302375893,68.58589935302734,0.20767239016618483,3.5849794121077774,2.279287576675415,-50.47984313964844,5.479625879585356,3.6715565822147243,5.377360325923561,68.58589935302734,27.64733832412296,26.447633743286133,33.25132713317871,36.67024784088134,44.94821727752685,7.566220672722351,6.8324127567359465,6.865079297732263,7.145807736652219,7.231934532893635,7.378589676139653,68.58589935302734,27.64733832412296,26.447633743286133,33.25132713317871,36.67024784088134,44.94821727752685,-15.616260528564453,-22.129183186160194,-21.188146591186523,-18.596798515319826,-18.02454032897949,-17.083229351043702,119.06574249267578,49.77652151028315,47.614054679870605,59.722336769104004,66.4596975326538,79.9946836090087,14.264113845284626,5.285551890910873,5.013844075188971,6.425038917244351,7.205255360644324,9.057410529635433,0.47159758357320886,5.373348700129131
R4,gsm8k,S4_vdraft_lin_l1,0.7362745106220245,1.2837496399879456,1.881975150108338,2.2910829186439496,3.208925247192383,3.6425179040432,4.819866394043002,7.209550825069822,16.945556640625,14.89748670373936,16.945556640625,361.0;368.0;312.0;764.0;270.0;310.0;694.0;326.0;305.0;687.0,0.32278906734004964,1.0887842472629328,0.005471037357661174,0.02443314654198347,0.04469840650027703,0.16470575781081326,3600,1024,0.8712077919569698,3.87120779195697,16.945556640625,-0.0031905171196869257,0.8875962832768409,0.7362745106220245,-12.227636337280273,4.237328819692728,2.821088868142303,1.1374775475632115,16.945556640625,3.9202175587415695,3.674497127532959,4.934592771530151,5.588838171958922,7.465913400650025,4.2890803925975,3.08616973116055,3.071944822099068,3.2873756310492706,3.3713893447742325,3.5416651641102166,16.945556640625,3.7173193578587638,3.5037795305252075,4.649747085571289,5.2638489723205515,7.039164104461667,-2.41764760017395,-3.690383594499694,-3.4590378999710083,-2.942111110687256,-2.825990951061249,-2.6590615034103404,27.29390048980713,7.407702952358457,6.966538310050964,9.218535566329956,10.376742362976072,13.987376847267146,3.2707888200028328,1.1182930501810597,1.0609866654680467,1.3576879699597049,1.5078379819644363,1.9640247633198138,0.02675089320961628,1.1374730730047755
R4,gsm8k,S4_kctx_lin_fp_l1,7.149639368057251,13.550715923309326,22.201292228698733,28.454594421386698,40.589753417968794,45.31336212158203,55.412841796875,73.06855124664246,101.75935363769531,7.645485776307854,101.75935363769531,783.0;23.0;786.0;861.0;782.0;85.0;779.0;798.0;856.0;211.0,0.5523476952492437,11.555476770882208,0.01267768360491109,0.04849939791750518,0.08200454446368192,0.2767248776980904,42995,1024,1.6108341031087754,4.610834103108775,101.75935363769531,0.42508180792660544,9.787898924483265,7.149639368057251,-81.4555435180664,4.163333184005868,3.049630047040381,13.309730292485977,101.75935363769531,53.900875534109076,52.962276458740234,69.05366516113281,74.16588592529297,82.99144744873047,11.480041677087115,4.1868218795693455,3.9409351094757494,4.9275966824088675,6.270545854941274,9.058559026361204,101.75935363769531,51.56923245978863,51.193626403808594,67.52779541015624,72.7278060913086,82.99144744873047,-22.41309356689453,-47.391387838618066,-47.77268600463867,-35.61223602294922,-31.840904235839844,-25.703624725341797,170.31716918945312,98.9606202984067,99.13796997070312,122.45195770263672,129.07903289794922,142.6859016418457,21.00198426491384,12.978001309381044,13.857995735472372,16.036216347957765,16.581943689072116,17.79350303497464,0.15533638775813016,13.30294049882539
R4,gsm8k,S4_vctx_lin_fp_l1,3.6453276872634888,6.402197599411011,9.514952087402346,11.642167711257935,16.071383743286134,17.75905110359192,21.579832452774067,27.079424087706894,48.2702751159668,8.292183766518765,48.2702751159668,867.0;836.0;870.0;843.0;315.0;854.0;283.0;821.0;261.0;914.0,0.17712921424411965,5.746288562909367,0.003477899467926657,0.015131828800814909,0.02651851082505378,0.10023637721064464,42995,1024,0.5847971358256139,3.584797135825614,48.2702751159668,0.08694458458903381,4.5268166649918635,3.6453276872634888,-37.4572639465332,3.707124848971433,2.760847479352546,5.82117768673519,48.2702751159668,21.415100355488793,21.70453453063965,26.530982208251952,28.423663330078124,34.341251373291016,6.3361751648596805,3.241141655047572,3.192646144473743,3.549765414406653,3.729143857302328,4.032840189021035,48.2702751159668,20.26034814018554,20.308927536010742,25.42816162109375,27.34097671508789,33.97633361816406,-9.000432014465332,-19.697919501419857,-20.352022171020508,-12.919081687927246,-11.263785362243652,-10.080202884674073,77.12265396118164,39.958267641605396,41.19530487060547,48.7822322845459,51.466436767578124,59.349544525146484,7.911368687514079,5.729380053743823,6.090133421031477,6.71174926771894,6.85633952593229,7.157514239427298,-0.004924699856687018,5.8205283522850655
R4,gsm8k,S4_k_stored_ctx_fp_l1,0.5316557884216309,1.3634939193725586,2.6181398391723647,3.3238419890403743,4.583971781730652,5.067897796630859,6.232283614158948,8.207017308231405,13.136368751525879,9.027727850548786,13.136368751525879,990.0;222.0;93.0;456.0;798.0;670.0;477.0;861.0;734.0;258.0,0.6668101881694511,1.1402553869786514,0.012309537082583514,0.05198423234099553,0.08386370606097399,0.2732247841634628,42995,1024,2.4928588595558185,5.4928588595558185,10.026453971862793,0.021814737796943467,0.972418395694397,0.5316557884216309,-13.136368751525879,4.2830223039777415,3.1502503091086447,1.4551135090683238,13.136368751525879,6.571171210934803,6.284776210784912,7.759385585784912,9.077592849731445,11.491011619567871,17.92916469900182,5.583593115450938,5.1247426553654885,7.135713866618133,8.24340822643701,12.83082312494791,10.026453971862793,6.152517112979696,6.113400459289551,7.126959896087645,7.5026535987854,8.319535255432129,-3.520766496658325,-6.062699689331658,-5.726412773132324,-5.025872230529785,-4.826160621643067,-4.495962476730348,19.464752197265625,12.215216802311353,11.867928504943848,14.041185855865479,15.883021831512451,18.30767297744751,1.586049893431385,1.4528886870973332,1.4765795596119273,1.5297135066703795,1.5419271782713608,1.55922751671796,0.021054045563033544,1.45494997903295
R4,gsm8k,S4_k_stored_ctx_l1,0.5465918183326721,1.355441004037857,2.588931941986086,3.2922050356864925,4.540469083786014,4.999736313819886,6.012210696220459,7.877426924227233,10.727356910705566,7.441046490308138,10.727356910705566,990.0;93.0;222.0;456.0;477.0;798.0;968.0;861.0;670.0;392.0,0.6580964460408882,1.141950591180581,0.011201812319109878,0.048856593735658475,0.0808854506358097,0.26639555788819963,42995,1024,2.3156570942690022,5.315657094269002,9.609041213989258,0.02359077510162508,0.9719318836087683,0.5465918183326721,-10.727356910705566,4.170378563190904,3.1495028851460436,1.4416462690668312,10.727356910705566,6.335654022388922,6.134644985198975,7.479878902435303,8.265891075134277,9.485095024108887,12.670753001606677,5.351432796173296,5.079611176494518,6.311390621021963,7.821701090132549,10.053429861488375,9.609041213989258,5.954409827796757,5.902839660644531,6.902579307556152,7.157338619232178,8.028322963714578,-3.691617488861084,-5.923658234813294,-5.688835144042969,-5.011656761169434,-4.83167028427124,-4.495999336242676,18.002449989318848,11.878068062610051,11.646681308746338,13.605180263519287,14.415564060211182,15.93920087814331,1.5747197919736209,1.439272946584706,1.463799862247557,1.5201767288476602,1.532696051222457,1.5494151448802598,0.02932920055943511,1.441453239076599
R4,gsm8k,S4_k_stored_draft_l1,0.45623138546943665,1.326474517583847,2.5658788204193117,3.25989933013916,4.628291358947756,5.3572261047363305,6.512307740211536,7.602869142532036,8.662103652954102,6.039959653945126,8.662103652954102,256.0;320.0;147.0;211.0;23.0;783.0;87.0;981.0;213.0;990.0,0.7378317866460773,1.0181072745140711,0.01669918927393387,0.07689753441710691,0.13068330858048438,0.36300984229185723,3600,1024,2.9290613660722924,5.929061366072292,8.531508445739746,0.009191797513346135,0.9243761110091788,0.45623138546943665,-8.662103652954102,4.540938042404727,3.2272406559362414,1.4341327010845621,8.662103652954102,7.013447478479809,7.043136358261108,7.677930688858032,7.824940419197082,8.087201366424559,6.842852960142046,5.9229706250366325,5.926046786618116,6.277175971245793,6.381962267173005,6.577986670046615,8.531508445739746,6.409576186206606,6.164601564407349,7.456048917770386,7.675896859169006,7.98647750377655,-5.30263614654541,-6.692664418882794,-6.715615510940552,-5.874765300750733,-5.731120944023133,-5.539410552978516,15.309274196624756,13.1022406050894,13.095511198043823,14.00580186843872,14.275629496574402,14.74015873908996,1.5873531924765443,1.4336596090770006,1.4202577533701986,1.490704115967413,1.5100205342337747,1.549155632142566,-0.1520234193268955,1.4341032442535566
R4,gsm8k,S4_v_stored_ctx_l1,3.9108598232269287,6.81132709980011,10.00285758972168,12.162785482406616,16.553111743927023,18.25580249786377,22.06367978668218,27.545902744482664,50.96943283081055,8.343431939338444,50.96943283081055,867.0;870.0;836.0;852.0;854.0;843.0;987.0;283.0;914.0;330.0,0.16051366519372845,6.044510107439049,0.00318981557288552,0.013756375715373595,0.02421543169371656,0.09461962058264266,42995,1024,0.4063858053979872,3.406385805397987,50.96943283081055,0.10722471049297276,4.791818836684627,3.9108598232269287,-35.34424591064453,3.6117100074980897,2.709658584551346,6.108928939720211,50.96943283081055,22.096159088546447,22.196218490600586,26.94093627929685,28.92823028564453,34.45823669433594,6.493575552115838,3.1639220261823726,3.128885268828657,3.431062752232342,3.578665356213167,3.8615158494514716,50.96943283081055,21.010838632354044,20.940549850463867,25.84176254272461,27.78055763244629,34.456722259521484,-10.862174034118652,-20.339029313265023,-20.596986770629883,-14.434881210327148,-13.115200805664186,-11.90087604522705,77.61192321777344,41.34986794561907,42.24783897399902,49.459402847290036,52.231258392333984,59.00845527648926,8.033392727675299,6.045697165014158,6.340843793623606,6.906403736914199,7.038503397485121,7.313262559606028,0.000302646660105209,6.1079878562429055
R4,gsm8k,S4_v_stored_draft_l1,0.7362745106220245,1.2837496399879456,1.881975150108338,2.2910829186439496,3.208925247192383,3.6425179040432,4.819866394043002,7.209550825069822,16.945556640625,14.89748670373936,16.945556640625,361.0;368.0;312.0;764.0;270.0;310.0;694.0;326.0;305.0;687.0,0.32278906734004964,1.0887842472629328,0.005471037357661174,0.02443314654198347,0.04469840650027703,0.16470575781081326,3600,1024,0.8712077919569698,3.87120779195697,16.945556640625,-0.0031905171196869257,0.8875962832768409,0.7362745106220245,-12.227636337280273,4.237328819692728,2.821088868142303,1.1374775475632115,16.945556640625,3.9202175587415695,3.674497127532959,4.934592771530151,5.588838171958922,7.465913400650025,4.2890803925975,3.08616973116055,3.071944822099068,3.2873756310492706,3.3713893447742325,3.5416651641102166,16.945556640625,3.7173193578587638,3.5037795305252075,4.649747085571289,5.2638489723205515,7.039164104461667,-2.41764760017395,-3.690383594499694,-3.4590378999710083,-2.942111110687256,-2.825990951061249,-2.6590615034103404,27.29390048980713,7.407702952358457,6.966538310050964,9.218535566329956,10.376742362976072,13.987376847267146,3.2707888200028328,1.1182930501810597,1.0609866654680467,1.3576879699597049,1.5078379819644363,1.9640247633198138,0.02675089320961628,1.1374730730047755
R4,gsm8k,S4_kctx_lin_l2,6.286390066146851,11.625590324401855,18.003581047058113,22.40812950134277,31.877567157745393,35.60137031555177,43.31613289261197,54.138283420556284,78.41301727294922,7.198372834619845,78.41301727294922,1008.0;89.0;1003.0;787.0;414.0;30.0;943.0;86.0;937.0;314.0,0.4242070030380689,10.052394591716201,0.007494928826365684,0.03037045604479965,0.05486036051521072,0.19068726801236288,42995,1024,1.1171254384749005,4.1171254384749005,74.68512725830078,-0.07936218585147349,8.213474887477643,6.286390066146851,-78.41301727294922,3.9764529558860287,2.9263841826584724,10.893158644941222,78.41301727294922,42.318346313953896,42.865379333496094,53.408821105957024,56.83644485473633,64.13282775878906,6.900971879435725,3.7307244506995816,3.6484418080778283,4.2205261261088065,4.496455868265052,5.184042103199136,74.68512725830078,40.7286584988765,41.23468780517578,52.003177642822266,55.65057220458984,63.031558990478516,-18.096256256103516,-38.54476137437409,-38.892337799072266,-27.424800872802734,-24.252056121826172,-21.83522605895996,138.1760482788086,79.27341987325059,81.17992782592773,98.33351135253905,103.84743881225586,114.96760559082031,15.371614644611412,10.724878373940301,11.285454727085513,12.631946675269313,12.995950197574667,13.621365886143323,0.054114820554614605,10.892869544216278
R4,gsm8k,S4_vctx_lin_l2,5.108471155166626,8.974258422851562,13.273911666870136,16.164510822296137,22.242824268341074,24.678110599517826,29.85454850769093,36.516945447533864,57.3707160949707,7.095711037774627,57.3707160949707,404.0;465.0;476.0;491.0;408.0;435.0;450.0;407.0;427.0;401.0,0.1478763676958299,8.0142360781146,0.0027693009372658124,0.011719476413291869,0.02136423235206314,0.0870675130536675,42995,1024,0.5231168491640905,3.5231168491640905,57.3707160949707,-0.042697507854489926,6.299078235836926,5.108471155166626,-51.60169219970703,3.6924630507160607,2.7510316136002504,8.085266689913494,57.3707160949707,28.894274752754736,29.659297943115234,36.51411819458008,39.10467529296875,44.00940681457517,4.892794333597621,3.1583832690261846,3.123617522879508,3.443583428405682,3.5889800325468078,4.005857644441159,57.3707160949707,27.0389108267894,27.772937774658203,34.422196197509756,36.46381378173828,41.19226287841796,-12.088621139526367,-27.08413053094017,-27.526453018188477,-17.993934631347656,-16.194297790527344,-14.15109920501709,98.73730850219727,54.12304135772957,56.104421615600586,67.07942199707031,70.74786758422852,77.64464950561523,10.874466144114523,7.948692627854748,8.509513937559019,9.356446794794385,9.590473562329578,9.979661527995741,0.01290186429023427,8.085153948432135
R4,gsm8k,S4_kdraft_lin_l2,4.906372547149658,8.927282571792603,13.791412353515625,17.367088413238523,24.342640190124555,27.088007545471196,33.268371707916266,43.78788263206134,70.02964782714844,8.441725990742446,70.02964782714844,384.0;513.0;86.0;606.0;23.0;787.0;414.0;595.0;542.0;65.0,0.5663120529185124,7.150430848454063,0.015448907226827202,0.05321512661659283,0.0896896283010813,0.28858582748220396,3600,1024,1.106761066426702,4.106761066426702,49.49894332885742,-0.1767802868033818,6.287099119571227,4.906372547149658,-70.02964782714844,4.0103368620329265,2.934384289400955,8.295655166247508,70.02964782714844,34.96739838123322,34.0574893951416,42.509735870361325,45.98194656372069,54.788303413391084,5.636496446121501,3.9154926593016706,3.9084476982289744,4.246342475937696,4.348667936101791,4.595377361835428,49.49894332885742,29.982690787845186,29.70637035369873,35.21585006713867,36.72639083862305,40.84508728027343,-18.861900329589844,-34.223587323294744,-33.32516860961914,-26.80253200531006,-25.36021661758423,-22.721703472137456,110.85026550292969,64.20627811113994,63.430006980895996,74.95987701416016,79.30680370330806,91.36842716217039,12.316928496325675,8.246134849327419,8.204341695652548,9.400734406813784,9.793348962586988,10.668781558670258,0.018777841084080125,8.293771359730549
R4,gsm8k,S4_vdraft_lin_l2,2.669288158416748,4.6454490423202515,6.889028072357181,8.429759979248047,11.803296594619752,13.235665278434762,16.68044976425222,21.273508889579336,33.91448974609375,8.161837313279637,33.91448974609375,429.0;634.0;487.0;435.0;418.0;593.0;408.0;467.0;427.0;482.0,0.27235053945394294,4.031494938783414,0.0045798600756671625,0.02022375785186233,0.036835332545250635,0.1343068422116185,3600,1024,0.7300923361235019,3.730092336123502,33.91448974609375,-0.037610785464768114,3.2305117139144195,2.669288158416748,-30.351890563964844,4.014305339912749,2.8405730791444372,4.1552518684626945,33.91448974609375,15.724261361757915,15.281222820281982,20.22080955505371,21.95506553649902,25.337243156433104,4.911160651517681,3.326258726172564,3.29342840317069,3.660531791227932,3.791314678113409,4.079437764998595,33.91448974609375,14.55946842842632,14.092434406280518,18.910300064086915,20.554887294769287,23.922744083404538,-7.7417731285095215,-14.785993832879596,-14.382623195648193,-10.986453914642334,-10.258922863006593,-9.186453161239626,56.86080360412598,29.345462261305915,28.684829235076904,37.11390886306763,39.96027565002441,45.86418313980102,6.826397670712133,4.105339087537708,4.051076158309733,4.966704721859301,5.2715920733949675,5.883650059992786,-0.014969081289396233,4.155081650121864
R4,gsm8k,S4_kctx_lin_fp_l2,6.285320281982422,11.896778106689453,18.643449783325195,23.375572204589844,33.36592800140383,37.43032016754152,45.31457298278834,57.475956095121184,81.8992919921875,7.2796142900634235,81.8992919921875,414.0;1003.0;787.0;943.0;1008.0;1020.0;30.0;86.0;89.0;1000.0,0.4416861917604187,10.299911731848471,0.007753105018883633,0.031157420704440095,0.05544271535699334,0.1995327930927779,42995,1024,1.2745247112564018,4.274524711256402,81.8992919921875,-0.055501662156372276,8.392080057169682,6.285320281982422,-77.50584411621094,4.0277834522073155,2.9657287672696415,11.250498821617368,81.8992919921875,43.7885323187434,44.888221740722656,55.740478515625,59.03107070922841,67.85894012451172,6.986994392370652,3.807387672999343,3.7259460025399838,4.32580248564599,4.58642695650688,5.313558737501461,81.8992919921875,42.04317641481714,43.181514739990234,54.193603515625,57.60401916503906,66.60480499267578,-18.46914291381836,-40.083156047714134,-40.68593215942383,-27.012807846069336,-24.141382217407227,-21.045166015625,145.9993133544922,82.12633246253127,84.85880279541016,102.89105606079102,109.46710205078125,122.44964599609375,15.95878250658077,11.014831347011473,11.835696413241143,13.229223967579257,13.525372842085282,14.16795458864553,0.052256629602722746,11.250361918654512
R4,gsm8k,S4_vctx_lin_fp_l2,4.84409499168396,8.665268898010254,13.092530155181887,16.095153141021726,22.397671184539803,24.915953369140624,30.350308080673248,37.57462053108149,58.45938491821289,7.357218481693788,58.45938491821289,404.0;467.0;465.0;466.0;503.0;450.0;476.0;407.0;408.0;331.0,0.16452723045917506,7.86093984167773,0.002210395116402538,0.010522686448670503,0.020086102730108225,0.08761493358780116,42995,1024,0.7533851242212783,3.7533851242212783,58.45938491821289,-0.0100788968070912,6.118059259678514,4.84409499168396,-56.591983795166016,3.8196407274662043,2.818787105207095,7.945854138173466,58.45938491821289,28.65644132392547,29.96831703186035,37.36973190307617,39.904720306396484,45.195858001708984,5.89139794407875,3.232638384728765,3.1804666989361325,3.559654283086978,3.739491298966018,4.24824325922711,58.45938491821289,26.759611191157894,28.1193904876709,34.99296188354492,37.395225524902344,42.22061698913571,-9.948989868164062,-26.881003180236675,-27.806608200073242,-15.327897071838379,-13.569689750671387,-11.489953994750977,98.35649108886719,53.64061437139457,56.88358688354492,68.87430191040039,72.90625152587884,79.90909576416016,10.967783592847953,7.743576205803409,8.490798894609103,9.389764086600875,9.628037138304906,10.098861856391505,0.005754323731758147,7.945847745896441
R4,gsm8k,S4_k_stored_ctx_fp_l2,0.9747652113437653,1.868556022644043,2.9161517381668096,3.638721227645874,5.146080522537232,5.70635357618332,6.974874340534407,8.543074607849121,11.42751693725586,6.539599724061546,11.42751693725586,759.0;748.0;696.0;314.0;943.0;368.0;303.0;1003.0;683.0;690.0,0.46641756111731647,1.577963126702877,0.006877674607061382,0.02711505238114805,0.0497663864281855,0.1911699047027849,42995,1024,1.140152100584138,4.140152100584138,11.42751693725586,-0.040246578265497726,1.302250431557477,0.9747652113437653,-10.320514678955078,3.991495839661909,2.9449360652852636,1.747433699223196,11.42751693725586,7.297364578475535,7.189882755279541,8.451737403869629,8.770389080047593,9.43761920928955,5.702362272366923,4.111551873532326,4.076451717997896,4.588401021437421,4.71910358256481,5.1100574903993925,11.42751693725586,6.913226978722554,6.765201091766357,8.199362754821777,8.679484367370605,9.377492904663086,-4.738619804382324,-6.707460655241682,-6.645663738250732,-5.768650531768799,-5.5830864906311035,-5.249393939971924,19.73433208465576,13.620687633964236,13.565027713775635,15.258281707763672,15.694441795349121,16.569104194641113,1.8587882375067712,1.7469869750823395,1.7336490728741336,1.8077249285815087,1.8318156528886334,1.8493989363425776,-0.00650296992985295,1.7469701617711684
R4,gsm8k,S4_k_stored_ctx_l2,0.9882624447345734,1.8708924651145935,2.904126238822938,3.6072023272514344,5.0844654655456605,5.6390654563903855,6.819797048568884,8.211712006567824,10.99628734588623,6.309665413882854,10.99628734588623,748.0;759.0;750.0;314.0;767.0;943.0;696.0;688.0;690.0;755.0,0.4492926559273198,1.58701563384751,0.006709721215143909,0.02538359600072106,0.04645525841979143,0.18626964020235037,42995,1024,1.0372548787850393,4.037254878785039,10.99628734588623,-0.041857598714913395,1.3072560532419253,0.9882624447345734,-10.493480682373047,3.9131969012389844,2.9174643119922665,1.742768692883719,10.99628734588623,7.139409337086461,7.048614501953125,8.137513160705566,8.57546615600586,9.402957916259766,5.286909752367947,4.015113875476806,3.982446167449482,4.464152463621799,4.625951204577853,4.98498508147182,10.99628734588623,6.771277156665251,6.643412113189697,7.911710929870604,8.376112365722651,9.316069602966301,-4.64588737487793,-6.558504010278245,-6.490052223205566,-5.697829246520996,-5.502565383911133,-5.176522254943848,17.934995651245117,13.329781166943496,13.262450695037842,14.836877346038818,15.282279968261719,16.490715503692627,1.8374910651589726,1.742434065214064,1.7323919298467365,1.7963762345559753,1.8116011109656522,1.8273801536118375,-0.0031105893431797415,1.742265955107155
R4,gsm8k,S4_k_stored_draft_l2,0.9907125234603882,1.7610909640789032,2.649508476257324,3.236023187637329,4.401801524162295,4.864238297939302,5.914063721179997,7.080786516237105,9.224206924438477,5.789064561999778,9.224206924438477,606.0;748.0;759.0;303.0;699.0;696.0;222.0;420.0;370.0;989.0,0.5102743882988507,1.4182275474650605,0.011735354489763079,0.04454417714367895,0.07195385396311976,0.23746234887536685,3600,1024,0.5577934433025677,3.5577934433025677,8.812052726745605,-0.06668016621388904,1.2334559036965602,0.9907125234603882,-9.224206924438477,3.711635806324437,2.762547872269874,1.5933847041519364,9.224206924438477,6.215693204270469,6.155081272125244,7.010322952270508,7.294025588035583,7.898128275871276,4.483688997581529,3.552606361547317,3.538955837258288,3.818291487484114,3.897286669931234,4.067418166623337,8.812052726745605,5.531629095077514,5.46564245223999,6.3269627571105955,6.614402604103088,7.175454192161555,-4.404778957366943,-6.066694440974129,-6.010260343551636,-5.271536540985108,-5.107896113395691,-4.766499671936035,15.693065643310547,11.598323536051645,11.530346155166626,12.75264253616333,13.137060379981994,13.940038704872128,1.6701830244507825,1.593234692423726,1.5931117116291411,1.6215929453769855,1.629966494009163,1.6436556937473774,-0.0070972759247116286,1.5919888727183498
R4,gsm8k,S4_v_stored_ctx_l2,5.108471155166626,8.974258422851562,13.273911666870136,16.164510822296137,22.242824268341074,24.678110599517826,29.85454850769093,36.516945447533864,57.3707160949707,7.095711037774627,57.3707160949707,404.0;465.0;476.0;491.0;408.0;435.0;450.0;407.0;427.0;401.0,0.1478763676958299,8.0142360781146,0.0027693009372658124,0.011719476413291869,0.02136423235206314,0.0870675130536675,42995,1024,0.5231168491640905,3.5231168491640905,57.3707160949707,-0.042697507854489926,6.299078235836926,5.108471155166626,-51.60169219970703,3.6924630507160607,2.7510316136002504,8.085266689913494,57.3707160949707,28.894274752754736,29.659297943115234,36.51411819458008,39.10467529296875,44.00940681457517,4.892794333597621,3.1583832690261846,3.123617522879508,3.443583428405682,3.5889800325468078,4.005857644441159,57.3707160949707,27.0389108267894,27.772937774658203,34.422196197509756,36.46381378173828,41.19226287841796,-12.088621139526367,-27.08413053094017,-27.526453018188477,-17.993934631347656,-16.194297790527344,-14.15109920501709,98.73730850219727,54.12304135772957,56.104421615600586,67.07942199707031,70.74786758422852,77.64464950561523,10.874466144114523,7.948692627854748,8.509513937559019,9.356446794794385,9.590473562329578,9.979661527995741,0.01290186429023427,8.085153948432135
R4,gsm8k,S4_v_stored_draft_l2,2.669288158416748,4.6454490423202515,6.889028072357181,8.429759979248047,11.803296594619752,13.235665278434762,16.68044976425222,21.273508889579336,33.91448974609375,8.161837313279637,33.91448974609375,429.0;634.0;487.0;435.0;418.0;593.0;408.0;467.0;427.0;482.0,0.27235053945394294,4.031494938783414,0.0045798600756671625,0.02022375785186233,0.036835332545250635,0.1343068422116185,3600,1024,0.7300923361235019,3.730092336123502,33.91448974609375,-0.037610785464768114,3.2305117139144195,2.669288158416748,-30.351890563964844,4.014305339912749,2.8405730791444372,4.1552518684626945,33.91448974609375,15.724261361757915,15.281222820281982,20.22080955505371,21.95506553649902,25.337243156433104,4.911160651517681,3.326258726172564,3.29342840317069,3.660531791227932,3.791314678113409,4.079437764998595,33.91448974609375,14.55946842842632,14.092434406280518,18.910300064086915,20.554887294769287,23.922744083404538,-7.7417731285095215,-14.785993832879596,-14.382623195648193,-10.986453914642334,-10.258922863006593,-9.186453161239626,56.86080360412598,29.345462261305915,28.684829235076904,37.11390886306763,39.96027565002441,45.86418313980102,6.826397670712133,4.105339087537708,4.051076158309733,4.966704721859301,5.2715920733949675,5.883650059992786,-0.014969081289396233,4.155081650121864
R4,gsm8k,S4_kctx_lin_l3,6.252022743225098,11.919991731643677,19.164756965637213,24.354486465454098,35.31493629455567,39.674039192199714,49.821012153627194,66.28049739760392,96.42545318603516,8.317918045765456,96.42545318603516,555.0;949.0;699.0;946.0;1021.0;1016.0;754.0;1019.0;561.0;574.0,0.4793585272356832,10.451889887541196,0.007283295880526127,0.03298654703399374,0.05956027675038801,0.2105530195955258,42995,1024,1.7835540066871944,4.783554006687194,96.42545318603516,0.1351757679022363,8.517530423992609,6.252022743225098,-94.02981567382812,4.297694046108692,3.0463610611485725,11.59249858624468,96.42545318603516,47.83863379630062,46.796630859375,62.51520614624023,67.78641510009766,77.02420043945312,7.205840068537196,4.280356828942715,4.189247978042488,5.078547311215689,5.387279450553104,6.088295281194673,96.42545318603516,44.861657172960655,43.595706939697266,59.84696578979492,63.889564514160156,75.51210159301719,-24.02745246887207,-45.0707333897585,-44.145790100097656,-33.86176300048828,-30.428010940551758,-26.18901824951172,165.33944702148438,89.93239056271915,88.38865661621094,115.62481689453125,127.33776092529297,140.84060485839845,17.598051138741596,11.42919238928683,11.606171907177073,13.660753687119493,14.318511702514463,15.631283458276412,0.06307151983134654,11.591710442547162
R4,gsm8k,S4_vctx_lin_l3,5.595475912094116,9.823985576629639,14.815152931213381,18.404306507110594,26.762782402038575,30.434465894699102,38.774361965181136,51.73902252387935,82.12649536132812,8.991056518670995,82.12649536132812,602.0;639.0;607.0;635.0;586.0;589.0;713.0;617.0;955.0;541.0,0.21926886194336115,8.965269391838705,0.00236725059908766,0.011021946635111485,0.021332767021658545,0.09632379858625888,42995,1024,1.2377096613046952,4.237709661304695,82.12649536132812,-0.054164685432706625,6.9910603816908345,5.595475912094116,-72.45520782470703,4.244945292874515,2.929939821673294,9.134243032593858,82.12649536132812,35.478490989703694,34.27362823486328,48.661033630371094,53.7200828552244,60.48941154479981,6.264270121727008,3.530194498230873,3.415161484207445,4.192680888301157,4.527916754882302,5.218871973558049,82.12649536132812,32.7634613447237,31.774229049682617,44.75556945800781,49.265663146972656,56.86836624145508,-14.030237197875977,-33.31124919434871,-32.29005813598633,-21.64755630493164,-18.776691436767578,-15.684456825256348,140.11983489990234,66.07471053907241,64.39053726196289,89.53385162353516,95.55327224731445,109.37657226562433,14.258611882237599,8.970279741299821,9.080315371571908,11.077025648456578,11.57095596094232,12.8886413010819,-0.001970617180065212,9.134082436968775
R4,gsm8k,S4_kdraft_lin_l3,5.818167686462402,10.41422176361084,16.011650848388676,20.00983076095581,29.48453140258789,33.841754608154304,45.26314680099566,62.02818415831233,92.85070037841797,9.401704877073017,92.85070037841797,458.0;832.0;834.0;448.0;384.0;395.0;769.0;455.0;423.0;457.0,0.5616208966359257,8.525321124203986,0.021680093626939366,0.0654487719625403,0.10429970666197877,0.3027936239328439,3600,1024,1.7577910050641057,4.757791005064106,92.85070037841797,-0.12300731577317088,7.456214494138803,5.818167686462402,-74.0220947265625,4.583172192522385,2.9854902715451788,9.875942884023464,92.85070037841797,47.260639351738824,45.82390022277832,61.87295684814453,65.81895065307616,72.77429565429684,8.79680279514634,4.430930199722713,4.269573496754271,5.47897846707468,5.847761175130912,6.5835827498353074,92.85070037841797,46.08710092226664,45.59993934631348,61.844778823852536,65.79852447509765,72.71475410461424,-25.685060501098633,-37.9165492131975,-37.04965591430664,-31.739803886413576,-30.62224531173706,-28.63233388900757,151.81851196289062,84.00365013546414,81.73666381835938,104.79685173034667,112.0648281097412,125.89750568389887,15.69391279151974,9.835680827242525,9.74073226772676,10.986439494637503,11.47719674289838,12.478605696844523,0.1439641578235336,9.87517681101255
R4,gsm8k,S4_vdraft_lin_l3,4.6729936599731445,8.153295278549194,12.136276626586918,14.965314960479729,21.809137916564957,25.0372836303711,33.139880569458164,46.94940948486328,88.11502075195312,11.792565787780939,88.11502075195312,408.0;489.0;388.0;402.0;387.0;411.0;393.0;463.0;487.0;414.0,0.3265566897465375,7.1532451767085155,0.007964615613252986,0.024688573015262096,0.042523524548181556,0.149870236134367,3600,1024,1.287015562687265,4.287015562687265,88.11502075195312,-0.02691131690800325,5.75361368357627,4.6729936599731445,-70.7364273071289,4.435160072363442,2.918749737117656,7.47208218615621,88.11502075195312,31.943938024308945,30.570395469665527,42.16768608093261,47.29795970916745,57.70911537170397,8.556737575636271,3.7863088593452616,3.640000437779152,4.525353672754664,4.95358005218901,5.983216681181255,88.11502075195312,30.699257969856262,29.223254203796387,41.06492385864258,46.13886070251464,56.08021656036376,-14.824954986572266,-27.754100534651016,-26.5941104888916,-20.428013420104982,-19.25338573455811,-17.352684669494632,150.82231903076172,58.45335850450728,56.3689489364624,75.36937255859375,83.00285511016844,99.37589698791486,12.555093211210501,7.410411767359244,7.3391487091009395,8.67450736216112,9.102617134934729,9.935403148186918,0.07636479440396138,7.472033724341403
R4,gsm8k,S4_kctx_lin_fp_l3,6.237171173095703,12.089951038360596,19.68686447143555,25.08914718627929,36.63070281982423,41.53330207824708,52.61284809875714,69.80663613432446,99.50434875488281,8.368878567592867,99.50434875488281,949.0;555.0;699.0;946.0;698.0;1019.0;1016.0;561.0;1021.0;628.0,0.49098687865408897,10.649969096461897,0.007210870976391097,0.03282955266252053,0.05971537314947946,0.21326919946334544,42995,1024,1.976023511873331,4.976023511873331,97.62586975097656,0.1412256976461812,8.647736664496591,6.237171173095703,-99.50434875488281,4.425038124900055,3.0808493053892523,11.889806734703662,99.50434875488281,49.77491897718756,48.38636016845703,65.92740631103516,71.19966125488281,80.82795715332031,7.81476817411921,4.421799475513985,4.291881636778044,5.38559397665042,5.745395484122666,6.776526319664203,97.62586975097656,46.287140646201536,44.85830307006836,61.413047790527344,67.24868774414062,78.30622100830078,-25.36081886291504,-46.911674909595,-45.70378494262695,-35.15983200073242,-29.837642669677734,-26.789106369018555,171.15618896484375,93.19881555579654,91.1371841430664,121.68624114990234,130.75469207763672,147.83673095703125,18.507131408790645,11.685909185316396,11.956122911169826,14.06114626885864,14.92600218324911,16.207400807508332,0.06415138442020032,11.888967974173744
R4,gsm8k,S4_vctx_lin_fp_l3,5.274012088775635,9.498983383178711,14.702871322631836,18.52987022399902,27.716230983734135,31.80801766395571,40.88371666336078,54.61305326232046,83.56047058105469,9.21307071718435,83.56047058105469,602.0;639.0;607.0;637.0;635.0;589.0;617.0;582.0;537.0;576.0,0.2504931587488055,8.850337905640469,0.002430289195816013,0.011597523002040526,0.022291111983927452,0.10363829393556429,42995,1024,1.7798007559811682,4.779800755981168,83.56047058105469,0.03693943778543573,6.8047294561993334,5.274012088775635,-80.12928771972656,4.507688506080178,3.0558898758147173,9.069774144379085,83.56047058105469,36.04644455562041,35.489646911621094,50.917493438720705,56.00575637817383,65.21826171875,6.869288579621622,3.7453804305127716,3.594653597159786,4.544885598661715,4.910972174480001,5.704186174220581,83.56047058105469,33.12353023598258,32.46991729736328,46.27822494506836,51.14450988769505,60.008358001708984,-11.979092597961426,-34.12952332361893,-33.618526458740234,-19.646121978759766,-16.01593589782715,-13.133358001708984,142.34428787231445,67.25305355960151,66.6964111328125,94.35470581054688,101.14582405090317,114.89320465087825,14.773725659954883,8.816118423293444,9.059481332691481,11.325505838105974,11.830856970409847,13.349237219105069,-0.02761466218305283,9.069698920470485
R4,gsm8k,S4_k_stored_ctx_fp_l3,0.8988049328327179,1.8080636858940125,2.9867899417877197,3.7826434135436995,5.339655494689949,5.941713774204255,7.109280632019113,8.37182929830435,10.350455284118652,5.875442461392495,10.350455284118652,440.0;877.0;243.0;555.0;698.0;949.0;873.0;231.0;619.0;574.0,0.5305913116766521,1.5416186161460868,0.010035627461594438,0.0360985427433975,0.06348261446523341,0.2246785119088735,42995,1024,1.5384797058012483,4.538479705801248,9.845528602600098,0.008809926100634018,1.277027535331807,0.8988049328327179,-10.350455284118652,4.0355876286341665,3.0310588048089415,1.7616469486564537,10.350455284118652,7.37865220003453,7.312013626098633,8.47338581085205,8.714112949371318,9.858336448669434,6.329221467475376,4.49171833421065,4.3293894877190615,5.39227159746514,5.561306469577908,5.895549029582373,9.845528602600098,6.745578797299691,6.701058387756348,7.782195568084717,8.122715759277343,8.637611389160156,-4.731338024139404,-7.1136342446351275,-7.021634101867676,-5.9466233253479,-5.720609188079834,-5.357726488113408,17.9719295501709,13.859213041934819,13.681552410125732,15.66278057098388,16.47853279113764,17.234009742736816,1.8554677818041476,1.7612861551301735,1.7562810153707626,1.8225403927959072,1.8317332571905451,1.8455266716733936,-0.019653645842118074,1.7616249194742606
R4,gsm8k,S4_k_stored_ctx_l3,0.9162697196006775,1.8175723254680634,2.9685278177261356,3.761751651763916,5.297107791900636,5.859881725311285,7.023988193511983,8.346456262110786,10.209144592285156,5.805718902241711,10.209144592285156,877.0;555.0;440.0;171.0;574.0;698.0;63.0;174.0;235.0;168.0,0.5185125361563722,1.5504386726243125,0.009111921498552191,0.0356760456726145,0.06291382256939146,0.22153617136403578,42995,1024,1.4682575285494615,4.4682575285494615,10.084059715270996,0.011565648571790238,1.2828103087159795,0.9162697196006775,-10.209144592285156,3.994389603905818,3.012350207860626,1.7584634675204802,10.209144592285156,7.310076200614102,7.221004962921143,8.363929748535156,8.664525985717773,9.549094200134277,6.27697252277346,4.431609834368643,4.314510360397466,5.206562839082336,5.4130952087672535,5.744009285189091,10.084059715270996,6.766799616278542,6.707197189331055,7.764877986907959,8.209750175476074,8.597009658813477,-4.880248069763184,-7.0245611653492634,-6.963876724243164,-5.921278476715088,-5.687707757949829,-5.316429138183594,18.193455696105957,13.791360781627805,13.655808925628662,15.57102918624878,16.256794929504395,17.33523464202881,1.8423856312122997,1.7581683679544073,1.7548601436509677,1.809669896095752,1.822821617679694,1.8280488438898097,-0.005501863053422282,1.7584254327031512
R4,gsm8k,S4_k_stored_draft_l3,0.9829573631286621,1.7640963792800903,2.687181234359741,3.334781718254089,4.703795361518863,5.174564404487612,6.086175041198779,7.092102853296994,9.390397071838379,5.77783816071566,9.390397071838379,377.0;768.0;372.0;1016.0;964.0;249.0;832.0;698.0;900.0;623.0,0.518453286720144,1.4387800883632413,0.01021696742294315,0.04346910034545616,0.07854448711711483,0.25648731000980435,3600,1024,0.784745293958129,3.784745293958129,8.525304794311523,-0.029080078523439256,1.2442972656672853,0.9829573631286621,-9.390397071838379,3.7447760874023612,2.894208640174185,1.6252440464125524,9.390397071838379,6.355972825156318,6.309124231338501,7.053489065170288,7.273880290985107,7.752202930450439,4.826144467512837,3.777840116998823,3.767259246300732,4.087838120169267,4.18834784532794,4.390927128056707,8.525304794311523,5.9470164321528545,5.9027931690216064,6.763936996459961,7.065136575698852,7.588067655563352,-4.211098670959473,-6.092758942577574,-6.040977716445923,-5.439886665344238,-5.2717835903167725,-4.991109871864319,15.818508625030518,12.039775374730429,12.002246379852295,13.125812292098999,13.467051744461058,14.08673871040344,1.7099754149326674,1.6250793676474127,1.6262691431831628,1.6535987910079046,1.6609211941105297,1.6741308437050633,-0.03055184879016832,1.6249838643606642
R4,gsm8k,S4_v_stored_ctx_l3,5.595475912094116,9.823985576629639,14.815152931213381,18.404306507110594,26.762782402038575,30.434465894699102,38.774361965181136,51.73902252387935,82.12649536132812,8.991056518670995,82.12649536132812,602.0;639.0;607.0;635.0;586.0;589.0;713.0;617.0;955.0;541.0,0.21926886194336115,8.965269391838705,0.00236725059908766,0.011021946635111485,0.021332767021658545,0.09632379858625888,42995,1024,1.2377096613046952,4.237709661304695,82.12649536132812,-0.054164685432706625,6.9910603816908345,5.595475912094116,-72.45520782470703,4.244945292874515,2.929939821673294,9.134243032593858,82.12649536132812,35.478490989703694,34.27362823486328,48.661033630371094,53.7200828552244,60.48941154479981,6.264270121727008,3.530194498230873,3.415161484207445,4.192680888301157,4.527916754882302,5.218871973558049,82.12649536132812,32.7634613447237,31.774229049682617,44.75556945800781,49.265663146972656,56.86836624145508,-14.030237197875977,-33.31124919434871,-32.29005813598633,-21.64755630493164,-18.776691436767578,-15.684456825256348,140.11983489990234,66.07471053907241,64.39053726196289,89.53385162353516,95.55327224731445,109.37657226562433,14.258611882237599,8.970279741299821,9.080315371571908,11.077025648456578,11.57095596094232,12.8886413010819,-0.001970617180065212,9.134082436968775
R4,gsm8k,S4_v_stored_draft_l3,4.6729936599731445,8.153295278549194,12.136276626586918,14.965314960479729,21.809137916564957,25.0372836303711,33.139880569458164,46.94940948486328,88.11502075195312,11.792565787780939,88.11502075195312,408.0;489.0;388.0;402.0;387.0;411.0;393.0;463.0;487.0;414.0,0.3265566897465375,7.1532451767085155,0.007964615613252986,0.024688573015262096,0.042523524548181556,0.149870236134367,3600,1024,1.287015562687265,4.287015562687265,88.11502075195312,-0.02691131690800325,5.75361368357627,4.6729936599731445,-70.7364273071289,4.435160072363442,2.918749737117656,7.47208218615621,88.11502075195312,31.943938024308945,30.570395469665527,42.16768608093261,47.29795970916745,57.70911537170397,8.556737575636271,3.7863088593452616,3.640000437779152,4.525353672754664,4.95358005218901,5.983216681181255,88.11502075195312,30.699257969856262,29.223254203796387,41.06492385864258,46.13886070251464,56.08021656036376,-14.824954986572266,-27.754100534651016,-26.5941104888916,-20.428013420104982,-19.25338573455811,-17.352684669494632,150.82231903076172,58.45335850450728,56.3689489364624,75.36937255859375,83.00285511016844,99.37589698791486,12.555093211210501,7.410411767359244,7.3391487091009395,8.67450736216112,9.102617134934729,9.935403148186918,0.07636479440396138,7.472033724341403
R4,gsm8k,S4_kctx_lin_l4,6.554534912109375,12.13606572151184,18.658929443359376,23.089108562469484,32.41382495880127,36.127500000000005,45.44858932495117,57.780761396400095,90.22348022460938,8.00945516239141,90.22348022460938,38.0;62.0;250.0;108.0;103.0;114.0;757.0;127.0;120.0;59.0,0.4180563757625825,10.424117119430242,0.008367249748925325,0.0353348163559508,0.057090494469417156,0.18384554429715025,42995,1024,1.0844031290385745,4.0844031290385745,90.22348022460938,0.02141445516330589,8.525636308601465,6.554534912109375,-84.11805725097656,4.034630868659924,2.87748906385357,11.264621424969818,90.22348022460938,45.70903079310938,45.18470001220703,58.0426139831543,60.681758880615234,68.25209045410156,6.734190427928787,3.9151643109569534,3.681554276315163,5.0220760754565585,5.4933516594118625,6.2002213215182715,90.22348022460938,43.42280565930156,42.9483757019043,55.532196044921875,58.09466552734375,63.780847320556376,-23.435932159423828,-41.96522386122587,-40.784446716308594,-31.014329147338866,-28.358625411987305,-26.401926040649414,158.45267486572266,85.38802952052743,84.28927230834961,108.26364822387693,115.41376495361328,124.78636932373047,16.58939296638378,11.1496068901068,11.375512263125831,12.982843489419807,13.456072009976271,14.37193337228882,0.02308990283881153,11.26460107012224
R4,gsm8k,S4_vctx_lin_l4,5.524576425552368,9.659098386764526,14.31337070465088,17.551305103302,24.766217746734622,27.9414381980896,35.528117542267545,47.61676143149451,75.47415161132812,8.603226791354878,75.47415161132812,48.0;16.0;4.0;101.0;69.0;483.0;59.0;72.0;78.0;7.0,0.18184648593436603,8.655791603629376,0.0033917922874022372,0.012616385633945678,0.022942234069340497,0.09741735745217851,42995,1024,0.8665673025806582,3.866567302580658,70.81485748291016,-0.13780239180051967,6.800242080972718,5.524576425552368,-75.47415161132812,4.049816343217623,2.8230776165128266,8.772772523812788,75.47415161132812,34.5996511113548,33.854881286621094,45.21442413330078,49.607295989990234,58.61130905151367,7.3574678934471995,3.5033983379763565,3.3269027019104476,4.355489826880062,4.603857185261188,5.1491830415404465,70.81485748291016,31.557442833543004,31.017494201660156,41.298274993896484,45.27579879760742,53.887664794921875,-15.065794944763184,-32.62217921678348,-31.852693557739258,-23.019878387451172,-19.915477752685547,-16.820905685424805,134.8218994140625,64.17962205032649,63.42934036254883,82.63351440429688,89.56048965454102,101.73885345458984,12.430174672513091,8.668838018583163,8.995936665891904,10.061676705723903,10.341369923866866,11.184897401574716,-0.011270974239973197,8.771690159563244
R4,gsm8k,S4_kdraft_lin_l4,4.531077861785889,7.973827362060547,11.852631473541262,14.611085128784179,20.480821170806887,22.914483861923223,36.08906672287627,50.87207093924831,66.05915832519531,9.033102887715334,66.05915832519531,384.0;409.0;453.0;487.0;506.0;448.0;428.0;452.0;386.0;492.0,0.5073522123982722,6.491802283337309,0.03603459932991692,0.07053224459199962,0.10490379552528617,0.27985920478963494,3600,1024,1.7940569609414228,4.794056960941423,45.531524658203125,0.03377710631479633,5.609980088740453,4.531077861785889,-66.05915832519531,4.934913812019132,2.800601302699841,7.313008513944104,66.05915832519531,44.10517718103197,44.08787536621094,51.4058422088623,53.46787776947021,57.751686706542955,8.608202841722015,4.795876736083987,4.701067528653236,5.855232709743851,6.241200519905093,7.081421009305545,45.531524658203125,27.838416527112326,27.249821662902832,33.00902786254883,34.85214500427246,39.82929355621334,-23.764570236206055,-44.03959696716733,-44.071250915527344,-36.52932510375977,-34.22169780731203,-30.037089080810564,100.9433364868164,71.87801349427966,71.57894611358643,80.80775012969971,83.71878929138184,89.01813802719113,10.04542742254921,7.29647347153609,7.236722290262298,7.967644645588342,8.19170857413439,8.635598450724476,-0.15644800068897508,7.312930509180841
R4,gsm8k,S4_vdraft_lin_l4,4.040962219238281,6.953675270080566,10.0807788848877,12.171533489227294,16.555241622924818,18.248954620361335,22.268941263199277,28.334829330444336,61.88090515136719,10.087128436800622,61.88090515136719,471.0;432.0;493.0;510.0;409.0;485.0;496.0;417.0;450.0;503.0,0.23547115752095726,5.991631150444839,0.007077031755501021,0.02301737238667705,0.03754358053057054,0.12868289979649208,3600,1024,0.30700418031867516,3.307004180318675,46.9146842956543,-0.03734953716842837,4.842284456860099,4.040962219238281,-61.88090515136719,3.630032077326478,2.698649092869978,6.134640352710154,61.88090515136719,22.780755546622807,22.22165298461914,27.15898895263672,28.849395275115967,33.8880442047119,7.765991373794877,3.206758734830483,3.17098213094102,3.513154265726259,3.653048325362776,3.994765713130249,46.9146842956543,20.731889021926456,20.189797401428223,24.926814079284668,26.759701442718505,30.105770492553642,-13.838991165161133,-21.72712826490402,-21.214667320251465,-17.859720039367676,-17.1219464302063,-15.881455850601197,108.79558944702148,42.45901728683048,41.64299297332764,49.41209907531738,51.975475502014156,58.172312564849804,9.519818894201673,6.115626394081328,6.076546113263374,6.743598805338253,6.958293577173496,7.3814995984362834,-0.02623867698217469,6.134526654043738
R4,gsm8k,S4_kctx_lin_fp_l4,6.583823204040527,12.420904397964478,19.227053833007815,23.892040920257564,33.58792633056641,37.79598915100098,47.74943387603843,60.62908907927666,98.72180938720703,8.52323414541739,98.72180938720703,38.0;62.0;108.0;127.0;250.0;114.0;125.0;120.0;757.0;54.0,0.42985901089465006,10.663822551035803,0.00804520763650447,0.03608584249627138,0.05965539387390385,0.18726498394149238,42995,1024,1.2188597064607212,4.218859706460721,98.72180938720703,0.05208756408794673,8.696196804156608,6.583823204040527,-91.52230072021484,4.122489323917715,2.8998431283973716,11.58267011123775,98.72180938720703,47.42063447539925,46.61093521118164,60.59921646118164,63.13248825073242,72.45851181030274,6.918413385132404,4.060139059257014,3.739164205435495,5.576157693213957,5.898765894278626,6.45169177450813,98.72180938720703,44.847263560432076,44.43536376953125,58.137691497802734,62.52762985229492,71.69893646240234,-23.717254638671875,-43.56449516017793,-42.52748107910156,-31.45496368408203,-29.26803207397461,-25.684062957763672,178.7344207763672,88.41175872061,87.1072998046875,113.02002334594727,118.08070373535156,129.76625442504883,17.37060081854832,11.433665524497922,11.74723277316196,13.462539452269453,14.014912133740708,14.935591918310784,0.018847529164669995,11.582552991090855
R4,gsm8k,S4_vctx_lin_fp_l4,5.053570508956909,9.017135620117188,13.64088096618653,16.914233398437496,24.529945964813233,28.06640227317811,36.55759993744286,48.469517562865775,77.2837142944336,9.239440517029394,77.2837142944336,48.0;9.0;16.0;101.0;63.0;7.0;114.0;47.0;69.0;4.0,0.20889337192027746,8.216093620614911,0.0031868139699058463,0.01291551862009881,0.02424478872306776,0.10650775367769597,42995,1024,1.345918725552468,4.345918725552468,74.22277069091797,-0.09484202113269741,6.379398875710142,5.053570508956909,-77.2837142944336,4.3705426576746325,2.9326097832769555,8.364544817620772,77.2837142944336,34.13999376311415,33.25471115112305,46.437627410888666,50.939449310302734,59.36149681091302,8.599565520854139,3.7569555007813746,3.5058473272433806,4.925259034292439,5.309054662947901,5.758210329916014,74.22277069091797,31.149414840078947,30.772388458251953,42.4511734008789,46.791726684570285,55.376190185546875,-11.416807174682617,-32.15177209177382,-31.35538101196289,-20.567110061645508,-17.228179931640625,-13.148283958435059,141.30001068115234,63.30118693185277,62.201873779296875,84.6472282409668,91.41632881164541,105.80556869506836,12.536553807254972,8.20331403206203,8.59314440218482,9.899595811349656,10.215786845646674,11.140262600768908,-0.014973471014443315,8.364007113639607
R4,gsm8k,S4_k_stored_ctx_fp_l4,1.0049639344215393,1.9608544707298279,3.1462295055389404,3.953083455562591,5.499234099388125,6.109154226779938,7.599634381294646,8.882892026328332,10.85494613647461,5.808082027796251,10.85494613647461,564.0;114.0;428.0;254.0;62.0;250.0;575.0;815.0;753.0;380.0,0.4944905261996174,1.668693325655596,0.00906631468388787,0.036667485493921376,0.06270658196510731,0.20329150823409262,42995,1024,1.2557637555408174,4.255763755540817,10.480489730834961,0.00851990052119711,1.3804148640357443,1.0049639344215393,-10.85494613647461,4.066284559395811,2.942437699619366,1.8689381597100616,10.85494613647461,7.6716462207292455,7.562825679779053,8.78174877166748,9.302806854248047,10.001489639282227,6.146318754753516,4.223605083039225,4.048331579825645,5.129005706969163,5.3985324029706465,5.815068723648289,10.480489730834961,7.3165577346938395,7.152612686157227,8.727765083312988,9.109774589538574,9.961846408843995,-4.663326740264893,-7.088378364633081,-6.988588809967041,-6.056561470031738,-5.8202699184417765,-5.419628973007204,19.040371894836426,14.40493609932692,14.202810287475586,16.45630645751953,17.022775840759277,18.30854606628418,1.9501373931768422,1.8687664973799092,1.8627320140568682,1.90831923513656,1.9200143400782688,1.932864031458741,0.015321577884079625,1.8689187398374336
R4,gsm8k,S4_k_stored_ctx_l4,1.0236936211585999,1.9665308892726898,3.1363770484924354,3.9287935376167287,5.448328204154969,6.033356342315674,7.326427707195362,8.810046818160169,11.517982482910156,6.176788784881607,11.517982482910156,564.0;815.0;633.0;428.0;250.0;244.0;637.0;374.0;753.0;114.0,0.4809746285162497,1.6770568233234076,0.00946665621551568,0.03605786971162203,0.06128549541040581,0.1979897897804735,42995,1024,1.1561769742469528,4.156176974246953,10.483160018920898,0.007773140727392415,1.3864114989188805,1.0236936211585999,-11.517982482910156,3.928969032744723,2.9217940379499243,1.8647201457012303,11.517982482910156,7.626123991421814,7.530257701873779,8.840473175048826,9.197203636169434,9.98634147644043,5.819165923501273,4.134823341523304,4.030660423735249,4.872873334127922,5.045994540836959,5.534789426329098,10.483160018920898,7.2643952769503395,7.081350803375244,8.634660720825195,9.034272193908691,9.87072467803955,-4.525368690490723,-7.0082779946888945,-6.912653923034668,-6.024723529815674,-5.797447681427002,-5.420157432556152,19.701666831970215,14.272673271639235,14.15006971359253,16.166014671325684,16.825969219207764,17.671042442321777,1.9312855567589011,1.8645919647848834,1.8604763373246924,1.8968023574894355,1.9049570956833817,1.9215141953327801,0.026135781769449,1.8647039443480702
R4,gsm8k,S4_k_stored_draft_l4,1.1065953373908997,1.9377380907535553,2.8359245300292972,3.4156408309936523,4.586690955162048,5.040522608757019,6.25376714181912,8.353721611116281,10.823686599731445,6.292859398029047,10.823686599731445,384.0;448.0;179.0;230.0;1007.0;506.0;753.0;1006.0;941.0;760.0,0.43457690891895984,1.5830545111483927,0.009325613180427858,0.03671015629188792,0.06000200345373552,0.19718029605439433,3600,1024,0.3783754710138876,3.3783754710138876,10.759973526000977,0.006981406944114474,1.3473202015738253,1.1065953373908997,-10.823686599731445,3.63592173229204,2.6666885646672798,1.7199949840165625,10.823686599731445,6.965902064243952,6.812652826309204,8.277006244659423,8.674421310424805,9.559459552764887,4.633070174772624,3.374902021088341,3.3473723214827125,3.690748913796927,3.8053001599277994,4.053841305815457,10.759973526000977,6.273802201482985,6.048600196838379,7.797916793823242,8.290127849578857,9.25607721328735,-4.212618350982666,-6.312882016764747,-6.116397380828857,-5.173952102661133,-4.984297108650209,-4.661328616142273,17.548298835754395,12.586684218247731,12.476009845733643,14.163757181167602,14.655599117279053,15.57131295680999,1.8005045355988754,1.7198524491543337,1.7191094272534158,1.7484171255624892,1.7577937460772468,1.7731052036074375,-0.023727455491575542,1.7199808152997567
R4,gsm8k,S4_v_stored_ctx_l4,5.524576425552368,9.659098386764526,14.31337070465088,17.551305103302,24.766217746734622,27.9414381980896,35.528117542267545,47.61676143149451,75.47415161132812,8.603226791354878,75.47415161132812,48.0;16.0;4.0;101.0;69.0;483.0;59.0;72.0;78.0;7.0,0.18184648593436603,8.655791603629376,0.0033917922874022372,0.012616385633945678,0.022942234069340497,0.09741735745217851,42995,1024,0.8665673025806582,3.866567302580658,70.81485748291016,-0.13780239180051967,6.800242080972718,5.524576425552368,-75.47415161132812,4.049816343217623,2.8230776165128266,8.772772523812788,75.47415161132812,34.5996511113548,33.854881286621094,45.21442413330078,49.607295989990234,58.61130905151367,7.3574678934471995,3.5033983379763565,3.3269027019104476,4.355489826880062,4.603857185261188,5.1491830415404465,70.81485748291016,31.557442833543004,31.017494201660156,41.298274993896484,45.27579879760742,53.887664794921875,-15.065794944763184,-32.62217921678348,-31.852693557739258,-23.019878387451172,-19.915477752685547,-16.820905685424805,134.8218994140625,64.17962205032649,63.42934036254883,82.63351440429688,89.56048965454102,101.73885345458984,12.430174672513091,8.668838018583163,8.995936665891904,10.061676705723903,10.341369923866866,11.184897401574716,-0.011270974239973197,8.771690159563244
R4,gsm8k,S4_v_stored_draft_l4,4.040962219238281,6.953675270080566,10.0807788848877,12.171533489227294,16.555241622924818,18.248954620361335,22.268941263199277,28.334829330444336,61.88090515136719,10.087128436800622,61.88090515136719,471.0;432.0;493.0;510.0;409.0;485.0;496.0;417.0;450.0;503.0,0.23547115752095726,5.991631150444839,0.007077031755501021,0.02301737238667705,0.03754358053057054,0.12868289979649208,3600,1024,0.30700418031867516,3.307004180318675,46.9146842956543,-0.03734953716842837,4.842284456860099,4.040962219238281,-61.88090515136719,3.630032077326478,2.698649092869978,6.134640352710154,61.88090515136719,22.780755546622807,22.22165298461914,27.15898895263672,28.849395275115967,33.8880442047119,7.765991373794877,3.206758734830483,3.17098213094102,3.513154265726259,3.653048325362776,3.994765713130249,46.9146842956543,20.731889021926456,20.189797401428223,24.926814079284668,26.759701442718505,30.105770492553642,-13.838991165161133,-21.72712826490402,-21.214667320251465,-17.859720039367676,-17.1219464302063,-15.881455850601197,108.79558944702148,42.45901728683048,41.64299297332764,49.41209907531738,51.975475502014156,58.172312564849804,9.519818894201673,6.115626394081328,6.076546113263374,6.743598805338253,6.958293577173496,7.3814995984362834,-0.02623867698217469,6.134526654043738
R4,mtbench,A_src1,0.015380859375,0.026611328125,0.0390625,0.04736328125,0.0703125,1.171875,10.8125,17.875024999986636,24.375,52.5672316692548,24.375,3280.0;2154.0;1950.0;58.0;610.0;2521.0;1800.0;2520.0;2557.0;2926.0,0.6163494077641004,0.37692473249194247,0.009109484479915757,0.038309414943690875,0.06916551285623089,0.252017101802159,44434,4096,740.7160229467418,743.7160229467418,24.375,-0.0003373917260474219,0.04101536472807387,0.015380859375,-24.0,23.318284817387386,0.15163624519977345,0.4636919089322389,24.375,0.17535430335406163,0.087890625,0.10791015625,0.11376953125,0.1279296875,3.3361741267999143,2.9849054090842477,2.9823965591375377,3.0846868949932276,3.1148097934797807,3.1746455364647765,24.375,0.17127987357302404,0.083984375,0.10302734375,0.109375,0.123046875,-0.04541015625,-0.1698429471501975,-0.083984375,-0.064453125,-0.060546875,-0.05419921875,48.375,0.34112282072322153,0.16845703125,0.2041015625,0.2138671875,0.236328125,7.740278966878665,0.050980230730891196,0.0234115773738265,0.02773321435387823,0.028727981087074403,0.03098967826480821,0.1951789631796349,0.46369178618565904
R4,mtbench,A_src1_origbasis,0.012079274747520685,0.021807953249663115,0.034381279349327096,0.04524433817714452,0.10221938364207757,0.18112559199333209,0.8287159187793788,1.8401582664131255,300.1044616699219,647.2065705284639,300.1044616699219,788.0;1384.0;4062.0;290.0;2352.0;4055.0;133.0;1039.0;1189.0;709.0,0.9948673863001164,0.05507563510429152,0.9813947567136786,0.9892224399038574,0.9906970590192169,0.9929301695976195,44434,4096,364385.9581212968,364388.9581212968,300.1044616699219,-0.00035391578642524074,0.01904532643288179,0.012079274747520685,-274.77386474609375,1.7872123085109826,0.22044676163890906,0.46369192671341,300.1044616699219,1.3341535191092448,0.2524571269750595,0.3462874382734299,0.37569858133792877,0.46321458339691157,1319.01847300123,26.426699089563822,13.769842318998744,49.858460661777016,67.80016239234851,111.19210856565262,300.1044616699219,1.3298388722531638,0.2491597682237625,0.34614209830760956,0.37567463219165803,0.46321458339691157,-0.0989236831665039,-1.1804533878248005,-0.19001635164022446,-0.14866842180490492,-0.13861459866166115,-0.12217176705598831,574.8782958984375,2.5102922600779642,0.4415072873234749,0.5704655945301056,0.61416552439332,0.7664900700747964,7.740281051699701,0.05098023255644591,0.02341157792645543,0.027733215211861964,0.02872798190524523,0.03098967936793954,-124.36405722708707,0.46369179164916263
R4,mtbench,A_src8,0.06689453125,0.1142578125,0.1650390625,0.19921875,0.2890625,1.2187890625000364,10.875,17.875024999986636,24.375,51.363603968274695,24.375,3280.0;2154.0;1950.0;58.0;610.0;2521.0;1800.0;2557.0;2520.0;2926.0,0.5903973601249369,0.3989424323343419,0.00873400239586427,0.03678160072451266,0.0664535197947829,0.24302368060841972,44434,4096,678.7437221920121,681.7437221920121,24.375,-0.0001935371485448463,0.10148458826713075,0.06689453125,-24.0,22.91606946276871,0.6091196624442833,0.47455782143043335,24.375,0.46090517062525316,0.37109375,0.44140625,0.46484375,0.51953125,3.3679659267427704,2.9771726793837145,2.9754314377290614,3.0788692744583037,3.1095032658834727,3.172481639056396,24.375,0.4435103406527096,0.353515625,0.423828125,0.447265625,0.50390625,-0.20703125,-0.442049167198823,-0.353515625,-0.296875,-0.28125,-0.2578125,48.375,0.8855595078515326,0.708984375,0.833984375,0.873046875,0.95703125,7.754587340154132,0.12666641928323819,0.09869802145339754,0.11389945117279915,0.11803764382454655,0.12734976791201305,0.2308199998341886,0.4745577819656645
R4,mtbench,A_src8_origbasis,0.05723808892071247,0.09963507764041424,0.14820512086153032,0.18508037254214285,0.3286899718642238,0.47312200665474125,0.9591669315697229,2.2175895776013217,300.36846923828125,632.9438054603345,300.36846923828125,788.0;1384.0;4062.0;290.0;2352.0;4055.0;133.0;1039.0;709.0;1189.0,0.9665627860433895,0.1121947361317401,0.9404790039122788,0.9536502290013089,0.9574823270914635,0.9639760715582204,44434,4096,334209.1324455318,334212.1324455318,300.36846923828125,4.671847758443728e-05,0.07415636507309442,0.05723808892071247,-275.353759765625,2.0211800835121725,0.6926235704299337,0.47455787804073046,300.36846923828125,2.704159523601761,1.586634874343872,2.408156251907349,2.664073061943054,3.251013150215148,1317.0634435265717,43.050776121510395,25.133209182858472,86.3858268979643,121.22959406309698,224.05337984397187,300.36846923828125,2.6968769394607457,1.5865825414657593,2.408156251907349,2.664073061943054,3.251013150215148,-0.35014238953590393,-1.8046520143678917,-0.8020539581775665,-0.6059550464153288,-0.5610311627388,-0.49243369787931446,575.7222290039062,4.501528953828638,2.397878110408783,3.328261989355089,3.612367361783981,4.263412649631497,7.754587988684396,0.1266664260138438,0.09869802485937058,0.11389945575844337,0.11803764992115393,0.12734977271153486,-117.5262911313399,0.47455787574109937
R4,mtbench,A_src15,0.11328125,0.1953125,0.28125,0.33984375,0.48828125,1.21875,10.9375,18.000012499993318,24.5,49.205311125087924,24.5,3280.0;2154.0;1950.0;610.0;2521.0;58.0;1800.0;2557.0;2520.0;1027.0,0.5439590121036267,0.43469351200150125,0.00807494567470756,0.034165919805984934,0.061917006630045006,0.2273418942691775,44434,4096,574.5260242803097,577.5260242803097,24.5,-0.00029147474926498004,0.15942365303095432,0.11328125,-24.25,21.966656752271394,0.9806543192978301,0.49791373003855227,24.5,0.7325066214779223,0.64453125,0.75390625,0.7890625,0.87109375,3.321659635269855,2.976433914873149,2.9745784957339865,3.0786108059890167,3.1096375732414354,3.1708083905157443,24.5,0.7041926825460233,0.6171875,0.72265625,0.7578125,0.84375,-0.32421875,-0.7015190806167574,-0.61328125,-0.515625,-0.48828125,-0.435546875,48.75,1.4057117631627807,1.23828125,1.421875,1.47265625,1.59375,7.808964542581776,0.1992090848800065,0.17296164347974977,0.1937368950744213,0.19841624990928455,0.2077972525605015,0.1989262700925244,0.4979136447250415
R4,mtbench,A_src15_origbasis,0.09646965190768242,0.1670689433813095,0.24762311726808553,0.30797094553709026,0.5327858543396004,0.7286589616537096,1.2695989892482942,3.7380161770069416,302.5379638671875,607.6111873225582,302.5379638671875,788.0;1384.0;4062.0;2352.0;290.0;4055.0;133.0;1039.0;1189.0;3231.0,0.9197165991195401,0.17248895399517866,0.8713465982983374,0.891294491256611,0.8987902703510076,0.9165063286410754,44434,4096,283410.9292088105,283413.9292088105,302.5379638671875,2.0177373468065823e-05,0.12498935354486979,0.09646965190768242,-277.05224609375,2.549837182150555,1.0700364390832693,0.4979137484290284,302.5379638671875,3.996630732919629,2.8213452100753784,4.524766969680787,5.016151189804077,6.341199827194213,1317.7361667695743,48.438015863668596,26.720966185165373,101.48998666342374,140.20916342936863,266.4139374395653,302.5379638671875,3.9873730961521616,2.8213452100753784,4.524766969680787,5.016151189804077,6.341199827194213,-0.3645264506340027,-2.3918331994719075,-1.3778336644172668,-0.9869485557079315,-0.8860545486211779,-0.7313990163803105,579.58447265625,6.379206295624069,4.20905214548111,6.198678708076478,6.759952557086945,8.181311962604518,7.808964845888447,0.19920909142363935,0.1729616507948641,0.1937369004123103,0.19841625750114736,0.20779725674428848,-103.7902336918409,0.49791374802019617
R4,mtbench,A_src22,0.240234375,0.412109375,0.6015625,0.7265625,1.046875,1.421875,10.875,18.125,24.5,41.16078967912869,24.5,3280.0;2154.0;1950.0;58.0;610.0;2521.0;1800.0;2557.0;2520.0;1027.0,0.38890704674173715,0.5591616628354807,0.005990733714423931,0.025388838987434405,0.0463999611463939,0.17438386198196915,44434,4096,281.8744730563459,284.8744730563459,24.5,-0.00031706980423457895,0.31384441660721063,0.240234375,-24.25,18.270350520837734,1.758783742666851,0.59522667545961,24.5,1.4612669035817167,1.3828125,1.640625,1.71875,1.90625,3.335399188098878,2.9752442510227803,2.973923275018815,3.076049318398222,3.1068065592138177,3.16699147980219,24.5,1.3987297171085205,1.3125,1.5703125,1.65625,1.84375,-0.66796875,-1.3970312710987083,-1.3125,-1.0546875,-0.9765625,-0.86328125,48.75,2.7957609882072285,2.6484375,3.09375,3.2265625,3.5,7.822590255684278,0.3925466013129922,0.37096063953623193,0.42162888826952033,0.4333483491879239,0.4548950351952731,0.11004495433875279,0.5952265910100448
R4,mtbench,A_src22_origbasis,0.19660964608192444,0.3435322940349579,0.5138611018657694,0.643722203373909,1.0860668540000922,1.4311212086677574,2.590732193708458,8.129401370712948,303.14752197265625,509.29757650968526,303.14752197265625,788.0;1384.0;4062.0;2352.0;290.0;4055.0;133.0;761.0;2742.0;1039.0,0.763542367324791,0.3396925790052121,0.6416533958834725,0.6791524072082054,0.6994665318188658,0.7560865221894093,44434,4096,139804.69103766157,139807.69103766157,303.14752197265625,-0.0001859540597363354,0.25912660309275914,0.19660964608192444,-277.57928466796875,4.352513321089764,1.8246272081341217,0.595226712151636,303.14752197265625,7.561251999975919,6.506739616394043,9.396408557891846,10.21827836036682,11.787811212539667,1319.1214184625148,58.20836097593667,36.61484204267332,123.45305887670771,164.13893316646585,271.63889612861703,303.14752197265625,4.4999810881949935,3.270097017288208,4.820395898818971,5.451511335372925,6.772686305046081,-0.9301649928092957,-7.384380103940339,-6.473175525665283,-3.290448141098021,-2.597423195838929,-1.82681774020195,580.726806640625,11.884361192135334,9.856682896614075,13.46224994659424,14.565669798851012,17.065300569534298,7.8225912722979585,0.3925466145438616,0.370960653748189,0.42162889740183934,0.433348364878179,0.4548950383417206,-61.621482877714996,0.5952266831047934
R4,mtbench,A_src29,0.478515625,0.81640625,1.1796875,1.4140625,1.9765625,2.421875,10.875,18.125024999986636,25.0,29.23142125374889,25.0,3280.0;2154.0;1950.0;2557.0;2521.0;58.0;1800.0;2520.0;610.0;2149.0,0.24177098404197195,0.8355067096372765,0.004362230584541193,0.01651327469194877,0.029872421394731247,0.11740000623052683,44434,4096,65.41407933460239,68.41407933460239,25.0,-0.0017299738254052531,0.5919640478931357,0.478515625,-24.25,12.715668245380767,2.311109242874522,0.8552440807781039,25.0,2.71948898225458,2.625,3.09375,3.234375,3.5625,3.2936109736464765,2.925478000384745,2.927057353318207,3.037133840068345,3.0703721679006852,3.134639104576466,25.0,2.6080085069991448,2.515625,2.96875,3.125,3.46875,-1.359375,-2.5950053731376874,-2.515625,-2.09375,-1.984375,-1.75,49.125,5.203013880136832,5.046875,5.828125,6.0625,6.578125,7.821678131572406,0.7387755971554906,0.7177305734721771,0.8073601090259362,0.8290922349953933,0.8705298805585469,0.04724897276990718,0.8552423310948467
R4,mtbench,A_src29_origbasis,0.3926951289176941,0.6782142221927643,0.9946565926074984,1.2164807260036465,1.8170800447463993,2.255739340782167,4.02341000318537,22.778208758925867,302.7757873535156,354.02264800007754,302.7757873535156,788.0;1384.0;4062.0;2352.0;290.0;761.0;2742.0;3773.0;1658.0;2252.0,0.5716538246360845,0.632347657592481,0.4263335021504255,0.4703643548873881,0.4923290279040597,0.556729475144943,44434,4096,32600.118346222567,32603.118346222567,302.7757873535156,-0.003671150612185205,0.49575701763513347,0.3926951289176941,-276.7262878417969,4.704399502244895,2.124633197033449,0.8552441180357742,302.7757873535156,19.96223429422082,19.329678535461426,25.764779090881348,27.45763530731201,30.800504207611063,1308.8709731815188,166.93368799440537,133.7323974959961,339.0394366511501,418.4890755534291,610.5946632905539,302.7757873535156,6.351698126110179,5.131331205368042,7.416993284225469,8.323982620239255,10.275715312957763,-1.885633111000061,-19.863846590947453,-19.329678535461426,-11.796991539001464,-9.262166690826426,-4.187019042968764,579.4346008300781,26.215544717057632,24.738538026809692,31.659936952590947,33.456803107261656,36.797665047645566,7.821678136122618,0.7387756208465407,0.71773057273089,0.8073601516745135,0.8290922565214681,0.8705299359313382,-23.548985602235476,0.855236238759778
R4,mtbench,B_concat,0.103515625,0.27734375,0.609375,0.88671875,1.578125,2.109375,10.5,17.5,25.0,41.972422853648204,25.0,19664.0;11472.0;15568.0;3280.0;7376.0;10346.0;18538.0;14442.0;6250.0;2154.0,0.5152904322086258,0.5210458098601085,0.006851143942041471,0.028319145548265402,0.05135151778930749,0.1920622937454242,44434,20480,277.96090407269395,280.96090407269395,25.0,-0.0005738894506994161,0.24154641410530103,0.103515625,-24.25,17.62841759853225,2.6495091926365433,0.5956291845998836,25.0,2.71948898225458,2.625,3.09375,3.234375,3.5625,11.239501422946544,8.707961333245612,8.708243459838986,9.311670939141377,9.508724313818302,9.927101514845079,25.0,2.6080085069991448,2.515625,2.96875,3.125,3.46875,-1.359375,-2.5951572838367016,-2.515625,-2.09375,-1.984375,-1.75,49.125,5.203165790835847,5.046875,5.828125,6.0625,6.578125,7.789694429809133,0.39629005257430944,0.37297874022871547,0.41737763622454466,0.4276283249113763,0.44773534232391826,0.11338868274429094,0.5956289081282242
R4,mtbench,C_Zt_fp,2.644689202308655,4.593060374259949,6.81824254989624,8.568204021453857,55.89228370666504,109.48319171905578,225.29139627076134,541.113606225347,1452.903076171875,110.44545251905014,1452.903076171875,432.0;2017.0;2117.0;2062.0;3960.0;977.0;2910.0;3230.0;4030.0;3447.0,0.7080536466504226,9.884710238945308,0.099443964060982,0.22628441163547777,0.29773281072324764,0.5052950577441944,125480,4096,1193.9961369273947,1196.9961369273947,1452.903076171875,0.05103262440430118,4.200806809699081,2.644689202308655,-1244.157958984375,17.12599458136831,4.248768322915641,13.154937962894142,1452.903076171875,173.4880017156239,161.8852767944336,210.3883056640625,223.25587463378906,260.0477600097656,649.6023493399473,250.58068494905248,242.54175462171685,387.77822926507406,424.08344366293727,485.6423772466115,1452.903076171875,144.2994036085331,130.65646362304688,178.75477752685546,212.1103271484375,258.9976501464844,-48.053504943847656,-168.17869912069392,-159.38619995117188,-123.12590026855469,-114.22334289550781,-95.7960433959961,2696.117431640625,312.47810272922703,291.723934173584,379.43809356689457,401.6716613769531,459.2460174560547,135.11053606821554,6.817292988513501,5.802657863216932,6.798554881994715,7.090461444258133,8.154562585076246,2.471676406597371,13.154838975785294
R4,mtbench,C_Ht_fp,0.4698698967695236,0.8209780305624008,1.2113105654716496,1.4764203846454618,2.102961540222168,2.500174168348315,12.245069087987503,27.69409985808997,37.11397933959961,37.11398014147703,37.11397933959961,3573.0;494.0;604.0;3230.0;2361.0;1601.0;3510.0;1801.0;2117.0;3331.0,0.5003993105550575,0.7662059647678182,0.3889450222681592,0.45148739789014286,0.46585225194534163,0.501011077244575,125480,4096,247.50521766415386,250.50521766415386,32.91697311401367,0.006832466806422225,0.6079804282028786,0.4698698967695236,-37.11397933959961,12.245069352552084,2.102961585658346,0.999999978394195,37.11397933959961,27.756949440080877,27.948793411254883,31.693235397338867,32.57307319641113,34.314945220947266,649.6023091134535,250.580684922296,242.5417585968761,387.7782126144854,424.08347898450666,485.64236732244797,32.91697311401367,22.63492500738692,22.563764572143555,27.04792022705078,29.4494686126709,31.945268630981445,-9.19489860534668,-27.214354635235,-27.42822265625,-22.892290115356445,-21.778196334838867,-17.797443389892578,66.20775985717773,49.849279642621916,50.33767509460449,56.974947929382324,58.40251541137695,60.99081993103027,1.0000001362749351,0.9999999783941941,0.9999999770874198,1.0000000386184114,1.0000000561773037,1.0000000848469237,-1.1164835413312566,0.9999766368199456
R4,mtbench,C_Ht_rc_fp,0.6678978502750397,1.141317367553711,1.6353798508644108,1.9489856779575334,2.572173106670382,2.812515643835068,3.452930208921455,6.451357678457593,14.6060791015625,14.606078657329828,14.6060791015625,3573.0;494.0;604.0;2361.0;707.0;3898.0;3331.0;1453.0;1620.0;646.0,0.2802419584651593,0.9631542458536069,0.025913259317305565,0.04327562649972956,0.060805443304678665,0.16039108493979212,125480,4096,1.4111491263179055,4.4111491263179055,13.728471755981445,0.01318325758684794,0.7909627599953497,0.6678978502750397,-14.6060791015625,3.452930103903236,2.5721730284397135,1.0000000304142325,14.6060791015625,7.293672367779358,7.103145599365234,10.27207670211792,11.587614059448242,12.904903411865234,14.910001620432068,4.413165991087042,3.840846222501412,6.601968478070724,7.996167178953004,9.752513997267016,13.728471755981445,6.669772201193188,6.3807268142700195,9.656235885620141,11.305569648742676,12.88859748840332,-2.9075775146484375,-5.871489816144047,-5.42590856552124,-3.612027883529663,-3.4507102966308594,-3.2370219230651855,24.157299041748047,12.541262017337235,12.501121997833252,16.725345849990845,17.738584518432617,19.471028327941895,1.0000003369406494,1.0000000304142307,1.0000000263165323,1.0000001122221882,1.0000001377136496,1.000000183532924,0.053621848242346205,0.9999131275005169
R4,mtbench,S3_Zt_dep,2.7473323345184326,4.7822558879852295,7.0801764011383055,8.855232524871825,57.19034248352051,112.3068059158331,230.53354603577492,538.8402182066195,1444.4434814453125,108.03123693030744,1444.4434814453125,432.0;2017.0;2117.0;3960.0;2062.0;2910.0;977.0;3230.0;4030.0;3700.0,0.6941609109497455,10.216858945222222,0.09111049386186577,0.20955959745531155,0.27706220129840214,0.48357938107006837,125480,4096,1102.2083383622744,1105.2083383622744,1444.4434814453125,0.0595910984849421,4.343258406327288,2.7473323345184326,-1249.3701171875,17.241812817248434,4.277317540164722,13.370609487486888,1444.4434814453125,166.0929111730304,154.987548828125,198.60703125,211.3463897705078,249.0478973388672,559.0882376858697,211.43440912131868,203.31886807491477,334.30065774341494,369.81327337037527,419.5545771580308,1444.4434814453125,137.9719136666446,124.94193649291992,170.3052978515625,195.33128356933594,249.0478973388672,-44.41587829589844,-161.22024384314062,-152.5789031982422,-118.15745544433594,-109.13633728027344,-91.22927856445312,2689.537841796875,299.1921575097852,278.8544235229492,360.4352996826172,379.4044494628906,434.8523864746094,138.63179086684116,6.824897160698251,5.80402693267945,6.695064516436481,6.911108123054726,7.890093159118441,2.6059265642473113,13.370476691870628
R4,mtbench,S3_Ht_dep,0.4898844063282013,0.8559965342283249,1.255885863304138,1.524308580160141,2.1508308386802675,2.5395325946807876,11.849082731248433,26.56329614714617,35.97090530395508,35.970906091634,35.97090530395508,3573.0;494.0;604.0;3230.0;2361.0;1601.0;3510.0;1801.0;2117.0;3331.0,0.463575440921999,0.7909727963515814,0.35545734653695,0.41301364758767206,0.42645576968689625,0.4635964194759057,125480,4096,208.3650238197808,211.3650238197808,32.7899284362793,0.007679215762432929,0.6286996094400792,0.4898844063282013,-35.97090530395508,11.849082990715708,2.150830885778446,0.999999978102333,35.97090530395508,26.58152808979662,26.770301818847656,30.515836715698242,31.474729156494117,32.90336990356445,559.0882136231056,211.43440897748303,203.31887737553438,334.3006597068444,369.8132637604737,419.5545797412361,32.7899284362793,21.656464818882874,21.554176330566406,26.089834213256836,28.625905990600586,31.502159118652344,-8.898914337158203,-26.066617340558192,-26.23940658569336,-22.005361557006836,-21.11210823059082,-16.808870315551758,63.70935249328613,47.72308215944106,48.266502380371094,54.86848831176758,56.25185203552246,58.56394577026367,1.0000001462565868,0.9999999781023322,0.9999999763572021,1.0000000372476117,1.0000000541819782,1.0000000870631018,-1.0033339035385065,0.9999704924896237
R4,mtbench,S3_Ht_rc_dep,0.6694614887237549,1.1425102651119232,1.6363758802413946,1.9498098671436308,2.5726805663108827,2.813128557205202,3.4258558392524816,6.000033859438309,14.029237747192383,14.029237393613297,14.029237747192383,3573.0;494.0;2361.0;604.0;3331.0;707.0;3898.0;1453.0;723.0;1888.0,0.26410703797910484,0.9668616025044148,0.024262568604255113,0.04072327404023514,0.05733438783456844,0.1537052851576918,125480,4096,1.235008205380712,4.235008205380712,13.764778137207031,0.015226649747704863,0.7916974504606447,0.6694614887237549,-14.029237747192383,3.425855752910586,2.5726805014715763,1.0000000252030155,14.029237747192383,7.057012747992442,6.836817741394043,10.003867435455323,11.270128440856933,12.723936080932617,13.292165137483735,4.2371426502742535,3.713231313989036,6.171418162032717,7.3888086647080575,9.374288864927859,13.764778137207031,6.420350792775079,6.112941741943359,9.312307357788086,10.990652084350586,12.704439163208008,-2.915395498275757,-5.738798766024827,-5.320224761962891,-3.561617374420166,-3.3989453315734863,-3.20731782913208,23.071224212646484,12.159149558799905,12.067014694213867,16.254905700683594,17.253856706619263,18.87041810989379,1.0000003167873541,1.0000000252030137,1.000000020226224,1.0000001063592034,1.000000130877672,1.000000179549362,0.04486811543833882,0.9998840930545362
R4,mtbench,S4_kctx_lin_l0,6.497373104095459,11.979460716247559,19.30011863708496,25.531816768646223,47.516348724365244,59.889983215332094,92.2840926055943,139.02420550535209,320.8119201660156,25.8415563674077,320.8119201660156,130.0;135.0;386.0;932.0;519.0;258.0;420.0;36.0;134.0;625.0,0.4626693678140995,11.249772076258267,0.02098572444555001,0.06388658184442748,0.10120574837038589,0.26409012104875845,125480,1024,13.886983781340962,16.886983781340962,206.69189453125,0.0771095642966168,8.81602954026135,6.497373104095459,-320.8119201660156,7.43352859098395,3.8274650246744777,12.414574246411687,320.8119201660156,65.3930284641486,50.31703567504883,106.84342193603516,150.74478149414062,278.89044189453125,42.17965609032785,5.803038896411201,4.052138980102056,9.06970049365811,13.361985073648372,30.779341384779414,206.69189453125,56.16558986105355,43.79351806640625,97.38568420410175,120.58889770507812,149.63807678222656,-27.802486419677734,-60.37927501471437,-47.51736068725586,-37.671478271484375,-35.71841812133789,-32.69975662231445,480.289306640625,116.54486487576791,91.85185241699219,189.82685089111328,263.2111053466797,418.6324462890625,26.08926466278578,12.042127954269255,11.038735317252865,16.515547301283355,19.001401711509235,25.29024159728774,-0.3330552426872957,12.41433477213992
R4,mtbench,S4_vctx_lin_l0,3.3360546827316284,5.796912312507629,8.53090581893921,10.40995202064514,14.433189449310305,16.102945756912234,20.40626335334778,26.706951484107787,42.518104553222656,8.02829974214416,42.518104553222656,64.0;36.0;2.0;46.0;31.0;80.0;38.0;55.0;103.0;61.0,0.22515388817947146,5.191132186134484,0.0043172594530845295,0.014529257201266178,0.02565803975108053,0.10396181088066671,125480,1024,0.6668297848933635,3.6668297848933635,39.57058334350586,0.014739039583816038,4.125061770449481,3.3360546827316284,-42.518104553222656,3.853125639990236,2.725285436681892,5.296028538897966,42.518104553222656,21.235408193813527,20.946876525878906,25.88746013641358,27.69318199157715,31.877002716064453,6.090455731036469,3.527441051689865,3.4798853436856727,3.99902099353534,4.175012990910048,4.610048744209561,39.57058334350586,19.46689414012801,19.202436447143555,24.00325679779055,25.580922698974547,29.18391227722168,-9.828676223754883,-19.89716080113661,-19.479572296142578,-15.653155326843262,-14.556427001953125,-12.150131225585938,68.12691879272461,39.36405494126462,39.15383720397949,46.924123764038086,49.48187828063965,54.76899528503418,6.770955762003076,5.275404405779542,5.326586529234547,5.779346166589299,5.914253465533618,6.190515463117693,-0.006660321220673192,5.296008029217277
R4,mtbench,S4_kdraft_lin_l0,3.616817593574524,6.249449253082275,9.05237865447998,10.892904281616211,14.626338958740234,16.452821731567383,20.735984802246094,24.49980510768399,47.776939392089844,8.67466742662285,47.776939392089844,130.0;420.0;378.0;135.0;141.0;134.0;262.0;904.0;172.0;238.0,0.22442731992287146,5.388329620123223,0.008073080564332301,0.021865982352947826,0.0355486823800165,0.11864336306188486,4800,1024,0.36548508172427496,3.365485081724275,47.776939392089844,0.0007435544867682135,4.3447295634604535,3.616817593574524,-36.7531852722168,3.7649496642468483,2.6556457519155208,5.507639318305251,47.776939392089844,21.802135328849158,21.334945678710938,26.22438907623294,30.537630081176758,39.167381286621094,7.58522528165965,3.3188679029114145,3.187217909490981,3.717753589278938,3.8576412381071323,5.6244314024593685,47.776939392089844,20.389700973629953,20.071611404418945,25.090988159179688,30.537630081176758,39.167381286621094,-14.148335456848145,-19.279531869888306,-18.94078254699707,-16.068805694580078,-15.497910499572754,-14.692204475402832,69.72870063781738,39.66923284351826,39.28888702392578,45.87033729553224,49.18496036529543,57.54313278198242,7.146210914490835,5.5007122840327565,5.484488836709173,5.842232967522319,5.912974699793608,6.154802572401816,0.007102243387042909,5.507639268113758
R4,mtbench,S4_vdraft_lin_l0,2.0487561225891113,3.556580662727356,5.193906784057617,6.2891154289245605,8.55690860748291,9.506601333618164,11.799745559692383,14.393494615837337,18.77289390563965,5.940631254083422,18.77289390563965,66.0;1001.0;942.0;1004.0;53.0;0.0;48.0;1018.0;1022.0;904.0,0.23122614921377493,3.0924243825334665,0.004254189439327219,0.01737812567044763,0.03229217213992611,0.11675256022869407,4800,1024,0.39490782375835254,3.3949078237583525,18.77289390563965,0.03139885467329426,2.485008076406391,2.0487561225891113,-17.156265258789062,3.733997412145509,2.707810472240368,3.1600840218344968,18.77289390563965,12.33098570962747,12.338659286499023,14.393487930297852,15.247221946716309,15.247221946716309,4.676069576705377,3.386864214018082,3.3670431155669323,3.756385422453157,3.9826508120297466,3.9826508120297466,18.77289390563965,11.540001331567764,11.222383499145508,13.8447096824646,15.247221946716309,15.247221946716309,-7.9661455154418945,-11.312730398376782,-11.114556312561035,-9.398143768310547,-9.142436981201172,-8.666763305664062,29.93565082550049,22.852731729944548,23.031051635742188,25.374469757080078,25.810515117645263,26.976882934570312,3.474037408175578,3.1589116165438282,3.1648074817681637,3.2771663212363022,3.2868401024320217,3.3522586726046164,0.012658776425834219,3.159928027183356
R4,mtbench,S4_kctx_lin_fp_l0,6.346167802810669,11.98954463005066,19.610525131225604,26.361417770385742,50.408204803466916,63.37806537628175,98.01470121765895,145.71956080930875,324.8628845214844,25.69925833115257,324.8628845214844,130.0;135.0;386.0;932.0;519.0;258.0;36.0;420.0;134.0;625.0,0.4915161978076573,11.303944984962627,0.022890647396525358,0.06934086099003102,0.10910000199899658,0.28036243946560296,125480,1024,16.18526178735408,19.18526178735408,219.19256591796875,0.07517326037001155,8.799528849019104,6.346167802810669,-324.8628845214844,7.7537485716585985,3.987693082150999,12.640943965596334,324.8628845214844,68.95293586416004,52.45272445678711,114.56715393066406,158.98944091796875,294.2231140136719,43.558059566061594,6.240113029080721,4.340210724022215,9.563983757208888,14.881848625110168,33.633134295856635,219.19256591796875,59.12592254408538,45.89945983886719,102.57847595214844,127.13806915283203,156.34666442871094,-27.229700088500977,-63.87881932114202,-49.904388427734375,-39.45164489746094,-37.29395370483399,-34.138668060302734,483.55738830566406,123.0047418652274,96.09995651245117,203.11962890625,285.7616882324219,437.4981994628906,27.39632752715522,12.196656584245488,11.037460966168627,17.278076932575274,19.877510362955594,26.12329798389923,-0.3698683192091326,12.640720443165877
R4,mtbench,S4_vctx_lin_fp_l0,3.2596027851104736,5.667513012886047,8.350144958496097,10.221886205673217,14.255455770492564,16.0398497581482,20.127340717316688,26.233908341597147,41.83223342895508,8.120171517326687,41.83223342895508,64.0;2.0;122.0;46.0;25.0;36.0;31.0;57.0;38.0;80.0,0.22600197151808732,5.048598084691418,0.00447018452951295,0.014803136392642927,0.026108439784410867,0.10519013564495622,125480,1024,0.7113130298728851,3.711313029872885,38.107303619384766,-0.0015978912121087296,4.0058153629225695,3.2596027851104736,-41.83223342895508,3.906974249650221,2.7671662836424256,5.151644068070995,41.83223342895508,20.727380059568752,20.424198150634766,25.500572204589844,27.34579849243164,31.536677455902055,6.367073969787421,3.544327375222532,3.49245512237246,4.031567827184114,4.219948629288697,4.648422168314199,38.107303619384766,18.990365902390266,18.71209716796875,23.580080032348633,25.239430236816318,29.174806594848633,-8.790349960327148,-19.398970663574115,-19.01681900024414,-15.324799537658691,-14.153562545776367,-10.814664840698242,67.70788764953613,38.389336565964385,38.1977653503418,46.06325721740723,48.707832431793214,54.320913314819336,6.75450407134185,5.1258871737878104,5.177766351261548,5.687773005560044,5.830494682297291,6.124522460824699,-0.0012352588705813723,5.151643820261135
R4,mtbench,S4_k_stored_ctx_fp_l0,0.7362942397594452,1.4174039661884308,2.174451470375063,2.693671512603759,4.086952018737794,5.489967825412756,10.139400555610887,12.949531414126406,16.726776123046875,11.409608529904983,16.726776123046875,224.0;352.0;160.0;736.0;608.0;288.0;672.0;992.0;544.0;863.0,0.41357697019907336,1.3248332686575297,0.04141925393114726,0.14752874538490696,0.19551096070851876,0.2960296605860062,125480,1024,7.318097423114562,10.318097423114562,15.702211380004883,-0.004382612545140676,1.054173382312876,0.7362942397594452,-16.726776123046875,6.916251536841179,2.787777051075226,1.4660254187692252,16.726776123046875,10.206344917425122,10.671595096588135,13.155712127685547,13.692008972167969,14.654121398925781,22.182842075898563,9.168269633809821,8.755862379687732,13.508426749134882,14.777332553261427,17.229765606898106,15.702211380004883,9.095226308157157,9.585394859313965,11.653036308288574,12.183561420440673,13.124808311462402,-3.75164794921875,-9.69180220681313,-10.036364555358887,-5.613046646118164,-5.228243350982666,-4.552858829498291,29.839381217956543,18.787028514970288,19.719035148620605,24.159788131713867,25.039701461791992,26.665414428710918,1.7064336522584633,1.4566663697223723,1.509383668255031,1.6127923737385181,1.6307375466981102,1.658874394762945,-0.16784524960946356,1.4660188679497823
R4,mtbench,S4_k_stored_ctx_l0,0.7568004727363586,1.4331412315368652,2.1862501144409183,2.7044724106788633,4.051987709999087,5.34898092985154,9.547478675842285,12.467384365364817,15.75028133392334,10.814655166684714,15.75028133392334,224.0;352.0;160.0;992.0;288.0;608.0;736.0;544.0;863.0;672.0,0.387808374662316,1.3317912394736744,0.03813444399558409,0.13478700657299383,0.17802271333614758,0.2750872946958101,125480,1024,5.960092575599518,8.960092575599518,14.27768325805664,-0.0034900225441782525,1.061980634613104,0.7568004727363586,-15.75028133392334,6.555609223825211,2.782226481815418,1.4563831292969156,15.75028133392334,9.68359744309011,10.054563522338867,12.520946502685547,13.047428131103516,13.992634420394898,20.752252034816657,8.09713682198811,7.69068635503777,11.734512105949344,12.900132974385745,14.97479087657716,14.27768325805664,8.5485704745633,8.934221267700195,10.90074911117554,11.422477531433092,12.400421142578125,-3.5891125202178955,-9.262689774040968,-9.502267837524414,-5.538396835327148,-5.070391654968262,-4.449068546295166,29.25414276123047,17.811260248604267,18.603068828582764,22.841837882995605,23.723979949951172,25.352127075195312,1.7110067306664707,1.448231827872118,1.4982427673315724,1.591784279524514,1.6078771362185433,1.6356067825486424,-0.16475336198852392,1.4563789476105857
R4,mtbench,S4_k_stored_draft_l0,0.8989095687866211,1.5881366729736328,2.3224558591842657,2.782486915588377,3.7476391005516057,4.122911374568941,4.908365015030009,5.954458262634009,7.925321102142334,5.6632475826660835,7.925321102142334,352.0;403.0;467.0;539.0;96.0;224.0;30.0;917.0;745.0;602.0,0.2297919899620191,1.3672166353929285,0.0029378813824245493,0.013248529120228452,0.025041684354439736,0.10054854097330834,4800,1024,0.2832171659643583,3.2832171659643583,7.597934246063232,-0.001991333496036906,1.095843739440418,0.8989095687866211,-7.925321102142334,3.5074019018229365,2.677974532939323,1.3994304480701045,7.925321102142334,5.264854034632444,5.2159693241119385,6.042005252838135,6.2703252077102665,6.786298437118531,4.771893187629145,3.2786117850531795,3.2430412855696913,3.5273611095201183,3.6485317538345448,3.815145211492701,7.597934246063232,4.790675630122423,4.70573616027832,5.42789888381958,5.756499767303467,6.727019309997559,-3.6457653045654297,-5.020835195829471,-4.903802394866943,-4.2741724967956545,-4.138214707374573,-3.9336100459098815,14.773216724395752,9.811510825951894,9.827592134475708,10.789790296554566,11.070628666877747,11.901757998466492,1.4850080647899964,1.3992362235964897,1.4039616868131115,1.4289697984132657,1.4320948564383111,1.4448601686214906,-0.012023594961144335,1.3994290312754702
R4,mtbench,S4_v_stored_ctx_l0,3.3360546827316284,5.796912312507629,8.53090581893921,10.40995202064514,14.433189449310305,16.102945756912234,20.40626335334778,26.706951484107787,42.518104553222656,8.02829974214416,42.518104553222656,64.0;36.0;2.0;46.0;31.0;80.0;38.0;55.0;103.0;61.0,0.22515388817947146,5.191132186134484,0.0043172594530845295,0.014529257201266178,0.02565803975108053,0.10396181088066671,125480,1024,0.6668297848933635,3.6668297848933635,39.57058334350586,0.014739039583816038,4.125061770449481,3.3360546827316284,-42.518104553222656,3.853125639990236,2.725285436681892,5.296028538897966,42.518104553222656,21.235408193813527,20.946876525878906,25.88746013641358,27.69318199157715,31.877002716064453,6.090455731036469,3.527441051689865,3.4798853436856727,3.99902099353534,4.175012990910048,4.610048744209561,39.57058334350586,19.46689414012801,19.202436447143555,24.00325679779055,25.580922698974547,29.18391227722168,-9.828676223754883,-19.89716080113661,-19.479572296142578,-15.653155326843262,-14.556427001953125,-12.150131225585938,68.12691879272461,39.36405494126462,39.15383720397949,46.924123764038086,49.48187828063965,54.76899528503418,6.770955762003076,5.275404405779542,5.326586529234547,5.779346166589299,5.914253465533618,6.190515463117693,-0.006660321220673192,5.296008029217277
R4,mtbench,S4_v_stored_draft_l0,2.0487561225891113,3.556580662727356,5.193906784057617,6.2891154289245605,8.55690860748291,9.506601333618164,11.799745559692383,14.393494615837337,18.77289390563965,5.940631254083422,18.77289390563965,66.0;1001.0;942.0;1004.0;53.0;0.0;48.0;1018.0;1022.0;904.0,0.23122614921377493,3.0924243825334665,0.004254189439327219,0.01737812567044763,0.03229217213992611,0.11675256022869407,4800,1024,0.39490782375835254,3.3949078237583525,18.77289390563965,0.03139885467329426,2.485008076406391,2.0487561225891113,-17.156265258789062,3.733997412145509,2.707810472240368,3.1600840218344968,18.77289390563965,12.33098570962747,12.338659286499023,14.393487930297852,15.247221946716309,15.247221946716309,4.676069576705377,3.386864214018082,3.3670431155669323,3.756385422453157,3.9826508120297466,3.9826508120297466,18.77289390563965,11.540001331567764,11.222383499145508,13.8447096824646,15.247221946716309,15.247221946716309,-7.9661455154418945,-11.312730398376782,-11.114556312561035,-9.398143768310547,-9.142436981201172,-8.666763305664062,29.93565082550049,22.852731729944548,23.031051635742188,25.374469757080078,25.810515117645263,26.976882934570312,3.474037408175578,3.1589116165438282,3.1648074817681637,3.2771663212363022,3.2868401024320217,3.3522586726046164,0.012658776425834219,3.159928027183356
R4,mtbench,S4_kctx_lin_l1,7.579734802246094,14.199399471282959,23.1219041824341,29.607628536224333,42.123607978820814,46.69712940216065,57.20509197998203,71.70770910567076,114.90896606445312,7.690552930290212,114.90896606445312,783.0;23.0;782.0;856.0;779.0;93.0;786.0;848.0;85.0;90.0,0.5627533725932823,12.878528371411754,0.011423474149938733,0.045516269127233736,0.07978239267931857,0.2828357171243117,125480,1024,1.5162192717226928,4.516219271722693,114.90896606445312,0.5027427995316553,11.025444087398474,7.579734802246094,-94.7325210571289,3.8285853821659805,2.8192215792300224,14.941574046239207,114.90896606445312,58.11610707321629,56.978248596191406,74.57562332153323,80.15383911132812,94.28063201904297,9.189918694774503,3.9747908084772323,3.9125440008616916,4.5366121817417,4.762254378223063,6.8639730974502156,114.90896606445312,56.487490172974425,55.96987533569336,73.79206848144531,80.00306701660156,94.27068328857422,-21.934316635131836,-51.24556530063837,-50.703338623046875,-39.605567932128906,-35.44966125488281,-29.584156036376953,198.09286499023438,107.7330554736128,106.91903686523438,134.64163208007812,144.71339416503906,164.8985824584961,22.763221058937404,14.670741418077476,15.06353602842011,17.85513623335821,18.60544187197591,19.9582749779389,0.17418881122009638,14.933113695970045
R4,mtbench,S4_vctx_lin_l1,3.988604187965393,6.915181040763855,10.1377462387085,12.290774202346794,16.75858655929566,18.461324739456177,22.488050647735694,28.55403805103149,66.06522369384766,10.370310906560999,66.06522369384766,870.0;858.0;867.0;879.0;856.0;718.0;822.0;853.0;836.0;832.0,0.13501731486226098,6.321648303186398,0.003973997195975534,0.012543446056060175,0.021951511746519978,0.08665985726373024,125480,1024,0.40483672005927707,3.404836720059277,57.841644287109375,0.05179780974113279,5.0087203197064545,3.988604187965393,-66.06522369384766,3.529967263566946,2.6306087114724286,6.370611671058973,66.06522369384766,23.659902114582398,23.238933563232422,28.625816345214844,31.279157638549805,41.662757873535156,9.685808660965243,3.2219285282807912,3.15930601548752,3.5128125487030317,3.7086097331234287,4.827959663264852,57.841644287109375,22.201345056631705,21.78543472290039,27.015338897705078,29.591217041015625,38.050113677978516,-10.413298606872559,-21.85665013002749,-21.58127784729004,-17.005844116210938,-14.474129676818848,-12.391385078430176,107.48422622680664,44.05799518665919,43.94250297546387,51.8494815826416,55.81684112548828,70.74593544006348,8.28674886234364,6.328898706254561,6.485774922181923,7.022970737078433,7.192034943877744,7.516592762138471,0.007362620172257312,6.3704010902249175
R4,mtbench,S4_kdraft_lin_l1,2.3039578199386597,4.804193019866943,8.7894926071167,11.978534889221185,20.736313171386737,24.289058732986454,32.38347024154689,47.702386192321114,75.36028289794922,14.230753927902581,75.36028289794922,256.0;783.0;529.0;786.0;23.0;528.0;597.0;532.0;782.0;211.0,0.7511559018011076,3.8328735610890683,0.02503040995462562,0.10159737236649963,0.16929730149392475,0.45786963863091573,4800,1024,6.179513489676307,9.179513489676307,75.36028289794922,0.20065756531570667,3.4952634558788334,2.3039578199386597,-63.38581848144531,6.115173386000527,3.9157678125165347,5.295593141427911,75.36028289794922,26.88041610399882,25.334961891174316,32.687303161621095,37.371926116943364,51.036080017089915,7.776922014052119,6.7777841511089045,6.813887266282183,7.1424356392781005,7.228278152186642,7.374541964078253,75.36028289794922,26.88037125110626,25.334961891174316,32.687303161621095,37.371926116943364,51.036080017089915,-15.191805839538574,-21.71518497566382,-20.486095428466797,-18.070469665527344,-17.631075191497803,-16.75442953109741,138.74610137939453,48.595556226770086,45.77805709838867,59.00428485870361,67.66372680664062,90.73284774780284,17.598522177176687,5.147079358995138,4.77478058202789,6.295219063683976,7.472179455534594,10.590211907017638,0.4803813949681485,5.291790175452907
R4,mtbench,S4_vdraft_lin_l1,0.7294366955757141,1.2772281765937805,1.8989757299423222,2.347607421875,3.4781810402870232,4.096225061416632,5.855747598171343,8.844106659793352,16.17941665649414,14.632840741206635,16.17941665649414,273.0;623.0;690.0;715.0;698.0;747.0;361.0;347.0;320.0;721.0,0.30277825387279156,1.0637424576085626,0.006035614371498883,0.025228892391205984,0.04491006646175813,0.15626291577430912,4800,1024,2.1865530666148967,5.186553066614897,16.17941665649414,-0.002228797593715323,0.8470058197437034,0.7294366955757141,-14.905887603759766,5.29600194147615,3.1457048367176936,1.1056921169744087,16.17941665649414,3.830778621037801,3.493989944458008,4.851144218444826,5.87217104434967,9.490465955734258,4.650792101139652,3.141649997110651,3.1247197941670963,3.371806618666589,3.4637919278436464,3.703057668046724,16.17941665649414,3.6190582835674285,3.3287551403045654,4.6121016502380385,5.503442263603212,8.74605054855347,-2.3294360637664795,-3.611211507121722,-3.3108291625976562,-2.8314360141754147,-2.7316110134124756,-2.572190532684326,27.609429359436035,7.23026979068915,6.606338143348694,9.087117624282838,10.810821151733403,17.913534116744998,3.4307991939192752,1.069249670329684,0.9880097550511708,1.3315808802167195,1.5578980629085666,2.3465588671475004,0.03001864333323706,1.1056898706240534
R4,mtbench,S4_kctx_lin_fp_l1,7.494675397872925,14.372220754623413,23.900812339782714,30.7511170387268,43.70351013183594,48.67137077331543,59.95713187408526,75.00297966536027,119.85029602050781,7.788274069338976,119.85029602050781,783.0;23.0;782.0;85.0;779.0;786.0;93.0;861.0;856.0;798.0,0.5838824249073813,13.090450625053341,0.012271971986208493,0.048284296098240496,0.08345111079817846,0.2916213124728756,125480,1024,1.6605978292087409,4.660597829208741,119.85029602050781,0.5060168172592532,11.231902005611978,7.494675397872925,-92.43678283691406,3.8962154533767093,2.840000617442187,15.388556559961945,119.85029602050781,60.82882426810333,59.87569046020508,77.53556060791016,84.42725715637204,98.77159881591797,11.480047587865052,4.1455113144911016,4.043241190243665,4.723397103340717,5.093218471243981,8.17230931827938,119.85029602050781,59.40845755222006,59.06494903564453,77.45288848876953,84.32711791992188,98.77159881591797,-22.139007568359375,-52.66946271465278,-52.35282516479492,-41.19791030883789,-35.71035346984873,-27.65328025817871,203.15081787109375,112.07792026687284,111.52373504638672,139.86164474487305,150.3238754272461,171.01243591308594,23.599323022664677,15.076231092942624,15.609033075782149,18.39877472422774,19.117596634112378,20.554618497113655,0.1919481072851072,15.380234717968339
R4,mtbench,S4_vctx_lin_fp_l1,3.7330968379974365,6.551590919494629,9.713571357727053,11.833538484573364,16.312930221557618,17.968699579238905,21.962991128921843,28.098731331633857,67.03092956542969,11.045219478264809,67.03092956542969,870.0;867.0;858.0;856.0;836.0;822.0;862.0;853.0;832.0;879.0,0.15217871850744658,6.009160121922115,0.004383426333628945,0.014173403768026397,0.024487673292706284,0.09406342816546977,125480,1024,0.5564975647580059,3.556497564758006,58.96510314941406,0.03278804327857234,4.7431681009501,3.7330968379974365,-67.03092956542969,3.6190167582464094,2.6880112777616656,6.068772983401156,67.03092956542969,23.065175139869822,22.67006778717041,28.260765075683594,31.217947006225586,42.687232971191406,11.980076852271093,3.3079838228903298,3.2199617076466733,3.6497205613765202,3.9266977182243257,5.265435439573038,58.96510314941406,21.521534981627276,21.123016357421875,26.608068466186523,29.115324020385742,37.52354351043698,-8.74223518371582,-21.243863749982903,-20.996920585632324,-15.84365177154541,-13.052790641784668,-10.465088844299316,106.12573623657227,42.76539873161018,42.70037841796875,51.14196968078613,55.14216718673704,70.84663772583008,8.137684276692257,6.011152190307404,6.191625589765165,6.805050997066328,6.984729507032525,7.323428677217555,0.006740190279494085,6.068684410008295
R4,mtbench,S4_k_stored_ctx_fp_l1,0.5274751782417297,1.3710592091083527,2.6338294506073012,3.324427819252014,4.552612352371217,5.0090338683128355,6.1413092613220215,7.777661500167753,13.459561347961426,9.037589804652654,13.459561347961426,990.0;222.0;93.0;670.0;477.0;29.0;925.0;798.0;968.0;392.0,0.6578500950305122,1.162740944131854,0.009222200795380317,0.038790285084117304,0.06725819732198458,0.23741077223757798,125480,1024,2.2019725544169395,5.2019725544169395,9.596435546875,0.005846622789620974,0.986512908691823,0.5274751782417297,-13.459561347961426,4.123658456057278,3.0569081648829206,1.4892865950867,13.459561347961426,6.2913495475523105,6.087703704833984,7.273497629165649,7.920061111450195,10.172050476074219,18.183358255261115,5.240906334661704,5.001159288976969,5.801448817950312,6.832206284503231,11.240014652848936,9.596435546875,5.95016070664366,5.864682197570801,6.909640884399417,7.277524042129516,8.137430191040039,-3.546175241470337,-5.816905484700758,-5.599277496337891,-4.964507293701172,-4.808908462524414,-4.485645294189453,19.55887222290039,11.767066191344417,11.511078357696533,13.353491926193238,14.045729637145996,17.36392221927643,1.6116019134027306,1.4872684052644503,1.509617562891031,1.5575554585616886,1.5674491293618347,1.5835124331405235,0.0011726006844469926,1.4892751187429716
R4,mtbench,S4_k_stored_ctx_l1,0.542702853679657,1.364113837480545,2.604005789756775,3.296063816547393,4.5065943479538,4.950974161624909,5.945487745285046,7.350846738621019,11.151717185974121,7.563661282791738,11.151717185974121,990.0;222.0;93.0;29.0;925.0;798.0;477.0;456.0;904.0;670.0,0.6504886324304533,1.1634201186180697,0.00846515556988296,0.036779822884742804,0.06418842979018301,0.23524198929987064,125480,1024,2.114450289825869,5.114450289825869,9.813409805297852,0.0069762881161781285,0.9852416595823607,0.542702853679657,-11.151717185974121,4.032531915612517,3.0566012945286807,1.4743808281507333,11.151717185974121,6.156718670195138,6.000826358795166,7.115945816040039,7.658663320541382,9.121688842773438,12.86618331656264,5.115993234893631,4.973953850466014,5.675581970505641,6.29550537108226,8.911980819679348,9.813409805297852,5.833490181191545,5.7541985511779785,6.726682662963867,7.080615043640137,7.87095938205719,-3.4192323684692383,-5.728756301320203,-5.558022499084473,-4.936172008514404,-4.772909164428711,-4.4504320383071905,19.02558422088623,11.562246482511748,11.381001949310303,13.068177223205566,13.786881589889527,15.509836196899414,1.6024251732809383,1.472258873134042,1.4949882821315224,1.5445263342886983,1.5549764256706686,1.5715586668180197,0.004188127999956093,1.474364323300914
R4,mtbench,S4_k_stored_draft_l1,0.44889697432518005,1.352375477552414,2.58253037929535,3.2672267556190486,4.597859859466553,5.227934861183168,6.6570720314980445,7.49598579063324,8.533356666564941,5.967286244638438,8.533356666564941,256.0;320.0;147.0;211.0;23.0;87.0;990.0;782.0;981.0;861.0,0.7115897426088242,1.0407706307811013,0.015729966598117186,0.06541403380636089,0.10785764418618644,0.3226201033254571,4800,1024,2.820472742902406,5.820472742902406,8.533356666564941,0.016384773422500633,0.9244471325833908,0.44889697432518005,-8.36322021484375,4.655220204116524,3.215234867853532,1.4300230149395126,8.533356666564941,6.9710677871108055,6.996006965637207,7.584189701080323,7.726110601425171,7.944984788894653,6.93947827011001,5.8087695655783875,5.808537465216872,6.212632415515222,6.32632272371176,6.534604845773818,8.533356666564941,6.388693461418152,6.256330728530884,7.405331325531006,7.592695093154907,7.8920611906051645,-4.9905242919921875,-6.6017101847132045,-6.658039569854736,-5.761235046386719,-5.5830422878265376,-5.302830290794373,15.330665111541748,12.990403646131357,12.997637510299683,13.968344974517823,14.256680965423584,14.64753273010254,1.6085200923425174,1.42947708976931,1.413464958882344,1.4906362775580695,1.5234321996714093,1.5621319020912783,-0.0717700990857048,1.4299291459567451
R4,mtbench,S4_v_stored_ctx_l1,3.988604187965393,6.915181040763855,10.1377462387085,12.290774202346794,16.75858655929566,18.461324739456177,22.488050647735694,28.55403805103149,66.06522369384766,10.370310906560999,66.06522369384766,870.0;858.0;867.0;879.0;856.0;718.0;822.0;853.0;836.0;832.0,0.13501731486226098,6.321648303186398,0.003973997195975534,0.012543446056060175,0.021951511746519978,0.08665985726373024,125480,1024,0.40483672005927707,3.404836720059277,57.841644287109375,0.05179780974113279,5.0087203197064545,3.988604187965393,-66.06522369384766,3.529967263566946,2.6306087114724286,6.370611671058973,66.06522369384766,23.659902114582398,23.238933563232422,28.625816345214844,31.279157638549805,41.662757873535156,9.685808660965243,3.2219285282807912,3.15930601548752,3.5128125487030317,3.7086097331234287,4.827959663264852,57.841644287109375,22.201345056631705,21.78543472290039,27.015338897705078,29.591217041015625,38.050113677978516,-10.413298606872559,-21.85665013002749,-21.58127784729004,-17.005844116210938,-14.474129676818848,-12.391385078430176,107.48422622680664,44.05799518665919,43.94250297546387,51.8494815826416,55.81684112548828,70.74593544006348,8.28674886234364,6.328898706254561,6.485774922181923,7.022970737078433,7.192034943877744,7.516592762138471,0.007362620172257312,6.3704010902249175
R4,mtbench,S4_v_stored_draft_l1,0.7294366955757141,1.2772281765937805,1.8989757299423222,2.347607421875,3.4781810402870232,4.096225061416632,5.855747598171343,8.844106659793352,16.17941665649414,14.632840741206635,16.17941665649414,273.0;623.0;690.0;715.0;698.0;747.0;361.0;347.0;320.0;721.0,0.30277825387279156,1.0637424576085626,0.006035614371498883,0.025228892391205984,0.04491006646175813,0.15626291577430912,4800,1024,2.1865530666148967,5.186553066614897,16.17941665649414,-0.002228797593715323,0.8470058197437034,0.7294366955757141,-14.905887603759766,5.29600194147615,3.1457048367176936,1.1056921169744087,16.17941665649414,3.830778621037801,3.493989944458008,4.851144218444826,5.87217104434967,9.490465955734258,4.650792101139652,3.141649997110651,3.1247197941670963,3.371806618666589,3.4637919278436464,3.703057668046724,16.17941665649414,3.6190582835674285,3.3287551403045654,4.6121016502380385,5.503442263603212,8.74605054855347,-2.3294360637664795,-3.611211507121722,-3.3108291625976562,-2.8314360141754147,-2.7316110134124756,-2.572190532684326,27.609429359436035,7.23026979068915,6.606338143348694,9.087117624282838,10.810821151733403,17.913534116744998,3.4307991939192752,1.069249670329684,0.9880097550511708,1.3315808802167195,1.5578980629085666,2.3465588671475004,0.03001864333323706,1.1056898706240534
R4,mtbench,S4_kctx_lin_l2,6.4774250984191895,12.005568265914917,18.57158126831056,23.100062751770018,33.09068138122559,37.00362369537354,45.389340396881146,55.65873684194655,102.55240631103516,8.795981380873041,102.55240631103516,89.0;30.0;943.0;414.0;953.0;19.0;861.0;1020.0;217.0;86.0,0.42721973676125236,10.738821640618344,0.008227924571916503,0.03332399892255269,0.060083332903971734,0.2070374140702827,125480,1024,1.1690542822994692,4.169054282299469,102.55240631103516,0.04291815235210888,8.78892886497633,6.4774250984191895,-80.20309448242188,3.893070941799193,2.8382075836122285,11.659006752110287,102.55240631103516,46.452572763334764,46.418426513671875,57.957435607910156,61.99087142944336,71.54756164550781,10.383764982044132,3.860354398388276,3.7403368467262705,4.500766777785299,4.934992364052793,5.9836107658466515,102.55240631103516,44.421885042704325,44.30793762207031,55.911617279052734,60.18968963623047,70.62735748291016,-18.096256256103516,-42.632709314947036,-42.52344512939453,-31.77482032775879,-27.70981788635254,-22.217835578918457,179.1677474975586,87.05459435765135,87.60014533996582,106.99105072021484,113.24129161834692,128.50059509277344,15.581632299413009,11.53837739511591,11.846340425302262,13.23958899895656,13.618577889575032,14.256102818207587,0.07843391801036592,11.658927758501292
R4,mtbench,S4_vctx_lin_l2,5.104336500167847,8.907442808151245,13.173968601226811,16.029209995269774,21.948063907623304,24.350360336303723,29.25368291854876,36.21254348754883,57.94020080566406,6.919031857929376,57.94020080566406,459.0;769.0;478.0;427.0;417.0;481.0;483.0;648.0;401.0;780.0,0.11315522066346695,8.331251294206705,0.00202579589798437,0.009479241775558143,0.01769455263615333,0.07755206264839526,125480,1024,0.3711437191378697,3.3711437191378697,55.329708099365234,-0.04855001748194378,6.571311490202886,5.104336500167847,-57.94020080566406,3.4933804381191678,2.620966984668618,8.37403295654192,57.94020080566406,30.022839430916033,30.174055099487305,36.77071762084961,38.92461395263672,43.6887295532226,5.070797920539641,3.153026548562242,3.1212161893312813,3.442780532126275,3.5680385468487184,3.8698626928146007,55.329708099365234,28.148012099069966,28.195236206054688,34.75793991088867,36.9633903503418,41.818687438964844,-12.088621139526367,-28.23271084918617,-28.31053352355957,-21.06023120880127,-18.081676483154297,-14.680136680603027,96.57349014282227,56.380722948256135,57.1099796295166,67.6687240600586,71.0499267578125,78.1482230758664,10.942892537889604,8.291076226768345,8.574817657710495,9.416737336756585,9.618455087561868,9.997644876250074,0.0037498841505157797,8.373892216469752
R4,mtbench,S4_kdraft_lin_l2,4.704201698303223,8.6370267868042,13.47371644973755,17.113056182861328,24.112578582763675,26.825103750228884,33.40693085479745,46.155191867445645,85.77363586425781,10.5859168364008,85.77363586425781,384.0;606.0;513.0;535.0;414.0;23.0;86.0;1020.0;861.0;595.0,0.5620783337618079,7.00378344670739,0.014215592717345533,0.049358303811921245,0.08580421013456062,0.2894999939702132,4800,1024,1.2263330394112293,4.226333039411229,53.66069030761719,-0.1778228410207574,6.111040983113551,4.704201698303223,-85.77363586425781,4.122980076861147,2.9758998673236903,8.102617580492986,85.77363586425781,33.55769853989283,32.183555603027344,43.04177474975586,47.24521713256837,60.03029502868657,5.3236656439738,3.9231841353466357,3.8958478255058013,4.301112703129718,4.443663374303405,4.7012398837990625,53.66069030761719,29.24435745636622,28.84069538116455,35.06953468322754,37.51679649353027,42.29251605987549,-16.972360610961914,-32.48757514913877,-30.96133518218994,-24.235464859008786,-22.72094144821167,-20.423629226684568,131.04223251342773,61.73193260550499,60.296451568603516,75.2210147857666,80.74537925720216,97.71606605529786,13.440406423453384,8.037292805365317,7.936797715311743,9.289570045441515,9.852094352617192,11.232031521397055,0.049306508674424813,8.100666064770557
R4,mtbench,S4_vdraft_lin_l2,2.4527575969696045,4.277884483337402,6.329857158660889,7.756200790405273,10.999233770370484,12.46088449954989,15.811646487236114,22.27004857768989,36.364444732666016,9.612335521285106,36.364444732666016,429.0;480.0;489.0;447.0;393.0;427.0;388.0;548.0;494.0;593.0,0.20967247574871717,3.716469674465489,0.004011854945323543,0.016595189625185115,0.02914286946923963,0.10915922403154431,4800,1024,0.8122650419084825,3.8122650419084825,36.364444732666016,0.0054140422090457226,2.9396689407375796,2.4527575969696045,-34.073978424072266,4.179545495513464,2.907464317277905,3.78310189569874,36.364444732666016,14.042296772400539,13.501035213470459,18.301935768127446,20.0006365776062,24.856800785064703,4.687402675355654,3.2604934519879882,3.235345683062654,3.57558266251343,3.69373441685686,3.9767990100632638,36.364444732666016,13.13776515553395,12.58504867553711,17.152009201049804,18.948409271240234,23.75808267593385,-6.714990139007568,-13.091119092603524,-12.57016658782959,-9.685616874694823,-9.09809522628784,-8.135759057998657,65.865478515625,26.228884248137476,25.318511962890625,33.43925189971924,36.807180595397966,45.065270633697516,7.312159873238435,3.724581232423596,3.625130884551324,4.575201914949462,4.958934611073716,5.879534716363562,-0.0028235875021696386,3.7830980216465924
R4,mtbench,S4_kctx_lin_fp_l2,6.525681018829346,12.344972610473633,19.28954429626465,24.163804912567137,34.60833797454834,38.611032009124784,47.33775024032651,58.18288404616707,107.3188247680664,8.870619847951849,107.3188247680664,30.0;89.0;943.0;414.0;1020.0;861.0;86.0;953.0;759.0;19.0,0.44582769184275184,11.05123452409131,0.008820970632579847,0.03442977387527346,0.061667468368205566,0.21594683925882488,125480,1024,1.2556784765442552,4.255678476544255,107.3188247680664,0.053922442285249866,9.052098596610882,6.525681018829346,-83.8765869140625,3.9127821959170106,2.860610991642203,12.098232886492752,107.3188247680664,48.26004078686903,48.50923156738281,60.31129455566406,64.3288803100586,73.8935546875,11.162119915908137,3.9233341454267148,3.7920106692530307,4.576370208237832,5.089348820757708,6.161344366378487,107.3188247680664,45.93385286053009,45.999725341796875,57.962883377075194,62.186431884765625,72.40471649169922,-18.469135284423828,-44.571342130660405,-44.65108871459961,-32.252037048339844,-27.36665916442871,-21.826779918670653,186.83480072021484,90.50519499119049,91.58967590332031,111.4682243347168,118.09124755859375,133.02671817779486,16.459110447208467,11.94204769333375,12.386782402305952,13.773087485724545,14.129771415238046,14.769264792963796,0.07408184518305592,12.098112718355402
R4,mtbench,S4_vctx_lin_fp_l2,4.833393096923828,8.601916790008545,12.930320739746094,15.851955509185785,21.949268150329598,24.42334367752075,29.608118032456257,36.4215196796359,62.227638244628906,7.587963027881613,62.227638244628906,459.0;481.0;408.0;438.0;478.0;648.0;428.0;417.0;780.0;843.0,0.1315543520266611,8.145741851877988,0.0019404543311205265,0.008660513968872015,0.01684213668667074,0.07848557270849671,125480,1024,0.523134607501258,3.523134607501258,56.359798431396484,-0.026786031245954776,6.38728091030159,4.833393096923828,-62.227638244628906,3.610378142140476,2.6764672404731025,8.200835720466268,62.227638244628906,29.714116948844904,30.155071258544922,37.016876220703125,39.23710250854492,44.240955085754315,5.925371757202014,3.2172365496406243,3.1726095418886255,3.543969331588944,3.668389123321866,4.073267165521676,56.359798431396484,27.762230292695094,28.08929443359375,35.01558456420899,37.254388618469115,42.17480918884269,-9.725979804992676,-27.95990616334332,-28.328109741210938,-19.768529891967773,-15.435054779052734,-12.42148494720459,96.54509735107422,55.72213645603841,56.97416687011719,68.30587005615234,71.65131511688232,79.0661464691161,11.040749846441283,8.081581196168798,8.439910962091448,9.394072091883956,9.61019001689455,10.024509847687927,0.0006219739914273692,8.20079197532809
R4,mtbench,S4_k_stored_ctx_fp_l2,0.9838508665561676,1.8673820793628693,2.910196256637576,3.61962729692459,5.113013997077943,5.674451723098758,6.875849050045457,8.650335736178615,11.58351993560791,6.70287233759564,11.58351993560791,748.0;303.0;759.0;943.0;751.0;699.0;949.0;1020.0;763.0;702.0,0.42830938922220496,1.5857182817544073,0.005410439730681148,0.023512902031388457,0.044376220520828506,0.16902481773000425,125480,1024,1.0705803398996725,4.0705803398996725,11.58351993560791,-0.046919964847087735,1.29516965503411,0.9838508665561676,-11.511061668395996,3.9787507295910935,2.958675797449167,1.7281427054245506,11.58351993560791,7.213191506617154,7.091169834136963,8.312515258789062,8.76115894317627,9.585557384490967,5.702362272366923,4.04885239355889,4.014499593731005,4.510693840780865,4.6870340723520085,5.017249324916007,11.58351993560791,6.819348251302796,6.705081462860107,8.040306282043456,8.554542589187623,9.483197145461999,-4.478898048400879,-6.634459500279364,-6.543652534484863,-5.689647674560547,-5.491393566131592,-5.146847724914551,19.584403038024902,13.453807751582161,13.366762161254883,15.034756660461426,15.574719429016113,16.59507465362549,1.8588475209850484,1.7277825034712557,1.7179747960152967,1.7814710677909311,1.8069873220872266,1.8433705046516746,0.0070436480958758485,1.727505637389017
R4,mtbench,S4_k_stored_ctx_l2,0.9961165487766266,1.8756312131881714,2.8968368291854873,3.6037207365036004,5.0551932954788255,5.608770973682405,6.755625457763863,8.11190414428711,11.165496826171875,6.47275236317135,11.165496826171875,748.0;943.0;759.0;702.0;690.0;949.0;696.0;763.0;370.0;1020.0,0.41207437677891035,1.5941752428332672,0.005374975328090532,0.02235160851750765,0.04170356010814421,0.16428944531567694,125480,1024,0.9816763742790604,3.9816763742790604,11.165496826171875,-0.047221328784655146,1.3000489972871851,0.9961165487766266,-10.780160903930664,3.916304964051804,2.930547100501665,1.724999845460069,11.165496826171875,7.09939161547438,7.0015764236450195,8.131246566772461,8.540648460388184,9.333101301193224,5.75260642841129,3.9641144809255295,3.9306216401680962,4.39915590800815,4.560312404480859,4.880551393849344,11.165496826171875,6.717284977466466,6.606871128082275,7.888431072235107,8.345293998718262,9.270438117980957,-4.556553363800049,-6.547155532941037,-6.470824718475342,-5.648128986358643,-5.453458786010742,-5.1175761222839355,18.989253997802734,13.264440510407503,13.174610137939453,14.76367998123169,15.33867883682251,16.414781093597412,1.8374910651589726,1.7247080271081314,1.7169546836260519,1.7737652595807962,1.7944312989836113,1.82167467078329,0.007400923595047999,1.7243533898087926
R4,mtbench,S4_k_stored_draft_l2,0.9797166287899017,1.7578878700733185,2.6453918218612684,3.227390301227569,4.397142858505251,4.853477077484132,5.803413391113281,6.940900419663823,8.685890197753906,5.467723248247144,8.685890197753906,1020.0;606.0;542.0;759.0;371.0;748.0;222.0;695.0;370.0;310.0,0.4794594438605403,1.4360210818707526,0.008820663717824861,0.03817523204589661,0.06439851004568575,0.21524106076957408,4800,1024,0.5319711012584691,3.531971101258469,8.456727027893066,-0.05304554041183989,1.2294590921820887,0.9797166287899017,-8.685890197753906,3.6532189096731105,2.7679788353219346,1.5885753179878754,8.685890197753906,6.047581596374512,5.990994453430176,6.829118394851685,7.110537910461426,7.680524621009827,4.4682553330490125,3.522359530748869,3.5069877950460526,3.802121997042136,3.897260421636284,4.079586843327788,8.456727027893066,5.59750726779302,5.5096595287323,6.494047689437867,6.815661430358887,7.455786776542664,-4.017733097076416,-5.733879284858704,-5.67355751991272,-4.975618648529053,-4.79890718460083,-4.538089299201965,15.324994564056396,11.331386552651724,11.26660418510437,12.495193624496462,12.854700398445129,13.750010018348696,1.6915928566313625,1.588371221656747,1.587473804451148,1.6221468509881622,1.6317263407150862,1.6495921634833413,0.01338221026899325,1.587689425411247
R4,mtbench,S4_v_stored_ctx_l2,5.104336500167847,8.907442808151245,13.173968601226811,16.029209995269774,21.948063907623304,24.350360336303723,29.25368291854876,36.21254348754883,57.94020080566406,6.919031857929376,57.94020080566406,459.0;769.0;478.0;427.0;417.0;481.0;483.0;648.0;401.0;780.0,0.11315522066346695,8.331251294206705,0.00202579589798437,0.009479241775558143,0.01769455263615333,0.07755206264839526,125480,1024,0.3711437191378697,3.3711437191378697,55.329708099365234,-0.04855001748194378,6.571311490202886,5.104336500167847,-57.94020080566406,3.4933804381191678,2.620966984668618,8.37403295654192,57.94020080566406,30.022839430916033,30.174055099487305,36.77071762084961,38.92461395263672,43.6887295532226,5.070797920539641,3.153026548562242,3.1212161893312813,3.442780532126275,3.5680385468487184,3.8698626928146007,55.329708099365234,28.148012099069966,28.195236206054688,34.75793991088867,36.9633903503418,41.818687438964844,-12.088621139526367,-28.23271084918617,-28.31053352355957,-21.06023120880127,-18.081676483154297,-14.680136680603027,96.57349014282227,56.380722948256135,57.1099796295166,67.6687240600586,71.0499267578125,78.1482230758664,10.942892537889604,8.291076226768345,8.574817657710495,9.416737336756585,9.618455087561868,9.997644876250074,0.0037498841505157797,8.373892216469752
R4,mtbench,S4_v_stored_draft_l2,2.4527575969696045,4.277884483337402,6.329857158660889,7.756200790405273,10.999233770370484,12.46088449954989,15.811646487236114,22.27004857768989,36.364444732666016,9.612335521285106,36.364444732666016,429.0;480.0;489.0;447.0;393.0;427.0;388.0;548.0;494.0;593.0,0.20967247574871717,3.716469674465489,0.004011854945323543,0.016595189625185115,0.02914286946923963,0.10915922403154431,4800,1024,0.8122650419084825,3.8122650419084825,36.364444732666016,0.0054140422090457226,2.9396689407375796,2.4527575969696045,-34.073978424072266,4.179545495513464,2.907464317277905,3.78310189569874,36.364444732666016,14.042296772400539,13.501035213470459,18.301935768127446,20.0006365776062,24.856800785064703,4.687402675355654,3.2604934519879882,3.235345683062654,3.57558266251343,3.69373441685686,3.9767990100632638,36.364444732666016,13.13776515553395,12.58504867553711,17.152009201049804,18.948409271240234,23.75808267593385,-6.714990139007568,-13.091119092603524,-12.57016658782959,-9.685616874694823,-9.09809522628784,-8.135759057998657,65.865478515625,26.228884248137476,25.318511962890625,33.43925189971924,36.807180595397966,45.065270633697516,7.312159873238435,3.724581232423596,3.625130884551324,4.575201914949462,4.958934611073716,5.879534716363562,-0.0028235875021696386,3.7830980216465924
R4,mtbench,S4_kctx_lin_l3,6.404019594192505,12.078779697418213,18.99817333221436,23.95833845138549,34.60549327850344,38.835142250061054,48.24659844589275,63.27922279395735,102.01402282714844,8.73750507217196,102.01402282714844,1021.0;699.0;1016.0;702.0;949.0;946.0;698.0;939.0;574.0;1007.0,0.42156829263726525,10.784551806096449,0.007671355292691177,0.03009779944358538,0.0523645098470948,0.18472310642614126,125480,1024,1.2784066786081096,4.27840667860811,102.01402282714844,0.12279204600878736,8.773782344155672,6.404019594192505,-88.31273651123047,4.132323056706725,2.963961861971289,11.67541786637154,102.01402282714844,47.16185113302188,45.824981689453125,59.021236419677734,64.98482933044424,75.13462829589844,7.205841310622358,3.9605589895701145,3.8269185609585223,4.7507357098482315,5.087518071124804,5.811576350677438,102.01402282714844,45.04213799551714,43.770259857177734,57.33053283691408,62.10395050048828,73.37476348876953,-24.02742576599121,-43.12308787252252,-41.86424255371094,-33.99473533630369,-31.9196723937989,-27.33997344970703,181.16693115234375,88.16522586803966,85.91288757324219,108.49040985107422,118.79971313476562,136.23671279907228,16.982061301853307,11.57612959664142,11.557299486791031,13.41881106277053,13.984676590890487,15.228725264087133,0.08302546352924735,11.67477213772606
R4,mtbench,S4_vctx_lin_l3,5.4783220291137695,9.616806507110596,14.408742809295665,17.76190567016601,25.52390005111696,28.80526768684388,36.96379827117937,48.6669388137756,78.96244812011719,8.645237219599855,78.96244812011719,584.0;689.0;602.0;548.0;649.0;675.0;555.0;590.0;623.0;541.0,0.18563262115965706,9.012653671218331,0.002030006895700347,0.009715336044964678,0.018833906684535745,0.08847374788265354,125480,1024,1.024396590807287,4.024396590807287,75.67507934570312,-0.09103135691203455,7.045723586242856,5.4783220291137695,-78.96244812011719,4.0469971765017565,2.7944950538463056,9.133635794411662,78.96244812011719,35.22587125842496,33.706905364990234,46.92802047729492,51.17375183105469,59.642799377441406,6.353501449463949,3.4676410568144744,3.369491879337247,4.040872678616108,4.3091074533362645,4.839333647078049,75.67507934570312,32.82282999823494,31.412880897521973,43.93940124511719,48.090606689453125,56.08491897583008,-14.030240058898926,-32.894268230469244,-31.587238311767578,-24.103981018066406,-21.709514617919922,-17.590981941223145,144.43289947509766,65.71709822870417,63.21633338928223,86.19411926269531,92.91387500762913,107.43592071533203,14.969160953278763,9.014770421684124,8.874668838446647,10.861272127727192,11.473136988175028,12.748393327252638,0.009901907516416324,9.13318214627392
R4,mtbench,S4_kdraft_lin_l3,5.628992319107056,10.134580135345459,15.635387420654297,19.53649139404296,29.112638149261503,33.180785388946546,44.32407821655566,64.66409301757812,101.59059143066406,10.449202147628007,101.59059143066406,458.0;832.0;384.0;457.0;449.0;834.0;389.0;454.0;478.0;395.0,0.5538025038721035,8.434745075247056,0.020852534055949817,0.06261013086794685,0.1006197715648053,0.2969816241700116,4800,1024,1.822630099914912,4.822630099914912,101.59059143066406,-0.09519205397461898,7.320342692046679,5.628992319107056,-75.1804428100586,4.558997509214891,2.9944095884115463,9.722329991838215,101.59059143066406,45.72556859970093,43.92648887634277,61.25649032592774,65.25283355712891,73.46064254760746,10.853151985701631,4.371722265200803,4.209078287191862,5.389297873643401,5.739096909742477,6.417571704630584,101.59059143066406,44.7912915956974,43.49036979675293,61.25649032592774,65.25283355712891,73.46064254760746,-24.2493839263916,-36.609904595216115,-35.742820739746094,-29.80868053436279,-28.49048023223877,-26.31075756072998,164.7779769897461,81.40119619091352,78.98264789581299,104.2156593322754,110.84871215820314,125.29558319091798,15.71186103958349,9.659528685606402,9.534135674263233,11.115961740815086,11.65973354337325,12.897477165856008,0.1814500778970951,9.721863964438967
R4,mtbench,S4_vdraft_lin_l3,4.3973047733306885,7.648384690284729,11.36308269500733,13.977192974090574,20.236581726074235,23.209024248123193,30.529366088867214,42.16443954656705,79.20280456542969,11.387916297999325,79.20280456542969,408.0;493.0;431.0;420.0;440.0;411.0;891.0;487.0;415.0;388.0,0.2810484577925274,6.736587670654412,0.004477786203706902,0.019763542980821086,0.03551755992260486,0.13330994346968641,4800,1024,1.1294004835515787,4.129400483551579,79.20280456542969,-0.040013493729494864,5.3715508107996905,4.3973047733306885,-58.275299072265625,4.389565086218519,2.909650739245964,6.95498653949049,79.20280456542969,28.781173038085303,27.49181365966797,37.723943710327156,41.58177337646485,50.407086601257326,8.680738197576678,3.658364173806021,3.544698360275243,4.2805061294331495,4.6168336429218195,5.5101126771246545,79.20280456542969,27.18888499379158,25.882319450378418,35.86652641296387,39.94281139373779,49.261221008300794,-14.173975944519043,-25.80209536453088,-24.657933235168457,-19.338300323486326,-18.17132225036621,-16.40024061203003,128.01670455932617,52.99098035832246,50.94718933105469,67.94570808410646,74.54614753723145,89.29556510925298,11.992160628692666,6.891687466396309,6.762767349390508,8.133211709445886,8.649616675474002,9.539476032183549,0.03613828854269437,6.954871435534482
R4,mtbench,S4_kctx_lin_fp_l3,6.451894044876099,12.343456983566284,19.537549591064458,24.678438186645508,35.66750717163086,40.150474739074724,50.405048377990724,64.7156466972341,103.13751220703125,8.614062140946203,103.13751220703125,699.0;1021.0;702.0;949.0;939.0;1007.0;946.0;1016.0;698.0;1019.0,0.43321191544375703,10.998809812474052,0.008077585138233102,0.030594435160111722,0.05359765305682742,0.18986420176018268,125480,1024,1.3866865179835255,4.3866865179835255,103.13751220703125,0.13072969686346542,8.94533560391561,6.451894044876099,-98.14571380615234,4.209838008055145,2.9789561199841192,11.973156278589629,103.13751220703125,48.795677391039476,47.34010314941406,61.61028289794922,67.69072723388672,78.25747680664062,7.81476817411921,4.0401420398654615,3.879757913233953,4.932476076652761,5.3719957604999395,6.359653554615481,103.13751220703125,46.39906490345384,44.977989196777344,59.489566802978516,64.60710144042969,76.86365509033203,-24.832489013671875,-44.656705392406444,-43.30214309692383,-34.94812774658203,-32.733291435241846,-28.033817291259766,193.30294036865234,91.05577029586028,88.66584396362305,113.1403579711914,124.10990524291992,141.80638885498047,18.069565772617203,11.853664674433919,11.849252340139701,13.875685854213112,14.464022293355967,15.766441016365437,0.08391630551342495,11.972442566907064
R4,mtbench,S4_vctx_lin_fp_l3,5.141808748245239,9.209645748138428,14.092459869384772,17.655402755737303,26.078977851867684,29.757429122924805,38.5595110321053,50.71159389114162,85.47969055175781,9.529607381948852,85.47969055175781,584.0;689.0;675.0;548.0;525.0;649.0;748.0;555.0;623.0;980.0,0.2184997104208728,8.80501068889485,0.0021766073274630785,0.010369545634000008,0.020194175139934236,0.0958737313150738,125480,1024,1.5194713744161046,4.519471374416105,83.56219482421875,-0.007016143631992933,6.806311751297074,5.141808748245239,-85.47969055175781,4.298763818680348,2.9073855818460057,8.969906851952256,85.47969055175781,35.659485946881155,34.33186340332031,48.90971374511719,53.35454559326172,63.65691375732422,6.869287932690948,3.6769031850657674,3.5616953106521367,4.384222165088003,4.651773776789026,5.23864533646869,83.56219482421875,33.105372709630586,31.779048919677734,45.50711708068848,50.01599884033203,58.736289978027344,-11.639583587646484,-33.33498066981811,-31.990036010742188,-22.98734645843506,-19.754008769989014,-14.363054275512695,155.56924438476562,66.4403533794487,64.07418060302734,90.22318649291992,97.70925693511963,112.87874221801758,15.55423828733386,8.789409148360273,8.672809976366434,10.997286362625973,11.685375089617372,13.123217639529676,-0.0023800287636415217,8.969904107984018
R4,mtbench,S4_k_stored_ctx_fp_l3,0.9287700653076172,1.8279100358486176,2.9695636510849006,3.7475445747375473,5.262814812660219,5.823272361755373,7.03963682794572,8.438456279657368,10.98363971710205,6.308082992394051,10.98363971710205,619.0;698.0;555.0;613.0;48.0;877.0;440.0;702.0;246.0;171.0,0.45844928351053893,1.5800946445662198,0.007444422067597467,0.028847560529647084,0.05272540145090373,0.18596980296719282,125480,1024,1.2098897413778325,4.2098897413778325,10.98363971710205,-0.0009031384500229659,1.2916730386265585,0.9287700653076172,-10.545134544372559,4.0429779645677915,3.022520172449768,1.7412008894533468,10.98363971710205,7.089981155031458,6.994694709777832,8.181468963623047,8.539416313171387,9.64139383316035,6.2157626235048795,4.165899251453291,4.04193965015496,5.065228762506287,5.390610020177885,5.793385078268434,10.98363971710205,6.620212911233272,6.546903371810913,7.674274682998658,8.084802627563477,8.701972961425781,-4.288454055786133,-6.731543976123598,-6.619578838348389,-5.667582988739014,-5.460206699371342,-5.100509066581726,18.597912788391113,13.35175688735687,13.191044330596924,15.16435103416443,15.774480819702148,16.939334869384766,1.8554677375567397,1.7408647914960664,1.7358071782882996,1.7832805673064829,1.8206673312637691,1.8406070990124581,-0.008586591037997363,1.7412006552301968
R4,mtbench,S4_k_stored_ctx_l3,0.9402393102645874,1.830291748046875,2.949168610572815,3.721137082576752,5.246219191551209,5.810485501289368,7.011473295688838,8.339905959033848,10.865972518920898,6.244373541447522,10.865972518920898,877.0;752.0;557.0;698.0;619.0;246.0;623.0;440.0;702.0;573.0,0.44956420352127824,1.5860754574098495,0.0064855649823471855,0.028132451151486708,0.05081067005745665,0.18383936439166135,125480,1024,1.175332717039919,4.175332717039919,10.708911895751953,0.001450282980630968,1.2952028894120533,0.9402393102645874,-10.865972518920898,4.029299564114235,3.0148569081426237,1.740122119023974,10.865972518920898,7.07603024155006,6.993042945861816,8.149522018432616,8.48836808204651,9.370059070587143,6.2769726902460246,4.139112526693917,4.026589221178375,4.971378959495733,5.237492153475174,5.642444230975691,10.708911895751953,6.668879493391738,6.588201522827148,7.728932857513428,8.14332389831543,8.802152633666992,-4.5158233642578125,-6.670097030003359,-6.559274435043335,-5.63465690612793,-5.43428373336792,-5.079233646392822,19.038747787475586,13.338976523395097,13.202455997467041,15.111526203155517,15.685131072998047,16.91076946258545,1.8423856312122997,1.7398416511150931,1.7358746852429632,1.7812338413515,1.8059976662609405,1.8264264142755309,0.0060934029905739765,1.7401215146637783
R4,mtbench,S4_k_stored_draft_l3,0.9732179343700409,1.7578720152378082,2.6913007020950324,3.350951552391052,4.708645343780518,5.2138557291030905,6.222488879680657,7.388434968614025,8.793116569519043,5.394772237271717,8.793116569519043,249.0;698.0;372.0;699.0;448.0;377.0;235.0;561.0;313.0;832.0,0.5047725786222418,1.4532685128593519,0.008884927509898692,0.04111293223302316,0.07372800234403389,0.2491355253907073,4800,1024,0.7764252836412711,3.776425283641271,8.683999061584473,-0.027016654912373757,1.2458901511331575,0.9732179343700409,-8.793116569519043,3.8176350773283687,2.888858458199115,1.6299328651483462,8.793116569519043,6.335673572321733,6.280714750289917,7.065455532073974,7.3502651929855345,7.866380577087402,4.883845091567384,3.770953385104725,3.7551540925810247,4.090012942883961,4.1913676037826555,4.360252547726753,8.683999061584473,6.013148032526175,5.960104703903198,6.831189680099487,7.131808233261109,7.660447564125063,-4.45684289932251,-5.992723165353139,-5.936329364776611,-5.319708538055419,-5.16947832107544,-4.878272252082825,15.899667739868164,12.005871197879314,11.949632406234741,13.1227858543396,13.501097679138185,14.13660861492157,1.702591539944045,1.6297523265742502,1.6302965528235331,1.6603336735204723,1.667755782596346,1.6827843189971519,0.007616926177773322,1.6297089449493867
R4,mtbench,S4_v_stored_ctx_l3,5.4783220291137695,9.616806507110596,14.408742809295665,17.76190567016601,25.52390005111696,28.80526768684388,36.96379827117937,48.6669388137756,78.96244812011719,8.645237219599855,78.96244812011719,584.0;689.0;602.0;548.0;649.0;675.0;555.0;590.0;623.0;541.0,0.18563262115965706,9.012653671218331,0.002030006895700347,0.009715336044964678,0.018833906684535745,0.08847374788265354,125480,1024,1.024396590807287,4.024396590807287,75.67507934570312,-0.09103135691203455,7.045723586242856,5.4783220291137695,-78.96244812011719,4.0469971765017565,2.7944950538463056,9.133635794411662,78.96244812011719,35.22587125842496,33.706905364990234,46.92802047729492,51.17375183105469,59.642799377441406,6.353501449463949,3.4676410568144744,3.369491879337247,4.040872678616108,4.3091074533362645,4.839333647078049,75.67507934570312,32.82282999823494,31.412880897521973,43.93940124511719,48.090606689453125,56.08491897583008,-14.030240058898926,-32.894268230469244,-31.587238311767578,-24.103981018066406,-21.709514617919922,-17.590981941223145,144.43289947509766,65.71709822870417,63.21633338928223,86.19411926269531,92.91387500762913,107.43592071533203,14.969160953278763,9.014770421684124,8.874668838446647,10.861272127727192,11.473136988175028,12.748393327252638,0.009901907516416324,9.13318214627392
R4,mtbench,S4_v_stored_draft_l3,4.3973047733306885,7.648384690284729,11.36308269500733,13.977192974090574,20.236581726074235,23.209024248123193,30.529366088867214,42.16443954656705,79.20280456542969,11.387916297999325,79.20280456542969,408.0;493.0;431.0;420.0;440.0;411.0;891.0;487.0;415.0;388.0,0.2810484577925274,6.736587670654412,0.004477786203706902,0.019763542980821086,0.03551755992260486,0.13330994346968641,4800,1024,1.1294004835515787,4.129400483551579,79.20280456542969,-0.040013493729494864,5.3715508107996905,4.3973047733306885,-58.275299072265625,4.389565086218519,2.909650739245964,6.95498653949049,79.20280456542969,28.781173038085303,27.49181365966797,37.723943710327156,41.58177337646485,50.407086601257326,8.680738197576678,3.658364173806021,3.544698360275243,4.2805061294331495,4.6168336429218195,5.5101126771246545,79.20280456542969,27.18888499379158,25.882319450378418,35.86652641296387,39.94281139373779,49.261221008300794,-14.173975944519043,-25.80209536453088,-24.657933235168457,-19.338300323486326,-18.17132225036621,-16.40024061203003,128.01670455932617,52.99098035832246,50.94718933105469,67.94570808410646,74.54614753723145,89.29556510925298,11.992160628692666,6.891687466396309,6.762767349390508,8.133211709445886,8.649616675474002,9.539476032183549,0.03613828854269437,6.954871435534482
R4,mtbench,S4_kctx_lin_l4,6.77181601524353,12.379434585571289,18.754745101928737,23.044890403747555,32.02708084106445,35.869012470245366,45.16317761993409,57.71303148497735,91.53720092773438,7.925574442711848,91.53720092773438,38.0;114.0;243.0;58.0;62.0;50.0;120.0;59.0;125.0;45.0,0.35211849637282744,10.926041806489561,0.006628489355707547,0.027200986547783974,0.04657984169439903,0.15355382150833735,125480,1024,0.6830302489354874,3.6830302489354874,91.53720092773438,0.01019537433066055,8.905361081503493,6.77181601524353,-84.74378967285156,3.910367835900843,2.773003880564357,11.549598276994244,91.53720092773438,44.622008779666814,43.66651916503906,55.493431091308594,59.23839569091797,66.20134613037109,7.193846531467345,3.581714824554538,3.391705685358921,4.478336813064397,4.991898912037894,5.786075850140964,91.53720092773438,42.26312342456165,41.23615646362305,52.84514236450195,56.93718719482422,63.87980812072722,-22.499338150024414,-41.20287258052735,-39.95625305175781,-32.620933532714844,-30.570877075195312,-26.848730087280273,151.73438262939453,83.465996005089,81.77416610717773,101.28623962402344,110.41250228881836,121.11839294433594,16.253321970126738,11.477745555815712,11.57538582041626,12.897223968446035,13.295878734278938,14.134512507031605,0.021846427964340505,11.54959377702483
R4,mtbench,S4_vctx_lin_l4,5.481395483016968,9.541038751602173,14.108451175689703,17.300692367553708,24.256973457336425,27.149267435073853,34.1867963180543,43.62589806098852,88.83998107910156,9.994966532377466,88.83998107910156,48.0;123.0;6.0;16.0;44.0;88.0;108.0;100.0;77.0;99.0,0.16065604592216265,8.797640927078156,0.0024933020654155304,0.010071979187511652,0.01905860244965757,0.08728034871606251,125480,1024,0.7960618429846842,3.796061842984684,75.7459945678711,-0.12810071158232136,6.915174979522738,5.481395483016968,-88.83998107910156,3.846194932706232,2.7290374776979633,8.888472091558821,88.83998107910156,35.081818344511724,33.75377655029297,45.99921417236328,50.07930374145508,58.59983825683594,7.625134375361088,3.506518571886537,3.3407581401631594,4.341711728576533,4.658066419422402,5.346490872397524,75.7459945678711,32.211738976582545,31.137542724609375,41.91335258483889,45.97620906829834,54.614601135253906,-15.065754890441895,-32.99122445535462,-31.643482208251953,-24.822492599487305,-22.838008880615234,-18.337966918945312,152.77787399291992,65.20296343193716,63.223995208740234,83.61121330261234,90.37824516296386,104.004150390625,12.629661619174236,8.82086770415526,8.934228015641509,10.003581099007704,10.338763964363627,11.305387014300035,-0.008797358273295804,8.887548949519893
R4,mtbench,S4_kdraft_lin_l4,4.494452238082886,7.927850723266602,11.844633388519293,14.59906883239746,20.657125778198242,23.343781013488773,36.631655677800616,52.74438181571303,70.55252075195312,9.591100660381937,70.55252075195312,384.0;487.0;453.0;409.0;506.0;428.0;449.0;386.0;114.0;440.0,0.49389230493182446,6.567790616550905,0.034342993216595535,0.0736332478406876,0.11018734954416753,0.2789667115741785,4800,1024,1.8218896121273218,4.821889612127322,48.79218292236328,0.048557759071026114,5.63316241058995,4.494452238082886,-70.55252075195312,4.979806436646858,2.808185598207491,7.356040067787546,70.55252075195312,43.29810380657514,43.05422019958496,51.27654838562012,53.781592559814456,58.60046760559082,8.969840772720286,4.7650609446420376,4.648221582732175,5.714500652058691,6.1020629028730715,6.870636940549309,48.79218292236328,29.18464752793312,28.734542846679688,34.72636451721191,36.790313529968266,40.84574703216554,-23.789024353027344,-43.18222406387329,-43.02471351623535,-35.12126770019531,-33.03918743133545,-29.201866130828854,106.19126510620117,72.36687159180642,72.25989627838135,82.05738830566406,85.23564548492432,91.55669542312623,10.350203697426595,7.333163213668288,7.264573123072463,8.100645087676444,8.388755585806956,9.02505030956097,-0.10959524793374359,7.355879799380208
R4,mtbench,S4_vdraft_lin_l4,3.9532814025878906,6.808272361755371,9.940767288208008,12.032100677490234,16.503300800323498,18.364109277725227,22.309173583984375,28.59317676811069,53.12458801269531,8.919823556238468,53.12458801269531,493.0;482.0;450.0;476.0;467.0;444.0;489.0;464.0;417.0;496.0,0.19261142634750517,5.861787378042608,0.0041882128246736525,0.017918428829469004,0.031914766361060436,0.11334608553076753,4800,1024,0.3723304551538953,3.3723304551538953,53.12458801269531,-0.05627654866007181,4.68882564959455,3.9532814025878906,-44.51953887939453,3.745796428709861,2.7709679593042,5.955789111494287,53.12458801269531,21.944563570817312,21.44318199157715,26.40382461547852,28.412536334991454,33.938174896240284,7.131184266218179,3.2182728625380324,3.176929817196825,3.51347197449989,3.6688995584358435,4.189216835618109,53.12458801269531,20.45633458415667,19.906362533569336,24.95345096588135,26.885798835754397,31.989523963928225,-12.560863494873047,-20.603268881638844,-20.12015151977539,-16.75703945159912,-15.992398262023924,-14.665237054824823,91.63398361206055,41.05960346579552,40.37816619873047,48.24549751281739,51.62795791625977,59.70953741073619,8.893633470282047,5.926295786398118,5.853801199184932,6.7341306577490405,7.014469232608677,7.52737862913354,-0.01193257333978511,5.955523225600318
R4,mtbench,S4_kctx_lin_fp_l4,6.855659246444702,12.70740795135498,19.335882568359377,23.786255264282218,33.19948551177979,37.19685895919802,46.94591109848166,59.48332224386893,97.14833068847656,8.191954117082545,97.14833068847656,38.0;114.0;62.0;120.0;243.0;58.0;757.0;125.0;56.0;127.0,0.36397623887360453,11.172287525175454,0.006419718919714689,0.029063570600248712,0.04992676165633699,0.15736355259856563,125480,1024,0.7594059519967842,3.759405951996784,97.14833068847656,0.032851323425814725,9.10636706171655,6.855659246444702,-83.21379852294922,3.9586758411384166,2.7995196633420574,11.858993507531343,97.14833068847656,46.20599224834181,45.07725524902344,58.05361557006836,62.100975036621094,70.74198150634766,7.097098256897015,3.6658742250294685,3.4201752502421185,4.836620644991507,5.505531065442633,6.282252328653547,97.14833068847656,43.69148744563977,42.59478759765625,55.34156036376953,60.11143493652344,68.6891098022461,-23.56047821044922,-42.58632788872468,-41.26536560058594,-33.541053771972656,-31.35151481628418,-26.92962526321411,165.01390075683594,86.27781533436445,84.39066123962402,105.94940567016602,115.11551284790039,126.84848403930664,17.063092908651743,11.770612636846769,11.920685080786871,13.31115058847417,13.750278022236921,14.624491284842458,0.021084268117340925,11.858948005713648
R4,mtbench,S4_vctx_lin_fp_l4,5.01227331161499,8.87221884727478,13.351284885406494,16.52915802001953,23.684033279418948,26.847045211791993,34.02618644714475,45.934078218827274,87.33853912353516,10.427125524475558,87.33853912353516,48.0;100.0;99.0;47.0;33.0;88.0;126.0;6.0;123.0;111.0,0.18947612384982426,8.255283955961225,0.002495852266761222,0.010663577696623726,0.020577999450894762,0.0963139466852517,125480,1024,1.2565320490840923,4.256532049084092,76.61190795898438,-0.06491745352766722,6.431751019900352,5.01227331161499,-87.33853912353516,4.062299653326586,2.827576352989518,8.37608974002717,87.33853912353516,34.30104161994564,32.754302978515625,46.891632080078125,51.525520706176756,60.77544021606445,9.402042209283163,3.749664466487468,3.512080127785202,4.897558926808017,5.331906654191482,6.079761643761594,76.61190795898438,31.529287503842607,30.346342086791992,42.89518737792969,47.182334899902344,56.670623779296875,-11.347307205200195,-32.08967055804721,-30.58155059814453,-22.674821662902833,-20.390913009643555,-14.408625602722168,146.52534103393555,63.61895806188981,61.11244773864746,85.33768081665039,92.40829467773438,107.23190689086914,12.674995769598352,8.272531769033701,8.388209108531978,9.721152012164886,10.131799634959053,11.171733415774836,-0.007259830752242871,8.37583817042903
R4,mtbench,S4_k_stored_ctx_fp_l4,1.0415690541267395,1.9779278934001923,3.113029599189759,3.8869842171669005,5.406154913902283,6.022129058837891,7.369818764686701,8.703598507880905,11.245611190795898,6.083666496047482,11.245611190795898,564.0;243.0;573.0;230.0;751.0;631.0;633.0;237.0;114.0;428.0,0.4119076785695279,1.7121262158739046,0.007011869551392373,0.029688080784178877,0.04894423613128824,0.16467675706077736,125480,1024,0.9061089555207982,3.906108955520798,10.90604305267334,0.019299600070436143,1.397703142768496,1.0415690541267395,-11.245611190795898,3.986934879747815,2.92462925884085,1.8484923849954789,11.245611190795898,7.338442787692393,7.205912113189697,8.550193786621094,8.86134147644043,9.840214729309082,6.176640871867328,3.8722714003811163,3.731419806950099,4.757003414988204,5.1058861172317,5.668485417436185,10.90604305267334,6.963646419013348,6.802170276641846,8.355057239532476,8.727765083312988,9.747809410095215,-4.472054958343506,-6.8052658034579405,-6.687033653259277,-5.787681579589844,-5.583676338195801,-5.247365951538086,19.731590270996094,13.76891222247129,13.56238603591919,15.746231079101562,16.43522357940674,17.809473037719727,1.9501373931768422,1.8482689897867994,1.8455205092081541,1.8879923484953518,1.9060180217737668,1.92659520244947,0.025374093529947423,1.848391631344233
R4,mtbench,S4_k_stored_ctx_l4,1.0540038347244263,1.9783365726470947,3.1099425077438356,3.8698597431182855,5.364047012329102,5.938939754962923,7.229431152820587,8.677938461303711,11.705662727355957,6.340444138474167,11.705662727355957,564.0;230.0;243.0;630.0;633.0;428.0;942.0;888.0;237.0;119.0,0.40211052806151415,1.7168959427562762,0.0074239826411349056,0.028379516476748825,0.04756394661425564,0.1620093832822219,125480,1024,0.8550265196309352,3.8550265196309352,10.689531326293945,0.01911861100449691,1.4004417066428139,1.0540038347244263,-11.705662727355957,3.915865803162223,2.905469022128926,1.8461897103272853,11.705662727355957,7.314781906040832,7.188695907592773,8.501419067382812,8.910389041900634,9.798456192016602,5.819166260632175,3.829620351864947,3.730309073809004,4.567464782330107,4.848089710951249,5.313802389900098,10.689531326293945,6.931372531117016,6.773996114730835,8.280571460723879,8.675623893737793,9.546555719375611,-4.593047618865967,-6.770743783560763,-6.6862874031066895,-5.780688762664795,-5.565362882614136,-5.21362829208374,19.36870288848877,13.70211631467778,13.546727657318115,15.531150817871094,16.09695339202881,17.23686858177185,1.9316257025607944,1.846001063437547,1.8445691439370226,1.8825918618064996,1.8960946253896203,1.913426146233423,0.029601937009163793,1.8460907142477059
R4,mtbench,S4_k_stored_draft_l4,1.1028819680213928,1.9343953132629395,2.850216865539551,3.451434016227722,4.663415741920471,5.157484447956086,6.266817588806335,8.139322249030064,10.220751762390137,5.919890549695026,10.220751762390137,384.0;448.0;172.0;958.0;704.0;190.0;756.0;631.0;818.0;832.0,0.409609026834727,1.6039716811192823,0.00805978432384661,0.03621492252030222,0.061220925525908014,0.19053253646544288,4800,1024,0.3599534936864921,3.359953493686492,10.198141098022461,0.02222266582973735,1.3518761611636974,1.1028819680213928,-10.220751762390137,3.6297598340223822,2.701064600891755,1.726510258355482,10.220751762390137,6.692447962065538,6.56663179397583,7.825464200973512,8.236282253265381,9.071778535842896,4.414305959821238,3.3551399070456047,3.3311194034338865,3.637351120690491,3.735384415577199,4.006162392159732,10.198141098022461,6.166521539489429,6.023087739944458,7.307068872451782,7.807104921340943,8.687638101577761,-4.391411781311035,-6.161375695168972,-6.0106260776519775,-5.199070167541504,-5.003767585754394,-4.716998047828674,16.64234447479248,12.3278972346584,12.227690935134888,13.748569107055665,14.252147388458251,15.294928369522095,1.8156103039511324,1.726344648075263,1.7253630049310154,1.7578036506821804,1.7669785201237556,1.785030238631694,-0.010229026997176231,1.72636723362387
R4,mtbench,S4_v_stored_ctx_l4,5.481395483016968,9.541038751602173,14.108451175689703,17.300692367553708,24.256973457336425,27.149267435073853,34.1867963180543,43.62589806098852,88.83998107910156,9.994966532377466,88.83998107910156,48.0;123.0;6.0;16.0;44.0;88.0;108.0;100.0;77.0;99.0,0.16065604592216265,8.797640927078156,0.0024933020654155304,0.010071979187511652,0.01905860244965757,0.08728034871606251,125480,1024,0.7960618429846842,3.796061842984684,75.7459945678711,-0.12810071158232136,6.915174979522738,5.481395483016968,-88.83998107910156,3.846194932706232,2.7290374776979633,8.888472091558821,88.83998107910156,35.081818344511724,33.75377655029297,45.99921417236328,50.07930374145508,58.59983825683594,7.625134375361088,3.506518571886537,3.3407581401631594,4.341711728576533,4.658066419422402,5.346490872397524,75.7459945678711,32.211738976582545,31.137542724609375,41.91335258483889,45.97620906829834,54.614601135253906,-15.065754890441895,-32.99122445535462,-31.643482208251953,-24.822492599487305,-22.838008880615234,-18.337966918945312,152.77787399291992,65.20296343193716,63.223995208740234,83.61121330261234,90.37824516296386,104.004150390625,12.629661619174236,8.82086770415526,8.934228015641509,10.003581099007704,10.338763964363627,11.305387014300035,-0.008797358273295804,8.887548949519893
R4,mtbench,S4_v_stored_draft_l4,3.9532814025878906,6.808272361755371,9.940767288208008,12.032100677490234,16.503300800323498,18.364109277725227,22.309173583984375,28.59317676811069,53.12458801269531,8.919823556238468,53.12458801269531,493.0;482.0;450.0;476.0;467.0;444.0;489.0;464.0;417.0;496.0,0.19261142634750517,5.861787378042608,0.0041882128246736525,0.017918428829469004,0.031914766361060436,0.11334608553076753,4800,1024,0.3723304551538953,3.3723304551538953,53.12458801269531,-0.05627654866007181,4.68882564959455,3.9532814025878906,-44.51953887939453,3.745796428709861,2.7709679593042,5.955789111494287,53.12458801269531,21.944563570817312,21.44318199157715,26.40382461547852,28.412536334991454,33.938174896240284,7.131184266218179,3.2182728625380324,3.176929817196825,3.51347197449989,3.6688995584358435,4.189216835618109,53.12458801269531,20.45633458415667,19.906362533569336,24.95345096588135,26.885798835754397,31.989523963928225,-12.560863494873047,-20.603268881638844,-20.12015151977539,-16.75703945159912,-15.992398262023924,-14.665237054824823,91.63398361206055,41.05960346579552,40.37816619873047,48.24549751281739,51.62795791625977,59.70953741073619,8.893633470282047,5.926295786398118,5.853801199184932,6.7341306577490405,7.014469232608677,7.52737862913354,-0.01193257333978511,5.955523225600318
