config,dataset,tensor,code_entropy_bits,code_hist,exact_zero_dequant_ratio,mean_unique_codes_per_token,n_tokens,nmse_max,nmse_mean,nmse_median,nmse_p90,nmse_p99,sat_high_ratio,sat_low_ratio,scale_max,scale_median,scale_p90,scale_p99,zero_int_code_ratio,zero_median,zero_p90
R0,gsm8k,KV4_k_ctx_l0,3.6667182758283525,0.01104;0.01265;0.02693;0.04651;0.0631;0.07331;0.08657;0.11258;0.13143;0.12276;0.10607;0.08505;0.06112;0.03437;0.0148;0.01171,0.29103883413804904,13.957899305555555,343960,0.05889900401234627,0.018984992057085037,0.01782466284930706,0.029014891013503075,0.04023930802941322,0.011709813341601856,0.011033795486825208,1.4836180210113525,0.6029751300811768,0.8981101751327516,1.1681167805194836,0.29103883413804904,8.0,11.0
R0,gsm8k,KV4_v_ctx_l0,3.599838215065068,0.01162;0.0127;0.02381;0.04095;0.06489;0.09381;0.11876;0.13401;0.13369;0.11917;0.09294;0.06501;0.04146;0.02325;0.0125;0.01142,0.14844814282324578,14.484071180555556,343960,0.031119994819164276,0.011232479475438595,0.01062015164643526,0.01529692392796278,0.02191268652677536,0.011402890148262183,0.011605838365438912,4.300000190734863,1.7166666984558105,2.2916667461395264,2.9166667461395264,0.14844814282324578,8.0,9.0
R0,gsm8k,KV8_k_ctx_l0,2.7595347072139655,0.54228;0.01959;0.02024;0.0213;0.02272;0.02545;0.02535;0.02553;0.02902;0.033;0.03267;0.03631;0.03969;0.04065;0.04206;0.04413,0.02134365886967215,71.92287326388889,343960,0.00027121344464831054,6.791724445065483e-05,6.436827970901504e-05,0.00010195143258897588,0.00014358355896547414,0.007984061596087284,0.007941649091016087,0.08727164566516876,0.03546912968158722,0.05283001065254212,0.06871275171637524,0.02134365886967215,137.0,182.0
R0,gsm8k,KV8_v_ctx_l0,2.8750566004616323,0.51645;0.02262;0.02528;0.02503;0.02455;0.02748;0.02916;0.02962;0.03377;0.034;0.03695;0.03483;0.03792;0.03744;0.04177;0.04312,0.008653770270757376,88.65403645833334,343960,0.00011321202327962965,3.886681588483043e-05,3.6685538361780345e-05,5.205494344409091e-05,7.816790457582101e-05,0.007895767697805745,0.008031057338747713,0.25294119119644165,0.10098040103912354,0.13480393588542938,0.1715686321258545,0.008653770270757376,128.0,149.0
R0,gsm8k,KV4_k_ctx_l1,3.3953690392468596,0.01099;0.00981;0.01601;0.02604;0.03939;0.06224;0.11611;0.19369;0.19978;0.12327;0.0705;0.04755;0.03625;0.02337;0.01303;0.01197,0.34298323111401663,13.175911458333333,343960,0.04944854602217674,0.016743013635277748,0.014771044254302979,0.025239847600460052,0.03963634371757507,0.011965647792547114,0.01097368420774324,1.2922431230545044,0.6082802414894104,0.7716471552848816,0.9599092602729797,0.34298323111401663,8.0,9.0
R0,gsm8k,KV4_v_ctx_l1,3.6289635195085777,0.01179;0.01373;0.02499;0.04296;0.06654;0.09291;0.11581;0.12948;0.12923;0.11661;0.09312;0.06756;0.04381;0.02567;0.0138;0.012,0.1378565088328388,15.133854166666667,343960,0.031070036813616753,0.010285151191055775,0.009966665878891945,0.013275180011987686,0.017398083023726935,0.012007017974327835,0.011775534180924297,6.40000057220459,1.8791667222976685,2.5250000953674316,3.1750001907348633,0.1378565088328388,7.0,9.0
R0,gsm8k,KV8_k_ctx_l1,2.6961978338559205,0.56126;0.0226;0.02377;0.02366;0.02797;0.02827;0.02622;0.02663;0.02714;0.02998;0.03212;0.03166;0.03133;0.03303;0.03758;0.03677,0.022691913678621254,74.80737847222223,343960,0.00023819366469979286,5.8590227126842365e-05,5.148705167812295e-05,8.926889859139919e-05,0.00014433564501814544,0.008010547615898152,0.007957662507477734,0.07601430267095566,0.03578118979930878,0.045391011983156204,0.05646524950861931,0.022691913678621254,128.0,154.0
R0,gsm8k,KV8_v_ctx_l1,2.939918560373404,0.4997;0.02323;0.02641;0.02656;0.0266;0.02769;0.02886;0.03082;0.03155;0.03441;0.03508;0.03886;0.04062;0.0436;0.04282;0.04319,0.008057568633618454,92.33472222222223,343960,0.00010582389950286597,3.567618477973156e-05,3.450201256782748e-05,4.589554009726271e-05,6.042285236617316e-05,0.007944249742043516,0.007996170934186213,0.3764706254005432,0.11053922027349472,0.14852942526340485,0.18676471710205078,0.008057568633618454,127.0,147.0
R0,gsm8k,KV4_k_ctx_l2,3.48028521377028,0.01086;0.00943;0.01679;0.02936;0.04783;0.07814;0.12025;0.15769;0.16521;0.13481;0.09124;0.05783;0.03598;0.02084;0.01209;0.01165,0.22674254145887163,14.448958333333334,343960,0.03233208507299423,0.013146373443305492,0.01267274096608162,0.017492683604359627,0.022985555231571198,0.011649754278672238,0.010860873370741804,1.165387749671936,0.6887564659118652,0.8362332701683047,0.9603230148553844,0.22674254145887163,8.0,9.0
R0,gsm8k,KV4_v_ctx_l2,3.6374714088959355,0.01207;0.01434;0.02604;0.04401;0.0671;0.09257;0.11602;0.12855;0.12901;0.11544;0.0923;0.06666;0.04335;0.02587;0.01465;0.012,0.13754214168422751,15.100694444444445,343960,0.02469988353550434,0.01004386879503727,0.009812606498599052,0.012757369317114353,0.016071231365203848,0.011999292402631707,0.01208046975856026,6.383333683013916,2.5833334922790527,3.6083335876464844,4.491666793823242,0.13754214168422751,7.0,9.0
R0,gsm8k,KV8_k_ctx_l2,2.648087689399838,0.57235;0.02196;0.02209;0.02432;0.02382;0.02467;0.02806;0.02911;0.02834;0.02918;0.0315;0.02877;0.03078;0.03164;0.03544;0.03797,0.014912399747926328,82.94717881944445,343960,0.0001239860284840688,4.59790499007795e-05,4.4304237235337496e-05,6.174015288706869e-05,8.101868297671899e-05,0.007978610508143903,0.007971092217808796,0.06855222582817078,0.04051508754491806,0.049190191552042975,0.05648958869278429,0.014912399747926328,132.0,153.0
R0,gsm8k,KV8_v_ctx_l2,2.980076738401104,0.48967;0.02281;0.02715;0.02769;0.02966;0.03024;0.02918;0.03151;0.03279;0.03387;0.03472;0.03822;0.041;0.04255;0.04442;0.04452,0.008300703626850413,92.38216145833333,343960,8.655685815028846e-05,3.479445513221435e-05,3.395979729248211e-05,4.4141947000753134e-05,5.649426020681858e-05,0.0079653866459719,0.008027492437718643,0.3754902184009552,0.15196079015731812,0.21225491166114807,0.26421570777893066,0.008300703626850413,127.0,146.0
R0,gsm8k,KV4_k_ctx_l3,3.421851021619411,0.01109;0.00919;0.01638;0.02745;0.04585;0.07747;0.12629;0.17413;0.17514;0.13184;0.08438;0.052;0.02982;0.01722;0.01025;0.01151,0.26749516982171273,14.205815972222222,343960,0.034273456782102585,0.014287247322499752,0.01384006254374981,0.018771530129015467,0.023547571152448654,0.011529105943110254,0.011075769745123884,1.0841721296310425,0.7241222262382507,0.8662978410720825,0.9984181523323059,0.26749516982171273,8.0,9.0
R0,gsm8k,KV4_v_ctx_l3,3.6301935645320693,0.01213;0.0136;0.02549;0.0435;0.06607;0.09329;0.11533;0.13064;0.13003;0.11531;0.09304;0.06646;0.04321;0.02605;0.01395;0.0119,0.13775803198417028,15.190190972222222,343960,0.02595711313188076,0.01011427491903305,0.009904061444103718,0.012926263734698296,0.01611264467239376,0.011910041527719134,0.012126595770112342,10.133334159851074,2.6083335876464844,4.375,6.333333492279053,0.13775803198417028,7.0,9.0
R0,gsm8k,KV8_k_ctx_l3,2.6846810835224337,0.56455;0.02431;0.02467;0.0262;0.02701;0.02603;0.02643;0.02734;0.02911;0.02842;0.02979;0.03043;0.031;0.03403;0.03622;0.03446,0.018562337688894735,77.16223958333333,343960,0.0001145626520155929,5.02710317960009e-05,4.8562043957645074e-05,6.631837459281087e-05,8.52903272607363e-05,0.007977916082988182,0.007989796556325422,0.06377483159303665,0.04259542375802994,0.050958696752786636,0.05873047932982445,0.018562337688894735,128.0,152.0
R0,gsm8k,KV8_v_ctx_l3,2.9719542793373575,0.49216;0.02491;0.02738;0.02707;0.02704;0.02922;0.02836;0.03162;0.03378;0.03574;0.03789;0.03926;0.03929;0.0402;0.04311;0.04296,0.008239312764878074,91.6765625,343960,8.550336497137323e-05,3.503130574245006e-05,3.414215098018758e-05,4.461114367586561e-05,5.6138134823413566e-05,0.007932208594866097,0.008051929723781845,0.5960784554481506,0.15343138575553894,0.25735294818878174,0.37254902720451355,0.008239312764878074,127.0,146.0
R0,gsm8k,KV4_k_ctx_l4,3.445524810813715,0.01118;0.01054;0.01773;0.03061;0.05021;0.08486;0.12859;0.16763;0.1727;0.12875;0.08017;0.04815;0.02931;0.01781;0.01049;0.01126,0.24068687500225172,14.54453125,343960,0.03701622784137726,0.013483229093253613,0.013078263029456139,0.017802052199840546,0.02253485843539238,0.011270495687818361,0.011168949393969443,1.26759672164917,0.744870662689209,0.8874365866184236,1.0213797092437744,0.24068687500225172,7.0,9.0
R0,gsm8k,KV4_v_ctx_l4,3.633184106632185,0.01195;0.01357;0.02545;0.04327;0.06659;0.09264;0.11454;0.12833;0.12918;0.11616;0.09428;0.06781;0.04432;0.02564;0.01421;0.01204,0.13787466829849615,15.035850694444445,343960,0.02536172606050968,0.01009091455489397,0.009801501408219337,0.012919353321194649,0.01625751331448555,0.012046875670138332,0.011955881491303444,9.333333969116211,2.4833333492279053,3.6000001430511475,5.600000381469727,0.13787466829849615,8.0,9.0
R0,gsm8k,KV8_k_ctx_l4,2.7486518836548406,0.54826;0.02108;0.02421;0.02462;0.02586;0.02713;0.02785;0.0285;0.0285;0.03047;0.03319;0.03242;0.03511;0.03755;0.0363;0.03896,0.016484479220687517,79.42287326388889,343960,0.0001292859233217314,4.746721242554486e-05,4.573208570946008e-05,6.307760704658004e-05,8.437735232291743e-05,0.007999451864614255,0.007957148158715831,0.07456451654434204,0.04381592199206352,0.05220215320587159,0.060081157833337784,0.016484479220687517,127.0,148.0
R0,gsm8k,KV8_v_ctx_l4,2.949059994076851,0.49771;0.02439;0.02435;0.02625;0.02845;0.02799;0.03045;0.03271;0.03257;0.03593;0.03554;0.03639;0.03732;0.04047;0.04397;0.04551,0.008278304249203453,90.68016493055555,343960,9.227197733707726e-05,3.492871474009007e-05,3.3912518119905144e-05,4.482657459448092e-05,5.62974346394185e-05,0.007936694985255599,0.008018342356404497,0.5490196347236633,0.1460784375667572,0.21176472306251526,0.3294117748737335,0.008278304249203453,128.0,146.0
R0,mtbench,KV4_k_ctx_l0,3.6709907867089147,0.01079;0.0119;0.02702;0.04892;0.06884;0.08013;0.08766;0.10145;0.11609;0.12008;0.11491;0.094;0.06145;0.03186;0.01352;0.01139,0.2880279572059711,13.956640625,1003840,0.060945022851228714,0.020871616899967194,0.019640035927295685,0.03196636214852333,0.043929399102926245,0.01168607515282929,0.010904145440629993,1.5822945833206177,0.6943550109863281,1.0038689374923706,1.299824595451355,0.2880279572059711,8.0,11.0
R0,mtbench,KV4_v_ctx_l0,3.608802786195347,0.01178;0.01299;0.02439;0.04193;0.06595;0.09358;0.11823;0.13291;0.13266;0.11759;0.09269;0.06541;0.04162;0.02384;0.0128;0.01161,0.1478484391855697,14.464908854166667,1003840,0.03400710970163345,0.010927142575383186,0.010414354503154755,0.014507538639008999,0.020814817398786545,0.011549923400161788,0.011631267519745355,4.6666669845581055,1.7125000953674316,2.3416666984558105,3.0500001907348633,0.1478484391855697,8.0,9.0
R0,mtbench,KV8_k_ctx_l0,2.661825918305835,0.56576;0.01839;0.0194;0.02004;0.02186;0.02306;0.0247;0.02486;0.02815;0.03028;0.03205;0.03439;0.03668;0.03695;0.04063;0.04281,0.020685955457156523,71.96432291666666,1003840,0.0002853712940122932,7.329014624701813e-05,6.95701310178265e-05,0.00011127830657642335,0.00015304794942494482,0.007982825569342822,0.007936549512669444,0.09307614713907242,0.04084441065788269,0.05905111879110336,0.07646027207374573,0.020685955457156523,139.0,181.0
R0,mtbench,KV8_v_ctx_l0,2.910216826389077,0.50776;0.02325;0.02498;0.0254;0.02662;0.02859;0.02922;0.03149;0.03257;0.03449;0.03627;0.03619;0.03818;0.03922;0.04254;0.04323,0.008703983990320316,88.63391927083333,1003840,0.00011814044410130009,3.7833851820323616e-05,3.6047618777956814e-05,5.000539968023076e-05,7.087724225129932e-05,0.007911490105713407,0.008013663619446257,0.27450981736183167,0.10073529928922653,0.13774511218070984,0.17941176891326904,0.008703983990320316,127.0,148.0
R0,mtbench,KV4_k_ctx_l1,3.341907286519735,0.01162;0.01138;0.01794;0.02644;0.03678;0.05712;0.1182;0.21319;0.21007;0.11855;0.06176;0.04095;0.03083;0.02074;0.0125;0.01193,0.3499618019287785,13.18173828125,1003840,0.04976882413029671,0.015228481031954288,0.013875999487936497,0.02113223634660244,0.03571983799338341,0.011955281841801479,0.011226310831261799,1.2921141386032104,0.6100238561630249,0.7334911227226257,0.9227520024776455,0.3499618019287785,7.0,9.0
R0,mtbench,KV4_v_ctx_l1,3.625573969440584,0.01181;0.01354;0.02502;0.04293;0.06656;0.09299;0.11623;0.13004;0.12996;0.11646;0.0932;0.06703;0.04345;0.02537;0.01353;0.01189,0.13891627478102844,15.13544921875,1003840,0.051913246512413025,0.010473990812897682,0.010054346174001694,0.013585786428302524,0.01882763085886836,0.011921957410716761,0.011724782616753752,8.833333969116211,1.9791667461395264,2.6500000953674316,3.5500001907348633,0.13891627478102844,8.0,9.0
R0,mtbench,KV8_k_ctx_l1,2.862931972415616,0.52085;0.0242;0.02544;0.02713;0.02839;0.02925;0.02864;0.03034;0.03126;0.03263;0.03411;0.03451;0.03569;0.03788;0.03885;0.04083,0.023237853039366502,74.83287760416667,1003840,0.00022751693904865533,5.332988439477049e-05,4.846516821999103e-05,7.441134221153334e-05,0.0001289166248170659,0.008009256133421634,0.007967836336077502,0.07600671797990799,0.03588375449180603,0.043146535754203796,0.05427953090518711,0.023237853039366502,127.0,148.0
R0,mtbench,KV8_v_ctx_l1,2.930306217814686,0.50226;0.02272;0.02568;0.02589;0.02687;0.02807;0.02932;0.03093;0.03237;0.03403;0.03596;0.03793;0.03995;0.04161;0.04212;0.0443,0.008158287669842442,92.41910807291667,1003840,0.0001562966499477625,3.628244303399697e-05,3.4839908039430156e-05,4.7030851419549435e-05,6.525524077005684e-05,0.007942919402072828,0.00800053560718273,0.5196079015731812,0.11642157286405563,0.1558823585510254,0.2088235467672348,0.008158287669842442,127.0,147.0
R0,mtbench,KV4_k_ctx_l2,3.5002938599696733,0.01124;0.0107;0.01939;0.03331;0.05368;0.0836;0.12325;0.15726;0.1608;0.12834;0.0866;0.05498;0.03403;0.02001;0.01136;0.01143,0.2227699564769864,14.451529947916667,1003840,0.040009647607803345,0.012751845642924309,0.0122844148427248,0.01712781749665737,0.022538727149367332,0.011474897353521859,0.011043557903030887,1.2295726537704468,0.6661644577980042,0.8230952620506287,0.9483628869056702,0.2227699564769864,8.0,9.0
R0,mtbench,KV4_v_ctx_l2,3.634378670710925,0.01199;0.01394;0.02588;0.04393;0.0671;0.09302;0.11593;0.12891;0.12884;0.11562;0.09258;0.06685;0.04344;0.02579;0.01421;0.01197,0.13738884401197235,15.10078125,1003840,0.027012599632143974,0.010099026374518871,0.009827712550759315,0.012873930856585503,0.01626877672970295,0.011975052518149216,0.011915706330910325,6.4166669845581055,2.683333396911621,3.5916669368743896,4.483333587646484,0.13738884401197235,7.0,9.0
R0,mtbench,KV8_k_ctx_l2,2.764824622670158,0.54465;0.02356;0.02331;0.02508;0.02542;0.02654;0.02915;0.02968;0.02983;0.03044;0.03239;0.03279;0.03451;0.03528;0.03787;0.03951,0.014634020973850663,83.01533203125,1003840,0.00013020176265854388,4.45542718807701e-05,4.290183642297052e-05,6.0209506045794114e-05,7.938529481180011e-05,0.007970019505592063,0.00796772632553863,0.07232780009508133,0.03918614238500595,0.04841736704111099,0.05578605458140373,0.014634020973850663,130.0,151.0
R0,mtbench,KV8_v_ctx_l2,2.962333203727373,0.49441;0.02352;0.02647;0.02763;0.02813;0.02877;0.03006;0.03183;0.03231;0.03431;0.03527;0.03763;0.03971;0.04126;0.044;0.0447,0.008232474000154373,92.46025390625,1003840,9.533450793242082e-05,3.497918078210205e-05,3.403664595680311e-05,4.4590819015866145e-05,5.6474716984666884e-05,0.007948701231119534,0.008019507315475493,0.37745100259780884,0.15784314274787903,0.21127451956272125,0.26372551918029785,0.008232474000154373,127.0,146.0
R0,mtbench,KV4_k_ctx_l3,3.4738823134525765,0.01131;0.01049;0.01867;0.03183;0.05291;0.08436;0.1253;0.16274;0.16398;0.12825;0.08591;0.05344;0.03124;0.01807;0.01027;0.01125,0.25185926128178837,14.209147135416666,1003840,0.036153871566057205,0.013335944153368473,0.012874416075646877,0.017694171518087387,0.02286447212100029,0.011388063859582569,0.011153007902127381,1.1925742626190186,0.6886852383613586,0.8266537368297576,0.9697325825691223,0.25185926128178837,7.0,9.0
R0,mtbench,KV4_v_ctx_l3,3.6303374787732205,0.0121;0.01369;0.02578;0.0436;0.06664;0.09329;0.11588;0.13019;0.12951;0.11543;0.09294;0.06651;0.04301;0.02577;0.01376;0.01191,0.13800193810214598,15.191015625,1003840,0.028100455179810524,0.010150822810828686,0.009885452687740326,0.012980835512280464,0.016298985108733177,0.01182754744659178,0.01216152796599393,10.633334159851074,2.616666793823242,4.2166666984558105,6.016666889190674,0.13800193810214598,8.0,9.0
R0,mtbench,KV8_k_ctx_l3,2.7638507174461546,0.54517;0.02373;0.02442;0.0256;0.02636;0.02706;0.02786;0.02889;0.02969;0.03025;0.03225;0.03291;0.03431;0.03575;0.03786;0.0379,0.01731364564038813,77.19407552083334,1003840,0.0001221306883962825,4.678068944485858e-05,4.505693505052477e-05,6.236990084289572e-05,8.185526530724019e-05,0.007971566638055568,0.007994210409621397,0.0701514258980751,0.04051089659333229,0.048626691475510596,0.05704309418797493,0.01731364564038813,127.0,151.0
R0,mtbench,KV8_v_ctx_l3,2.9715542769382512,0.4923;0.025;0.02662;0.02671;0.02765;0.02886;0.03034;0.03197;0.03353;0.03497;0.03662;0.03815;0.03971;0.04081;0.04256;0.0442,0.00820583626627922,91.70791015625,1003840,9.266292909160256e-05,3.516565266181715e-05,3.4217762731714174e-05,4.492301377467811e-05,5.655883069266565e-05,0.007919903442962095,0.008049280239113917,0.6254902482032776,0.15392157435417175,0.24803923070430756,0.3539215922355652,0.00820583626627922,128.0,146.0
R0,mtbench,KV4_k_ctx_l4,3.5142337762686346,0.01145;0.01158;0.0207;0.03579;0.05761;0.08937;0.1266;0.15586;0.15607;0.12278;0.08385;0.05336;0.03284;0.01956;0.01113;0.01144,0.2249265984321634,14.538313802083334,1003840,0.033256448805332184,0.012452160008251667,0.012014837935566902,0.016677487641572952,0.021495475620031353,0.011447778976677607,0.011275305746433635,1.1530768871307373,0.7025247812271118,0.8520558476448059,0.9962801337242126,0.2249265984321634,7.0,9.0
R0,mtbench,KV4_v_ctx_l4,3.6315059632333857,0.01207;0.01376;0.02566;0.04347;0.06706;0.09279;0.11558;0.129;0.12954;0.11592;0.09315;0.0671;0.04364;0.02544;0.01388;0.01194,0.13860518792644144,15.035970052083334,1003840,0.027239425107836723,0.010144580155611038,0.009856718592345715,0.012970861326903102,0.016462717205286026,0.011931479920167475,0.012074484394785638,8.883334159851074,2.491666793823242,3.641666889190674,5.700000286102295,0.13860518792644144,7.0,9.0
R0,mtbench,KV8_k_ctx_l4,2.8284067941073676,0.52874;0.02261;0.02431;0.02517;0.02646;0.02756;0.02896;0.02962;0.03059;0.03257;0.03472;0.03457;0.03667;0.03806;0.03839;0.041,0.015273580645831923,79.42415364583333,1003840,0.00012490892549976707,4.3589123379206285e-05,4.1826355300145224e-05,5.863221304025501e-05,7.90298217907548e-05,0.008005191764095799,0.007964964243971433,0.06782805174589157,0.04132498800754547,0.05012093111872673,0.05860471352934837,0.015273580645831923,126.0,147.0
R0,mtbench,KV8_v_ctx_l4,2.9622902581822723,0.49439;0.02374;0.02548;0.02669;0.02808;0.02857;0.03047;0.03205;0.0339;0.03543;0.03643;0.03697;0.03858;0.041;0.04266;0.04554,0.008257668540075732,90.71949869791666,1003840,0.0001075524342013523,3.512011971906759e-05,3.410051795071922e-05,4.500908107729629e-05,5.696091830031946e-05,0.007942414115920353,0.00803216221393086,0.522549033164978,0.1465686410665512,0.2142156958580017,0.33529412746429443,0.008257668540075732,127.0,146.0
R0q,gsm8k,KV4_k_ctx_l0,3.5825240206382243,0.01087;0.01068;0.02179;0.03877;0.06168;0.08627;0.10894;0.1277;0.13801;0.12927;0.1041;0.07237;0.04378;0.02344;0.01126;0.01107,0.19457000059386095,14.495572916666667,343960,0.06012961268424988,0.015289527364075184,0.014071331359446049,0.022848356515169144,0.032907530665397644,0.011081419041794207,0.010861123361003895,1.5760481357574463,0.5693013668060303,0.7850072443485276,1.0106546878814697,0.19457000059386095,8.0,10.0
R0q,gsm8k,KV4_v_ctx_l0,3.6258522002528903,0.01189;0.0129;0.02445;0.04183;0.0649;0.09107;0.11436;0.12944;0.13068;0.11777;0.09525;0.06864;0.04476;0.02611;0.014;0.01195,0.1387833837005827,14.884375,343960,0.024980122223496437,0.010275405831634998,0.009994575753808022,0.013170620240271096,0.01665058732032776,0.01195538623465432,0.011888496712264088,4.108333587646484,1.683333396911621,2.366666793823242,2.9250001907348633,0.1387833837005827,8.0,9.0
R0q,gsm8k,KV8_k_ctx_l0,2.667980901318548,0.56603;0.01983;0.02018;0.02315;0.02317;0.02435;0.02464;0.02599;0.02861;0.03077;0.03212;0.03289;0.03368;0.03628;0.03693;0.04139,0.012094997583578031,84.22404513888888,343960,0.00019846943905577064,5.290660556056537e-05,4.8738893383415416e-05,7.886662933742628e-05,0.00011412464322347659,0.007965423443561628,0.007953697841407524,0.09270871430635452,0.03348831832408905,0.04617689661681662,0.05945027247071266,0.012094997583578031,133.0,164.0
R0q,gsm8k,KV8_v_ctx_l0,2.910059777331097,0.50823;0.02366;0.02614;0.02653;0.02657;0.02839;0.0311;0.03071;0.03137;0.03386;0.03466;0.03814;0.03765;0.03872;0.04261;0.04167,0.008358879236038775,90.61796875,343960,8.445360435871407e-05,3.5546632716432214e-05,3.4630309528438374e-05,4.5590590161737055e-05,5.7395427575102076e-05,0.007949474037417935,0.008010207248541215,0.24166667461395264,0.0990196168422699,0.13921569287776947,0.1720588356256485,0.008358879236038775,128.0,146.0
R0q,gsm8k,KV4_k_ctx_l1,3.3816083719759265,0.01184;0.01205;0.01972;0.02904;0.04344;0.07291;0.13312;0.2021;0.19183;0.11495;0.0606;0.03852;0.02711;0.01898;0.01198;0.01181,0.28278323792748983,14.09140625,343960,0.04412038251757622,0.013828298076987267,0.013081669807434082,0.018561795353889465,0.02547321282327175,0.01180515709436602,0.011835673570425973,0.9787719249725342,0.5588592290878296,0.6719700694084167,0.795384407043457,0.28278323792748983,7.0,8.0
R0q,gsm8k,KV4_v_ctx_l1,3.6305412366486514,0.01211;0.01374;0.02582;0.04358;0.06707;0.09303;0.11595;0.12942;0.12958;0.11539;0.09283;0.0672;0.04349;0.02536;0.01356;0.01189,0.13854772787955072,15.098046875,343960,0.030525118112564087,0.010232892818748951,0.009907040745019913,0.013082825299352426,0.016982855275273323,0.011881714578097065,0.012105214541467528,5.558333396911621,2.1666667461395264,2.691666841506958,3.183333396911621,0.13854772787955072,8.0,9.0
R0q,gsm8k,KV8_k_ctx_l1,2.9152969995240565,0.50737;0.02417;0.02597;0.02746;0.02825;0.02954;0.02963;0.03165;0.03238;0.03279;0.03642;0.03636;0.03681;0.03815;0.04001;0.04303,0.017741817417037155,79.409765625,343960,0.00014045457646716386,4.79876616736874e-05,4.5330176362767816e-05,6.468245555879548e-05,8.990096830530092e-05,0.008004150045518245,0.007991053205397393,0.057574816048145294,0.03287407010793686,0.03952765092253685,0.0467873178422451,0.017741817417037155,125.0,142.0
R0q,gsm8k,KV8_v_ctx_l1,2.968908425303867,0.493;0.02391;0.0256;0.02737;0.03029;0.02961;0.02977;0.03246;0.03235;0.0349;0.03687;0.03701;0.03931;0.04029;0.04157;0.04568,0.008453134196396503,91.8802517361111,343960,0.00011148994963150471,3.539937097229995e-05,3.4312743082409725e-05,4.520677248365246e-05,5.87946002633539e-05,0.007928472151979804,0.008025830114881198,0.32696080207824707,0.12745098769664764,0.15833334624767303,0.1872549057006836,0.008453134196396503,127.0,146.0
R0q,gsm8k,KV4_k_ctx_l2,3.533160534380071,0.01135;0.01114;0.02023;0.0351;0.05722;0.08776;0.124;0.15275;0.15149;0.12241;0.08713;0.05795;0.03637;0.02154;0.01191;0.01164,0.1861468967464235,14.894921875,343960,0.03258001431822777,0.012180328369140625,0.011692576110363007,0.01643250696361065,0.021598156541585922,0.01162938797691216,0.011350674787536263,1.167455792427063,0.6431936621665955,0.8003323078155518,0.9277563095092773,0.1861468967464235,8.0,9.0
R0q,gsm8k,KV4_v_ctx_l2,3.635588704854813,0.01206;0.01404;0.02577;0.04403;0.06745;0.09335;0.11605;0.12884;0.12783;0.11526;0.09248;0.06724;0.04377;0.02588;0.01399;0.01194,0.13693781279855305,15.113932291666666,343960,0.026721656322479248,0.010062193498015404,0.00978842657059431,0.012812241911888123,0.016282686963677406,0.011943873431947496,0.012067165101567905,5.700000286102295,2.7333335876464844,3.375000238418579,4.0416669845581055,0.13693781279855305,7.0,9.0
R0q,gsm8k,KV8_k_ctx_l2,2.7891043581226502,0.53821;0.02415;0.02272;0.02397;0.0259;0.0267;0.02777;0.02929;0.02986;0.03169;0.03257;0.03359;0.03627;0.03685;0.03942;0.04105,0.011442421187853647,86.75568576388889,343960,0.00012003303709207103,4.2237224988639355e-05,4.054633609484881e-05,5.687623706762679e-05,7.547696681285739e-05,0.007986669226860007,0.007977576677997906,0.06867386400699615,0.03783491998910904,0.04707837104797363,0.0545739009976387,0.011442421187853647,129.0,148.0
R0q,gsm8k,KV8_v_ctx_l2,2.9833316821311286,0.4891;0.02532;0.02583;0.02624;0.02936;0.02947;0.03037;0.03165;0.03393;0.03501;0.03664;0.03735;0.03943;0.04189;0.04271;0.04571,0.008177390225076428,92.02586805555555,343960,9.829369810177013e-05,3.484554326860234e-05,3.3917407563421875e-05,4.438950018084144e-05,5.610874723060988e-05,0.007936003188499146,0.008027027048067086,0.33529412746429443,0.16078431904315948,0.1985294222831726,0.23774510622024536,0.008177390225076428,127.0,145.0
R0q,gsm8k,KV4_k_ctx_l3,3.4841395987763124,0.01123;0.01056;0.01903;0.03331;0.0557;0.08927;0.13152;0.16085;0.15728;0.12356;0.08396;0.05325;0.03126;0.01792;0.0101;0.01121,0.20218351545433202,14.426779513888889,343960,0.03489411249756813,0.01301140058785677,0.012607477605342865,0.017059432528913038,0.022177735343575478,0.01120099175410966,0.011224297035692467,1.1177908182144165,0.6832953691482544,0.80091392993927,0.9286298751831055,0.20218351545433202,7.0,9.0
R0q,gsm8k,KV4_v_ctx_l3,3.63242256930481,0.01212;0.01406;0.02597;0.04367;0.06741;0.0936;0.11608;0.12945;0.12932;0.11491;0.09243;0.06674;0.04306;0.02549;0.01377;0.01191,0.13836627362502946,14.973480902777778,343960,0.026142394170165062,0.010155429132282734,0.00985933281481266,0.01298793125897646,0.01640390232205391,0.011900814307025737,0.012126931170415547,8.733333587646484,3.200000286102295,4.4666666984558105,5.733333587646484,0.13836627362502946,8.0,9.0
R0q,gsm8k,KV8_k_ctx_l3,2.7562199318157563,0.54652;0.02264;0.02397;0.02542;0.02628;0.02625;0.02709;0.02733;0.02854;0.03119;0.03209;0.03357;0.03565;0.03793;0.03778;0.03773,0.012724789951203599,82.02829861111111,343960,0.00011669518426060677,4.522545714280568e-05,4.379727033665404e-05,5.9379781305324286e-05,7.757323859550509e-05,0.007976100842158,0.007977468142699864,0.06575240194797516,0.040193844586610794,0.04711258411407471,0.054625287652015686,0.012724789951203599,126.0,148.0
R0q,gsm8k,KV8_v_ctx_l3,2.9728261706693986,0.49119;0.0225;0.02579;0.02599;0.02794;0.02934;0.03078;0.03315;0.03311;0.03364;0.03782;0.03845;0.03929;0.04054;0.0443;0.04619,0.008338439533124782,91.82825520833333,343960,0.00010807969374582171,3.519857637002133e-05,3.417550033191219e-05,4.5103890442987904e-05,5.706767115043476e-05,0.007922717057065003,0.00801718091695673,0.5137255191802979,0.1882353127002716,0.26274511218070984,0.33725491166114807,0.008338439533124782,128.0,146.0
R0q,gsm8k,KV4_k_ctx_l4,3.515061622073544,0.01138;0.01099;0.02011;0.03472;0.05767;0.08977;0.12605;0.15356;0.15306;0.12451;0.08726;0.05564;0.0335;0.01942;0.01102;0.01133,0.18494034310181937,14.7015625,343960,0.036032479256391525,0.012419038452208042,0.012019038200378418,0.016278786584734917,0.021427296102046967,0.011330873583857384,0.011372941533207066,1.1852600574493408,0.7056229114532471,0.8304738998413086,0.9551612138748169,0.18494034310181937,7.0,9.0
R0q,gsm8k,KV4_v_ctx_l4,3.63242061045141,0.012;0.01378;0.02565;0.04347;0.06648;0.09237;0.11555;0.12938;0.12932;0.11591;0.09342;0.06688;0.044;0.02588;0.01392;0.012,0.13787124930984443,15.13046875,343960,0.024952851235866547,0.01016207318753004,0.009884639643132687,0.012963046226650484,0.01626114547252655,0.011994786594166524,0.012004308205925756,8.433333396911621,3.566666841506958,4.508333683013916,5.633333683013916,0.13787124930984443,7.0,9.0
R0q,gsm8k,KV8_k_ctx_l4,2.8049859587384796,0.53499;0.02374;0.02455;0.02546;0.02544;0.02846;0.02869;0.03154;0.02978;0.03088;0.03329;0.03431;0.03546;0.03696;0.03634;0.0401,0.01149391822465178,84.31371527777777,343960,0.00011053276830352843,4.316972626838833e-05,4.172720218775794e-05,5.67977549508214e-05,7.386360084638e-05,0.007978609600104391,0.007974504816552831,0.06972118467092514,0.04150722920894623,0.04885140433907509,0.05618595331907272,0.01149391822465178,127.0,147.0
R0q,gsm8k,KV8_v_ctx_l4,2.9743912514808644,0.49131;0.02341;0.0264;0.02522;0.02827;0.02857;0.03305;0.03349;0.03464;0.03423;0.03727;0.03698;0.03987;0.04042;0.04127;0.04559,0.00827028589297293,92.083984375,343960,8.175880793714896e-05,3.510534588713199e-05,3.4125056117773056e-05,4.483534212340601e-05,5.651327228406444e-05,0.007934991068517168,0.008019911733248996,0.4960784614086151,0.20980393886566162,0.2651960849761963,0.33137255907058716,0.00827028589297293,127.0,146.0
R0q,mtbench,KV4_k_ctx_l0,3.5803146155344283,0.01062;0.01015;0.0215;0.03971;0.06317;0.0878;0.10932;0.12633;0.13587;0.1293;0.10526;0.07279;0.04348;0.02286;0.01093;0.01091,0.19674114538356663,14.556510416666667,1003840,0.058316316455602646,0.016355328261852264,0.015128029510378838,0.024388162419199944,0.035325173288583755,0.011026909477853527,0.010720407347738123,1.4901058673858643,0.6182824969291687,0.8377034008502959,1.0825945138931274,0.19674114538356663,8.0,10.0
R0q,mtbench,KV4_v_ctx_l0,3.6269916647425475,0.01193;0.01334;0.02494;0.04247;0.06589;0.09199;0.11532;0.12989;0.13028;0.11694;0.09391;0.06762;0.04392;0.02573;0.01388;0.01196,0.1389789402174453,14.925260416666667,1003840,0.030217798426747322,0.010260304436087608,0.009967686608433723,0.013139053713530302,0.016728111505508413,0.011959123603689174,0.011879624187713489,4.375,1.6791667938232422,2.366666793823242,2.933333396911621,0.1389789402174453,7.0,9.0
R0q,mtbench,KV8_k_ctx_l0,2.578816966212218,0.58682;0.01955;0.02003;0.02138;0.0222;0.02235;0.0238;0.02528;0.02705;0.02865;0.03027;0.0305;0.03302;0.03427;0.03658;0.03827,0.012193268343495826,84.12760416666667,1003840,0.00020814906747546047,5.663629781338386e-05,5.245420106803067e-05,8.430775415035895e-05,0.0001228672481374815,0.007956605596700684,0.007951374862265463,0.08765328675508499,0.03636955842375755,0.04927667006850242,0.06368202716112137,0.012193268343495826,134.0,165.0
R0q,mtbench,KV8_v_ctx_l0,2.9390588006214595,0.50049;0.023;0.02603;0.02677;0.02774;0.02911;0.0298;0.03153;0.03257;0.0338;0.03548;0.03728;0.03881;0.0413;0.04242;0.04385,0.008373035736925279,90.92086588541666,1003840,9.910685184877366e-05,3.552962880348787e-05,3.447289054747671e-05,4.5584296458400786e-05,5.779933781013824e-05,0.007948068638021747,0.008021275891223922,0.25735294818878174,0.0987745150923729,0.13921569287776947,0.1725490242242813,0.008373035736925279,127.0,146.0
R0q,mtbench,KV4_k_ctx_l1,3.3606817088993193,0.01211;0.01284;0.02034;0.02854;0.03933;0.06308;0.12388;0.20772;0.20481;0.11852;0.05979;0.03769;0.02731;0.01952;0.01249;0.01203,0.2932486582547426,14.0169921875,1003840,0.04456641525030136,0.013494525104761124,0.012848340906202793,0.017780153080821037,0.023959295824170113,0.011892415988647069,0.011921973924230164,1.0066944360733032,0.5729246139526367,0.6755984425544739,0.7892518639564514,0.2932486582547426,7.0,8.0
R0q,mtbench,KV4_v_ctx_l1,3.6308701970799184,0.01204;0.01367;0.02554;0.04327;0.06659;0.0927;0.11543;0.12922;0.12949;0.11617;0.09333;0.06737;0.04378;0.02569;0.01377;0.01194,0.1382741413700084,15.056477864583334,1003840,0.036895450204610825,0.010231783613562584,0.009904922917485237,0.013112964108586311,0.017071720194071528,0.011935315444134176,0.012061064779603232,6.516666889190674,2.1625001430511475,2.691666841506958,3.191666841506958,0.1382741413700084,8.0,9.0
R0q,mtbench,KV8_k_ctx_l1,2.9776811398626437,0.49133;0.02564;0.02718;0.02773;0.02879;0.03013;0.03102;0.03225;0.03345;0.03414;0.0363;0.0372;0.03902;0.04044;0.04183;0.04353,0.01865993593043337,79.3572265625,1003840,0.00014804113015998155,4.6875276893842965e-05,4.459785850485787e-05,6.190203494043087e-05,8.481928671244532e-05,0.008007770671974867,0.008006131623794014,0.05921732261776924,0.03370144963264465,0.03974108397960663,0.04642658308148384,0.01865993593043337,127.0,143.0
R0q,mtbench,KV8_v_ctx_l1,2.96227534421388,0.49466;0.0238;0.02598;0.02713;0.02839;0.0292;0.03024;0.03189;0.03344;0.03507;0.03559;0.03764;0.03976;0.04028;0.04276;0.04417,0.008436638898759459,91.657421875,1003840,0.00012615302694030106,3.542312697391026e-05,3.432371522649191e-05,4.5414588385028765e-05,5.901942859054543e-05,0.007927985616455165,0.008013880524473885,0.38333335518836975,0.12720589339733124,0.15833334624767303,0.1877451092004776,0.008436638898759459,128.0,146.0
R0q,mtbench,KV4_k_ctx_l2,3.547664949127478,0.01153;0.01172;0.02153;0.03694;0.05937;0.08927;0.12385;0.14987;0.14873;0.12071;0.08656;0.05793;0.03681;0.02166;0.01193;0.0116,0.18377491583426794,14.831770833333334,1003840,0.035690467804670334,0.011868338100612164,0.011380761861801147,0.015974421054124832,0.02116835117340088,0.011576122342376038,0.011431029660161584,1.2225297689437866,0.6286694407463074,0.7882744073867798,0.9163863062858582,0.18377491583426794,8.0,9.0
R0q,mtbench,KV4_v_ctx_l2,3.6338674071414463,0.01209;0.01384;0.02575;0.04383;0.06719;0.09293;0.1157;0.12901;0.12874;0.11559;0.09281;0.06713;0.04371;0.02575;0.01397;0.01196,0.1371534193245073,15.090364583333333,1003840,0.02478548139333725,0.010108604095876217,0.009831992909312248,0.012893838807940483,0.016296131536364555,0.011954141247163838,0.012073623245426764,6.333333492279053,2.7333335876464844,3.375000238418579,4.075000286102295,0.1371534193245073,7.0,9.0
R0q,mtbench,KV8_k_ctx_l2,2.837436006284813,0.52664;0.0239;0.02426;0.02563;0.02625;0.02815;0.02921;0.0294;0.03044;0.03222;0.03386;0.03531;0.03613;0.03802;0.03966;0.04092,0.011236723374652986,86.68610026041667,1003840,0.00012811363558284938,4.11501714552287e-05,3.944050695281476e-05,5.549875277210958e-05,7.385080243693665e-05,0.007990977412555366,0.007989209750667215,0.07191351801156998,0.036980558186769485,0.04636908322572708,0.053905077278614044,0.011236723374652986,129.0,148.0
R0q,mtbench,KV8_v_ctx_l2,2.972891146285712,0.49178;0.02413;0.02535;0.02729;0.02836;0.03016;0.02994;0.03189;0.03316;0.03541;0.03635;0.03741;0.03991;0.04127;0.04291;0.04469,0.008326447089590754,91.95380859375,1003840,9.566170774633065e-05,3.499602462397888e-05,3.404829476494342e-05,4.46278863819316e-05,5.636892092297785e-05,0.007932990299498973,0.008023093136337896,0.37254902720451355,0.16078431904315948,0.1985294222831726,0.239705890417099,0.008326447089590754,127.0,145.0
R0q,mtbench,KV4_k_ctx_l3,3.526856257508386,0.01149;0.01144;0.02074;0.03608;0.05921;0.09048;0.12642;0.1521;0.15007;0.12225;0.0868;0.05686;0.03425;0.01963;0.01085;0.01132,0.19534926479682327,14.449967447916666,1003840,0.03427479416131973,0.012222295626997948,0.011791698634624481,0.016140921041369438,0.021043013781309128,0.011236344788145895,0.01134711218959031,1.1284211874008179,0.6552119255065918,0.7789326310157776,0.898317277431488,0.19534926479682327,7.0,9.0
R0q,mtbench,KV4_v_ctx_l3,3.632699536298579,0.01211;0.01395;0.02585;0.04372;0.06734;0.09329;0.11589;0.12933;0.12936;0.11524;0.09253;0.06671;0.04325;0.0256;0.01387;0.01196,0.1380834054822723,15.03857421875,1003840,0.029065342620015144,0.01013447716832161,0.009849298745393753,0.012974688783288002,0.016475358977913857,0.011943511804565788,0.012137145190111671,8.916666984558105,3.191666841506958,4.408333778381348,5.733333587646484,0.1380834054822723,8.0,9.0
R0q,mtbench,KV8_k_ctx_l3,2.8231325570565566,0.53026;0.02341;0.02468;0.0259;0.02679;0.02689;0.02812;0.02915;0.03086;0.03228;0.03384;0.03467;0.03624;0.03804;0.0388;0.04008,0.012237852375255898,81.95491536458333,1003840,0.00013140140799805522,4.2446299630682915e-05,4.095259282621555e-05,5.6113511163857745e-05,7.38294402253814e-05,0.00797900061394709,0.007979818377255773,0.06637772172689438,0.03854187950491905,0.045819565653800964,0.052842192351818085,0.012237852375255898,127.0,147.0
R0q,mtbench,KV8_v_ctx_l3,2.976535334343513,0.4906;0.02333;0.02538;0.0273;0.02786;0.02946;0.03087;0.03229;0.03363;0.03536;0.03678;0.03773;0.03906;0.0418;0.0435;0.04505,0.008362968804431149,91.73014322916667,1003840,0.0001043950323946774,3.512861439958215e-05,3.414105958654545e-05,4.4931490265298635e-05,5.699671237380244e-05,0.007940109013967836,0.008032100026806195,0.524509847164154,0.1877451092004776,0.2593137323856354,0.33725491166114807,0.008362968804431149,128.0,146.0
R0q,mtbench,KV4_k_ctx_l4,3.5541758539587724,0.0116;0.01196;0.02183;0.03769;0.06094;0.09131;0.12374;0.14624;0.14496;0.12128;0.0889;0.05894;0.03629;0.02111;0.01168;0.01155,0.17804584664603074,14.675260416666667,1003840,0.032218076288700104,0.011708973906934261,0.011303238570690155,0.01548224501311779,0.020190974697470665,0.011437388115640108,0.01150710519286804,1.1706078052520752,0.6794081926345825,0.8059561848640442,0.9245834958553313,0.17804584664603074,7.0,9.0
R0q,mtbench,KV4_v_ctx_l4,3.6324100448497045,0.01205;0.01381;0.02575;0.04341;0.06673;0.09268;0.11558;0.12933;0.12926;0.11591;0.09313;0.06699;0.04371;0.02577;0.01391;0.01199,0.13776096735770504,15.116569010416667,1003840,0.03296559676527977,0.010152454487979412,0.009858441539108753,0.012982263322919607,0.016426123678684235,0.011993242864264175,0.012027702517419433,9.033333778381348,3.5833334922790527,4.508333683013916,5.683333396911621,0.13776096735770504,8.0,9.0
R0q,mtbench,KV8_k_ctx_l4,2.8632579607608406,0.52018;0.0234;0.02436;0.02595;0.02689;0.02837;0.02955;0.03053;0.03136;0.03326;0.03444;0.03527;0.03719;0.03782;0.03972;0.04171,0.011143444140907377,84.37301432291666,1003840,0.00011216949496883899,4.069249189342372e-05,3.9258815377252176e-05,5.387468991102651e-05,7.072131120366976e-05,0.007982171243444707,0.007972567578932891,0.0688592866063118,0.0399651862680912,0.047409188002347946,0.05438726510852574,0.011143444140907377,126.0,146.0
R0q,mtbench,KV8_v_ctx_l4,2.969772099205342,0.49256;0.02337;0.02578;0.02654;0.02798;0.02955;0.03127;0.03305;0.03346;0.03464;0.03647;0.03765;0.03945;0.04104;0.04284;0.04436,0.008310543496433336,92.05032552083334,1003840,0.00010147623106604442,3.5136559745296836e-05,3.4140593925258145e-05,4.493992310017347e-05,5.6949764111777764e-05,0.007944592233009947,0.008020370973584552,0.531372606754303,0.21078433096408844,0.2651960849761963,0.3343137502670288,0.008310543496433336,128.0,146.0
R1,gsm8k,KV4_k_ctx_l0,3.6781589670309307,0.01126;0.01352;0.03056;0.05064;0.06566;0.07102;0.0753;0.09429;0.1159;0.12735;0.12306;0.09943;0.06343;0.03219;0.0148;0.01159,0.2657469728754626,14.151822916666667,343960,0.06109023839235306,0.020083941519260406,0.018590211868286133,0.030682366341352463,0.04460927098989487,0.01159534498066124,0.011250706019604371,1.6216837167739868,0.6329145431518555,0.9492151618003858,1.2556132078170776,0.2657469728754626,8.0,11.0
R1,gsm8k,KV4_v_ctx_l0,3.583985080938909,0.0114;0.01216;0.02297;0.04036;0.06392;0.0938;0.12402;0.14018;0.13479;0.1166;0.09059;0.06334;0.03972;0.02275;0.01198;0.01142,0.16144410541488063,14.626302083333334,343960,0.0743832066655159,0.01296329963952303,0.010746274143457413,0.01808419674634937,0.05962388217449188,0.011413240197321607,0.011385374924995834,3.9418938159942627,1.2096035480499268,1.8152777314186104,2.491508722305298,0.16144410541488063,7.0,9.0
R1,gsm8k,KV8_k_ctx_l0,2.8031472371005215,0.53379;0.02177;0.02226;0.02419;0.02625;0.02536;0.02857;0.0293;0.0295;0.0303;0.03273;0.03588;0.03684;0.03959;0.03956;0.0441,0.016731771914702324,77.8890625,343960,0.00023525406140834093,6.965475768083706e-05,6.419287819880992e-05,0.00010632369230734184,0.00015585121582262218,0.007964120805263519,0.007963584094411797,0.09539315849542618,0.037230268120765686,0.05583618655800827,0.07385960221290588,0.016731771914702324,144.0,181.0
R1,gsm8k,KV8_v_ctx_l0,2.830452852452439,0.52768;0.02252;0.02372;0.02431;0.02553;0.02697;0.02821;0.0307;0.03134;0.03199;0.03336;0.03546;0.03688;0.03877;0.04117;0.04138,0.021010458810875814,88.8890625,343960,0.00024256971664726734,4.352673568064347e-05,3.64687257388141e-05,6.136458250693977e-05,0.0001870553969638422,0.007967921579256654,0.007974464785204166,0.23187610507011414,0.07115314900875092,0.10678104460239414,0.14655932784080505,0.021010458810875814,127.0,148.0
R1,gsm8k,KV4_k_ctx_l1,3.284991154612884,0.0119;0.01242;0.01927;0.027;0.03689;0.05574;0.11937;0.23635;0.22006;0.1057;0.04968;0.03423;0.02675;0.01981;0.01276;0.01207,0.39386964158879384,14.180208333333333,343960,0.04042387008666992,0.01406351663172245,0.013215543702244759,0.019320888444781303,0.025327660143375397,0.012065408709976409,0.011894077287676434,1.0394861698150635,0.6138434410095215,0.7691596746444702,0.9183329939842224,0.39386964158879384,7.0,8.0
R1,gsm8k,KV4_v_ctx_l1,3.620058440096397,0.01164;0.01237;0.02304;0.03944;0.06174;0.08749;0.11257;0.12892;0.13212;0.12099;0.09828;0.07151;0.04679;0.02691;0.01402;0.01216,0.14235049324731033,14.9625,343960,0.028157459571957588,0.010650708340108395,0.010162814520299435,0.014063200913369656,0.01958058401942253,0.01215678206903653,0.011643637126932541,4.207179069519043,1.4931681156158447,2.2044241428375244,2.837286949157715,0.14235049324731033,8.0,9.0
R1,gsm8k,KV8_k_ctx_l1,2.9417046728511393,0.50021;0.02267;0.02731;0.02729;0.02814;0.02883;0.03095;0.03255;0.03406;0.03414;0.0344;0.03604;0.0365;0.04137;0.04231;0.04322,0.028974549348155656,76.45859375,343960,0.0001353133120574057,5.0846989324782044e-05,4.7123357944656163e-05,7.146724965423346e-05,9.930870539392297e-05,0.008011999788383644,0.00799031412591123,0.061146240681409836,0.036108437925577164,0.04524468630552292,0.054019585251808167,0.028974549348155656,126.0,143.0
R1,gsm8k,KV8_v_ctx_l1,2.8753338848011607,0.51711;0.02316;0.02511;0.02584;0.02731;0.02766;0.02894;0.03151;0.0316;0.03397;0.03508;0.03514;0.03809;0.03874;0.0413;0.03944,0.017498300462547276,90.27447916666667,343960,0.00010193654452450573,3.616952744778246e-05,3.457750426605344e-05,4.757230999530293e-05,6.494253466371447e-05,0.00801570455595437,0.007992451462066836,0.24748112261295319,0.08783342689275742,0.12967200577259064,0.16689923405647278,0.017498300462547276,130.0,150.0
R1,gsm8k,KV4_k_ctx_l2,3.504828975608498,0.01111;0.00966;0.0175;0.03011;0.05066;0.08227;0.1223;0.15497;0.15835;0.12833;0.09022;0.06133;0.03745;0.02203;0.01197;0.01174,0.19489453335603077,14.92890625,343960,0.031144678592681885,0.0125066377222538,0.012131123803555965,0.01640021987259388,0.020598941370844802,0.01172835652768198,0.011119815011301801,1.0803495645523071,0.6595731377601624,0.7971309185028077,0.8987834244966503,0.19489453335603077,8.0,9.0
R1,gsm8k,KV4_v_ctx_l2,3.6220125371195597,0.01193;0.01359;0.02524;0.04359;0.0675;0.09467;0.11853;0.13136;0.13036;0.11508;0.0911;0.06492;0.04222;0.02485;0.01315;0.01191,0.13943136458595592,15.046614583333334,343960,0.024615315720438957,0.01036064699292183,0.010022071190178394,0.013296479359269142,0.017562562599778175,0.0119046963001084,0.011924407235346735,6.116086959838867,1.8837649822235107,2.8833868503570557,3.8205487728118896,0.13943136458595592,7.0,9.0
R1,gsm8k,KV8_k_ctx_l2,2.7077210663277773,0.55834;0.02249;0.02252;0.02412;0.02557;0.02512;0.02663;0.02832;0.03096;0.03053;0.03181;0.03412;0.03431;0.03456;0.03385;0.03676,0.012564937736735575,86.90651041666666,343960,0.00011743660434149206,4.331792297307402e-05,4.2054431105498224e-05,5.687692828360014e-05,7.093792373780161e-05,0.008025973799845411,0.007952600425212748,0.06354997307062149,0.03879842162132263,0.046890055760741234,0.05286961235105989,0.012564937736735575,132.0,151.0
R1,gsm8k,KV8_v_ctx_l2,2.9478812357274267,0.49804;0.02265;0.02573;0.02545;0.0286;0.02807;0.03088;0.03102;0.03375;0.03576;0.03532;0.03976;0.03989;0.03998;0.04276;0.04234,0.02019708876291083,90.12608506944444,343960,8.491122571285814e-05,3.500896491459571e-05,3.3785676350817084e-05,4.524744508671574e-05,5.871911344002001e-05,0.00798580481722537,0.008003988254090977,0.3597698211669922,0.11080970615148544,0.16961099207401276,0.22473816573619843,0.02019708876291083,127.0,145.0
R1,gsm8k,KV4_k_ctx_l3,3.4703759637066494,0.01108;0.00995;0.01695;0.02912;0.0477;0.07878;0.1235;0.16365;0.162;0.13223;0.09312;0.05645;0.03266;0.01991;0.01142;0.01146,0.2323902717481057,14.48359375,343960,0.030825119465589523,0.013532528653740883,0.013127682730555534,0.017748001962900162,0.021799543872475624,0.011473054467286501,0.011070871430759629,1.0381978750228882,0.7039554715156555,0.8325202465057373,0.9271287322044373,0.2323902717481057,8.0,9.0
R1,gsm8k,KV4_v_ctx_l3,3.626908149645505,0.01199;0.01367;0.02535;0.04307;0.06669;0.09346;0.11647;0.13096;0.12982;0.1152;0.09272;0.06649;0.04323;0.02545;0.01339;0.01203,0.13944205774201288,15.047135416666666,343960,0.024061456322669983,0.010284040123224258,0.00998407881706953,0.013314539566636086,0.016827596351504326,0.012031407323148516,0.011993554524249501,8.243278503417969,2.154475450515747,3.4276938438415527,5.341270499229416,0.13944205774201288,7.0,9.0
R1,gsm8k,KV8_k_ctx_l3,2.694982065923445,0.56148;0.0229;0.0227;0.02343;0.02626;0.02595;0.02576;0.02864;0.03;0.0309;0.03157;0.03118;0.03393;0.03273;0.0365;0.03606,0.015073411859985855,80.60572916666666,343960,0.00011459667439339682,4.70246268378105e-05,4.548294600681402e-05,6.174488225951791e-05,7.690171332797036e-05,0.007995696984127991,0.007952810510889523,0.06107046455144882,0.041409146040678024,0.04897177964448929,0.054536983370780945,0.015073411859985855,129.0,153.0
R1,gsm8k,KV8_v_ctx_l3,2.967143037303808,0.49283;0.02344;0.02441;0.02708;0.03043;0.03095;0.02882;0.03187;0.03369;0.03396;0.03376;0.03748;0.03803;0.04258;0.04329;0.04737,0.024652265188180738,90.028515625,343960,7.83516516094096e-05,3.4750770282698795e-05,3.378244582563639e-05,4.449823609320447e-05,5.6866661907406524e-05,0.00798957635803769,0.00801336953106026,0.48489874601364136,0.12673385441303253,0.20162905752658844,0.3141923952102652,0.024652265188180738,127.0,146.0
R1,gsm8k,KV4_k_ctx_l4,3.493867193733373,0.01121;0.01077;0.01933;0.0337;0.05588;0.08749;0.12699;0.15849;0.1577;0.12842;0.08481;0.0519;0.03155;0.01925;0.0109;0.01161,0.19912440760268105,14.62890625,343960,0.035121701657772064,0.012772269546985626,0.012286677025258541,0.017080580815672874,0.021641472354531288,0.011612261658430927,0.011206046445295215,1.199633240699768,0.7142726182937622,0.8589979410171509,0.9620020985603333,0.19912440760268105,7.0,9.0
R1,gsm8k,KV4_v_ctx_l4,3.6281082313739876,0.01196;0.01362;0.02482;0.04217;0.06505;0.09086;0.11517;0.12938;0.13096;0.11784;0.09439;0.06779;0.04377;0.02591;0.01415;0.01216,0.13692211566699874,15.122135416666667,343960,0.025542384013533592,0.010212513618171215,0.009932898916304111,0.013199078850448132,0.01680297963321209,0.01214703740293367,0.011958356535372635,8.208501815795898,2.1851298809051514,3.296704053878784,4.827758312225342,0.13692211566699874,8.0,9.0
R1,gsm8k,KV8_k_ctx_l4,2.7693700900621536,0.54324;0.02179;0.02462;0.02565;0.02566;0.02526;0.02741;0.02917;0.03041;0.03125;0.03328;0.03306;0.0361;0.03505;0.03773;0.04031,0.013086328883137969,83.07252604166666,343960,0.00011786616232711822,4.430620538187213e-05,4.2733605368994176e-05,5.9404075727798045e-05,7.485981768695638e-05,0.008013833174481988,0.007969894557673898,0.07056666165590286,0.04201603680849075,0.05052929371595383,0.05658835917711258,0.013086328883137969,127.0,147.0
R1,gsm8k,KV8_v_ctx_l4,2.948645441070791,0.49819;0.02317;0.02582;0.02747;0.02676;0.02943;0.03225;0.03264;0.03196;0.036;0.0348;0.03608;0.03968;0.03945;0.04196;0.04435,0.02550679012719128,89.86961805555555,343960,8.378742495551705e-05,3.4531323763076216e-05,3.3602169423829764e-05,4.424253347679041e-05,5.527291701582657e-05,0.008003126956625944,0.0080091902675728,0.4828530251979828,0.12853705883026123,0.19392377138137817,0.28398579359054565,0.02550679012719128,128.0,146.0
R1,mtbench,KV4_k_ctx_l0,3.700001359028061,0.01106;0.01365;0.03259;0.05746;0.07424;0.07541;0.07239;0.08081;0.09804;0.11753;0.12894;0.10842;0.06801;0.03445;0.01533;0.01166,0.2775069277112683,14.167578125,1003840,0.06958752125501633,0.02366352081298828,0.022208137437701225,0.03704648092389107,0.05037283897399902,0.011783931481962403,0.011295974770716082,1.7048934698104858,0.7705680131912231,1.1089500188827515,1.4169837725162475,0.2775069277112683,9.0,11.0
R1,mtbench,KV4_v_ctx_l0,3.5899894490020983,0.01156;0.01253;0.02423;0.04267;0.06718;0.09594;0.12258;0.13738;0.13382;0.11624;0.0899;0.06231;0.03891;0.022;0.01147;0.01128,0.1640790834091604,14.608984375,1003840,0.07721792161464691,0.012849577702581882,0.010989176109433174,0.01888244859874248,0.04568552453070879,0.01128247879484358,0.011378676564587901,4.325215816497803,1.110247254371643,1.7028825283050537,2.4222467041015507,0.1640790834091604,7.0,9.0
R1,mtbench,KV8_k_ctx_l0,2.771154201128729,0.53972;0.01884;0.01989;0.02236;0.02338;0.02425;0.02677;0.02825;0.02995;0.03116;0.0347;0.03629;0.03752;0.03973;0.04216;0.04501,0.017372507244969408,77.96328125,1003840,0.00024945219047367573,8.199633157346398e-05,7.680177805013955e-05,0.00012812163913622499,0.0001767259236657992,0.007978137776566049,0.00795444804049718,0.10028785467147827,0.045327529311180115,0.06523235142230988,0.08335198983550053,0.017372507244969408,147.0,184.0
R1,mtbench,KV8_v_ctx_l0,2.8622693027698896,0.51988;0.02366;0.02389;0.02525;0.02647;0.02716;0.02852;0.02995;0.03165;0.03269;0.03444;0.03631;0.0371;0.03922;0.04138;0.04241,0.02236147324050156,88.76240234375,1003840,0.0002765559474937618,4.3350428313715383e-05,3.729892705450766e-05,6.370149640133604e-05,0.0001507472770754248,0.007964940625242889,0.007977523284110551,0.25442445278167725,0.06530866026878357,0.10016955435276031,0.14248510017990998,0.02236147324050156,126.0,149.0
R1,mtbench,KV4_k_ctx_l1,3.2517690769702656,0.01228;0.01334;0.02032;0.0271;0.0348;0.04948;0.1103;0.24662;0.23245;0.10196;0.04738;0.03337;0.02621;0.01942;0.01286;0.01214,0.4173753386363387,14.1705078125,1003840,0.03988845273852348,0.013305066153407097,0.012650289572775364,0.01773204281926155,0.02365044876933098,0.01213089461865214,0.012162756184504056,1.0548814535140991,0.6253034472465515,0.7539119422435756,0.8820585012435913,0.4173753386363387,7.0,8.0
R1,mtbench,KV4_v_ctx_l1,3.6178173753359655,0.01172;0.01266;0.02371;0.04074;0.06355;0.08968;0.11442;0.13018;0.13209;0.11979;0.09624;0.06928;0.04456;0.02577;0.01362;0.01199,0.14329391779998937,14.988671875,1003840,0.04008040204644203,0.010732369497418404,0.010198061354458332,0.014205245301127434,0.020642349496483803,0.012085665269599607,0.011621640259788062,6.801894187927246,1.349402666091919,2.078133606910704,2.7487921714782715,0.14329391779998937,8.0,9.0
R1,mtbench,KV8_k_ctx_l1,3.0155882022886815,0.4813;0.02571;0.02733;0.02769;0.02966;0.03095;0.03195;0.03283;0.03461;0.03551;0.03639;0.0383;0.03914;0.04146;0.0431;0.04409,0.032232301018666476,76.43046875,1003840,0.00013996675261296332,4.9152880819747224e-05,4.630334660760127e-05,6.641824438702315e-05,9.132931154454127e-05,0.008021690843937298,0.00801263156463392,0.06205184757709503,0.036782555282115936,0.044347764179110495,0.05188579484820366,0.032232301018666476,126.0,143.0
R1,mtbench,KV8_v_ctx_l1,2.8923223257171164,0.51265;0.02371;0.02486;0.02606;0.02757;0.02824;0.02899;0.03036;0.03185;0.03376;0.03449;0.03648;0.03842;0.03969;0.04071;0.04215,0.019345614057965577,90.16350911458333,1003840,0.00014107892639003694,3.640455906861462e-05,3.464687324594706e-05,4.8043504648376256e-05,6.924377521499991e-05,0.008011167773899312,0.007992106720727558,0.4001114070415497,0.07937662303447723,0.12224314585328093,0.16169366240501404,0.019345614057965577,129.0,149.0
R1,mtbench,KV4_k_ctx_l2,3.5010358061643196,0.01108;0.01013;0.01877;0.03274;0.05463;0.08652;0.12471;0.15478;0.15722;0.12757;0.08832;0.05718;0.03438;0.01989;0.01081;0.01127,0.19714101869612932,14.880078125,1003840,0.03647012263536453,0.012934769503772259,0.01247191708534956,0.01726621389389038,0.022258110344409943,0.011494106258032844,0.01101852063438855,1.1558998823165894,0.6583778262138367,0.8166539669036865,0.9367733597755432,0.19714101869612932,8.0,9.0
R1,mtbench,KV4_v_ctx_l2,3.6284783124555187,0.01204;0.01373;0.02555;0.04353;0.06721;0.09372;0.11667;0.13016;0.12962;0.11559;0.09208;0.06618;0.04299;0.02534;0.01361;0.01199,0.13893617469196518,15.04453125,1003840,0.025735516101121902,0.01023754384368658,0.009928351268172264,0.0131066320464015,0.01700459234416485,0.011930399242555723,0.011991379264509305,6.572695255279541,1.6243969202041626,2.658182382583618,3.6460845470428467,0.13893617469196518,7.0,9.0
R1,mtbench,KV8_k_ctx_l2,2.7042478224551076,0.55894;0.02233;0.02268;0.0236;0.02475;0.02548;0.02619;0.02817;0.02973;0.03067;0.0322;0.03308;0.03421;0.03536;0.03483;0.03779,0.012826905605227997,86.761328125,1003840,0.00012902705930173397,4.483773955143988e-05,4.321199958212674e-05,6.003805210639257e-05,7.781041495036334e-05,0.007987826441725096,0.00795858894319584,0.06799411028623581,0.03872810676693916,0.04803847149014473,0.05510431528091431,0.012826905605227997,131.0,151.0
R1,mtbench,KV8_v_ctx_l2,2.9658260871896376,0.49369;0.02471;0.02571;0.02683;0.02816;0.02908;0.03056;0.0317;0.03299;0.03504;0.03561;0.03792;0.03934;0.04145;0.04291;0.0443,0.02188375954477427,90.24251302083333,1003840,8.945944136939943e-05,3.464974361122586e-05,3.3591648389119655e-05,4.445264130481519e-05,5.711690275347789e-05,0.00801369704422541,0.008006654780668516,0.3866291344165802,0.09555275738239288,0.15636366605758667,0.21447555720806122,0.02188375954477427,127.0,146.0
R1,mtbench,KV4_k_ctx_l3,3.4945921959616886,0.01108;0.01003;0.01774;0.0309;0.05123;0.08157;0.12156;0.15667;0.15813;0.13108;0.09332;0.05885;0.03462;0.02036;0.01141;0.01147,0.22393451305106282,14.4875,1003840,0.032604116946458817,0.012940719723701477,0.01256193220615387,0.016805512644350526,0.02121734619140625,0.011542236925257991,0.01097215223320139,1.1065587997436523,0.6808704733848572,0.7964714169502258,0.9092706441879272,0.22393451305106282,8.0,9.0
R1,mtbench,KV4_v_ctx_l3,3.628939957978128,0.01204;0.01381;0.02574;0.04373;0.0673;0.09354;0.11673;0.13024;0.12943;0.11528;0.0923;0.0662;0.04293;0.02524;0.01352;0.01198,0.13920547232652705,15.0521484375,1003840,0.026950793340802193,0.010232681408524513,0.009939311072230339,0.013155356980860233,0.016755376011133194,0.011970209650462494,0.012011026214653005,8.938249588012695,1.8809120655059814,3.10826780796051,4.942110538482666,0.13920547232652705,7.0,9.0
R1,mtbench,KV8_k_ctx_l3,2.7039455128224965,0.55933;0.02296;0.02324;0.02413;0.02492;0.02651;0.02629;0.02863;0.02892;0.03054;0.03133;0.03178;0.03406;0.0342;0.03578;0.03738,0.01462484563429219,80.532421875,1003840,0.00011557056859601289,4.495866596698761e-05,4.3593427108135074e-05,5.8491066738497466e-05,7.394345448119566e-05,0.007987450065168862,0.007951210103540992,0.06509169191122055,0.04005120322108269,0.0468512624502182,0.05348651111125946,0.01462484563429219,129.0,153.0
R1,mtbench,KV8_v_ctx_l3,2.970204454636566,0.49246;0.02438;0.02543;0.0267;0.02947;0.02951;0.03073;0.03156;0.03265;0.03423;0.03591;0.03779;0.03906;0.04155;0.04361;0.04498,0.026146068606370438,90.0044921875,1003840,8.741830970393494e-05,3.4619399229995906e-05,3.362280403962359e-05,4.4356089347274974e-05,5.678377056028694e-05,0.008001431351294741,0.008011366586045673,0.5257793664932251,0.11064188927412033,0.1828392907977104,0.2907123863697052,0.026146068606370438,127.0,146.0
R1,mtbench,KV4_k_ctx_l4,3.551079366924319,0.01156;0.01194;0.022;0.03842;0.06189;0.09129;0.12333;0.14655;0.14642;0.12274;0.08761;0.05699;0.03501;0.02084;0.0117;0.01171,0.1879236437069873,14.68515625,1003840,0.03805720806121826,0.01179039292037487,0.01130838692188263,0.01581309363245964,0.02057185024023056,0.011687782503819714,0.011372170802981902,1.24849271774292,0.6743274927139282,0.823523759841919,0.9425307404994964,0.1879236437069873,7.0,9.0
R1,mtbench,KV4_v_ctx_l4,3.6291470932908725,0.01203;0.01369;0.02529;0.04302;0.06647;0.09239;0.11583;0.12967;0.13003;0.11665;0.0932;0.06686;0.0433;0.02562;0.01388;0.01207,0.13782343321169416,15.08359375,1003840,0.027721945196390152,0.010194319300353527,0.009903080761432648,0.013093673624098301,0.016658280044794083,0.012111779376088332,0.011976101111698275,9.395956039428711,1.917604923248291,3.055009365081787,4.522883415222168,0.13782343321169416,7.0,9.0
R1,mtbench,KV8_k_ctx_l4,2.859357400169081,0.52113;0.02324;0.02515;0.02579;0.02709;0.02787;0.0292;0.02998;0.03113;0.03249;0.03506;0.03508;0.03714;0.03802;0.04006;0.04153,0.012455768607712041,83.029296875,1003840,0.00013477455649990588,4.089606227353215e-05,3.920493691111915e-05,5.49663272977341e-05,7.17790094495285e-05,0.008004569956877578,0.007985247902494545,0.07344075292348862,0.039666324853897095,0.048442572355270386,0.05544298410415649,0.012455768607712041,127.0,146.0
R1,mtbench,KV8_v_ctx_l4,2.966581485563137,0.49355;0.02405;0.02577;0.02693;0.02842;0.02967;0.03127;0.03138;0.03297;0.03534;0.0359;0.03729;0.0397;0.04054;0.04262;0.0446,0.027217654724760603,89.71341145833334,1003840,8.726165106054395e-05,3.4467877412680537e-05,3.348683094372973e-05,4.413770875544287e-05,5.5737298680469394e-05,0.008010444188645731,0.008004980142383525,0.552703320980072,0.11280029267072678,0.17970643937587738,0.2660519480705261,0.027217654724760603,127.0,146.0
R2,gsm8k,KV4_k_ctx_l0,3.6781589670309307,0.01126;0.01352;0.03056;0.05064;0.06566;0.07102;0.0753;0.09429;0.1159;0.12735;0.12306;0.09943;0.06343;0.03219;0.0148;0.01159,0.2657469728754626,14.151822916666667,343960,0.06109023839235306,0.020083941519260406,0.018590211868286133,0.030682366341352463,0.04460927098989487,0.01159534498066124,0.011250706019604371,1.6216837167739868,0.6329145431518555,0.9492151618003858,1.2556132078170776,0.2657469728754626,8.0,11.0
R2,gsm8k,KV4_v_ctx_l0,3.618148240432582,0.01189;0.01352;0.02506;0.04286;0.06713;0.09538;0.11962;0.13202;0.1304;0.11483;0.09108;0.06499;0.04184;0.02447;0.01306;0.01185,0.14313505635493332,14.954947916666667,343960,0.03380978852510452,0.010739270597696304,0.010120504535734653,0.013913785107433796,0.024403538554906845,0.011846708984942072,0.011887079748945931,4.257323741912842,1.146408200263977,1.8136001825332642,2.4852468967437744,0.14313505635493332,7.0,9.0
R2,gsm8k,KV8_k_ctx_l0,2.8031472371005215,0.53379;0.02177;0.02226;0.02419;0.02625;0.02536;0.02857;0.0293;0.0295;0.0303;0.03273;0.03588;0.03684;0.03959;0.03956;0.0441,0.016731771914702324,77.8890625,343960,0.00023525406140834093,6.965475768083706e-05,6.419287819880992e-05,0.00010632369230734184,0.00015585121582262218,0.007964120805263519,0.007963584094411797,0.09539315849542618,0.037230268120765686,0.05583618655800827,0.07385960221290588,0.016731771914702324,144.0,181.0
R2,gsm8k,KV8_v_ctx_l0,2.9533167172570556,0.49671;0.02386;0.02486;0.02715;0.02757;0.03043;0.02927;0.03019;0.03368;0.03567;0.03593;0.03717;0.03948;0.04041;0.04334;0.04429,0.02017437274981704,90.53072916666666,343960,0.00010975743498420343,3.628130070865154e-05,3.433617894188501e-05,4.6845084943925086e-05,7.954722968861461e-05,0.007999430247582495,0.00799782732501626,0.2504308223724365,0.06743577122688293,0.10668236017227173,0.14619100093841553,0.02017437274981704,127.0,146.0
R2,gsm8k,KV4_k_ctx_l1,3.284991154612884,0.0119;0.01242;0.01927;0.027;0.03689;0.05574;0.11937;0.23635;0.22006;0.1057;0.04968;0.03423;0.02675;0.01981;0.01276;0.01207,0.39386964158879384,14.180208333333333,343960,0.04042387008666992,0.01406351663172245,0.013215543702244759,0.019320888444781303,0.025327660143375397,0.012065408709976409,0.011894077287676434,1.0394861698150635,0.6138434410095215,0.7691596746444702,0.9183329939842224,0.39386964158879384,7.0,8.0
R2,gsm8k,KV4_v_ctx_l1,3.6180447519453427,0.01162;0.01254;0.02321;0.0401;0.06225;0.08764;0.11211;0.12921;0.13224;0.122;0.09896;0.07053;0.04523;0.0263;0.01395;0.01213,0.14328019759721225,14.99375,343960,0.028132140636444092,0.010707839392125607,0.010189543478190899,0.014036358334124088,0.020653946325182915,0.012133494485169649,0.01160695666912943,4.051735877990723,1.4952311515808105,2.190539598464966,2.8280704021453857,0.14328019759721225,8.0,9.0
R2,gsm8k,KV8_k_ctx_l1,2.9417046728511393,0.50021;0.02267;0.02731;0.02729;0.02814;0.02883;0.03095;0.03255;0.03406;0.03414;0.0344;0.03604;0.0365;0.04137;0.04231;0.04322,0.028974549348155656,76.45859375,343960,0.0001353133120574057,5.0846989324782044e-05,4.7123357944656163e-05,7.146724965423346e-05,9.930870539392297e-05,0.008011999788383644,0.00799031412591123,0.061146240681409836,0.036108437925577164,0.04524468630552292,0.054019585251808167,0.028974549348155656,126.0,143.0
R2,gsm8k,KV8_v_ctx_l1,2.8641393794542402,0.5196;0.02334;0.0245;0.02434;0.02661;0.02919;0.02839;0.03018;0.03135;0.03335;0.036;0.03461;0.03698;0.03955;0.04025;0.04177,0.017342902479382853,89.58697916666667,343960,9.139715984929353e-05,3.640001523308456e-05,3.4764318115776405e-05,4.76697641715873e-05,6.999612378422171e-05,0.008012957710565791,0.008007076944017576,0.23833739757537842,0.08795477449893951,0.12885527312755585,0.16635708510875702,0.017342902479382853,129.0,149.0
R2,gsm8k,KV4_k_ctx_l2,3.504828975608498,0.01111;0.00966;0.0175;0.03011;0.05066;0.08227;0.1223;0.15497;0.15835;0.12833;0.09022;0.06133;0.03745;0.02203;0.01197;0.01174,0.19489453335603077,14.92890625,343960,0.031144678592681885,0.0125066377222538,0.012131123803555965,0.01640021987259388,0.020598941370844802,0.01172835652768198,0.011119815011301801,1.0803495645523071,0.6595731377601624,0.7971309185028077,0.8987834244966503,0.19489453335603077,8.0,9.0
R2,gsm8k,KV4_v_ctx_l2,3.629796829261198,0.01199;0.01347;0.02539;0.04324;0.0669;0.09249;0.11565;0.12952;0.13043;0.11606;0.09249;0.06685;0.04382;0.02592;0.01375;0.01203,0.1419640852759282,14.93359375,343960,0.024342844262719154,0.010375342331826687,0.010059831663966179,0.013397968001663688,0.01731964200735092,0.012027027100945513,0.011987107800733712,6.390193939208984,1.878373384475708,2.87436580657959,3.8020942211151123,0.1419640852759282,7.0,9.0
R2,gsm8k,KV8_k_ctx_l2,2.7077210663277773,0.55834;0.02249;0.02252;0.02412;0.02557;0.02512;0.02663;0.02832;0.03096;0.03053;0.03181;0.03412;0.03431;0.03456;0.03385;0.03676,0.012564937736735575,86.90651041666666,343960,0.00011743660434149206,4.331792297307402e-05,4.2054431105498224e-05,5.687692828360014e-05,7.093792373780161e-05,0.008025973799845411,0.007952600425212748,0.06354997307062149,0.03879842162132263,0.046890055760741234,0.05286961235105989,0.012564937736735575,132.0,151.0
R2,gsm8k,KV8_v_ctx_l2,2.944966562875382,0.49816;0.02286;0.024;0.027;0.02723;0.02759;0.03068;0.03136;0.03343;0.03253;0.03711;0.03739;0.03885;0.04426;0.04122;0.04633,0.020817271697645388,90.43020833333334,343960,8.397650526603684e-05,3.499234662740491e-05,3.394798841327429e-05,4.490219725994393e-05,5.696617881767452e-05,0.007990877679549157,0.008011637387486796,0.375893771648407,0.11049255728721619,0.16908034682273865,0.22365260124206543,0.020817271697645388,127.0,147.0
R2,gsm8k,KV4_k_ctx_l3,3.4703759637066494,0.01108;0.00995;0.01695;0.02912;0.0477;0.07878;0.1235;0.16365;0.162;0.13223;0.09312;0.05645;0.03266;0.01991;0.01142;0.01146,0.2323902717481057,14.48359375,343960,0.030825119465589523,0.013532528653740883,0.013127682730555534,0.017748001962900162,0.021799543872475624,0.011473054467286501,0.011070871430759629,1.0381978750228882,0.7039554715156555,0.8325202465057373,0.9271287322044373,0.2323902717481057,8.0,9.0
R2,gsm8k,KV4_v_ctx_l3,3.623723793315524,0.01197;0.01345;0.02505;0.04237;0.06611;0.09243;0.1168;0.13056;0.1305;0.11693;0.09332;0.06671;0.04294;0.02524;0.0136;0.01201,0.13901323560211393,15.105989583333333,343960,0.024051465094089508,0.010335412807762623,0.010034372098743916,0.013319953344762325,0.016978081315755844,0.011995098144850797,0.011965467074575523,8.567533493041992,2.158898115158081,3.410956859588623,5.322144079208374,0.13901323560211393,7.0,9.0
R2,gsm8k,KV8_k_ctx_l3,2.694982065923445,0.56148;0.0229;0.0227;0.02343;0.02626;0.02595;0.02576;0.02864;0.03;0.0309;0.03157;0.03118;0.03393;0.03273;0.0365;0.03606,0.015073411859985855,80.60572916666666,343960,0.00011459667439339682,4.70246268378105e-05,4.548294600681402e-05,6.174488225951791e-05,7.690171332797036e-05,0.007995696984127991,0.007952810510889523,0.06107046455144882,0.041409146040678024,0.04897177964448929,0.054536983370780945,0.015073411859985855,129.0,153.0
R2,gsm8k,KV8_v_ctx_l3,2.9594371179290473,0.49548;0.02468;0.02456;0.02729;0.02696;0.02923;0.03179;0.03205;0.03391;0.03604;0.03759;0.03577;0.04041;0.03898;0.042;0.04326,0.024072317701453964,90.4515625,343960,8.214350236812606e-05,3.4873672120738775e-05,3.3900283597176895e-05,4.453888868738432e-05,5.634814442601055e-05,0.00799775493538214,0.007996493350300523,0.503972589969635,0.12699399888515472,0.2006445348262787,0.3130673077702522,0.024072317701453964,127.0,146.0
R2,gsm8k,KV4_k_ctx_l4,3.493867193733373,0.01121;0.01077;0.01933;0.0337;0.05588;0.08749;0.12699;0.15849;0.1577;0.12842;0.08481;0.0519;0.03155;0.01925;0.0109;0.01161,0.19912440760268105,14.62890625,343960,0.035121701657772064,0.012772269546985626,0.012286677025258541,0.017080580815672874,0.021641472354531288,0.011612261658430927,0.011206046445295215,1.199633240699768,0.7142726182937622,0.8589979410171509,0.9620020985603333,0.19912440760268105,7.0,9.0
R2,gsm8k,KV4_v_ctx_l4,3.627130188001699,0.01174;0.01296;0.02421;0.0413;0.06373;0.08947;0.11314;0.1285;0.13181;0.11877;0.09623;0.0698;0.04516;0.02673;0.01422;0.01224,0.13863577946192687,15.11328125,343960,0.028822006657719612,0.010357989929616451,0.010015344247221947,0.013574992306530476,0.017610276117920876,0.012237127663360702,0.011732562095858157,8.339898109436035,2.1901683807373047,3.302551937103278,4.6937785148620605,0.13863577946192687,8.0,9.0
R2,gsm8k,KV8_k_ctx_l4,2.7693700900621536,0.54324;0.02179;0.02462;0.02565;0.02566;0.02526;0.02741;0.02917;0.03041;0.03125;0.03328;0.03306;0.0361;0.03505;0.03773;0.04031,0.013086328883137969,83.07252604166666,343960,0.00011786616232711822,4.430620538187213e-05,4.2733605368994176e-05,5.9404075727798045e-05,7.485981768695638e-05,0.008013833174481988,0.007969894557673898,0.07056666165590286,0.04201603680849075,0.05052929371595383,0.05658835917711258,0.013086328883137969,127.0,147.0
R2,gsm8k,KV8_v_ctx_l4,2.909096809235967,0.50826;0.02362;0.02421;0.02678;0.02693;0.02789;0.02969;0.03168;0.03251;0.03464;0.03596;0.03663;0.03736;0.03944;0.04095;0.04345,0.02596947130126258,90.56236979166667,343960,7.969136640895158e-05,3.4892145777121186e-05,3.3794032788136974e-05,4.514631655183621e-05,5.6293396482942626e-05,0.008017636662245625,0.008002688381303516,0.49058225750923157,0.12883342802524567,0.19426776766777076,0.2761046290397644,0.02596947130126258,129.0,149.0
R2,mtbench,KV4_k_ctx_l0,3.700001359028061,0.01106;0.01365;0.03259;0.05746;0.07424;0.07541;0.07239;0.08081;0.09804;0.11753;0.12894;0.10842;0.06801;0.03445;0.01533;0.01166,0.2775069277112683,14.167578125,1003840,0.06958752125501633,0.02366352081298828,0.022208137437701225,0.03704648092389107,0.05037283897399902,0.011783931481962403,0.011295974770716082,1.7048934698104858,0.7705680131912231,1.1089500188827515,1.4169837725162475,0.2775069277112683,9.0,11.0
R2,mtbench,KV4_v_ctx_l0,3.6214980342745227,0.01195;0.01353;0.02532;0.04316;0.0673;0.09439;0.11826;0.13132;0.13039;0.11537;0.09162;0.06546;0.04214;0.02472;0.01319;0.01188,0.14335417005543907,15.007421875,1003840,0.03580453246831894,0.010584834963083267,0.010109791532158852,0.013712364248931408,0.02115312859416008,0.011831754469312727,0.011916867616431166,4.007688045501709,1.0170694589614868,1.6831281185150146,2.4041764736175537,0.14335417005543907,7.0,9.0
R2,mtbench,KV8_k_ctx_l0,2.771154201128729,0.53972;0.01884;0.01989;0.02236;0.02338;0.02425;0.02677;0.02825;0.02995;0.03116;0.0347;0.03629;0.03752;0.03973;0.04216;0.04501,0.017372507244969408,77.96328125,1003840,0.00024945219047367573,8.199633157346398e-05,7.680177805013955e-05,0.00012812163913622499,0.0001767259236657992,0.007978137776566049,0.00795444804049718,0.10028785467147827,0.045327529311180115,0.06523235142230988,0.08335198983550053,0.017372507244969408,147.0,184.0
R2,mtbench,KV8_v_ctx_l0,2.9517197391558048,0.4975;0.0242;0.0259;0.02706;0.02789;0.02956;0.03049;0.03153;0.03265;0.03469;0.03628;0.03653;0.03882;0.04012;0.04249;0.04429,0.02151706108901029,90.589453125,1003840,0.00011195005208719522,3.585517333704047e-05,3.427494812058285e-05,4.639459075406194e-05,6.980991747695953e-05,0.008000685959511126,0.00799843057175167,0.2357463538646698,0.059827614575624466,0.09900753200054169,0.14142215251922607,0.02151706108901029,127.0,146.0
R2,mtbench,KV4_k_ctx_l1,3.2517690769702656,0.01228;0.01334;0.02032;0.0271;0.0348;0.04948;0.1103;0.24662;0.23245;0.10196;0.04738;0.03337;0.02621;0.01942;0.01286;0.01214,0.4173753386363387,14.1705078125,1003840,0.03988845273852348,0.013305066153407097,0.012650289572775364,0.01773204281926155,0.02365044876933098,0.01213089461865214,0.012162756184504056,1.0548814535140991,0.6253034472465515,0.7539119422435756,0.8820585012435913,0.4173753386363387,7.0,8.0
R2,mtbench,KV4_v_ctx_l1,3.6232490154960795,0.01172;0.01286;0.02397;0.04103;0.06372;0.0895;0.11364;0.12925;0.13138;0.11945;0.0967;0.0695;0.04489;0.02628;0.01403;0.01209,0.1429434072226286,14.9947265625,1003840,0.030853018164634705,0.010561048053205013,0.010109646245837212,0.013786234892904758,0.019891353212296955,0.012094088313945879,0.011584376485552638,5.683938026428223,1.3317434787750244,2.0585551261901855,2.73608660697937,0.1429434072226286,8.0,9.0
R2,mtbench,KV8_k_ctx_l1,3.0155882022886815,0.4813;0.02571;0.02733;0.02769;0.02966;0.03095;0.03195;0.03283;0.03461;0.03551;0.03639;0.0383;0.03914;0.04146;0.0431;0.04409,0.032232301018666476,76.43046875,1003840,0.00013996675261296332,4.9152880819747224e-05,4.630334660760127e-05,6.641824438702315e-05,9.132931154454127e-05,0.008021690843937298,0.00801263156463392,0.06205184757709503,0.036782555282115936,0.044347764179110495,0.05188579484820366,0.032232301018666476,126.0,143.0
R2,mtbench,KV8_v_ctx_l1,2.9018488046157573,0.51016;0.02353;0.02482;0.0257;0.02747;0.02875;0.03001;0.03047;0.03234;0.03336;0.03529;0.03594;0.03821;0.0399;0.04123;0.04283,0.019315849958608546,90.1830078125,1003840,0.00010317123815184459,3.582908902899362e-05,3.435994949541055e-05,4.671609349315986e-05,6.613513687625527e-05,0.008004841445169102,0.008000188148192441,0.33434927463531494,0.07833784818649292,0.12109148502349854,0.16094627976417542,0.019315849958608546,129.0,148.0
R2,mtbench,KV4_k_ctx_l2,3.5010358061643196,0.01108;0.01013;0.01877;0.03274;0.05463;0.08652;0.12471;0.15478;0.15722;0.12757;0.08832;0.05718;0.03438;0.01989;0.01081;0.01127,0.19714101869612932,14.880078125,1003840,0.03647012263536453,0.012934769503772259,0.01247191708534956,0.01726621389389038,0.022258110344409943,0.011494106258032844,0.01101852063438855,1.1558998823165894,0.6583778262138367,0.8166539669036865,0.9367733597755432,0.19714101869612932,8.0,9.0
R2,mtbench,KV4_v_ctx_l2,3.6322602704368014,0.01208;0.01379;0.02579;0.04364;0.06727;0.09301;0.11588;0.12948;0.12944;0.11547;0.09236;0.06672;0.04359;0.02563;0.01381;0.01203,0.14115791994457444,14.9841796875,1003840,0.027128517627716064,0.01023518294095993,0.009927036240696907,0.013127160258591175,0.0168311707675457,0.012011991633335129,0.012053691238785783,6.200850963592529,1.6178325414657593,2.652745008468628,3.642909526824951,0.14115791994457444,7.0,9.0
R2,mtbench,KV8_k_ctx_l2,2.7042478224551076,0.55894;0.02233;0.02268;0.0236;0.02475;0.02548;0.02619;0.02817;0.02973;0.03067;0.0322;0.03308;0.03421;0.03536;0.03483;0.03779,0.012826905605227997,86.761328125,1003840,0.00012902705930173397,4.483773955143988e-05,4.321199958212674e-05,6.003805210639257e-05,7.781041495036334e-05,0.007987826441725096,0.00795858894319584,0.06799411028623581,0.03872810676693916,0.04803847149014473,0.05510431528091431,0.012826905605227997,131.0,151.0
R2,mtbench,KV8_v_ctx_l2,2.97378167468684,0.49167;0.02473;0.02605;0.02707;0.02843;0.029;0.03053;0.03231;0.03321;0.03462;0.03648;0.03785;0.03922;0.04105;0.04258;0.04522,0.022561112672944243,90.3609375,1003840,8.895938663044944e-05,3.458966239122674e-05,3.360909613547847e-05,4.4301999878371134e-05,5.612506720353849e-05,0.007998707378283143,0.00801072192649978,0.36475592851638794,0.09516661614179611,0.15604382753372192,0.21428878605365753,0.022561112672944243,127.0,146.0
R2,mtbench,KV4_k_ctx_l3,3.4945921959616886,0.01108;0.01003;0.01774;0.0309;0.05123;0.08157;0.12156;0.15667;0.15813;0.13108;0.09332;0.05885;0.03462;0.02036;0.01141;0.01147,0.22393451305106282,14.4875,1003840,0.032604116946458817,0.012940719723701477,0.01256193220615387,0.016805512644350526,0.02121734619140625,0.011542236925257991,0.01097215223320139,1.1065587997436523,0.6808704733848572,0.7964714169502258,0.9092706441879272,0.22393451305106282,8.0,9.0
R2,mtbench,KV4_v_ctx_l3,3.627291960679043,0.01201;0.01357;0.02536;0.04301;0.06668;0.09281;0.11652;0.13012;0.13009;0.11627;0.09281;0.06654;0.04297;0.02547;0.01374;0.01203,0.139154815270255,15.0794921875,1003840,0.02769983746111393,0.010260027833282948,0.009951659478247166,0.013216610997915268,0.016828628256917,0.012001689645694568,0.011962675254714365,9.08437728881836,1.8825666904449463,3.097069501876831,4.965695095062255,0.139154815270255,7.0,9.0
R2,mtbench,KV8_k_ctx_l3,2.7039455128224965,0.55933;0.02296;0.02324;0.02413;0.02492;0.02651;0.02629;0.02863;0.02892;0.03054;0.03133;0.03178;0.03406;0.0342;0.03578;0.03738,0.01462484563429219,80.532421875,1003840,0.00011557056859601289,4.495866596698761e-05,4.3593427108135074e-05,5.8491066738497466e-05,7.394345448119566e-05,0.007987450065168862,0.007951210103540992,0.06509169191122055,0.04005120322108269,0.0468512624502182,0.05348651111125946,0.01462484563429219,129.0,153.0
R2,mtbench,KV8_v_ctx_l3,2.9610339231038107,0.49502;0.02435;0.02529;0.02721;0.02807;0.02872;0.03105;0.03197;0.03336;0.03473;0.03639;0.03762;0.0393;0.0408;0.04205;0.04407,0.02566532735945657,90.35081380208334,1003840,9.840686834650114e-05,3.465936970314942e-05,3.364992517163046e-05,4.4454285671235994e-05,5.6316388509003446e-05,0.008005456752531852,0.008010803248422842,0.5343751311302185,0.11073921620845795,0.18218055367469788,0.2920997196435928,0.02566532735945657,127.0,146.0
R2,mtbench,KV4_k_ctx_l4,3.551079366924319,0.01156;0.01194;0.022;0.03842;0.06189;0.09129;0.12333;0.14655;0.14642;0.12274;0.08761;0.05699;0.03501;0.02084;0.0117;0.01171,0.1879236437069873,14.68515625,1003840,0.03805720806121826,0.01179039292037487,0.01130838692188263,0.01581309363245964,0.02057185024023056,0.011687782503819714,0.011372170802981902,1.24849271774292,0.6743274927139282,0.823523759841919,0.9425307404994964,0.1879236437069873,7.0,9.0
R2,mtbench,KV4_v_ctx_l4,3.6295817890985127,0.01198;0.0135;0.02505;0.04267;0.0657;0.09174;0.11499;0.12914;0.13024;0.11695;0.0942;0.06782;0.04403;0.02602;0.01391;0.01207,0.13860710682347416,15.1392578125,1003840,0.028747674077749252,0.010263069532811642,0.009938914328813553,0.013270280323922634,0.017103010788559914,0.012111223966348917,0.011879314722803732,9.700715065002441,1.915160059928894,3.0521695613861084,4.453173637390137,0.13860710682347416,8.0,9.0
R2,mtbench,KV8_k_ctx_l4,2.859357400169081,0.52113;0.02324;0.02515;0.02579;0.02709;0.02787;0.0292;0.02998;0.03113;0.03249;0.03506;0.03508;0.03714;0.03802;0.04006;0.04153,0.012455768607712041,83.029296875,1003840,0.00013477455649990588,4.089606227353215e-05,3.920493691111915e-05,5.49663272977341e-05,7.17790094495285e-05,0.008004569956877578,0.007985247902494545,0.07344075292348862,0.039666324853897095,0.048442572355270386,0.05544298410415649,0.012455768607712041,127.0,146.0
R2,mtbench,KV8_v_ctx_l4,2.9552825762649615,0.49649;0.02402;0.02531;0.0273;0.0282;0.02911;0.03102;0.03187;0.03282;0.03461;0.03543;0.03769;0.03883;0.04049;0.04218;0.04462,0.02715341909788549,90.58483072916667,1003840,9.534494165563956e-05,3.461870801402256e-05,3.361566268722527e-05,4.4465206519816976e-05,5.621759919449687e-05,0.008013041693872461,0.007995264449467262,0.5706302523612976,0.11265647411346436,0.17953938245773315,0.26195138692855835,0.02715341909788549,128.0,147.0
R3,gsm8k,KV4_k_ctx_l0,3.646498212127252,0.01104;0.01215;0.02576;0.04468;0.06215;0.07556;0.09266;0.1147;0.12832;0.12561;0.1092;0.08659;0.05698;0.02982;0.01341;0.01138,0.2562328092339966,13.95,343960,0.06077084690332413,0.0189049169421196,0.017851894721388817,0.028565237298607826,0.03914903849363327,0.01138226774831613,0.01103368993434641,1.4578123092651367,0.6041420102119446,0.8997563123703003,1.1371182692050934,0.2562328092339966,8.0,11.0
R3,gsm8k,KV4_v_ctx_l0,3.631079454407519,0.01204;0.01382;0.02593;0.04386;0.06735;0.09366;0.11637;0.13018;0.12898;0.11507;0.09211;0.06623;0.04332;0.02548;0.01363;0.01197,0.13893714460233847,14.882769097222223,343960,0.02306945249438286,0.010296469554305077,0.009951943531632423,0.01328753400593996,0.01717214658856392,0.011962095557505058,0.012045337208029297,4.485504150390625,1.6553797721862793,2.275620222091675,2.938474655151367,0.13893714460233847,7.0,9.0
R3,gsm8k,KV8_k_ctx_l0,2.726985182832557,0.55097;0.01934;0.02164;0.02217;0.02319;0.02381;0.02544;0.02557;0.02871;0.03071;0.0333;0.03514;0.03754;0.03957;0.03934;0.04356,0.016723524031436277,75.064453125,343960,0.00021704363462049514,6.584173388546333e-05,6.220121576916426e-05,9.878772834781557e-05,0.00013755276449956,0.007976949794424905,0.007952348155797356,0.0857536643743515,0.03553776815533638,0.052926842123270035,0.0668893114477396,0.016723524031436277,138.0,179.0
R3,gsm8k,KV8_v_ctx_l0,2.9795961756177336,0.48951;0.02337;0.02488;0.02657;0.02813;0.02862;0.03172;0.03366;0.03192;0.03447;0.03753;0.03848;0.04084;0.04171;0.04279;0.04579,0.008342680288478732,91.369921875,343960,8.85830377228558e-05,3.5603410651674494e-05,3.4429827792337164e-05,4.5812207099516004e-05,5.854895425727591e-05,0.00799709541671392,0.007997750183050004,0.26385319232940674,0.0973752811551094,0.1338600069284439,0.17285145819187164,0.008342680288478732,127.0,147.0
R3,gsm8k,KV4_k_ctx_l1,3.340584451145872,0.01121;0.0103;0.01742;0.02622;0.03808;0.06525;0.12775;0.20906;0.20175;0.11934;0.06279;0.04001;0.02909;0.0186;0.01152;0.01161,0.33422275789909894,13.479210069444445,343960,0.05427198112010956,0.0156344436109066,0.014438146725296974,0.02188186589628462,0.03349922597408295,0.011601162189617754,0.011196318980202907,1.14162278175354,0.6083737015724182,0.7450744926929475,0.8932330012321472,0.33422275789909894,7.0,9.0
R3,gsm8k,KV4_v_ctx_l1,3.6268260833820367,0.01203;0.01376;0.02531;0.04291;0.06615;0.09275;0.11628;0.12975;0.13066;0.11668;0.09298;0.06674;0.04295;0.02544;0.01362;0.01199,0.13840789600378936,14.95234375,343960,0.023965423926711082,0.010261871851980686,0.00994822382926941,0.013185259420424719,0.016669904813170433,0.011994519270956516,0.012020680140186516,5.151342868804932,2.011676549911499,2.6170087099075334,3.1705507922172544,0.13840789600378936,7.0,9.0
R3,gsm8k,KV8_k_ctx_l1,2.7488710783573156,0.54822;0.02315;0.02281;0.02444;0.02528;0.02749;0.02679;0.02838;0.02929;0.03033;0.03205;0.03343;0.03622;0.03515;0.03763;0.03935,0.02179594756000572,76.37651909722223,343960,0.00021111840032972395,5.4438951337942854e-05,5.0230632041348144e-05,7.602196274092421e-05,0.00011524199362611398,0.00799686854136073,0.007976630932858421,0.06715428084135056,0.03578668832778931,0.04382791221141816,0.052543118596076965,0.02179594756000572,127.0,147.0
R3,gsm8k,KV8_v_ctx_l1,2.9653755733154474,0.49407;0.02589;0.02574;0.02625;0.0276;0.02958;0.03173;0.03264;0.03356;0.03428;0.03531;0.03785;0.03807;0.03975;0.04246;0.04523,0.008047495951824303,91.68346354166667,343960,8.650014933664352e-05,3.544969513313845e-05,3.442844536039047e-05,4.5297088945517316e-05,5.721314300899394e-05,0.007999933617086046,0.008016856591631141,0.303020179271698,0.11833392083644867,0.15394167751073845,0.18650298506021498,0.008047495951824303,127.0,145.0
R3,gsm8k,KV4_k_ctx_l2,3.4995587380024933,0.01124;0.01045;0.01888;0.03152;0.05166;0.08281;0.12502;0.16087;0.15953;0.12504;0.0866;0.0565;0.03567;0.02109;0.01165;0.01147,0.20988912582397462,14.446571180555555,343960,0.04014696180820465,0.012777198106050491,0.0122956782579422,0.01710614748299122,0.022523924708366394,0.011460204337102672,0.011245593873576985,1.1897547245025635,0.6749906539916992,0.822899174690247,0.9662830829620361,0.20988912582397462,8.0,9.0
R3,gsm8k,KV4_v_ctx_l2,3.631752137556413,0.01196;0.01375;0.02559;0.04277;0.06672;0.09255;0.11584;0.12897;0.12956;0.11585;0.09342;0.06734;0.04376;0.02593;0.01382;0.01217,0.13712604828178881,15.007074652777778,343960,0.02890845760703087,0.010125457309186459,0.009858167730271816,0.012932034209370613,0.016272135078907013,0.012167772790417076,0.011955958796251151,6.281734466552734,2.710317611694336,3.6387717723846436,4.489956998825072,0.13712604828178881,8.0,9.0
R3,gsm8k,KV8_k_ctx_l2,2.7471416886432714,0.54866;0.02295;0.0242;0.02488;0.02405;0.02718;0.02718;0.03057;0.02877;0.03256;0.02869;0.03429;0.03336;0.0341;0.03753;0.04102,0.013177897248210179,84.67408854166666,343960,0.00011717173038050532,4.439991607796401e-05,4.2793388274731115e-05,5.932679705438206e-05,7.858981552999467e-05,0.00798109609168023,0.007973306845977074,0.06998556852340698,0.03970533236861229,0.04840583391487601,0.05684018135070801,0.013177897248210179,130.0,150.0
R3,gsm8k,KV8_v_ctx_l2,2.960684718563682,0.49535;0.02615;0.02488;0.02785;0.02753;0.02954;0.03098;0.03106;0.03214;0.03475;0.03764;0.03803;0.0387;0.04057;0.04063;0.04419,0.008133414377354913,91.06436631944445,343960,9.616430179448798e-05,3.500133607303724e-05,3.4023898479063064e-05,4.466159225557931e-05,5.677418448613025e-05,0.008038163335166043,0.007994036557566789,0.3695138096809387,0.15943044424057007,0.21404540538787842,0.2641151079535483,0.008133414377354913,128.0,146.0
R3,gsm8k,KV4_k_ctx_l3,3.4474544142135644,0.01109;0.00986;0.01685;0.02825;0.04692;0.07838;0.12527;0.16659;0.17025;0.1334;0.08733;0.05363;0.03132;0.01863;0.01077;0.01147,0.2398036751896143,14.467447916666666,343960,0.03354603052139282,0.013698630966246128,0.01329272985458374,0.0179997980594635,0.02259550802409649,0.011473582304703692,0.011079957328426341,1.1079895496368408,0.7111899256706238,0.8367830514907837,0.9381275755166923,0.2398036751896143,8.0,9.0
R3,gsm8k,KV4_v_ctx_l3,3.6377342695175625,0.01206;0.01412;0.02595;0.04367;0.06684;0.09262;0.11512;0.12843;0.12892;0.11511;0.09276;0.06772;0.04416;0.02624;0.01413;0.01215,0.13701207356320488,15.1625,343960,0.025626659393310547,0.010073402896523476,0.009792369790375233,0.012826063670217991,0.016281042248010635,0.012145584203406341,0.01206780076544318,9.48282527923584,2.8102612495422363,4.503614902496338,6.347631740569999,0.13701207356320488,7.0,9.0
R3,gsm8k,KV8_k_ctx_l3,2.7047643058309627,0.55924;0.02231;0.02314;0.02349;0.0254;0.02776;0.02718;0.02949;0.02867;0.03008;0.032;0.03335;0.03226;0.03362;0.03534;0.03667,0.01569116344520201,79.64835069444445,343960,0.00010726289474405348,4.7792302211746573e-05,4.62738644273486e-05,6.29453279543668e-05,7.991986785782501e-05,0.008005075834484563,0.00797926803999063,0.0651758536696434,0.04183470457792282,0.04922253265976906,0.055183975845574836,0.01569116344520201,128.0,152.0
R3,gsm8k,KV8_v_ctx_l3,2.9792038554074365,0.48973;0.02349;0.02327;0.02674;0.02903;0.03056;0.03099;0.03206;0.03327;0.03743;0.03476;0.03959;0.04045;0.04169;0.04334;0.04358,0.007992288688870353,91.82300347222223,343960,9.065498306881636e-05,3.486633795546368e-05,3.394513623788953e-05,4.4341079046716914e-05,5.618178329314105e-05,0.008010357558830745,0.007996164301099876,0.5578132271766663,0.16530948877334595,0.2649185359477997,0.3733901104330976,0.007992288688870353,127.0,146.0
R3,gsm8k,KV4_k_ctx_l4,3.4707997173325045,0.01133;0.01093;0.01873;0.03156;0.05309;0.08594;0.12857;0.16251;0.16479;0.12844;0.08302;0.0505;0.03054;0.01811;0.01057;0.01136,0.2191303958909379,14.659592013888888,343960,0.03609778359532356,0.013253041543066502,0.01274075172841549,0.017557522282004356,0.023684483021497726,0.011354721353078882,0.011331902144269811,1.209832787513733,0.7330623865127563,0.87204909324646,1.0100908279418945,0.2191303958909379,7.0,9.0
R3,gsm8k,KV4_v_ctx_l4,3.6339754583936035,0.01187;0.01355;0.02528;0.04319;0.06634;0.09189;0.11422;0.12849;0.12909;0.11657;0.09415;0.06817;0.04457;0.02648;0.01399;0.01216,0.13712132544153266,15.15078125,343960,0.02396274171769619,0.010129360482096672,0.00984826497733593,0.012981647625565529,0.01648503728210926,0.012157086127748093,0.011870336721444295,9.321874618530273,2.780576229095459,3.8628323554992683,5.703056812286377,0.13712132544153266,8.0,9.0
R3,gsm8k,KV8_k_ctx_l4,2.8041589458150282,0.53455;0.02443;0.02347;0.02547;0.02646;0.02509;0.02552;0.03098;0.03068;0.03158;0.03301;0.03524;0.03582;0.03889;0.0382;0.04062,0.014236802809561293,81.54010416666667,343960,0.00012183412036392838,4.612514021573588e-05,4.431481283972971e-05,6.171908171381801e-05,8.098440594039857e-05,0.007980069916488395,0.00798274024337944,0.07116663455963135,0.04312131926417351,0.051297008991241455,0.059417106211185455,0.014236802809561293,127.0,148.0
R3,gsm8k,KV8_v_ctx_l4,2.9480362438676417,0.49841;0.0256;0.02588;0.02512;0.0277;0.02826;0.03082;0.03192;0.03323;0.03523;0.0358;0.03789;0.03737;0.04117;0.04158;0.04403,0.008032080888127287,91.75963541666667,343960,8.105565211735666e-05,3.5074615880148485e-05,3.406251562410034e-05,4.4922457163920626e-05,5.824354229844175e-05,0.008017488268928395,0.008005275579893754,0.5483455657958984,0.1635633111000061,0.2272254347801209,0.3354739248752594,0.008032080888127287,129.0,147.0
R3,mtbench,KV4_k_ctx_l0,3.6541406335188,0.01075;0.01152;0.02583;0.04698;0.06745;0.08164;0.09217;0.10493;0.1174;0.1234;0.11582;0.09117;0.05753;0.02932;0.01289;0.01121,0.2563981478102505,13.9474609375,1003840,0.06207588315010071,0.020270653069019318,0.01914813369512558,0.03065803125500679,0.04191236197948456,0.011432378640165552,0.010872069360145058,1.517374038696289,0.6896440982818604,0.9813509583473206,1.2430886030197144,0.2563981478102505,8.0,10.0
R3,mtbench,KV4_v_ctx_l0,3.6304144384641166,0.01204;0.01372;0.02567;0.04346;0.06688;0.09304;0.11594;0.12948;0.12946;0.11589;0.09297;0.06685;0.04339;0.0255;0.01369;0.01203,0.13904031040146947,14.870638020833333,1003840,0.025668296962976456,0.010263225995004177,0.009951391257345676,0.013203843496739864,0.01689166948199272,0.011982181662460789,0.012056428203747298,4.569975852966309,1.6876105070114136,2.367555856704712,3.0581717491149902,0.13904031040146947,7.0,9.0
R3,mtbench,KV8_k_ctx_l0,2.63751915027772,0.57202;0.01826;0.01969;0.02067;0.02196;0.02256;0.02453;0.02593;0.0276;0.0295;0.0308;0.03359;0.03539;0.03688;0.03918;0.04144,0.016511519241612406,75.2529296875,1003840,0.0002170436637243256,7.036266470095143e-05,6.650022987741977e-05,0.00010631493205437437,0.00014545216981787235,0.007972536814243843,0.00793999838254725,0.08925729244947433,0.0405673012137413,0.057726528495550156,0.07312285900115967,0.016511519241612406,139.0,178.0
R3,mtbench,KV8_v_ctx_l0,2.9711722541622674,0.49217;0.02464;0.02513;0.02668;0.02807;0.02879;0.03072;0.03264;0.03323;0.03472;0.03652;0.03842;0.03973;0.04122;0.04295;0.04439,0.008258150998153723,91.31178385416666,1003840,9.406655590282753e-05,3.5496068448992446e-05,3.438218482187949e-05,4.5693112042499706e-05,5.8442456065677106e-05,0.008005711583731074,0.00800538780943801,0.2688221335411072,0.09927120059728622,0.13926799595355988,0.17989245057106018,0.008258150998153723,127.0,146.0
R3,mtbench,KV4_k_ctx_l1,3.31681837450155,0.01176;0.01174;0.0187;0.02647;0.03631;0.05908;0.1237;0.21849;0.21117;0.1175;0.05813;0.03727;0.0273;0.01872;0.01184;0.0118,0.3401345166688164,13.4771484375,1003840,0.053796347230672836,0.014669555239379406,0.013755296356976032,0.019648736342787743,0.029559696093201637,0.01167287584588242,0.011393784252383436,1.14162278175354,0.609036922454834,0.7211242914199829,0.8574496507644653,0.3401345166688164,7.0,9.0
R3,mtbench,KV4_v_ctx_l1,3.6293319719973702,0.01203;0.01371;0.02558;0.0434;0.06701;0.09306;0.1162;0.12973;0.12961;0.11586;0.09271;0.06681;0.04324;0.02545;0.01362;0.01198,0.13825299441814423,14.9625,1003840,0.03674336522817612,0.010248031467199326,0.009932325221598148,0.013157911598682404,0.016890110448002815,0.012004731027021383,0.01201575591112487,6.599868297576904,2.0749998092651367,2.6849207878112793,3.360018730163574,0.13825299441814423,7.0,9.0
R3,mtbench,KV8_k_ctx_l1,2.8927368199819794,0.5132;0.02468;0.0255;0.02629;0.02806;0.02891;0.02927;0.03142;0.03263;0.03348;0.03466;0.0361;0.03723;0.03791;0.03973;0.04093,0.02230901368893683,76.43815104166667,1003840,0.0002111186768161133,5.121427238918841e-05,4.794123015017249e-05,6.888804637128487e-05,0.00010315228428225964,0.008008882170543075,0.007984229935876405,0.06715428084135056,0.0358257032930851,0.04241907596588135,0.05043821409344673,0.02230901368893683,127.0,146.0
R3,mtbench,KV8_v_ctx_l1,2.963509990618334,0.49441;0.02539;0.0257;0.02605;0.02798;0.02951;0.0308;0.03206;0.03295;0.03441;0.03616;0.03795;0.03901;0.04064;0.04258;0.04441,0.008144782218732872,91.57347005208334,1003840,0.00013092481822241098,3.54392577719409e-05,3.4370284993201494e-05,4.534644540399313e-05,5.840167432324961e-05,0.00800022113835439,0.008006947483712187,0.38822755217552185,0.12205882370471954,0.15793652832508087,0.19764816761016846,0.008144782218732872,127.0,145.0
R3,mtbench,KV4_k_ctx_l2,3.5122488428173257,0.01134;0.01099;0.01995;0.03388;0.05475;0.08501;0.12392;0.15685;0.1576;0.12522;0.08615;0.05581;0.03496;0.02065;0.01147;0.01146,0.2077522608761986,14.4869140625,1003840,0.03813335672020912,0.012505215592682362,0.012030149810016155,0.016755253076553345,0.022035177797079086,0.011420644321090852,0.011258272589960447,1.1990257501602173,0.6577652096748352,0.8153320550918579,0.9473600387573242,0.2077522608761986,8.0,9.0
R3,mtbench,KV4_v_ctx_l2,3.633483641722088,0.01206;0.01385;0.02578;0.0436;0.06709;0.09276;0.11562;0.12914;0.12905;0.11553;0.09304;0.06706;0.04367;0.02578;0.01385;0.01211,0.13711167148624856,14.999934895833333,1003840,0.026772037148475647,0.010106150060892105,0.009822298772633076,0.012901618145406246,0.016369711607694626,0.012154755844191338,0.012019228995389616,6.592069625854492,2.7807419300079346,3.639554023742676,4.472337245941162,0.13711167148624856,8.0,9.0
R3,mtbench,KV8_k_ctx_l2,2.7874289621820934,0.539;0.02279;0.02361;0.02535;0.02571;0.02692;0.02817;0.0297;0.03075;0.03167;0.0329;0.03448;0.03503;0.03602;0.03804;0.03985,0.013135635703414058,84.65680338541667,1003840,0.00013316252443473786,4.355534474598244e-05,4.187383092357777e-05,5.8527700457489114e-05,7.743262540316209e-05,0.00797304679096366,0.007973398671795924,0.07053092867136002,0.03869207203388214,0.047960709780454636,0.05572706088423729,0.013135635703414058,129.0,150.0
R3,mtbench,KV8_v_ctx_l2,2.9745114107106794,0.49155;0.02512;0.02565;0.02733;0.02828;0.02929;0.03085;0.03184;0.03336;0.03482;0.03602;0.03779;0.03939;0.04157;0.0426;0.04455,0.008101412180500726,91.32858072916666,1003840,9.051507367985323e-05,3.496709177852608e-05,3.3993899705819786e-05,4.4667285692412406e-05,5.6654131185496226e-05,0.008022105232036362,0.008008726994739845,0.38776880502700806,0.16357305645942688,0.21409142017364502,0.2630786597728729,0.008101412180500726,128.0,146.0
R3,mtbench,KV4_k_ctx_l3,3.4883972749902776,0.01141;0.01099;0.01945;0.03277;0.05388;0.08516;0.12602;0.15967;0.16073;0.12784;0.08599;0.05377;0.03181;0.01859;0.0106;0.01131,0.22985651552056272,14.424609375,1003840,0.03565805405378342,0.012964708730578423,0.012538693845272064,0.017088361084461212,0.021969391033053398,0.011393181706080214,0.011223056076172118,1.173822283744812,0.6829866170883179,0.8094466328620911,0.9246723651885986,0.22985651552056272,7.0,9.0
R3,mtbench,KV4_v_ctx_l3,3.6350869520493063,0.01211;0.01395;0.02599;0.04387;0.06735;0.09315;0.11554;0.12899;0.12876;0.11536;0.09251;0.06701;0.04356;0.02581;0.0139;0.01211,0.13701753712569673,15.1962890625,1003840,0.025306953117251396,0.010098370723426342,0.009816785342991352,0.012881718669086694,0.016330180689692497,0.012092161009786651,0.012131315182584028,10.051878929138184,2.805506706237793,4.358943939208984,6.110797882080078,0.13701753712569673,7.0,9.0
R3,mtbench,KV8_k_ctx_l3,2.8041511136785164,0.53514;0.02364;0.02461;0.02526;0.02625;0.02754;0.02865;0.02957;0.03097;0.03169;0.03331;0.03396;0.0345;0.03661;0.038;0.04029,0.015010257546479503,79.59270833333333,1003840,0.0001251091161975637,4.521713708527386e-05,4.3669093429343775e-05,5.9875641454709694e-05,7.726853073108941e-05,0.007982816186267883,0.007975102225706602,0.06904837489128113,0.04017568379640579,0.047614507377147675,0.0543924942612648,0.015010257546479503,127.0,150.0
R3,mtbench,KV8_v_ctx_l3,2.98421145693678,0.48884;0.02453;0.02549;0.02713;0.02849;0.02941;0.03077;0.03219;0.03416;0.03544;0.03619;0.03788;0.04008;0.04192;0.04258;0.04489,0.00814187047847857,92.10869140625,1003840,8.784259262029082e-05,3.495747296256013e-05,3.3992699172813445e-05,4.460467607714236e-05,5.639311246341094e-05,0.008010340485877046,0.008016166506179919,0.5912870168685913,0.16502980887889862,0.2564084529876709,0.35945871472358704,0.00814187047847857,127.0,146.0
R3,mtbench,KV4_k_ctx_l4,3.520210179001876,0.0116;0.01187;0.02123;0.03601;0.05842;0.08999;0.1271;0.15462;0.15338;0.12256;0.08447;0.05389;0.03305;0.01943;0.01099;0.01138,0.20887744538486003,14.611328125,1003840,0.04080304875969887,0.012373168021440506,0.011899260804057121,0.01646514516323805,0.021916722878813744,0.01136772577301599,0.011456251507236932,1.2234556674957275,0.7018890380859375,0.840705931186676,0.9788544178009033,0.20887744538486003,7.0,9.0
R3,mtbench,KV4_v_ctx_l4,3.634341490897066,0.01203;0.01372;0.02559;0.04342;0.06654;0.09234;0.11514;0.12879;0.12902;0.11601;0.09335;0.06761;0.04418;0.02613;0.01403;0.0121,0.13743712684760492,15.179947916666666,1003840,0.028354402631521225,0.010109555907547474,0.00982087105512619,0.012941927649080753,0.016425770185887815,0.012080635495173435,0.011992022884078324,9.500358581542969,2.754953384399414,3.834378886222839,5.757471084594727,0.13743712684760492,8.0,9.0
R3,mtbench,KV8_k_ctx_l4,2.8610345219859883,0.52093;0.02402;0.02513;0.02595;0.02705;0.02756;0.02897;0.0308;0.03185;0.03269;0.03386;0.03582;0.03716;0.03826;0.03924;0.04071,0.013547988133116936,81.50999348958334,1003840,0.0001237346004927531,4.3066447688033804e-05,4.139980592299253e-05,5.746874012402259e-05,7.652233958651777e-05,0.00798630634477983,0.007973648679520313,0.07196798175573349,0.04128759354352951,0.049453288316726685,0.05757967382669449,0.013547988133116936,126.0,147.0
R3,mtbench,KV8_v_ctx_l4,2.965096188517379,0.49396;0.0252;0.02597;0.02672;0.02795;0.0288;0.03054;0.03137;0.03348;0.03469;0.03589;0.03847;0.03902;0.041;0.04271;0.04423,0.008078192354878411,91.96458333333334,1003840,8.880061068339273e-05,3.498360820231028e-05,3.39848775183782e-05,4.4753775000572205e-05,5.681354377884418e-05,0.008015302254352718,0.008009943534852937,0.5588446259498596,0.1620560884475708,0.22555170357227325,0.33867475390434265,0.008078192354878411,128.0,146.0
R4,gsm8k,KV4_k_ctx_l0,3.6378966294729107,0.01098;0.01176;0.02485;0.04287;0.06092;0.07591;0.09361;0.1152;0.12973;0.12744;0.11006;0.08651;0.05577;0.02955;0.01334;0.01152,0.24564321123891406,14.075260416666667,343960,0.057756371796131134,0.01858135312795639,0.017442459240555763,0.027832677587866783,0.039019301533699036,0.011527436886293192,0.010974591533239517,1.5409892797470093,0.6026390194892883,0.8859156966209412,1.1402934789657593,0.24564321123891406,8.0,10.0
R4,gsm8k,KV4_v_ctx_l0,3.6309167413183294,0.01195;0.01382;0.02556;0.04361;0.06731;0.09362;0.11614;0.12972;0.12901;0.11566;0.09246;0.06648;0.04313;0.02575;0.01381;0.01199,0.1384352677812179,14.9453125,343960,0.025745604187250137,0.010264618322253227,0.009953253902494907,0.01315635908395052,0.016909407451748848,0.011988852167915967,0.011949215787980291,4.283049583435059,1.6773262023925781,2.323234057426454,2.9763631606101986,0.1384352677812179,7.0,9.0
R4,gsm8k,KV8_k_ctx_l0,2.7104483623705105,0.55525;0.01859;0.02247;0.02148;0.0226;0.02401;0.0265;0.02778;0.02899;0.02966;0.03076;0.03454;0.03604;0.03937;0.04021;0.04178,0.015626526202282144,75.92213541666666,343960,0.000210361962672323,6.448729254771024e-05,6.0402682720450684e-05,9.700393275124952e-05,0.0001356898428639397,0.007970983007301887,0.007944242433748312,0.09064643085002899,0.03544935584068298,0.05211268737912178,0.06707608699798584,0.015626526202282144,138.0,178.0
R4,gsm8k,KV8_v_ctx_l0,2.953606093830643,0.49631;0.02357;0.02577;0.02586;0.0279;0.02764;0.03029;0.03164;0.03318;0.03453;0.03545;0.03735;0.03939;0.04302;0.0437;0.04442,0.00835136462830835,91.81284722222222,343960,8.255382999777794e-05,3.554806608008221e-05,3.4464916097931564e-05,4.566657298710197e-05,5.874618615052893e-05,0.008019859915495746,0.007992424461473193,0.25194409489631653,0.0986662432551384,0.1366608291864396,0.17508019030094146,0.00835136462830835,127.0,146.0
R4,gsm8k,KV4_k_ctx_l1,3.3308714626677993,0.01114;0.01019;0.01727;0.02602;0.03815;0.0644;0.12736;0.21003;0.20362;0.12093;0.06254;0.03906;0.02796;0.01859;0.01127;0.01147,0.324833734995789,13.5921875,343960,0.04778477922081947,0.01536614540964365,0.014357012696564198,0.02107749879360199,0.031464096158742905,0.01146103435765124,0.011118005583476689,1.0532217025756836,0.6027743816375732,0.7339028775691986,0.8601861000061035,0.324833734995789,7.0,9.0
R4,gsm8k,KV4_v_ctx_l1,3.6302539056677503,0.01212;0.0137;0.0258;0.04315;0.06642;0.09277;0.11549;0.12958;0.12969;0.1161;0.09354;0.06706;0.04331;0.0256;0.01363;0.01203,0.13785345202518834,14.977604166666667,343960,0.026094073429703712,0.010202640667557716,0.009916117414832115,0.013095133937895298,0.016602179035544395,0.012025337461899552,0.012119587935093377,5.174128532409668,2.0737617015838623,2.666032552719116,3.2176053524017334,0.13785345202518834,7.0,9.0
R4,gsm8k,KV8_k_ctx_l1,2.724656533870678,0.554;0.02318;0.02185;0.02483;0.02451;0.02587;0.0274;0.02747;0.02974;0.031;0.03153;0.03244;0.03461;0.03668;0.03652;0.03835,0.02100791058296131,77.0265625,343960,0.00015501341840717942,5.340999268810265e-05,4.9923812184715644e-05,7.348836516030133e-05,0.00010690576891647652,0.007984224652561048,0.007974805398326781,0.06195421889424324,0.0354573130607605,0.043170757964253424,0.05059918388724327,0.02100791058296131,127.0,146.0
R4,gsm8k,KV8_v_ctx_l1,2.972363164332075,0.49224;0.02453;0.02701;0.02669;0.02839;0.0291;0.03034;0.03286;0.03256;0.03522;0.03739;0.03789;0.03882;0.0412;0.04333;0.04243,0.008049180142633203,91.39435763888889,343960,8.415646152570844e-05,3.5293986002216116e-05,3.423549060244113e-05,4.5206612412584946e-05,5.773059820057824e-05,0.008007652193514837,0.008017094073713654,0.3043605089187622,0.12198598682880402,0.15682543814182281,0.18927089869976044,0.008049180142633203,127.0,145.0
R4,gsm8k,KV4_k_ctx_l2,3.504487548260482,0.01131;0.01075;0.0192;0.03252;0.05263;0.08442;0.12608;0.15925;0.1576;0.12488;0.08589;0.05641;0.03534;0.02088;0.01138;0.01146,0.2050663810223341,14.57890625,343960,0.03384049981832504,0.01261692401021719,0.012197129428386688,0.016768136993050575,0.02190992794930935,0.011443247666789426,0.01130653493778987,1.1776747703552246,0.6707598567008972,0.809149980545044,0.943036675453186,0.2050663810223341,8.0,9.0
R4,gsm8k,KV4_v_ctx_l2,3.6335651249232037,0.01216;0.01389;0.02596;0.04395;0.0672;0.0931;0.11618;0.12937;0.12907;0.11501;0.0925;0.06667;0.04341;0.02571;0.01374;0.01209,0.13712092315157254,15.068489583333333,343960,0.024229083210229874,0.010122887790203094,0.009834635071456432,0.012963563203811646,0.016497183591127396,0.012095761565595038,0.012153811786427266,6.163346767425537,2.740804433822632,3.5986649990081787,4.411399841308594,0.13712092315157254,8.0,9.0
R4,gsm8k,KV8_k_ctx_l2,2.7779039677398387,0.54144;0.02252;0.02556;0.02439;0.0268;0.02722;0.02801;0.02727;0.03105;0.0309;0.03325;0.03393;0.03552;0.03447;0.03772;0.03996,0.012854166347016064,84.83385416666667,343960,0.00012243851961102337,4.388589150039479e-05,4.2364103137515485e-05,5.832398455822845e-05,7.772572280373424e-05,0.007992275778411164,0.00795929797200693,0.06927499175071716,0.03945646435022354,0.04759705811738968,0.05547274649143219,0.012854166347016064,130.0,150.0
R4,gsm8k,KV8_v_ctx_l2,2.9836959979699373,0.4895;0.02529;0.02682;0.02837;0.02752;0.03029;0.03122;0.0325;0.03519;0.03455;0.03475;0.03674;0.03889;0.04113;0.04351;0.04373,0.007955257405733896,91.84878472222222,343960,8.30992721603252e-05,3.5025404940824956e-05,3.405507595743984e-05,4.458445255295375e-05,5.687015436706133e-05,0.007994917689615653,0.008011106344767743,0.3625498116016388,0.16122378408908844,0.2116861790418625,0.2594941258430481,0.007955257405733896,128.0,146.0
R4,gsm8k,KV4_k_ctx_l3,3.4479653188960437,0.01118;0.0099;0.01746;0.02943;0.04882;0.08124;0.1285;0.16878;0.1675;0.12986;0.08527;0.05217;0.03057;0.01772;0.01039;0.01122,0.23499521820081604,14.410677083333333,343960,0.03286806493997574,0.013744463212788105,0.013361734338104725,0.017993994057178497,0.022419879212975502,0.011221654208687445,0.011165422252896759,1.1080305576324463,0.7122246623039246,0.8333960771560669,0.9298884272575378,0.23499521820081604,7.0,9.0
R4,gsm8k,KV4_v_ctx_l3,3.63619692520328,0.01216;0.01408;0.02613;0.04425;0.06761;0.09357;0.11548;0.129;0.12902;0.11471;0.0919;0.0667;0.04353;0.02595;0.01391;0.01201,0.137232554745343,15.236458333333333,343960,0.025275452062487602,0.010104983113706112,0.009811604395508766,0.012896358966827393,0.016400104388594627,0.012000112727077471,0.012166795393245087,9.341322898864746,2.855611801147461,4.350406169891357,6.133739948272705,0.137232554745343,8.0,9.0
R4,gsm8k,KV8_k_ctx_l3,2.7204404581128316,0.55565;0.02407;0.02404;0.02606;0.02608;0.02434;0.0267;0.029;0.02975;0.03037;0.02974;0.0336;0.03235;0.03603;0.03654;0.03568,0.014910970284189615,79.546875,343960,0.00011463919508969411,4.789195008925162e-05,4.63809774373658e-05,6.307781586656347e-05,7.942234515212476e-05,0.007962072625135382,0.0079616102648692,0.0651782676577568,0.04189556837081909,0.04902329668402672,0.05469932034611702,0.014910970284189615,127.0,151.0
R4,gsm8k,KV8_v_ctx_l3,2.989928721430992,0.48736;0.0234;0.02632;0.02861;0.02891;0.0292;0.02969;0.0328;0.03342;0.03453;0.038;0.03923;0.04156;0.04018;0.04338;0.04343,0.007863418589760031,92.60234375,343960,8.8394051999785e-05,3.489587106741965e-05,3.38748432113789e-05,4.464798985281959e-05,5.6448210671078414e-05,0.0080163225867889,0.008018409874704148,0.5494896173477173,0.16797715425491333,0.25590625405311584,0.36080825328826904,0.007863418589760031,128.0,146.0
R4,gsm8k,KV4_k_ctx_l4,3.473663642072621,0.01138;0.01095;0.01904;0.03214;0.05376;0.08754;0.12989;0.16411;0.16247;0.1255;0.08239;0.05056;0.0305;0.01805;0.01047;0.01125,0.21304345350298617,14.566145833333334,343960,0.0334143191576004,0.013118421658873558,0.012631937861442566,0.017263848334550858,0.0226003916375339,0.0112503216886479,0.011383119150478807,1.1862709522247314,0.7277899980545044,0.8622546195983887,1.0066291093826294,0.21304345350298617,7.0,9.0
R4,gsm8k,KV4_v_ctx_l4,3.6387657653692727,0.01203;0.01357;0.02575;0.04329;0.06679;0.09194;0.11432;0.12803;0.12837;0.11587;0.09348;0.06817;0.04493;0.02686;0.01431;0.01226,0.13606294608778424,15.2265625,343960,0.025838324800133705,0.010044862516224384,0.009767761453986168,0.012844858504831792,0.01655205711722374,0.012258159658975072,0.012031347762482861,8.988126754760742,2.8551530838012695,3.916182041168213,5.608995289802551,0.13606294608778424,8.0,9.0
R4,gsm8k,KV8_k_ctx_l4,2.793136238527479,0.53778;0.02255;0.02351;0.0256;0.02787;0.02636;0.02884;0.02921;0.03104;0.03147;0.03319;0.03549;0.03516;0.03592;0.03709;0.03892,0.013625055287654201,82.16228298611111,343960,0.000113492707896512,4.560774323181249e-05,4.388157685752958e-05,6.0299909819150344e-05,8.154146780725569e-05,0.007963010591144364,0.007994750147271487,0.06978064775466919,0.04281117394566536,0.050720859318971634,0.05921347811818123,0.013625055287654201,127.0,147.0
R4,gsm8k,KV8_v_ctx_l4,2.9845342834666573,0.48889;0.02581;0.02599;0.02566;0.02975;0.02814;0.03146;0.03308;0.03385;0.0351;0.03576;0.03725;0.03937;0.04241;0.04435;0.04312,0.007763652550056577,92.14344618055556,343960,8.361933578271419e-05,3.4761353163048625e-05,3.3796633942984045e-05,4.445864396984689e-05,5.6705928909649673e-05,0.008042496072852777,0.007997811251940826,0.5287133455276489,0.16795018315315247,0.2303636521100998,0.3299409058690071,0.007763652550056577,129.0,147.0
R4,mtbench,KV4_k_ctx_l0,3.6440600567180446,0.01068;0.01103;0.02444;0.04453;0.06566;0.08167;0.09412;0.10715;0.11959;0.12476;0.11584;0.09043;0.05681;0.02911;0.01291;0.01128,0.2454272158133487,14.0623046875,1003840,0.0605584941804409,0.019679779186844826,0.018522746860980988,0.029684938490390778,0.04119927063584328,0.011504991942395766,0.01079704268486239,1.5305148363113403,0.6776466965675354,0.9546929001808167,1.2233618354797349,0.2454272158133487,8.0,10.0
R4,mtbench,KV4_v_ctx_l0,3.6303938181215694,0.01198;0.01365;0.0255;0.04335;0.06678;0.09283;0.11578;0.1295;0.12948;0.11592;0.09318;0.06709;0.04348;0.02562;0.0138;0.01205,0.13880997126301128,14.922265625,1003840,0.025973819196224213,0.010238231159746647,0.009926043450832367,0.013131920062005519,0.016797787044197314,0.012008370072968925,0.011936311185127123,4.541795253753662,1.723825454711914,2.42668192386627,3.134990692138672,0.13880997126301128,7.0,9.0
R4,mtbench,KV8_k_ctx_l0,2.6132841811991936,0.57805;0.01817;0.01989;0.02022;0.02168;0.02333;0.02494;0.02576;0.02732;0.02878;0.03023;0.03266;0.03424;0.0363;0.03835;0.04008,0.015505549094329277,75.99241536458334,1003840,0.00021237193141132593,6.825238233432174e-05,6.433347152778879e-05,0.000102848163805902,0.0001429198164260015,0.007969906373182312,0.007940047304145992,0.09003029018640518,0.03986157104372978,0.0561584047973156,0.07196246244013302,0.015505549094329277,139.0,178.0
R4,mtbench,KV8_v_ctx_l0,2.9578063277200366,0.49561;0.02418;0.02553;0.02664;0.0281;0.02892;0.03018;0.03142;0.03263;0.03454;0.03643;0.03784;0.03933;0.04133;0.0429;0.04443,0.008335546119875895,91.38717447916666,1003840,8.816461922833696e-05,3.542854392435402e-05,3.437597115407698e-05,4.541076486930251e-05,5.8296442148275673e-05,0.008013031385295714,0.008003526844549923,0.267164409160614,0.10140149295330048,0.1427459970116614,0.1844112128019333,0.008335546119875895,127.0,146.0
R4,mtbench,KV4_k_ctx_l1,3.31635088136722,0.0117;0.01158;0.01859;0.02641;0.03658;0.05939;0.12379;0.2166;0.2113;0.11915;0.05899;0.03711;0.02681;0.01864;0.01164;0.01171,0.32952143910030524,13.587890625,1003840,0.04778479412198067,0.014557740651071072,0.013765553943812847,0.019376583397388458,0.02806304395198822,0.011559982708422466,0.011402781154417122,1.0677111148834229,0.6046197414398193,0.713210940361023,0.8337818384170532,0.32952143910030524,7.0,9.0
R4,mtbench,KV4_v_ctx_l1,3.6309727021706393,0.01208;0.0138;0.02573;0.04356;0.06707;0.09312;0.11583;0.12941;0.12945;0.1158;0.09279;0.06684;0.04336;0.0255;0.01364;0.01201,0.13778509553521873,14.980859375,1003840,0.03696376830339432,0.010219143703579903,0.009908859618008137,0.013108765706419945,0.016888950020074844,0.012027096961780141,0.012102693538569536,6.675130367279053,2.160839080810547,2.7522146701812744,3.424069404602051,0.13778509553521873,7.0,9.0
R4,mtbench,KV8_k_ctx_l1,2.8745847227177714,0.51781;0.02472;0.02513;0.02714;0.02746;0.02843;0.02946;0.03065;0.03191;0.03274;0.03438;0.03522;0.03646;0.03829;0.03944;0.04076,0.021442996772627034,76.96080729166667,1003840,0.00016533807502128184,5.0700884457910433e-05,4.7914749302435666e-05,6.767725426470861e-05,9.799995314097032e-05,0.007993690066117172,0.007989058030458789,0.06280653178691864,0.03556586802005768,0.04195358604192734,0.04904599115252495,0.021442996772627034,127.0,145.0
R4,mtbench,KV8_v_ctx_l1,2.9730847983952393,0.49185;0.02452;0.02628;0.02665;0.02794;0.02941;0.03058;0.03195;0.03327;0.03524;0.03687;0.03795;0.03938;0.04116;0.0428;0.04415,0.008089775685220957,91.55611979166666,1003840,0.00012791124754585326,3.5348839446669444e-05,3.428482887102291e-05,4.528506178758107e-05,5.8288415712013256e-05,0.00800903169826294,0.008019212982617319,0.39265474677085876,0.12710818648338318,0.16189497709274292,0.20141585171222687,0.008089775685220957,127.0,146.0
R4,mtbench,KV4_k_ctx_l2,3.5177087231519697,0.01139;0.01125;0.0203;0.03454;0.05577;0.08634;0.1249;0.15612;0.1558;0.12382;0.08551;0.0557;0.03501;0.0207;0.01137;0.01148,0.20359335942193865,14.60234375,1003840,0.034291502088308334,0.012405088171362877,0.011963109485805035,0.016582025215029716,0.021681131795048714,0.011447933294887965,0.0112987213418819,1.2103558778762817,0.6549873352050781,0.8055774509906769,0.9348652362823486,0.20359335942193865,8.0,9.0
R4,mtbench,KV4_v_ctx_l2,3.634720528654409,0.01211;0.01393;0.02596;0.04401;0.06726;0.09295;0.11568;0.129;0.12898;0.11534;0.09257;0.06689;0.04355;0.02578;0.0139;0.0121,0.13730904245749115,15.084375,1003840,0.027477052062749863,0.010103333741426468,0.009816644713282585,0.012928062118589878,0.0164092555642128,0.012107918700591351,0.0121041294420138,6.438232898712158,2.8335776329040527,3.627209424972534,4.43535053253173,0.13730904245749115,8.0,9.0
R4,mtbench,KV8_k_ctx_l2,2.8055996086668515,0.53463;0.02381;0.02461;0.02495;0.02639;0.02665;0.02841;0.02912;0.0308;0.03225;0.03241;0.03455;0.03659;0.03655;0.03813;0.04016,0.012835711353303244,85.01305338541667,1003840,0.00013142265379428864,4.314654506742954e-05,4.156531213084236e-05,5.785762914456427e-05,7.630693289684132e-05,0.007986534575078015,0.007977614732226357,0.07119740545749664,0.03852866590023041,0.047386910393834115,0.05499207228422165,0.012835711353303244,129.0,149.0
R4,mtbench,KV8_v_ctx_l2,2.9826618002387284,0.48936;0.02504;0.02641;0.02735;0.02757;0.0292;0.03069;0.03241;0.03408;0.03502;0.03622;0.03761;0.03926;0.04145;0.04353;0.0448,0.00801774409871238,91.83567708333334,1003840,8.81117521203123e-05,3.496234057820402e-05,3.395276144146919e-05,4.4674766468233425e-05,5.67450319067575e-05,0.007998652257568514,0.008009467052761465,0.3787195682525635,0.16668103635311127,0.21336525678634644,0.26090295732021285,0.00801774409871238,128.0,146.0
R4,mtbench,KV4_k_ctx_l3,3.486608844046489,0.01139;0.01097;0.01949;0.03321;0.05462;0.08682;0.12786;0.16041;0.15935;0.12657;0.08519;0.05299;0.03142;0.01812;0.01037;0.01123,0.2255179184488952,14.40703125,1003840,0.03659878671169281,0.013053519651293755,0.012634189799427986,0.01723976619541645,0.02205017291009426,0.011275219849388425,0.01119064442270125,1.1723426580429077,0.684958815574646,0.8105435371398926,0.9246795773506165,0.2255179184488952,7.0,9.0
R4,mtbench,KV4_v_ctx_l3,3.634234481681484,0.01208;0.01398;0.02594;0.04395;0.06743;0.09313;0.11566;0.12916;0.12894;0.1153;0.09255;0.0668;0.04344;0.02575;0.01385;0.01204,0.13698620119442542,15.2375,1003840,0.027419758960604668,0.010107251815497875,0.00982822198420763,0.012904752045869827,0.01630493439733982,0.012031953459760795,0.01213649782196929,8.957109451293945,2.88173770904541,4.2416510581970215,5.906581263542149,0.13698620119442542,8.0,9.0
R4,mtbench,KV8_k_ctx_l3,2.79834867099852,0.53667;0.02335;0.02474;0.02619;0.02657;0.02759;0.02795;0.02946;0.03075;0.03111;0.03253;0.0345;0.03486;0.0363;0.03802;0.03944,0.014476305809027205,79.55579427083333,1003840,0.00013035090523771942,4.5525492168962955e-05,4.4000233174301684e-05,6.033063618815504e-05,7.77496607042849e-05,0.007965397070317218,0.007966187734079236,0.06896132975816727,0.04029169678688049,0.04767903313040733,0.05439291521906853,0.014476305809027205,127.0,149.0
R4,mtbench,KV8_v_ctx_l3,2.984129964310565,0.48892;0.02487;0.02559;0.02704;0.02878;0.02905;0.03089;0.03278;0.03308;0.03482;0.03701;0.03835;0.03948;0.04136;0.04353;0.04444,0.007953723678171324,92.36243489583333,1003840,9.190275159198791e-05,3.498355363262817e-05,3.403535083634779e-05,4.466537029657047e-05,5.640912422677502e-05,0.008009724148238698,0.008015867536111424,0.5268887877464294,0.1695139855146408,0.24950887262821198,0.34744596540927736,0.007953723678171324,128.0,146.0
R4,mtbench,KV4_k_ctx_l4,3.52128865371461,0.01159;0.01181;0.02123;0.03613;0.05877;0.09055;0.12791;0.15493;0.15217;0.12162;0.08426;0.0541;0.03316;0.01948;0.01092;0.01138,0.20381868590290347,14.5982421875,1003840,0.03542473912239075,0.012326166033744812,0.01188330352306366,0.016354257240891457,0.021642392501235008,0.01134745409556975,0.011517433207094049,1.1995905637741089,0.7000508904457092,0.8339652419090271,0.9686834812164307,0.20381868590290347,7.0,9.0
R4,mtbench,KV4_v_ctx_l4,3.634739742475519,0.01205;0.01379;0.02564;0.04344;0.06673;0.09256;0.1152;0.12879;0.12896;0.11583;0.09312;0.06752;0.04409;0.02611;0.01405;0.0121,0.13685076193263132,15.237109375,1003840,0.02615237794816494,0.010098929516971111,0.009816508740186691,0.012900488451123238,0.016408191993832588,0.012127319861125823,0.012057741971996922,10.185192108154297,2.886138439178467,3.9252824783325195,5.671237468719482,0.13685076193263132,8.0,9.0
R4,mtbench,KV8_k_ctx_l4,2.857541269144635,0.5217;0.02395;0.02446;0.02609;0.02667;0.02797;0.02911;0.0308;0.03167;0.03247;0.03383;0.03597;0.03635;0.03783;0.03973;0.0414,0.013068868466264878,82.05104166666666,1003840,0.00011785154492827132,4.290873766876757e-05,4.1313709516543895e-05,5.711068843083922e-05,7.585959247080609e-05,0.00797934183307613,0.007987965965488305,0.0705641508102417,0.041179463267326355,0.049056779593229294,0.05698138102889061,0.013068868466264878,126.0,147.0
R4,mtbench,KV8_v_ctx_l4,2.9736425881128414,0.49176;0.02535;0.02614;0.0263;0.02827;0.0291;0.0312;0.03201;0.03292;0.03477;0.03655;0.03797;0.03914;0.0409;0.04294;0.04466,0.008001963021039652,92.22272135416667,1003840,8.407942368648946e-05,3.496036151773296e-05,3.398751141503453e-05,4.472407454159111e-05,5.6802240578690544e-05,0.008028400677721948,0.00800579016795382,0.5991289615631104,0.16977286338806152,0.23089897632598877,0.3336022198200226,0.008001963021039652,128.0,147.0
