config,dataset,tensor,abs_p50,abs_p75,abs_p90,abs_p95,abs_p99,abs_p99_5,abs_p99_9,abs_p99_99,absmax,absmax_over_rms,channel.absmax_top1,channel.absmax_top10_ids,channel.energy_gini,channel.rms_mean,channel.top0.1pct_energy,channel.top0.5pct_energy,channel.top1pct_energy,channel.top5pct_energy,count_rows,dim,excess_kurtosis,kurtosis,max,mean,mean_abs,median_abs,min,p99_9_over_rms,p99_over_rms,rms,row.absmax.max,row.absmax.mean,row.absmax.median,row.absmax.p90,row.absmax.p95,row.absmax.p99,row.kurt.max,row.kurt.mean,row.kurt.median,row.kurt.p90,row.kurt.p95,row.kurt.p99,row.max.max,row.max.mean,row.max.median,row.max.p90,row.max.p95,row.max.p99,row.min.max,row.min.mean,row.min.median,row.min.p90,row.min.p95,row.min.p99,row.range.max,row.range.mean,row.range.median,row.range.p90,row.range.p95,row.range.p99,row.rms.max,row.rms.mean,row.rms.median,row.rms.p90,row.rms.p95,row.rms.p99,skewness,std
R0,gsm8k,S4_k_stored_ctx_l0,0.6938580870628357,1.3761488497257233,2.128958463668825,2.65500807762146,3.950965387821198,4.89117991924286,9.425897608757472,13.244717371558755,16.42310333251953,12.09176497389071,16.42310333251953,224.0;352.0;992.0;736.0;608.0;96.0;604.0;415.0;31.0;799.0,0.4482306288807313,1.2202684070941956,0.039616114541991425,0.13586845274752193,0.16992104322353174,0.2853967609759897,42995,1024,7.488715033384855,10.488715033384855,15.288473129272461,-0.016672775337236632,0.9547814541247197,0.6938580870628357,-16.42310333251953,6.939963552891337,2.9089596480168813,1.3582056356521415,16.42310333251953,9.373110107089603,9.453544616699219,13.238582992553711,13.87280559539795,14.939460372924783,25.14364978914139,8.972600347391284,7.916232073030852,13.753714805951002,15.235673776011641,18.2994351014914,15.288473129272461,8.191102797764097,8.466483116149902,11.426660537719718,12.079974174499512,13.396499633789062,-3.7397713661193848,-8.89568430402831,-8.179220199584961,-5.433213233947754,-4.778816223144531,-4.410857200622559,30.815340995788574,17.086787101792407,17.151291370391846,24.103986930847167,25.124393463134766,27.025744438171387,1.6466531295035367,1.3480823703805942,1.3931825228090933,1.5364995372324115,1.5618219389123347,1.5971718402686796,-0.2166948190563026,1.3581032977206822
R0,gsm8k,S4_k_stored_draft_l0,0.7306482195854187,1.3071591556072235,1.9521440625190745,2.417431592941284,3.5211565494537354,4.279328680038453,6.5682192745209464,7.2042289558887065,8.461584091186523,6.898648364498645,8.461584091186523,149.0;287.0;31.0;144.0;208.0;528.0;661.0;224.0;592.0;96.0,0.5582899608661809,1.0568270948966885,0.029324741680688146,0.09513593565538588,0.13570619427984432,0.31719966204858335,3600,1024,2.222832639555506,5.222832639555506,8.461584091186523,-0.008686105657784972,0.9266470260735844,0.7306482195854187,-7.701771259307861,5.355006186493925,2.8707651675215433,1.2265568041894919,8.461584091186523,6.799504159026676,6.874148845672607,7.354494094848633,7.488901543617248,8.25001335144043,7.066835894365814,5.216678872853067,5.277710401797017,6.15529300002648,6.355909247537878,6.8973451934826855,8.461584091186523,6.161751116315524,6.131144046783447,6.862577629089355,7.358233404159543,8.25001335144043,-3.6823670864105225,-6.705190264251497,-6.867396354675293,-6.027616834640503,-5.735588383674622,-4.834174637794496,15.226632118225098,12.86694138056702,13.062996864318848,13.904584217071532,14.270275592803955,14.916167545318602,1.3762563915408905,1.2261911935110952,1.2232733830749547,1.263365450536169,1.265339897702509,1.3229461613735949,0.012447995973871202,1.226526047612541
R0,gsm8k,S4_v_stored_ctx_l0,3.125,5.4375,8.125,10.0,14.125,15.8125,19.75,24.75,37.75,7.590125335766206,37.75,36.0;101.0;46.0;64.0;474.0;103.0;115.0;72.0;33.0;80.0,0.2258011534340365,4.867483298334114,0.006324879135069199,0.02388985634395426,0.03791427280065615,0.11700448886907071,42995,1024,0.7938545764494904,3.7938545764494904,37.0,-0.04219838017126664,3.857960763512865,3.125,-37.75,3.970992725334638,2.8400137845747726,4.973567408974706,37.75,20.382697115943714,19.75,24.75,27.625,33.5,6.9808109921957255,3.6836323125688075,3.607903617616818,4.167926943919223,4.327287988402705,5.997078442139208,37.0,18.703910338411443,18.375,22.625,24.125,27.875,-11.8125,-19.22032358413769,-18.5,-15.3125,-14.8125,-13.8125,64.5,37.924233922549135,37.125,45.125,48.75,56.5,6.880006669769269,4.953159004533765,4.959079890914027,5.523003627901335,5.6929143702129315,6.07942770552367,-0.00989582620098542,4.973388389048887
R0,gsm8k,S4_v_stored_draft_l0,2.0,3.53125,5.25,6.40625,8.875,9.8125,11.875,14.875,20.125,6.342256058063942,20.125,932.0;944.0;916.0;38.0;956.0;58.0;950.0;18.0;993.0;296.0,0.22646764679673237,3.109411151149506,0.003086721227793528,0.013823027690048352,0.0260884493813586,0.10900605057896225,3600,1024,0.5643238885835942,3.564323888583594,19.75,0.03960569213222091,2.469406532210867,2.0,-20.125,3.7423250032054316,2.7968955287114277,3.173161066937973,20.125,12.00185763888889,11.875,14.375,15.0625,17.25,4.276522985214636,3.411296403440495,3.373793786311544,3.797955823805439,3.877544571918552,3.94230978874565,19.75,11.380902777777777,11.1875,13.5,14.875,16.75124999999997,-8.0,-10.975243055555556,-11.3125,-8.0,-8.0,-8.0,35.875,22.356145833333333,22.5625,26.3125,27.5625,31.3125,3.863297320720136,3.143299734282192,3.335846452213318,3.580068485253367,3.6574117382863576,3.7164209416698175,0.004388282086879194,3.1729138888223334
R0,gsm8k,S4_k_stored_ctx_l1,0.5279251933097839,1.2932549715042114,2.523252654075623,3.2353871703147887,4.585533986091618,5.1191224455833435,6.584127459526086,10.649879506969425,15.634848594665527,10.964921093522456,15.634848594665527,990.0;222.0;605.0;670.0;93.0;456.0;477.0;798.0;734.0;440.0,0.6554329431544585,1.132452534079981,0.013260446099747436,0.05499873764542865,0.09509662126510408,0.280738583634889,42995,1024,3.493105871149921,6.493105871149921,11.172211647033691,0.021517734322102158,0.9464234266436665,0.5279251933097839,-15.634848594665527,4.617533558209838,3.2158941626281683,1.4258970457983358,15.634848594665527,6.985308487751634,6.255941867828369,10.01882553100586,11.734040260314941,14.759716033935547,33.67405887572566,6.923621121406519,5.165400632276819,12.286601247563194,19.091053831684242,28.27969780937614,11.172211647033691,6.087713724109292,5.891776084899902,7.182945728302002,8.189334487915037,10.029574832916259,-3.853537082672119,-6.712072952875829,-5.9673357009887695,-5.153299808502197,-4.9198689460754395,-4.499078750610352,25.363649368286133,12.79978667698512,11.815121173858643,17.346186637878418,20.499767303466797,23.818428993225098,1.5830046302541994,1.4226286918824689,1.455670463081581,1.5240956775865797,1.537141994983078,1.5539721478634332,-0.0876954623033594,1.4257346780961964
R0,gsm8k,S4_k_stored_draft_l1,0.37154538929462433,1.5301111936569214,2.9002315998077393,3.626343274116516,4.839796509742738,5.217623779773712,6.137512683868408,8.076280849552019,9.567482948303223,6.115948510039956,9.567482948303223,256.0;320.0;844.0;87.0;792.0;986.0;847.0;783.0;211.0;147.0,0.737553202055937,1.091289075108,0.01197690312951976,0.055131526511949705,0.0995091830847877,0.3281020472091464,3600,1024,2.2425182532863364,5.242518253286336,9.4407320022583,0.0024023284265544957,0.983305529878785,0.37154538929462433,-9.567482948303223,3.923363308519238,3.093807055899397,1.5643498195900798,9.567482948303223,6.990777624448141,6.943162679672241,8.056172275543213,8.371208333969117,8.96186406135559,6.126180537109585,5.2395666268599275,5.2250533007838005,5.567412323081286,5.662482865960373,5.8837564339074175,9.4407320022583,6.337447663942973,6.058706521987915,7.761437559127807,8.048859548568725,8.711236915588378,-4.682271480560303,-6.299494522677527,-6.005898714065552,-5.314163780212402,-5.185303997993469,-4.985747919082644,15.74394416809082,12.6369421866205,12.603581666946411,13.776950645446776,14.161608815193174,14.784733915328976,1.6185402083102371,1.5642381548025162,1.566310866883672,1.5859751965838003,1.592293181170335,1.6023007489534389,-0.04350031878141035,1.5643479749945812
R0,gsm8k,S4_v_stored_ctx_l1,3.421875,6.0625,9.0625,11.0625,15.3125,17.0,21.125,28.125037499979953,60.0,10.867413094051154,60.0,870.0;867.0;350.0;836.0;693.0;874.0;858.0;343.0;278.0;333.0,0.16030580757012225,5.460114734879006,0.005791818347389289,0.016396144850849108,0.02704819588460017,0.09636460959898471,42995,1024,0.7037457824750653,3.7037457824750653,52.0,-0.014706304813578685,4.278741752613561,3.421875,-60.0,3.826235026863843,2.773454383377638,5.521093150755826,60.0,20.657788696360043,21.125,27.25,30.25,36.5,10.262490686214582,3.243617840634667,3.177306791624435,3.565202542611633,3.7964368836633637,4.4304027103823085,52.0,19.049292068845215,19.5,24.75,27.0,34.25,-8.0625,-19.167150250029074,-19.75,-10.8125,-9.5625,-8.3125,96.0,38.216442318874286,39.875,49.0,52.0,60.125,7.739257641308689,5.4103704440996365,5.79969911871451,6.422048462328539,6.564727358167599,6.870726374611952,-0.0023976383967334826,5.521073564436687
R0,gsm8k,S4_v_stored_draft_l1,2.03125,3.734375,6.0625,8.0625,12.4375,14.25,17.625,23.000012499993318,31.125,8.166269064529395,31.125,273.0;277.0;747.0;262.0;333.0;337.0;358.0;278.0;741.0;375.0,0.46814628367168265,3.4696935484283875,0.0064515856532517705,0.026321687325013374,0.04880356890503026,0.19303029863162333,3600,1024,2.564897990226748,5.564897990226748,31.125,-0.006456140578051822,2.7758474089197502,2.03125,-29.375,4.624272843769657,3.263227999681425,3.811410052014208,31.125,18.756944444444443,18.25,23.125,24.5,26.75124999999997,10.836937027626448,5.406045785518902,5.212293341247282,6.496032169275916,7.346393480441735,8.548078347290202,31.125,17.22206597222222,16.75,21.625,23.75,26.37624999999997,-7.21875,-17.299878472222222,-17.0,-14.0,-13.1875,-11.436875000000015,55.125,34.52194444444444,34.0,40.75,42.5,48.87624999999997,5.220894233468501,3.790523425010748,3.8656368513590973,4.18392797690769,4.304419973338,4.630532993871567,-0.015270991602883597,3.811404583987875
R0,gsm8k,S4_k_stored_ctx_l2,0.9467438757419586,1.8559439182281494,2.9276118993759157,3.668423974514007,5.185124001502994,5.806981673240664,7.153282156467528,8.490944862365723,11.486627578735352,6.570715899493245,11.486627578735352,759.0;696.0;303.0;751.0;943.0;314.0;1021.0;1003.0;754.0;701.0,0.4744556919505346,1.571799067134217,0.006948932800421697,0.028648192256146843,0.052937028016774176,0.19820975879234567,42995,1024,1.3024798547183618,4.302479854718362,11.486627578735352,-0.05325590764296313,1.290090286612371,0.9467438757419586,-10.059490203857422,4.091904649722903,2.9660556576755295,1.74815465383631,11.486627578735352,7.369495000083969,7.31363582611084,8.44855785369873,8.9371919631958,10.12551498413086,5.970564863113315,4.2451453370300065,4.15139836172843,4.963154129391974,5.221076376876983,5.348437170154995,11.486627578735352,6.921740540472182,6.834397792816162,8.258522033691406,8.824806213378906,10.12551498413086,-4.450382709503174,-6.843579717175408,-6.799219608306885,-5.899454593658448,-5.678919315338135,-5.233229436874394,20.28806495666504,13.76532025764759,13.71597146987915,15.507825374603271,16.06426763534546,17.02775812149048,1.8782986101069647,1.7474543776299736,1.7282612476816828,1.833602474070878,1.860185995836028,1.8779394628321633,-0.05738198866868592,1.7473432696613087
R0,gsm8k,S4_k_stored_draft_l2,1.0615842938423157,1.805609107017517,2.6215172529220583,3.1853830218315125,4.422603626251224,4.912430880069733,5.904713400840817,6.796741962432861,8.285174369812012,5.138900370594337,8.285174369812012,759.0;748.0;384.0;448.0;222.0;606.0;687.0;300.0;861.0;1000.0,0.4918785398547595,1.447333169280347,0.009690597046784143,0.04349113113239404,0.07788004163691317,0.23885849194921321,3600,1024,0.3759407694148984,3.3759407694148984,8.285174369812012,-0.09097061853996234,1.2708435234478035,1.0615842938423157,-8.012502670288086,3.662413430234506,2.743131091693602,1.6122465454324022,8.285174369812012,6.156548197666804,6.094228982925415,6.913848781585693,7.11786687374115,7.529504332542416,4.257872292392015,3.373896430878861,3.348594704992822,3.66354805426853,3.7641968948574633,3.883340972092917,8.285174369812012,5.7315168439017405,5.671575546264648,6.5481603145599365,6.801677250862122,7.3648215198516835,-4.530580520629883,-5.9311386509736375,-5.8798089027404785,-5.251515865325928,-5.094218778610229,-4.834840202331545,15.01960277557373,11.662655494875379,11.592115879058838,12.845592069625855,13.184867334365844,13.742955212593078,1.6700777777925728,1.6121367645031495,1.6136090558066858,1.635342275229483,1.6412793762904734,1.6484400898313032,-0.02359990418573008,1.609678001906335
R0,gsm8k,S4_v_stored_ctx_l2,4.5,8.3125,12.75,15.8125,22.125,24.625,30.25,37.0,57.25,7.438664857366822,57.25,450.0;960.0;331.0;397.0;330.0;402.0;349.0;421.0;467.0;800.0,0.17129006442521666,7.607979733625979,0.0022417323284920606,0.01069780351405008,0.02010624853402823,0.08674932898294185,42995,1024,0.9848088366881802,3.98480883668818,57.25,0.07995795830581712,5.83293465105716,4.5,-52.25,3.9304735709230805,2.8747678597247326,7.6962736052428715,57.25,27.528811489708104,29.0,36.75,38.75,44.5,7.998448236489611,3.3195587615318223,3.2359393031771773,3.676171072357278,3.873846156022169,4.23958341687644,57.25,25.79147793348064,27.25,34.5,36.75,42.25,-8.625,-25.72036719385975,-27.0,-12.75,-11.25,-8.75,95.75,51.511845127340386,54.875,68.0,71.25,79.75,11.756478829210453,7.4119629879630144,8.219430745804496,9.318942717841484,9.567954898273992,10.084003759288805,0.012624425805521115,7.695858245294132
R0,gsm8k,S4_v_stored_draft_l2,4.5,7.9375,11.875,14.6875,21.625,24.5,31.5,40.75,59.75,8.158700980212323,59.75,508.0;426.0;447.0;451.0;468.0;427.0;455.0;438.0;497.0;498.0,0.30066657556183674,7.045154553272488,0.006024367728707542,0.02388084244283466,0.04253638349975079,0.15958111882892284,3600,1024,1.2549914119959542,4.254991411995954,54.75,0.06385161405015323,5.614131264324404,4.5,-59.75,4.301239847308589,2.9528352920015313,7.323469771096459,59.75,32.28309027777778,32.0,40.75,43.75,49.0,6.650396399888303,4.007601878762945,3.8646769054589933,4.847997903486903,5.227599290753891,5.85191975957123,54.75,29.4215625,28.75,38.0,41.25,46.75249999999994,-13.5,-29.94703125,-29.875,-22.0,-19.75,-16.74875000000003,97.0,59.36859375,59.25,73.75,78.25624999999997,85.0,9.1145449278656,7.258661945513547,7.553357984051314,8.247462315209987,8.38935908483906,8.582925576257278,-0.04936853904305368,7.323191412188187
R0,gsm8k,S4_k_stored_ctx_l3,0.8576322197914124,1.7922204732894897,2.9933311462402346,3.8205565810203543,5.448039355278016,6.070736374855045,7.397091388702393,8.722852605341899,10.943572998046875,6.201067976306362,10.943572998046875,440.0;574.0;231.0;304.0;555.0;877.0;249.0;51.0;1016.0;123.0,0.5509159641127034,1.524703734514809,0.011595503623118534,0.04134254568059075,0.072673659112895,0.24150100815497388,42995,1024,1.8001708306651727,4.800170830665173,9.980179786682129,0.0007112646216176816,1.2594310207269774,0.8576322197914124,-10.943572998046875,4.191489062711097,3.087077902774598,1.7647884267453822,10.943572998046875,7.582809472486077,7.421926021575928,8.734346008300781,9.397195816040039,10.7720308303833,6.893100987087568,4.72623054666166,4.511513772580535,5.859423206244295,6.452393370082051,6.675267997706088,9.980179786682129,6.892053067588518,6.793360710144043,8.024663925170898,8.310150146484375,9.284652709960938,-4.70329475402832,-7.3338251540655035,-7.134382247924805,-6.10372257232666,-5.872059345245361,-5.512909412384033,18.654013633728027,14.225878221654021,13.906191349029541,16.562623023986816,17.947920322418213,18.224801063537598,1.8721601238061552,1.7642664366636376,1.7551126045095473,1.8455993554545387,1.8577485955321,1.8698757517688276,-0.02147275303384732,1.7647882834144948
R0,gsm8k,S4_k_stored_draft_l3,0.9929361343383789,1.830595850944519,2.834958648681644,3.4781818866729726,4.675527095794678,5.135590894222261,6.126447677612305,6.933586854171615,9.235956192016602,5.5111835876361335,9.235956192016602,522.0;586.0;249.0;237.0;689.0;877.0;699.0;174.0;61.0;172.0,0.5759003256243811,1.4331082249341798,0.012118532597556688,0.04362477506690321,0.07681954092528187,0.2674286448535105,3600,1024,0.663667544893769,3.663667544893769,9.235956192016602,-0.019268952935880275,1.2795433956632538,0.9929361343383789,-8.378316879272461,3.6557100520413286,2.789931833605361,1.6758571085776701,9.235956192016602,6.393889869451523,6.362116098403931,6.96639313697815,7.179875493049621,7.706353535652156,4.211130374779038,3.6625361185149896,3.6663800492859693,3.8477160804643886,3.904050447002767,4.036681526474164,9.235956192016602,6.028750258949068,6.0086658000946045,6.772541809082031,6.95974588394165,7.46004008769989,-4.738158226013184,-6.125020351145003,-6.083314895629883,-5.58073091506958,-5.415699005126954,-5.136835675239563,14.437072277069092,12.153770610094071,12.161546230316162,12.994703483581542,13.264963173866272,13.803324193954461,1.7203185922135662,1.675730726257376,1.679589700270842,1.6984911097812327,1.7017793908917216,1.7082234865049448,0.015917147311039142,1.6757463280052456
R0,gsm8k,S4_v_stored_ctx_l3,4.78125,8.9375,13.9375,17.75,26.75,30.75,39.75,51.5,93.0,10.795577981191471,93.0,602.0;639.0;755.0;582.0;572.0;1005.0;645.0;515.0;513.0;601.0,0.24360114157459534,8.417849529860788,0.0024305515633515616,0.011498616868417537,0.02211819006577911,0.10182974738852175,42995,1024,2.0591154996968832,5.059115499696883,93.0,0.004854527943798908,6.376170287063017,4.78125,-74.0,4.614238975831839,3.105179688138407,8.614638341923765,93.0,34.26224560995465,33.75,49.25,53.5,64.0,6.791841018282972,3.8461404540649298,3.7778141262401626,4.686549578193967,4.9503113169363,5.2601029312449255,93.0,31.881488399813932,31.25,46.0,50.0,59.25,-8.4375,-32.299293522502616,-32.0,-17.375,-13.0,-9.5,156.5,64.18078192231656,63.625,92.5,100.5,111.75,14.263091775301794,8.289051423661533,8.612224573956501,10.997944407130959,11.635934800986696,13.017121261519558,-0.00023005098007590935,8.614636974109905
R0,gsm8k,S4_v_stored_draft_l3,6.3125,11.375,17.5,21.625,30.75,34.5,43.5,54.250024999986636,83.5,7.889566120489912,83.5,407.0;493.0;608.0;388.0;390.0;444.0;636.0;797.0;565.0;781.0,0.30441745259097086,10.190086657190417,0.005272539282140652,0.0214242054879533,0.038482170430554255,0.13075311972290016,3600,1024,1.105642158204522,4.105642158204522,83.0,-0.10150933587199285,8.057078057621709,6.3125,-83.5,4.110133248398936,2.9054390204199376,10.58359847991425,83.5,44.270694444444445,43.75,54.5,58.0,65.0,9.565347226814392,4.019350268312203,3.7303234922080337,5.158722221117533,5.603661518851804,6.408075858875651,83.0,40.240972222222226,40.0,49.02499999999998,52.75,61.00249999999994,-23.375,-41.76954861111111,-40.75,-32.75,-30.75,-27.25,141.5,82.01052083333333,82.0,98.0,103.0,112.5,14.247231207233398,10.482118330730009,10.875386207897566,12.012949146601104,12.290158706073925,12.861345020036515,-0.0365225103720336,10.58311167090162
R0,gsm8k,S4_k_stored_ctx_l4,0.9643244445323944,1.9388670325279236,3.1660691022872927,3.991013944149017,5.6304741048812925,6.244814021587382,7.601871630668647,9.171326209447958,10.856024742126465,5.803552091952471,10.856024742126465,564.0;250.0;428.0;62.0;637.0;575.0;633.0;235.0;930.0;562.0,0.5151888336594324,1.6520425944993153,0.009488597514611586,0.039252969157220936,0.06582418870607329,0.21716660438486546,42995,1024,1.4362972030137113,4.436297203013711,10.845211029052734,0.007023740256636959,1.3629250138997606,0.9643244445323944,-10.856024742126465,4.063905439872775,3.010010620486792,1.8705828034489487,10.856024742126465,7.754185182846678,7.691653251647949,9.094796180725098,9.564674377441406,10.106152534484863,6.6704144265922265,4.383374041059955,4.151702326251585,5.512503496542412,5.71674917630654,6.399546969384574,10.845211029052734,7.391350439901005,7.192910671234131,8.881424903869629,9.403504276275635,9.893965721130371,-4.739477634429932,-7.127014049350806,-7.0410237312316895,-6.045194149017334,-5.850656986236572,-5.481191158294678,19.145597457885742,14.51836448925181,14.38994550704956,16.522200107574463,17.111238956451416,18.292434215545654,1.9626241060547998,1.8702753773464476,1.8618068185469918,1.925711843318183,1.9429114403582843,1.9524053223205358,0.017344557751417942,1.8705696168899288
R0,gsm8k,S4_k_stored_draft_l4,1.1115424036979675,1.9761027097702026,2.9536841154098545,3.633394193649291,4.97079261302948,5.467131855487825,6.451469369888371,7.4326133826243,9.149280548095703,5.114108782384073,9.149280548095703,172.0;631.0;512.0;114.0;576.0;62.0;428.0;487.0;626.0;695.0,0.5391235213523526,1.5668203892365196,0.010608407642976441,0.04561354670123818,0.07704900331713194,0.26068823026437904,3600,1024,0.5184279955903399,3.51842799559034,8.422969818115234,-0.0142507751872158,1.3860691003541206,1.1115424036979675,-9.149280548095703,3.6061323062932096,2.7784888685039837,1.7890273628146274,9.149280548095703,6.74387478073438,6.721616268157959,7.515218448638916,7.7429495573043825,8.260030612945554,4.293138306923196,3.5112880045119814,3.517374894346591,3.7650131876148536,3.8322991983133545,3.9895785294930275,8.422969818115234,6.335319957203335,6.326615333557129,7.028591632843018,7.250617146492004,7.752327103614802,-4.8289642333984375,-6.517366664939456,-6.459821462631226,-5.681018590927124,-5.511934113502503,-5.259098095893861,16.506103992462158,12.852686622142791,12.810266733169556,14.089330816268921,14.419525194168092,15.1649143743515,1.8393191325833764,1.7889175086974145,1.7921969803093576,1.8123602835598684,1.8173720736033387,1.8242242051570112,-0.04579998606240239,1.788970603533223
R0,gsm8k,S4_v_stored_ctx_l4,4.59375,8.3125,12.75,15.9375,23.25,26.75,35.25,47.0,75.5,9.652654479074853,75.5,106.0;16.0;30.0;76.0;101.0;29.0;46.0;95.0;57.0;20.0,0.21323694877177735,7.677196568771473,0.002496294271342797,0.01159599466978089,0.022650089160314486,0.10576163682049586,42995,1024,1.6373133177843924,4.637313317784392,75.5,-0.01672829916671045,5.900182051992308,4.59375,-75.0,4.5067029190382595,2.972506180642256,7.8216826432221165,75.5,32.27064920339574,31.625,44.75,49.25,58.75,10.539213601401883,3.9783654915235123,3.6019181031156107,5.425837847333677,6.0986503742113065,7.694481650581384,75.5,30.017170601232703,28.875,42.25,45.75,54.75,-9.5625,-29.985707640423303,-29.625,-17.875,-13.75,-10.0625,140.0,60.002878241656006,58.625,81.75,89.25,104.0,12.311778978791338,7.629835365621993,8.056718252718351,9.396521077187217,9.762355258319973,10.572708815037236,-0.004308163668260603,7.821664754723837
R0,gsm8k,S4_v_stored_draft_l4,4.4375,7.78125,11.75,14.5625,22.125,25.875,34.5,44.0,75.0,10.254376695543863,75.0,19.0;91.0;122.0;4.0;65.0;100.0;68.0;57.0;27.0;7.0,0.3004149326187734,7.048400965159206,0.004379866165535384,0.018025030383596357,0.03340678452374313,0.13911675114345382,3600,1024,1.7837721056844948,4.783772105684495,63.75,-0.045668273741482864,5.5541919462553535,4.4375,-75.0,4.717013279950177,3.0250411251854397,7.3139501528739395,75.0,32.473246527777775,31.75,43.0,46.25,54.25249999999994,8.806422488668511,4.090144064797157,3.9048931987736903,5.0816212475734845,5.419904875979841,6.413622879532481,63.75,28.84418402777778,28.25,40.02499999999998,43.75,50.50249999999994,-13.8125,-30.585520833333334,-29.875,-20.75,-18.875,-16.49875000000003,126.75,59.42970486111111,58.375,78.75,83.76249999999993,97.00499999999988,10.741137993200214,7.200541780692865,7.490133631828012,8.614736940424548,8.894164927864272,9.344433696781344,-0.025525237796153465,7.313807575230443
R0,mtbench,S4_k_stored_ctx_l0,0.7179920077323914,1.4011275172233582,2.157575845718386,2.6671026468276975,4.047283411026013,5.464366068840027,9.999442748070882,13.691295630264278,17.154939651489258,11.797593487649918,17.154939651489258,224.0;352.0;160.0;288.0;736.0;992.0;608.0;672.0;544.0;863.0,0.4145712694308503,1.3123439535500778,0.04366851480061507,0.1510015410275876,0.19817213764781225,0.29917314922390675,125480,1024,7.996118898950561,10.996118898950561,16.023576736450195,-0.0018053037944925868,1.037166663446117,0.7179920077323914,-17.154939651489258,6.87669925055831,2.783350182665837,1.4541049977224232,17.154939651489258,10.36554672856372,10.836812973022461,13.664644241333008,14.213119029998772,15.150623321533203,25.295651018798516,9.669833411666364,9.202467826965506,14.55415837015632,15.98479307796327,18.36244437019174,16.023576736450195,9.101490031346646,9.55380916595459,11.81851863861084,12.385536193847656,13.46511173248291,-3.7202537059783936,-9.86852024578729,-10.081668853759766,-5.701605796813965,-5.247357106208805,-4.4563411998748785,30.90059757232666,18.970010277133934,19.86109447479248,24.795883178710938,25.79832935333252,27.320515632629395,1.7131212767928787,1.44441252334196,1.4949189755822414,1.613969221625397,1.6324525434215846,1.662646537354482,-0.190083311898815,1.4541038770595236
R0,mtbench,S4_k_stored_draft_l0,0.7391429841518402,1.3278029561042786,1.9677670478820801,2.4198713302612305,3.5109453248977696,4.24135555267334,6.386009435653901,7.479731194829881,8.389463424682617,6.787787349060466,8.389463424682617,213.0;149.0;287.0;351.0;31.0;208.0;144.0;224.0;95.0;85.0,0.5279309518503819,1.0859437374129377,0.025716754468136396,0.07786828941697362,0.11548931281635613,0.2883140805473409,4800,1024,1.7595544508976388,4.759554450897639,8.389463424682617,-0.022165336611703536,0.9413947448137262,0.7391429841518402,-8.306839942932129,5.16682317617377,2.8406525010251937,1.235964386221358,8.389463424682617,6.531859921067953,6.684505224227905,7.209177350997925,7.414234852790832,7.726302652359009,7.019461686618767,4.7640189816904535,4.778581684364971,5.718933684475215,5.9047584318214135,6.311754091037235,8.389463424682617,5.778510991533597,5.898418426513672,6.624970006942749,6.689000225067138,7.467966327667239,-3.765194892883301,-6.464002676308155,-6.638335943222046,-5.4234446525573725,-5.080215644836426,-4.566271781921387,14.937348365783691,12.242513667841752,12.541459798812866,13.521348857879639,13.65010690689087,14.299883260726933,1.3968568390654021,1.235573670493894,1.2358325077066006,1.264481091498239,1.2819096778763033,1.3435639588362982,-0.05202791186583591,1.2357656176882525
R0,mtbench,S4_v_stored_ctx_l0,3.203125,5.5625,8.25,10.1875,14.25,16.0,20.25,25.750012499993318,42.5,8.416649113467168,42.5,64.0;117.0;46.0;101.0;114.0;474.0;59.0;84.0;95.0;121.0,0.2348820317550292,4.934010337062379,0.006457696363718509,0.023342661984900946,0.037295644817169966,0.12005889168462684,125480,1024,0.8119012490596202,3.8119012490596202,39.75,-0.03106588480103799,3.9135662303804573,3.203125,-42.5,4.010285754063768,2.822052938044874,5.0495154814042715,42.5,20.968775402454575,20.375,25.625,27.875,32.5,7.990247568102708,3.7101290248354215,3.635228866249592,4.214853610541861,4.451628599101204,5.442931452372731,39.75,19.053651976410585,18.75,23.125,24.625,28.0,-10.9375,-19.73332602805228,-19.0,-15.6875,-14.9375,-13.75,70.0,38.78697800446286,38.125,46.0,49.25,56.125,6.702659293058868,5.031584795791726,5.0344743583890095,5.573586952222351,5.73293599382296,6.076523562862605,-0.0006692845156874923,5.049419917945322
R0,mtbench,S4_v_stored_draft_l0,1.984375,3.46875,5.15625,6.28125,8.6875,9.5625,11.625,14.0625,19.75,6.347314922134406,19.75,950.0;992.0;116.0;917.0;104.0;918.0;976.0;993.0;1013.0;998.0,0.2055326281684029,3.0605659541801136,0.0026434509415244065,0.012203882516154174,0.0227666783309926,0.09958414850574518,4800,1024,0.5581464322605263,3.5581464322605263,18.375,0.03258828170888592,2.4224338273705994,1.984375,-19.75,3.7360777706234165,2.7920151081540583,3.1115519305852692,19.75,11.805,11.6875,14.1875,14.9375,16.625,4.559425627434358,3.397961725105022,3.3468395793826446,3.805092063736983,3.877544571918552,3.9040956942712346,18.375,11.2121875,10.8125,13.3125,14.3125,16.375,-7.84375,-10.776744791666667,-10.8125,-8.1875,-8.0,-8.0,35.875,21.988932291666668,22.25,25.8125,26.87812500000001,29.625,4.036674222148657,3.0815125940194035,3.2175273003381313,3.5313972733055934,3.620879857840271,3.74574824160738,0.0026994776922852548,3.1113812721401053
R0,mtbench,S4_k_stored_ctx_l1,0.5205943286418915,1.304133653640747,2.5555701732635496,3.2679949641227712,4.527682175636296,5.041930530071261,6.397536885738401,10.04501724243164,15.633934020996094,10.619257667359468,15.633934020996094,990.0;222.0;605.0;670.0;541.0;968.0;93.0;29.0;798.0;477.0,0.6504335604029335,1.1597867190748434,0.008405017349290146,0.03788354478028558,0.06850603649106952,0.23715345704101712,125480,1024,2.6229552630914874,5.622955263091487,11.16978931427002,0.006537322008314188,0.9715163667041951,0.5205943286418915,-15.633934020996094,4.345489275754537,3.0754014692924456,1.4722247553188479,15.633934020996094,6.468170273858801,6.076472759246826,7.7385747909545906,9.599489212036133,13.622302055358887,33.650938656309656,5.873401637969169,5.0280454736852,6.6473146751222725,11.681219614145506,24.62107927587839,11.16978931427002,5.927291710296177,5.798842906951904,6.8562941551208505,7.328115940093994,9.671096801757812,-3.3398303985595703,-6.104239505571205,-5.679433345794678,-4.993725204467773,-4.82902035713196,-4.478219032287598,25.398624420166016,12.031531215867382,11.513904571533203,13.882559776306152,16.724166870117188,21.76829719543457,1.6063084942686647,1.4692065017426408,1.5018433655536934,1.555507036856369,1.5659957129414679,1.5825831852367798,-0.04366226731514391,1.4722102409624112
R0,mtbench,S4_k_stored_draft_l1,0.376106932759285,1.527523547410965,2.8966027736663826,3.6272261023521417,4.82046214103699,5.276353065967561,6.430908691883087,8.029044275760585,10.038400650024414,6.409404252585838,10.038400650024414,256.0;320.0;780.0;87.0;922.0;23.0;640.0;792.0;986.0;783.0,0.7134349328780711,1.117057540231172,0.011544331530195007,0.049586574978551616,0.08724550416290419,0.28820388274881337,4800,1024,2.26618854683237,5.26618854683237,10.038400650024414,0.004416859234053896,0.9842618264481845,0.376106932759285,-9.843561172485352,4.106061807529713,3.0778100639085744,1.5661987065294685,10.038400650024414,6.989210322499275,6.9200119972229,8.009475708007812,8.345781707763672,8.99878625869751,6.623486367360394,5.262658602799528,5.254230803154449,5.631496030736316,5.75633679798999,5.985186399988208,10.038400650024414,6.3980606437722845,6.224071502685547,7.6383942604064945,8.01166229248047,8.751816902160645,-4.731733322143555,-6.359044801493486,-6.163328409194946,-5.365343523025513,-5.207465386390686,-4.992900986671446,16.22558832168579,12.75710544526577,12.716829061508179,13.970950746536255,14.308433961868285,14.948153591156007,1.6169978243109726,1.5660490408634344,1.56918669703992,1.5903706349517281,1.5964520051717792,1.6053605154279833,-0.039913256275993604,1.5661924784933323
R0,mtbench,S4_v_stored_ctx_l1,3.515625,6.21875,9.25,11.375,15.75,17.5,21.75,29.5,93.0,15.91714098765854,93.0,870.0;867.0;858.0;822.0;826.0;718.0;879.0;874.0;853.0;791.0,0.15574085217558675,5.775946850259859,0.007189142449770029,0.021162766298836434,0.0327036451535295,0.10204527316428688,125480,1024,0.8960139821068864,3.8960139821068864,65.5,-0.01815305273182154,4.543482126170533,3.515625,-93.0,3.7225571664685297,2.6956448446841077,5.842757821401982,93.0,23.32844676442461,22.5,30.0,35.25,52.75,27.037479060032684,3.472541765681697,3.2652443417444696,3.8649744836387216,4.428608930341899,7.822212305883592,65.5,21.110745238284984,20.625,27.0,30.375,41.25,-8.0625,-21.619600235097227,-20.875,-14.75,-11.25,-8.375,139.25,42.730345473382215,42.25,52.875,59.875,85.75,7.857252309219811,5.772422535916043,5.974023639697067,6.602543235181413,6.80012889612945,7.188126258762161,-0.0018611701349325743,5.8427296211814
R0,mtbench,S4_v_stored_draft_l1,2.03125,3.6875,6.0,7.90625,12.3125,14.0,17.5,22.5,35.5,9.453629564341904,35.5,333.0;698.0;343.0;286.0;715.0;741.0;355.0;273.0;322.0;733.0,0.46867735485982276,3.416504423470547,0.006181628718198997,0.025913654621348307,0.047779298547209734,0.19140567559396973,4800,1024,2.6861241135359126,5.686124113535913,29.375,-0.007371370670565132,2.7251661529671156,2.03125,-35.5,4.660239926084038,3.278811662280555,3.7551714670418503,35.5,18.466067708333334,18.25,22.75,24.125,26.752500000000055,10.137193291538331,5.422479793174271,5.286234847021104,6.4571197817319925,6.8867409658495164,7.86107792770388,29.375,16.7696875,16.5,21.0,22.506250000000023,25.5,-5.84375,-17.14990234375,-16.875,-13.3125,-11.9375,-9.75,55.75,33.91958984375,34.0,40.125,42.125,46.5,4.962736095699885,3.7284157595155496,3.829817450691077,4.174703536646607,4.280448312143498,4.440676185410906,-0.05094295579348962,3.7551642320649146
R0,mtbench,S4_k_stored_ctx_l2,0.9591323435306549,1.856247067451477,2.91384346485138,3.641509437561035,5.160874443054199,5.784238195419313,7.06176100015643,8.374739760874622,11.63236141204834,6.740375623289411,11.63236141204834,759.0;943.0;303.0;949.0;699.0;690.0;696.0;763.0;748.0;751.0,0.43215469179790367,1.5805702785493463,0.005415141947308997,0.024202415760212644,0.04545549336412627,0.17390694810924953,125480,1024,1.1685270000250627,4.168527000025063,11.63236141204834,-0.057238902872218,1.2862647032678478,0.9591323435306549,-11.387750625610352,4.091939720308997,2.990470383321278,1.7257734675581122,11.63236141204834,7.2403787988213395,7.168060779571533,8.319256782531738,8.77592487335203,9.728317260742188,6.10692415223406,4.1271924955993216,4.060765014988208,4.70671437581177,4.9724171185083454,5.291860367343375,11.63236141204834,6.811914353147221,6.684893846511841,7.998991012573242,8.566497755050658,9.571078758239725,-4.538362979888916,-6.705988372170245,-6.626125812530518,-5.735141754150391,-5.531002044677734,-5.177558660507203,19.17341423034668,13.517902725317466,13.408596515655518,15.23586654663086,15.78394603729248,16.94787098884582,1.878744665007357,1.7252535644362952,1.7129302341040853,1.7783424011798652,1.827489933022987,1.8712510202546213,-0.01891882301920521,1.7248239821284765
R0,mtbench,S4_k_stored_draft_l2,1.0628933906555176,1.8064508438110352,2.616269826889038,3.165822756290435,4.385449452400208,4.865020782947541,5.8681820068359745,7.028655228137876,9.525345802307129,5.911297923995246,9.525345802307129,748.0;448.0;542.0;759.0;384.0;222.0;309.0;1020.0;687.0;158.0,0.46158768038279785,1.4670621426668924,0.00952573983622286,0.04198805936733046,0.07222095636211348,0.220032496201027,4800,1024,0.38562109407411294,3.385621094074113,9.525345802307129,-0.06545090560484672,1.2706717818787203,1.0628933906555176,-9.299310684204102,3.6417126301319005,2.721549304538684,1.6113797553057976,9.525345802307129,6.251615137060483,6.190420627593994,7.02853832244873,7.276598477363587,7.751966390609741,4.893418642649169,3.3828038797199853,3.364114994143291,3.6673984727217546,3.7657448772474975,3.9711692851948652,9.525345802307129,5.954654167195161,5.886895656585693,6.9106025218963625,7.143277406692506,7.685064921379091,-4.156343460083008,-5.769098950127761,-5.717525959014893,-5.077072668075561,-4.916960573196411,-4.6028946781158435,16.727012157440186,11.723753117322921,11.66673994064331,12.826078081130982,13.196722745895386,14.038147687911989,1.6717248161211282,1.6112624696488134,1.6119119554033423,1.6359305250650615,1.6428368029560927,1.6513334170107503,0.01113103540660218,1.6100499665429262
R0,mtbench,S4_v_stored_ctx_l2,4.5,8.25,12.625,15.5625,21.75,24.25,29.625,36.0,58.0,7.272847499656129,58.0,805.0;843.0;470.0;511.0;331.0;397.0;468.0;441.0;409.0;941.0,0.13779687089844772,7.916276981595924,0.001783939983835934,0.008681944749263962,0.01701821743011805,0.07966313515542671,125480,1024,0.6487822508926455,3.6487822508926455,54.0,0.03441035421716122,6.162544316594862,4.5,-58.0,3.71479495133298,2.7273178123710484,7.9748681658377025,58.0,29.041750179311443,29.625,36.75,39.0,44.0,8.005524255278804,3.2767336191625542,3.2180094680680207,3.6096896180501257,3.8065364935523385,4.115179248788271,54.0,27.203791938954414,27.75,34.75,37.0,41.75,-8.625,-27.187801840930824,-27.625,-18.375,-13.375,-9.75,98.5,54.39159377988524,55.875,68.0,71.25,78.5,11.093857473548352,7.814885755394254,8.221981183688616,9.259529117098097,9.501094658999186,10.006533108029732,0.008246426416621516,7.974793927745987
R0,mtbench,S4_v_stored_draft_l2,4.375,7.6875,11.5625,14.3125,21.125,24.25,30.750125000005937,39.5,61.0,8.540889170864121,61.0,508.0;447.0;438.0;480.0;385.0;389.0;455.0;416.0;468.0;498.0,0.2961717849433033,6.874185458771095,0.0050273912969453554,0.022337802580437043,0.040714048619807486,0.1597466744891869,4800,1024,1.4217771321376862,4.421777132137686,52.75,0.03360739108970544,5.434291110223664,4.375,-61.0,4.30546573139785,2.9578079300738453,7.142113517652442,61.0,31.49140625,31.5,39.5,42.0,47.75,7.076610919181498,4.089514110754933,3.9734342535198,4.943078819300809,5.2550071249585075,5.920287330536204,52.75,29.2366015625,29.125,37.75,40.5,46.002500000000055,-12.0,-28.854140625,-28.875,-20.5,-18.5,-15.9375,99.0,58.0907421875,58.5,72.0,76.00625000000002,85.25,9.201402015821389,7.045987521590304,7.413623907717314,8.237180154994412,8.402588906540817,8.712137947145857,-0.025169346905069834,7.142034447011431
R0,mtbench,S4_k_stored_ctx_l3,0.8991003632545471,1.8137353956699371,2.9663235425949113,3.7606508612632745,5.325877661705018,5.933715317249299,7.286631938934502,8.772256470584564,11.842584609985352,6.8038084901296045,11.842584609985352,613.0;440.0;698.0;171.0;557.0;246.0;48.0;168.0;190.0;638.0,0.4677496906055786,1.572283892577091,0.008526611020269,0.03330271415846711,0.05926376939393235,0.1958013124720691,125480,1024,1.3449324907663343,4.344932490766334,10.870451927185059,-0.004314992422749221,1.2823740773331684,0.8991003632545471,-11.842584609985352,4.186319953227965,3.0598262833222036,1.7405817090774354,11.842584609985352,7.192534773380923,7.043733358383179,8.384445190429688,8.790946006774902,10.702583312988281,6.896674071128165,4.278262361014069,4.107818710074593,5.281826845141006,5.829861369683264,6.607311470796977,10.870451927185059,6.662695499529761,6.535220146179199,7.795195484161379,8.203042984008789,9.209866523742676,-4.491830825805664,-6.8626454405241955,-6.7172746658325195,-5.730275201797485,-5.505968928337098,-5.141111373901367,18.904648780822754,13.525340940053956,13.29391598701477,15.50473690032959,16.549156665802002,18.169086456298828,1.8722134612915498,1.7401236496530976,1.732990944121374,1.7845785078683396,1.838448074716177,1.8629795829288707,-0.014185955143008402,1.7405763605240987
R0,mtbench,S4_k_stored_draft_l3,0.9892224669456482,1.817619115114212,2.815754747390748,3.467048048973083,4.6569613218307495,5.132177073955536,6.132002353668213,6.839921060226275,8.715518951416016,5.206672169354352,8.715518951416016,586.0;522.0;235.0;1016.0;698.0;699.0;877.0;249.0;174.0;638.0,0.5639538441551732,1.4431663815202593,0.011817479938107587,0.04370416527205301,0.07713966722645026,0.26663875999458525,4800,1024,0.6662432623370256,3.6662432623370256,8.715518951416016,-0.021536008525214197,1.277709492724189,0.9892224669456482,-8.114421844482422,3.663273085083753,2.7820799935494778,1.6739135224825907,8.715518951416016,6.33114491969347,6.305211782455444,6.914339780807495,7.134081101417542,7.602980914115907,4.510168531402058,3.6656371213463386,3.661061993566536,3.8875732033973702,3.952492689376987,4.101790255225778,8.715518951416016,5.96545602619648,5.920992612838745,6.674650526046753,6.896942734718323,7.366828536987305,-4.741456985473633,-6.102196952402592,-6.080292701721191,-5.531215333938599,-5.383483719825744,-5.073647866249084,14.552149772644043,12.067652978599071,12.079330682754517,12.975369787216186,13.233530354499816,13.689256963729859,1.7304099141003306,1.6737744961793068,1.6773881084507538,1.6990196754700713,1.7029863604041113,1.709973501084036,0.000635922218872573,1.673774979227159
R0,mtbench,S4_v_stored_ctx_l3,4.65625,8.5625,13.3125,16.75,25.125,28.875,37.75,49.500024999986636,90.0,10.508427171673707,90.0,577.0;525.0;636.0;545.0;675.0;980.0;929.0;951.0;608.0;735.0,0.21641782153315692,8.410149212380372,0.0020715330030674772,0.010128711558267818,0.019910195396303017,0.09514140890091795,125480,1024,1.6932688007723993,4.693268800772399,90.0,-0.04784589811781611,6.4457231915708055,4.65625,-84.5,4.407701397007583,2.9336025854255765,8.564554764446775,90.0,34.17061135240676,33.0,47.25,51.75,60.75,7.051864837329115,3.749235308188876,3.6534333569420676,4.469960664289,4.715648650424789,5.231530448458444,90.0,31.802204783630856,30.5,44.5,48.5,57.25,-8.3125,-31.893718122409947,-30.75,-22.0,-17.5,-9.875,159.5,63.695922906040806,61.25,87.25,95.5,110.0,14.93776068440642,8.346622994523582,8.26438527548629,10.67193813781813,11.335793425757839,12.758276673412471,0.012048353045052848,8.564421117812998
R0,mtbench,S4_v_stored_draft_l3,6.0625,10.9375,16.875,21.125,30.5,34.25,43.25,54.750024999986636,75.5,7.288182400274646,75.5,797.0;407.0;444.0;599.0;781.0;619.0;388.0;554.0;529.0;427.0,0.3033605354803567,9.97670971021217,0.0049734097155622655,0.021149599335638956,0.03694511815504828,0.13093648603607244,4800,1024,1.2898396696724506,4.289839669672451,68.5,-0.07633834375854348,7.820478402612013,6.0625,-75.5,4.175018394859317,2.9442326252765127,10.359235794805969,75.5,43.653671875,43.25,54.0,57.0,62.75,8.137246507144068,4.150809585001609,3.8716209098913525,5.352064772142818,5.869044446113673,6.773167291152087,68.5,39.45450520833333,39.25,48.5,51.5,58.75,-19.25,-41.41979166666667,-40.75,-31.625,-29.75,-26.123749999999973,128.0,80.874296875,81.25,97.5,101.75,110.75,14.718465904789582,10.213636736068334,10.618138656001612,12.178975945676749,12.499355200539547,13.155897316136947,-0.04640419168679158,10.358954518177086
R0,mtbench,S4_k_stored_ctx_l4,1.0165671110153198,1.9668121337890625,3.11435720920563,3.8986458301544182,5.471256818771363,6.066186490058901,7.40780225706108,8.807520508670489,11.555399894714355,6.259996219043345,11.555399894714355,633.0;751.0;564.0;621.0;562.0;230.0;428.0;237.0;243.0;62.0,0.41836359534483214,1.7061267057782605,0.007237678098211017,0.031704952767453165,0.050921524535156186,0.17053618176598268,125480,1024,0.981108545727666,3.981108545727666,11.082250595092773,0.014839300409167333,1.389419046870892,1.0165671110153198,-11.555399894714355,4.013086050084244,2.963986301728115,1.8459116412182524,11.555399894714355,7.358009612959283,7.213813543319702,8.694621658325197,9.105867385864258,9.793498039245605,6.670067252564894,3.9284955631843643,3.7482136788271117,5.066193680027304,5.4578148874107875,6.184099634311905,11.082250595092773,6.972973546067506,6.7954511642456055,8.448873519897461,8.888860702514648,9.744362831115723,-4.578343391418457,-6.820769280645549,-6.702972412109375,-5.801146507263184,-5.577869415283203,-5.204800128936768,19.598831176757812,13.793742826713055,13.587477207183838,15.803892087936402,16.49744939804077,18.168286323547363,1.9626494879385719,1.8455755530219753,1.8405816998942979,1.8941873492268704,1.9223195426344086,1.9471843106702158,0.026170226323431016,1.8458519936193227
R0,mtbench,S4_k_stored_draft_l4,1.1206780672073364,1.978618562221527,2.9419562816619873,3.5947175383567807,4.912057876586914,5.411874833106999,6.43507851171502,7.504109961652701,8.74919605255127,4.899041392442363,8.74919605255127,631.0;172.0;62.0;576.0;114.0;512.0;487.0;374.0;428.0;117.0,0.519309909897315,1.5808102446924917,0.01087548558377501,0.046749000897671866,0.0781211157649713,0.25591912949253215,4800,1024,0.500881417811001,3.500881417811001,8.577125549316406,-0.006536611256275432,1.3871594589789618,1.1206780672073364,-8.74919605255127,3.603270037972845,2.7504669817582434,1.7858995978373344,8.74919605255127,6.716717545092106,6.673718690872192,7.480138874053956,7.744745659828186,8.192173395156862,4.370167869116352,3.4928388359397338,3.501045924952004,3.772820516974502,3.837552365668372,3.982823436192528,8.577125549316406,6.318685250878334,6.280548095703125,7.016539430618287,7.257282447814942,7.756643676757813,-4.802072525024414,-6.494392664631207,-6.418335676193237,-5.70306658744812,-5.519163131713867,-5.209525475502013,16.98212242126465,12.813077915509542,12.75668716430664,14.03505973815918,14.417402577400207,15.075513901710512,1.8494159244088044,1.7857857273296123,1.787945872290895,1.8105875429150793,1.816796501149519,1.8265542026055481,-0.03969011741746836,1.7858876353983855
R0,mtbench,S4_v_stored_ctx_l4,4.5,8.1875,12.5,15.5625,22.625,25.625,33.0,43.50004999997327,88.0,11.13213402664028,88.0,88.0;40.0;44.0;22.0;101.0;117.0;110.0;508.0;57.0;16.0,0.2011673866032,7.776409320783909,0.0021465182033420685,0.010447279169314056,0.02048750144900063,0.09834484409940907,125480,1024,1.5395809503360622,4.539580950336062,81.0,0.001929732643925254,6.0109896237425575,4.5,-88.0,4.174550259990105,2.8620969585538223,7.905043165075756,88.0,32.83393518887472,31.5,45.5,50.0,58.5,10.56793661859708,3.948488654262399,3.610687672355201,5.360483961622008,6.0024955596954115,7.606732607065235,81.0,30.500370078897035,29.25,42.25,46.25,55.0,-9.5625,-30.575657475294868,-29.375,-21.25,-18.0,-10.375,133.25,61.0760275541919,58.625,83.25,91.0,104.0,12.593355159110391,7.779976753129971,7.932514460331841,9.295475826619704,9.69582587582657,10.72409657505906,-0.00319065800617398,7.9050429295382605
R0,mtbench,S4_v_stored_draft_l4,4.28125,7.53125,11.3125,14.125,21.125,24.75,32.5,42.0,82.5,11.671612827805694,82.5,57.0;117.0;10.0;41.0;44.0;51.0;29.0;126.0;99.0;83.0,0.28775983853280096,6.834044666796265,0.003360620668636729,0.016072515952452692,0.029580234400292803,0.12836476220783968,4800,1024,2.0538888020297543,5.053888802029754,82.5,-0.049872164714615794,5.329169779765264,4.28125,-70.0,4.59790808368103,2.9886402543926702,7.0684318626006295,82.5,31.0481640625,30.375,43.25,47.5,57.252500000000055,11.275988885194273,4.085061195428152,3.8722977712673723,5.184668353972761,5.616380257885391,6.961010755688944,82.5,27.727369791666668,26.625,40.0,43.75,53.5,-10.6875,-29.108567708333332,-28.5,-18.625,-17.0,-14.75,136.0,56.8359375,55.125,78.75,86.0,101.25250000000005,10.656654196699145,6.910462755338273,7.195165292157553,8.574624457039539,8.854772837514941,9.391867319341198,-0.0322948021332601,7.068255920905417
R0q,gsm8k,S4_k_stored_ctx_l0,0.8527964651584625,1.5168659090995789,2.245357608795166,2.7381866097450245,3.9442451000213623,4.717087514400484,7.378945775032335,10.142151715467893,15.21633529663086,10.818364109139257,15.21633529663086,224.0;352.0;736.0;992.0;96.0;608.0;159.0;415.0;799.0;31.0,0.3410602427587833,1.3187328089965118,0.024693450034032345,0.08745801453145882,0.12175881174009764,0.2181393192928208,42995,1024,2.339359146552657,5.339359146552657,13.270759582519531,0.004553826011830218,1.0688210886838179,0.8527964651584625,-15.21633529663086,5.24621208587391,2.8042415467256014,1.4065283016104289,15.21633529663086,7.491427169404538,7.497692584991455,9.941679954528809,10.542924880981445,11.650773048400879,16.636651152035803,5.005408850481078,4.627463759894039,6.999779378196598,7.779150621308445,9.690803860776253,13.270759582519531,6.702677939800152,6.681671142578125,8.940977096557617,9.467615127563477,10.453128814697266,-3.5102877616882324,-7.1156733754041905,-6.941654205322266,-4.633304119110107,-4.315890789031982,-3.8848798274993896,27.496719360351562,13.818351315204342,13.816040515899658,18.263572692871094,19.265073776245117,21.29092502593994,1.6451015086435183,1.4034173845186602,1.42796495602186,1.5067581552768317,1.523608260412425,1.550706332063788,-0.06995135311501974,1.4065209297766497
R0q,gsm8k,S4_k_stored_draft_l0,0.7513304948806763,1.3335565626621246,1.9748901486396797,2.41884571313858,3.5272393679618848,4.243585929870607,6.200638294219971,7.008152529573417,8.284080505371094,6.7055501194110585,8.284080505371094,149.0;287.0;31.0;224.0;144.0;208.0;96.0;746.0;528.0;992.0,0.5323017202132823,1.0809148771531807,0.02618809474609901,0.08767589564519124,0.12750109734436993,0.3007218111471959,3600,1024,1.8665896048734254,4.866589604873425,8.284080505371094,-0.007170314503453331,0.941424204012449,0.7513304948806763,-7.5935797691345215,5.0191075312792295,2.855124397897034,1.2354065450037492,8.284080505371094,6.5659322228696615,6.617934703826904,7.06482424736023,7.403878211975098,7.730273413658142,6.4256864664834845,4.856673139426053,4.9622183322436415,5.591440256090449,5.945193875720115,6.246055859250671,8.284080505371094,5.923462998006079,5.871359348297119,6.668001937866211,7.26507074832916,7.730273413658142,-3.628389358520508,-6.458595040970378,-6.56984281539917,-5.835857152938843,-5.625120639801025,-4.790579466819763,14.58388614654541,12.382058038976457,12.478448390960693,13.344265937805176,13.88464603424072,14.442098140716553,1.3854236471066705,1.2348469810997773,1.2250821079357022,1.2893638483693957,1.290122454539226,1.324591397852154,-0.013213713150404158,1.2353857365325303
R0q,gsm8k,S4_v_stored_ctx_l0,3.328125,5.75,8.5,10.3125,14.375,16.0,19.875,24.875,36.0,6.941401645309412,36.0,101.0;63.0;919.0;967.0;100.0;34.0;85.0;29.0;121.0;55.0,0.23348989157987166,5.074240801089005,0.005471412823839865,0.01738819302933514,0.028843800693729136,0.10615583594173121,42995,1024,0.5577606371142236,3.5577606371142236,33.25,0.04463295436167817,4.052135686581565,3.328125,-36.0,3.8322321583479044,2.771740240314522,5.186272433079372,36.0,20.47152430515176,20.125,24.5,25.875,29.125,5.7161199771251034,3.470738428254353,3.439575331538367,3.831458026888142,3.975387342763675,4.293439876398128,33.25,18.79975433189906,18.5,22.75,24.125,27.25,-11.125,-19.243775439004537,-18.875,-15.6875,-15.0,-13.3125,61.625,38.043529770903596,37.625,44.125,46.375,50.75749999999971,6.413425896269632,5.173347816947056,5.2148396228845835,5.599700783891404,5.70154404381213,5.931354939122324,-0.019220833628733534,5.186080374377549
R0q,gsm8k,S4_v_stored_draft_l0,2.046875,3.578125,5.3125,6.5,9.0,10.0,12.0625,14.875,20.5,6.3663214653232085,20.5,944.0;932.0;916.0;38.0;956.0;58.0;896.0;18.0;88.0;950.0,0.22307545255207217,3.157287264924957,0.003036015317489066,0.01379760695269657,0.025864393603973784,0.10710177341039642,3600,1024,0.5587490570108828,3.558749057010883,20.5,0.03176417821397384,2.5085586048704056,2.046875,-19.75,3.7460367158761563,2.794970399410189,3.220069880489336,20.5,12.100034722222222,12.25,14.625,15.3125,17.0,4.358990857648068,3.340454037521414,3.2932240513224555,3.722657306768693,3.861430168039926,4.021107158299768,20.5,11.4175,11.0625,13.8125,14.875,17.0,-7.5625,-11.18329861111111,-11.5,-7.875,-7.875,-7.5625,36.0625,22.60079861111111,22.875,26.8125,27.375,30.8125,3.9452173378478768,3.187244084723108,3.387033345102207,3.6154196214481398,3.6921373199933134,3.7532426074028318,-0.0032991939037246613,3.219913208801908
R0q,gsm8k,S4_k_stored_ctx_l1,0.5923522710800171,1.3848909139633179,2.5177559375762963,3.151236939430236,4.243948655128482,4.644471261501317,5.555072083950055,7.029561996459961,9.61650562286377,6.839171655864496,9.61650562286377,93.0;477.0;990.0;989.0;861.0;734.0;286.0;783.0;847.0;23.0,0.6294288645459629,1.1436916309634624,0.012488450888874554,0.04494988661309597,0.07445787431058624,0.2504104013099931,42995,1024,1.7654633726528912,4.765463372652891,9.61650562286377,0.037689316489585366,0.9770272661876319,0.5923522710800171,-8.4966459274292,3.950716926999663,3.0182578255962547,1.4060921565870843,9.61650562286377,5.979401521608433,5.8075079917907715,7.150345802307129,7.825071334838867,8.58609676361084,9.110151313630736,4.738163741899088,4.647814643799018,5.222019140921316,5.5116528962399896,7.391997102862886,9.61650562286377,5.795421038490213,5.634823799133301,7.037344932556152,7.4853410720825195,8.58609676361084,-3.677741527557373,-5.267784150925774,-5.169704914093018,-4.585672855377197,-4.411209583282471,-4.1582794189453125,16.363102912902832,11.063205189415987,10.90799617767334,12.552367210388184,13.48380708694458,14.384185314178467,1.5662431841870428,1.4042543491007247,1.419034393430504,1.4820509615711368,1.4948375640942608,1.516550785733841,0.07324045829311951,1.4055869479467522
R0q,gsm8k,S4_k_stored_draft_l1,0.3977758288383484,1.5164668560028076,2.8668936967849756,3.574732506275177,4.767292022705078,5.160472841262818,6.114977836608887,8.059807322310625,10.153022766113281,6.569511055903875,10.153022766113281,256.0;320.0;147.0;861.0;211.0;93.0;87.0;847.0;836.0;981.0,0.7272219221962863,1.1002805619053853,0.012043571011828074,0.053509647452258106,0.09694249830983057,0.32180995838224163,3600,1024,2.197840961990627,5.197840961990627,9.863448143005371,0.0019483936383923926,0.9840046471949768,0.3977758288383484,-10.153022766113281,3.956695008927652,3.0846752116436575,1.5454761670564483,10.153022766113281,6.930207141902712,6.891648769378662,7.950423145294189,8.238898944854736,8.790416421890255,6.6299433232591225,5.197094041819201,5.153775559203934,5.608774252918991,5.863238030979591,6.265868921051722,9.863448143005371,6.27638875802358,6.082054853439331,7.5893707275390625,7.958986568450928,8.567668724060058,-4.631042003631592,-6.305655248297585,-6.056921720504761,-5.333868932723999,-5.188291263580322,-4.958282494544983,15.84860897064209,12.582044006321166,12.555204629898071,13.755131435394286,14.122414422035217,14.731829023361206,1.6161976491467511,1.5446934657721716,1.5594824922378976,1.5840223284551196,1.5892988973698872,1.596879940345313,-0.06607976627515388,1.5454749388785705
R0q,gsm8k,S4_v_stored_ctx_l1,4.1875,7.1875,10.4375,12.5625,16.875,18.5,22.0,27.375,61.25,9.636202966047101,61.25,870.0;718.0;604.0;238.0;271.0;331.0;548.0;909.0;867.0;241.0,0.144367871754149,6.302148993806652,0.003819615064963285,0.012242983739873295,0.021550587346882616,0.08501854678390076,42995,1024,0.21942434343165917,3.219424343431659,39.75,-0.03518438780144618,5.027389050848914,4.1875,-61.25,3.461166779641408,2.654872245747671,6.356238055156446,61.25,23.21222525875102,22.75,27.25,29.0,35.0,8.522123572932024,3.157539631079555,3.125027007911752,3.4287617137352213,3.5557693222092217,3.8637385592143465,39.75,21.5081157692755,21.25,25.25,26.625,29.5,-14.0625,-21.88392254913362,-21.5,-18.0,-17.125,-15.25,100.75,43.39203831840912,43.0,49.5,52.125,57.75,7.64937153586407,6.340148178927899,6.400323780870188,6.862185947370243,6.970405943957504,7.179966477946441,0.004368968000134211,6.356140674393074
R0q,gsm8k,S4_v_stored_draft_l1,1.8984375,3.546875,5.59375,7.15625,10.75,12.25,15.5,19.625024999986636,29.25,8.544989170536319,29.25,676.0;741.0;765.0;758.0;698.0;259.0;673.0;668.0;333.0;702.0,0.38755332497178796,3.217028434693983,0.0054409811122986835,0.024398712667262904,0.044704122435897165,0.17019367706679606,3600,1024,1.947172870688834,4.947172870688834,29.25,0.003683847747096378,2.5126442969017404,1.8984375,-26.125,4.528113919429503,3.140466105410784,3.423058755984842,29.25,14.69404296875,15.5,19.375,20.75,23.12624999999997,7.878771178686067,4.23920295052331,4.201840238043145,4.9921369217259315,5.242455687336465,5.819176819677801,29.25,13.56822265625,14.25,18.125,19.625,22.625,-1.9296875,-13.577428385416667,-14.25,-6.650000000000006,-2.9054687500000043,-2.34375,45.5,27.145651041666667,28.9375,34.875,36.625,40.125,4.3266381666122635,3.306364265589545,3.5801395765938855,3.973083263775733,4.061270438226747,4.188726845884653,0.03758860656320293,3.42305677373167
R0q,gsm8k,S4_k_stored_ctx_l2,1.0268139839172363,1.8802921772003174,2.8554296255111695,3.529367566108703,4.922338008880615,5.464510102272035,6.613869063377556,8.019538879394531,11.607758522033691,6.7352956615708734,11.607758522033691,759.0;1020.0;748.0;763.0;1003.0;938.0;318.0;308.0;764.0;696.0,0.43281116165254097,1.5842258848228967,0.004988630843577558,0.023589334334334036,0.04529672405251871,0.1860642924920133,42995,1024,0.8398540393892824,3.8398540393892824,11.607758522033691,-0.03134738714198108,1.3135592233628923,1.0268139839172363,-11.102858543395996,3.837637001511305,2.856141586083797,1.7234222676018967,11.607758522033691,7.005314501802205,6.906862258911133,8.07972755432129,8.49216365814209,9.287239627838128,5.43261475682483,3.8297106655028084,3.797327974927707,4.216970407754853,4.367481530811947,4.60804334584204,11.607758522033691,6.626368000535359,6.5007100105285645,7.744354724884033,8.266278648376462,9.248332977294922,-4.588353157043457,-6.472660073736044,-6.3846516609191895,-5.5792135238647464,-5.373338222503663,-5.048186779022217,18.485857009887695,13.099028074271402,13.02238655090332,14.573484420776367,15.133879661560059,16.285399436950684,1.8098227928212833,1.7232217282649476,1.7206814889203204,1.7577784143418773,1.769548655593743,1.8012177782496006,0.012464193674821617,1.723137154664548
R0q,gsm8k,S4_k_stored_draft_l2,1.0549081563949585,1.7949202358722687,2.5939996004104624,3.153366518020629,4.367909312248231,4.832511796951301,5.827757314205371,6.7563731496807184,8.702298164367676,5.45556363580061,8.702298164367676,384.0;748.0;687.0;759.0;448.0;222.0;861.0;676.0;606.0;696.0,0.47050184772380677,1.447192849481611,0.00849576927255849,0.03933736037216256,0.07218608100681764,0.22936129412777229,3600,1024,0.3522774054732425,3.3522774054732425,8.689697265625,-0.08770407940824124,1.25930029400236,1.0549081563949585,-8.702298164367676,3.6534832846605916,2.7382889850807346,1.5951235738982639,8.702298164367676,6.087491300768322,6.02867317199707,6.8651323318481445,7.149090671539306,7.7630769348144515,4.204052635731008,3.34629411493882,3.3351845361510346,3.6023131708769043,3.697431222567603,3.883206023408393,8.689697265625,5.713596913152271,5.6275975704193115,6.653866624832153,6.968238472938538,7.648817586898795,-4.209889888763428,-5.7533506785498725,-5.695892333984375,-5.072919845581055,-4.915728616714477,-4.65390600681305,15.284152030944824,11.466947591702143,11.410647630691528,12.648094415664673,13.080156350135804,13.923743200302122,1.6880865578332167,1.5948857980745592,1.5961593989544416,1.6293390170646653,1.638185484959329,1.6531807820919904,-0.009994754346192946,1.5927106486933282
R0q,gsm8k,S4_v_stored_ctx_l2,5.34375,9.1875,13.25,15.9375,21.375,23.375,28.25,33.750024999986636,50.25,6.235198059718335,50.25,478.0;459.0;397.0;480.0;394.0;498.0;426.0;425.0;416.0;486.0,0.11430478579615899,8.016836237937413,0.0018842618013056138,0.009060230385837696,0.017472068748044918,0.0779740379913722,42995,1024,0.18171536895377827,3.1817153689537783,50.25,0.12269022411556664,6.381834836145238,5.34375,-50.25,3.5053601032247355,2.6522857418204855,8.059086418542728,50.25,28.4732759623212,28.375,33.75,35.5,39.5,4.341838893021655,3.0736385960796326,3.053751921795677,3.3142375882937376,3.3794670526546966,3.5635024295466273,50.25,26.946929875566926,26.75,32.25,34.0,38.5,-16.0,-26.632660774508665,-26.5,-21.875,-20.25,-18.75,85.5,53.57959065007559,53.75,62.125,64.875,70.375,10.031664340755643,8.021893303626566,8.162934426163899,8.855620210561383,9.0199292524991,9.35677768375779,0.006891081141793646,8.058152456391374
R0q,gsm8k,S4_v_stored_draft_l2,4.09375,7.15625,10.5625,12.9375,18.25,20.625,25.75,33.250024999986636,51.25,7.922619925005839,51.25,508.0;487.0;435.0;429.0;447.0;397.0;464.0;422.0;475.0;384.0,0.26118145594073616,6.287769496765964,0.0054873667975367905,0.02134407695073243,0.03755261342380962,0.13409041491358545,3600,1024,0.7896507390301313,3.7896507390301313,45.0,-0.039969477304257456,5.019866656733988,4.09375,-51.25,3.980633425734641,2.8212256318313473,6.468819719376129,51.25,26.38798611111111,25.75,33.0,35.25,40.50249999999994,5.731398206295595,3.5867967753492285,3.5292015333205895,4.062709842774914,4.27386121182571,4.725550567097561,45.0,23.765451388888888,23.375,29.75,31.625,35.5,-12.75,-24.941875,-24.375,-19.0,-17.875,-15.56125000000003,80.0,48.70732638888889,48.375,59.125,62.756249999999966,69.75,8.384201169626005,6.426983566456028,6.471162903928404,7.325166345133876,7.497616917644428,7.776800601829082,-0.03877648331239203,6.468696236698202
R0q,gsm8k,S4_k_stored_ctx_l3,1.000007450580597,1.858430176973343,2.9107549905776984,3.6331267118453976,5.088302512168889,5.6219247078895584,6.688706398010254,8.05616521310781,11.07586669921875,6.3507255177767945,11.07586669921875,235.0;698.0;372.0;752.0;557.0;190.0;877.0;1019.0;807.0;174.0,0.4603193917505157,1.5854781129715017,0.005929675433637885,0.028625101045351587,0.053425305878726896,0.19905746230741045,42995,1024,1.0379891643296002,4.0379891643296,9.956282615661621,0.017697594707063377,1.3105994908043084,1.000007450580597,-11.07586669921875,3.835197692091841,2.917551599684571,1.7440317123162474,11.07586669921875,7.012345147601448,6.914003372192383,8.043498992919922,8.325481414794922,9.067625999450684,6.659149495198879,4.013395800952958,3.965342234009475,4.521120521122409,4.744117183805268,5.368034636107205,9.956282615661621,6.66001200720881,6.58221435546875,7.779689693450924,8.060880661010742,8.692500114440918,-4.517576217651367,-6.5379773704794095,-6.441863059997559,-5.5995354652404785,-5.398622512817383,-5.094094076156621,17.75316333770752,13.19798937768822,13.097171783447266,14.714742946624755,15.306965827941895,16.376709938049316,1.827208320269527,1.743793655619877,1.7430346044233749,1.7800588040961414,1.7907669718935393,1.826384256496782,0.03965015190109275,1.7439419166664716
R0q,gsm8k,S4_k_stored_draft_l3,0.9949395954608917,1.8276128768920898,2.8149826526641846,3.4681632399558997,4.655505957603458,5.113447072505951,5.9780731201171875,6.822761709308277,8.946907043457031,5.357686945213323,8.946907043457031,249.0;699.0;623.0;522.0;185.0;377.0;174.0;248.0;586.0;557.0,0.5360185137347334,1.4643073680094454,0.010193476892988914,0.0383735424737828,0.06801927896321505,0.24778675228062474,3600,1024,0.6587327147856952,3.658732714785695,8.741439819335938,-0.017234827730343696,1.2757428366574386,0.9949395954608917,-8.946907043457031,3.579856609397258,2.787862148479098,1.669919712545056,8.946907043457031,6.246333031919267,6.194058656692505,6.9196230411529545,7.1566223144531245,7.623735928535461,4.789743941798977,3.656254424417053,3.6303783528963516,3.9560132083238484,4.053834155936059,4.242814421153443,8.741439819335938,5.902190716796452,5.840775012969971,6.700739955902099,6.95994393825531,7.473155035972595,-4.408577919006348,-5.965182555119196,-5.929456949234009,-5.335481786727906,-5.199082899093629,-4.953170852661134,15.523929119110107,11.867373271915648,11.804160356521606,12.920721578598023,13.24610424041748,13.92615560054779,1.728961136871303,1.6697684417569154,1.6721923010247082,1.6967351876225703,1.7028735795247627,1.7122761755918052,0.007954851971412344,1.6698307719824987
R0q,gsm8k,S4_v_stored_ctx_l3,6.28125,10.9375,16.125,19.625,27.625,31.0,38.000250000011874,47.5,70.5,7.143251431519923,70.5,624.0;639.0;572.0;521.0;569.0;512.0;607.0;625.0;910.0;536.0,0.1925672305615228,9.728634693061604,0.002094103967635947,0.010046157100744683,0.019487397936743738,0.09073386481110016,42995,1024,0.5936120032868883,3.5936120032868883,69.0,-0.09761200702117444,7.703583105983597,6.28125,-70.5,3.850288513626947,2.799040011287062,9.869455201998845,70.5,37.51342597976509,37.0,46.5,49.75,56.5,5.420704165160814,3.366597970212345,3.3004457461676324,3.85862469254611,4.053802031245825,4.326865622074948,69.0,35.21024828468427,34.5,44.25,47.75,55.25,-19.375,-34.8347685777416,-34.25,-26.875,-24.625,-22.75,131.0,70.04501686242587,69.5,86.0,90.5,99.76499999999942,13.176665444970231,9.806039221184516,9.92887183167415,11.096049947282914,11.366815774327307,11.983178336322306,0.013201722426232765,9.868972483513536
R0q,gsm8k,S4_v_stored_draft_l3,5.90625,10.25,15.0625,18.5,25.875,29.0,36.0,46.50007499995991,72.0,7.83572348252719,72.0,805.0;493.0;481.0;407.0;466.0;781.0;437.0;427.0;483.0;456.0,0.22628534217622642,8.998789352154635,0.005468750123401388,0.01871739745837973,0.03246340246635092,0.11449842071277783,3600,1024,0.6655150886963117,3.6655150886963117,72.0,-0.09758240412713753,7.164863782322241,5.90625,-64.5,3.917861741263595,2.8159631265332092,9.188685660048131,72.0,35.45399305555556,34.5,44.75,48.75,57.25,6.471609650782273,3.393709470279419,3.3176414228608473,3.8423740137508493,4.0760279858963715,4.68756066391895,72.0,32.54024305555556,31.625,41.25,44.25,52.75499999999988,-17.25,-33.58704861111111,-32.75,-25.5,-23.875,-21.37375000000003,121.5,66.12729166666666,64.8125,82.25,87.75,99.5,13.204739474457119,9.122054771324729,9.079499299462471,10.542482999168888,10.881795321643057,11.645268117003246,-0.015381056209002856,9.188167490505325
R0q,gsm8k,S4_k_stored_ctx_l4,1.098551869392395,2.0019367337226868,3.076444888114931,3.831570863723755,5.324651875495911,5.855129821300507,6.990032310962841,8.287878152465758,11.365779876708984,6.132745488233902,11.365779876708984,564.0;624.0;243.0;62.0;114.0;103.0;766.0;630.0;562.0;635.0,0.4245857345729632,1.7112856879930325,0.006963346345933862,0.02911296732688865,0.05131030392552299,0.17535625315484438,42995,1024,0.800767982032192,3.800767982032192,10.95185661315918,0.019305081019689644,1.4131834728717372,1.098551869392395,-11.365779876708984,3.7716803934864886,2.873074713753744,1.8532939119216707,11.365779876708984,7.271899761606308,7.191160678863525,8.29619026184082,8.714545249938965,9.469436645507812,5.035269427849021,3.789775565204367,3.756828878494423,4.2472893141898895,4.43544390626581,5.013477274886044,10.95185661315918,6.869722307353592,6.744462966918945,8.006426811218262,8.414298057556152,9.114998607635464,-4.632790565490723,-6.807764587131735,-6.733888626098633,-5.891087532043457,-5.707120895385742,-5.363314867019654,19.094138145446777,13.677486894485327,13.56127405166626,15.264406204223633,15.691981792449951,16.68654155731201,1.9044785134978264,1.8532109680032485,1.8533854342390716,1.874861186889593,1.8822701383834517,1.8950604467935577,0.020204914749626827,1.8531933622298435
R0q,gsm8k,S4_k_stored_draft_l4,1.1129993796348572,1.976350873708725,2.962111711502075,3.634263038635254,5.008144097328188,5.508962819576268,6.4667956795692785,7.428399604463046,9.446124076843262,5.274662801351652,9.446124076843262,958.0;631.0;695.0;762.0;765.0;374.0;941.0;766.0;428.0;487.0,0.4780134492778636,1.618098312444498,0.00989417197105956,0.04021184146211023,0.06947925426890728,0.23372980783919345,3600,1024,0.5325888648787664,3.5325888648787664,8.740550994873047,-0.0012988038835148863,1.3872150900510076,1.1129993796348572,-9.446124076843262,3.6110225037785764,2.796519626366555,1.7908489002221446,9.446124076843262,6.677767402860853,6.617571830749512,7.422136640548706,7.689155483245848,8.298143043518063,4.488586148762043,3.526291414693369,3.5148561390711874,3.796205072996487,3.8764113674194838,4.0618588478470254,8.740550994873047,6.29563396970431,6.255933046340942,7.012381505966187,7.267182636260986,7.731527061462402,-4.750462055206299,-6.396985615491867,-6.323190212249756,-5.636923122406006,-5.464623999595642,-5.147185554504396,16.77133560180664,12.692619585196177,12.624828338623047,13.800992965698242,14.192041254043579,14.959087667465209,1.8521751141029905,1.7907367062608188,1.791669786494578,1.8155063687846333,1.8217170046056181,1.833028408213907,-0.021850550548963604,1.79084842924669
R0q,gsm8k,S4_v_stored_ctx_l4,6.8125,11.8125,17.25,20.875,28.375,31.375,37.75,47.250024999986636,72.0,6.823396018676087,72.0,88.0;71.0;29.0;36.0;116.0;16.0;44.0;78.0;24.0;7.0,0.14226062000855166,10.467057687177185,0.00175668738876648,0.008372035023471558,0.016325728242270965,0.07867727665418021,42995,1024,0.33264780378930725,3.3326478037893073,67.5,0.006825774128956356,8.301736544882756,6.8125,-72.0,3.577544440347532,2.6890814170824164,10.551930417482911,72.0,38.923703337597395,38.25,46.5,50.0,56.75,6.649253922113597,3.253460430307426,3.16842295313098,3.5226347372916567,3.6961487925731635,6.5407434584846325,67.5,36.30462263053843,35.75,43.75,47.25,54.25,-21.875,-36.542385742528204,-36.0,-30.0,-28.0,-24.25,126.5,72.84700837306663,72.125,85.25,89.5,102.75,12.684602552851842,10.498562495078835,10.75831750424915,11.521913977991408,11.721133076108366,12.090948687043792,-0.011711672854148083,10.551928209773257
R0q,gsm8k,S4_v_stored_draft_l4,4.59375,7.90625,11.5,13.875,19.0,21.125,26.0,33.5,57.25,8.206555687691154,57.25,103.0;55.0;104.0;56.0;90.0;110.0;71.0;21.0;68.0;39.0,0.17303138639001736,6.891640503557808,0.0034661645426307818,0.013016311431447769,0.023483311040327883,0.0967168098721249,3600,1024,0.40481050535070695,3.404810505350707,52.5,-0.07659441586118192,5.491422745407973,4.59375,-57.25,3.7269947227942355,2.723573066657326,6.976130081694092,57.25,26.11331597222222,25.375,32.27499999999998,35.0,40.75,5.958146246735599,3.236154614478632,3.1804133833122785,3.583665745554501,3.7904509317278494,4.246529478997747,52.5,23.855243055555555,23.125,29.51249999999999,32.25,37.75,-12.25,-24.73630208333333,-24.0,-19.5,-18.5,-16.5,93.25,48.59154513888889,47.625,58.75,63.006249999999966,71.5,9.336538686000758,6.943037790215919,6.929356385618265,7.815163795220355,8.015357840448884,8.326492153159798,-0.025387850516776243,6.975709584850569
R0q,mtbench,S4_k_stored_ctx_l0,0.8607763648033142,1.5259637236595154,2.2544753313064576,2.7488339304924008,4.03916069507599,4.995059669017798,7.865909522056713,10.156942367553711,15.990848541259766,10.96677558048886,15.990848541259766,224.0;352.0;736.0;608.0;992.0;160.0;288.0;672.0;863.0;159.0,0.32902256715695355,1.3683522484850825,0.02451901157432925,0.09316570597196923,0.13569150959657442,0.22725535616163503,125480,1024,2.6762956614928104,5.67629566149281,13.203231811523438,0.011708729588769298,1.1066950437577432,0.8607763648033142,-15.990848541259766,5.394564537475787,2.7701199696898686,1.458117604750598,15.990848541259766,8.02219939171641,8.096817016601562,10.259177207946777,10.85897159576416,11.884659767150879,17.3090587917672,5.365358485963193,5.036594053728807,7.525214206120051,8.449200915082743,10.374344700613092,13.203231811523438,7.362743593561904,7.444386005401611,9.427096366882324,9.978888511657715,10.968611717224121,-3.3221144676208496,-7.467126336419206,-7.3660078048706055,-5.025660514831543,-4.581547260284424,-4.094452381134033,26.383474349975586,14.82986992998111,14.962362289428711,18.907066440582277,19.994737911224327,21.78497886657715,1.6688990316234245,1.4553003167979033,1.4767702232227702,1.5468976524375762,1.564127769484524,1.5968674823569764,-0.04442950632196232,1.4580705932618758
R0q,mtbench,S4_k_stored_draft_l0,0.764735758304596,1.3552165031433105,1.986984431743622,2.4284988641738887,3.5065503120422363,4.206498188972473,6.1065568923950195,7.097717761993408,8.547859191894531,6.8627033361578365,8.547859191894531,213.0;149.0;287.0;31.0;351.0;224.0;208.0;95.0;85.0;144.0,0.5007692040710388,1.1103249189867248,0.022971008572092402,0.0723515034894675,0.10804359098625375,0.2707663625052893,4800,1024,1.4417931788215945,4.4417931788215945,8.547859191894531,-0.020826827428639148,0.9569008970344957,0.764735758304596,-7.975062370300293,4.902688195614584,2.815256309752567,1.2455527760988936,8.547859191894531,6.292707100957632,6.360357761383057,6.931048345565797,7.113433361053467,7.610078978538513,6.3258169021408985,4.4398266664965815,4.435871583221079,5.265951171058573,5.411260581156062,5.867991330470691,8.547859191894531,5.512642598599196,5.535676956176758,6.3028717041015625,6.539595007896423,7.420170540809636,-3.5143964290618896,-6.217404121756553,-6.302751541137695,-5.2483639240264885,-4.983897972106933,-4.483133058547972,14.509167671203613,11.73004672035575,11.860249280929565,13.007194519042969,13.108183860778809,13.891846728324897,1.3961471782517003,1.245010969408994,1.237993218232584,1.2900765460589063,1.2946053848599668,1.3389605562996911,-0.0603602324940559,1.2453786417419075
R0q,mtbench,S4_v_stored_ctx_l0,3.328125,5.75,8.5,10.3125,14.375,15.9375,19.625,24.625,41.0,7.92593932449914,41.0,64.0;101.0;104.0;43.0;121.0;900.0;123.0;51.0;951.0;91.0,0.23360816931318817,5.0614287837579885,0.0055088118667188275,0.016196101719012188,0.027346254615205068,0.1057255046133894,125480,1024,0.5750809517820419,3.575080951782042,37.5,0.05949146518246845,4.03898483345212,3.328125,-41.0,3.7938185181291617,2.778911653406711,5.172888451627264,41.0,20.454097764584,20.125,24.5,26.0,29.0,6.331944925176414,3.482830984421851,3.449190237325728,3.8521491097501777,3.9988598674091227,4.3380744793618815,37.5,18.889878367070448,18.625,22.875,24.25,27.25,-9.6875,-19.1470916679949,-18.75,-15.5625,-14.75,-13.25,65.625,38.03697003506535,37.75,44.25,46.375,51.0,6.675409549080617,5.1582843114782095,5.191683409114957,5.615549755615802,5.73197692944807,5.963870319463948,-0.009002814714570782,5.172546345713023
R0q,mtbench,S4_v_stored_draft_l0,2.015625,3.53125,5.21875,6.375,8.8125,9.6875,11.875,14.375,21.0,6.640992450500165,21.0,116.0;976.0;950.0;993.0;104.0;916.0;998.0;918.0;917.0;896.0,0.2015144476859927,3.1125403391686133,0.002655879522841477,0.011667332742701151,0.021990741386624213,0.09686698695770059,4800,1024,0.5467369500175439,3.546736950017544,20.75,0.026491891026186445,2.4638436751704043,2.015625,-21.0,3.7553231118899744,2.7868450461920338,3.162177966098785,21.0,11.827122395833333,12.0,14.375,15.1875,17.0,4.592182146941629,3.318517920716783,3.2902469727810555,3.659742894418427,3.7755881740256467,4.021107158299768,20.75,11.193098958333334,11.0625,13.631250000000023,14.378125000000011,16.625,-7.5625,-10.93953125,-11.0,-7.875,-7.5625,-7.5625,39.375,22.13263020833333,22.625,26.1875,27.25,30.6875,4.169733235202676,3.1278325671252505,3.278105474101225,3.5812108684758064,3.667236958552889,3.785287930684685,-0.009645512524321439,3.1620669931218264
R0q,mtbench,S4_k_stored_ctx_l1,0.5808839797973633,1.3976929485797882,2.552965021133425,3.1843463420867906,4.2722106933593755,4.679712467193603,5.570266728401343,7.094872407626632,10.48313045501709,7.221270503378968,10.48313045501709,93.0;29.0;477.0;990.0;783.0;861.0;87.0;792.0;734.0;856.0,0.6326364579921926,1.1651213311709598,0.009424443469420162,0.03408218854242365,0.059976478592348906,0.2221560838263244,125480,1024,1.7248664222658086,4.7248664222658086,10.48313045501709,0.015537574903691592,0.993188681368521,0.5808839797973633,-9.930675506591797,3.8370602173043653,2.9428985164838317,1.451701670794888,10.48313045501709,5.9404762706408505,5.801543951034546,6.912214756011963,7.395822024345385,8.421607971191406,10.213100275822647,4.692290848779973,4.636668077257555,5.13223542738812,5.340604089575684,6.778590545104347,10.48313045501709,5.69846836603444,5.560649394989014,6.709475994110107,7.1722235679626465,8.09654712677002,-3.465289354324341,-5.349001219236893,-5.235760688781738,-4.674278259277344,-4.531221866607666,-4.232575416564941,17.07241439819336,11.047469585271333,10.93015718460083,12.320598125457764,12.873861312866211,14.01566457748413,1.586033844225048,1.450080447294685,1.4653462506050194,1.521203510910921,1.5327711841067262,1.551512081852533,0.007201747697345492,1.4516185190175763
R0q,mtbench,S4_k_stored_draft_l1,0.41737328469753265,1.504207819700241,2.8533707618713384,3.5584307670593263,4.723425793647767,5.192127540111543,6.272042340278651,7.797963618371832,9.797467231750488,6.408898307321769,9.797467231750488,320.0;256.0;147.0;211.0;23.0;87.0;29.0;93.0;797.0;861.0,0.6956751712138062,1.1236508704314607,0.011919651845515952,0.049679474766635305,0.08349409070458667,0.28026510725407644,4800,1024,2.314705190956203,5.314705190956203,9.639998435974121,0.007755163924040596,0.9765259302863211,0.41737328469753265,-9.797467231750488,4.102782952699954,3.0897735973606864,1.528728770833747,9.797467231750488,6.937904188930989,6.921247482299805,7.868202590942383,8.106885433197023,8.526586313247682,7.015823999472748,5.3197203787571725,5.23982700303669,5.94017340420089,6.2194130252251245,6.556286552963599,9.639998435974121,6.350872899989287,6.191803932189941,7.536046361923218,7.888594269752502,8.385952100753784,-4.374430179595947,-6.3894408555825555,-6.2549097537994385,-5.383056640625,-5.2233744859695435,-4.982937674522399,16.27012586593628,12.740313755571842,12.696688413619995,13.984822034835815,14.385076165199282,15.260148487091065,1.6168459588587416,1.5272723699669195,1.5554216333078903,1.5859701496846585,1.5918040859050642,1.6019339069308958,-0.046887270449435824,1.5287090999295352
R0q,mtbench,S4_v_stored_ctx_l1,4.1875,7.1875,10.375,12.5,16.75,18.375,22.0,27.125,59.25,9.343364777323023,59.25,870.0;858.0;826.0;355.0;305.0;299.0;343.0;841.0;357.0;867.0,0.14512019677174237,6.286239369063486,0.0037120210634824986,0.013404575939617622,0.02293585076029182,0.08634596870006546,125480,1024,0.23558148171902582,3.235581481719026,49.75,-0.03620515886842189,5.013079007479729,4.1875,-59.25,3.4692662464321775,2.641373164897226,6.341398565943154,59.25,23.198551063914568,22.75,27.25,29.0,34.25,8.716806685213589,3.16901242737554,3.139066056051566,3.4375483908504143,3.5540431135981363,3.8777243150977196,49.75,21.47665016337265,21.25,25.375,26.75,30.0,-12.9375,-21.904402594038892,-21.5,-18.125,-17.25,-15.5625,97.75,43.38105275741154,43.0,49.625,51.875,58.25,7.993867095293624,6.323944741178273,6.375833940800629,6.877945524787386,7.0084222360169415,7.247243646489137,0.00035219872988784257,6.341295211438844
R0q,mtbench,S4_v_stored_draft_l1,1.828125,3.484375,5.53125,7.0625,10.6875,12.1875,15.4375,19.25,29.625,9.398047531320652,29.625,333.0;698.0;741.0;673.0;702.0;322.0;375.0;262.0;750.0;343.0,0.380232750364649,2.970201043277195,0.0054057786006883836,0.023018795095593847,0.04188065967396186,0.1636217227324152,4800,1024,2.8271995178902136,5.827199517890214,29.625,0.008881306433468126,2.200341399357033,1.828125,-29.5,4.897294810624897,3.3904348688941592,3.152250496847293,29.625,12.841883138020833,14.8125,19.0,20.5,23.251250000000027,7.898519055476628,4.2559446806696695,4.215948543553857,5.058920810611625,5.251583416816354,6.078473531931828,29.625,11.784378255208333,13.4375,17.625,18.75,21.75,-1.9375,-12.006510416666666,-13.6875,-2.4375,-2.328125,-2.171875,46.5,23.790888671875,27.78125,34.625,36.625,40.43937500000004,4.465300213323436,2.894177487879157,3.4851967496042304,3.9624792136327422,4.0451857758538114,4.182561874534019,0.031504672588172994,3.152237985506494
R0q,mtbench,S4_k_stored_ctx_l2,1.0360791087150574,1.8812679648399353,2.847620964050294,3.5118929624557493,4.8896209335327185,5.4403839254379305,6.584111433506091,7.9051026384351575,12.32209587097168,7.196728388484,12.32209587097168,759.0;690.0;938.0;764.0;943.0;696.0;303.0;748.0;752.0;949.0,0.4053808646896431,1.5907465177762967,0.0052055230293919655,0.02265097940887219,0.041388276793978836,0.1662753225993563,125480,1024,0.7576677590242822,3.757667759024282,12.32209587097168,-0.03922962029461639,1.3117057353792065,1.0360791087150574,-10.574106216430664,3.845454715060484,2.855786397846428,1.7121802027000417,12.32209587097168,6.916854914560187,6.787779808044434,7.982637786865235,8.448393821716309,9.42807388305664,5.994302324053994,3.7464869158475356,3.716784611060754,4.1322706453093225,4.278695093213921,4.616647458940608,12.32209587097168,6.544740840117187,6.417947292327881,7.696051597595215,8.175795555114746,9.35463809967041,-4.219343185424805,-6.3616349499773595,-6.264138221740723,-5.4643402099609375,-5.267836093902588,-4.945488452911377,18.770638465881348,12.906375790094547,12.791675567626953,14.440244197845459,14.980228900909424,16.208081245422363,1.8098403934373046,1.7119961695906982,1.708601986214419,1.7457956203178684,1.7591997407514224,1.7892565467614798,0.02226018615239917,1.7117307274830047
R0q,mtbench,S4_k_stored_draft_l2,1.052449345588684,1.785878837108612,2.5866034507751468,3.1371124386787415,4.360643181800843,4.815520689487459,5.777320384979248,6.904483909892974,9.292366981506348,5.82804978573386,9.292366981506348,759.0;748.0;384.0;542.0;687.0;448.0;676.0;237.0;222.0;606.0,0.440977799589909,1.4654965071050463,0.008617134202325275,0.03597711625560813,0.06566863544761112,0.2126318545517673,4800,1024,0.3790564528106719,3.379056452810672,9.292366981506348,-0.06399190899748618,1.2564873954410296,1.052449345588684,-8.326236724853516,3.6234590066024253,2.734937784090449,1.5944213455850336,9.292366981506348,6.124831617573897,6.037588596343994,6.9544891834259035,7.218114519119263,7.867146515846253,4.408500802100597,3.371702449086682,3.3514333713023943,3.6446134750693053,3.743251480508796,3.977965605523616,9.292366981506348,5.8214250474671525,5.749427318572998,6.786861896514893,7.103434753417969,7.782983875274659,-4.153628349304199,-5.659474745690822,-5.59375524520874,-4.942817878723145,-4.788713717460632,-4.5184590101242055,15.555845260620117,11.480899793157976,11.407238245010376,12.723224592208863,13.152159214019775,13.886193838119512,1.6824975464297849,1.5941899145031482,1.5955069602079417,1.6285147976005856,1.6369629505217014,1.6522333544133947,0.018582108686172646,1.5931366742499047
R0q,mtbench,S4_v_stored_ctx_l2,5.25,9.0625,13.125,15.75,21.0,23.0,27.5,32.75,52.0,6.449344358598636,52.0,812.0;427.0;257.0;455.0;456.0;468.0;1012.0;424.0;450.0;469.0,0.11148855618524245,8.021682203838413,0.0021024477310789603,0.009254878668821699,0.017525252042285985,0.07862623178846748,125480,1024,0.18994687073030958,3.1899468707303096,51.25,0.0829615746115242,6.383874278746367,5.25,-52.0,3.4107109588742786,2.604542914049449,8.062835089689484,52.0,28.64560089257252,28.375,34.0,35.75,40.25,4.32545960741842,3.08659499415055,3.0696530619109645,3.326354706969791,3.4056388103570723,3.5880323710730484,51.25,27.01042945090851,26.75,32.25,34.25,38.75,-13.375,-26.799698159069173,-26.375,-22.0,-20.875,-19.0,95.0,53.810127609977684,53.625,62.5,65.375,71.0,10.517782773636423,8.02932543695445,8.114311094759898,8.880263743792824,9.077516416153644,9.43516049300494,0.0032958926083398545,8.062408266806264
R0q,mtbench,S4_v_stored_draft_l2,4.03125,7.03125,10.375,12.75,17.875,20.125,25.25,32.25007499995991,56.75,9.113250763940561,56.75,387.0;508.0;435.0;434.0;397.0;447.0;450.0;480.0;460.0;511.0,0.25435802438359434,6.061889749569707,0.004947639683309815,0.02136011784287501,0.03639981338061482,0.13064832556737405,4800,1024,0.8785605504287455,3.8785605504287455,44.0,-0.052902120358388253,4.819311883654057,4.03125,-56.75,4.054794392766505,2.870473258245595,6.227196142187725,56.75,25.1422265625,24.875,32.25,34.75,39.75,7.229781448888921,3.5570931808637365,3.4844648267360685,4.066456165364692,4.269345543598779,4.816375938132886,44.0,22.631692708333333,22.25,29.125,31.5,36.5,-8.5,-23.878268229166668,-23.375,-17.5,-16.0,-12.625,96.0,46.5099609375,46.25,58.375,62.125,70.125,8.587221574187524,6.165431820391939,6.236583221789562,7.23651539552863,7.435390264043878,7.7660353119677055,-0.04050928599414806,6.2269714275030426
R0q,mtbench,S4_k_stored_ctx_l3,1.0194374918937683,1.8778620958328247,2.898001217842104,3.5998626708984376,4.999436249732972,5.522720234394074,6.5678230991364055,8.028459402274654,11.077983856201172,6.411369179471016,11.077983856201172,235.0;698.0;557.0;957.0;754.0;1008.0;702.0;249.0;574.0;555.0,0.4043428029331465,1.6059120627419632,0.005046278396534516,0.023638166209878762,0.044649262737187785,0.16930197642202863,125480,1024,0.7655320202256686,3.7655320202256686,10.759521484375,0.005444506221410926,1.3198185841314138,1.0194374918937683,-11.077983856201172,3.8011193318764023,2.893417421648034,1.7278655379372778,11.077983856201172,6.752121305674704,6.660641670227051,7.802957391738892,8.177745437622065,8.861800193786621,6.659149495198879,3.73988154214354,3.663323052546521,4.334415000408801,4.562011884970688,5.2594485240436715,10.759521484375,6.3769553971396995,6.287678241729736,7.493748664855957,7.925877094268799,8.589302568435658,-4.2367024421691895,-6.317612557001542,-6.218691825866699,-5.404570245742797,-5.214806079864502,-4.908672332763672,18.56086826324463,12.694567954141242,12.576314449310303,14.343205451965332,14.9275484085083,16.345343589782715,1.827208320269527,1.727616039370726,1.7263844229519,1.7657360998984013,1.7773502533669543,1.8045361137806009,0.02166103190896904,1.7278569600934226
R0q,mtbench,S4_k_stored_draft_l3,0.9894668459892273,1.8068827390670776,2.787912583351138,3.450004112720488,4.668473668098451,5.130020618438721,6.0720086097717285,7.038187694215673,9.314042091369629,5.596332597650977,9.314042091369629,638.0;372.0;699.0;248.0;832.0;249.0;174.0;235.0;55.0;522.0,0.5102673149702985,1.4802600244764734,0.009556736491841527,0.03698082496930973,0.06624541064033738,0.23991213124917177,4800,1024,0.6830471007251613,3.6830471007251613,9.314042091369629,-0.018891272849317672,1.2721029962718438,0.9894668459892273,-8.311737060546875,3.6483601193481414,2.805047595207154,1.6643117486046373,9.314042091369629,6.2575666526953375,6.196497201919556,6.985425281524658,7.2431341171264645,7.837980990409852,4.863341268170056,3.6795812866848108,3.6584683045560764,3.98326427682947,4.090444124061989,4.303995503687467,9.314042091369629,5.9103317578633625,5.831630706787109,6.717690944671631,7.059361147880555,7.654418749809266,-4.202590465545654,-5.969786971112092,-5.921743869781494,-5.310934209823608,-5.158719158172607,-4.8928164196014405,16.00497341156006,11.880118728975456,11.808725357055664,12.982754421234132,13.341191697120667,14.126420898437502,1.7299101625498547,1.6641236476258578,1.6662055370673694,1.694479768275656,1.7010790122059982,1.7110423219809097,-0.0015301042098868332,1.6642045296037258
R0q,mtbench,S4_v_stored_ctx_l3,6.25,10.8125,15.875,19.25,26.625,29.625625000000582,36.250250000011874,46.25,80.5,8.175113264947587,80.5,533.0;1015.0;975.0;980.0;753.0;617.0;522.0;585.0;537.0;641.0,0.1831190227227748,9.719976494627897,0.002097105514929476,0.009774786976528248,0.01888157717975396,0.08789196699831399,125480,1024,0.5646978195740822,3.564697819574082,80.5,-0.1301592206430126,7.701374967058377,6.25,-76.5,3.681365212829358,2.7038806295556457,9.846958371226446,80.5,37.172389026139626,36.25,46.5,50.0,56.75,5.496936371322638,3.3293970659225645,3.2696418469133417,3.7832404174899343,3.991230644289776,4.316742091567459,80.5,34.86557519126554,34.0,44.0,47.5,54.5,-17.625,-34.586897314313035,-33.75,-26.875,-25.125,-22.875,134.5,69.45247250557858,68.25,85.25,90.5,102.0,14.071466700776003,9.78942291746903,9.802099132987722,11.101352093411124,11.472333976817414,12.279318165157957,0.018482807941778673,9.846098097314904
R0q,mtbench,S4_v_stored_draft_l3,5.75,10.0,14.6875,17.875,25.0,28.0,34.75,46.0,80.5,9.043206259440572,80.5,445.0;805.0;407.0;427.0;894.0;412.0;800.0;441.0;481.0;402.0,0.21874836389909535,8.730518841421157,0.004504063623129779,0.017356585771948107,0.029849135053771955,0.1128838626208098,4800,1024,0.7184908092428319,3.718490809242832,80.5,-0.10070439073916836,6.92779593156379,5.75,-65.0,3.9037443169634765,2.8084491488945873,8.901710045147182,80.5,34.27420572916667,33.5,44.0,47.75,54.752500000000055,6.240913000663799,3.3933410497911383,3.3171459582102782,3.8521727156521,4.0940624068091,4.716260700121143,80.5,31.436015625,30.625,40.5,44.0,51.25,-13.0625,-32.467890625,-31.75,-24.375,-22.375,-18.625,129.75,63.90390625,62.6875,80.25,85.76250000000005,99.50250000000005,13.385847900779504,8.821058894663302,8.784288628483644,10.351911455422439,10.681276159709975,11.360753938632017,-0.017461500320240103,8.901140396239128
R0q,mtbench,S4_k_stored_ctx_l4,1.1242108941078186,2.0181362628936768,3.055914163589478,3.774666011333463,5.198350358009339,5.7428889775276195,6.905628770351482,8.17786121883392,11.476593017578125,6.244831163870617,11.476593017578125,571.0;635.0;624.0;62.0;241.0;630.0;623.0;114.0;819.0;243.0,0.3675773648755334,1.7314334812494852,0.006201624242701384,0.025109640236136925,0.043573597210430436,0.15327354373768642,125480,1024,0.5578048922085816,3.5578048922085816,11.476593017578125,0.026963692979882256,1.4220685906118635,1.1242108941078186,-10.901708602905273,3.7576034703993457,2.828611267010429,1.8377747478548008,11.476593017578125,7.010568202898538,6.927183151245117,8.02552318572998,8.417180061340332,9.06944751739502,5.188695690438333,3.5421567424633538,3.488249599988168,4.036981748960302,4.220734838203956,4.7345429549069475,11.476593017578125,6.610044776523117,6.511504173278809,7.6778950691223145,8.102164268493652,8.810076713562012,-4.476907253265381,-6.565255425532684,-6.480068206787109,-5.631505012512207,-5.426075887680054,-5.097947597503662,18.54548168182373,13.175300202055801,13.073938369750977,14.764553546905518,15.312027931213379,16.30248737335205,1.9052793513984112,1.8376414150774172,1.8366859529147816,1.8670391117514487,1.8755547584258319,1.8937410588267392,0.01694899482063089,1.8375769325700797
R0q,mtbench,S4_k_stored_draft_l4,1.120918095111847,1.9754319489002228,2.947195625305176,3.611529672145842,4.97804095745087,5.491638047695164,6.444622365474807,7.3970632910728265,9.310430526733398,5.221675989604248,9.310430526733398,695.0;631.0;957.0;940.0;190.0;626.0;704.0;958.0;181.0;941.0,0.4403373996034392,1.6368361663596993,0.009480063001864866,0.037356879260212326,0.06494900599978133,0.21873522181255753,4800,1024,0.48653539939825885,3.486535399398259,9.158201217651367,0.008396266495024788,1.3860247288596208,1.120918095111847,-9.310430526733398,3.6144117902218182,2.791892047113287,1.7830349001488004,9.310430526733398,6.648186420698961,6.59147047996521,7.413193988800049,7.723268008232117,8.272367668151857,4.536833565299433,3.478264327998266,3.470049510763491,3.7629819686615456,3.8569770099778795,4.043562812795383,9.158201217651367,6.260453726053238,6.222717523574829,7.015463876724243,7.271738767623902,7.76938795566559,-4.411386966705322,-6.3471096881230675,-6.27968430519104,-5.52422947883606,-5.340856981277466,-5.018157615661621,16.598793983459473,12.607563414176305,12.5419282913208,13.795622539520265,14.150477957725524,14.926191263198852,1.8447519284302225,1.782886457451433,1.7853223375384175,1.8096305616125792,1.816015092757662,1.827124255453657,-0.014414221341645383,1.7830151311353437
R0q,mtbench,S4_v_stored_ctx_l4,6.875,11.9375,17.25,20.875,28.375,31.375,37.75,46.75,84.5,7.9584098704842425,84.5,88.0;117.0;55.0;71.0;16.0;46.0;31.0;40.0;73.0;115.0,0.13583828208013582,10.53954828138046,0.0016548633086215846,0.008013745412108494,0.01579295617954282,0.07631612521792121,125480,1024,0.30893776011153573,3.3089377601115357,81.0,-0.05989905936832893,8.368611273030874,6.875,-84.5,3.5553842912518365,2.6724246162720755,10.617698934229239,84.5,39.02968102486452,38.25,46.75,50.0,57.25,6.660450844088176,3.220757508201655,3.157790643313205,3.509693895921272,3.683068721457792,4.369782094136059,81.0,36.425239081925405,35.75,44.0,47.0,53.75,-19.875,-36.674353482626714,-36.0,-30.0,-28.25,-24.75,135.5,73.09959256455213,72.25,85.75,90.5,102.25,12.985698355685498,10.576901979792531,10.739608525897,11.562939797101278,11.760333273961876,12.117639997355361,-0.007966369903532373,10.617529974557147
R0q,mtbench,S4_v_stored_draft_l4,4.53125,7.78125,11.3125,13.625,18.5,20.5,25.0,31.5,54.0,7.933430377695486,54.0,4.0;20.0;110.0;23.0;119.0;116.0;39.0;108.0;115.0;84.0,0.1619430596791923,6.734098310637206,0.003594116147212133,0.014126616332260847,0.024038772385231354,0.09127273460971194,4800,1024,0.38066844801713495,3.380668448017135,48.5,-0.07697039431116233,5.360777551919067,4.53125,-54.0,3.6728844341182803,2.7179344812475277,6.80663942697711,54.0,25.2190234375,24.5,31.125,34.0,40.5,5.68555502881101,3.2103520879167653,3.1570219728210085,3.546937204706557,3.7514308580454365,4.289344343135672,48.5,23.113203125,22.375,28.5,31.125,37.75,-12.75,-23.933046875,-23.25,-19.0,-18.0,-16.0,97.0,47.04625,46.0,56.875,61.25,71.75,9.424625934470546,6.772780307159133,6.759615170319078,7.646639424489855,7.868647055192286,8.240206048362483,-0.01952410032652894,6.806204217276974
R1,gsm8k,S4_k_stored_ctx_fp_l0,0.7188551723957062,1.4018866419792175,2.164588522911072,2.6741536259651184,3.998643190860751,5.00341500520707,9.71132295131716,12.972887047384635,16.974462509155273,12.285808329691928,16.974462509155273,224.0;352.0;736.0;608.0;992.0;96.0;604.0;415.0;799.0;31.0,0.44635469660945437,1.2413852084754038,0.03914028335925008,0.13619267563547277,0.17228498198619574,0.2873432837861464,42995,1024,7.065756243480017,10.065756243480017,14.952709197998047,-0.022330995202238045,0.9834702895403408,0.7188551723957062,-16.974462509155273,7.028879550281457,2.89414547266202,1.3816317212219535,16.974462509155273,9.399491587804215,9.896761894226074,12.830698013305664,13.445767402648926,14.567415237426758,26.622292613206103,8.610392446865404,7.821550253580335,12.885691963535233,14.238405335709095,17.319427786082986,14.952709197998047,8.304941682486163,8.857479095458984,11.369609832763672,11.952095985412598,13.089814186096191,-4.0628342628479,-8.929295167247561,-8.693524360656738,-5.36429347991944,-5.067793083190918,-4.6066789627075195,29.987462043762207,17.234236849733723,18.089245796203613,23.695351982116698,24.648462772369363,26.640910148620605,1.6612497595142424,1.3706447658863117,1.4265615264873763,1.5554944323977398,1.5789253403608974,1.610211282120214,-0.19949433596914753,1.3814512440690825
R1,gsm8k,S4_k_stored_ctx_l0,0.7379902303218842,1.418362021446228,2.1525665760040287,2.6558334827423096,3.9625109457969687,5.304797246456165,10.192359154701514,13.527851498030387,17.135574340820312,12.268214128861151,17.135574340820312,224.0;352.0;736.0;992.0;608.0;415.0;96.0;799.0;149.0;31.0,0.49144291527265827,1.2264201063825126,0.041960376732214345,0.15275747130204606,0.20454055239007188,0.32690164613090456,42995,1024,8.091487763884828,11.091487763884828,16.829734802246094,-0.014074807514734337,0.9937961626167789,0.7379902303218842,-17.135574340820312,7.297219346203158,2.836959637541168,1.396745619275476,17.135574340820312,9.359913734292302,9.74575138092041,13.196006774902344,13.857804298400879,14.839811325073242,29.362935412160546,9.162053824898226,7.630952231498896,15.750376529547095,17.680291713988286,21.811741505474966,16.829734802246094,8.417246050689924,8.860248565673828,12.113326072692871,12.860963821411133,14.17609691619873,-3.9493625164031982,-8.972919200489528,-8.993779182434082,-5.210530757904053,-4.926519870758057,-4.581117153167725,32.858903884887695,17.390165251179454,18.12686538696289,24.83603572845459,26.099787712097168,28.058542594909657,1.7276973656627514,1.3877079682408318,1.4352833137890362,1.5649073364539092,1.5901121186889675,1.6381605907413912,-0.1724588310621763,1.396674702555558
R1,gsm8k,S4_k_stored_draft_l0,0.8957208395004272,1.5902680158615112,2.3196363925933836,2.794461870193481,3.7315053939819336,4.0890987753868115,4.897565965175635,5.871978282928467,8.012296676635742,5.7201985853921045,8.012296676635742,917.0;796.0;675.0;736.0;602.0;795.0;421.0;793.0;224.0;605.0,0.24826856648531637,1.361470196826076,0.003190047988816835,0.015459121068789158,0.028845729292208435,0.11152654049349914,3600,1024,0.28856741298733235,3.2885674129873324,7.407435417175293,-0.006730789383290435,1.0948049500564088,0.8957208395004272,-8.012296676635742,3.496506811530765,2.6640241540582754,1.4007025380372384,8.012296676635742,5.186340964039167,5.134677886962891,5.9468512535095215,6.074215602874756,6.487312641143797,4.265713172980899,3.280154888602671,3.2154596686852446,3.570118043752442,3.6059537615509774,3.7614353685164703,7.407435417175293,4.802168068819576,4.68239951133728,5.635486125946045,5.920597076416016,6.142586708068848,-3.5961785316467285,-4.9483002973927395,-4.8853843212127686,-4.320918941497803,-4.174251842498779,-3.905653238296509,13.429162979125977,9.750468366212315,9.774002075195312,10.83411169052124,10.881176948547363,11.743477225303645,1.458610399396005,1.4005336590863322,1.4010546503082346,1.4309733278698207,1.4325148796494431,1.4503778766717657,-0.014457287696203582,1.4006863662284428
R1,gsm8k,S4_v_stored_ctx_l0,1.8713509440422058,3.74759840965271,6.029062414169313,7.6650174140930165,11.397184724807747,12.863941836357123,16.564661882400735,21.67372322254181,32.39759826660156,8.971416555698427,32.39759826660156,12.0;72.0;79.0;111.0;121.0;64.0;94.0;8.0;91.0;118.0,0.2299649951927495,3.5306074474164966,0.0074846812342825985,0.02702009882994808,0.040431930446998325,0.11817187699406496,42995,1024,2.004121026933869,5.004121026933869,32.39759826660156,-0.005656812846351761,2.6132610157666076,1.8713509440422058,-32.30309295654297,4.5870215634013825,3.1560639429837316,3.6112020956181543,32.39759826660156,14.092311427210332,13.776899337768555,19.73658561706543,21.645681381225586,25.698741912841797,27.55713672997024,5.12193739548997,3.592113321921704,10.469534997601613,14.624690453631654,22.25879108841876,32.39759826660156,13.188329833512363,12.80705451965332,18.264321136474607,20.303131103515625,24.069030609130824,-4.925699234008789,-13.097567274981092,-12.929850578308105,-7.297415733337402,-6.4838409423828125,-5.750727653503418,59.12840270996094,26.285897108493455,25.85837459564209,36.39155502319336,39.71384944915771,46.426008224487305,7.016439669247855,3.353988163929099,3.554867569457035,5.000564842175192,5.267413080964233,5.839905180207058,-0.005039904867804422,3.611197665022696
R1,gsm8k,S4_v_stored_draft_l0,2.0374503135681152,3.5374929904937744,5.212283611297607,6.337839126586914,8.695206012725832,9.642630457878115,11.612399101257324,15.306012153625488,18.203371047973633,5.7376080684724355,18.203371047973633,65.0;944.0;28.0;12.0;88.0;69.0;55.0;930.0;36.0;1012.0,0.2467066697035718,3.0957472062748708,0.004067971505836645,0.017371779375700176,0.030995271790852055,0.12014357751691569,3600,1024,0.4520638638451726,3.4520638638451726,18.203371047973633,-0.011069846472064455,2.485210315559906,2.0374503135681152,-17.601490020751953,3.6601679217604546,2.7406838021466027,3.172641078082569,18.203371047973633,12.573888496028053,12.490424633026123,15.306012153625488,15.64379596710205,16.035888671875,4.175972606058546,3.4418795669753406,3.4354601282662443,3.7754611345202185,4.12957427995278,4.1481148914647346,18.203371047973633,11.559140600363413,11.244894981384277,14.620391845703125,15.33338737487793,16.035888671875,-8.175590515136719,-11.643951274818845,-11.458761215209961,-9.737725257873535,-9.668584823608398,-8.912847518920898,29.346765518188477,23.203091875182256,23.16502094268799,26.40400981903076,27.779674530029297,29.027957916259766,3.493921380799921,3.1714598640674443,3.154594284784421,3.2846726844194056,3.3206476759360384,3.370863244152745,-0.0001852230438949366,3.1726217658012765
R1,gsm8k,S4_k_stored_ctx_fp_l1,0.5316553711891174,1.3634937405586243,2.618139982223512,3.3238428354263303,4.583971328735352,5.067896842956543,6.232285995483716,8.207017308326773,13.136370658874512,9.027729277100343,13.136370658874512,990.0;222.0;93.0;456.0;798.0;670.0;477.0;861.0;734.0;258.0,0.6668101742155448,1.1402553913993723,0.01230953467892384,0.05198422827843512,0.08386370051647712,0.27322477160310604,42995,1024,2.4928587613848396,5.49285876138484,10.026453971862793,0.021814741246634347,0.9724183945745704,0.5316553711891174,-13.136370658874512,4.2830239954200024,3.150250038191163,1.4551134904096106,13.136370658874512,6.571170974518064,6.284776210784912,7.759387016296387,9.077592849731445,11.49101448059082,17.92917520796059,5.583593039461688,5.124742547378352,7.135714543629978,8.243408532386214,12.830828639894955,10.026453971862793,6.152516779881298,6.113401412963867,7.126959323883055,7.5026535987854,8.319536209106445,-3.520766496658325,-6.062699557615028,-5.72641134262085,-5.025876045227051,-4.826160430908203,-4.495960741043092,19.464754104614258,12.215216337496326,11.867926120758057,14.041187286376953,15.883026599884033,18.307674884796143,1.5860498645960848,1.4528886685083775,1.4765795421025356,1.5297134914456516,1.5419271638579515,1.5592275144816323,0.021054034431603974,1.4549499603204166
R1,gsm8k,S4_k_stored_ctx_l1,0.467941090464592,1.4630889296531677,2.8080765962600718,3.492239665985106,4.6766292810440095,5.15819917201996,6.235653772831049,7.630252361297607,9.539071083068848,6.269523569906871,9.539071083068848,93.0;990.0;798.0;861.0;477.0;222.0;324.0;456.0;392.0;136.0,0.695293144204631,1.139411436914656,0.013722379150673664,0.05591290317353202,0.08864450864944622,0.2790869621728276,42995,1024,2.1894110080964104,5.18941100809641,9.539071083068848,0.033139835951592034,0.9902531875609472,0.467941090464592,-9.089231491088867,4.098363243349029,3.0736994461927556,1.5214985599313318,9.539071083068848,6.56257740371878,6.4416279792785645,7.612772464752197,8.180344581604004,8.998963356018066,9.145881791648813,5.181642507744072,5.093986327130228,5.55867755482291,5.93613029279121,8.766204481551343,9.539071083068848,6.2221396326394895,6.243520259857178,6.957939624786377,7.191562891006465,7.81598424911499,-3.97428560256958,-6.140920744098637,-5.913866996765137,-5.189519882202148,-4.993074417114258,-4.637823104858398,15.630659103393555,12.363060376738126,12.199822902679443,14.135591506958008,14.58457612991333,15.293030261993408,1.6448043636740404,1.5195306372545112,1.5376334021920026,1.5870049844295784,1.599359618971871,1.6184234256659862,0.06492900877287786,1.5211376069068234
R1,gsm8k,S4_k_stored_draft_l1,0.43517938256263733,1.2774633467197418,2.4113361597061163,3.1372642517089844,5.042191948890691,5.84512234210968,7.349820614337921,8.526614946650033,8.595132827758789,6.080771378510234,8.595132827758789,256.0;320.0;147.0;211.0;981.0;144.0;208.0;452.0;388.0;529.0,0.7715551901798503,0.937444979945735,0.020874510734199964,0.09263187263301115,0.15884236733579193,0.41762108977342055,3600,1024,4.1241819251495,7.1241819251495,8.589550971984863,0.0007879792097882878,0.8822616231322103,0.43517938256263733,-8.595132827758789,5.199754294024596,3.5671835563434873,1.4134938304265872,8.595132827758789,7.849493651125166,7.858736038208008,8.521218585968017,8.567554473876953,8.584758768081665,7.701166771633818,7.1156888101998605,7.1619105763917785,7.5183769566028396,7.563330209647065,7.626092549041674,8.589550971984863,6.97175482167138,6.343147277832031,8.470846176147461,8.523874282836914,8.584758758544922,-5.837202072143555,-7.409972037871679,-7.482467174530029,-6.331098556518555,-6.187786102294922,-5.894901270866394,16.2810959815979,14.38172685954306,14.479884147644043,15.741281986236572,15.896005153656006,16.198311805725098,1.4166505442033621,1.4134937293373842,1.4136110801758401,1.414054513386207,1.4140722903983944,1.4144472676422069,-0.2533343264618936,1.4134936107895184
R1,gsm8k,S4_v_stored_ctx_l1,2.4964812994003296,4.778122305870056,7.508035945892336,9.425952720642089,13.513274202346809,15.130734429359439,18.659101472856335,24.136753460881852,42.783233642578125,9.475519747881892,42.783233642578125,867.0;870.0;330.0;287.0;329.0;268.0;333.0;344.0;921.0;311.0,0.1495917299320756,4.471623803103661,0.003958524659217554,0.015744483491728967,0.0267437081740665,0.09497434803723923,42995,1024,1.3741665353151813,4.374166535315181,42.783233642578125,0.003929516768068072,3.3632659453859626,2.4964812994003296,-33.863746643066406,4.132569453745666,2.992884961258484,4.515133183289673,42.783233642578125,15.805466117663693,15.96225357055664,23.12228775024414,24.959661102294902,29.627777099609375,6.0851373269037605,3.2744884539013266,3.196275005953202,3.656703179691619,3.996306251268965,4.7734059760084095,42.783233642578125,14.757003766889557,14.855562210083008,22.120582580566406,23.920082092285156,28.84162139892578,-5.38018798828125,-14.742041221709151,-15.018420219421387,-6.874798774719238,-6.414944171905518,-5.7528486251831055,63.107683181762695,29.49904498859871,30.11917781829834,43.00788497924805,45.84356575012196,52.11491012573242,7.886464173287988,4.2479979680930935,4.438707163200481,6.104428777006168,6.492627880809684,6.976376277541335,0.0018684069754884784,4.515131473361712
R1,gsm8k,S4_v_stored_draft_l1,0.2515990138053894,0.6490835398435593,0.9666016697883606,1.2345415234565729,1.764685207605362,2.025030084848404,2.288178929805756,2.3398883357286446,2.48828387260437,4.262299572170677,2.48828387260437,386.0;879.0;799.0;108.0;811.0;52.0;804.0;816.0;822.0;121.0,0.7327405839167249,0.4095953968653504,0.01529899836827396,0.07185462671237866,0.12212744567793095,0.3769688044615095,3600,1024,1.5286149220259286,4.528614922025929,2.48828387260437,-0.020203374379580055,0.4087052729130968,0.2515990138053894,-2.3859970569610596,3.919530316029868,3.0228130673530154,0.5837890627985947,2.48828387260437,2.3103040984604095,2.3242971897125244,2.3429637908935548,2.3466397762298583,2.3527041244506837,4.609513565614342,4.525017953722188,4.536901863112781,4.5369019667420725,4.536901994664714,4.536902041852113,2.48828387260437,2.3103040984604095,2.3242971897125244,2.3429637908935548,2.3466397762298583,2.3527041244506837,-2.0913619995117188,-2.2623417356941435,-2.2726348638534546,-2.2045198678970337,-2.191225504875183,-2.163523054122925,4.87428092956543,4.572645834154553,4.596905827522278,4.633883643150329,4.641153872013092,4.653148019313812,0.5950192891198486,0.5837473459792366,0.5857026281369426,0.5904150084946622,0.5913412988522788,0.5928602761771539,0.059153334717087766,0.5834393657501523
R1,gsm8k,S4_k_stored_ctx_fp_l2,0.9747672379016876,1.8685569763183594,2.9161512136459353,3.6387228131294247,5.146078147888184,5.706353578567506,6.974874820232588,8.543074607944488,11.42751693725586,6.539599748574042,11.42751693725586,759.0;748.0;696.0;314.0;943.0;368.0;303.0;1003.0;683.0;690.0,0.4664175388969374,1.5779631360822175,0.006877670573008373,0.027115048941062238,0.049766379250366,0.19116989278426852,42995,1024,1.1401519720339826,4.1401519720339826,11.42751693725586,-0.04024659940352948,1.3022504376370976,0.9747672379016876,-10.320515632629395,3.991496129139116,2.94493471738868,1.7474336926732599,11.42751693725586,7.297364532704935,7.18988037109375,8.451737403869629,8.770391368865953,9.43761920928955,5.702362108286244,4.111551745711186,4.076450623441539,4.588399945224288,4.7191035404197414,5.110057639464559,11.42751693725586,6.913226817244499,6.76520299911499,8.199362564086913,8.679487228393555,9.377492904663086,-4.738620758056641,-6.7074607054595825,-6.64566707611084,-5.768649482727051,-5.583085393905639,-5.24939525604248,19.73433494567871,13.620687522704081,13.565027236938477,15.25827693939209,15.694441795349121,16.56910228729248,1.8587882786336387,1.7469869685632182,1.733649021680976,1.8077249240330548,1.8318156696007615,1.849398935652421,-0.006503015486589319,1.7469701547325178
R1,gsm8k,S4_k_stored_ctx_l2,1.0082935094833374,1.8645922243595123,2.870543599128724,3.5735112309455865,5.0193634033203125,5.5806040930747995,6.641813900947623,7.9577947535037525,9.980132102966309,5.775172245933509,9.980132102966309,748.0;989.0;301.0;696.0;292.0;759.0;751.0;375.0;308.0;358.0,0.4912248189958204,1.54710612139381,0.008480207462209436,0.03890005601406882,0.06726540253600818,0.2266831262629334,42995,1024,0.9386632652202453,3.9386632652202453,9.980132102966309,-0.04831845307817367,1.3068589029888602,1.0082935094833374,-9.827674865722656,3.8433979538214107,2.9045395311444895,1.7281098602718996,9.980132102966309,7.00191811359626,6.933925151824951,7.914494514465332,8.231973648071289,8.81531047821045,5.10272740433857,3.9286897783949013,3.9077458145191915,4.287658246174097,4.416087657547642,4.74237120718052,9.980132102966309,6.609809470695179,6.516792297363281,7.75271463394165,8.045038223266602,8.81531047821045,-4.276641368865967,-6.4855331947254795,-6.394688129425049,-5.723161697387695,-5.542336940765381,-5.254349708557129,17.20476007461548,13.095342665420658,13.067608833312988,14.354366779327393,14.773675441741943,15.602738380432129,1.8440113220972925,1.727767599033478,1.7187214400542599,1.779844882747497,1.798726232627612,1.8231079665097474,-0.013614611184679137,1.7274342292142695
R1,gsm8k,S4_k_stored_draft_l2,0.35963836312294006,1.3888913094997406,2.701853561401367,3.5384528636932373,5.100672841072085,5.60144696474076,6.715483665943146,6.927836894989014,7.620763778686523,5.076777124909517,7.620763778686523,222.0;861.0;606.0;702.0;748.0;989.0;943.0;309.0;901.0;965.0,0.7953067130865357,0.9549621683580757,0.01997912194008902,0.08363105542597002,0.14371005961878153,0.4337220343661713,3600,1024,3.0917272630291466,6.091727263029147,6.4473676681518555,-0.05962359537224904,0.9014371293381344,0.35963836312294006,-7.620763778686523,4.473700385952624,3.397950645527702,1.5011026860515069,7.620763778686523,6.800085283650292,6.797303199768066,6.927934694290161,7.015532493591309,7.076707844734192,6.42753675563534,6.092269168452447,6.1112101200785744,6.218976578356829,6.242767451932278,6.295131235904524,6.4473676681518555,5.975863250626458,5.987295627593994,5.989991235733032,6.185911178588867,6.187506928443908,-6.104360103607178,-6.800085283650292,-6.797303199768066,-6.6886210441589355,-6.634898161888122,-6.474800028800965,14.067842483520508,12.77594853427675,12.785111427307129,12.865235328674316,13.173233532905579,13.262101788520813,1.5273259127438295,1.5011007900182043,1.5009535067604938,1.502339368911092,1.5031872521011516,1.5080635770642739,-0.20834768736451223,1.4999180980793367
R1,gsm8k,S4_v_stored_ctx_l2,3.0633015632629395,6.09989333152771,9.705036163330078,12.279352378845209,17.75920457839966,19.994931592941285,25.216493482589808,31.43758773803711,54.726806640625,9.440519502832801,54.726806640625,330.0;419.0;503.0;452.0;450.0;408.0;491.0;457.0;453.0;509.0,0.12377394842313305,5.7618882530663065,0.0022009406453356705,0.009385405450588968,0.017668472224312302,0.07812710051995478,42995,1024,1.682662104792226,4.682662104792226,54.726806640625,0.0086024456804459,4.23578476786353,3.0633015632629395,-50.33618927001953,4.3499121021019,3.0635099591709865,5.79701219029347,54.726806640625,19.217653180566106,19.811372756958008,29.716651916503906,32.31035614013672,38.29570999145508,4.752036990823502,3.2061333736343545,3.1182652981841117,3.6971894436899357,4.00717126589123,4.437167632176941,54.726806640625,18.111998931384804,18.457143783569336,27.786670684814453,30.57735252380371,36.29690170288086,-4.749161720275879,-17.989761143538104,-18.449705123901367,-6.07749605178833,-5.535336494445801,-5.164671421051025,98.07481384277344,36.10176007492291,37.40541076660156,55.18992614746094,60.251593017578024,69.8922233581543,11.28433216802714,5.337327483904312,5.659740405490131,8.129194087927914,8.80067335914695,9.707663721118543,0.005296860383135015,5.797005807512997
R1,gsm8k,S4_v_stored_draft_l2,0.0,0.2724553942680359,0.5347428917884833,1.1055661082267756,2.131243729591371,3.0710532045364394,3.4649791717529297,3.7520484164474253,5.455108642578125,11.029226070575705,5.455108642578125,970.0;961.0;940.0;736.0;341.0;701.0;678.0;77.0;56.0;906.0,0.8711440514077835,0.28257290930619383,0.04797673386292556,0.2131660751673376,0.35835250699736315,0.7298307793945349,3600,1024,15.874046026074513,18.874046026074513,5.455108642578125,-0.012039744656447549,0.21105301913007937,0.0,-4.268579006195068,7.005550415039588,4.30898272523699,0.49460484422669726,5.455108642578125,3.5332472436295617,3.5021960735321045,3.676777172088623,3.784773778915405,4.210211305618285,24.752518757346387,19.893557076723187,22.118853305886713,22.118854509099254,22.11885490525797,24.752517751116006,5.455108642578125,3.340588304797808,3.270971655845642,3.6548640966415404,3.7798261523246754,4.194810056686398,-2.8111910820007324,-3.5041532674100666,-3.497669816017151,-3.420883059501648,-3.3908225536346435,-3.31544145822525,9.104687452316284,6.844741572207875,6.7764939069747925,7.230104732513428,7.423509335517883,7.882695279121398,0.8771773638773975,0.49213608743252407,0.4718529493886119,0.5514182272824679,0.5901904813492317,0.7100160196968685,0.1988540877342801,0.4944582858857995
R1,gsm8k,S4_k_stored_ctx_fp_l3,0.8988044261932373,1.80806365609169,2.9867878437042235,3.782643389701841,5.339655032157905,5.94171424150467,7.109280152797769,8.371828344916135,10.35045337677002,5.875441413979006,10.35045337677002,440.0;877.0;243.0;555.0;698.0;949.0;873.0;231.0;619.0;574.0,0.5305912961113888,1.541618621959362,0.010035625558511901,0.03609854574146675,0.06348260799222383,0.224678506619247,42995,1024,1.5384795662069735,4.5384795662069735,9.845525741577148,0.008809915182056254,1.2770275382646807,0.8988044261932373,-10.35045337677002,4.035587380845908,3.0310585604601044,1.7616469380741242,10.35045337677002,7.378651830498209,7.31201171875,8.473385047912597,8.714111042022685,9.858333587646484,6.329220323266768,4.491718192128568,4.329389611641267,5.392271540565877,5.56130690238837,5.895548233841795,9.845525741577148,6.745578856423284,6.7010579109191895,7.782195568084717,8.12271738052368,8.637615203857422,-4.731339931488037,-7.113633775450432,-7.021632194519043,-5.946627140045166,-5.720608234405518,-5.357726879119878,17.971930027008057,13.859212631873715,13.681551456451416,15.662784671783442,16.478531694412172,17.234010696411133,1.855467669774339,1.761286144551355,1.7562810712806656,1.8225403916759353,1.8317332454054804,1.845526675604878,-0.01965362350835872,1.761624908946403
R1,gsm8k,S4_k_stored_ctx_l3,0.91901496052742,1.82783842086792,2.9750898361206066,3.75456244945526,5.270725727081299,5.851162433624268,7.15117448377618,8.046531406592958,9.5088529586792,5.404722203107509,9.5088529586792,235.0;377.0;108.0;767.0;624.0;574.0;557.0;877.0;183.0;873.0,0.5533449390010583,1.5239785414684712,0.010742930241283784,0.04329285291164951,0.07731320359484783,0.26241055008272834,42995,1024,1.404241557054255,4.404241557054255,9.450118064880371,0.016520231252854345,1.2867407495590977,0.91901496052742,-9.5088529586792,4.064644987015299,2.99581963118327,1.7593601671538217,9.5088529586792,7.167615331141168,7.120460510253906,8.156430435180663,8.367799758911133,8.900431632995605,6.002253458804766,4.3479327505023875,4.164417064625502,5.283513479566162,5.576258769772169,5.808675161557137,9.450118064880371,6.696332138069065,6.620008945465088,7.806639671325684,7.967634725570676,8.28632888793945,-4.6368727684021,-6.915042238715693,-6.841454029083252,-5.8671746253967285,-5.640493392944336,-5.290626468658448,17.573272705078125,13.611374376784758,13.41960859298706,15.6273512840271,15.966158390045166,16.683671951293945,1.8592885237482346,1.7589190254017428,1.7492861553937256,1.8203298631680818,1.838541029231489,1.8526787247966172,-0.02396632584253396,1.75928260371291
R1,gsm8k,S4_k_stored_draft_l3,0.8983319103717804,1.7799767553806305,2.6080193519592285,3.2816701173782348,4.430823802947998,5.150365352630615,6.001366617202759,6.189918585871594,6.644990921020508,4.189133986970652,6.644990921020508,832.0;249.0;900.0;768.0;964.0;1016.0;877.0;384.0;448.0;235.0,0.6737160622712097,1.2251247127500682,0.014046152214651527,0.058697196934487814,0.09632970584286299,0.3211585013879171,3600,1024,0.8553228129800914,3.8553228129800914,6.644990921020508,-0.044270722948140676,1.184108148188682,0.8983319103717804,-6.634624004364014,3.783380468567171,2.793279148733201,1.5862445416375415,6.644990921020508,6.043060539563497,6.002015829086304,6.155636358261108,6.2394846916198725,6.358600268363952,4.119477286449205,3.853285944045694,3.8414781023892446,3.963532650355533,3.9900105648957775,4.0605979767496665,6.644990921020508,5.916830848322975,5.9137420654296875,6.010210990905762,6.081954979896546,6.300717487335205,-5.531981945037842,-6.027040543556214,-6.001774787902832,-5.976878070831299,-5.871312642097474,-5.76118865966797,12.84693956375122,11.943871391879188,11.915431022644043,12.145273399353027,12.188324928283691,12.425388774871823,1.6056180192086937,1.5862399366107083,1.5876959383654627,1.5890847602734077,1.5898335112677704,1.5920901503563223,0.009854243040467862,1.58562664236085
R1,gsm8k,S4_v_stored_ctx_l3,3.5177879333496094,7.086448550224304,11.390963649749759,14.503182411193842,21.922649784088147,25.192335958480847,33.705418109894005,46.96550987128065,78.24866485595703,11.349141232761632,78.24866485595703,602.0;551.0;993.0;903.0;540.0;632.0;977.0;645.0;638.0;639.0,0.18468415939043825,6.80463570602752,0.0020791523668560424,0.009778952510113471,0.019099840088668378,0.08839356805519519,42995,1024,2.5779660733473646,5.577966073347365,78.24866485595703,0.03781063982152607,4.949166644009743,3.5177879333496094,-74.81243896484375,4.888614408215644,3.1796484841497765,6.894677161129704,78.24866485595703,24.075095162767077,24.005203247070312,38.7302360534668,44.33747596740723,56.43115997314453,5.674418483217114,3.4122247202987994,3.2900279614186188,4.04603715768472,4.264561287347903,5.059768730109532,78.24866485595703,22.583192958924947,22.4400691986084,36.06922149658203,41.27426528930664,52.71653366088867,-3.8572232723236084,-22.440520066080406,-22.264015197753906,-6.276777267456055,-5.528936386108398,-4.775209426879883,133.70945358276367,45.02371302500535,45.07331085205078,72.37504959106445,81.8604507446289,102.71818161010742,14.68986120283776,6.300538716281681,6.672917457607891,9.68757003468419,10.685327664503303,12.814143583899119,0.006180127891274588,6.8945734829443825
R1,gsm8k,S4_v_stored_draft_l3,1.1427893042564392,2.575072407722473,4.163571596145632,5.201015448570251,7.363613128662109,8.161802740097047,9.766935407638552,13.165055853748012,15.298724174499512,6.278114934838213,15.298724174499512,995.0;371.0;912.0;974.0;311.0;925.0;276.0;999.0;193.0;963.0,0.7287410015284856,1.7675034047930482,0.026123726908594033,0.07583649401478344,0.12586030688173713,0.36385879966064955,3600,1024,1.7690048502244506,4.769004850224451,12.078750610351562,-0.08520641164211776,1.6873038680199008,1.1427893042564392,-15.298724174499512,4.0080429159251585,3.021795087624468,2.4368340390846575,15.298724174499512,12.596423239178128,12.505402088165283,13.139735507965089,13.36220064163208,13.866160802841186,5.034858888152352,4.75937119460959,4.79576766418467,4.825494574588386,4.861356524327104,4.935822664987399,12.078750610351562,9.306135448084937,9.274162769317627,9.671575355529786,9.883416366577146,10.327066392898558,-11.083051681518555,-12.596423239178128,-12.505402088165283,-12.17568130493164,-12.018132209777832,-11.738524532318117,25.6085205078125,21.902558687263063,21.816928386688232,22.63131399154663,22.941075992584228,23.641809186935426,2.8961778951819137,2.435821838936492,2.42191424425957,2.526322015924809,2.5565280670755373,2.6391263441202177,-0.13235489327265493,2.435343918516791
R1,gsm8k,S4_k_stored_ctx_fp_l4,1.0049650073051453,1.9608532786369324,3.1462268829345703,3.953083419799804,5.499234104156496,6.10915518283844,7.5996372375492225,8.882890119075066,10.85494613647461,5.808082059306445,10.85494613647461,564.0;114.0;428.0;254.0;62.0;250.0;575.0;815.0;753.0;380.0,0.4944905005828971,1.6686933369733952,0.009066317294942606,0.03666748899917663,0.06270658817027484,0.2032914838671216,42995,1024,1.255763802073485,4.255763802073485,10.480490684509277,0.008519893375919083,1.3804148668368676,1.0049650073051453,-10.85494613647461,4.066286109733022,2.9424377181341534,1.8689381495706383,10.85494613647461,7.671646321664121,7.5628228187561035,8.781745910644531,9.302807807922363,10.001492500305176,6.1463187489003746,4.223605128777799,4.048331606296863,5.129005165577718,5.398532429975562,5.815069509187835,10.480490684509277,7.316557985783344,7.152613639831543,8.727763175964355,9.109774589538574,9.961845397949219,-4.663329124450684,-7.088378474451467,-6.988592147827148,-6.05656099319458,-5.820270919799809,-5.419628047943117,19.040374755859375,14.404936460234811,14.202805519104004,16.4563045501709,17.02277660369873,18.30854606628418,1.9501374084807064,1.8687664872677148,1.8627320165391843,1.9083192974829877,1.920014374303044,1.932864021844844,0.015321565410933186,1.8689187297304783
R1,gsm8k,S4_k_stored_ctx_l4,1.0497670769691467,1.9696860015392303,3.1071796178817768,3.889720153808593,5.4275728464126605,6.021071882247927,7.309488311767805,8.476707458496094,10.768853187561035,5.798220546198181,10.768853187561035,62.0;250.0;564.0;114.0;633.0;1018.0;635.0;815.0;38.0;628.0,0.5056055313982057,1.6543349722369807,0.01023750854689911,0.043859470041695194,0.074755491193927,0.2315683765626456,42995,1024,1.0538762607998589,4.053876260799859,10.593453407287598,0.015313390690096873,1.3950625516465867,1.0497670769691467,-10.768853187561035,3.9356117660181753,2.922341297252351,1.857268639879874,10.768853187561035,7.340972972667582,7.312506675720215,8.416898727416992,8.662759780883789,9.265959739685059,6.009016111242648,4.009688586703832,3.842874657682025,4.918894492503875,5.37192788272414,5.777033913940675,10.593453407287598,7.05261014282239,6.968437194824219,8.266633033752441,8.545618057250977,9.083701133728027,-4.575979709625244,-6.8534681099488965,-6.8051581382751465,-5.878732299804688,-5.670992851257324,-5.300848484039307,18.25179100036621,13.906078252771286,13.835227966308594,15.794930458068848,16.103026390075684,16.73166275024414,1.9405698862904976,1.8570173349081653,1.8514842371281157,1.8993091921031242,1.9198316870648582,1.9318347034643752,0.02707474552104405,1.8572055084849413
R1,gsm8k,S4_k_stored_draft_l4,1.068117916584015,1.882835179567337,2.8439061164855977,3.321887254714966,4.367332048416139,5.026561717987061,5.855265617370854,6.363258880710579,7.0027594566345215,4.187230391322225,7.0027594566345215,487.0;448.0;384.0;506.0;428.0;114.0;631.0;771.0;835.0;682.0,0.6221710842911683,1.3613308488820852,0.012373617358331259,0.05180232752167397,0.08525541303258428,0.26565873239307725,3600,1024,0.24715589788319647,3.2471558978831965,7.0027594566345215,0.026294148490682036,1.3011114460260473,1.068117916584015,-6.927389144897461,3.5010978592290813,2.6114027756298546,1.6724084423793126,7.0027594566345215,6.041248134242164,6.105087041854858,6.315342903137207,6.364503192901611,6.525482716560363,3.444083869346692,3.2470937560538125,3.2463709444696045,3.3342958745481486,3.3581024435404268,3.392112499684427,7.0027594566345215,5.995964134401746,6.07990837097168,6.280990362167358,6.3618275165557865,6.503092942237854,-4.499823093414307,-5.3270577110184565,-5.188417196273804,-4.887866497039795,-4.823258876800537,-4.647850933074952,12.666680335998535,11.323021845420202,11.301288604736328,11.994861173629761,12.128464245796204,12.352888960838317,1.6980973202309715,1.6723973160752166,1.6742157154727593,1.679949945774437,1.680257396296434,1.6837531158667827,0.04336722688883052,1.6722017270343756
R1,gsm8k,S4_v_stored_ctx_l4,3.558220148086548,7.110363602638245,11.29612407684327,14.196907997131348,20.807707424163826,23.545049476623536,30.637256242752873,42.9382966117842,71.25621032714844,10.540429074267635,71.25621032714844,120.0;59.0;30.0;14.0;69.0;23.0;57.0;9.0;72.0;106.0,0.14256262777770168,6.7033037847202275,0.0022541960949583545,0.010001975033187335,0.01916476462174521,0.08695492865573673,42995,1024,1.9673060175210386,4.967306017521039,71.25621032714844,0.032713148697972864,4.9144530611655535,3.558220148086548,-69.95994567871094,4.531953425172045,3.077937534083955,6.760276059454385,71.25621032714844,23.7875258704149,23.389999389648438,37.86683654785155,41.95522689819336,52.27741241455078,8.80248766778586,3.573781052049868,3.2065992178850102,5.265913128294239,5.810827244039019,7.47942914262504,71.25621032714844,22.308475229908996,22.093997955322266,35.42900466918945,39.91874313354492,49.212406158447266,-6.218776226043701,-22.125791064305755,-22.085891723632812,-8.073908805847168,-7.465094089508057,-6.582161903381348,123.12751388549805,44.43426629421475,44.669769287109375,69.80143737792969,76.35052490234375,96.64919662475586,13.156849322931535,6.230782093848222,6.713847293377894,9.322818000170384,10.062182501416046,11.481272543576559,0.004073289852845685,6.7601969091095535
R1,gsm8k,S4_v_stored_draft_l4,1.4398420453071594,2.4647202491760254,3.6474607944488593,4.445401191711426,6.398553357124333,7.246324884891515,8.8918074731829,10.50735096130165,13.3844633102417,5.964343344068094,13.3844633102417,679.0;743.0;666.0;766.0;680.0;853.0;829.0;659.0;819.0;742.0,0.6246372312575041,1.8462810064328277,0.01885965467805978,0.06525188765174075,0.10959677135278936,0.313906636680522,3600,1024,0.8219398276004286,3.8219398276004286,13.3844633102417,0.05941601784112021,1.7384246205199438,1.4398420453071594,-10.195098876953125,3.962339877971221,2.8513036527977094,2.24407994948067,13.3844633102417,9.84831650627984,9.847245216369629,10.54144172668457,11.140656566619873,11.776931991577145,4.323965371239715,3.8113011957523315,3.8461673805544434,3.9608945017037605,4.016616143931795,4.099495534007171,13.3844633102417,9.842717002762688,9.84687089920044,10.54144172668457,11.140656566619873,11.776931991577145,-6.938368797302246,-8.352789389027489,-8.338583946228027,-7.79604697227478,-7.7047333240509035,-7.435178036689759,22.27158260345459,18.19550639179018,18.11578607559204,19.384697437286377,19.896145820617676,20.577755222320548,2.6056544063619387,2.2427178117280895,2.2322769849992223,2.3450862389056173,2.394052813170352,2.4866349797952876,0.05377232537535106,2.243293239076218
R1,mtbench,S4_k_stored_ctx_fp_l0,0.7362943291664124,1.4174045622348785,2.17445116043091,2.693670880794525,4.0869529771804824,5.489966413974767,10.139400557518236,12.949528553198824,16.72676658630371,11.409602398785964,16.72676658630371,224.0;352.0;160.0;736.0;608.0;288.0;672.0;992.0;544.0;863.0,0.4135769394462814,1.3248332562339047,0.04141924613047989,0.1475287089457289,0.1955109135150794,0.29602960845299764,125480,1024,7.318094035071635,10.318094035071635,15.702208518981934,-0.004382604877607252,1.0541733782838012,0.7362943291664124,-16.72676658630371,6.916251764883166,2.787777796238639,1.4660253707073543,16.72676658630371,10.206343720933607,10.671594142913818,13.155714988708496,13.692008018493652,14.654119491577148,22.182818687603838,9.168266962033831,8.755854147767446,13.508439608421149,14.777326382615103,17.22976703242343,15.702208518981934,9.095225049790432,9.585394859313965,11.653035163879395,12.183568954467773,13.124804496765137,-3.751647710800171,-9.691801012898084,-10.03636646270752,-5.613044261932373,-5.228241920471191,-4.552858352661133,29.83937358856201,18.78702606268852,19.71903133392334,24.159785270690918,25.039697647094727,26.66541156768797,1.706433667430938,1.4566663233054138,1.5093836191517873,1.6127923017833474,1.6307375317940618,1.6588743982458491,-0.16784519370423343,1.4660188199106186
R1,mtbench,S4_k_stored_ctx_l0,0.7494436502456665,1.4255987405776978,2.157648015022278,2.6662117719650262,4.029544525146488,6.040844855308556,10.838129043579102,13.913468305966719,17.518779754638672,11.72107438779436,17.518779754638672,224.0;352.0;736.0;672.0;288.0;479.0;608.0;160.0;992.0;544.0,0.5167196338399521,1.2856106705845156,0.04916418760884099,0.17946162355342088,0.24846236330061397,0.37127378994941423,125480,1024,10.91096813692047,13.91096813692047,17.41116714477539,0.0016047374922463849,1.0485691446964474,0.7494436502456665,-17.518779754638672,7.251333627313206,2.695997768661121,1.4946394140183688,17.518779754638672,10.909977629525212,11.50053882598877,14.350482940673828,14.960009717941265,15.901220321655273,32.35148218584095,11.8181713530103,11.200725780968018,19.38284309761669,21.589701614497088,25.42729572083327,17.41116714477539,9.960527511064058,10.524867534637451,13.30632009506226,13.961366653442383,15.069640159606934,-3.7583038806915283,-10.463343089896856,-10.956757545471191,-5.455347537994385,-5.121987342834473,-4.616119861602783,33.56614112854004,20.423870600960914,21.520788192749023,27.118314743041992,28.20688533782959,30.010573387145996,1.8357555254561506,1.4859898412309234,1.527002461764951,1.651539954988081,1.6814117257808956,1.7282806164655877,-0.14913073838511945,1.494638552545315
R1,mtbench,S4_k_stored_draft_l0,0.9010885059833527,1.5961277186870575,2.3108014345169092,2.794183743000029,3.747481107711792,4.132816185951234,4.955605015277929,5.894697142648467,8.392459869384766,5.994022520517986,8.392459869384766,352.0;96.0;31.0;992.0;917.0;606.0;542.0;854.0;985.0;667.0,0.22958841708522437,1.3678795756320816,0.0030775928438825854,0.014034214037053657,0.026110543927719485,0.1036317278993,4800,1024,0.28289462084581674,3.2828946208458167,8.134087562561035,-0.006282187292505475,1.0966715474366935,0.9010885059833527,-8.392459869384766,3.539368495847848,2.6765080208226064,1.400138194452348,8.392459869384766,5.234390089561542,5.195994853973389,5.917026996612549,6.134953498840334,6.652972016334534,5.472045586255257,3.276072188969769,3.2318976856895434,3.556392785995433,3.6063258934954985,3.736653848726082,8.134087562561035,4.829932995190223,4.770728588104248,5.583548641204838,5.938584876060486,6.595702147483826,-3.6608262062072754,-4.9895979457596935,-4.946487665176392,-4.292409229278564,-4.175330734252929,-3.9106016159057617,16.5265474319458,9.819530940949917,9.787229061126709,10.839444398880005,11.028428649902343,11.6823410987854,1.4648573064182147,1.3999616506440316,1.4011105735473293,1.427985460544797,1.4338983882524763,1.4447430465186317,-0.012296585366030037,1.400124100816461
R1,mtbench,S4_v_stored_ctx_l0,1.7943572998046875,3.546789824962616,5.7143795490264955,7.297717809677123,10.800561685562135,12.265534815788277,15.539817396164192,20.147447601890555,39.74536895751953,11.886269529844531,39.74536895751953,104.0;121.0;114.0;12.0;81.0;17.0;91.0;64.0;122.0;117.0,0.23948686595823798,3.2598584516289404,0.009328654056074045,0.03194839501916444,0.048518286536485364,0.1272180618871421,125480,1024,2.2597603684127217,5.259760368412722,39.74536895751953,0.0095082535287545,2.435463606029059,1.7943572998046875,-35.435997009277344,4.647345410550744,3.2300212738122096,3.343805123863735,39.74536895751953,13.498160391778068,12.69514799118042,18.905574798583984,21.031969165802003,25.431163787841797,27.914294382050336,4.642842753218087,3.7237329240570203,6.402640073568242,10.396346464823894,19.638614559668856,39.74536895751953,12.67498462134043,12.000689506530762,17.535133361816406,19.393550872802734,23.30006217956543,-4.925686836242676,-12.486917394150735,-11.692985534667969,-8.236047744750977,-7.28455924987793,-6.107727527618408,64.87823104858398,25.161902015491165,23.73576259613037,34.91071796417236,38.679756450653066,45.70353315353352,6.690032773557093,3.1352174702034774,3.0790044305794786,4.718446018971687,5.178507277712635,5.797370188375436,0.003591299539316437,3.343791605272703
R1,mtbench,S4_v_stored_draft_l0,2.049102783203125,3.542341470718384,5.217145919799805,6.335482120513916,8.722987174987793,9.597759423255926,11.471611976623535,14.993572235107422,19.40957260131836,6.125842162327121,19.40957260131836,124.0;33.0;1001.0;1022.0;1018.0;992.0;27.0;973.0;907.0;22.0,0.23782597496615177,3.096961081329633,0.004234508019902729,0.017373738773976792,0.031026766941228755,0.11856617967906333,4800,1024,0.42787254319717105,3.427872543197171,16.855915069580078,0.00013320839169940276,2.481461141763076,2.049102783203125,-19.40957260131836,3.6205477451617885,2.7530561190383684,3.168474160285079,19.40957260131836,12.353230989376703,12.298002243041992,15.306012153625488,15.306012153625488,15.943221092224121,4.948036757670406,3.420377937181553,3.3927897608586592,3.744786751692793,4.1481148914647346,4.1481148914647346,16.855915069580078,11.54469454685847,11.244894981384277,14.620391845703125,15.306012153625488,15.387138366699219,-8.235113143920898,-11.36376847465833,-11.232146263122559,-9.668584823608398,-9.332968711853027,-8.652591705322266,32.379672050476074,22.9084630215168,23.147478103637695,25.74371337890625,26.40400981903076,27.998897552490234,3.458984100984805,3.167260589938707,3.1613619291150266,3.272386990068408,3.3055989311825718,3.370863244152745,0.012501180967292639,3.1684741574849182
R1,mtbench,S4_k_stored_ctx_fp_l1,0.5274754464626312,1.3710591495037079,2.6338310718536393,3.324427723884582,4.552610926628114,5.0090333938598635,6.1413111691474915,7.777662453794385,13.45956039428711,9.037589325024458,13.45956039428711,990.0;222.0;93.0;670.0;477.0;29.0;925.0;798.0;968.0;392.0,0.6578500774639975,1.1627409494623866,0.009222199965685803,0.03879028496027524,0.06725819222931294,0.23741075917550114,125480,1024,2.201972489623442,5.201972489623442,9.596433639526367,0.005846618125731752,0.9865129077320326,0.5274754464626312,-13.45956039428711,4.123659810427305,3.0569072619153093,1.4892865686006025,13.45956039428711,6.291349429737659,6.087702751159668,7.273496770858765,7.920059680938721,10.172051429748535,18.183357774663563,5.240906286708351,5.00115942552387,5.801449722969533,6.832207460921513,11.240012638544236,9.596433639526367,5.950160501263192,5.864681720733643,6.909638118743899,7.277524042129516,8.137433052062988,-3.546175003051758,-5.816905422253635,-5.599278450012207,-4.964506149291992,-4.808907508850098,-4.485645294189453,19.558871269226074,11.767065923516826,11.511075973510742,13.353492403030396,14.045730590820312,17.363924503326416,1.6116018792552265,1.4872683786819716,1.5096175183713347,1.5575554495849584,1.567449130484115,1.5835123975970398,0.0011725855930674344,1.4892750922749796
R1,mtbench,S4_k_stored_ctx_l1,0.44935284554958344,1.486095666885376,2.8360695838928223,3.5151020050048825,4.692388834953309,5.14728414297104,6.154746005535146,7.392062567614796,9.813822746276855,6.299274542863649,9.813822746276855,93.0;990.0;798.0;222.0;477.0;87.0;392.0;29.0;846.0;782.0,0.69115963207218,1.1525766748032051,0.01032285552200102,0.04138614964763353,0.07306866765845765,0.2527725583627992,125480,1024,2.1098226353851652,5.109822635385165,9.813822746276855,0.010917803065111108,0.9948931513913414,0.44935284554958344,-9.226532936096191,3.9505945677659513,3.011940025557613,1.5579290407964175,9.813822746276855,6.379981423036133,6.290754318237305,7.197843074798584,7.599643707275391,8.62752914428711,9.909484919110625,5.085188394467247,5.049283708772201,5.482732836054399,5.664032017139123,7.133446043484513,9.813822746276855,6.086372328365081,6.073154449462891,6.8220953941345215,7.066080570220947,7.592381000518799,-3.3839902877807617,-5.962431409076251,-5.82761287689209,-5.145383358001709,-4.9793243408203125,-4.664328098297119,15.831318855285645,12.04880373744133,11.937009572982788,13.487090587615967,14.046730995178223,14.859679222106934,1.6557979543279586,1.5563316779791976,1.5731501035548534,1.620951998300601,1.6286790126819795,1.63986345299578,0.021182606322000176,1.55789078491821
R1,mtbench,S4_k_stored_draft_l1,0.436710387468338,1.2995796501636505,2.4222526550292995,3.101266801357269,4.926864800453193,5.681888728141786,7.450901508331299,8.526751518249512,8.595132827758789,6.0805741697612055,8.595132827758789,256.0;320.0;147.0;211.0;981.0;917.0;144.0;208.0;452.0;388.0,0.750092066352344,0.9634979259479398,0.019544240879117165,0.08200809084005756,0.13344117928035684,0.38239437433796536,4800,1024,3.9920307120646417,6.992030712064642,8.590448379516602,0.00986112222340483,0.8859664499633262,0.436710387468338,-8.595132827758789,5.2710947184754255,3.485480381034795,1.4135396736878114,8.595132827758789,7.859458902776241,7.858736991882324,8.536350727081299,8.56755256652832,8.590448379516602,8.068848329859577,6.985295245554076,6.995974123839025,7.494613588725043,7.570253932301644,7.67570310684023,8.590448379516602,7.0137080183625224,6.711280584335327,8.480401134490966,8.526751518249512,8.5732421875,-5.491855144500732,-7.341940895517667,-7.450902462005615,-6.222242116928101,-6.073768615722656,-5.751822471618652,16.29445171356201,14.35564891388019,14.378827571868896,15.741282939910889,15.903181505203248,16.19834040641785,1.416504239095553,1.4135395920748564,1.4136110625206215,1.4140325527478887,1.4141267074542874,1.414376347893208,-0.12495375889772353,1.4135052767350886
R1,mtbench,S4_v_stored_ctx_l1,2.4090540409088135,4.545820236206055,7.157697248458862,8.984495830535888,12.898148574829104,14.466855926513684,17.80320814514218,22.22577035770346,63.16855239868164,15.14213781001886,63.16855239868164,870.0;867.0;822.0;718.0;826.0;328.0;569.0;858.0;357.0;350.0,0.14298946048387096,4.129307733351011,0.006542271653514923,0.021990370925736344,0.03374237350002264,0.10011212389579313,125480,1024,1.5833656911894538,4.583365691189454,44.964019775390625,0.005832452881407302,3.1154422178702394,2.4090540409088135,-63.16855239868164,4.267608184097304,3.0918160350028345,4.17170634630507,63.16855239868164,15.794691843176329,15.350011825561523,21.99995231628418,24.169952392578125,29.529872531890856,16.989558686758375,3.5222094275338187,3.291813730772291,4.249241235048173,4.969902506515334,7.19111651579493,44.964019775390625,14.228004101145826,13.668387413024902,20.751571655273438,22.85988426208496,27.49237104415893,-5.380186080932617,-14.83587060069293,-14.572464942932129,-9.318282127380371,-6.956870079040527,-5.968224048614502,102.38394165039062,29.063874701838756,28.06716537475586,40.903573417663594,44.398382186889634,52.12622150421143,7.9060268679478565,3.9473249084034014,3.877018003469833,5.853718932152895,6.240758710222438,6.88721137546415,0.0004712624115060462,4.171702269133715
R1,mtbench,S4_v_stored_draft_l1,0.25217412412166595,0.6501897722482681,0.9681494474411012,1.238280302286148,1.777230788469316,2.0376405715942383,2.2975252859592605,2.350311279296875,2.389158248901367,4.074255607585365,2.389158248901367,386.0;879.0;799.0;108.0;811.0;52.0;804.0;121.0;822.0;816.0,0.733036950343942,0.41093223008906904,0.015332287344975281,0.07206726848057991,0.12233542793091522,0.3772797313330988,4800,1024,1.5330905174680396,4.53309051746804,2.389158248901367,-0.02031442501366352,0.41044628695529356,0.25217412412166595,-2.3189024925231934,3.917992993638292,3.0307295505536853,0.5864036228982005,2.389158248901367,2.3232570341726144,2.3348628282546997,2.350175404548645,2.3531810641288757,2.3589058566093444,4.6095136236359435,4.530062306107265,4.536901868353567,4.53690196720764,4.53690199710968,4.536902047730703,2.389158248901367,2.3232570341726144,2.3348628282546997,2.350175404548645,2.3531810641288757,2.3589058566093444,-2.0005667209625244,-2.273587110986312,-2.2829989194869995,-2.2327799558639527,-2.204147922992706,-2.166074912548065,4.690484523773193,4.596844145158927,4.617861747741699,4.648146629333496,4.654091227054596,4.66541374206543,0.5976266274818108,0.5863650524271973,0.5883725063042523,0.5922281990895112,0.5929890290721012,0.594426633120787,0.05852031673612231,0.5860516471135451
R1,mtbench,S4_k_stored_ctx_fp_l2,0.9838511943817139,1.8673841953277588,2.9101971864700342,3.619628465175628,5.113014926910402,5.674453623294833,6.875847145557847,8.650335736273982,11.583518981933594,6.702871811525743,11.583518981933594,748.0;303.0;759.0;943.0;751.0;699.0;949.0;1020.0;763.0;702.0,0.428309371615043,1.585718287923215,0.005410436985707434,0.023512902723303725,0.044376219435964114,0.16902479986146687,125480,1024,1.0705802754819054,4.070580275481905,11.583518981933594,-0.04691998028026125,1.2951696576800085,0.9838511943817139,-11.511061668395996,3.9787496428504276,2.9586763468813526,1.7281426987780768,11.583518981933594,7.213191472963425,7.091170787811279,8.312515258789062,8.761155128479004,9.585560998916627,5.702362358912249,4.0488523331782025,4.014499408502675,4.510694453813352,4.687034409312656,5.017249836360849,11.583518981933594,6.819348173989663,6.705079078674316,8.04030704498291,8.554543495178223,9.483197698593102,-4.478899002075195,-6.634459485116946,-6.543652534484863,-5.689650535583496,-5.491393566131592,-5.146847724914551,19.584399223327637,13.453807659106609,13.366759777069092,15.03475284576416,15.57471513748169,16.59507131576538,1.858847508115299,1.7277824968303876,1.7179747682307447,1.781471058456279,1.8069873182413454,1.8433704538313689,0.007043633416495688,1.7275056303209186
R1,mtbench,S4_k_stored_ctx_l2,1.012804627418518,1.8643284142017365,2.854410457611084,3.5436564087867732,4.985212798118592,5.545499193668367,6.680194454193164,8.09250129604154,11.022697448730469,6.445847781456077,11.022697448730469,759.0;341.0;748.0;277.0;1020.0;316.0;943.0;925.0;690.0;542.0,0.47894072094072004,1.5393270933187122,0.009666541865072972,0.03871397267025784,0.0666437739205328,0.22178813289396296,125480,1024,1.0665997798035338,4.066599779803534,11.022697448730469,-0.057435431545859214,1.2913836939700618,1.012804627418518,-10.805209159851074,3.906440941751109,2.915250373540841,1.7100461913546008,11.022697448730469,7.208441693827647,7.1128315925598145,8.278031349182129,8.633624076843262,9.422189712524414,6.29976038864371,4.061230409579377,3.9976321533290236,4.598246366256365,4.830407958980286,5.335888067089034,11.022697448730469,6.736826429395186,6.6273193359375,7.9560866355896,8.341387748718262,9.158985967636093,-4.398175239562988,-6.723949341402337,-6.598089694976807,-5.748973846435547,-5.549265384674072,-5.192946434020996,20.56332778930664,13.460775770797524,13.319015979766846,15.130308151245117,15.774993443489075,17.135523796081543,1.8558304805911285,1.7097620916311629,1.7011547635430482,1.7559436318806683,1.7782989949796404,1.8100299800216575,0.0038397819996795176,1.7090813754088823
R1,mtbench,S4_k_stored_draft_l2,0.36939215660095215,1.3854381740093231,2.6741692781448396,3.5147355556488034,5.114983081817627,5.50593900680542,6.527457330704057,6.93920060453353,7.897477149963379,5.262164013522709,7.897477149963379,222.0;797.0;606.0;861.0;158.0;542.0;748.0;989.0;538.0;602.0,0.7711174035525206,1.0013666919639992,0.01676322982689894,0.07257005898564876,0.1285863700023997,0.3990556831222765,4800,1024,2.97920171834694,5.97920171834694,7.436376094818115,-0.044381642082637285,0.9170996293997189,0.36939215660095215,-7.897477149963379,4.349306799272622,3.4081617954466648,1.5008040664769176,7.897477149963379,6.687463243305683,6.784003973007202,7.0694159984588625,7.126587891578675,7.247225074768067,6.498530066673259,5.977495762957928,5.977941765759978,6.289538690122304,6.349168953928809,6.414642258543648,7.436376094818115,6.1189705987771355,5.987807273864746,6.839498710632324,7.076238155364991,7.2231271982192995,-5.105756759643555,-6.477031542559465,-6.688979864120483,-5.680323123931884,-5.523339748382568,-5.376368999481201,14.265634059906006,12.5960021413366,12.681765794754028,13.028375911712647,13.23181676864624,13.36029625415802,1.5448340085152217,1.5008011981874345,1.500825635667884,1.5029853737073624,1.5042098744109325,1.5070952150260328,-0.12802161676442017,1.500147697995001
R1,mtbench,S4_v_stored_ctx_l2,2.891679525375366,5.631180167198181,8.975057506561283,11.341003322601319,16.396336059570316,18.44923169136048,23.305801277161002,29.779713993067727,53.740421295166016,10.178918752465203,53.740421295166016,468.0;511.0;427.0;410.0;483.0;268.0;415.0;331.0;503.0;306.0,0.10417065313745433,5.257106522699341,0.0017472369635078938,0.007973278481128304,0.01546829528673586,0.07217950134954093,125480,1024,1.8848932514196672,4.884893251419667,53.740421295166016,-0.008314983411908117,3.8887344566886397,2.891679525375366,-48.567535400390625,4.41432820852598,3.1056134017225165,5.279580533261529,53.740421295166016,17.494901206431056,16.73756217956543,27.50629234313965,30.68622398376459,36.94099426269531,4.922013843842886,3.1333505029522843,3.0807495934230333,3.423653053402829,3.6646724527456818,4.27429275701059,53.740421295166016,16.467933429260334,15.72851276397705,25.861386680603047,28.863237380981445,34.634831275939945,-4.550824165344238,-16.43364651799392,-15.717733383178711,-7.686306476593018,-6.0589985847473145,-5.341753959655762,98.59042358398438,32.901579947254255,31.57505989074707,51.47513389587402,57.08700942993164,68.4935188293457,11.145600142827922,4.895676989250325,4.7847933784829735,7.587371165821008,8.311014233649727,9.591934648529842,0.0028691327584821906,5.279573985488313
R1,mtbench,S4_v_stored_draft_l2,0.0,0.3374655023217201,0.6135130524635324,1.129034399986267,2.1621204328537007,3.1028517758846292,3.5087060928344727,3.8928818702697754,5.415368556976318,10.196933802532163,5.415368556976318,970.0;736.0;961.0;940.0;701.0;56.0;906.0;77.0;341.0;678.0,0.8139383323892058,0.345424938047051,0.04123071366629191,0.19369099476388424,0.3252133995427295,0.6647964341279846,4800,1024,13.189014211467928,16.189014211467928,5.415368556976318,-0.01186805864293658,0.2591233232803323,0.0,-4.355295658111572,6.606760626676742,4.071190851545912,0.531078132098057,5.415368556976318,3.6490600299835205,3.5588574409484863,3.986466455459595,4.262626004219056,4.777313208580019,24.752518941543922,17.8194327709423,18.97610391803299,22.11885438909668,22.11885485902597,24.752517932701448,5.415368556976318,3.5025230048100155,3.336459517478943,3.9856090784072875,4.2545862913131725,4.777313208580019,-3.1112937927246094,-3.5619633254408836,-3.545599579811096,-3.436323547363281,-3.4021515130996702,-3.304055213928222,9.570201873779297,7.064486330250899,6.897522211074829,7.625895404815674,7.916871654987335,8.597058951854715,0.9228049561739681,0.5259321034678629,0.4946701798292708,0.627025315217224,0.6895967332068845,0.7781928262946252,0.23543407063625021,0.5309455071632202
R1,mtbench,S4_k_stored_ctx_fp_l3,0.9287704825401306,1.827910602092743,2.9695636272430423,3.7475457549095137,5.262813377380372,5.823270449638369,7.039637303352366,8.438454372594839,10.983638763427734,6.308082468695162,10.983638763427734,619.0;698.0;555.0;613.0;48.0;877.0;440.0;702.0;246.0;171.0,0.458449268447093,1.580094650731649,0.007444419765294839,0.02884755666242747,0.05272539393130185,0.18596979307737457,125480,1024,1.2098896298024338,4.209889629802434,10.983638763427734,-0.0009031526598941046,1.2916730411016129,0.9287704825401306,-10.545135498046875,4.042978252991206,3.0225193596504543,1.7412008828254457,10.983638763427734,7.089980957015594,6.994695663452148,8.181469917297363,8.539416313171387,9.641394739150952,6.215762186109548,4.165899142270089,4.041939943413605,5.0652291489635495,5.390609806119435,5.7933846331439565,10.983638763427734,6.620212904427285,6.546903610229492,7.674274587631226,8.084803581237793,8.701972961425781,-4.288451194763184,-6.731543713650355,-6.619578838348389,-5.667582035064697,-5.46020979881287,-5.100508966445923,18.597912788391113,13.35175661807764,13.191045761108398,15.16434817314148,15.774484157562256,16.9393367767334,1.8554676902021985,1.7408647848909198,1.7358071824650068,1.7832806005219983,1.8206672954472274,1.8406070637396768,-0.00858656651410726,1.741200648594924
R1,mtbench,S4_k_stored_ctx_l3,0.9445360898971558,1.830855518579483,2.9456083059310925,3.709161388874053,5.210606241226198,5.804473876953125,7.074832514286226,8.011096726989358,10.251948356628418,5.905695413703157,10.251948356628418,555.0;249.0;557.0;752.0;190.0;946.0;698.0;702.0;235.0;301.0,0.5044829097159022,1.543794386831165,0.0100154141597884,0.04024256234333851,0.07102442528518428,0.23978817919904616,125480,1024,1.10591580347248,4.10591580347248,10.251948356628418,0.005105494735897271,1.297160526036904,0.9445360898971558,-10.033947944641113,4.075499064070492,3.001600506651669,1.73594261783981,10.251948356628418,6.911129682448627,6.826514720916748,7.8563432693481445,8.169814109802246,8.703534688949583,6.04462086010406,4.059410653630237,3.927527729407325,4.8835847756185595,5.269400406979495,5.733950322541074,10.251948356628418,6.4580089171068815,6.362768173217773,7.539617538452148,7.818017959594727,8.245712280273438,-4.536955833435059,-6.6337619974653474,-6.562525749206543,-5.680813312530518,-5.4640889167785645,-5.110123157501221,17.688313484191895,13.091770914572228,12.902572631835938,14.886566638946533,15.559496879577637,16.381377696990967,1.8618255489129514,1.7355340997286273,1.7269542237115774,1.7952009408263498,1.8199026085953438,1.8481506438708728,-0.0338410041866891,1.7359351100648996
R1,mtbench,S4_k_stored_draft_l3,0.8952109813690186,1.7762229442596436,2.60743420124054,3.279583513736724,4.42362117767334,5.126303951740266,6.001141550064087,6.155565013790008,7.0095720291137695,4.4224119250792775,7.0095720291137695,768.0;964.0;832.0;900.0;249.0;1016.0;877.0;384.0;448.0;235.0,0.6616260930536555,1.244766166179655,0.013999525267153205,0.05843542875202737,0.09582482288922016,0.3168185599856623,4800,1024,0.8620023502105907,3.8620023502105907,7.0095720291137695,-0.042024356644827204,1.1839224450880417,0.8952109813690186,-6.697328090667725,3.786182643514056,2.790908627077651,1.585011108839237,7.0095720291137695,6.049899795452753,6.020785331726074,6.166680812835693,6.253507804870606,6.384732532501221,4.154306672316722,3.860924637390937,3.855549045340032,3.9862249015565174,4.020703192355652,4.0739863553571025,7.0095720291137695,5.905509985884031,5.916524648666382,6.0520124435424805,6.110977149009704,6.302559514045717,-5.439078330993652,-6.027722291549047,-6.008729934692383,-5.873677539825439,-5.814214563369751,-5.658440589904785,12.849368572235107,11.933232277433078,11.926971197128296,12.163390254974365,12.213344073295593,12.433286814689636,1.6146648034054178,1.5850037824819765,1.587251944088125,1.5890035030863305,1.5898901552317704,1.593650214229339,0.0018283012979922319,1.584453902324828
R1,mtbench,S4_v_stored_ctx_l3,3.327104926109314,6.577154040336609,10.502092266082764,13.338992357254027,19.83849008560181,22.581637859344486,29.171257743836026,40.12598168792655,77.98723602294922,12.454856796934056,77.98723602294922,951.0;971.0;552.0;689.0;559.0;545.0;1019.0;975.0;549.0;546.0,0.1664276462327563,6.1950416897355165,0.0018838570891207196,0.008920736551341289,0.01743665994450805,0.0833049233902803,125480,1024,2.82099417831222,5.82099417831222,74.36648559570312,-0.009144702387771358,4.550153432081503,3.327104926109314,-77.98723602294922,4.658760283272719,3.1682819610488178,6.261592348628763,77.98723602294922,21.743638606488723,20.066936492919922,34.889808654785156,40.29157180786124,53.731056213378906,8.186542498625673,3.314581117967244,3.2123100481188906,3.827900822248054,4.137608271627848,4.83888550860275,74.36648559570312,20.423933654026047,18.82449245452881,32.67075729370117,37.96142578125,49.87103942870999,-3.8572232723236084,-20.240890273048045,-18.730419158935547,-9.547252655029297,-6.593391418457031,-5.005311489105225,137.00713348388672,40.66482392707409,37.68841552734375,64.41885375976562,74.62181854248047,99.65864032745269,15.44000884670399,5.775349767549982,5.587580305437157,8.898159116317075,9.935205022066043,12.606243827322729,0.009905867999398474,6.261585670964225
R1,mtbench,S4_v_stored_draft_l3,1.1580451130867004,2.5970341563224792,4.208739089965825,5.241455316543579,7.487908434867862,8.236692743301393,10.028558897018984,13.13639259548187,15.46983528137207,6.210441606828072,15.46983528137207,995.0;974.0;371.0;1010.0;999.0;925.0;629.0;276.0;193.0;311.0,0.7192435747960548,1.8445856769939932,0.025773743192448434,0.07434452483747794,0.12396709721544771,0.36101094247551313,4800,1024,1.7641799944028635,4.7641799944028635,12.134726524353027,-0.09147231711592202,1.7404097928604672,1.1580451130867004,-15.46983528137207,4.02601438850282,3.0060577405125226,2.49093965626595,15.46983528137207,12.784969870448112,12.740825653076172,13.425947093963623,13.759486150741578,14.470961503982547,5.034858840848362,4.749775865324311,4.795767693073408,4.838709481555566,4.902012781910081,4.984612438016676,12.134726524353027,9.398467837174733,9.375491619110107,9.913196182250976,10.185571002960206,10.820758161544802,-9.977890014648438,-12.784969870448112,-12.740825653076172,-12.191654205322266,-11.962075471878052,-11.33839235305786,25.79911708831787,22.183437707622847,22.17481231689453,23.037220096588136,23.449029588699343,24.062896413803102,2.925477683463965,2.489405086115503,2.479340367291984,2.599831671896786,2.6554677270074305,2.736656883451181,-0.12626574763315324,2.489259565886967
R1,mtbench,S4_k_stored_ctx_fp_l4,1.0415701270103455,1.9779283702373505,3.1130305290222178,3.886985111236572,5.406154918670655,6.022127151489258,7.369817335605738,8.703599461364487,11.245612144470215,6.083667031675286,11.245612144470215,564.0;243.0;573.0;230.0;751.0;631.0;633.0;237.0;114.0;428.0,0.41190766323411987,1.7121262185226198,0.007011870898549539,0.02968808331020347,0.04894423958287722,0.16467674117982797,125480,1024,0.9061089855637801,3.90610898556378,10.906046867370605,0.01929959778545113,1.3977031403334441,1.0415701270103455,-11.245612144470215,3.986934119557068,2.9246292708946418,1.84849237900738,11.245612144470215,7.338442860475801,7.205913066864014,8.550192832946777,8.861342430114746,9.840216636657715,6.176641828540101,3.8722714336174517,3.731419024684701,4.757004459313843,5.10588658304508,5.668485515981817,10.906046867370605,6.963646538842055,6.8021697998046875,8.355058956146244,8.727763175964355,9.747809410095215,-4.472053527832031,-6.805265859577889,-6.687036514282227,-5.787683010101318,-5.583674430847168,-5.247366428375244,19.731597900390625,13.768912398419944,13.562382221221924,15.746228694915771,16.43522357940674,17.80947268486023,1.9501374084807064,1.8482689838358402,1.8455205068356915,1.8879923513786496,1.9060180344257924,1.926595171664636,0.025374084126373583,1.8483916253796657
R1,mtbench,S4_k_stored_ctx_l4,1.083171010017395,1.9825116097927094,3.0629247188568125,3.8171381950378414,5.320393214225773,5.9138998675346395,7.20593323135388,8.37009334564209,11.077628135681152,6.047404335132106,11.077628135681152,564.0;237.0;888.0;243.0;612.0;114.0;548.0;686.0;633.0;619.0,0.4418832020702669,1.6787109027783294,0.008575669945858988,0.03888653353205352,0.06606624235828984,0.20829167252268765,125480,1024,0.6848417163445748,3.684841716344575,10.280117988586426,0.02387415475243896,1.4097259189978224,1.083171010017395,-11.077628135681152,3.9338016521424275,2.904463716802496,1.831798821740131,11.077628135681152,6.9446725942429595,6.814105033874512,8.116167068481445,8.441906929016113,9.096299171447754,6.086107274293066,3.6396656029741834,3.463475035937102,4.521320832397547,4.9081487837918,5.655262876004035,10.280117988586426,6.59754961561085,6.4037580490112305,7.984035491943359,8.308194160461426,8.88170337677002,-4.628190517425537,-6.555286844288957,-6.460195064544678,-5.6272033691406245,-5.448415279388428,-5.157156944274902,19.676196098327637,13.152836459899808,12.9100980758667,15.240048885345459,15.791290760040283,16.395796298980713,1.9405698862904976,1.831475758508795,1.8251983036953618,1.8824756391875614,1.898814695107854,1.9288885883424227,0.02558454036234934,1.8316432371134366
R1,mtbench,S4_k_stored_draft_l4,1.074384868144989,1.8939218819141388,2.841975665092469,3.3296756744384766,4.356610298156738,4.993488042354584,5.839373650550936,6.354291953611353,7.32551383972168,4.381984859035886,7.32551383972168,448.0;384.0;487.0;506.0;428.0;114.0;631.0;835.0;771.0;682.0,0.6012492184309897,1.388633747510744,0.01237221994996182,0.05142921804196389,0.0847069264296666,0.25997985188976036,4800,1024,0.23722043360899914,3.237220433608999,7.136667728424072,0.04085212657095369,1.304818971468818,1.074384868144989,-7.32551383972168,3.4930036967808777,2.606042494893158,1.6717341742101368,7.32551383972168,6.087760518093904,6.137321710586548,6.4055015563964846,6.518997573852539,6.84189085006714,3.5010316691852412,3.238070044119946,3.236464259217742,3.3276170921911667,3.354472182445582,3.411031146093529,7.136667728424072,6.019051621059576,6.109405279159546,6.379093170166016,6.462213635444642,6.704766216278077,-4.302671909332275,-5.301725533703963,-5.104797601699829,-4.801933288574219,-4.726727414131164,-4.598933277130126,13.001369953155518,11.32077715476354,11.29575252532959,12.07385220527649,12.240882396697998,12.538372950553894,1.7203839915725623,1.6717150361217197,1.674188583008081,1.679919627978563,1.680884914790897,1.6871351875677312,0.03609839060490037,1.6712349484667557
R1,mtbench,S4_v_stored_ctx_l4,3.392029643058777,6.6445441246032715,10.528275489807138,13.257091856002805,19.258778705596935,21.800531024932877,27.74031363296568,36.94736170196291,84.8682861328125,13.686060816203955,84.8682861328125,44.0;40.0;23.0;101.0;81.0;57.0;117.0;82.0;38.0;53.0,0.13103424474197722,6.156963339038893,0.0018282374068317561,0.008786667501390039,0.017197370648523072,0.08195167153891393,125480,1024,2.217852907158135,5.217852907158135,84.8682861328125,0.03433839450499036,4.556649816918605,3.392029643058777,-77.39982604980469,4.473468674119416,3.1057162648263614,6.201074748428018,84.8682861328125,21.67828598104543,20.25587272644043,34.50389862060547,39.65443420410156,51.243038177490234,8.802487733803588,3.3639716754019244,3.1539410859581993,3.8984108083624247,5.087692715190174,6.629673210256497,84.8682861328125,20.376712738810202,19.02129554748535,32.30510864257814,37.61311340332031,47.87181854248047,-4.7912278175354,-20.190048414546666,-18.929941177368164,-9.54951286315918,-7.891434669494629,-6.739839553833008,140.93933868408203,40.56676115335687,38.10737991333008,63.774673652649106,73.21354293823242,93.48722839355469,13.201714595575512,5.767635099956065,5.697689954810647,8.725597934236763,9.606393760725823,11.422301893033433,0.005481479055754823,6.200979673426969
R1,mtbench,S4_v_stored_draft_l4,1.4527825117111206,2.462741732597351,3.6530188560485892,4.4237796545028685,6.47959115982057,7.2342878818512,9.062671996117334,10.44055371408409,12.211604118347168,5.282863357911973,12.211604118347168,679.0;680.0;743.0;666.0;766.0;829.0;659.0;853.0;742.0;452.0,0.6062335030848996,1.9320893532722323,0.01703696198391215,0.061250344799143236,0.10375508011047094,0.3006316340698947,4800,1024,0.7078533670389335,3.7078533670389335,12.211604118347168,0.05593354753271362,1.7948769711869121,1.4527825117111206,-10.673995971679688,3.920603497220423,2.803136621587398,2.3115502505016043,12.211604118347168,9.706805521547794,9.8114914894104,10.4639178276062,10.639923429489135,11.21483437538147,4.473477377580776,3.6978974379185607,3.6789579287380976,3.951369113017684,3.970471228769595,4.0197864719766025,12.211604118347168,9.691831798354785,9.810829162597656,10.463361835479736,10.639923429489135,11.21483437538147,-6.417030334472656,-8.414034230609735,-8.39029312133789,-7.778260135650634,-7.585655736923218,-7.20774719238281,22.63260555267334,18.10586602896452,18.16065287590027,19.314204025268555,19.740543937683107,20.644127826690674,2.7440714541159896,2.3091640202025423,2.289692751987511,2.460559330953711,2.517097463700153,2.6011468911738342,0.04010646230525517,2.310873427700971
R2,gsm8k,S4_k_stored_ctx_fp_l0,0.7188551723957062,1.4018866419792175,2.164588522911072,2.6741536259651184,3.998643190860751,5.00341500520707,9.71132295131716,12.972887047384635,16.974462509155273,12.285808329691928,16.974462509155273,224.0;352.0;736.0;608.0;992.0;96.0;604.0;415.0;799.0;31.0,0.44635469660945437,1.2413852084754038,0.03914028335925008,0.13619267563547277,0.17228498198619574,0.2873432837861464,42995,1024,7.065756243480017,10.065756243480017,14.952709197998047,-0.022330995202238045,0.9834702895403408,0.7188551723957062,-16.974462509155273,7.028879550281457,2.89414547266202,1.3816317212219535,16.974462509155273,9.399491587804215,9.896761894226074,12.830698013305664,13.445767402648926,14.567415237426758,26.622292613206103,8.610392446865404,7.821550253580335,12.885691963535233,14.238405335709095,17.319427786082986,14.952709197998047,8.304941682486163,8.857479095458984,11.369609832763672,11.952095985412598,13.089814186096191,-4.0628342628479,-8.929295167247561,-8.693524360656738,-5.36429347991944,-5.067793083190918,-4.6066789627075195,29.987462043762207,17.234236849733723,18.089245796203613,23.695351982116698,24.648462772369363,26.640910148620605,1.6612497595142424,1.3706447658863117,1.4265615264873763,1.5554944323977398,1.5789253403608974,1.610211282120214,-0.19949433596914753,1.3814512440690825
R2,gsm8k,S4_k_stored_ctx_l0,0.7379902303218842,1.418362021446228,2.1525665760040287,2.6558334827423096,3.9625109457969687,5.304797246456165,10.192359154701514,13.527851498030387,17.135574340820312,12.268214128861151,17.135574340820312,224.0;352.0;736.0;992.0;608.0;415.0;96.0;799.0;149.0;31.0,0.49144291527265827,1.2264201063825126,0.041960376732214345,0.15275747130204606,0.20454055239007188,0.32690164613090456,42995,1024,8.091487763884828,11.091487763884828,16.829734802246094,-0.014074807514734337,0.9937961626167789,0.7379902303218842,-17.135574340820312,7.297219346203158,2.836959637541168,1.396745619275476,17.135574340820312,9.359913734292302,9.74575138092041,13.196006774902344,13.857804298400879,14.839811325073242,29.362935412160546,9.162053824898226,7.630952231498896,15.750376529547095,17.680291713988286,21.811741505474966,16.829734802246094,8.417246050689924,8.860248565673828,12.113326072692871,12.860963821411133,14.17609691619873,-3.9493625164031982,-8.972919200489528,-8.993779182434082,-5.210530757904053,-4.926519870758057,-4.581117153167725,32.858903884887695,17.390165251179454,18.12686538696289,24.83603572845459,26.099787712097168,28.058542594909657,1.7276973656627514,1.3877079682408318,1.4352833137890362,1.5649073364539092,1.5901121186889675,1.6381605907413912,-0.1724588310621763,1.396674702555558
R2,gsm8k,S4_k_stored_draft_l0,0.8931075632572174,1.5830049514770508,2.3248334646224977,2.780512011051177,3.730671424865724,4.106681823730469,4.859384536743164,6.042563919353483,7.944094657897949,5.6751490751520235,7.944094657897949,917.0;403.0;795.0;31.0;149.0;793.0;114.0;605.0;224.0;796.0,0.246581916947338,1.3611831739846436,0.003145308198182734,0.014064738411367182,0.026565080318635064,0.10837168726099856,3600,1024,0.2857413442625627,3.2857413442625627,7.278693199157715,-0.0017696703859093113,1.0946747408239756,0.8931075632572174,-7.944094657897949,3.4714757120987314,2.6651389992531955,1.3998036972597316,7.944094657897949,5.246208699146907,5.1846113204956055,6.041943550109863,6.24514772891998,6.419840607643126,4.326256341909242,3.2788931070947482,3.2323572936794025,3.533369348633719,3.596962370672475,3.786877711214239,7.278693199157715,4.747778631051381,4.59326696395874,5.536848306655884,5.809584617614746,6.188043408393859,-3.638448715209961,-5.009858182801141,-4.843457460403442,-4.2879791259765625,-4.254937672615052,-4.002802820205688,13.706607341766357,9.757636813852523,9.743714094161987,10.736997699737548,10.910848045349121,12.014921932220455,1.4588471949638333,1.3996340770447153,1.4010374589154324,1.4304507020906034,1.4320142090427552,1.4460097259412266,-0.01946796039254628,1.3998025786262647
R2,gsm8k,S4_v_stored_ctx_l0,1.890028178691864,3.748384416103363,5.990967750549316,7.583732295036314,11.129420680999758,12.707148008346563,16.264578060150157,22.704749613565287,37.77865982055664,10.49437242965832,37.77865982055664,31.0;20.0;36.0;100.0;121.0;125.0;114.0;122.0;94.0;43.0,0.20964598193563155,3.5384465208461515,0.003426737504803889,0.013695089957670003,0.02455567866433616,0.09861916384423694,42995,1024,1.923904467637385,4.923904467637385,32.27002716064453,0.0057974416572684805,2.621546815120316,1.890028178691864,-37.77865982055664,4.518067617676292,3.0915941991462645,3.5998969994422674,37.77865982055664,13.096213659528717,13.337056159973145,19.58406639099121,21.544166564941406,25.447256202697755,6.477132751252441,3.5671961703572572,3.3820405308170436,4.4882724799660725,5.197545221070246,5.736741176187946,32.27002716064453,12.249766108057834,12.428359031677246,18.306050109863282,19.95231819152832,23.651132583618164,-3.130352020263672,-12.116185715753321,-12.360730171203613,-3.936645984649658,-3.605032444000244,-3.3768696784973145,63.859853744506836,24.365951823811155,24.959871292114258,36.196353149414065,39.40579319000244,46.14335823059082,6.995396394220573,3.338881182449564,3.5422234366831966,4.993435995624207,5.260917522446252,5.824771270311221,0.012723510053437215,3.5998923312043196
R2,gsm8k,S4_v_stored_draft_l0,2.046489953994751,3.535299301147461,5.170750141143799,6.252141952514648,8.605965614318848,9.54644762992859,12.13976001739502,14.617197036743164,19.696109771728516,6.230651017135745,19.696109771728516,10.0;65.0;1023.0;83.0;905.0;1016.0;72.0;100.0;23.0;965.0,0.2405029742551812,3.087922156210278,0.0039514855311461915,0.01751252440007179,0.03304217554109419,0.12009413860111033,3600,1024,0.44517568173871913,3.445175681738719,19.696109771728516,0.021448756616509853,2.48199387765107,2.046489953994751,-17.153596878051758,3.840281607728273,2.7224040193590606,3.1611640128069465,19.696109771728516,12.429234357410007,12.470818519592285,14.460343360900879,15.247221946716309,15.306503295898438,4.761045797868227,3.429222513154183,3.410820239473577,3.859342406983622,3.9826508120297466,4.084842980831208,19.696109771728516,11.725060052076975,11.696524620056152,13.81905937194824,15.247221946716309,15.247221946716309,-8.294034957885742,-11.566944629881117,-11.25008487701416,-9.398143768310547,-9.28618049621582,-8.975865364074707,36.438493728637695,23.292004681958094,23.553958892822266,26.31302547454834,26.32908535003662,28.56836700439453,3.4773340771162027,3.1598852366630137,3.1648074817681637,3.2771663212363022,3.292812525058879,3.3628252294479104,0.008399487635272727,3.161091246184666
R2,gsm8k,S4_k_stored_ctx_fp_l1,0.5316553711891174,1.3634937405586243,2.618139982223512,3.3238428354263303,4.583971328735352,5.067896842956543,6.232285995483716,8.207017308326773,13.136370658874512,9.027729277100343,13.136370658874512,990.0;222.0;93.0;456.0;798.0;670.0;477.0;861.0;734.0;258.0,0.6668101742155448,1.1402553913993723,0.01230953467892384,0.05198422827843512,0.08386370051647712,0.27322477160310604,42995,1024,2.4928587613848396,5.49285876138484,10.026453971862793,0.021814741246634347,0.9724183945745704,0.5316553711891174,-13.136370658874512,4.2830239954200024,3.150250038191163,1.4551134904096106,13.136370658874512,6.571170974518064,6.284776210784912,7.759387016296387,9.077592849731445,11.49101448059082,17.92917520796059,5.583593039461688,5.124742547378352,7.135714543629978,8.243408532386214,12.830828639894955,10.026453971862793,6.152516779881298,6.113401412963867,7.126959323883055,7.5026535987854,8.319536209106445,-3.520766496658325,-6.062699557615028,-5.72641134262085,-5.025876045227051,-4.826160430908203,-4.495960741043092,19.464754104614258,12.215216337496326,11.867926120758057,14.041187286376953,15.883026599884033,18.307674884796143,1.5860498645960848,1.4528886685083775,1.4765795421025356,1.5297134914456516,1.5419271638579515,1.5592275144816323,0.021054034431603974,1.4549499603204166
R2,gsm8k,S4_k_stored_ctx_l1,0.467941090464592,1.4630889296531677,2.8080765962600718,3.492239665985106,4.6766292810440095,5.15819917201996,6.235653772831049,7.630252361297607,9.539071083068848,6.269523569906871,9.539071083068848,93.0;990.0;798.0;861.0;477.0;222.0;324.0;456.0;392.0;136.0,0.695293144204631,1.139411436914656,0.013722379150673664,0.05591290317353202,0.08864450864944622,0.2790869621728276,42995,1024,2.1894110080964104,5.18941100809641,9.539071083068848,0.033139835951592034,0.9902531875609472,0.467941090464592,-9.089231491088867,4.098363243349029,3.0736994461927556,1.5214985599313318,9.539071083068848,6.56257740371878,6.4416279792785645,7.612772464752197,8.180344581604004,8.998963356018066,9.145881791648813,5.181642507744072,5.093986327130228,5.55867755482291,5.93613029279121,8.766204481551343,9.539071083068848,6.2221396326394895,6.243520259857178,6.957939624786377,7.191562891006465,7.81598424911499,-3.97428560256958,-6.140920744098637,-5.913866996765137,-5.189519882202148,-4.993074417114258,-4.637823104858398,15.630659103393555,12.363060376738126,12.199822902679443,14.135591506958008,14.58457612991333,15.293030261993408,1.6448043636740404,1.5195306372545112,1.5376334021920026,1.5870049844295784,1.599359618971871,1.6184234256659862,0.06492900877287786,1.5211376069068234
R2,gsm8k,S4_k_stored_draft_l1,0.44442373514175415,1.3155622482299805,2.5896213293075574,3.3004045486450195,4.6960167217254645,5.458521680831909,6.438951800346525,7.478939348744935,8.64757251739502,5.9968169682705454,8.64757251739502,256.0;320.0;147.0;211.0;782.0;846.0;990.0;786.0;981.0;213.0,0.7399703552240857,1.0187923980731206,0.01651147932989135,0.07643853162077464,0.129967517052617,0.3608083878496736,3600,1024,2.9581763122892957,5.958176312289296,8.480875015258789,0.014100052953040648,0.9228478910715867,0.44442373514175415,-8.64757251739502,4.465208627799516,3.2565384914064537,1.442027089229128,8.64757251739502,6.8845410433080465,6.91096305847168,7.478956508636474,7.610309672355651,7.9431554269790645,6.808272521332965,5.951041270238737,5.953709019296937,6.2870048659227935,6.371356593305381,6.540169379613145,8.480875015258789,6.359397756126192,6.163754940032959,7.287795972824097,7.4873800516128535,7.794165139198301,-5.275391101837158,-6.6158443127738105,-6.651426315307617,-5.87344126701355,-5.730837941169739,-5.539215030670166,15.070348739624023,12.975242068900002,12.973539352416992,13.821996068954467,14.096709704399109,14.511741361618041,1.5945469626786262,1.4415017027750916,1.4256218306503312,1.5031808183984943,1.5327330444940945,1.5689080071384296,-0.13188787271842947,1.441958152852347
R2,gsm8k,S4_v_stored_ctx_l1,2.5090534687042236,4.793468475341797,7.513733768463141,9.430974721908568,13.488418531417848,15.121143131256105,18.72529785156295,23.319640861128875,41.03115463256836,9.081108257090396,41.03115463256836,867.0;286.0;309.0;870.0;330.0;344.0;329.0;333.0;261.0;315.0,0.14770539124785564,4.476122056403445,0.0030794974137318375,0.013923559140886837,0.02538284917225215,0.09507504284438398,42995,1024,1.336595613905435,4.336595613905435,41.03115463256836,0.03598961704975381,3.3694618791534947,2.5090534687042236,-35.2066764831543,4.144325414652881,2.985287399236965,4.5182981494061405,41.03115463256836,15.672301337092073,15.758186340332031,22.65110969543457,24.230518341064453,28.769371032714844,5.26662656686294,3.299144397455009,3.182900718033529,3.8131064668951127,4.174839469387361,4.781569591374991,41.03115463256836,14.535548323034506,14.666685104370117,21.766796112060547,23.372081756591797,27.7181339263916,-5.980657577514648,-14.764426936819355,-14.848549842834473,-7.681195259094238,-7.305084228515625,-6.837751388549805,60.776031494140625,29.29997525985386,29.70838165283203,42.79331398010254,45.14793014526367,51.23724060058577,7.8068490654966585,4.257483045252575,4.440196353313676,6.100120535413994,6.47936884707697,6.993257608543633,0.0037976701614445196,4.518154813017319
R2,gsm8k,S4_v_stored_draft_l1,0.732031911611557,1.2807578444480896,1.914499640464783,2.382120430469512,3.726731777191162,4.53205680847168,6.685311796188536,10.30496964730918,19.485029220581055,16.23742940798331,19.485029220581055,264.0;361.0;698.0;310.0;273.0;258.0;542.0;752.0;320.0;514.0,0.3117202908447694,1.152737092345206,0.005118598312991269,0.024022534043531902,0.04252899307658016,0.153730195418873,3600,1024,3.477338031619751,6.477338031619751,19.485029220581055,0.015422648290637223,0.9054688118882189,0.732031911611557,-17.985965728759766,5.571060588726814,3.1055916555010006,1.2000070165663677,19.485029220581055,4.12319904519452,3.6222935914993286,5.501162433624267,7.25761384963989,11.899201059341419,6.7798096830053245,3.1270018663407577,3.0919918590681537,3.355651774630946,3.4876870921592253,3.9340856028377096,19.485029220581055,3.833684372769462,3.3766645193099976,5.10012264251709,6.685640764236441,11.267427234649658,-2.355760097503662,-3.9166655168268414,-3.4744036197662354,-2.931472706794739,-2.822995698451996,-2.6501916670799255,31.492809295654297,7.750349889596303,6.819145321846008,10.160853767395018,13.436447715759273,22.0004112339019,4.004147550934824,1.1434245826720109,1.026491151808009,1.4743190729695423,1.8315848519572981,2.9014398021344134,0.0004804102895596101,1.1999079055195103
R2,gsm8k,S4_k_stored_ctx_fp_l2,0.9747672379016876,1.8685569763183594,2.9161512136459353,3.6387228131294247,5.146078147888184,5.706353578567506,6.974874820232588,8.543074607944488,11.42751693725586,6.539599748574042,11.42751693725586,759.0;748.0;696.0;314.0;943.0;368.0;303.0;1003.0;683.0;690.0,0.4664175388969374,1.5779631360822175,0.006877670573008373,0.027115048941062238,0.049766379250366,0.19116989278426852,42995,1024,1.1401519720339826,4.1401519720339826,11.42751693725586,-0.04024659940352948,1.3022504376370976,0.9747672379016876,-10.320515632629395,3.991496129139116,2.94493471738868,1.7474336926732599,11.42751693725586,7.297364532704935,7.18988037109375,8.451737403869629,8.770391368865953,9.43761920928955,5.702362108286244,4.111551745711186,4.076450623441539,4.588399945224288,4.7191035404197414,5.110057639464559,11.42751693725586,6.913226817244499,6.76520299911499,8.199362564086913,8.679487228393555,9.377492904663086,-4.738620758056641,-6.7074607054595825,-6.64566707611084,-5.768649482727051,-5.583085393905639,-5.24939525604248,19.73433494567871,13.620687522704081,13.565027236938477,15.25827693939209,15.694441795349121,16.56910228729248,1.8587882786336387,1.7469869685632182,1.733649021680976,1.8077249240330548,1.8318156696007615,1.849398935652421,-0.006503015486589319,1.7469701547325178
R2,gsm8k,S4_k_stored_ctx_l2,1.0082935094833374,1.8645922243595123,2.870543599128724,3.5735112309455865,5.0193634033203125,5.5806040930747995,6.641813900947623,7.9577947535037525,9.980132102966309,5.775172245933509,9.980132102966309,748.0;989.0;301.0;696.0;292.0;759.0;751.0;375.0;308.0;358.0,0.4912248189958204,1.54710612139381,0.008480207462209436,0.03890005601406882,0.06726540253600818,0.2266831262629334,42995,1024,0.9386632652202453,3.9386632652202453,9.980132102966309,-0.04831845307817367,1.3068589029888602,1.0082935094833374,-9.827674865722656,3.8433979538214107,2.9045395311444895,1.7281098602718996,9.980132102966309,7.00191811359626,6.933925151824951,7.914494514465332,8.231973648071289,8.81531047821045,5.10272740433857,3.9286897783949013,3.9077458145191915,4.287658246174097,4.416087657547642,4.74237120718052,9.980132102966309,6.609809470695179,6.516792297363281,7.75271463394165,8.045038223266602,8.81531047821045,-4.276641368865967,-6.4855331947254795,-6.394688129425049,-5.723161697387695,-5.542336940765381,-5.254349708557129,17.20476007461548,13.095342665420658,13.067608833312988,14.354366779327393,14.773675441741943,15.602738380432129,1.8440113220972925,1.727767599033478,1.7187214400542599,1.779844882747497,1.798726232627612,1.8231079665097474,-0.013614611184679137,1.7274342292142695
R2,gsm8k,S4_k_stored_draft_l2,0.9597519338130951,1.7333954274654388,2.633118891716004,3.2265806198120117,4.370615677833559,4.817755308151246,5.818948798179629,6.907016116189278,8.947206497192383,5.697612874679908,8.947206497192383,606.0;748.0;222.0;702.0;687.0;759.0;370.0;701.0;989.0;384.0,0.5548060453092127,1.3630053466041852,0.012413951096892714,0.047976192336878144,0.08101184202075733,0.2622702221974146,3600,1024,0.5821064640498079,3.582106464049808,8.468862533569336,-0.0756720017176202,1.2103563211397825,0.9597519338130951,-8.947206497192383,3.7055272614994563,2.783223586503404,1.570343000478957,8.947206497192383,6.092191945844227,6.042712211608887,6.82601842880249,7.077584004402159,7.5055292367935165,4.440664947432905,3.576550685364495,3.5655462199915586,3.8316453288199606,3.9069069492581283,4.074482127914609,8.468862533569336,5.256004894839393,5.177950382232666,5.92607741355896,6.200120067596435,6.8363078641891475,-4.449991226196289,-6.017557720078362,-5.9869704246521,-5.2789911270141605,-5.10842616558075,-4.783534383773806,14.567795753479004,11.273562614917756,11.21013331413269,12.325092220306397,12.673884296417235,13.37491842746734,1.6513225133851261,1.5701985249985557,1.5687313948848487,1.5987167384327245,1.606765885715512,1.622923150873796,-0.06518994640804478,1.5685186920496998
R2,gsm8k,S4_v_stored_ctx_l2,3.057742476463318,6.076772689819336,9.685671520233155,12.22862558364868,17.73578338623048,19.96658655166627,24.86504479599068,32.31461336860655,53.424774169921875,9.227380743714185,53.424774169921875,330.0;404.0;491.0;465.0;503.0;433.0;719.0;390.0;395.0;264.0,0.12336176587622683,5.75485486746958,0.00200578177106583,0.009443498147993253,0.017665578881831224,0.07880181590381913,42995,1024,1.6726644037984713,4.672664403798471,53.424774169921875,0.001905081692229655,4.230596310395108,3.057742476463318,-47.982540130615234,4.2946224688262555,3.06327595456504,5.789809226883321,53.424774169921875,19.14425902926155,19.738128662109375,29.667694091796875,32.37571716308594,38.24566650390625,4.607927254404272,3.198692624989344,3.113895411330438,3.681738497001884,3.958483754974158,4.328472062537576,53.424774169921875,18.00606874194668,18.33245849609375,27.75784683227539,30.62516975402832,36.61170959472656,-4.315164089202881,-17.938534383943487,-18.46378517150879,-5.50416374206543,-5.018392086029053,-4.643929958343506,96.2025375366211,35.94460312589017,37.24813270568848,55.42123603820801,60.17679214477539,69.30026245117188,11.164873090843,5.331847783680502,5.6527568693822134,8.112365772040102,8.788575725066925,9.69138972623457,0.0011672073808920028,5.789808913458802
R2,gsm8k,S4_v_stored_draft_l2,1.820278525352478,3.1561654210090637,4.685168313980105,5.792245173454285,8.47348468780519,9.902381219863896,13.598974781990666,20.068162383838676,37.828758239746094,12.8924563607372,37.828758239746094,480.0;489.0;429.0;445.0;435.0;494.0;407.0;503.0;629.0;991.0,0.24736230584803942,2.8618919075227423,0.004243932545540197,0.01884853464231769,0.033759662090375335,0.12466729944802325,3600,1024,1.595201894547487,4.595201894547487,32.61145782470703,-0.02615090783013481,2.253581498413867,1.820278525352478,-37.828758239746094,4.63467999177858,2.8878566636671215,2.934177722326843,37.828758239746094,10.719171919027964,9.90583086013794,14.258607959747314,16.601962184905997,23.31623146057125,5.223946751344539,3.2386828087524058,3.2156506514509466,3.5366561280945827,3.6588053497922988,3.9356597831736257,32.61145782470703,9.908502135674158,9.194968223571777,13.025236511230469,15.407605934143065,21.781531295776347,-5.274275302886963,-10.115688196950488,-9.401015281677246,-7.504143714904785,-7.14523687362671,-6.502131309509277,70.44021606445312,20.02419033262465,18.595458507537842,26.04213151931763,30.326024150848387,43.1513365745544,7.754724404472844,2.8520449368283143,2.6492280756613273,3.630122834456994,4.180114588571213,5.799524287614973,-0.029915635596382002,2.9340611848117275
R2,gsm8k,S4_k_stored_ctx_fp_l3,0.8988044261932373,1.80806365609169,2.9867878437042235,3.782643389701841,5.339655032157905,5.94171424150467,7.109280152797769,8.371828344916135,10.35045337677002,5.875441413979006,10.35045337677002,440.0;877.0;243.0;555.0;698.0;949.0;873.0;231.0;619.0;574.0,0.5305912961113888,1.541618621959362,0.010035625558511901,0.03609854574146675,0.06348260799222383,0.224678506619247,42995,1024,1.5384795662069735,4.5384795662069735,9.845525741577148,0.008809915182056254,1.2770275382646807,0.8988044261932373,-10.35045337677002,4.035587380845908,3.0310585604601044,1.7616469380741242,10.35045337677002,7.378651830498209,7.31201171875,8.473385047912597,8.714111042022685,9.858333587646484,6.329220323266768,4.491718192128568,4.329389611641267,5.392271540565877,5.56130690238837,5.895548233841795,9.845525741577148,6.745578856423284,6.7010579109191895,7.782195568084717,8.12271738052368,8.637615203857422,-4.731339931488037,-7.113633775450432,-7.021632194519043,-5.946627140045166,-5.720608234405518,-5.357726879119878,17.971930027008057,13.859212631873715,13.681551456451416,15.662784671783442,16.478531694412172,17.234010696411133,1.855467669774339,1.761286144551355,1.7562810712806656,1.8225403916759353,1.8317332454054804,1.845526675604878,-0.01965362350835872,1.761624908946403
R2,gsm8k,S4_k_stored_ctx_l3,0.91901496052742,1.82783842086792,2.9750898361206066,3.75456244945526,5.270725727081299,5.851162433624268,7.15117448377618,8.046531406592958,9.5088529586792,5.404722203107509,9.5088529586792,235.0;377.0;108.0;767.0;624.0;574.0;557.0;877.0;183.0;873.0,0.5533449390010583,1.5239785414684712,0.010742930241283784,0.04329285291164951,0.07731320359484783,0.26241055008272834,42995,1024,1.404241557054255,4.404241557054255,9.450118064880371,0.016520231252854345,1.2867407495590977,0.91901496052742,-9.5088529586792,4.064644987015299,2.99581963118327,1.7593601671538217,9.5088529586792,7.167615331141168,7.120460510253906,8.156430435180663,8.367799758911133,8.900431632995605,6.002253458804766,4.3479327505023875,4.164417064625502,5.283513479566162,5.576258769772169,5.808675161557137,9.450118064880371,6.696332138069065,6.620008945465088,7.806639671325684,7.967634725570676,8.28632888793945,-4.6368727684021,-6.915042238715693,-6.841454029083252,-5.8671746253967285,-5.640493392944336,-5.290626468658448,17.573272705078125,13.611374376784758,13.41960859298706,15.6273512840271,15.966158390045166,16.683671951293945,1.8592885237482346,1.7589190254017428,1.7492861553937256,1.8203298631680818,1.838541029231489,1.8526787247966172,-0.02396632584253396,1.75928260371291
R2,gsm8k,S4_k_stored_draft_l3,0.9732167422771454,1.7610344886779785,2.6708831787109393,3.3092849135398863,4.690997748374943,5.2852349281311035,6.322250033378631,7.102306780575974,8.456729888916016,5.230943602349328,8.456729888916016,586.0;768.0;698.0;235.0;249.0;555.0;877.0;832.0;964.0;448.0,0.56646634143334,1.3911837524654913,0.013036624702241883,0.05528020156537944,0.09182192222365881,0.2814453661831363,3600,1024,0.8836783411829625,3.8836783411829625,8.449187278747559,-0.03096199562956169,1.233981855783719,0.9732167422771454,-8.456729888916016,3.9106526753207977,2.901635145360228,1.616673879855619,8.456729888916016,6.524445768727197,6.5092620849609375,7.144167280197143,7.363381791114807,7.775952472686767,4.95784645248052,3.8800317323721387,3.8720102173465243,4.137729012325407,4.23113118214595,4.379434120106674,8.449187278747559,6.103253752655453,6.076558828353882,6.856801843643188,7.1257518291473385,7.630209064483641,-4.557339191436768,-6.310136464436849,-6.306349992752075,-5.640760231018066,-5.452579689025879,-5.171946792602541,15.963376998901367,12.413390217092303,12.402318954467773,13.434669256210327,13.723621678352355,14.280950522422788,1.7323909301486557,1.616487000348457,1.6159815305797884,1.6488337766047734,1.6575495287633182,1.6708757227488353,-0.02886761725737511,1.616377365788712
R2,gsm8k,S4_v_stored_ctx_l3,3.528200149536133,7.096956014633179,11.384423828125001,14.508259773254395,21.847438106536867,25.153589992523194,33.49479799652251,45.64654602124799,78.68976593017578,11.410775794093324,78.68976593017578,639.0;520.0;602.0;607.0;582.0;576.0;709.0;589.0;565.0;919.0,0.1832546596663014,6.8073998068525645,0.0022083205240630466,0.009939226623882205,0.019092424193774674,0.08764860460867899,42995,1024,2.573248872936821,5.573248872936821,78.68976593017578,0.05677781542916696,4.955580871392342,3.528200149536133,-70.57266998291016,4.857069095184571,3.168089458167055,6.896092548843941,78.68976593017578,24.058168947892156,23.864913940429688,38.85349655151367,44.79518508911133,55.89577865600586,5.556198041754812,3.4084712656299794,3.28388313061247,4.05885425376024,4.289610620942292,4.878174789925552,78.68976593017578,22.353058599990415,22.210670471191406,35.908573150634766,41.336917877197266,52.43560295104939,-4.517430305480957,-22.591812073600778,-22.355648040771484,-6.470319747924805,-5.653176307678223,-5.3285088539123535,128.51300811767578,44.9448706735912,44.884117126464844,71.7800407409668,82.2865982055664,104.17545288085935,14.743101891309728,6.305187766049733,6.671384549847628,9.679448980284917,10.682423177247763,12.789002661155624,-0.00524755318561894,6.8958588095969615
R2,gsm8k,S4_v_stored_draft_l3,3.599859356880188,6.323996067047119,9.391663932800304,11.605585908889768,16.8783016204834,19.359392976760876,26.23637349700935,37.86352591207752,88.56533813476562,15.315239599192214,88.56533813476562,408.0;431.0;414.0;824.0;393.0;493.0;402.0;463.0;438.0;390.0,0.3317653797527167,5.528538773615915,0.006423009244988834,0.0250441853815491,0.04421001126692626,0.15248107558345403,3600,1024,1.395139496501665,4.395139496501665,88.56533813476562,-0.022269779456780978,4.447013789431987,3.599859356880188,-75.6887435913086,4.536948142276271,2.918695268252662,5.782824196850104,88.56533813476562,23.432828064759573,21.985122680664062,31.18050441741943,35.56294498443602,46.998530235290424,10.106380733469228,3.5808546927848535,3.4805382962728766,4.087737517352812,4.407048272837838,5.316628708686159,88.56533813476562,22.308117417229546,20.885579109191895,30.131129264831543,34.37367630004883,43.726911468505854,-12.40865707397461,-20.868368704319,-19.553083419799805,-15.731231498718262,-15.006448793411256,-13.754795598983765,164.25408172607422,43.17648612154855,40.62820339202881,56.445317840576166,63.61245851516722,83.38837860107404,11.724491944600848,5.6990092116990345,5.447445027451196,6.971403623129674,7.65298609621276,9.115037036711445,0.04766872595506232,5.782781315993022
R2,gsm8k,S4_k_stored_ctx_fp_l4,1.0049650073051453,1.9608532786369324,3.1462268829345703,3.953083419799804,5.499234104156496,6.10915518283844,7.5996372375492225,8.882890119075066,10.85494613647461,5.808082059306445,10.85494613647461,564.0;114.0;428.0;254.0;62.0;250.0;575.0;815.0;753.0;380.0,0.4944905005828971,1.6686933369733952,0.009066317294942606,0.03666748899917663,0.06270658817027484,0.2032914838671216,42995,1024,1.255763802073485,4.255763802073485,10.480490684509277,0.008519893375919083,1.3804148668368676,1.0049650073051453,-10.85494613647461,4.066286109733022,2.9424377181341534,1.8689381495706383,10.85494613647461,7.671646321664121,7.5628228187561035,8.781745910644531,9.302807807922363,10.001492500305176,6.1463187489003746,4.223605128777799,4.048331606296863,5.129005165577718,5.398532429975562,5.815069509187835,10.480490684509277,7.316557985783344,7.152613639831543,8.727763175964355,9.109774589538574,9.961845397949219,-4.663329124450684,-7.088378474451467,-6.988592147827148,-6.05656099319458,-5.820270919799809,-5.419628047943117,19.040374755859375,14.404936460234811,14.202805519104004,16.4563045501709,17.02277660369873,18.30854606628418,1.9501374084807064,1.8687664872677148,1.8627320165391843,1.9083192974829877,1.920014374303044,1.932864021844844,0.015321565410933186,1.8689187297304783
R2,gsm8k,S4_k_stored_ctx_l4,1.0497670769691467,1.9696860015392303,3.1071796178817768,3.889720153808593,5.4275728464126605,6.021071882247927,7.309488311767805,8.476707458496094,10.768853187561035,5.798220546198181,10.768853187561035,62.0;250.0;564.0;114.0;633.0;1018.0;635.0;815.0;38.0;628.0,0.5056055313982057,1.6543349722369807,0.01023750854689911,0.043859470041695194,0.074755491193927,0.2315683765626456,42995,1024,1.0538762607998589,4.053876260799859,10.593453407287598,0.015313390690096873,1.3950625516465867,1.0497670769691467,-10.768853187561035,3.9356117660181753,2.922341297252351,1.857268639879874,10.768853187561035,7.340972972667582,7.312506675720215,8.416898727416992,8.662759780883789,9.265959739685059,6.009016111242648,4.009688586703832,3.842874657682025,4.918894492503875,5.37192788272414,5.777033913940675,10.593453407287598,7.05261014282239,6.968437194824219,8.266633033752441,8.545618057250977,9.083701133728027,-4.575979709625244,-6.8534681099488965,-6.8051581382751465,-5.878732299804688,-5.670992851257324,-5.300848484039307,18.25179100036621,13.906078252771286,13.835227966308594,15.794930458068848,16.103026390075684,16.73166275024414,1.9405698862904976,1.8570173349081653,1.8514842371281157,1.8993091921031242,1.9198316870648582,1.9318347034643752,0.02707474552104405,1.8572055084849413
R2,gsm8k,S4_k_stored_draft_l4,1.0913702249526978,1.920656830072403,2.8150866746902468,3.385990989208221,4.507304949760437,4.93640918493271,5.837494541168221,7.121393203735352,9.23060417175293,5.447672566216358,9.23060417175293,448.0;384.0;941.0;230.0;935.0;686.0;995.0;506.0;631.0;823.0,0.48469312481975857,1.5264740438996187,0.008154707520106491,0.03543657847396311,0.06301245510237886,0.21470760046179604,3600,1024,0.22947657327019133,3.2294765732701913,8.482211112976074,0.011315394941889892,1.3297331580056326,1.0913702249526978,-9.23060417175293,3.4451438146026327,2.6600990645358986,1.6944124411948605,9.23060417175293,6.188716959688398,6.090814590454102,7.050803232192993,7.35554563999176,7.948608760833738,4.108973726166489,3.225847021544975,3.2176915807173208,3.4295311073055177,3.503379968137136,3.6537809735494013,8.482211112976074,5.811157053311666,5.730186939239502,6.669236278533935,6.9896464347839355,7.725612916946411,-4.140364170074463,-5.743122128513124,-5.635973691940308,-4.94232211112976,-4.786422443389893,-4.548078813552857,14.846587181091309,11.554279181824791,11.491690874099731,12.698246479034424,13.072365736961364,13.852066702842702,1.80182359928934,1.6942571043217403,1.6918733713206262,1.7244855624491982,1.7356343568108847,1.7573577929258721,-0.01435983395958543,1.6943746583070802
R2,gsm8k,S4_v_stored_ctx_l4,3.563913941383362,7.12971293926239,11.289910316467292,14.245541238784789,20.69889736175537,23.614381475448617,30.58030579185625,43.00202132412534,68.33995819091797,10.109593666254588,68.33995819091797,48.0;69.0;72.0;120.0;105.0;12.0;36.0;65.0;79.0;101.0,0.14063303664325943,6.704482496628788,0.002428690152324358,0.010080596852767926,0.019065254513058096,0.0860103002307925,42995,1024,1.9466006164407235,4.9466006164407235,66.16963195800781,-0.040619965512435595,4.917561816992583,3.563913941383362,-68.33995819091797,4.523773117943807,3.0620071654457806,6.759911470926272,68.33995819091797,23.788291513771494,23.83701515197754,36.71884841918945,41.283653259277344,52.47938537597656,8.730773349029343,3.509665462273862,3.219347418833024,4.694180803098843,5.426216752377608,6.685686042578654,66.16963195800781,21.944595400518228,22.1411190032959,34.075652313232425,38.817237854003906,50.19991683959961,-6.553806304931641,-22.324034043380944,-22.292552947998047,-8.648443222045898,-8.1436767578125,-7.043360233306885,125.09846496582031,44.26862944389917,45.124847412109375,67.48063659667969,75.78155517578125,95.10478591918945,13.139429822497153,6.232078735436107,6.705899456565617,9.337231669690182,10.023882313321758,11.457366782948625,-0.00035770115480128516,6.759789428167298
R2,gsm8k,S4_v_stored_draft_l4,3.274787425994873,5.675435900688171,8.304062747955335,10.072596549987793,14.032572174072271,15.649448518753054,19.72434021377671,26.126862419870513,55.8480224609375,11.078179508130496,55.8480224609375,496.0;432.0;471.0;441.0;450.0;494.0;503.0;482.0;451.0;387.0,0.2785367872298662,4.87490292353569,0.007988094672548239,0.02875284874628214,0.0471733146017752,0.15089925780743527,3600,1024,0.5750151147634388,3.575015114763439,46.443389892578125,-0.0582634962479824,3.94791520232804,3.274787425994873,-55.8480224609375,3.9125786722437765,2.783542669105281,5.041263541536723,55.8480224609375,19.304020058578914,18.672598838806152,23.53086986541748,25.637612438201902,30.91744689941403,8.184526842576332,3.3242016432300776,3.2713672164934886,3.6761790665952994,3.863246651169779,4.395639577618753,46.443389892578125,17.39525869316525,16.712456703186035,21.794139289855956,23.842970657348626,28.448259696960445,-10.910176277160645,-18.439441596402062,-17.90652561187744,-14.841360282897949,-14.160560321807864,-13.10948818206787,83.36657333374023,35.83470028956731,34.73923635482788,43.00756893157959,46.545438098907454,56.324029350280746,8.240083252754282,5.006440772087737,4.891187911870866,5.785594879234497,6.171242423025932,6.99297311112881,-0.043037463695883335,5.040926845356154
R2,mtbench,S4_k_stored_ctx_fp_l0,0.7362943291664124,1.4174045622348785,2.17445116043091,2.693670880794525,4.0869529771804824,5.489966413974767,10.139400557518236,12.949528553198824,16.72676658630371,11.409602398785964,16.72676658630371,224.0;352.0;160.0;736.0;608.0;288.0;672.0;992.0;544.0;863.0,0.4135769394462814,1.3248332562339047,0.04141924613047989,0.1475287089457289,0.1955109135150794,0.29602960845299764,125480,1024,7.318094035071635,10.318094035071635,15.702208518981934,-0.004382604877607252,1.0541733782838012,0.7362943291664124,-16.72676658630371,6.916251764883166,2.787777796238639,1.4660253707073543,16.72676658630371,10.206343720933607,10.671594142913818,13.155714988708496,13.692008018493652,14.654119491577148,22.182818687603838,9.168266962033831,8.755854147767446,13.508439608421149,14.777326382615103,17.22976703242343,15.702208518981934,9.095225049790432,9.585394859313965,11.653035163879395,12.183568954467773,13.124804496765137,-3.751647710800171,-9.691801012898084,-10.03636646270752,-5.613044261932373,-5.228241920471191,-4.552858352661133,29.83937358856201,18.78702606268852,19.71903133392334,24.159785270690918,25.039697647094727,26.66541156768797,1.706433667430938,1.4566663233054138,1.5093836191517873,1.6127923017833474,1.6307375317940618,1.6588743982458491,-0.16784519370423343,1.4660188199106186
R2,mtbench,S4_k_stored_ctx_l0,0.7494436502456665,1.4255987405776978,2.157648015022278,2.6662117719650262,4.029544525146488,6.040844855308556,10.838129043579102,13.913468305966719,17.518779754638672,11.72107438779436,17.518779754638672,224.0;352.0;736.0;672.0;288.0;479.0;608.0;160.0;992.0;544.0,0.5167196338399521,1.2856106705845156,0.04916418760884099,0.17946162355342088,0.24846236330061397,0.37127378994941423,125480,1024,10.91096813692047,13.91096813692047,17.41116714477539,0.0016047374922463849,1.0485691446964474,0.7494436502456665,-17.518779754638672,7.251333627313206,2.695997768661121,1.4946394140183688,17.518779754638672,10.909977629525212,11.50053882598877,14.350482940673828,14.960009717941265,15.901220321655273,32.35148218584095,11.8181713530103,11.200725780968018,19.38284309761669,21.589701614497088,25.42729572083327,17.41116714477539,9.960527511064058,10.524867534637451,13.30632009506226,13.961366653442383,15.069640159606934,-3.7583038806915283,-10.463343089896856,-10.956757545471191,-5.455347537994385,-5.121987342834473,-4.616119861602783,33.56614112854004,20.423870600960914,21.520788192749023,27.118314743041992,28.20688533782959,30.010573387145996,1.8357555254561506,1.4859898412309234,1.527002461764951,1.651539954988081,1.6814117257808956,1.7282806164655877,-0.14913073838511945,1.494638552545315
R2,mtbench,S4_k_stored_draft_l0,0.8989095687866211,1.5881366729736328,2.3224558591842657,2.782486915588377,3.7476391005516057,4.122911374568941,4.908365015030009,5.954458262634009,7.925321102142334,5.6632475826660835,7.925321102142334,352.0;403.0;467.0;539.0;96.0;224.0;30.0;917.0;745.0;602.0,0.2297919899620191,1.3672166353929285,0.0029378813824245493,0.013248529120228452,0.025041684354439736,0.10054854097330834,4800,1024,0.2832171659643583,3.2832171659643583,7.597934246063232,-0.001991333496036906,1.095843739440418,0.8989095687866211,-7.925321102142334,3.5074019018229365,2.677974532939323,1.3994304480701045,7.925321102142334,5.264854034632444,5.2159693241119385,6.042005252838135,6.2703252077102665,6.786298437118531,4.771893187629145,3.2786117850531795,3.2430412855696913,3.5273611095201183,3.6485317538345448,3.815145211492701,7.597934246063232,4.790675630122423,4.70573616027832,5.42789888381958,5.756499767303467,6.727019309997559,-3.6457653045654297,-5.020835195829471,-4.903802394866943,-4.2741724967956545,-4.138214707374573,-3.9336100459098815,14.773216724395752,9.811510825951894,9.827592134475708,10.789790296554566,11.070628666877747,11.901757998466492,1.4850080647899964,1.3992362235964897,1.4039616868131115,1.4289697984132657,1.4320948564383111,1.4448601686214906,-0.012023594961144335,1.3994290312754702
R2,mtbench,S4_v_stored_ctx_l0,1.8309985399246216,3.576394736766815,5.687253522872929,7.215837955474853,10.6082386302948,12.037497982978833,15.29405674648325,20.824615861892497,35.011070251464844,10.510527050345605,35.011070251464844,122.0;64.0;81.0;17.0;82.0;5.0;993.0;31.0;38.0;125.0,0.21351783959524162,3.271651440310683,0.004447498365872957,0.014936380439910765,0.025949126306909175,0.10069622554523859,125480,1024,2.1128247684091583,5.112824768409158,35.011070251464844,0.014963854932653396,2.446821770418015,1.8309985399246216,-34.61810302734375,4.591364845143723,3.1846549756807185,3.331048013459384,35.011070251464844,12.247306282656337,11.647170066833496,18.81515045166016,20.986658096313477,25.20154987335205,6.843945241203549,3.490352565210885,3.3880511997940066,3.899548196895734,4.361659859331723,5.444923328089963,35.011070251464844,11.412090146273687,10.832275390625,17.501358032226562,19.475980758666992,23.142051696777344,-2.9981393814086914,-11.381907171780492,-10.883062362670898,-5.680917739868164,-4.157160758972168,-3.460265636444092,60.115318298339844,22.79399731805418,21.842182159423828,34.872697830200195,38.349788665771484,45.16620635986328,6.641815306106058,3.1182377391289573,3.0650562445162097,4.717022102676106,5.160571064901537,5.796399563625107,0.014366654391354705,3.331014402703366
R2,mtbench,S4_v_stored_draft_l0,2.0487561225891113,3.556580662727356,5.193906784057617,6.2891154289245605,8.55690860748291,9.506601333618164,11.799745559692383,14.393494615837337,18.77289390563965,5.940631254083422,18.77289390563965,66.0;1001.0;942.0;1004.0;53.0;0.0;48.0;1018.0;1022.0;904.0,0.23122614921377493,3.0924243825334665,0.004254189439327219,0.01737812567044763,0.03229217213992611,0.11675256022869407,4800,1024,0.39490782375835254,3.3949078237583525,18.77289390563965,0.03139885467329426,2.485008076406391,2.0487561225891113,-17.156265258789062,3.733997412145509,2.707810472240368,3.1600840218344968,18.77289390563965,12.33098570962747,12.338659286499023,14.393487930297852,15.247221946716309,15.247221946716309,4.676069576705377,3.386864214018082,3.3670431155669323,3.756385422453157,3.9826508120297466,3.9826508120297466,18.77289390563965,11.540001331567764,11.222383499145508,13.8447096824646,15.247221946716309,15.247221946716309,-7.9661455154418945,-11.312730398376782,-11.114556312561035,-9.398143768310547,-9.142436981201172,-8.666763305664062,29.93565082550049,22.852731729944548,23.031051635742188,25.374469757080078,25.810515117645263,26.976882934570312,3.474037408175578,3.1589116165438282,3.1648074817681637,3.2771663212363022,3.2868401024320217,3.3522586726046164,0.012658776425834219,3.159928027183356
R2,mtbench,S4_k_stored_ctx_fp_l1,0.5274754464626312,1.3710591495037079,2.6338310718536393,3.324427723884582,4.552610926628114,5.0090333938598635,6.1413111691474915,7.777662453794385,13.45956039428711,9.037589325024458,13.45956039428711,990.0;222.0;93.0;670.0;477.0;29.0;925.0;798.0;968.0;392.0,0.6578500774639975,1.1627409494623866,0.009222199965685803,0.03879028496027524,0.06725819222931294,0.23741075917550114,125480,1024,2.201972489623442,5.201972489623442,9.596433639526367,0.005846618125731752,0.9865129077320326,0.5274754464626312,-13.45956039428711,4.123659810427305,3.0569072619153093,1.4892865686006025,13.45956039428711,6.291349429737659,6.087702751159668,7.273496770858765,7.920059680938721,10.172051429748535,18.183357774663563,5.240906286708351,5.00115942552387,5.801449722969533,6.832207460921513,11.240012638544236,9.596433639526367,5.950160501263192,5.864681720733643,6.909638118743899,7.277524042129516,8.137433052062988,-3.546175003051758,-5.816905422253635,-5.599278450012207,-4.964506149291992,-4.808907508850098,-4.485645294189453,19.558871269226074,11.767065923516826,11.511075973510742,13.353492403030396,14.045730590820312,17.363924503326416,1.6116018792552265,1.4872683786819716,1.5096175183713347,1.5575554495849584,1.567449130484115,1.5835123975970398,0.0011725855930674344,1.4892750922749796
R2,mtbench,S4_k_stored_ctx_l1,0.44935284554958344,1.486095666885376,2.8360695838928223,3.5151020050048825,4.692388834953309,5.14728414297104,6.154746005535146,7.392062567614796,9.813822746276855,6.299274542863649,9.813822746276855,93.0;990.0;798.0;222.0;477.0;87.0;392.0;29.0;846.0;782.0,0.69115963207218,1.1525766748032051,0.01032285552200102,0.04138614964763353,0.07306866765845765,0.2527725583627992,125480,1024,2.1098226353851652,5.109822635385165,9.813822746276855,0.010917803065111108,0.9948931513913414,0.44935284554958344,-9.226532936096191,3.9505945677659513,3.011940025557613,1.5579290407964175,9.813822746276855,6.379981423036133,6.290754318237305,7.197843074798584,7.599643707275391,8.62752914428711,9.909484919110625,5.085188394467247,5.049283708772201,5.482732836054399,5.664032017139123,7.133446043484513,9.813822746276855,6.086372328365081,6.073154449462891,6.8220953941345215,7.066080570220947,7.592381000518799,-3.3839902877807617,-5.962431409076251,-5.82761287689209,-5.145383358001709,-4.9793243408203125,-4.664328098297119,15.831318855285645,12.04880373744133,11.937009572982788,13.487090587615967,14.046730995178223,14.859679222106934,1.6557979543279586,1.5563316779791976,1.5731501035548534,1.620951998300601,1.6286790126819795,1.63986345299578,0.021182606322000176,1.55789078491821
R2,mtbench,S4_k_stored_draft_l1,0.44255222380161285,1.3415023386478424,2.601743698120117,3.2657769799232477,4.624868917465211,5.240566728115084,6.58555793762207,7.401082992553711,9.181800842285156,6.388758619704779,9.181800842285156,256.0;320.0;147.0;211.0;782.0;23.0;93.0;861.0;850.0;990.0,0.7147133091947716,1.0396128252562757,0.015605795331479998,0.06446976032116218,0.10659072094403521,0.3215938194359376,4800,1024,2.825686895908455,5.825686895908455,8.636733055114746,0.019583645771249998,0.9238582787317131,0.44255222380161285,-9.181800842285156,4.582275390442581,3.218014817462204,1.4371807402404948,9.181800842285156,6.8583564687768614,6.919240713119507,7.361405992507935,7.471528553962708,7.746490302085877,6.715191469893742,5.8116940318028245,5.820976695614796,6.192770021092266,6.290876710418848,6.447231558453558,8.636733055114746,6.345936871767044,6.217774391174316,7.201706504821777,7.348100733757019,7.593747367858889,-5.023151397705078,-6.541787919104099,-6.618242025375366,-5.771781539916992,-5.578442358970642,-5.269140601158141,15.887514114379883,12.887724790871143,12.908992528915405,13.796839714050293,14.098095321655274,14.422492289543152,1.618841052989897,1.4366302491143002,1.420750416643142,1.4989528197477369,1.5394405113064704,1.5768520777339392,-0.06728449264343345,1.4370473064365428
R2,mtbench,S4_v_stored_ctx_l1,2.412808060646057,4.55787205696106,7.136090707778932,8.926322078704834,12.852917003631594,14.421730890274073,17.819313465118427,22.586708386418994,52.6695442199707,12.659067174477974,52.6695442199707,870.0;261.0;341.0;359.0;867.0;718.0;858.0;263.0;371.0;830.0,0.13607104695937322,4.124711445195322,0.005733373505796548,0.01704142333737025,0.028372641698491956,0.09444722059832553,125480,1024,1.5150426354106328,4.515042635410633,40.27531814575195,0.006013761567855533,3.1119254325446573,2.412808060646057,-52.6695442199707,4.282852443452177,3.0891845020992097,4.160618116171949,52.6695442199707,15.253398300258453,14.743754386901855,21.48664093017578,23.55832862854004,27.710248947143555,13.46937397635074,3.4127411250355904,3.240686571559077,4.013013208563628,4.506128667748855,6.051626990776665,40.27531814575195,13.57035226151181,13.014886856079102,20.164955139160156,22.436447143554688,26.16975965499866,-5.627991199493408,-14.509980396244758,-14.120003700256348,-9.242812156677246,-7.67814826965332,-6.9062042236328125,88.45611190795898,28.080332657756568,26.95902729034424,39.965070724487305,43.70340156555176,50.134111404418945,7.906047501881038,3.936782431515574,3.86305851900601,5.847209964561146,6.2312379822390325,6.889082674832124,-0.0013817558728161032,4.1606137700212
R2,mtbench,S4_v_stored_draft_l1,0.6782538890838623,1.1937620639801025,1.811833453178406,2.316068315505981,3.969807755947114,4.970056829452524,7.5659616770748555,11.016408447360226,18.67287826538086,16.39513018507043,18.67287826538086,339.0;347.0;376.0;751.0;322.0;702.0;747.0;705.0;262.0;259.0,0.3096971984028113,1.0944852986909783,0.0065409656607954515,0.025809972777559274,0.04397335892648311,0.15291261488467592,4800,1024,5.541433033612398,8.541433033612398,17.414508819580078,0.013909273833416667,0.8399480310816659,0.6782538890838623,-18.67287826538086,6.64305335834984,3.4855641451442687,1.1389283314373784,18.67287826538086,3.9417665291329227,3.408326506614685,5.187119960784916,7.1467915296554585,13.190139179229737,5.197514758906067,3.187360274356519,3.160762919406018,3.437425112922519,3.5551611348475207,3.906872377207775,17.414508819580078,3.655982725818952,3.1656497716903687,4.796001577377321,6.765240883827211,12.360650787353539,-2.3107285499572754,-3.7531817710399626,-3.2926132678985596,-2.8294295787811277,-2.734528017044067,-2.577022893428802,32.638644218444824,7.4091644968589145,6.425084710121155,9.645478534698489,13.376681208610535,23.919052762985245,4.0378824821012245,1.0620420524160443,0.9187136846438598,1.4099505033208226,1.8599791749013048,3.0318096411556676,0.014507594094092318,1.1388433940854896
R2,mtbench,S4_k_stored_ctx_fp_l2,0.9838511943817139,1.8673841953277588,2.9101971864700342,3.619628465175628,5.113014926910402,5.674453623294833,6.875847145557847,8.650335736273982,11.583518981933594,6.702871811525743,11.583518981933594,748.0;303.0;759.0;943.0;751.0;699.0;949.0;1020.0;763.0;702.0,0.428309371615043,1.585718287923215,0.005410436985707434,0.023512902723303725,0.044376219435964114,0.16902479986146687,125480,1024,1.0705802754819054,4.070580275481905,11.583518981933594,-0.04691998028026125,1.2951696576800085,0.9838511943817139,-11.511061668395996,3.9787496428504276,2.9586763468813526,1.7281426987780768,11.583518981933594,7.213191472963425,7.091170787811279,8.312515258789062,8.761155128479004,9.585560998916627,5.702362358912249,4.0488523331782025,4.014499408502675,4.510694453813352,4.687034409312656,5.017249836360849,11.583518981933594,6.819348173989663,6.705079078674316,8.04030704498291,8.554543495178223,9.483197698593102,-4.478899002075195,-6.634459485116946,-6.543652534484863,-5.689650535583496,-5.491393566131592,-5.146847724914551,19.584399223327637,13.453807659106609,13.366759777069092,15.03475284576416,15.57471513748169,16.59507131576538,1.858847508115299,1.7277824968303876,1.7179747682307447,1.781471058456279,1.8069873182413454,1.8433704538313689,0.007043633416495688,1.7275056303209186
R2,mtbench,S4_k_stored_ctx_l2,1.012804627418518,1.8643284142017365,2.854410457611084,3.5436564087867732,4.985212798118592,5.545499193668367,6.680194454193164,8.09250129604154,11.022697448730469,6.445847781456077,11.022697448730469,759.0;341.0;748.0;277.0;1020.0;316.0;943.0;925.0;690.0;542.0,0.47894072094072004,1.5393270933187122,0.009666541865072972,0.03871397267025784,0.0666437739205328,0.22178813289396296,125480,1024,1.0665997798035338,4.066599779803534,11.022697448730469,-0.057435431545859214,1.2913836939700618,1.012804627418518,-10.805209159851074,3.906440941751109,2.915250373540841,1.7100461913546008,11.022697448730469,7.208441693827647,7.1128315925598145,8.278031349182129,8.633624076843262,9.422189712524414,6.29976038864371,4.061230409579377,3.9976321533290236,4.598246366256365,4.830407958980286,5.335888067089034,11.022697448730469,6.736826429395186,6.6273193359375,7.9560866355896,8.341387748718262,9.158985967636093,-4.398175239562988,-6.723949341402337,-6.598089694976807,-5.748973846435547,-5.549265384674072,-5.192946434020996,20.56332778930664,13.460775770797524,13.319015979766846,15.130308151245117,15.774993443489075,17.135523796081543,1.8558304805911285,1.7097620916311629,1.7011547635430482,1.7559436318806683,1.7782989949796404,1.8100299800216575,0.0038397819996795176,1.7090813754088823
R2,mtbench,S4_k_stored_draft_l2,0.9519616961479187,1.7202788293361664,2.6209765434265138,3.2101872920989987,4.359307532310488,4.783693721294405,5.667037926197254,6.647630002593598,8.538908004760742,5.441801474302935,8.538908004760742,702.0;222.0;748.0;759.0;606.0;384.0;542.0;687.0;1020.0;158.0,0.5338626445567421,1.3783355048043462,0.010458935648640085,0.04245499422642021,0.07268920174185933,0.2443862287732508,4800,1024,0.6032182138801545,3.6032182138801545,8.132781028747559,-0.05706520322485521,1.207069468505145,0.9519616961479187,-8.538908004760742,3.6115736724786225,2.7781639224876273,1.5691325832231926,8.538908004760742,5.99339293072621,5.936812162399292,6.770561981201172,7.028775405883789,7.5305986309051525,4.456513013582159,3.594826628619212,3.581424148502392,3.8616526595855953,3.9464964095869974,4.118702232355846,8.132781028747559,5.443733507494132,5.352344989776611,6.26253309249878,6.589796710014344,7.114935150146486,-4.216742992401123,-5.763495639264583,-5.704527854919434,-4.985132312774658,-4.833580374717712,-4.592956147193908,14.650814533233643,11.207229146758715,11.137117862701416,12.316243410110474,12.700533294677735,13.552981276512147,1.64921955183729,1.5689904981374798,1.568273444473991,1.5966048681140024,1.6054622926829574,1.6225615429744822,-0.021816959712666683,1.568094584619689
R2,mtbench,S4_v_stored_ctx_l2,2.883448839187622,5.634511590003967,8.939743518829347,11.290654277801512,16.40318935394287,18.44904365539551,23.181115261078386,29.87889289855957,52.78916549682617,10.018131032291741,52.78916549682617,410.0;466.0;428.0;459.0;483.0;488.0;417.0;485.0;510.0;386.0,0.10200356198279303,5.247501342457682,0.0018555126407217893,0.008355061816356596,0.015929691785752362,0.07277860632113434,125480,1024,1.8973214944612131,4.897321494461213,52.78916549682617,0.007899651524079527,3.8789101800430696,2.883448839187622,-51.4500732421875,4.399225636065481,3.1129361252200987,5.2693626512439575,52.78916549682617,17.415870640678392,16.718610763549805,27.2998046875,30.63946580886816,37.15489196777344,4.688992344586501,3.1284147204718047,3.0780326849057467,3.420596886036897,3.6695535990597463,4.123033710633114,52.78916549682617,16.419546095037447,15.724133491516113,25.775981903076172,28.8150634765625,34.55583190917969,-3.944486141204834,-16.332075954102997,-15.653165817260742,-7.395076751708984,-5.464191436767578,-4.764660358428955,93.01275634765625,32.751622049140444,31.55758762359619,51.37609100341797,56.93556785583496,68.3809585571289,11.196083027745965,4.884040010905782,4.7764199605047235,7.568741056954011,8.294469459843912,9.579118975822226,-0.0011097105151829326,5.269356729794496
R2,mtbench,S4_v_stored_draft_l2,1.767930805683136,3.0789551734924316,4.606236124038698,5.740577197074888,8.690207443237309,10.141442856788638,13.966288852691982,19.578587681956392,33.62671661376953,12.164911790925444,33.62671661376953,426.0;494.0;429.0;489.0;559.0;480.0;427.0;398.0;744.0;593.0,0.23202155117347267,2.7040352732569404,0.0038287312324612826,0.017195608007702954,0.032180289808015135,0.12229537236473537,4800,1024,1.8271553686691355,4.8271553686691355,32.468299865722656,-0.0028692307173423613,2.1154635059228593,1.767930805683136,-33.62671661376953,5.052490669577084,3.143798075977985,2.764238425374672,33.62671661376953,9.965999656915665,9.127159595489502,13.351588249206543,15.990421295166016,23.02186149597169,4.544043893311967,3.2145211998623955,3.1823981126061875,3.5141630246974693,3.6356173623620114,3.877620085162924,32.468299865722656,9.268478448589644,8.536323547363281,12.407406044006349,14.65987253189087,21.80397012710572,-5.30740213394165,-9.39205498546362,-8.627599716186523,-6.907793045043945,-6.575632166862488,-6.073649144172668,63.59615898132324,18.660533434053264,17.168976545333862,24.60332727432251,29.335178613662723,42.68424293518067,7.295676912675964,2.67506492138524,2.473250911957471,3.409468811332712,4.089380669562171,5.744691446485249,-0.02082212338189073,2.7642369362688393
R2,mtbench,S4_k_stored_ctx_fp_l3,0.9287704825401306,1.827910602092743,2.9695636272430423,3.7475457549095137,5.262813377380372,5.823270449638369,7.039637303352366,8.438454372594839,10.983638763427734,6.308082468695162,10.983638763427734,619.0;698.0;555.0;613.0;48.0;877.0;440.0;702.0;246.0;171.0,0.458449268447093,1.580094650731649,0.007444419765294839,0.02884755666242747,0.05272539393130185,0.18596979307737457,125480,1024,1.2098896298024338,4.209889629802434,10.983638763427734,-0.0009031526598941046,1.2916730411016129,0.9287704825401306,-10.545135498046875,4.042978252991206,3.0225193596504543,1.7412008828254457,10.983638763427734,7.089980957015594,6.994695663452148,8.181469917297363,8.539416313171387,9.641394739150952,6.215762186109548,4.165899142270089,4.041939943413605,5.0652291489635495,5.390609806119435,5.7933846331439565,10.983638763427734,6.620212904427285,6.546903610229492,7.674274587631226,8.084803581237793,8.701972961425781,-4.288451194763184,-6.731543713650355,-6.619578838348389,-5.667582035064697,-5.46020979881287,-5.100508966445923,18.597912788391113,13.35175661807764,13.191045761108398,15.16434817314148,15.774484157562256,16.9393367767334,1.8554676902021985,1.7408647848909198,1.7358071824650068,1.7832806005219983,1.8206672954472274,1.8406070637396768,-0.00858656651410726,1.741200648594924
R2,mtbench,S4_k_stored_ctx_l3,0.9445360898971558,1.830855518579483,2.9456083059310925,3.709161388874053,5.210606241226198,5.804473876953125,7.074832514286226,8.011096726989358,10.251948356628418,5.905695413703157,10.251948356628418,555.0;249.0;557.0;752.0;190.0;946.0;698.0;702.0;235.0;301.0,0.5044829097159022,1.543794386831165,0.0100154141597884,0.04024256234333851,0.07102442528518428,0.23978817919904616,125480,1024,1.10591580347248,4.10591580347248,10.251948356628418,0.005105494735897271,1.297160526036904,0.9445360898971558,-10.033947944641113,4.075499064070492,3.001600506651669,1.73594261783981,10.251948356628418,6.911129682448627,6.826514720916748,7.8563432693481445,8.169814109802246,8.703534688949583,6.04462086010406,4.059410653630237,3.927527729407325,4.8835847756185595,5.269400406979495,5.733950322541074,10.251948356628418,6.4580089171068815,6.362768173217773,7.539617538452148,7.818017959594727,8.245712280273438,-4.536955833435059,-6.6337619974653474,-6.562525749206543,-5.680813312530518,-5.4640889167785645,-5.110123157501221,17.688313484191895,13.091770914572228,12.902572631835938,14.886566638946533,15.559496879577637,16.381377696990967,1.8618255489129514,1.7355340997286273,1.7269542237115774,1.7952009408263498,1.8199026085953438,1.8481506438708728,-0.0338410041866891,1.7359351100648996
R2,mtbench,S4_k_stored_draft_l3,0.9651651680469513,1.7516405582427979,2.6714617490768435,3.3026987433433512,4.689661006927496,5.280755708217622,6.337625013828413,7.2264289619917665,9.30077075958252,5.738597148116427,9.30077075958252,555.0;249.0;698.0;877.0;1016.0;752.0;768.0;235.0;964.0;55.0,0.5558519135935335,1.4038194948772265,0.012656855928641743,0.05432382282259004,0.08854209614939759,0.2773524866005018,4800,1024,0.832389828277234,3.832389828277234,9.30077075958252,-0.03419149354776096,1.2375111205837181,0.9651651680469513,-8.516948699951172,3.910329344771373,2.893531727169989,1.6207394454645245,9.30077075958252,6.465663315057754,6.44348931312561,7.06203169822693,7.259817266464234,7.659509510993957,4.758938790533594,3.8299028540802253,3.824553211583753,4.09311568372555,4.173153972555664,4.342080928128583,9.30077075958252,6.052512750128905,6.041370630264282,6.75911045074463,6.979327011108398,7.393853240013123,-4.74685525894165,-6.26780781129996,-6.2442615032196045,-5.624294853210449,-5.446151685714722,-5.180284943580626,15.938389301300049,12.320320561428865,12.300315856933594,13.314130210876465,13.581678414344788,14.156532564163209,1.7061333696126608,1.620540770172301,1.620499647346255,1.6537148837683886,1.6619493961882634,1.6751696460249512,-0.018279071789861663,1.6203787495069255
R2,mtbench,S4_v_stored_ctx_l3,3.351898670196533,6.58594024181366,10.488635063171394,13.281564998626708,19.75578062057496,22.557894725799564,29.466445947648094,40.070090047453434,88.20740509033203,14.087010541636667,88.20740509033203,689.0;549.0;966.0;548.0;940.0;584.0;620.0;590.0;980.0;541.0,0.1655431629336359,6.195583167290561,0.0019086008673075844,0.008989439566241373,0.01736326704570948,0.08301347339228256,125480,1024,2.804276442512812,5.804276442512812,77.47742462158203,0.03382715095092125,4.554246394516318,3.351898670196533,-88.20740509033203,4.7058876095946065,3.155062656874416,6.261612769410468,88.20740509033203,21.76197658920881,20.106218338012695,34.68069839477539,40.479103088378906,53.617070617675594,9.726899991363469,3.3204873016597776,3.2128081942273634,3.848582632376496,4.153088502361752,4.8664151919087155,77.47742462158203,20.422627622297625,18.857399940490723,32.480857849121094,37.932838439941406,50.1625862121582,-4.517430305480957,-20.265026215766696,-18.76573371887207,-9.46059799194336,-6.751558303833008,-5.416258811950684,139.36333465576172,40.68765383806432,37.737199783325195,64.25094604492188,74.93807983398438,99.40773010253906,15.44071454440189,5.77951951797768,5.594137609160177,8.896163396480716,9.929215201578415,12.599599639030158,0.0016077914768033235,6.261521396426173
R2,mtbench,S4_v_stored_draft_l3,3.426671624183655,5.9781094789505005,8.907696723937988,11.042430591583251,16.140599727630615,18.59374002456666,24.583576770782678,36.05095364264587,73.74594116210938,13.573125429643913,73.74594116210938,493.0;408.0;463.0;508.0;480.0;511.0;878.0;427.0;502.0;388.0,0.30725304735121395,5.228762793295332,0.00490288064297805,0.021747277593143426,0.03941705587181721,0.14470940387343886,4800,1024,1.4441528961853516,4.444152896185352,73.74594116210938,-0.0672109646537668,4.1748884223549885,3.426671624183655,-58.97081756591797,4.524668961585594,2.9707178613562677,5.433232128029047,73.74594116210938,21.260284062623978,19.56397819519043,29.26954212188721,33.5822479248047,43.149012145996096,9.471047648435556,3.4782980425602377,3.3823000360142386,3.961841446228982,4.252611335607115,5.019531808487039,73.74594116210938,20.1082207685709,18.45992660522461,28.181245613098145,31.878748798370367,41.532058639526504,-11.573031425476074,-19.365048961838088,-17.93210506439209,-14.441970348358153,-13.74573483467102,-12.669836368560787,128.62518692016602,39.47326973040899,36.57190942764282,53.3817367553711,60.88849382400513,76.70631027221687,11.839181977156143,5.3337674109996245,5.047285648113548,6.696746796780162,7.481932437840542,9.116662927529692,0.03007758671542212,5.432816400659732
R2,mtbench,S4_k_stored_ctx_fp_l4,1.0415701270103455,1.9779283702373505,3.1130305290222178,3.886985111236572,5.406154918670655,6.022127151489258,7.369817335605738,8.703599461364487,11.245612144470215,6.083667031675286,11.245612144470215,564.0;243.0;573.0;230.0;751.0;631.0;633.0;237.0;114.0;428.0,0.41190766323411987,1.7121262185226198,0.007011870898549539,0.02968808331020347,0.04894423958287722,0.16467674117982797,125480,1024,0.9061089855637801,3.90610898556378,10.906046867370605,0.01929959778545113,1.3977031403334441,1.0415701270103455,-11.245612144470215,3.986934119557068,2.9246292708946418,1.84849237900738,11.245612144470215,7.338442860475801,7.205913066864014,8.550192832946777,8.861342430114746,9.840216636657715,6.176641828540101,3.8722714336174517,3.731419024684701,4.757004459313843,5.10588658304508,5.668485515981817,10.906046867370605,6.963646538842055,6.8021697998046875,8.355058956146244,8.727763175964355,9.747809410095215,-4.472053527832031,-6.805265859577889,-6.687036514282227,-5.787683010101318,-5.583674430847168,-5.247366428375244,19.731597900390625,13.768912398419944,13.562382221221924,15.746228694915771,16.43522357940674,17.80947268486023,1.9501374084807064,1.8482689838358402,1.8455205068356915,1.8879923513786496,1.9060180344257924,1.926595171664636,0.025374084126373583,1.8483916253796657
R2,mtbench,S4_k_stored_ctx_l4,1.083171010017395,1.9825116097927094,3.0629247188568125,3.8171381950378414,5.320393214225773,5.9138998675346395,7.20593323135388,8.37009334564209,11.077628135681152,6.047404335132106,11.077628135681152,564.0;237.0;888.0;243.0;612.0;114.0;548.0;686.0;633.0;619.0,0.4418832020702669,1.6787109027783294,0.008575669945858988,0.03888653353205352,0.06606624235828984,0.20829167252268765,125480,1024,0.6848417163445748,3.684841716344575,10.280117988586426,0.02387415475243896,1.4097259189978224,1.083171010017395,-11.077628135681152,3.9338016521424275,2.904463716802496,1.831798821740131,11.077628135681152,6.9446725942429595,6.814105033874512,8.116167068481445,8.441906929016113,9.096299171447754,6.086107274293066,3.6396656029741834,3.463475035937102,4.521320832397547,4.9081487837918,5.655262876004035,10.280117988586426,6.59754961561085,6.4037580490112305,7.984035491943359,8.308194160461426,8.88170337677002,-4.628190517425537,-6.555286844288957,-6.460195064544678,-5.6272033691406245,-5.448415279388428,-5.157156944274902,19.676196098327637,13.152836459899808,12.9100980758667,15.240048885345459,15.791290760040283,16.395796298980713,1.9405698862904976,1.831475758508795,1.8251983036953618,1.8824756391875614,1.898814695107854,1.9288885883424227,0.02558454036234934,1.8316432371134366
R2,mtbench,S4_k_stored_draft_l4,1.0920924544334412,1.918455421924591,2.813042569160462,3.383072447776794,4.509547348022462,4.927661051750186,5.865065540790579,7.074100131940271,8.740941047668457,5.158152768455937,8.740941047668457,384.0;818.0;448.0;623.0;807.0;172.0;252.0;626.0;766.0;686.0,0.46828862516222614,1.5380323799881515,0.008230498219764055,0.03592781338779954,0.06592437430130794,0.212800406893321,4800,1024,0.22622140386053013,3.22622140386053,8.614784240722656,0.024988147668916372,1.3311538868019528,1.0920924544334412,-8.740941047668457,3.4610580132529383,2.6611475824893907,1.6945874695923373,8.740941047668457,6.095000692804654,6.012758255004883,6.903869676589966,7.16882164478302,7.7623648881912235,4.089181107631305,3.221199007870811,3.207635697096985,3.4239005433701286,3.4943764647283895,3.66395332720356,8.614784240722656,5.7852986945708595,5.697894811630249,6.5737808704376235,6.905297327041626,7.5562757205963145,-4.17078971862793,-5.662566404640675,-5.5541486740112305,-4.912767171859741,-4.765373349189758,-4.513614416122436,15.247385025024414,11.447865099211533,11.352243185043335,12.606656455993653,12.958689332008362,13.69980344295502,1.8068860052843279,1.6943855253865414,1.6912452919765735,1.728348713055762,1.7411558195932466,1.7718261346693887,-0.0036150239000398055,1.694403223726701
R2,mtbench,S4_v_stored_ctx_l4,3.3869550228118896,6.661616802215576,10.506589889526369,13.262946128845215,19.22388505935669,21.738686408996582,27.661964416503906,37.26611036185763,77.77230072021484,12.549029390656349,77.77230072021484,44.0;54.0;7.0;48.0;117.0;80.0;39.0;6.0;16.0;34.0,0.12808788193353204,6.154772069226018,0.0019128654029981103,0.008826968842466799,0.01716521329241122,0.0819503835983574,125480,1024,2.2024583552369412,5.202458355236941,77.77230072021484,-0.029838607453716148,4.556368377878117,3.3869550228118896,-73.43805694580078,4.463424654425456,3.1018897008117228,6.197475382289079,77.77230072021484,21.663295931313726,20.21604824066162,34.122920989990234,39.208431243896484,51.80916213989258,9.136800084501983,3.3331318960032412,3.157295910948545,3.864349576322949,4.594555724198051,6.241454806840155,77.77230072021484,20.121776798928966,18.95568084716797,31.64824676513672,36.396141052246094,47.796688079833984,-5.537722110748291,-20.30706340971364,-18.905691146850586,-9.759797096252441,-8.443880081176758,-7.402999906539935,145.5107192993164,40.428840208642605,38.11198425292969,62.82134246826172,71.89637184143066,93.15114974975586,13.119349690202661,5.764955498134486,5.700987822346393,8.728171667689375,9.606350548497044,11.429251485246471,0.0029188320382651013,6.197403550809354
R2,mtbench,S4_v_stored_draft_l4,3.13280189037323,5.421436071395874,7.959136772155763,9.75885009765625,13.680083827972416,15.346348762512207,19.19662094116211,25.732525052430578,56.51580047607422,11.859119932687323,56.51580047607422,482.0;471.0;498.0;493.0;450.0;386.0;508.0;387.0;441.0;451.0,0.2585283401416899,4.629413258314456,0.006485523245656863,0.02509508826304488,0.043590385153255806,0.14333638826781506,4800,1024,0.6972251186916267,3.6972251186916267,56.51580047607422,-0.06334144822658118,3.7166763172670416,3.13280189037323,-51.183135986328125,4.028166072600449,2.870591116794361,4.765598189145518,56.51580047607422,18.02347957690557,17.27845573425293,22.731734848022462,24.789308166503908,30.167002162933382,6.851572007665163,3.311448495897166,3.256859297010415,3.6822113603405935,3.894888032066202,4.352479025825192,56.51580047607422,16.54959454456965,15.804797172546387,21.385677909851076,23.49285469055176,28.645913085937504,-10.56182861328125,-16.989550816019378,-16.32766628265381,-13.455470848083495,-12.827226924896241,-11.756776266098017,90.64840316772461,33.539145360589025,32.26498556137085,41.72161979675293,45.15145645141603,54.405585098266606,8.753183108914804,4.712996579237941,4.547414144471979,5.628827178004482,6.113973187509305,7.144826969965866,-0.02591616264173523,4.765177222446569
R3,gsm8k,S4_k_stored_ctx_fp_l0,0.7188559472560883,1.4018863141536713,2.1645879030227664,2.674154543876648,3.9986429572105435,5.00341500520707,9.71132199955019,12.972887047384635,16.97446632385254,12.285811061065912,16.97446632385254,224.0;352.0;736.0;608.0;992.0;96.0;604.0;415.0;799.0;31.0,0.4463547097855147,1.2413852053836174,0.039140288491644415,0.13619267659793735,0.17228498421948593,0.28734329304476547,42995,1024,7.065756426205489,10.065756426205489,14.952710151672363,-0.022330994799572196,0.9834702894798991,0.7188559472560883,-16.97446632385254,7.028878844455325,2.8941452965692296,1.381631724554605,16.97446632385254,9.39949174990334,9.896761894226074,12.830698013305664,13.445769309997559,14.567413330078125,26.622300853551362,8.610392597636617,7.821548814413396,12.885695545614274,14.238408705120582,17.319430232568795,14.952710151672363,8.304941360539289,8.857481956481934,11.369610023498534,11.952093124389648,13.089813232421875,-4.062835216522217,-8.929295589608056,-8.693524360656738,-5.364291477203376,-5.0677924156188965,-4.606680870056152,29.987465858459473,17.234236950147345,18.08924388885498,23.695351600646973,24.648466014862038,26.640907287597656,1.6612498409634198,1.370644769356953,1.4265615099342608,1.555494393375944,1.5789252895704342,1.6102112652991736,-0.1994944505709273,1.3814512474086784
R3,gsm8k,S4_k_stored_ctx_l0,0.7266547977924347,1.412027269601822,2.170152783393861,2.6788240075111385,3.981350769996644,4.956137595176707,9.412343836784627,12.450363191032393,16.168481826782227,11.724348596379043,16.168481826782227,224.0;352.0;992.0;736.0;608.0;96.0;604.0;31.0;415.0;149.0,0.4413076668655078,1.243784004409546,0.035816100880856544,0.1285180128596212,0.16257889394000768,0.2797673172192842,42995,1024,6.214365259031597,9.214365259031597,14.729879379272461,-0.020066909735533336,0.9891575629526135,0.7266547977924347,-16.168481826782227,6.825229569089656,2.8870208602134757,1.379051611598764,16.168481826782227,9.098379415577963,9.530829429626465,12.393989562988281,12.950819492340072,13.971875190734863,24.10349959040004,8.024039000711106,7.294281891328038,11.82833228429303,13.081316652896541,15.376311308464034,14.729879379272461,8.13320612398909,8.576035499572754,11.071722030639648,11.624202728271484,12.78692626953125,-4.114249229431152,-8.614039034598898,-8.34743595123291,-5.270988464355469,-5.02316427230835,-4.515161037445068,29.175729751586914,16.74724515858799,17.408594131469727,22.912334442138672,23.89936351776123,25.647184371948242,1.6401832233159124,1.3688939630143624,1.4233880705876225,1.5446734623767495,1.5683208254330687,1.5970556131963818,-0.161408301120975,1.3789056046687223
R3,gsm8k,S4_k_stored_draft_l0,0.8931075632572174,1.5830049514770508,2.3248334646224977,2.780512011051177,3.730671424865724,4.106681823730469,4.859384536743164,6.042563919353483,7.944094657897949,5.6751490751520235,7.944094657897949,917.0;403.0;795.0;31.0;149.0;793.0;114.0;605.0;224.0;796.0,0.246581916947338,1.3611831739846436,0.003145308198182734,0.014064738411367182,0.026565080318635064,0.10837168726099856,3600,1024,0.2857413442625627,3.2857413442625627,7.278693199157715,-0.0017696703859093113,1.0946747408239756,0.8931075632572174,-7.944094657897949,3.4714757120987314,2.6651389992531955,1.3998036972597316,7.944094657897949,5.246208699146907,5.1846113204956055,6.041943550109863,6.24514772891998,6.419840607643126,4.326256341909242,3.2788931070947482,3.2323572936794025,3.533369348633719,3.596962370672475,3.786877711214239,7.278693199157715,4.747778631051381,4.59326696395874,5.536848306655884,5.809584617614746,6.188043408393859,-3.638448715209961,-5.009858182801141,-4.843457460403442,-4.2879791259765625,-4.254937672615052,-4.002802820205688,13.706607341766357,9.757636813852523,9.743714094161987,10.736997699737548,10.910848045349121,12.014921932220455,1.4588471949638333,1.3996340770447153,1.4010374589154324,1.4304507020906034,1.4320142090427552,1.4460097259412266,-0.01946796039254628,1.3998025786262647
R3,gsm8k,S4_v_stored_ctx_l0,3.2074187994003296,5.602316737174988,8.23655109405518,10.071831035614013,13.98586627006531,15.619476046562198,19.460653287887844,24.67164634914386,37.09930419921875,7.362733418875128,37.09930419921875,20.0;31.0;64.0;55.0;36.0;100.0;59.0;72.0;43.0;51.0,0.2168848028795305,4.946124908378826,0.0037592622787976,0.01345706857121279,0.02459834288894337,0.10338853151686503,42995,1024,0.6316775656482987,3.6316775656482987,32.960548400878906,-0.00634642784550166,3.927137988358321,3.2074187994003296,-37.09930419921875,3.8621641405040497,2.7756370961991457,5.038794981237654,37.09930419921875,19.71994054170802,19.56443977355957,24.32404327392578,25.921552658081055,29.148893356323242,5.657113350260039,3.425551257713405,3.3792284835346864,3.8431524226053106,4.012752998575196,4.424006211873904,32.960548400878906,18.151578873985798,17.971811294555664,22.59183120727539,23.931564331054688,27.040313720703125,-9.9066162109375,-18.478195459707656,-18.15668487548828,-14.282205581665039,-12.324570655822754,-10.710057258605957,67.28256225585938,36.629774333693454,36.743682861328125,44.10770034790039,46.43497085571289,51.805719718932984,6.789656439715786,5.00528395538124,5.088256147219129,5.602256254272559,5.760687343622282,6.055339864382016,-0.0022829889399962637,5.038790984531842
R3,gsm8k,S4_v_stored_draft_l0,2.046489953994751,3.535299301147461,5.170750141143799,6.252141952514648,8.605965614318848,9.54644762992859,12.13976001739502,14.617197036743164,19.696109771728516,6.230651017135745,19.696109771728516,10.0;65.0;1023.0;83.0;905.0;1016.0;72.0;100.0;23.0;965.0,0.2405029742551812,3.087922156210278,0.0039514855311461915,0.01751252440007179,0.03304217554109419,0.12009413860111033,3600,1024,0.44517568173871913,3.445175681738719,19.696109771728516,0.021448756616509853,2.48199387765107,2.046489953994751,-17.153596878051758,3.840281607728273,2.7224040193590606,3.1611640128069465,19.696109771728516,12.429234357410007,12.470818519592285,14.460343360900879,15.247221946716309,15.306503295898438,4.761045797868227,3.429222513154183,3.410820239473577,3.859342406983622,3.9826508120297466,4.084842980831208,19.696109771728516,11.725060052076975,11.696524620056152,13.81905937194824,15.247221946716309,15.247221946716309,-8.294034957885742,-11.566944629881117,-11.25008487701416,-9.398143768310547,-9.28618049621582,-8.975865364074707,36.438493728637695,23.292004681958094,23.553958892822266,26.31302547454834,26.32908535003662,28.56836700439453,3.4773340771162027,3.1598852366630137,3.1648074817681637,3.2771663212363022,3.292812525058879,3.3628252294479104,0.008399487635272727,3.161091246184666
R3,gsm8k,S4_k_stored_ctx_fp_l1,0.5316554605960846,1.3634941279888153,2.618138670921327,3.3238419055938717,4.58397132396698,5.067897796630859,6.232288852215131,8.20701730842214,13.136374473571777,9.027731968748506,13.136374473571777,990.0;222.0;93.0;456.0;798.0;670.0;477.0;861.0;734.0;258.0,0.6668101653318419,1.140255393005213,0.012309534576659653,0.05198422355880906,0.08386369313497678,0.27322476234378246,42995,1024,2.4928587261249557,5.492858726124956,10.026453971862793,0.021814738958722966,0.9724183908679856,0.5316554605960846,-13.136374473571777,4.283025991898316,3.150250059364449,1.4551134791159337,13.136374473571777,6.571170972821213,6.284777641296387,7.759387016296387,9.077592849731445,11.491015434265137,17.929189339538354,5.583593054336925,5.124742835815764,7.135715638570299,8.243409288525182,12.830832826716676,10.026453971862793,6.152516809487457,6.113400936126709,7.12695960998535,7.5026535987854,8.31953441619873,-3.5207672119140625,-6.062699293444248,-5.726410865783691,-5.025871753692627,-4.826160430908203,-4.495960683822633,19.464757919311523,12.215216102931704,11.867925643920898,14.041185855865479,15.883028984069824,18.30767583847046,1.5860498734694142,1.4528886567183337,1.4765795999541742,1.5297134934413716,1.5419271737344655,1.5592275103347661,0.021054039413571837,1.4549499490597742
R3,gsm8k,S4_k_stored_ctx_l1,0.5385325849056244,1.3524938523769379,2.598441362380982,3.31068525314331,4.574284219741824,5.040313518047336,6.209818876266481,8.279969215488434,13.156834602355957,9.08337619799491,13.156834602355957,990.0;222.0;93.0;456.0;670.0;798.0;477.0;861.0;258.0;322.0,0.663843063618817,1.1396272821462712,0.0124637072159246,0.05173439697818393,0.08401066760352334,0.2698565882102572,42995,1024,2.4904900887465926,5.490490088746593,10.08908748626709,0.020685393123978952,0.970695423968728,0.5385325849056244,-13.156834602355957,4.287210615571467,3.1580502195434135,1.4484520199945294,13.156834602355957,6.539335424787208,6.249271869659424,7.7960734367370605,9.042976379394531,11.513418197631836,18.867355909113392,5.58707909419662,5.132468104724803,6.776876108103584,8.43342153271732,14.195844593922077,10.08908748626709,6.122260230595961,6.0614013671875,7.1847429275512695,7.523631572723389,8.281143188476562,-3.737997055053711,-6.035874524151451,-5.687901020050049,-5.0035810470581055,-4.83069262504578,-4.511658191680908,19.488158226013184,12.158134754747412,11.780637741088867,14.148783206939697,16.120816230773926,18.209558486938477,1.5785710745111374,1.4461864283046675,1.469522997251876,1.5247050757338814,1.5365806008429652,1.5547460647389633,0.02370592562274111,1.4483043080573708
R3,gsm8k,S4_k_stored_draft_l1,0.4556954354047775,1.3239487707614899,2.5669450759887695,3.2479023575782775,4.631641387939453,5.381737232208252,6.524190902709961,7.6863526343343604,8.894271850585938,6.203992278939446,8.894271850585938,256.0;320.0;147.0;211.0;23.0;981.0;213.0;798.0;847.0;990.0,0.7378571363915085,1.0176550709160601,0.01679118422534681,0.07773641675368688,0.13200852801713778,0.3644524549642585,3600,1024,2.962186453899853,5.962186453899853,8.894271850585938,0.0074114827304866925,0.9241741563562824,0.4556954354047775,-8.677167892456055,4.550797487044776,3.230693629821958,1.433636834265433,8.894271850585938,7.065637822018729,7.0881781578063965,7.74224157333374,7.892803764343261,8.17052414894104,7.001012698837976,5.957450614442033,5.955253409859109,6.323824899284597,6.419718847006457,6.587723571648548,8.894271850585938,6.455759212705824,6.200786352157593,7.542295789718628,7.741077041625976,8.035870199203492,-5.240497589111328,-6.732159222099516,-6.7320520877838135,-5.919541645050049,-5.795897722244263,-5.598438038825989,15.435492038726807,13.18791843480534,13.191335439682007,14.107753372192382,14.377648138999938,14.754704203605652,1.5857213837965387,1.4331937062116236,1.420036438283753,1.4884133333288077,1.5099195010376958,1.5446186716353316,-0.1536044210866358,1.4336176765394422
R3,gsm8k,S4_v_stored_ctx_l1,3.7323105335235596,6.533965587615967,9.689327144622803,11.82811980247497,16.1465510749817,17.850963983535767,21.673696950912586,27.030752123065717,46.352012634277344,7.846257588243514,46.352012634277344,867.0;836.0;870.0;283.0;261.0;843.0;315.0;357.0;852.0;854.0,0.1767584787931351,5.832261124030664,0.0036604857452114045,0.014355212061584653,0.025377143549796567,0.0997472641964787,42995,1024,0.506897121719549,3.506897121719549,46.352012634277344,0.13788671440039074,4.610292913398618,3.7323105335235596,-36.27168273925781,3.6688247068829676,2.733214626420543,5.907531343825514,46.352012634277344,21.5482495500343,21.825483322143555,26.455862045288086,28.33271980285644,33.96890296936025,6.404768275171697,3.2073331101123426,3.175097001348239,3.4921370770683717,3.6292520589868236,3.9247429989623996,46.352012634277344,20.413267564424206,20.468536376953125,25.291486740112305,27.218917846679688,33.78520965576172,-8.975231170654297,-19.853664690206905,-20.38033103942871,-13.092257499694824,-11.763640403747559,-10.651700019836426,77.2701416015625,40.266932254631115,41.52690505981445,48.57363700866699,51.13401412963867,58.167829513549805,7.837789865265757,5.827049612039451,6.16352434790127,6.7493343648880035,6.889096473134144,7.163070130623404,-0.0041867394279897895,5.9059219290702405
R3,gsm8k,S4_v_stored_draft_l1,0.7391524016857147,1.282263308763504,1.8865437507629395,2.3054177880287163,3.2675768804550174,3.7617287111282356,5.329051007747695,8.388036515998444,15.956449508666992,14.020687609942184,15.956449508666992,316.0;368.0;305.0;270.0;694.0;310.0;361.0;700.0;259.0;273.0,0.32257493927361414,1.0891719459177838,0.005356517155010865,0.025134243772852023,0.045705013454022794,0.16555687444539322,3600,1024,1.1144040545609863,4.114404054560986,15.956449508666992,-0.0074311220813946316,0.8852478886473644,0.7391524016857147,-14.311860084533691,4.682555439196817,2.8711697208984233,1.1380646907325818,15.956449508666992,3.921984448697832,3.6499571800231934,4.911059236526489,5.832324600219724,7.941379580497705,4.371060202631272,3.092730534177145,3.0759690884946274,3.3136147430254828,3.408243222236485,3.6501279361046954,15.956449508666992,3.7053854971461826,3.4606956243515015,4.676624870300293,5.37052958011627,7.469926781654353,-2.460665464401245,-3.710470488998625,-3.4553966522216797,-2.9294135332107545,-2.8120301604270934,-2.6459595179557813,30.268309593200684,7.415855986144807,6.914668440818787,9.268901205062866,10.793606996536248,15.238532910346974,3.71983578091263,1.1159006045529762,1.051805953565998,1.3486270355081755,1.5093515691887616,2.026516767326237,0.01843807912935179,1.1380404292980362
R3,gsm8k,S4_k_stored_ctx_fp_l2,0.9747662842273712,1.8685566186904907,2.916151595115662,3.6387226223945617,5.146078171730042,5.706353571414948,6.9748757715227185,8.543072700595856,11.427518844604492,6.539600817832325,11.427518844604492,759.0;748.0;696.0;314.0;943.0;368.0;303.0;1003.0;683.0;690.0,0.4664175320865448,1.5779631451747846,0.006877669541513357,0.027115046792844696,0.04976637564548953,0.19116989040321106,42995,1024,1.1401519414538646,4.140151941453865,11.427518844604492,-0.04024661288735957,1.3022504425456605,0.9747662842273712,-10.320513725280762,3.991496659947753,2.9449347210102634,1.7474336986202104,11.427518844604492,7.2973645506715865,7.189883708953857,8.451736450195312,8.770391082763657,9.437618255615234,5.702361258014342,4.1115517143233635,4.076450991743804,4.58840025331103,4.719103083277388,5.11005743210256,11.427518844604492,6.913226879839426,6.765203475952148,8.19936294555664,8.679486274719238,9.377493858337402,-4.738621711730957,-6.707460630487628,-6.645665168762207,-5.768650054931641,-5.5830841064453125,-5.24939525604248,19.73433208465576,13.620687510327054,13.565027713775635,15.258275508880615,15.694439888000488,16.569101333618164,1.858788276715942,1.7469869744234152,1.7336490523771337,1.8077250000978249,1.8318156832651433,1.849398966290459,-0.006502996512325885,1.7469701603704064
R3,gsm8k,S4_k_stored_ctx_l2,0.9814958870410919,1.8718830049037933,2.91242196559906,3.6212103843688936,5.132412023544314,5.711711225509647,6.898545266628266,8.397139772319674,11.02314567565918,6.309041779385642,11.02314567565918,759.0;368.0;314.0;696.0;748.0;943.0;750.0;303.0;379.0;1003.0,0.46056460848416236,1.5828809648522106,0.006371061088505295,0.026447408131451997,0.04871021099771611,0.1877232318705158,42995,1024,1.1014820083286265,4.1014820083286265,11.02314567565918,-0.04188668265295165,1.3058896833255242,0.9814958870410919,-10.757400512695312,3.94834755747144,2.937510111751828,1.7471980787441521,11.02314567565918,7.240921800914844,7.155800819396973,8.291143417358398,8.751296043395996,9.471498489379883,5.516099100151679,4.076534854056256,4.041383188351239,4.51009731750809,4.650578401247321,4.997840558652945,11.02314567565918,6.816960707086785,6.736562728881836,7.927041530609131,8.334758758544922,9.168015480041493,-4.657776355743408,-6.727183078735259,-6.6305131912231445,-5.7886128425598145,-5.585544109344482,-5.295555124282843,19.44087028503418,13.544143785822044,13.464195251464844,15.10159158706665,15.524173259735107,16.45756244659424,1.8577162727396674,1.7467912438699118,1.7344189813448594,1.801513039868427,1.8281853102502401,1.8457873597797312,-0.01376423706421618,1.7466959186371243
R3,gsm8k,S4_k_stored_draft_l2,0.9890966415405273,1.7652458548545837,2.6523578166961674,3.236848449707031,4.38707084655762,4.841895263195039,5.852154934883127,6.986928659629207,9.131707191467285,5.733973005345926,9.131707191467285,606.0;767.0;696.0;748.0;222.0;168.0;989.0;759.0;310.0;1021.0,0.5148722845968556,1.4141550397896212,0.011601910079090892,0.04435259858674397,0.07059820231791814,0.23677795218898803,3600,1024,0.5375024629074332,3.537502462907433,8.180139541625977,-0.06864183413569755,1.2325488488615612,0.9890966415405273,-9.131707191467285,3.6746796317644512,2.754725406680448,1.5925619431681257,9.131707191467285,6.166747557852004,6.1112213134765625,6.912684679031371,7.1945099353790285,7.807201266288756,4.278177039056078,3.5343360601991307,3.525653079177065,3.7686795174362366,3.84539112173832,3.9882267904386053,8.180139541625977,5.4581341167291,5.397375583648682,6.199052810668945,6.480316400527954,7.095975346565242,-4.363459587097168,-6.0414165283573995,-5.990367889404297,-5.292440557479859,-5.115432858467102,-4.83346603870392,15.541451930999756,11.4995506450865,11.416411638259888,12.595698690414428,12.979980349540709,13.73595360279083,1.6596757177788428,1.592423982206031,1.5921233110868958,1.6197391186256678,1.6266348770097971,1.6398858118412274,-0.012308853294490333,1.591081971940454
R3,gsm8k,S4_v_stored_ctx_l2,4.939483165740967,8.780887126922607,13.133173942565918,16.131479167938227,22.361680564880395,24.797260704040536,30.039561351776445,37.17389575576022,55.121315002441406,6.890359938088047,55.121315002441406,404.0;450.0;465.0;408.0;476.0;467.0;901.0;503.0;407.0;459.0,0.16302765225093974,7.9152605405343,0.002303939964013692,0.010691362863042498,0.02062760706600653,0.08832554228737378,42995,1024,0.6742206614570754,3.6742206614570754,55.121315002441406,-0.021308274118435458,6.1842275888739655,4.939483165740967,-53.56871795654297,3.7550517451706447,2.795289406752171,7.999772943318342,55.121315002441406,28.74314021012827,29.87904930114746,36.920780181884766,39.60440330505371,45.233665466308594,5.674426753094135,3.209920533006474,3.1665938643202285,3.5044754654354104,3.6623151526004483,4.139513743845163,55.121315002441406,26.86568651959042,28.03296661376953,34.655677795410156,36.874412536621094,41.540584564208984,-11.124117851257324,-27.022935683872273,-27.829740524291992,-16.152847290039062,-13.97669792175293,-12.243042945861816,97.17904663085938,53.88862220346269,56.7507438659668,68.11027145385742,71.95993041992188,78.65050888061523,10.803385120174527,7.8211055372197915,8.514476297542526,9.38148643056631,9.59206528138638,10.027360527099239,0.006919136890392067,7.999744564803448
R3,gsm8k,S4_v_stored_draft_l2,2.5915104150772095,4.503756880760193,6.673172473907471,8.158610916137693,11.360186052322392,12.775619506835938,16.00192414474558,20.31076228599147,29.261608123779297,7.265289183839071,29.261608123779297,552.0;418.0;487.0;429.0;435.0;506.0;550.0;593.0;481.0;394.0,0.26535367882194616,3.914583297889074,0.004115803949871348,0.01968266937618093,0.03435978772231173,0.12833773077249241,3600,1024,0.6756715665600046,3.6756715665600046,28.846397399902344,-0.04537893832301001,3.13644838776112,2.5915104150772095,-29.261608123779297,3.973076459695883,2.820591284771724,4.027590283518087,29.261608123779297,15.098052570819855,14.722278118133545,19.302014350891113,20.63555946350097,24.058502426147452,4.57521910681791,3.302489276057916,3.276714024824047,3.6313378065460102,3.74593788554278,4.021819921898278,28.846397399902344,14.050942935546239,13.597924709320068,17.94263439178467,19.482034587860106,23.308478965759274,-7.582863807678223,-14.187952241367764,-13.79676103591919,-10.713423347473144,-10.036919784545898,-8.946026439666749,56.06706619262695,28.238895176914003,27.681820392608643,35.25404739379883,37.81533451080321,43.60306774139401,6.736092797240301,3.982078512109136,3.921708051925658,4.76724492260217,5.05365670315342,5.6705485598442475,-0.008810838248451346,4.027334632712557
R3,gsm8k,S4_k_stored_ctx_fp_l3,0.8988045454025269,1.8080637454986572,2.9867892503738402,3.7826427340507487,5.339656434059151,5.941713769435883,7.109280152320932,8.371829298399717,10.350452423095703,5.875440882834567,10.350452423095703,440.0;877.0;243.0;555.0;698.0;949.0;873.0;231.0;619.0;574.0,0.5305912972060658,1.5416186183786218,0.010035623591104732,0.03609854411195556,0.06348260316861455,0.22467850571559528,42995,1024,1.5384795831517,4.5384795831517,9.845526695251465,0.008809899181448673,1.2770275318633821,0.8988045454025269,-10.350452423095703,4.035587387587621,3.031059361517118,1.7616469350130195,10.350452423095703,7.378651713160446,7.312010288238525,8.47338638305664,8.714108848571758,9.858331680297852,6.329219226201645,4.491718200424036,4.329389685296232,5.392271215106305,5.5613070435318885,5.895548105343175,9.845526695251465,6.74557879896327,6.7010602951049805,7.782196521759033,8.122717666625975,8.637615203857422,-4.731337070465088,-7.113633630597074,-7.021632194519043,-5.946627140045166,-5.720605850219727,-5.357726430892949,17.971927642822266,13.859212429560344,13.68155288696289,15.66278228759765,16.478528499603215,17.234010696411133,1.8554676991237837,1.761286141502948,1.7562810947075533,1.8225404050556318,1.8317332925273504,1.8455266404850883,-0.019653641404488196,1.7616249059652793
R3,gsm8k,S4_k_stored_ctx_l3,0.903160572052002,1.8119756877422333,2.9827418327331565,3.7783405780792236,5.323280897140504,5.903967645168307,7.108581995964321,8.344831661509344,10.351555824279785,5.883798530019217,10.351555824279785,877.0;440.0;698.0;574.0;949.0;552.0;555.0;243.0;231.0;171.0,0.5296172471139537,1.5411355651557233,0.009889640219136108,0.03635625266051967,0.06474783295225602,0.22434485257891632,42995,1024,1.5031243903917204,4.50312439039172,9.949183464050293,0.01192629202574461,1.2784413456897301,0.903160572052002,-10.351555824279785,4.040500288881548,3.0257395940434737,1.759332134073934,10.351555824279785,7.3791944272214,7.300106048583984,8.460173606872559,8.793394088745117,9.601643562316895,6.058184008422302,4.459319509676217,4.319127912814468,5.296901818520628,5.488151345182369,5.713141962188576,9.949183464050293,6.724515697198879,6.676000118255615,7.733963966369629,8.029942512512207,8.640837669372559,-4.716188907623291,-7.111448730442576,-7.024756908416748,-5.948365688323975,-5.727663993835449,-5.351099548339844,18.00059700012207,13.835964427641455,13.720744132995605,15.551660537719727,16.350261211395264,16.74303388595581,1.8487224185906628,1.758971410783648,1.754085132730244,1.817833624732103,1.8291968074623284,1.8426595148125617,-0.024921491541149393,1.759291710190115
R3,gsm8k,S4_k_stored_draft_l3,0.9842924773693085,1.7651264369487762,2.6734495639801037,3.314814162254333,4.644276623725892,5.145533087253572,6.048788579464051,6.92355489730835,8.379617691040039,5.165966307240676,8.379617691040039,1016.0;768.0;372.0;832.0;939.0;900.0;698.0;964.0;246.0;561.0,0.5181118887608711,1.4363265738278612,0.010562852000301047,0.043177653278568075,0.07873292730546234,0.2553543638583636,3600,1024,0.7546008963106603,3.7546008963106603,8.379617691040039,-0.03094072654901897,1.2440234728066477,0.9842924773693085,-8.23271656036377,3.7290290742673657,2.863158850949397,1.622081367293293,8.379617691040039,6.332257061004639,6.287168264389038,6.990142488479615,7.241432881355285,7.702426557540888,4.746897248783638,3.7476571674776875,3.734357329277786,4.051786684642122,4.144293822014383,4.32590045496596,8.379617691040039,5.880639791223738,5.815461874008179,6.735711002349853,6.979825735092161,7.568204026222227,-4.640071868896484,-6.092837312883801,-6.071730613708496,-5.453490114212036,-5.307489943504334,-5.012619276046753,15.195561408996582,11.97347710410754,11.924264907836914,13.018615341186523,13.386706519126891,14.097511439323418,1.7070633889086662,1.621919438970581,1.6229224106476834,1.6506519077143902,1.6575893324465723,1.672924589033151,-0.030487790148840403,1.6217862478023106
R3,gsm8k,S4_v_stored_ctx_l3,5.422282695770264,9.693091869354248,14.81990833282471,18.599827194213866,27.581904029846193,31.505579538345348,40.49147840881368,52.57805701293705,85.74647521972656,9.366119209206213,85.74647521972656,602.0;639.0;607.0;635.0;537.0;582.0;586.0;589.0;637.0;680.0,0.24000826179192558,8.95182288230426,0.0022885740271881123,0.011123996731872365,0.02173933877839431,0.10127804938375967,42995,1024,1.5499205789740103,4.54992057897401,85.74647521972656,0.055814676955987436,6.926288470232432,5.422282695770264,-77.67499542236328,4.422899165967114,3.0127815807989373,9.154963043332186,85.74647521972656,36.151729738586155,35.53842544555664,50.41323471069336,54.873104095458984,65.02030181884766,6.926877943533035,3.6605568224886764,3.5224159615052586,4.428247631687363,4.734972267999303,5.617656002383373,85.74647521972656,33.41537413767347,32.527069091796875,46.80463409423828,51.06105422973633,59.180946350097656,-12.638626098632812,-33.873437883399475,-33.084205627441406,-20.776273727416992,-17.62366485595703,-14.606622695922852,142.24236679077148,67.28881202107294,66.51033782958984,93.1678352355957,100.46775741577144,113.24465789794914,14.533038137082986,8.935675035274242,9.150909389653563,11.29655621462796,11.815734213754903,13.176850239451834,-0.011589172946804676,9.154792900258007
R3,gsm8k,S4_v_stored_draft_l3,4.633268594741821,8.06587529182434,12.008744430541993,14.864759731292724,21.6901237487793,25.030311584472656,33.631866455078125,46.589643539421544,99.03741455078125,13.363278025910567,99.03741455078125,408.0;411.0;431.0;414.0;495.0;438.0;388.0;493.0;511.0;402.0,0.33416135332016994,7.080256628783271,0.007115905976696552,0.024922111602958357,0.043442671527866086,0.15346412296250492,3600,1024,1.3676607527289928,4.367660752728993,99.03741455078125,-0.018345254081698133,5.698724328673178,4.633268594741821,-82.1766128540039,4.538001966307983,2.9266833689678227,7.411161719359116,99.03741455078125,31.6585249765714,30.28035259246826,41.71578826904297,46.262418174743644,57.09969894409175,10.771049081805726,3.803329746877514,3.6630398710729475,4.541174145065024,4.93460587852351,6.090721028201526,99.03741455078125,30.442128552330864,29.0139799118042,40.76208839416503,45.36926708221434,55.87949520111074,-15.136368751525879,-27.603835447894202,-26.512622833251953,-20.26453971862793,-19.110013675689697,-17.162793312072758,177.0346221923828,58.04596400022507,56.03545951843262,74.60071964263916,82.40700511932373,100.55312923431363,14.115670227440058,7.347370319453714,7.284150064570803,8.578002769842413,8.99580080444786,10.035553976357402,0.07927310336240757,7.4111390138187705
R3,gsm8k,S4_k_stored_ctx_fp_l4,1.0049652457237244,1.960853099822998,3.146225929260254,3.95308426618576,5.499234552383426,6.10915518283844,7.599636284351743,8.882892979716546,10.854947090148926,5.808082576875588,10.854947090148926,564.0;114.0;428.0;254.0;62.0;250.0;575.0;815.0;753.0;380.0,0.4944904934247274,1.668693339831787,0.009066317785322074,0.03666748987712045,0.06270659074287528,0.2032914788642934,42995,1024,1.255763820886239,4.255763820886239,10.480491638183594,0.008519886707072943,1.380414864968078,1.0049652457237244,-10.854947090148926,4.066285604818118,2.9424379616586593,1.8689381472238396,10.854947090148926,7.671646368809946,7.562823295593262,8.78174877166748,9.302807807922363,10.00149154663086,6.14631914407683,4.223605144295197,4.048331620004514,5.129005594992628,5.39853305653783,5.815070276263315,10.480491638183594,7.316558050463291,7.152615547180176,8.727763175964355,9.109774589538574,9.961843547821045,-4.663329601287842,-7.088378431187326,-6.988594055175781,-6.056562423706055,-5.820270919799809,-5.419626646041872,19.04037570953369,14.404936481650617,14.202807426452637,16.456305980682373,17.022774696350098,18.308547019958496,1.950137397261698,1.8687664849036578,1.8627319708654402,1.9083192585867157,1.9200143837132755,1.932864015031345,0.015321532285803538,1.8689187274140566
R3,gsm8k,S4_k_stored_ctx_l4,1.008971631526947,1.9623375236988068,3.144744372367865,3.9518724441528312,5.507198352813724,6.098289117813113,7.508368039608003,9.064328060625016,11.513023376464844,6.162215431131723,11.513023376464844,564.0;114.0;815.0;374.0;428.0;254.0;250.0;633.0;637.0;62.0,0.49281457101166926,1.6701050259556283,0.009287227126895557,0.037479422651300415,0.06311159985778292,0.20576874967995273,42995,1024,1.2490266112413124,4.249026611241312,10.629186630249023,0.009686495751039836,1.3820368530043128,1.008971631526947,-11.513023376464844,4.018768996063279,2.947665575090007,1.8683253620606408,11.513023376464844,7.694493518999696,7.589226245880127,8.93032169342041,9.366641998291016,10.108925819396973,6.118675651315633,4.219330659119256,4.0619780928171965,5.113852248945663,5.378492308192719,5.87256935061688,10.629186630249023,7.35857284004459,7.191746234893799,8.806924819946289,9.239774703979492,10.022207260131836,-4.7584404945373535,-7.067147902186935,-6.992077827453613,-6.046781063079834,-5.8099463939666744,-5.426256809234627,19.415607452392578,14.425720742231524,14.257995128631592,16.335729598999023,17.038744926452637,18.04439687728882,1.9439312265130821,1.8681680442449633,1.862820065767423,1.9050073817154793,1.9164583662839456,1.9300902459066138,0.016894541645261763,1.868300251650973
R3,gsm8k,S4_k_stored_draft_l4,1.10773366689682,1.9395637810230255,2.8354616165161133,3.412452495098113,4.568953261375429,5.045434629917146,6.2394843101501465,8.334641716956954,10.731782913208008,6.252394235185063,10.731782913208008,448.0;384.0;760.0;631.0;1022.0;172.0;125.0;190.0;243.0;506.0,0.43478208262184825,1.5797008826787486,0.009235124533416865,0.036434076444674834,0.05997218104747292,0.1957301235228473,3600,1024,0.34979691702495863,3.3497969170249586,10.11903190612793,0.010765049784466288,1.3462204503628843,1.10773366689682,-10.731782913208008,3.635156995516304,2.6618966543849276,1.7164277410428455,10.731782913208008,6.916936596102185,6.803177356719971,8.223946571350098,8.652351570129394,9.441884231567371,4.637252375694538,3.3462559219251697,3.322967433741664,3.644173884153363,3.75132525601904,3.970484210496735,10.11903190612793,6.232193619410197,5.974212646484375,7.705061960220337,8.228237342834472,9.110324440002438,-4.288023471832275,-6.2473372179932065,-6.03104043006897,-5.118605709075927,-4.936267518997193,-4.681087245941163,17.47091007232666,12.479530837403404,12.392698764801025,13.987951135635376,14.438199234008788,15.241149840354911,1.7926339216070566,1.7162869945400154,1.7164727155516246,1.7442526651304855,1.7522721196204265,1.766333911311815,-0.026915131472172105,1.7163939827220855
R3,gsm8k,S4_v_stored_ctx_l4,5.2731523513793945,9.325196027755737,13.968819427490239,17.2152925491333,24.79274229049683,28.115605792999332,36.201849952698254,47.448856353759766,78.8880386352539,9.210091936877767,78.8880386352539,48.0;101.0;16.0;4.0;9.0;100.0;114.0;78.0;25.0;72.0,0.19867934507470564,8.428330965198736,0.0028687604491388625,0.012725995181353809,0.023863134167655207,0.10305095962082664,42995,1024,1.1087916944212344,4.108791694421234,71.18887329101562,-0.0940710030836375,6.583016577323394,5.2731523513793945,-78.8880386352539,4.226526253124557,2.894525454214423,8.565391005423237,78.8880386352539,34.23254517145885,33.578983306884766,45.77175827026367,49.717384338378906,59.00104904174805,7.821549359506647,3.6273251148761347,3.4412137044737388,4.63435932710074,4.8513048052738545,5.400812247045531,71.18887329101562,31.538733675690885,31.15072250366211,41.93098831176758,45.98271942138672,54.52378845214844,-13.26732063293457,-32.25102712500579,-31.509857177734375,-21.379182815551758,-18.181474685668945,-14.780465126037598,139.82810974121094,63.789760800696676,62.86128234863281,83.72956619262695,90.61807632446289,103.44638442993164,12.459753862921607,8.428762127881654,8.805301723304673,9.994769688621144,10.305258636813104,11.153227183454804,-0.008483894599426771,8.56487441368314
R3,gsm8k,S4_v_stored_draft_l4,4.0075364112854,6.885835647583008,9.99152107238772,12.030565786361693,16.362263851165775,17.993993759155273,22.021317329406777,27.780799865722656,48.293212890625,7.956011501219899,48.293212890625,471.0;441.0;496.0;427.0;453.0;474.0;702.0;493.0;503.0;726.0,0.23721667502973087,5.926989448219405,0.007049698041723242,0.023064487973014976,0.037449822944768806,0.12829178544545758,3600,1024,0.2953327330181197,3.2953327330181197,40.376461029052734,-0.07816133450594559,4.791830194838802,4.0075364112854,-48.293212890625,3.627877365326106,2.695582911012752,6.07002803895145,48.293212890625,22.539237421883477,22.023627281188965,26.839075660705564,28.505439758300778,33.40489345550535,5.760422955428713,3.2044968939545866,3.1681578360978566,3.514322985628501,3.641380412135856,4.014218520512582,40.376461029052734,20.53584320810106,20.054091453552246,24.577966308593748,26.172549152374263,30.054748268127398,-14.206507682800293,-21.491457357406617,-20.957801818847656,-17.720521545410158,-17.023021507263184,-15.873966617584228,81.162109375,42.02730056550768,41.317843437194824,48.972021484375,51.76731405258178,57.79356607437133,8.001872164273152,6.052105574326458,6.020310087998,6.660871902350371,6.870915813321614,7.267002072049508,-0.02129970563724158,6.0695247918963995
R3,mtbench,S4_k_stored_ctx_fp_l0,0.7362943887710571,1.4174038767814636,2.1744507551193255,2.693670439720153,4.086952967643739,5.489968307018286,10.139396746635667,12.94952855300809,16.726770401000977,11.409604965401973,16.726770401000977,224.0;352.0;160.0;736.0;608.0;288.0;672.0;992.0;544.0;863.0,0.41357694308093007,1.324833258238641,0.041419249848249656,0.14752871051640865,0.19551091691056477,0.2960296134311108,125480,1024,7.318094211459565,10.318094211459565,15.702205657958984,-0.004382607713502466,1.05417337881821,0.7362943887710571,-16.726770401000977,6.916249143927504,2.7877777810713438,1.4660253752625583,16.726770401000977,10.206343798478546,10.671594142913818,13.155709266662598,13.69200611114502,14.654117584228516,22.18282466854586,9.16826711677567,8.755850076644096,13.5084362332502,14.77732986036057,17.229774927185733,15.702205657958984,9.095224696325579,9.58539342880249,11.653033256530762,12.183566093444824,13.124808311462402,-3.7516469955444336,-9.691801346796199,-10.036365509033203,-5.613044261932373,-5.228241443634033,-4.552858729362487,29.83937168121338,18.787026043121777,19.719032287597656,24.159788131713867,25.039697647094727,26.665411767959576,1.7064336624383079,1.4566663279408474,1.509383625972652,1.6127922634164886,1.6307374780247836,1.6588744207473478,-0.16784528349899314,1.466018824457365
R3,mtbench,S4_k_stored_ctx_l0,0.7445380389690399,1.4272476434707642,2.180337572097779,2.6974720358848567,4.077023797035219,5.361812591552734,9.839296691894955,12.59456475391269,15.935940742492676,10.902732890899594,15.935940742492676,224.0;352.0;160.0;736.0;288.0;992.0;608.0;544.0;863.0;672.0,0.4050361105414514,1.327151854695602,0.03863012403073014,0.14148478630381564,0.18648525518350723,0.28770658073632915,125480,1024,6.636022491435966,9.636022491435966,15.100993156433105,-0.0008164767923151347,1.057910078605933,0.7445380389690399,-15.935940742492676,6.731653022528928,2.78933651719662,1.461646442406587,15.935940742492676,9.896733464454062,10.30544376373291,12.762475967407227,13.303472518920898,14.235517501831055,21.507632594333646,8.62133277814028,8.17468402174427,12.627745194158898,13.83567949392851,16.1175953769807,15.100993156433105,8.91742764058332,9.359915733337402,11.402058601379395,11.910776138305664,12.864569664001465,-3.746152400970459,-9.385729018075093,-9.625610828399658,-5.607121467590332,-5.150578022003174,-4.513683290481569,29.682774543762207,18.303156658658413,19.102059364318848,23.57909107208252,24.476518630981445,25.989327430725098,1.7107564463164575,1.452881786833909,1.503788752165013,1.6046231659215315,1.6216287638117879,1.6501654233680916,-0.14044153813719068,1.4616462143642968
R3,mtbench,S4_k_stored_draft_l0,0.8989095687866211,1.5881366729736328,2.3224558591842657,2.782486915588377,3.7476391005516057,4.122911374568941,4.908365015030009,5.954458262634009,7.925321102142334,5.6632475826660835,7.925321102142334,352.0;403.0;467.0;539.0;96.0;224.0;30.0;917.0;745.0;602.0,0.2297919899620191,1.3672166353929285,0.0029378813824245493,0.013248529120228452,0.025041684354439736,0.10054854097330834,4800,1024,0.2832171659643583,3.2832171659643583,7.597934246063232,-0.001991333496036906,1.095843739440418,0.8989095687866211,-7.925321102142334,3.5074019018229365,2.677974532939323,1.3994304480701045,7.925321102142334,5.264854034632444,5.2159693241119385,6.042005252838135,6.2703252077102665,6.786298437118531,4.771893187629145,3.2786117850531795,3.2430412855696913,3.5273611095201183,3.6485317538345448,3.815145211492701,7.597934246063232,4.790675630122423,4.70573616027832,5.42789888381958,5.756499767303467,6.727019309997559,-3.6457653045654297,-5.020835195829471,-4.903802394866943,-4.2741724967956545,-4.138214707374573,-3.9336100459098815,14.773216724395752,9.811510825951894,9.827592134475708,10.789790296554566,11.070628666877747,11.901757998466492,1.4850080647899964,1.3992362235964897,1.4039616868131115,1.4289697984132657,1.4320948564383111,1.4448601686214906,-0.012023594961144335,1.3994290312754702
R3,mtbench,S4_v_stored_ctx_l0,3.2713475227355957,5.690607786178589,8.370892620086675,10.22818202972412,14.214655065536501,15.942101116180423,20.06398189926156,25.86565399169922,42.58522033691406,8.239475592337419,42.58522033691406,64.0;2.0;46.0;25.0;36.0;31.0;103.0;38.0;80.0;23.0,0.22502828757694393,5.065953879605209,0.0042539679082850956,0.014882016618504093,0.026305158453576193,0.10538695519907601,125480,1024,0.6768660314592734,3.6768660314592734,39.80229949951172,0.008078975883146917,4.023581114508658,3.2713475227355957,-42.58522033691406,3.8820202839426017,2.750280556009227,5.168438192415746,42.58522033691406,20.724728167053236,20.430233001708984,25.31266975402832,27.058202743530273,31.117401123046875,6.427373149872586,3.526950642073886,3.4805326590747048,3.9922510697834417,4.169295530167207,4.589818867209115,39.80229949951172,18.98678147896939,18.70780372619629,23.330968856811523,24.94407081604004,28.698322296142578,-9.499679565429688,-19.427415201562887,-19.05837631225586,-15.418947219848633,-14.194130897521973,-11.135165214538574,68.54964065551758,38.41419668053228,38.276811599731445,45.74414825439453,48.41747283935547,53.806352615356445,6.705357997651298,5.145151738938991,5.195017253225779,5.6766010181668065,5.812127073501261,6.088853893487516,-0.004278626632704673,5.1684318781396765
R3,mtbench,S4_v_stored_draft_l0,2.0487561225891113,3.556580662727356,5.193906784057617,6.2891154289245605,8.55690860748291,9.506601333618164,11.799745559692383,14.393494615837337,18.77289390563965,5.940631254083422,18.77289390563965,66.0;1001.0;942.0;1004.0;53.0;0.0;48.0;1018.0;1022.0;904.0,0.23122614921377493,3.0924243825334665,0.004254189439327219,0.01737812567044763,0.03229217213992611,0.11675256022869407,4800,1024,0.39490782375835254,3.3949078237583525,18.77289390563965,0.03139885467329426,2.485008076406391,2.0487561225891113,-17.156265258789062,3.733997412145509,2.707810472240368,3.1600840218344968,18.77289390563965,12.33098570962747,12.338659286499023,14.393487930297852,15.247221946716309,15.247221946716309,4.676069576705377,3.386864214018082,3.3670431155669323,3.756385422453157,3.9826508120297466,3.9826508120297466,18.77289390563965,11.540001331567764,11.222383499145508,13.8447096824646,15.247221946716309,15.247221946716309,-7.9661455154418945,-11.312730398376782,-11.114556312561035,-9.398143768310547,-9.142436981201172,-8.666763305664062,29.93565082550049,22.852731729944548,23.031051635742188,25.374469757080078,25.810515117645263,26.976882934570312,3.474037408175578,3.1589116165438282,3.1648074817681637,3.2771663212363022,3.2868401024320217,3.3522586726046164,0.012658776425834219,3.159928027183356
R3,mtbench,S4_k_stored_ctx_fp_l1,0.5274752676486969,1.3710596561431885,2.6338295698165908,3.324425077438354,4.552609033584596,5.009034814834595,6.141310214996338,7.777660546588804,13.459561347961426,9.037590007482013,13.459561347961426,990.0;222.0;93.0;670.0;477.0;29.0;925.0;798.0;968.0;392.0,0.6578500694908165,1.162740952772134,0.009222199691722676,0.03879028364827388,0.06725818637471508,0.23741074776465212,125480,1024,2.2019724478941924,5.201972447894192,9.596437454223633,0.005846617922813405,0.9865129066521046,0.5274752676486969,-13.459561347961426,4.123659188960456,3.0569060050480927,1.489286561662851,13.459561347961426,6.291349419169567,6.087703227996826,7.273497581481934,7.920060634613037,10.172050476074219,18.18336094513595,5.2409062665166415,5.001159383618488,5.801449464232663,6.832206567405237,11.240012150442055,9.596437454223633,5.950160480377816,5.864682197570801,6.909642457962039,7.277524948120117,8.137432098388672,-3.5461747646331787,-5.816905317982557,-5.599279880523682,-4.964503765106201,-4.808909893035889,-4.485644817352295,19.55887222290039,11.767065798360374,11.5110764503479,13.353495216369629,14.045726299285889,17.363922696113587,1.611601883200926,1.4872683713241628,1.5096175340208056,1.5575554738896975,1.5674491187342534,1.583512462711078,0.0011725799649906258,1.4892750853379713
R3,mtbench,S4_k_stored_ctx_l1,0.5340328812599182,1.3596325814723969,2.6166138648986816,3.312951242923736,4.538202304840091,5.000204327106477,6.121163114547808,7.709477670096965,13.23731517791748,8.922765110228735,13.23731517791748,990.0;222.0;93.0;29.0;670.0;477.0;925.0;798.0;392.0;456.0,0.6559413168033237,1.1620328655871899,0.00890815400005594,0.039109013280728716,0.06631078120711023,0.2362472189723595,125480,1024,2.2049564020982313,5.204956402098231,9.860770225524902,0.0048372256253489685,0.984971275209111,0.5340328812599182,-13.23731517791748,4.1260406614492044,3.0590276536089305,1.4835440599845784,13.23731517791748,6.270788606629845,6.0532917976379395,7.31058406829834,7.930449485778809,10.35190200805664,18.86735765572372,5.246094739531264,5.004278375952136,5.817713921164153,6.715810601512999,11.481314866979414,9.860770225524902,5.927016297396027,5.821284294128418,6.906562185287476,7.3138041496276855,8.195359230041504,-3.4875235557556152,-5.800244315627429,-5.5783467292785645,-4.9458327293396,-4.788228511810303,-4.472296714782715,19.53459644317627,11.727260613023455,11.457483291625977,13.370566987991333,14.191996431350644,17.35696506500244,1.608159947723233,1.4814551652376464,1.5039712125572362,1.5530224819631688,1.5632691773225418,1.5787547974052252,0.00354219481595306,1.4835361738642492
R3,mtbench,S4_k_stored_draft_l1,0.4489307999610901,1.3488322794437408,2.580299711227419,3.258448851108551,4.602510347366334,5.215622425079346,6.63941027450565,7.610579521559378,8.817039489746094,6.168392584923936,8.817039489746094,256.0;320.0;147.0;211.0;23.0;213.0;981.0;782.0;850.0;846.0,0.7114616680252168,1.0405669920120137,0.0158648488716312,0.06622118694391771,0.10900164617072934,0.323517136293519,4800,1024,2.8546152986468245,5.8546152986468245,8.817039489746094,0.015497195823166669,0.9244157528097613,0.4489307999610901,-8.658686637878418,4.644925221573191,3.2199119366253104,1.4293901317655544,8.817039489746094,7.02034668803215,7.050543308258057,7.646589899063111,7.78553991317749,8.058086442947388,6.8230529614660345,5.8439534456996896,5.843468568362519,6.2590105827244695,6.364067932911848,6.578781439374378,8.817039489746094,6.42935980618,6.285174608230591,7.45325050354004,7.660624527931214,7.949367418289186,-5.002246856689453,-6.640904650489489,-6.688514471054077,-5.798491859436035,-5.617300987243652,-5.338644113540649,15.524615287780762,13.07026445666949,13.071557760238647,14.046831369400024,14.358198499679565,14.735157136917115,1.612509033943517,1.4288455038381198,1.4132452231610033,1.490216093923963,1.5247898497249683,1.566900405506523,-0.07073775814801797,1.4293061203641322
R3,mtbench,S4_v_stored_ctx_l1,3.8091284036636353,6.666083812713623,9.8269006729126,11.938052415847777,16.355488872528095,18.089087419509898,21.760028739929556,27.692961835668864,66.69768524169922,10.871101872641052,66.69768524169922,870.0;858.0;867.0;822.0;856.0;836.0;853.0;808.0;879.0;862.0,0.14825006527401452,6.07850802275185,0.004188498017182637,0.014072731530721814,0.02397168440374338,0.09113168221020954,125480,1024,0.48214277496248936,3.4821427749624894,57.24610137939453,0.08710292368409034,4.807637855515225,3.8091284036636353,-66.69768524169922,3.5466821423583292,2.665792449404805,6.135319678086645,66.69768524169922,23.041834060850135,22.647565841674805,28.042580223083498,30.708158779144284,41.42426517486556,10.405010974454953,3.267419632233825,3.195421880456202,3.5767659106011562,3.7701162465821247,4.999590513747614,57.24610137939453,21.572063259832184,21.207664489746094,26.472732543945312,28.962181091308594,36.52762222290039,-8.975232124328613,-21.245198415661072,-21.01148223876953,-16.275912857055665,-13.335326194763184,-10.830598831176758,105.92303848266602,42.817261675493256,42.74961471557617,50.756208419799805,54.60328483581543,69.66560173034668,8.041778179562304,6.084950554519886,6.2524089746737666,6.836735514536956,7.000249165138916,7.331309409447212,0.0034474491821505663,6.134701348313779
R3,mtbench,S4_v_stored_draft_l1,0.7218391597270966,1.2629295587539673,1.8912414550781251,2.3488076210021944,3.568153195381168,4.239493935108187,6.13595815992396,9.911258882808076,17.28578758239746,15.742974774775458,17.28578758239746,540.0;314.0;752.0;623.0;273.0;361.0;369.0;309.0;355.0;529.0,0.3042580709163166,1.0558179249983808,0.00644464477496307,0.02510513481524214,0.045569405548491336,0.1586328916453886,4800,1024,2.601423414905465,5.601423414905465,16.767765045166016,-0.006401357207390106,0.837778174464541,0.7218391597270966,-17.28578758239746,5.588303921374625,3.2496839082196556,1.0980000812866708,17.28578758239746,3.8123897060751917,3.4829663038253784,4.767196369171144,5.7590588569641135,9.938007125854494,4.769369958755598,3.163631244750544,3.143211399585485,3.401082406393182,3.487797648233258,3.762099579231543,16.767765045166016,3.5717757779856525,3.2654407024383545,4.543621635437012,5.359446763992312,9.044279241561892,-2.171733856201172,-3.6248586761951445,-3.3282209634780884,-2.863189315795898,-2.7599255323410032,-2.584903972148895,31.07221031188965,7.1966344541807965,6.584011077880859,8.96313490867615,10.777049851417543,18.624435510635376,3.686503220379131,1.0584796737258704,0.9717629827668077,1.3268750412219148,1.5754338766642937,2.4442254107896373,0.032291443551384615,1.0979814211230712
R3,mtbench,S4_k_stored_ctx_fp_l2,0.9838505685329437,1.8673845529556274,2.91019780635834,3.619629347324371,5.113014931678774,5.674451732635501,6.875848577022996,8.650336690139033,11.583518981933594,6.702871792053461,11.583518981933594,748.0;303.0;759.0;943.0;751.0;699.0;949.0;1020.0;763.0;702.0,0.4283093634189141,1.5857182969446075,0.005410436145164764,0.023512899859299125,0.04437621709807467,0.1690247906830668,125480,1024,1.070580246802721,4.070580246802721,11.583518981933594,-0.04691999337821483,1.295169662772832,0.9838505685329437,-11.511061668395996,3.978750459617677,2.9586763410454506,1.7281427037984445,11.583518981933594,7.2131914749698804,7.091170787811279,8.312520980834961,8.761155128479004,9.585560445785523,5.702361258014342,4.048852304859876,4.0144989302841605,4.510693478502088,4.687035536797711,5.017249863466452,11.583518981933594,6.819348231705655,6.705080509185791,8.040308952331543,8.55454158782959,9.483197698593102,-4.478898525238037,-6.634459445668058,-6.5436530113220215,-5.689648628234863,-5.491392612457275,-5.146848201751709,19.584396362304688,13.453807677373712,13.36676025390625,15.03475284576416,15.57471227645874,16.595067501068115,1.8588475298427745,1.727782501807693,1.7179747610090033,1.781471076578446,1.8069873205415912,1.8433704773547717,0.00704364718457023,1.7275056349873903
R3,mtbench,S4_k_stored_ctx_l2,0.9886943399906158,1.870058834552765,2.9072124719619756,3.613589537143707,5.096652412414551,5.672472004890442,6.831429699420984,8.428735127639584,11.957913398742676,6.9196242742105945,11.957913398742676,303.0;748.0;751.0;943.0;759.0;949.0;763.0;379.0;699.0;693.0,0.4231706328229198,1.5898069334327527,0.005078256153014573,0.022839062373491835,0.042748138222707066,0.16590699755055266,125480,1024,1.0416095725727548,4.041609572572755,11.374258041381836,-0.0501805832998816,1.2980874702647331,0.9886943399906158,-11.957913398742676,3.9531083057222145,2.9492536510480067,1.7281159966025554,11.957913398742676,7.184728300913451,7.0822954177856445,8.24785041809082,8.664445877075195,9.526110649108887,5.977993501984931,4.021876687441143,3.990697498399382,4.456791648290811,4.622546355515093,4.95073777123466,11.374258041381836,6.740237672423191,6.6422624588012695,7.894241809844971,8.359290170669556,9.319363594055176,-4.462952136993408,-6.669362534544139,-6.584386348724365,-5.718021869659424,-5.52122163772583,-5.18131213188173,20.041370391845703,13.40960020696733,13.32922887802124,14.939246416091922,15.45390510559082,16.448262414932252,1.857716279649378,1.727774898143237,1.7184526609819688,1.780694862306697,1.8014079778461394,1.8388253811277815,-0.004568380669591342,1.7273872775881287
R3,mtbench,S4_k_stored_draft_l2,0.9773254692554474,1.7575267255306244,2.6429287195205697,3.2281162619590758,4.38630934238434,4.852695968151094,5.808218479156494,6.848790701055497,8.544408798217773,5.382644703905611,8.544408798217773,606.0;1020.0;759.0;222.0;542.0;699.0;748.0;687.0;755.0;370.0,0.4795837471558959,1.4348565077223026,0.008954212365053987,0.03749738867432612,0.06351415748813048,0.21503943076320015,4800,1024,0.5188298761487493,3.5188298761487493,8.505709648132324,-0.05444020626617249,1.2289790655893549,0.9773254692554474,-8.544408798217773,3.6589513884775138,2.7632040213714295,1.5873997390201153,8.544408798217773,6.018984492421151,5.961400032043457,6.771983909606934,7.051295518875122,7.594005990028383,4.559581713600896,3.5096237539903994,3.49268673260989,3.7784696458222453,3.8746261317259565,4.060972722854612,8.505709648132324,5.548591789205869,5.460365295410156,6.426771831512451,6.764789438247681,7.368469147682191,-4.155943870544434,-5.726531313757102,-5.671947240829468,-4.958591461181641,-4.788050293922424,-4.525508317947388,14.958943367004395,11.27512310296297,11.210355997085571,12.383897542953491,12.810427451133728,13.590308899879457,1.6815251345226636,1.5871963176115824,1.5871259310746328,1.6201774051674755,1.6295957971780337,1.646050658555471,0.010097266077008806,1.5864659452326189
R3,mtbench,S4_v_stored_ctx_l2,4.938903093338013,8.7060706615448,12.997268009185794,15.890610408782958,21.884260444641132,24.38517782211304,29.49407715606705,36.36881256217956,62.677734375,7.600679210084158,62.677734375,459.0;466.0;843.0;478.0;648.0;727.0;485.0;408.0;417.0;507.0,0.12860416254766915,8.192956790917043,0.00191236293211192,0.008933249546972168,0.017366885008829484,0.07905882001098123,125480,1024,0.46925879295095685,3.469258792950957,55.22327423095703,-0.02412965376371871,6.440666150541833,4.938903093338013,-62.677734375,3.5766292654980307,2.6538171018510264,8.246333339768197,62.677734375,29.787315303776953,30.141357421875,36.900718688964844,39.08137893676758,44.00282287597656,5.97943212755622,3.1955865098378515,3.1582422801611822,3.4955916911635136,3.6264078084333384,4.004836703409415,55.22327423095703,27.8348313910284,28.024625778198242,34.88191604614258,37.06145534515371,41.93284225463867,-11.124117851257324,-28.06545161163499,-28.31620979309082,-20.226314544677734,-16.29575538635254,-13.06386947631836,98.88104248046875,55.900283002663386,56.99286079406738,68.00611228942873,71.37892150878906,78.5089340209961,10.940125632164397,8.140852740239584,8.479625099940177,9.38219496932594,9.582885358149378,9.975259051866379,-0.0014422134269253724,8.246298036718159
R3,mtbench,S4_v_stored_draft_l2,2.421209692955017,4.2063106298446655,6.249535942077639,7.675832891464231,10.92385146141053,12.332482962608353,15.564249158859349,20.790939406203165,37.22876739501953,10.042464554372371,37.22876739501953,429.0;418.0;494.0;548.0;594.0;623.0;442.0;445.0;480.0;420.0,0.21029118081022458,3.641699425629802,0.003951065671106969,0.016054339424769224,0.02875879608602634,0.10852665611157848,4800,1024,0.818310454919875,3.818310454919875,37.22876739501953,0.004283084372344395,2.8805937546696727,2.421209692955017,-31.40469741821289,4.198458112641551,2.9467102666718983,3.7071345578024033,37.22876739501953,13.718829646110535,13.149426937103271,17.703811645507812,19.67462558746338,24.64195062637331,4.847548468757563,3.2622641404527695,3.2333273059931256,3.5660785989995403,3.679378996532645,3.954028526851968,37.22876739501953,12.878838092982768,12.332496643066406,16.762612342834476,18.50841751098633,23.19192249298098,-7.057030200958252,-12.78114037623008,-12.204386234283447,-9.550399208068848,-8.923158502578735,-8.162804946899413,63.64159965515137,25.65997846921285,24.68700075149536,32.777312469482425,36.040509223937995,44.27145957946779,7.221207332457742,3.650561793792367,3.5328252889922664,4.47392032696007,4.844817078070433,5.966581095521267,0.0025514497641425152,3.707132083543973
R3,mtbench,S4_k_stored_ctx_fp_l3,0.9287704825401306,1.827911764383316,2.9695638895034797,3.7475466370582566,5.262811479568483,5.8232704424858115,7.039633491039287,8.438451511857991,10.983637809753418,6.308081929049332,10.983637809753418,619.0;698.0;555.0;613.0;48.0;877.0;440.0;702.0;246.0;171.0,0.45844927089987497,1.580094646455667,0.007444418711551063,0.02884755517744027,0.05272539328257766,0.18596979452006757,125480,1024,1.2098896425634758,4.209889642563476,10.983637809753418,-0.0009031772096229196,1.2916730364276525,0.9287704825401306,-10.545136451721191,4.042976068686693,3.022518273570478,1.74120088059933,10.983637809753418,7.0899809093090775,6.994694232940674,8.181467056274414,8.539416313171387,9.641395492553661,6.215761984214079,4.165899151321112,4.041939993345296,5.065228551350223,5.390609724795603,5.793384182997221,10.983637809753418,6.620212855918946,6.546903371810913,7.674274682998658,8.084802627563477,8.70197582244873,-4.288451194763184,-6.731543670291159,-6.619579315185547,-5.667580604553223,-5.460210251808171,-5.100507736206055,18.59791374206543,13.351756526210105,13.19104528427124,15.164352893829346,15.774486541748047,16.9393367767334,1.8554677340945172,1.7408647826618402,1.7358072131341504,1.7832805978772142,1.8206673161298998,1.8406070730464357,-0.008586584250740615,1.741200646356074
R3,mtbench,S4_k_stored_ctx_l3,0.9322415590286255,1.8305759131908417,2.965627741813661,3.7289389133453366,5.244204430580144,5.788661763668061,6.988388397216836,8.368562040995883,10.701181411743164,6.152200691742476,10.701181411743164,246.0;698.0;613.0;619.0;555.0;877.0;702.0;48.0;440.0;174.0,0.4582535753944583,1.5791609716057757,0.007203403346364897,0.028803034029446863,0.05205126184878739,0.18577194382278098,125480,1024,1.1855112072438416,4.185511207243842,10.701181411743164,0.0029192275461140758,1.2921179013131665,0.9322415590286255,-10.562631607055664,4.017684242259661,3.014937966573411,1.7394070752773654,10.701181411743164,7.067397437834383,6.97207498550415,8.191387557983399,8.516590118408203,9.421883583068848,6.058184292457666,4.143447447305882,4.024422515123644,5.042324584588396,5.300375373757783,5.661251796299713,10.701181411743164,6.616746571567889,6.542356014251709,7.663331508636476,8.03201961517334,8.723501205444336,-4.371540069580078,-6.68892201570177,-6.576323986053467,-5.631410551071167,-5.428642725944519,-5.076432061195376,19.120712280273438,13.30566858726966,13.163133382797241,15.137293815612793,15.730894088745117,16.69026279449463,1.8505727730870762,1.7390777495181,1.7339586860374472,1.781327857244029,1.8170974895508765,1.8374585355049722,-0.0044229433161266166,1.7394046256220812
R3,mtbench,S4_k_stored_draft_l3,0.9751630425453186,1.763239324092865,2.6910767793655404,3.3381148815155015,4.672479286193848,5.1888264322280895,6.193898848533684,7.248647330570158,9.13603687286377,5.613217329398169,9.13603687286377,372.0;235.0;127.0;249.0;698.0;384.0;561.0;448.0;832.0;768.0,0.5030416215026975,1.4525434961851282,0.0089159173465254,0.04120755257755441,0.07352941058554338,0.24855220273371503,4800,1024,0.7536869441675687,3.7536869441675687,9.13603687286377,-0.02897057019032756,1.2458223813300493,0.9751630425453186,-8.988073348999023,3.8055560454661785,2.8707898255555104,1.6275936484795444,9.13603687286377,6.309189645151298,6.255122900009155,7.0188788890838625,7.26858913898468,7.933053793907166,4.774263316403948,3.7480453171038235,3.731803930864279,4.052950943806093,4.156946700472211,4.350127060625559,9.13603687286377,5.9657327482104305,5.906297922134399,6.779010915756226,7.056409406661987,7.7472264671325695,-4.463660717010498,-5.993427598873774,-5.933010816574097,-5.330397605895996,-5.180111956596375,-4.910456576347351,15.660550117492676,11.959160347084204,11.904415845870972,13.053558206558229,13.424040079116821,14.161797084808352,1.7120454358100348,1.6274125048129116,1.6287437933233886,1.6582001518601177,1.6659598236688602,1.6785556439701603,0.0017250411018987194,1.6273357952905114
R3,mtbench,S4_v_stored_ctx_l3,5.307320833206177,9.43361520767212,14.315056324005134,17.835515213012687,26.00218381881714,29.599250154495248,37.93334853363141,49.1797168235724,89.06703186035156,9.81272769057148,89.06703186035156,584.0;548.0;689.0;649.0;525.0;675.0;623.0;560.0;555.0;537.0,0.2096555814061537,8.923281462330085,0.002133883446014227,0.010456911211184092,0.020285340765902125,0.09432484725768894,125480,1024,1.3177479570436983,4.317747957043698,79.74996948242188,0.004378618566646314,6.933119294400291,5.307320833206177,-89.06703186035156,4.179207634713637,2.864722713273871,9.076684350053988,89.06703186035156,35.77423227201954,34.41183662414551,48.5943489074707,52.94637317657471,63.48884426116936,6.92687832550239,3.5979361164871806,3.4921866482816943,4.2362207516720085,4.5214478030248255,5.045678057885623,79.74996948242188,33.29084113673264,31.90921401977539,45.38215255737305,49.69349670410156,57.8173833465573,-12.54141616821289,-33.330496629438926,-32.037376403808594,-23.443946456909163,-20.584829330444336,-15.77784252166748,153.7081756591797,66.62133776617156,64.24847793579102,89.26642608642578,96.51178379058838,112.02535247802734,15.350963458562891,8.920009869393267,8.809024199467329,10.995065643643303,11.637296446470327,12.958729845096876,0.006521195399280289,9.076683293924848
R3,mtbench,S4_v_stored_draft_l3,4.354535818099976,7.591982483863831,11.255965328216563,13.84355092048645,20.042023773193375,22.852638015747072,29.915709674835348,40.635337829589844,78.37217712402344,11.369110478425856,78.37217712402344,493.0;408.0;388.0;487.0;511.0;414.0;411.0;438.0;393.0;476.0,0.2853791579608882,6.670768988347576,0.0045730480674567395,0.019601986275672743,0.035566358993344864,0.1333150027618173,4800,1024,1.1603813607989135,4.1603813607989135,78.37217712402344,-0.04985819869225679,5.317205714819383,4.354535818099976,-60.06481170654297,4.339741740177597,2.907409119541059,6.893430868909516,78.37217712402344,28.6065924145778,27.519770622253418,37.68839874267579,41.51607894897461,50.02771537780763,10.128609716192,3.67267086099654,3.554696858856669,4.317240315839786,4.653157228510743,5.506942400126183,78.37217712402344,27.06121161222458,25.663047790527344,36.32402076721192,40.149314689636235,48.072173004150414,-14.444747924804688,-25.592450722257297,-24.482176780700684,-18.85639705657959,-17.894494247436523,-16.202692413330066,138.4369888305664,52.65366233448187,50.70139980316162,68.32799339294434,74.72733573913574,87.06774845123297,11.214224646136461,6.827358738160685,6.68392270805817,8.151221954123502,8.602709571885814,9.385086966275429,0.04119139669852899,6.893250561560762
R3,mtbench,S4_k_stored_ctx_fp_l4,1.0415703654289246,1.9779269397258759,3.1130294799804696,3.886987769603729,5.406155853271485,6.022128105163574,7.369820668220637,8.703601368427018,11.245614051818848,6.083668073574531,11.245614051818848,564.0;243.0;573.0;230.0;751.0;631.0;633.0;237.0;114.0;428.0,0.411907656520637,1.7121262195263771,0.0070118721377406225,0.029688084741170854,0.04894424362031076,0.16467673971175678,125480,1024,0.9061090044897275,3.9061090044897275,10.906046867370605,0.019299583465105734,1.3977031380567804,1.0415703654289246,-11.245614051818848,3.986935929031992,2.9246297813320696,1.8484923759509704,11.245614051818848,7.3384428854348895,7.205914497375488,8.550193786621094,8.86134147644043,9.840217590332031,6.176641638000925,3.8722714518724057,3.731419002968697,4.757002924322366,5.105885930606483,5.668486867346079,10.906046867370605,6.963646575927278,6.802169561386108,8.355060195922857,8.727762222290039,9.747810363769531,-4.4720540046691895,-6.805265835401622,-6.687036514282227,-5.787682056427002,-5.58367395401001,-5.247365474700928,19.731599807739258,13.7689124113289,13.562383651733398,15.746211528778076,16.435221672058105,17.80947193145752,1.950137397261698,1.848268980776911,1.8455205378092443,1.8879923393201818,1.9060180289048403,1.9265951735183768,0.025374072396430702,1.8483916224726127
R3,mtbench,S4_k_stored_ctx_l4,1.0389261841773987,1.9757073521614075,3.1131300926208536,3.890029752254486,5.411584038734439,6.000364882946015,7.330280599594244,8.805114212130256,11.52280330657959,6.232520282777167,11.52280330657959,564.0;230.0;633.0;243.0;374.0;114.0;573.0;571.0;631.0;318.0,0.4116321307281122,1.7130567780228767,0.007170190388806725,0.029582141339765316,0.04876079505703614,0.1659746802933253,125480,1024,0.9040752186870491,3.904075218687049,10.629189491271973,0.019084139145102257,1.3986262873664286,1.0389261841773987,-11.52280330657959,3.9648444306371218,2.9270487732882495,1.8488192230070224,11.52280330657959,7.350929458338173,7.200798511505127,8.591469764709473,8.995123863220215,9.942249298095703,6.11867551973828,3.872342894308585,3.7364834032165826,4.715093705796976,5.095783120889698,5.650225227600185,10.629189491271973,6.978127933460548,6.810210227966309,8.360664367675781,8.824644088745117,9.76282787322998,-4.5851616859436035,-6.797821364955306,-6.689702987670898,-5.7844977378845215,-5.591856002807617,-5.234420199394226,19.843241691589355,13.775949298415854,13.56882905960083,15.75752305984497,16.349656105041504,17.6682448387146,1.9439312272343154,1.8486101531951298,1.8464129182923592,1.8880039309189118,1.9029301539260692,1.9228815428405246,0.025100589565980037,1.8487207239043382
R3,mtbench,S4_k_stored_draft_l4,1.106473445892334,1.938045710325241,2.8374428987503095,3.4301057696342463,4.628890709877014,5.088830144405366,6.224826352596397,7.954455167575174,10.298688888549805,5.974536827249954,10.298688888549805,384.0;448.0;172.0;704.0;230.0;506.0;626.0;179.0;640.0;807.0,0.4071837567112434,1.6026415953367774,0.00809808721982693,0.036363664153856064,0.061913391718986376,0.18914058129193784,4800,1024,0.33865203861495274,3.3386520386149527,10.298688888549805,0.02370003758582805,1.3518232655390958,1.106473445892334,-10.146015167236328,3.611183393273676,2.6853396888436034,1.7237635629890715,10.298688888549805,6.680718311170737,6.556118726730347,7.803552103042604,8.240087509155273,8.983613338470459,4.4349108328082645,3.3343634203286054,3.3108103226421575,3.6089797571012037,3.7261536184432686,3.9400215807459964,10.298688888549805,6.149932710230351,5.999139070510864,7.320502662658692,7.8180392503738405,8.752790956497194,-4.24374532699585,-6.154137306014697,-6.00516939163208,-5.177000856399536,-5.0001885890960684,-4.732796459197997,16.89217519760132,12.304070016245047,12.183047533035278,13.763389205932619,14.230770039558411,15.243477025032044,1.8092765954934926,1.7236014778368611,1.7231296609606084,1.7543591187172012,1.7636903795848795,1.780744684713979,-0.009659512644153148,1.7236006292953159
R3,mtbench,S4_v_stored_ctx_l4,5.220034599304199,9.199132204055786,13.726655864715578,16.87080392837524,23.954693145751953,27.0063263130188,34.13828404617443,45.094444815807776,87.04522705078125,10.141190891324932,87.04522705078125,48.0;100.0;44.0;29.0;84.0;42.0;68.0;99.0;111.0;6.0,0.179209421795123,8.47316907254106,0.0022095384637091354,0.010225144698252198,0.01975922977700166,0.09337564050603293,125480,1024,1.0346536907492023,4.034653690749202,77.63003540039062,-0.07246837013577774,6.633071363350023,5.220034599304199,-87.04522705078125,3.9772755720719335,2.7908378685997484,8.583333849404438,87.04522705078125,34.51873094454137,33.04745864868164,46.55754852294922,50.782867431640625,59.421539306640625,9.09176153947181,3.6252528973036817,3.420525348921528,4.616208243621205,4.917657341765535,5.716283479355394,77.63003540039062,31.86338105964782,30.64164161682129,42.614540100097656,46.862308502197266,55.67988586425781,-11.635608673095703,-32.28963116070325,-30.797954559326172,-23.392827796936036,-21.261802482604985,-15.672369003295898,142.50537490844727,64.15301222035107,61.71952819824219,84.67671203613281,91.26662464141832,105.88842391967773,12.693339061343758,8.495518647989888,8.609474770909578,9.852708231535198,10.21852008977392,11.176162809693292,-0.003092125886252876,8.583027921757092
R3,mtbench,S4_v_stored_draft_l4,3.9273680448532104,6.734381914138794,9.81617546081543,11.914077281951899,16.179410305023204,17.96493148803711,22.121963871002215,27.948643290518394,44.94300842285156,7.595164948665848,44.94300842285156,441.0;482.0;503.0;427.0;493.0;471.0;420.0;385.0;467.0;484.0,0.19075344934566874,5.826939330754411,0.0038605038628890176,0.017539623733731545,0.03058890193560774,0.10977318360077923,4800,1024,0.35935062543665497,3.359350625436655,44.94300842285156,-0.08795148709911321,4.659948695233647,3.9273680448532104,-41.43663024902344,3.7385117393088763,2.7342470909516026,5.917318284278496,44.94300842285156,21.73041112601757,21.12476634979248,26.502821731567384,28.554499912261964,33.28656787872315,6.7118834236981355,3.2084655891602245,3.16464048586227,3.518153269561726,3.692003100359869,4.201341835004989,44.94300842285156,20.186982260545093,19.64532470703125,24.782865905761717,26.670013999938966,31.05034847259523,-12.396217346191406,-20.505439173777898,-19.982900619506836,-16.65670509338379,-15.89725112915039,-14.633813638687133,79.69091796875,40.692421434322995,39.827364921569824,48.35900859832764,51.656430912017825,60.511985492706316,8.341461479946048,5.887135871482556,5.818339039460145,6.694966136865416,6.956337276733789,7.491660993587631,-0.01455373762970606,5.916664618970189
R4,gsm8k,S4_k_stored_ctx_fp_l0,0.718855232000351,1.4018861055374146,2.1645884513854985,2.67415452003479,3.9986434388160736,5.003417851924904,9.711322952270834,12.972888000868217,16.97446632385254,12.285810833171015,16.97446632385254,224.0;352.0;736.0;608.0;992.0;96.0;604.0;415.0;799.0;31.0,0.44635471295164775,1.2413852167997212,0.03914029366571149,0.13619270471884729,0.17228501880071162,0.287343319309331,42995,1024,7.065759063219554,10.065759063219554,14.952715873718262,-0.02233100360710246,0.9834702914657935,0.718855232000351,-16.97446632385254,7.028879403635489,2.894145591461806,1.3816317501830984,16.97446632385254,9.399492656076935,9.896759986877441,12.830695152282715,13.445769309997559,14.567413330078125,26.622305526300345,8.610394389974038,7.821551711953967,12.885700144349489,14.238410494104928,17.319429359245508,14.952715873718262,8.30494243304859,8.857478141784668,11.369610786437988,11.952095985412598,13.089813232421875,-4.062835216522217,-8.929296324067039,-8.693526268005371,-5.364292240142829,-5.067796230316162,-4.606682300567627,29.987467765808105,17.234238757115627,18.089250564575195,23.69535255432129,24.64846897125242,26.640910148620605,1.6612497818668024,1.3706447934472923,1.4265615480369995,1.5554944194331928,1.5789254010358744,1.610211278064894,-0.19949446172415414,1.3814512728981472
R4,gsm8k,S4_k_stored_ctx_l0,0.7401961088180542,1.4173849821090698,2.179119420051576,2.6852760314941406,3.974176201820375,4.936451010704053,9.178362111091987,12.250927182196948,17.160953521728516,12.437276932728999,17.160953521728516,224.0;352.0;992.0;736.0;608.0;96.0;604.0;415.0;799.0;149.0,0.4282438144181866,1.2509520511526118,0.03588889628063256,0.1245946737766861,0.15908845785800638,0.2722462455514136,42995,1024,5.787768712222862,8.787768712222862,15.484015464782715,-0.02425542780257262,0.9965348157682263,0.7401961088180542,-17.160953521728516,6.651951549194582,2.8802554554394324,1.379799904315795,17.160953521728516,9.014181824043222,9.357216835021973,12.259988784790039,12.871675491333008,13.944093704223633,25.406267325188242,7.7115476378508205,7.021400301137115,11.293662050827631,12.516718560815596,14.97397152145851,15.484015464782715,7.900745212789164,8.319452285766602,10.704087257385254,11.256037712097168,12.440295219421387,-3.880397081375122,-8.594581975891419,-8.383492469787598,-5.202460289001465,-4.953232288360596,-4.515892028808594,30.646682739257812,16.495327188680584,17.1959810256958,22.462486457824706,23.483479022979722,25.206212043762207,1.6399932485053543,1.3700750106568733,1.4259238170790816,1.5408176438770074,1.5608593961465997,1.5918908759280275,-0.18782072865549304,1.3795866954171425
R4,gsm8k,S4_k_stored_draft_l0,0.8931075632572174,1.5830049514770508,2.3248334646224977,2.780512011051177,3.730671424865724,4.106681823730469,4.859384536743164,6.042563919353483,7.944094657897949,5.6751490751520235,7.944094657897949,917.0;403.0;795.0;31.0;149.0;793.0;114.0;605.0;224.0;796.0,0.246581916947338,1.3611831739846436,0.003145308198182734,0.014064738411367182,0.026565080318635064,0.10837168726099856,3600,1024,0.2857413442625627,3.2857413442625627,7.278693199157715,-0.0017696703859093113,1.0946747408239756,0.8931075632572174,-7.944094657897949,3.4714757120987314,2.6651389992531955,1.3998036972597316,7.944094657897949,5.246208699146907,5.1846113204956055,6.041943550109863,6.24514772891998,6.419840607643126,4.326256341909242,3.2788931070947482,3.2323572936794025,3.533369348633719,3.596962370672475,3.786877711214239,7.278693199157715,4.747778631051381,4.59326696395874,5.536848306655884,5.809584617614746,6.188043408393859,-3.638448715209961,-5.009858182801141,-4.843457460403442,-4.2879791259765625,-4.254937672615052,-4.002802820205688,13.706607341766357,9.757636813852523,9.743714094161987,10.736997699737548,10.910848045349121,12.014921932220455,1.4588471949638333,1.3996340770447153,1.4010374589154324,1.4304507020906034,1.4320142090427552,1.4460097259412266,-0.01946796039254628,1.3998025786262647
R4,gsm8k,S4_v_stored_ctx_l0,3.269330620765686,5.684283137321472,8.372210121154788,10.227768993377682,14.211074686050418,15.877449874877943,19.724449876785403,24.7349332326821,38.69478225708008,7.549351838290372,38.69478225708008,64.0;31.0;100.0;72.0;36.0;0.0;55.0;112.0;59.0;23.0,0.2165853900281418,5.031602700755996,0.00394186381045368,0.013629319510604102,0.02464710933799553,0.10225883375419498,42995,1024,0.6133453705228575,3.6133453705228575,35.847476959228516,0.008664288323977507,3.998993606089712,3.269330620765686,-38.69478225708008,3.8482400791732156,2.7725806051172808,5.125576749625026,38.69478225708008,20.07561836375762,19.99050521850586,24.590585708618164,26.146533966064453,29.448482513427734,5.785232118898254,3.4255833767194135,3.374489186459161,3.846952156068298,4.006994249362869,4.350722854647077,35.847476959228516,18.493520972323648,18.27675437927246,22.902533721923827,24.40281105041504,27.129343719482417,-9.82876968383789,-18.76557818697918,-18.4368839263916,-14.472156524658203,-12.921560287475586,-11.676119804382324,64.2457389831543,37.25909915930283,37.35113525390625,44.84303855895996,47.210960388183594,51.8221492767334,6.750774690316618,5.097041891238632,5.167670074269296,5.682667099776994,5.834559005612663,6.103175548518692,-0.003949202581299014,5.125569426551988
R4,gsm8k,S4_v_stored_draft_l0,2.046489953994751,3.535299301147461,5.170750141143799,6.252141952514648,8.605965614318848,9.54644762992859,12.13976001739502,14.617197036743164,19.696109771728516,6.230651017135745,19.696109771728516,10.0;65.0;1023.0;83.0;905.0;1016.0;72.0;100.0;23.0;965.0,0.2405029742551812,3.087922156210278,0.0039514855311461915,0.01751252440007179,0.03304217554109419,0.12009413860111033,3600,1024,0.44517568173871913,3.445175681738719,19.696109771728516,0.021448756616509853,2.48199387765107,2.046489953994751,-17.153596878051758,3.840281607728273,2.7224040193590606,3.1611640128069465,19.696109771728516,12.429234357410007,12.470818519592285,14.460343360900879,15.247221946716309,15.306503295898438,4.761045797868227,3.429222513154183,3.410820239473577,3.859342406983622,3.9826508120297466,4.084842980831208,19.696109771728516,11.725060052076975,11.696524620056152,13.81905937194824,15.247221946716309,15.247221946716309,-8.294034957885742,-11.566944629881117,-11.25008487701416,-9.398143768310547,-9.28618049621582,-8.975865364074707,36.438493728637695,23.292004681958094,23.553958892822266,26.31302547454834,26.32908535003662,28.56836700439453,3.4773340771162027,3.1598852366630137,3.1648074817681637,3.2771663212363022,3.292812525058879,3.3628252294479104,0.008399487635272727,3.161091246184666
R4,gsm8k,S4_k_stored_ctx_fp_l1,0.5316557884216309,1.3634939193725586,2.6181398391723647,3.3238419890403743,4.583971781730652,5.067897796630859,6.232283614158948,8.207017308231405,13.136368751525879,9.027727850548786,13.136368751525879,990.0;222.0;93.0;456.0;798.0;670.0;477.0;861.0;734.0;258.0,0.6668101881694511,1.1402553869786514,0.012309537082583514,0.05198423234099553,0.08386370606097399,0.2732247841634628,42995,1024,2.4928588595558185,5.4928588595558185,10.026453971862793,0.021814737796943467,0.972418395694397,0.5316557884216309,-13.136368751525879,4.2830223039777415,3.1502503091086447,1.4551135090683238,13.136368751525879,6.571171210934803,6.284776210784912,7.759385585784912,9.077592849731445,11.491011619567871,17.92916469900182,5.583593115450938,5.1247426553654885,7.135713866618133,8.24340822643701,12.83082312494791,10.026453971862793,6.152517112979696,6.113400459289551,7.126959896087645,7.5026535987854,8.319535255432129,-3.520766496658325,-6.062699689331658,-5.726412773132324,-5.025872230529785,-4.826160621643067,-4.495962476730348,19.464752197265625,12.215216802311353,11.867928504943848,14.041185855865479,15.883021831512451,18.30767297744751,1.586049893431385,1.4528886870973332,1.4765795596119273,1.5297135066703795,1.5419271782713608,1.55922751671796,0.021054045563033544,1.45494997903295
R4,gsm8k,S4_k_stored_ctx_l1,0.5465918183326721,1.355441004037857,2.588931941986086,3.2922050356864925,4.540469083786014,4.999736313819886,6.012210696220459,7.877426924227233,10.727356910705566,7.441046490308138,10.727356910705566,990.0;93.0;222.0;456.0;477.0;798.0;968.0;861.0;670.0;392.0,0.6580964460408882,1.141950591180581,0.011201812319109878,0.048856593735658475,0.0808854506358097,0.26639555788819963,42995,1024,2.3156570942690022,5.315657094269002,9.609041213989258,0.02359077510162508,0.9719318836087683,0.5465918183326721,-10.727356910705566,4.170378563190904,3.1495028851460436,1.4416462690668312,10.727356910705566,6.335654022388922,6.134644985198975,7.479878902435303,8.265891075134277,9.485095024108887,12.670753001606677,5.351432796173296,5.079611176494518,6.311390621021963,7.821701090132549,10.053429861488375,9.609041213989258,5.954409827796757,5.902839660644531,6.902579307556152,7.157338619232178,8.028322963714578,-3.691617488861084,-5.923658234813294,-5.688835144042969,-5.011656761169434,-4.83167028427124,-4.495999336242676,18.002449989318848,11.878068062610051,11.646681308746338,13.605180263519287,14.415564060211182,15.93920087814331,1.5747197919736209,1.439272946584706,1.463799862247557,1.5201767288476602,1.532696051222457,1.5494151448802598,0.02932920055943511,1.441453239076599
R4,gsm8k,S4_k_stored_draft_l1,0.45623138546943665,1.326474517583847,2.5658788204193117,3.25989933013916,4.628291358947756,5.3572261047363305,6.512307740211536,7.602869142532036,8.662103652954102,6.039959653945126,8.662103652954102,256.0;320.0;147.0;211.0;23.0;783.0;87.0;981.0;213.0;990.0,0.7378317866460773,1.0181072745140711,0.01669918927393387,0.07689753441710691,0.13068330858048438,0.36300984229185723,3600,1024,2.9290613660722924,5.929061366072292,8.531508445739746,0.009191797513346135,0.9243761110091788,0.45623138546943665,-8.662103652954102,4.540938042404727,3.2272406559362414,1.4341327010845621,8.662103652954102,7.013447478479809,7.043136358261108,7.677930688858032,7.824940419197082,8.087201366424559,6.842852960142046,5.9229706250366325,5.926046786618116,6.277175971245793,6.381962267173005,6.577986670046615,8.531508445739746,6.409576186206606,6.164601564407349,7.456048917770386,7.675896859169006,7.98647750377655,-5.30263614654541,-6.692664418882794,-6.715615510940552,-5.874765300750733,-5.731120944023133,-5.539410552978516,15.309274196624756,13.1022406050894,13.095511198043823,14.00580186843872,14.275629496574402,14.74015873908996,1.5873531924765443,1.4336596090770006,1.4202577533701986,1.490704115967413,1.5100205342337747,1.549155632142566,-0.1520234193268955,1.4341032442535566
R4,gsm8k,S4_v_stored_ctx_l1,3.9108598232269287,6.81132709980011,10.00285758972168,12.162785482406616,16.553111743927023,18.25580249786377,22.06367978668218,27.545902744482664,50.96943283081055,8.343431939338444,50.96943283081055,867.0;870.0;836.0;852.0;854.0;843.0;987.0;283.0;914.0;330.0,0.16051366519372845,6.044510107439049,0.00318981557288552,0.013756375715373595,0.02421543169371656,0.09461962058264266,42995,1024,0.4063858053979872,3.406385805397987,50.96943283081055,0.10722471049297276,4.791818836684627,3.9108598232269287,-35.34424591064453,3.6117100074980897,2.709658584551346,6.108928939720211,50.96943283081055,22.096159088546447,22.196218490600586,26.94093627929685,28.92823028564453,34.45823669433594,6.493575552115838,3.1639220261823726,3.128885268828657,3.431062752232342,3.578665356213167,3.8615158494514716,50.96943283081055,21.010838632354044,20.940549850463867,25.84176254272461,27.78055763244629,34.456722259521484,-10.862174034118652,-20.339029313265023,-20.596986770629883,-14.434881210327148,-13.115200805664186,-11.90087604522705,77.61192321777344,41.34986794561907,42.24783897399902,49.459402847290036,52.231258392333984,59.00845527648926,8.033392727675299,6.045697165014158,6.340843793623606,6.906403736914199,7.038503397485121,7.313262559606028,0.000302646660105209,6.1079878562429055
R4,gsm8k,S4_v_stored_draft_l1,0.7362745106220245,1.2837496399879456,1.881975150108338,2.2910829186439496,3.208925247192383,3.6425179040432,4.819866394043002,7.209550825069822,16.945556640625,14.89748670373936,16.945556640625,361.0;368.0;312.0;764.0;270.0;310.0;694.0;326.0;305.0;687.0,0.32278906734004964,1.0887842472629328,0.005471037357661174,0.02443314654198347,0.04469840650027703,0.16470575781081326,3600,1024,0.8712077919569698,3.87120779195697,16.945556640625,-0.0031905171196869257,0.8875962832768409,0.7362745106220245,-12.227636337280273,4.237328819692728,2.821088868142303,1.1374775475632115,16.945556640625,3.9202175587415695,3.674497127532959,4.934592771530151,5.588838171958922,7.465913400650025,4.2890803925975,3.08616973116055,3.071944822099068,3.2873756310492706,3.3713893447742325,3.5416651641102166,16.945556640625,3.7173193578587638,3.5037795305252075,4.649747085571289,5.2638489723205515,7.039164104461667,-2.41764760017395,-3.690383594499694,-3.4590378999710083,-2.942111110687256,-2.825990951061249,-2.6590615034103404,27.29390048980713,7.407702952358457,6.966538310050964,9.218535566329956,10.376742362976072,13.987376847267146,3.2707888200028328,1.1182930501810597,1.0609866654680467,1.3576879699597049,1.5078379819644363,1.9640247633198138,0.02675089320961628,1.1374730730047755
R4,gsm8k,S4_k_stored_ctx_fp_l2,0.9747652113437653,1.868556022644043,2.9161517381668096,3.638721227645874,5.146080522537232,5.70635357618332,6.974874340534407,8.543074607849121,11.42751693725586,6.539599724061546,11.42751693725586,759.0;748.0;696.0;314.0;943.0;368.0;303.0;1003.0;683.0;690.0,0.46641756111731647,1.577963126702877,0.006877674607061382,0.02711505238114805,0.0497663864281855,0.1911699047027849,42995,1024,1.140152100584138,4.140152100584138,11.42751693725586,-0.040246578265497726,1.302250431557477,0.9747652113437653,-10.320514678955078,3.991495839661909,2.9449360652852636,1.747433699223196,11.42751693725586,7.297364578475535,7.189882755279541,8.451737403869629,8.770389080047593,9.43761920928955,5.702362272366923,4.111551873532326,4.076451717997896,4.588401021437421,4.71910358256481,5.1100574903993925,11.42751693725586,6.913226978722554,6.765201091766357,8.199362754821777,8.679484367370605,9.377492904663086,-4.738619804382324,-6.707460655241682,-6.645663738250732,-5.768650531768799,-5.5830864906311035,-5.249393939971924,19.73433208465576,13.620687633964236,13.565027713775635,15.258281707763672,15.694441795349121,16.569104194641113,1.8587882375067712,1.7469869750823395,1.7336490728741336,1.8077249285815087,1.8318156528886334,1.8493989363425776,-0.00650296992985295,1.7469701617711684
R4,gsm8k,S4_k_stored_ctx_l2,0.9882624447345734,1.8708924651145935,2.904126238822938,3.6072023272514344,5.0844654655456605,5.6390654563903855,6.819797048568884,8.211712006567824,10.99628734588623,6.309665413882854,10.99628734588623,748.0;759.0;750.0;314.0;767.0;943.0;696.0;688.0;690.0;755.0,0.4492926559273198,1.58701563384751,0.006709721215143909,0.02538359600072106,0.04645525841979143,0.18626964020235037,42995,1024,1.0372548787850393,4.037254878785039,10.99628734588623,-0.041857598714913395,1.3072560532419253,0.9882624447345734,-10.493480682373047,3.9131969012389844,2.9174643119922665,1.742768692883719,10.99628734588623,7.139409337086461,7.048614501953125,8.137513160705566,8.57546615600586,9.402957916259766,5.286909752367947,4.015113875476806,3.982446167449482,4.464152463621799,4.625951204577853,4.98498508147182,10.99628734588623,6.771277156665251,6.643412113189697,7.911710929870604,8.376112365722651,9.316069602966301,-4.64588737487793,-6.558504010278245,-6.490052223205566,-5.697829246520996,-5.502565383911133,-5.176522254943848,17.934995651245117,13.329781166943496,13.262450695037842,14.836877346038818,15.282279968261719,16.490715503692627,1.8374910651589726,1.742434065214064,1.7323919298467365,1.7963762345559753,1.8116011109656522,1.8273801536118375,-0.0031105893431797415,1.742265955107155
R4,gsm8k,S4_k_stored_draft_l2,0.9907125234603882,1.7610909640789032,2.649508476257324,3.236023187637329,4.401801524162295,4.864238297939302,5.914063721179997,7.080786516237105,9.224206924438477,5.789064561999778,9.224206924438477,606.0;748.0;759.0;303.0;699.0;696.0;222.0;420.0;370.0;989.0,0.5102743882988507,1.4182275474650605,0.011735354489763079,0.04454417714367895,0.07195385396311976,0.23746234887536685,3600,1024,0.5577934433025677,3.5577934433025677,8.812052726745605,-0.06668016621388904,1.2334559036965602,0.9907125234603882,-9.224206924438477,3.711635806324437,2.762547872269874,1.5933847041519364,9.224206924438477,6.215693204270469,6.155081272125244,7.010322952270508,7.294025588035583,7.898128275871276,4.483688997581529,3.552606361547317,3.538955837258288,3.818291487484114,3.897286669931234,4.067418166623337,8.812052726745605,5.531629095077514,5.46564245223999,6.3269627571105955,6.614402604103088,7.175454192161555,-4.404778957366943,-6.066694440974129,-6.010260343551636,-5.271536540985108,-5.107896113395691,-4.766499671936035,15.693065643310547,11.598323536051645,11.530346155166626,12.75264253616333,13.137060379981994,13.940038704872128,1.6701830244507825,1.593234692423726,1.5931117116291411,1.6215929453769855,1.629966494009163,1.6436556937473774,-0.0070972759247116286,1.5919888727183498
R4,gsm8k,S4_v_stored_ctx_l2,5.108471155166626,8.974258422851562,13.273911666870136,16.164510822296137,22.242824268341074,24.678110599517826,29.85454850769093,36.516945447533864,57.3707160949707,7.095711037774627,57.3707160949707,404.0;465.0;476.0;491.0;408.0;435.0;450.0;407.0;427.0;401.0,0.1478763676958299,8.0142360781146,0.0027693009372658124,0.011719476413291869,0.02136423235206314,0.0870675130536675,42995,1024,0.5231168491640905,3.5231168491640905,57.3707160949707,-0.042697507854489926,6.299078235836926,5.108471155166626,-51.60169219970703,3.6924630507160607,2.7510316136002504,8.085266689913494,57.3707160949707,28.894274752754736,29.659297943115234,36.51411819458008,39.10467529296875,44.00940681457517,4.892794333597621,3.1583832690261846,3.123617522879508,3.443583428405682,3.5889800325468078,4.005857644441159,57.3707160949707,27.0389108267894,27.772937774658203,34.422196197509756,36.46381378173828,41.19226287841796,-12.088621139526367,-27.08413053094017,-27.526453018188477,-17.993934631347656,-16.194297790527344,-14.15109920501709,98.73730850219727,54.12304135772957,56.104421615600586,67.07942199707031,70.74786758422852,77.64464950561523,10.874466144114523,7.948692627854748,8.509513937559019,9.356446794794385,9.590473562329578,9.979661527995741,0.01290186429023427,8.085153948432135
R4,gsm8k,S4_v_stored_draft_l2,2.669288158416748,4.6454490423202515,6.889028072357181,8.429759979248047,11.803296594619752,13.235665278434762,16.68044976425222,21.273508889579336,33.91448974609375,8.161837313279637,33.91448974609375,429.0;634.0;487.0;435.0;418.0;593.0;408.0;467.0;427.0;482.0,0.27235053945394294,4.031494938783414,0.0045798600756671625,0.02022375785186233,0.036835332545250635,0.1343068422116185,3600,1024,0.7300923361235019,3.730092336123502,33.91448974609375,-0.037610785464768114,3.2305117139144195,2.669288158416748,-30.351890563964844,4.014305339912749,2.8405730791444372,4.1552518684626945,33.91448974609375,15.724261361757915,15.281222820281982,20.22080955505371,21.95506553649902,25.337243156433104,4.911160651517681,3.326258726172564,3.29342840317069,3.660531791227932,3.791314678113409,4.079437764998595,33.91448974609375,14.55946842842632,14.092434406280518,18.910300064086915,20.554887294769287,23.922744083404538,-7.7417731285095215,-14.785993832879596,-14.382623195648193,-10.986453914642334,-10.258922863006593,-9.186453161239626,56.86080360412598,29.345462261305915,28.684829235076904,37.11390886306763,39.96027565002441,45.86418313980102,6.826397670712133,4.105339087537708,4.051076158309733,4.966704721859301,5.2715920733949675,5.883650059992786,-0.014969081289396233,4.155081650121864
R4,gsm8k,S4_k_stored_ctx_fp_l3,0.8988049328327179,1.8080636858940125,2.9867899417877197,3.7826434135436995,5.339655494689949,5.941713774204255,7.109280632019113,8.37182929830435,10.350455284118652,5.875442461392495,10.350455284118652,440.0;877.0;243.0;555.0;698.0;949.0;873.0;231.0;619.0;574.0,0.5305913116766521,1.5416186161460868,0.010035627461594438,0.0360985427433975,0.06348261446523341,0.2246785119088735,42995,1024,1.5384797058012483,4.538479705801248,9.845528602600098,0.008809926100634018,1.277027535331807,0.8988049328327179,-10.350455284118652,4.0355876286341665,3.0310588048089415,1.7616469486564537,10.350455284118652,7.37865220003453,7.312013626098633,8.47338581085205,8.714112949371318,9.858336448669434,6.329221467475376,4.49171833421065,4.3293894877190615,5.39227159746514,5.561306469577908,5.895549029582373,9.845528602600098,6.745578797299691,6.701058387756348,7.782195568084717,8.122715759277343,8.637611389160156,-4.731338024139404,-7.1136342446351275,-7.021634101867676,-5.9466233253479,-5.720609188079834,-5.357726488113408,17.9719295501709,13.859213041934819,13.681552410125732,15.66278057098388,16.47853279113764,17.234009742736816,1.8554677818041476,1.7612861551301735,1.7562810153707626,1.8225403927959072,1.8317332571905451,1.8455266716733936,-0.019653645842118074,1.7616249194742606
R4,gsm8k,S4_k_stored_ctx_l3,0.9162697196006775,1.8175723254680634,2.9685278177261356,3.761751651763916,5.297107791900636,5.859881725311285,7.023988193511983,8.346456262110786,10.209144592285156,5.805718902241711,10.209144592285156,877.0;555.0;440.0;171.0;574.0;698.0;63.0;174.0;235.0;168.0,0.5185125361563722,1.5504386726243125,0.009111921498552191,0.0356760456726145,0.06291382256939146,0.22153617136403578,42995,1024,1.4682575285494615,4.4682575285494615,10.084059715270996,0.011565648571790238,1.2828103087159795,0.9162697196006775,-10.209144592285156,3.994389603905818,3.012350207860626,1.7584634675204802,10.209144592285156,7.310076200614102,7.221004962921143,8.363929748535156,8.664525985717773,9.549094200134277,6.27697252277346,4.431609834368643,4.314510360397466,5.206562839082336,5.4130952087672535,5.744009285189091,10.084059715270996,6.766799616278542,6.707197189331055,7.764877986907959,8.209750175476074,8.597009658813477,-4.880248069763184,-7.0245611653492634,-6.963876724243164,-5.921278476715088,-5.687707757949829,-5.316429138183594,18.193455696105957,13.791360781627805,13.655808925628662,15.57102918624878,16.256794929504395,17.33523464202881,1.8423856312122997,1.7581683679544073,1.7548601436509677,1.809669896095752,1.822821617679694,1.8280488438898097,-0.005501863053422282,1.7584254327031512
R4,gsm8k,S4_k_stored_draft_l3,0.9829573631286621,1.7640963792800903,2.687181234359741,3.334781718254089,4.703795361518863,5.174564404487612,6.086175041198779,7.092102853296994,9.390397071838379,5.77783816071566,9.390397071838379,377.0;768.0;372.0;1016.0;964.0;249.0;832.0;698.0;900.0;623.0,0.518453286720144,1.4387800883632413,0.01021696742294315,0.04346910034545616,0.07854448711711483,0.25648731000980435,3600,1024,0.784745293958129,3.784745293958129,8.525304794311523,-0.029080078523439256,1.2442972656672853,0.9829573631286621,-9.390397071838379,3.7447760874023612,2.894208640174185,1.6252440464125524,9.390397071838379,6.355972825156318,6.309124231338501,7.053489065170288,7.273880290985107,7.752202930450439,4.826144467512837,3.777840116998823,3.767259246300732,4.087838120169267,4.18834784532794,4.390927128056707,8.525304794311523,5.9470164321528545,5.9027931690216064,6.763936996459961,7.065136575698852,7.588067655563352,-4.211098670959473,-6.092758942577574,-6.040977716445923,-5.439886665344238,-5.2717835903167725,-4.991109871864319,15.818508625030518,12.039775374730429,12.002246379852295,13.125812292098999,13.467051744461058,14.08673871040344,1.7099754149326674,1.6250793676474127,1.6262691431831628,1.6535987910079046,1.6609211941105297,1.6741308437050633,-0.03055184879016832,1.6249838643606642
R4,gsm8k,S4_v_stored_ctx_l3,5.595475912094116,9.823985576629639,14.815152931213381,18.404306507110594,26.762782402038575,30.434465894699102,38.774361965181136,51.73902252387935,82.12649536132812,8.991056518670995,82.12649536132812,602.0;639.0;607.0;635.0;586.0;589.0;713.0;617.0;955.0;541.0,0.21926886194336115,8.965269391838705,0.00236725059908766,0.011021946635111485,0.021332767021658545,0.09632379858625888,42995,1024,1.2377096613046952,4.237709661304695,82.12649536132812,-0.054164685432706625,6.9910603816908345,5.595475912094116,-72.45520782470703,4.244945292874515,2.929939821673294,9.134243032593858,82.12649536132812,35.478490989703694,34.27362823486328,48.661033630371094,53.7200828552244,60.48941154479981,6.264270121727008,3.530194498230873,3.415161484207445,4.192680888301157,4.527916754882302,5.218871973558049,82.12649536132812,32.7634613447237,31.774229049682617,44.75556945800781,49.265663146972656,56.86836624145508,-14.030237197875977,-33.31124919434871,-32.29005813598633,-21.64755630493164,-18.776691436767578,-15.684456825256348,140.11983489990234,66.07471053907241,64.39053726196289,89.53385162353516,95.55327224731445,109.37657226562433,14.258611882237599,8.970279741299821,9.080315371571908,11.077025648456578,11.57095596094232,12.8886413010819,-0.001970617180065212,9.134082436968775
R4,gsm8k,S4_v_stored_draft_l3,4.6729936599731445,8.153295278549194,12.136276626586918,14.965314960479729,21.809137916564957,25.0372836303711,33.139880569458164,46.94940948486328,88.11502075195312,11.792565787780939,88.11502075195312,408.0;489.0;388.0;402.0;387.0;411.0;393.0;463.0;487.0;414.0,0.3265566897465375,7.1532451767085155,0.007964615613252986,0.024688573015262096,0.042523524548181556,0.149870236134367,3600,1024,1.287015562687265,4.287015562687265,88.11502075195312,-0.02691131690800325,5.75361368357627,4.6729936599731445,-70.7364273071289,4.435160072363442,2.918749737117656,7.47208218615621,88.11502075195312,31.943938024308945,30.570395469665527,42.16768608093261,47.29795970916745,57.70911537170397,8.556737575636271,3.7863088593452616,3.640000437779152,4.525353672754664,4.95358005218901,5.983216681181255,88.11502075195312,30.699257969856262,29.223254203796387,41.06492385864258,46.13886070251464,56.08021656036376,-14.824954986572266,-27.754100534651016,-26.5941104888916,-20.428013420104982,-19.25338573455811,-17.352684669494632,150.82231903076172,58.45335850450728,56.3689489364624,75.36937255859375,83.00285511016844,99.37589698791486,12.555093211210501,7.410411767359244,7.3391487091009395,8.67450736216112,9.102617134934729,9.935403148186918,0.07636479440396138,7.472033724341403
R4,gsm8k,S4_k_stored_ctx_fp_l4,1.0049639344215393,1.9608544707298279,3.1462295055389404,3.953083455562591,5.499234099388125,6.109154226779938,7.599634381294646,8.882892026328332,10.85494613647461,5.808082027796251,10.85494613647461,564.0;114.0;428.0;254.0;62.0;250.0;575.0;815.0;753.0;380.0,0.4944905261996174,1.668693325655596,0.00906631468388787,0.036667485493921376,0.06270658196510731,0.20329150823409262,42995,1024,1.2557637555408174,4.255763755540817,10.480489730834961,0.00851990052119711,1.3804148640357443,1.0049639344215393,-10.85494613647461,4.066284559395811,2.942437699619366,1.8689381597100616,10.85494613647461,7.6716462207292455,7.562825679779053,8.78174877166748,9.302806854248047,10.001489639282227,6.146318754753516,4.223605083039225,4.048331579825645,5.129005706969163,5.3985324029706465,5.815068723648289,10.480489730834961,7.3165577346938395,7.152612686157227,8.727765083312988,9.109774589538574,9.961846408843995,-4.663326740264893,-7.088378364633081,-6.988588809967041,-6.056561470031738,-5.8202699184417765,-5.419628973007204,19.040371894836426,14.40493609932692,14.202810287475586,16.45630645751953,17.022775840759277,18.30854606628418,1.9501373931768422,1.8687664973799092,1.8627320140568682,1.90831923513656,1.9200143400782688,1.932864031458741,0.015321577884079625,1.8689187398374336
R4,gsm8k,S4_k_stored_ctx_l4,1.0236936211585999,1.9665308892726898,3.1363770484924354,3.9287935376167287,5.448328204154969,6.033356342315674,7.326427707195362,8.810046818160169,11.517982482910156,6.176788784881607,11.517982482910156,564.0;815.0;633.0;428.0;250.0;244.0;637.0;374.0;753.0;114.0,0.4809746285162497,1.6770568233234076,0.00946665621551568,0.03605786971162203,0.06128549541040581,0.1979897897804735,42995,1024,1.1561769742469528,4.156176974246953,10.483160018920898,0.007773140727392415,1.3864114989188805,1.0236936211585999,-11.517982482910156,3.928969032744723,2.9217940379499243,1.8647201457012303,11.517982482910156,7.626123991421814,7.530257701873779,8.840473175048826,9.197203636169434,9.98634147644043,5.819165923501273,4.134823341523304,4.030660423735249,4.872873334127922,5.045994540836959,5.534789426329098,10.483160018920898,7.2643952769503395,7.081350803375244,8.634660720825195,9.034272193908691,9.87072467803955,-4.525368690490723,-7.0082779946888945,-6.912653923034668,-6.024723529815674,-5.797447681427002,-5.420157432556152,19.701666831970215,14.272673271639235,14.15006971359253,16.166014671325684,16.825969219207764,17.671042442321777,1.9312855567589011,1.8645919647848834,1.8604763373246924,1.8968023574894355,1.9049570956833817,1.9215141953327801,0.026135781769449,1.8647039443480702
R4,gsm8k,S4_k_stored_draft_l4,1.1065953373908997,1.9377380907535553,2.8359245300292972,3.4156408309936523,4.586690955162048,5.040522608757019,6.25376714181912,8.353721611116281,10.823686599731445,6.292859398029047,10.823686599731445,384.0;448.0;179.0;230.0;1007.0;506.0;753.0;1006.0;941.0;760.0,0.43457690891895984,1.5830545111483927,0.009325613180427858,0.03671015629188792,0.06000200345373552,0.19718029605439433,3600,1024,0.3783754710138876,3.3783754710138876,10.759973526000977,0.006981406944114474,1.3473202015738253,1.1065953373908997,-10.823686599731445,3.63592173229204,2.6666885646672798,1.7199949840165625,10.823686599731445,6.965902064243952,6.812652826309204,8.277006244659423,8.674421310424805,9.559459552764887,4.633070174772624,3.374902021088341,3.3473723214827125,3.690748913796927,3.8053001599277994,4.053841305815457,10.759973526000977,6.273802201482985,6.048600196838379,7.797916793823242,8.290127849578857,9.25607721328735,-4.212618350982666,-6.312882016764747,-6.116397380828857,-5.173952102661133,-4.984297108650209,-4.661328616142273,17.548298835754395,12.586684218247731,12.476009845733643,14.163757181167602,14.655599117279053,15.57131295680999,1.8005045355988754,1.7198524491543337,1.7191094272534158,1.7484171255624892,1.7577937460772468,1.7731052036074375,-0.023727455491575542,1.7199808152997567
R4,gsm8k,S4_v_stored_ctx_l4,5.524576425552368,9.659098386764526,14.31337070465088,17.551305103302,24.766217746734622,27.9414381980896,35.528117542267545,47.61676143149451,75.47415161132812,8.603226791354878,75.47415161132812,48.0;16.0;4.0;101.0;69.0;483.0;59.0;72.0;78.0;7.0,0.18184648593436603,8.655791603629376,0.0033917922874022372,0.012616385633945678,0.022942234069340497,0.09741735745217851,42995,1024,0.8665673025806582,3.866567302580658,70.81485748291016,-0.13780239180051967,6.800242080972718,5.524576425552368,-75.47415161132812,4.049816343217623,2.8230776165128266,8.772772523812788,75.47415161132812,34.5996511113548,33.854881286621094,45.21442413330078,49.607295989990234,58.61130905151367,7.3574678934471995,3.5033983379763565,3.3269027019104476,4.355489826880062,4.603857185261188,5.1491830415404465,70.81485748291016,31.557442833543004,31.017494201660156,41.298274993896484,45.27579879760742,53.887664794921875,-15.065794944763184,-32.62217921678348,-31.852693557739258,-23.019878387451172,-19.915477752685547,-16.820905685424805,134.8218994140625,64.17962205032649,63.42934036254883,82.63351440429688,89.56048965454102,101.73885345458984,12.430174672513091,8.668838018583163,8.995936665891904,10.061676705723903,10.341369923866866,11.184897401574716,-0.011270974239973197,8.771690159563244
R4,gsm8k,S4_v_stored_draft_l4,4.040962219238281,6.953675270080566,10.0807788848877,12.171533489227294,16.555241622924818,18.248954620361335,22.268941263199277,28.334829330444336,61.88090515136719,10.087128436800622,61.88090515136719,471.0;432.0;493.0;510.0;409.0;485.0;496.0;417.0;450.0;503.0,0.23547115752095726,5.991631150444839,0.007077031755501021,0.02301737238667705,0.03754358053057054,0.12868289979649208,3600,1024,0.30700418031867516,3.307004180318675,46.9146842956543,-0.03734953716842837,4.842284456860099,4.040962219238281,-61.88090515136719,3.630032077326478,2.698649092869978,6.134640352710154,61.88090515136719,22.780755546622807,22.22165298461914,27.15898895263672,28.849395275115967,33.8880442047119,7.765991373794877,3.206758734830483,3.17098213094102,3.513154265726259,3.653048325362776,3.994765713130249,46.9146842956543,20.731889021926456,20.189797401428223,24.926814079284668,26.759701442718505,30.105770492553642,-13.838991165161133,-21.72712826490402,-21.214667320251465,-17.859720039367676,-17.1219464302063,-15.881455850601197,108.79558944702148,42.45901728683048,41.64299297332764,49.41209907531738,51.975475502014156,58.172312564849804,9.519818894201673,6.115626394081328,6.076546113263374,6.743598805338253,6.958293577173496,7.3814995984362834,-0.02623867698217469,6.134526654043738
R4,mtbench,S4_k_stored_ctx_fp_l0,0.7362942397594452,1.4174039661884308,2.174451470375063,2.693671512603759,4.086952018737794,5.489967825412756,10.139400555610887,12.949531414126406,16.726776123046875,11.409608529904983,16.726776123046875,224.0;352.0;160.0;736.0;608.0;288.0;672.0;992.0;544.0;863.0,0.41357697019907336,1.3248332686575297,0.04141925393114726,0.14752874538490696,0.19551096070851876,0.2960296605860062,125480,1024,7.318097423114562,10.318097423114562,15.702211380004883,-0.004382612545140676,1.054173382312876,0.7362942397594452,-16.726776123046875,6.916251536841179,2.787777051075226,1.4660254187692252,16.726776123046875,10.206344917425122,10.671595096588135,13.155712127685547,13.692008972167969,14.654121398925781,22.182842075898563,9.168269633809821,8.755862379687732,13.508426749134882,14.777332553261427,17.229765606898106,15.702211380004883,9.095226308157157,9.585394859313965,11.653036308288574,12.183561420440673,13.124808311462402,-3.75164794921875,-9.69180220681313,-10.036364555358887,-5.613046646118164,-5.228243350982666,-4.552858829498291,29.839381217956543,18.787028514970288,19.719035148620605,24.159788131713867,25.039701461791992,26.665414428710918,1.7064336522584633,1.4566663697223723,1.509383668255031,1.6127923737385181,1.6307375466981102,1.658874394762945,-0.16784524960946356,1.4660188679497823
R4,mtbench,S4_k_stored_ctx_l0,0.7568004727363586,1.4331412315368652,2.1862501144409183,2.7044724106788633,4.051987709999087,5.34898092985154,9.547478675842285,12.467384365364817,15.75028133392334,10.814655166684714,15.75028133392334,224.0;352.0;160.0;992.0;288.0;608.0;736.0;544.0;863.0;672.0,0.387808374662316,1.3317912394736744,0.03813444399558409,0.13478700657299383,0.17802271333614758,0.2750872946958101,125480,1024,5.960092575599518,8.960092575599518,14.27768325805664,-0.0034900225441782525,1.061980634613104,0.7568004727363586,-15.75028133392334,6.555609223825211,2.782226481815418,1.4563831292969156,15.75028133392334,9.68359744309011,10.054563522338867,12.520946502685547,13.047428131103516,13.992634420394898,20.752252034816657,8.09713682198811,7.69068635503777,11.734512105949344,12.900132974385745,14.97479087657716,14.27768325805664,8.5485704745633,8.934221267700195,10.90074911117554,11.422477531433092,12.400421142578125,-3.5891125202178955,-9.262689774040968,-9.502267837524414,-5.538396835327148,-5.070391654968262,-4.449068546295166,29.25414276123047,17.811260248604267,18.603068828582764,22.841837882995605,23.723979949951172,25.352127075195312,1.7110067306664707,1.448231827872118,1.4982427673315724,1.591784279524514,1.6078771362185433,1.6356067825486424,-0.16475336198852392,1.4563789476105857
R4,mtbench,S4_k_stored_draft_l0,0.8989095687866211,1.5881366729736328,2.3224558591842657,2.782486915588377,3.7476391005516057,4.122911374568941,4.908365015030009,5.954458262634009,7.925321102142334,5.6632475826660835,7.925321102142334,352.0;403.0;467.0;539.0;96.0;224.0;30.0;917.0;745.0;602.0,0.2297919899620191,1.3672166353929285,0.0029378813824245493,0.013248529120228452,0.025041684354439736,0.10054854097330834,4800,1024,0.2832171659643583,3.2832171659643583,7.597934246063232,-0.001991333496036906,1.095843739440418,0.8989095687866211,-7.925321102142334,3.5074019018229365,2.677974532939323,1.3994304480701045,7.925321102142334,5.264854034632444,5.2159693241119385,6.042005252838135,6.2703252077102665,6.786298437118531,4.771893187629145,3.2786117850531795,3.2430412855696913,3.5273611095201183,3.6485317538345448,3.815145211492701,7.597934246063232,4.790675630122423,4.70573616027832,5.42789888381958,5.756499767303467,6.727019309997559,-3.6457653045654297,-5.020835195829471,-4.903802394866943,-4.2741724967956545,-4.138214707374573,-3.9336100459098815,14.773216724395752,9.811510825951894,9.827592134475708,10.789790296554566,11.070628666877747,11.901757998466492,1.4850080647899964,1.3992362235964897,1.4039616868131115,1.4289697984132657,1.4320948564383111,1.4448601686214906,-0.012023594961144335,1.3994290312754702
R4,mtbench,S4_v_stored_ctx_l0,3.3360546827316284,5.796912312507629,8.53090581893921,10.40995202064514,14.433189449310305,16.102945756912234,20.40626335334778,26.706951484107787,42.518104553222656,8.02829974214416,42.518104553222656,64.0;36.0;2.0;46.0;31.0;80.0;38.0;55.0;103.0;61.0,0.22515388817947146,5.191132186134484,0.0043172594530845295,0.014529257201266178,0.02565803975108053,0.10396181088066671,125480,1024,0.6668297848933635,3.6668297848933635,39.57058334350586,0.014739039583816038,4.125061770449481,3.3360546827316284,-42.518104553222656,3.853125639990236,2.725285436681892,5.296028538897966,42.518104553222656,21.235408193813527,20.946876525878906,25.88746013641358,27.69318199157715,31.877002716064453,6.090455731036469,3.527441051689865,3.4798853436856727,3.99902099353534,4.175012990910048,4.610048744209561,39.57058334350586,19.46689414012801,19.202436447143555,24.00325679779055,25.580922698974547,29.18391227722168,-9.828676223754883,-19.89716080113661,-19.479572296142578,-15.653155326843262,-14.556427001953125,-12.150131225585938,68.12691879272461,39.36405494126462,39.15383720397949,46.924123764038086,49.48187828063965,54.76899528503418,6.770955762003076,5.275404405779542,5.326586529234547,5.779346166589299,5.914253465533618,6.190515463117693,-0.006660321220673192,5.296008029217277
R4,mtbench,S4_v_stored_draft_l0,2.0487561225891113,3.556580662727356,5.193906784057617,6.2891154289245605,8.55690860748291,9.506601333618164,11.799745559692383,14.393494615837337,18.77289390563965,5.940631254083422,18.77289390563965,66.0;1001.0;942.0;1004.0;53.0;0.0;48.0;1018.0;1022.0;904.0,0.23122614921377493,3.0924243825334665,0.004254189439327219,0.01737812567044763,0.03229217213992611,0.11675256022869407,4800,1024,0.39490782375835254,3.3949078237583525,18.77289390563965,0.03139885467329426,2.485008076406391,2.0487561225891113,-17.156265258789062,3.733997412145509,2.707810472240368,3.1600840218344968,18.77289390563965,12.33098570962747,12.338659286499023,14.393487930297852,15.247221946716309,15.247221946716309,4.676069576705377,3.386864214018082,3.3670431155669323,3.756385422453157,3.9826508120297466,3.9826508120297466,18.77289390563965,11.540001331567764,11.222383499145508,13.8447096824646,15.247221946716309,15.247221946716309,-7.9661455154418945,-11.312730398376782,-11.114556312561035,-9.398143768310547,-9.142436981201172,-8.666763305664062,29.93565082550049,22.852731729944548,23.031051635742188,25.374469757080078,25.810515117645263,26.976882934570312,3.474037408175578,3.1589116165438282,3.1648074817681637,3.2771663212363022,3.2868401024320217,3.3522586726046164,0.012658776425834219,3.159928027183356
R4,mtbench,S4_k_stored_ctx_fp_l1,0.5274751782417297,1.3710592091083527,2.6338294506073012,3.324427819252014,4.552612352371217,5.0090338683128355,6.1413092613220215,7.777661500167753,13.459561347961426,9.037589804652654,13.459561347961426,990.0;222.0;93.0;670.0;477.0;29.0;925.0;798.0;968.0;392.0,0.6578500950305122,1.162740944131854,0.009222200795380317,0.038790285084117304,0.06725819732198458,0.23741077223757798,125480,1024,2.2019725544169395,5.2019725544169395,9.596435546875,0.005846622789620974,0.986512908691823,0.5274751782417297,-13.459561347961426,4.123658456057278,3.0569081648829206,1.4892865950867,13.459561347961426,6.2913495475523105,6.087703704833984,7.273497629165649,7.920061111450195,10.172050476074219,18.183358255261115,5.240906334661704,5.001159288976969,5.801448817950312,6.832206284503231,11.240014652848936,9.596435546875,5.95016070664366,5.864682197570801,6.909640884399417,7.277524042129516,8.137430191040039,-3.546175241470337,-5.816905484700758,-5.599277496337891,-4.964507293701172,-4.808908462524414,-4.485645294189453,19.55887222290039,11.767066191344417,11.511078357696533,13.353491926193238,14.045729637145996,17.36392221927643,1.6116019134027306,1.4872684052644503,1.509617562891031,1.5575554585616886,1.5674491293618347,1.5835124331405235,0.0011726006844469926,1.4892751187429716
R4,mtbench,S4_k_stored_ctx_l1,0.542702853679657,1.364113837480545,2.604005789756775,3.296063816547393,4.5065943479538,4.950974161624909,5.945487745285046,7.350846738621019,11.151717185974121,7.563661282791738,11.151717185974121,990.0;222.0;93.0;29.0;925.0;798.0;477.0;456.0;904.0;670.0,0.6504886324304533,1.1634201186180697,0.00846515556988296,0.036779822884742804,0.06418842979018301,0.23524198929987064,125480,1024,2.114450289825869,5.114450289825869,9.813409805297852,0.0069762881161781285,0.9852416595823607,0.542702853679657,-11.151717185974121,4.032531915612517,3.0566012945286807,1.4743808281507333,11.151717185974121,6.156718670195138,6.000826358795166,7.115945816040039,7.658663320541382,9.121688842773438,12.86618331656264,5.115993234893631,4.973953850466014,5.675581970505641,6.29550537108226,8.911980819679348,9.813409805297852,5.833490181191545,5.7541985511779785,6.726682662963867,7.080615043640137,7.87095938205719,-3.4192323684692383,-5.728756301320203,-5.558022499084473,-4.936172008514404,-4.772909164428711,-4.4504320383071905,19.02558422088623,11.562246482511748,11.381001949310303,13.068177223205566,13.786881589889527,15.509836196899414,1.6024251732809383,1.472258873134042,1.4949882821315224,1.5445263342886983,1.5549764256706686,1.5715586668180197,0.004188127999956093,1.474364323300914
R4,mtbench,S4_k_stored_draft_l1,0.44889697432518005,1.352375477552414,2.58253037929535,3.2672267556190486,4.597859859466553,5.227934861183168,6.6570720314980445,7.49598579063324,8.533356666564941,5.967286244638438,8.533356666564941,256.0;320.0;147.0;211.0;23.0;87.0;990.0;782.0;981.0;861.0,0.7115897426088242,1.0407706307811013,0.015729966598117186,0.06541403380636089,0.10785764418618644,0.3226201033254571,4800,1024,2.820472742902406,5.820472742902406,8.533356666564941,0.016384773422500633,0.9244471325833908,0.44889697432518005,-8.36322021484375,4.655220204116524,3.215234867853532,1.4300230149395126,8.533356666564941,6.9710677871108055,6.996006965637207,7.584189701080323,7.726110601425171,7.944984788894653,6.93947827011001,5.8087695655783875,5.808537465216872,6.212632415515222,6.32632272371176,6.534604845773818,8.533356666564941,6.388693461418152,6.256330728530884,7.405331325531006,7.592695093154907,7.8920611906051645,-4.9905242919921875,-6.6017101847132045,-6.658039569854736,-5.761235046386719,-5.5830422878265376,-5.302830290794373,15.330665111541748,12.990403646131357,12.997637510299683,13.968344974517823,14.256680965423584,14.64753273010254,1.6085200923425174,1.42947708976931,1.413464958882344,1.4906362775580695,1.5234321996714093,1.5621319020912783,-0.0717700990857048,1.4299291459567451
R4,mtbench,S4_v_stored_ctx_l1,3.988604187965393,6.915181040763855,10.1377462387085,12.290774202346794,16.75858655929566,18.461324739456177,22.488050647735694,28.55403805103149,66.06522369384766,10.370310906560999,66.06522369384766,870.0;858.0;867.0;879.0;856.0;718.0;822.0;853.0;836.0;832.0,0.13501731486226098,6.321648303186398,0.003973997195975534,0.012543446056060175,0.021951511746519978,0.08665985726373024,125480,1024,0.40483672005927707,3.404836720059277,57.841644287109375,0.05179780974113279,5.0087203197064545,3.988604187965393,-66.06522369384766,3.529967263566946,2.6306087114724286,6.370611671058973,66.06522369384766,23.659902114582398,23.238933563232422,28.625816345214844,31.279157638549805,41.662757873535156,9.685808660965243,3.2219285282807912,3.15930601548752,3.5128125487030317,3.7086097331234287,4.827959663264852,57.841644287109375,22.201345056631705,21.78543472290039,27.015338897705078,29.591217041015625,38.050113677978516,-10.413298606872559,-21.85665013002749,-21.58127784729004,-17.005844116210938,-14.474129676818848,-12.391385078430176,107.48422622680664,44.05799518665919,43.94250297546387,51.8494815826416,55.81684112548828,70.74593544006348,8.28674886234364,6.328898706254561,6.485774922181923,7.022970737078433,7.192034943877744,7.516592762138471,0.007362620172257312,6.3704010902249175
R4,mtbench,S4_v_stored_draft_l1,0.7294366955757141,1.2772281765937805,1.8989757299423222,2.347607421875,3.4781810402870232,4.096225061416632,5.855747598171343,8.844106659793352,16.17941665649414,14.632840741206635,16.17941665649414,273.0;623.0;690.0;715.0;698.0;747.0;361.0;347.0;320.0;721.0,0.30277825387279156,1.0637424576085626,0.006035614371498883,0.025228892391205984,0.04491006646175813,0.15626291577430912,4800,1024,2.1865530666148967,5.186553066614897,16.17941665649414,-0.002228797593715323,0.8470058197437034,0.7294366955757141,-14.905887603759766,5.29600194147615,3.1457048367176936,1.1056921169744087,16.17941665649414,3.830778621037801,3.493989944458008,4.851144218444826,5.87217104434967,9.490465955734258,4.650792101139652,3.141649997110651,3.1247197941670963,3.371806618666589,3.4637919278436464,3.703057668046724,16.17941665649414,3.6190582835674285,3.3287551403045654,4.6121016502380385,5.503442263603212,8.74605054855347,-2.3294360637664795,-3.611211507121722,-3.3108291625976562,-2.8314360141754147,-2.7316110134124756,-2.572190532684326,27.609429359436035,7.23026979068915,6.606338143348694,9.087117624282838,10.810821151733403,17.913534116744998,3.4307991939192752,1.069249670329684,0.9880097550511708,1.3315808802167195,1.5578980629085666,2.3465588671475004,0.03001864333323706,1.1056898706240534
R4,mtbench,S4_k_stored_ctx_fp_l2,0.9838508665561676,1.8673820793628693,2.910196256637576,3.61962729692459,5.113013997077943,5.674451723098758,6.875849050045457,8.650335736178615,11.58351993560791,6.70287233759564,11.58351993560791,748.0;303.0;759.0;943.0;751.0;699.0;949.0;1020.0;763.0;702.0,0.42830938922220496,1.5857182817544073,0.005410439730681148,0.023512902031388457,0.044376220520828506,0.16902481773000425,125480,1024,1.0705803398996725,4.0705803398996725,11.58351993560791,-0.046919964847087735,1.29516965503411,0.9838508665561676,-11.511061668395996,3.9787507295910935,2.958675797449167,1.7281427054245506,11.58351993560791,7.213191506617154,7.091169834136963,8.312515258789062,8.76115894317627,9.585557384490967,5.702362272366923,4.04885239355889,4.014499593731005,4.510693840780865,4.6870340723520085,5.017249324916007,11.58351993560791,6.819348251302796,6.705081462860107,8.040306282043456,8.554542589187623,9.483197145461999,-4.478898048400879,-6.634459500279364,-6.543652534484863,-5.689647674560547,-5.491393566131592,-5.146847724914551,19.584403038024902,13.453807751582161,13.366762161254883,15.034756660461426,15.574719429016113,16.59507465362549,1.8588475209850484,1.7277825034712557,1.7179747960152967,1.7814710677909311,1.8069873220872266,1.8433705046516746,0.0070436480958758485,1.727505637389017
R4,mtbench,S4_k_stored_ctx_l2,0.9961165487766266,1.8756312131881714,2.8968368291854873,3.6037207365036004,5.0551932954788255,5.608770973682405,6.755625457763863,8.11190414428711,11.165496826171875,6.47275236317135,11.165496826171875,748.0;943.0;759.0;702.0;690.0;949.0;696.0;763.0;370.0;1020.0,0.41207437677891035,1.5941752428332672,0.005374975328090532,0.02235160851750765,0.04170356010814421,0.16428944531567694,125480,1024,0.9816763742790604,3.9816763742790604,11.165496826171875,-0.047221328784655146,1.3000489972871851,0.9961165487766266,-10.780160903930664,3.916304964051804,2.930547100501665,1.724999845460069,11.165496826171875,7.09939161547438,7.0015764236450195,8.131246566772461,8.540648460388184,9.333101301193224,5.75260642841129,3.9641144809255295,3.9306216401680962,4.39915590800815,4.560312404480859,4.880551393849344,11.165496826171875,6.717284977466466,6.606871128082275,7.888431072235107,8.345293998718262,9.270438117980957,-4.556553363800049,-6.547155532941037,-6.470824718475342,-5.648128986358643,-5.453458786010742,-5.1175761222839355,18.989253997802734,13.264440510407503,13.174610137939453,14.76367998123169,15.33867883682251,16.414781093597412,1.8374910651589726,1.7247080271081314,1.7169546836260519,1.7737652595807962,1.7944312989836113,1.82167467078329,0.007400923595047999,1.7243533898087926
R4,mtbench,S4_k_stored_draft_l2,0.9797166287899017,1.7578878700733185,2.6453918218612684,3.227390301227569,4.397142858505251,4.853477077484132,5.803413391113281,6.940900419663823,8.685890197753906,5.467723248247144,8.685890197753906,1020.0;606.0;542.0;759.0;371.0;748.0;222.0;695.0;370.0;310.0,0.4794594438605403,1.4360210818707526,0.008820663717824861,0.03817523204589661,0.06439851004568575,0.21524106076957408,4800,1024,0.5319711012584691,3.531971101258469,8.456727027893066,-0.05304554041183989,1.2294590921820887,0.9797166287899017,-8.685890197753906,3.6532189096731105,2.7679788353219346,1.5885753179878754,8.685890197753906,6.047581596374512,5.990994453430176,6.829118394851685,7.110537910461426,7.680524621009827,4.4682553330490125,3.522359530748869,3.5069877950460526,3.802121997042136,3.897260421636284,4.079586843327788,8.456727027893066,5.59750726779302,5.5096595287323,6.494047689437867,6.815661430358887,7.455786776542664,-4.017733097076416,-5.733879284858704,-5.67355751991272,-4.975618648529053,-4.79890718460083,-4.538089299201965,15.324994564056396,11.331386552651724,11.26660418510437,12.495193624496462,12.854700398445129,13.750010018348696,1.6915928566313625,1.588371221656747,1.587473804451148,1.6221468509881622,1.6317263407150862,1.6495921634833413,0.01338221026899325,1.587689425411247
R4,mtbench,S4_v_stored_ctx_l2,5.104336500167847,8.907442808151245,13.173968601226811,16.029209995269774,21.948063907623304,24.350360336303723,29.25368291854876,36.21254348754883,57.94020080566406,6.919031857929376,57.94020080566406,459.0;769.0;478.0;427.0;417.0;481.0;483.0;648.0;401.0;780.0,0.11315522066346695,8.331251294206705,0.00202579589798437,0.009479241775558143,0.01769455263615333,0.07755206264839526,125480,1024,0.3711437191378697,3.3711437191378697,55.329708099365234,-0.04855001748194378,6.571311490202886,5.104336500167847,-57.94020080566406,3.4933804381191678,2.620966984668618,8.37403295654192,57.94020080566406,30.022839430916033,30.174055099487305,36.77071762084961,38.92461395263672,43.6887295532226,5.070797920539641,3.153026548562242,3.1212161893312813,3.442780532126275,3.5680385468487184,3.8698626928146007,55.329708099365234,28.148012099069966,28.195236206054688,34.75793991088867,36.9633903503418,41.818687438964844,-12.088621139526367,-28.23271084918617,-28.31053352355957,-21.06023120880127,-18.081676483154297,-14.680136680603027,96.57349014282227,56.380722948256135,57.1099796295166,67.6687240600586,71.0499267578125,78.1482230758664,10.942892537889604,8.291076226768345,8.574817657710495,9.416737336756585,9.618455087561868,9.997644876250074,0.0037498841505157797,8.373892216469752
R4,mtbench,S4_v_stored_draft_l2,2.4527575969696045,4.277884483337402,6.329857158660889,7.756200790405273,10.999233770370484,12.46088449954989,15.811646487236114,22.27004857768989,36.364444732666016,9.612335521285106,36.364444732666016,429.0;480.0;489.0;447.0;393.0;427.0;388.0;548.0;494.0;593.0,0.20967247574871717,3.716469674465489,0.004011854945323543,0.016595189625185115,0.02914286946923963,0.10915922403154431,4800,1024,0.8122650419084825,3.8122650419084825,36.364444732666016,0.0054140422090457226,2.9396689407375796,2.4527575969696045,-34.073978424072266,4.179545495513464,2.907464317277905,3.78310189569874,36.364444732666016,14.042296772400539,13.501035213470459,18.301935768127446,20.0006365776062,24.856800785064703,4.687402675355654,3.2604934519879882,3.235345683062654,3.57558266251343,3.69373441685686,3.9767990100632638,36.364444732666016,13.13776515553395,12.58504867553711,17.152009201049804,18.948409271240234,23.75808267593385,-6.714990139007568,-13.091119092603524,-12.57016658782959,-9.685616874694823,-9.09809522628784,-8.135759057998657,65.865478515625,26.228884248137476,25.318511962890625,33.43925189971924,36.807180595397966,45.065270633697516,7.312159873238435,3.724581232423596,3.625130884551324,4.575201914949462,4.958934611073716,5.879534716363562,-0.0028235875021696386,3.7830980216465924
R4,mtbench,S4_k_stored_ctx_fp_l3,0.9287700653076172,1.8279100358486176,2.9695636510849006,3.7475445747375473,5.262814812660219,5.823272361755373,7.03963682794572,8.438456279657368,10.98363971710205,6.308082992394051,10.98363971710205,619.0;698.0;555.0;613.0;48.0;877.0;440.0;702.0;246.0;171.0,0.45844928351053893,1.5800946445662198,0.007444422067597467,0.028847560529647084,0.05272540145090373,0.18596980296719282,125480,1024,1.2098897413778325,4.2098897413778325,10.98363971710205,-0.0009031384500229659,1.2916730386265585,0.9287700653076172,-10.545134544372559,4.0429779645677915,3.022520172449768,1.7412008894533468,10.98363971710205,7.089981155031458,6.994694709777832,8.181468963623047,8.539416313171387,9.64139383316035,6.2157626235048795,4.165899251453291,4.04193965015496,5.065228762506287,5.390610020177885,5.793385078268434,10.98363971710205,6.620212911233272,6.546903371810913,7.674274682998658,8.084802627563477,8.701972961425781,-4.288454055786133,-6.731543976123598,-6.619578838348389,-5.667582988739014,-5.460206699371342,-5.100509066581726,18.597912788391113,13.35175688735687,13.191044330596924,15.16435103416443,15.774480819702148,16.939334869384766,1.8554677375567397,1.7408647914960664,1.7358071782882996,1.7832805673064829,1.8206673312637691,1.8406070990124581,-0.008586591037997363,1.7412006552301968
R4,mtbench,S4_k_stored_ctx_l3,0.9402393102645874,1.830291748046875,2.949168610572815,3.721137082576752,5.246219191551209,5.810485501289368,7.011473295688838,8.339905959033848,10.865972518920898,6.244373541447522,10.865972518920898,877.0;752.0;557.0;698.0;619.0;246.0;623.0;440.0;702.0;573.0,0.44956420352127824,1.5860754574098495,0.0064855649823471855,0.028132451151486708,0.05081067005745665,0.18383936439166135,125480,1024,1.175332717039919,4.175332717039919,10.708911895751953,0.001450282980630968,1.2952028894120533,0.9402393102645874,-10.865972518920898,4.029299564114235,3.0148569081426237,1.740122119023974,10.865972518920898,7.07603024155006,6.993042945861816,8.149522018432616,8.48836808204651,9.370059070587143,6.2769726902460246,4.139112526693917,4.026589221178375,4.971378959495733,5.237492153475174,5.642444230975691,10.708911895751953,6.668879493391738,6.588201522827148,7.728932857513428,8.14332389831543,8.802152633666992,-4.5158233642578125,-6.670097030003359,-6.559274435043335,-5.63465690612793,-5.43428373336792,-5.079233646392822,19.038747787475586,13.338976523395097,13.202455997467041,15.111526203155517,15.685131072998047,16.91076946258545,1.8423856312122997,1.7398416511150931,1.7358746852429632,1.7812338413515,1.8059976662609405,1.8264264142755309,0.0060934029905739765,1.7401215146637783
R4,mtbench,S4_k_stored_draft_l3,0.9732179343700409,1.7578720152378082,2.6913007020950324,3.350951552391052,4.708645343780518,5.2138557291030905,6.222488879680657,7.388434968614025,8.793116569519043,5.394772237271717,8.793116569519043,249.0;698.0;372.0;699.0;448.0;377.0;235.0;561.0;313.0;832.0,0.5047725786222418,1.4532685128593519,0.008884927509898692,0.04111293223302316,0.07372800234403389,0.2491355253907073,4800,1024,0.7764252836412711,3.776425283641271,8.683999061584473,-0.027016654912373757,1.2458901511331575,0.9732179343700409,-8.793116569519043,3.8176350773283687,2.888858458199115,1.6299328651483462,8.793116569519043,6.335673572321733,6.280714750289917,7.065455532073974,7.3502651929855345,7.866380577087402,4.883845091567384,3.770953385104725,3.7551540925810247,4.090012942883961,4.1913676037826555,4.360252547726753,8.683999061584473,6.013148032526175,5.960104703903198,6.831189680099487,7.131808233261109,7.660447564125063,-4.45684289932251,-5.992723165353139,-5.936329364776611,-5.319708538055419,-5.16947832107544,-4.878272252082825,15.899667739868164,12.005871197879314,11.949632406234741,13.1227858543396,13.501097679138185,14.13660861492157,1.702591539944045,1.6297523265742502,1.6302965528235331,1.6603336735204723,1.667755782596346,1.6827843189971519,0.007616926177773322,1.6297089449493867
R4,mtbench,S4_v_stored_ctx_l3,5.4783220291137695,9.616806507110596,14.408742809295665,17.76190567016601,25.52390005111696,28.80526768684388,36.96379827117937,48.6669388137756,78.96244812011719,8.645237219599855,78.96244812011719,584.0;689.0;602.0;548.0;649.0;675.0;555.0;590.0;623.0;541.0,0.18563262115965706,9.012653671218331,0.002030006895700347,0.009715336044964678,0.018833906684535745,0.08847374788265354,125480,1024,1.024396590807287,4.024396590807287,75.67507934570312,-0.09103135691203455,7.045723586242856,5.4783220291137695,-78.96244812011719,4.0469971765017565,2.7944950538463056,9.133635794411662,78.96244812011719,35.22587125842496,33.706905364990234,46.92802047729492,51.17375183105469,59.642799377441406,6.353501449463949,3.4676410568144744,3.369491879337247,4.040872678616108,4.3091074533362645,4.839333647078049,75.67507934570312,32.82282999823494,31.412880897521973,43.93940124511719,48.090606689453125,56.08491897583008,-14.030240058898926,-32.894268230469244,-31.587238311767578,-24.103981018066406,-21.709514617919922,-17.590981941223145,144.43289947509766,65.71709822870417,63.21633338928223,86.19411926269531,92.91387500762913,107.43592071533203,14.969160953278763,9.014770421684124,8.874668838446647,10.861272127727192,11.473136988175028,12.748393327252638,0.009901907516416324,9.13318214627392
R4,mtbench,S4_v_stored_draft_l3,4.3973047733306885,7.648384690284729,11.36308269500733,13.977192974090574,20.236581726074235,23.209024248123193,30.529366088867214,42.16443954656705,79.20280456542969,11.387916297999325,79.20280456542969,408.0;493.0;431.0;420.0;440.0;411.0;891.0;487.0;415.0;388.0,0.2810484577925274,6.736587670654412,0.004477786203706902,0.019763542980821086,0.03551755992260486,0.13330994346968641,4800,1024,1.1294004835515787,4.129400483551579,79.20280456542969,-0.040013493729494864,5.3715508107996905,4.3973047733306885,-58.275299072265625,4.389565086218519,2.909650739245964,6.95498653949049,79.20280456542969,28.781173038085303,27.49181365966797,37.723943710327156,41.58177337646485,50.407086601257326,8.680738197576678,3.658364173806021,3.544698360275243,4.2805061294331495,4.6168336429218195,5.5101126771246545,79.20280456542969,27.18888499379158,25.882319450378418,35.86652641296387,39.94281139373779,49.261221008300794,-14.173975944519043,-25.80209536453088,-24.657933235168457,-19.338300323486326,-18.17132225036621,-16.40024061203003,128.01670455932617,52.99098035832246,50.94718933105469,67.94570808410646,74.54614753723145,89.29556510925298,11.992160628692666,6.891687466396309,6.762767349390508,8.133211709445886,8.649616675474002,9.539476032183549,0.03613828854269437,6.954871435534482
R4,mtbench,S4_k_stored_ctx_fp_l4,1.0415690541267395,1.9779278934001923,3.113029599189759,3.8869842171669005,5.406154913902283,6.022129058837891,7.369818764686701,8.703598507880905,11.245611190795898,6.083666496047482,11.245611190795898,564.0;243.0;573.0;230.0;751.0;631.0;633.0;237.0;114.0;428.0,0.4119076785695279,1.7121262158739046,0.007011869551392373,0.029688080784178877,0.04894423613128824,0.16467675706077736,125480,1024,0.9061089555207982,3.906108955520798,10.90604305267334,0.019299600070436143,1.397703142768496,1.0415690541267395,-11.245611190795898,3.986934879747815,2.92462925884085,1.8484923849954789,11.245611190795898,7.338442787692393,7.205912113189697,8.550193786621094,8.86134147644043,9.840214729309082,6.176640871867328,3.8722714003811163,3.731419806950099,4.757003414988204,5.1058861172317,5.668485417436185,10.90604305267334,6.963646419013348,6.802170276641846,8.355057239532476,8.727765083312988,9.747809410095215,-4.472054958343506,-6.8052658034579405,-6.687033653259277,-5.787681579589844,-5.583676338195801,-5.247365951538086,19.731590270996094,13.76891222247129,13.56238603591919,15.746231079101562,16.43522357940674,17.809473037719727,1.9501373931768422,1.8482689897867994,1.8455205092081541,1.8879923484953518,1.9060180217737668,1.92659520244947,0.025374093529947423,1.848391631344233
R4,mtbench,S4_k_stored_ctx_l4,1.0540038347244263,1.9783365726470947,3.1099425077438356,3.8698597431182855,5.364047012329102,5.938939754962923,7.229431152820587,8.677938461303711,11.705662727355957,6.340444138474167,11.705662727355957,564.0;230.0;243.0;630.0;633.0;428.0;942.0;888.0;237.0;119.0,0.40211052806151415,1.7168959427562762,0.0074239826411349056,0.028379516476748825,0.04756394661425564,0.1620093832822219,125480,1024,0.8550265196309352,3.8550265196309352,10.689531326293945,0.01911861100449691,1.4004417066428139,1.0540038347244263,-11.705662727355957,3.915865803162223,2.905469022128926,1.8461897103272853,11.705662727355957,7.314781906040832,7.188695907592773,8.501419067382812,8.910389041900634,9.798456192016602,5.819166260632175,3.829620351864947,3.730309073809004,4.567464782330107,4.848089710951249,5.313802389900098,10.689531326293945,6.931372531117016,6.773996114730835,8.280571460723879,8.675623893737793,9.546555719375611,-4.593047618865967,-6.770743783560763,-6.6862874031066895,-5.780688762664795,-5.565362882614136,-5.21362829208374,19.36870288848877,13.70211631467778,13.546727657318115,15.531150817871094,16.09695339202881,17.23686858177185,1.9316257025607944,1.846001063437547,1.8445691439370226,1.8825918618064996,1.8960946253896203,1.913426146233423,0.029601937009163793,1.8460907142477059
R4,mtbench,S4_k_stored_draft_l4,1.1028819680213928,1.9343953132629395,2.850216865539551,3.451434016227722,4.663415741920471,5.157484447956086,6.266817588806335,8.139322249030064,10.220751762390137,5.919890549695026,10.220751762390137,384.0;448.0;172.0;958.0;704.0;190.0;756.0;631.0;818.0;832.0,0.409609026834727,1.6039716811192823,0.00805978432384661,0.03621492252030222,0.061220925525908014,0.19053253646544288,4800,1024,0.3599534936864921,3.359953493686492,10.198141098022461,0.02222266582973735,1.3518761611636974,1.1028819680213928,-10.220751762390137,3.6297598340223822,2.701064600891755,1.726510258355482,10.220751762390137,6.692447962065538,6.56663179397583,7.825464200973512,8.236282253265381,9.071778535842896,4.414305959821238,3.3551399070456047,3.3311194034338865,3.637351120690491,3.735384415577199,4.006162392159732,10.198141098022461,6.166521539489429,6.023087739944458,7.307068872451782,7.807104921340943,8.687638101577761,-4.391411781311035,-6.161375695168972,-6.0106260776519775,-5.199070167541504,-5.003767585754394,-4.716998047828674,16.64234447479248,12.3278972346584,12.227690935134888,13.748569107055665,14.252147388458251,15.294928369522095,1.8156103039511324,1.726344648075263,1.7253630049310154,1.7578036506821804,1.7669785201237556,1.785030238631694,-0.010229026997176231,1.72636723362387
R4,mtbench,S4_v_stored_ctx_l4,5.481395483016968,9.541038751602173,14.108451175689703,17.300692367553708,24.256973457336425,27.149267435073853,34.1867963180543,43.62589806098852,88.83998107910156,9.994966532377466,88.83998107910156,48.0;123.0;6.0;16.0;44.0;88.0;108.0;100.0;77.0;99.0,0.16065604592216265,8.797640927078156,0.0024933020654155304,0.010071979187511652,0.01905860244965757,0.08728034871606251,125480,1024,0.7960618429846842,3.796061842984684,75.7459945678711,-0.12810071158232136,6.915174979522738,5.481395483016968,-88.83998107910156,3.846194932706232,2.7290374776979633,8.888472091558821,88.83998107910156,35.081818344511724,33.75377655029297,45.99921417236328,50.07930374145508,58.59983825683594,7.625134375361088,3.506518571886537,3.3407581401631594,4.341711728576533,4.658066419422402,5.346490872397524,75.7459945678711,32.211738976582545,31.137542724609375,41.91335258483889,45.97620906829834,54.614601135253906,-15.065754890441895,-32.99122445535462,-31.643482208251953,-24.822492599487305,-22.838008880615234,-18.337966918945312,152.77787399291992,65.20296343193716,63.223995208740234,83.61121330261234,90.37824516296386,104.004150390625,12.629661619174236,8.82086770415526,8.934228015641509,10.003581099007704,10.338763964363627,11.305387014300035,-0.008797358273295804,8.887548949519893
R4,mtbench,S4_v_stored_draft_l4,3.9532814025878906,6.808272361755371,9.940767288208008,12.032100677490234,16.503300800323498,18.364109277725227,22.309173583984375,28.59317676811069,53.12458801269531,8.919823556238468,53.12458801269531,493.0;482.0;450.0;476.0;467.0;444.0;489.0;464.0;417.0;496.0,0.19261142634750517,5.861787378042608,0.0041882128246736525,0.017918428829469004,0.031914766361060436,0.11334608553076753,4800,1024,0.3723304551538953,3.3723304551538953,53.12458801269531,-0.05627654866007181,4.68882564959455,3.9532814025878906,-44.51953887939453,3.745796428709861,2.7709679593042,5.955789111494287,53.12458801269531,21.944563570817312,21.44318199157715,26.40382461547852,28.412536334991454,33.938174896240284,7.131184266218179,3.2182728625380324,3.176929817196825,3.51347197449989,3.6688995584358435,4.189216835618109,53.12458801269531,20.45633458415667,19.906362533569336,24.95345096588135,26.885798835754397,31.989523963928225,-12.560863494873047,-20.603268881638844,-20.12015151977539,-16.75703945159912,-15.992398262023924,-14.665237054824823,91.63398361206055,41.05960346579552,40.37816619873047,48.24549751281739,51.62795791625977,59.70953741073619,8.893633470282047,5.926295786398118,5.853801199184932,6.7341306577490405,7.014469232608677,7.52737862913354,-0.01193257333978511,5.955523225600318
