config,dataset,tensor,abs_p50,abs_p75,abs_p90,abs_p95,abs_p99,abs_p99_5,abs_p99_9,abs_p99_99,absmax,absmax_over_rms,channel.absmax_top1,channel.absmax_top10_ids,channel.energy_gini,channel.rms_mean,channel.top0.1pct_energy,channel.top0.5pct_energy,channel.top1pct_energy,channel.top5pct_energy,count_rows,dim,excess_kurtosis,kurtosis,max,mean,mean_abs,median_abs,min,p99_9_over_rms,p99_over_rms,rms,row.absmax.max,row.absmax.mean,row.absmax.median,row.absmax.p90,row.absmax.p95,row.absmax.p99,row.kurt.max,row.kurt.mean,row.kurt.median,row.kurt.p90,row.kurt.p95,row.kurt.p99,row.max.max,row.max.mean,row.max.median,row.max.p90,row.max.p95,row.max.p99,row.min.max,row.min.mean,row.min.median,row.min.p90,row.min.p95,row.min.p99,row.range.max,row.range.mean,row.range.median,row.range.p90,row.range.p95,row.range.p99,row.rms.max,row.rms.mean,row.rms.median,row.rms.p90,row.rms.p95,row.rms.p99,skewness,std
R0,gsm8k,A_src1,0.01129150390625,0.0205078125,0.032470703125,0.042724609375,0.09228515625,0.12793457031250455,0.251953125,1.9375015624991647,322.0,510.1026163709653,322.0,788.0;1384.0;4062.0;290.0;2352.0;4055.0;2629.0;133.0;2265.0;2992.0,0.998355390251131,0.04532376068771542,0.9887005566306786,0.9965106431741267,0.9978464117117143,0.998918155880971,20490,4096,227491.8240006941,227494.8240006941,322.0,-0.0003930170990317893,0.017749781694574033,0.01129150390625,-294.0,0.39913648529608964,0.14619534054449795,0.6312455370074593,322.0,2.1567244597212056,0.27734375,0.3671875,0.396484375,0.50390625,1335.7506726655727,36.772640500591265,17.255750540862003,73.84859878878699,97.49267777464607,157.0664912164266,322.0,2.1544368775545997,0.27734375,0.3671875,0.396484375,0.50390625,-0.095703125,-1.9055509642661055,-0.1875,-0.140625,-0.130859375,-0.11669921875,616.0,4.059987841820705,0.462890625,0.5888671875,0.62890625,0.8046875,8.262438110402302,0.07037735449151872,0.022487581602908834,0.02616452248731305,0.02714835069115134,0.030714605369188692,-95.94441374772576,0.6312454146600953
R0,gsm8k,A_src8,0.05126953125,0.0888671875,0.1328125,0.1640625,0.26953125,0.353515625,0.65625,2.7500031249983294,322.0,505.11242318346274,322.0,788.0;1384.0;4062.0;290.0;2352.0;4055.0;2629.0;133.0;709.0;2992.0,0.9861851110665171,0.10269913439154929,0.9699032704453109,0.9807036200476478,0.9831074142463504,0.9861062384096541,20490,4096,218722.60291859636,218725.60291859636,322.0,-0.0001596402117417425,0.0665700813833384,0.05126953125,-294.0,1.0294410798576008,0.42280615779865743,0.6374818460623088,322.0,3.6419472913616397,1.78125,2.5,2.75,3.407968750000009,1334.341788784279,75.55588204252764,47.39456642164522,157.1422882920963,213.37949125769634,388.7080590080062,322.0,3.641195304874329,1.78125,2.5,2.75,3.407968750000009,-0.34765625,-2.4585071033125914,-0.7265625,-0.55078125,-0.51171875,-0.451171875,616.0,6.09970240818692,2.52734375,3.3359375,3.5859375,4.4617968750000045,8.264626872790917,0.13812295862622523,0.09007892084575049,0.10162418730492882,0.10653721652925292,0.12385290792995177,-93.18610684792877,0.6374818260735062
R0,gsm8k,A_src15,0.08203125,0.142578125,0.2109375,0.26171875,0.439453125,0.59375,1.1015625,4.500006249996659,324.0,495.9273421960088,324.0,788.0;1384.0;4062.0;2352.0;290.0;4055.0;133.0;2629.0;2992.0;2265.0,0.9683437907944499,0.15057444463773573,0.9391517082671168,0.9555715326230116,0.9596604906363365,0.9673564993637759,20490,4096,203543.93698617766,203546.93698617766,324.0,0.0002831991680259178,0.10651749035644648,0.08203125,-296.0,1.6860955644684907,0.6726445071017915,0.6533215098915502,324.0,5.502776125549048,3.6640625,5.09375,5.65625,7.1875,1335.8005195040726,123.46770895604772,90.15242350616573,249.79838179706752,332.5552517856849,612.5988771384227,324.0,5.502214876159102,3.6640625,5.09375,5.65625,7.1875,-0.48828125,-2.9433212466447047,-1.1953125,-0.875,-0.8125,-0.6015625,620.0,8.445536122803807,4.8828125,6.4921875,7.1484375,9.048593750000009,8.316665515369799,0.20103750615270552,0.15526518863140548,0.17027497903022998,0.17472505576368155,0.1925309497209483,-88.65736759736005,0.653321448511532
R0,gsm8k,A_src22,0.154296875,0.26953125,0.40234375,0.50390625,0.8671875,1.1953125,2.40625,9.187506249996659,324.0,458.9634496476953,324.0,788.0;1384.0;4062.0;2352.0;290.0;4055.0;133.0;2629.0;2992.0;2265.0,0.9036100232006781,0.2697181325126811,0.8355881548998724,0.8633563905035864,0.8733015722302568,0.8990550342980234,20490,4096,149319.35647278023,149322.35647278023,324.0,-0.0003150479943771932,0.20224109919380623,0.154296875,-296.0,3.4085827182554533,1.2284177978128419,0.7059385671096586,324.0,9.66795311737433,8.1875,10.6875,11.25,12.75,1337.6013640797003,159.95534065992072,126.61889732085825,321.9304257374933,393.3146154243719,577.3775621364616,324.0,5.671986334797462,3.71875,5.15625,5.84375,7.625,-0.79296875,-9.449069858772573,-8.1875,-4.0625,-2.265625,-1.015625,620.0,15.121056193570034,11.9375,15.5,16.5,19.319375000000036,8.313880333277854,0.3538740224986386,0.3146741640230375,0.3529657286283649,0.36200173187841583,0.3845464365989939,-70.69894975456191,0.7059384968094595
R0,gsm8k,A_src29,0.3125,0.5390625,0.79296875,0.97265625,1.4765625,1.859375,3.421875,24.375012499993318,324.0,365.8418574692206,324.0,788.0;1384.0;4062.0;2352.0;290.0;1658.0;133.0;1951.0;761.0;2219.0,0.754461326781671,0.507939086072725,0.6614018851112078,0.6913585970029991,0.7045087296736606,0.7434473044758972,20490,4096,60396.487624090405,60399.487624090405,324.0,-0.004779277127130735,0.3942585080175073,0.3125,-296.0,3.863781191442868,1.6672480483623335,0.885628567057172,324.0,22.639547873962908,22.0,28.0,29.75,33.5,1578.9576339711787,403.7102802223357,372.91965857119067,755.850852834091,869.5691545809029,1209.3128968156573,324.0,6.148097776354319,4.34375,5.65625,6.09375,7.09375,-1.203125,-22.456170311737434,-22.0,-11.9375,-7.139062500000023,-1.4453125,620.0,28.604268088091754,26.46875,32.875,34.71875,38.90968750000002,8.32692185401322,0.6583273667619598,0.6245490886584888,0.7034229660090268,0.7240697254007976,0.7684137021348423,-39.634097743913706,0.8856156713258194
R0,gsm8k,B_concat,0.07470703125,0.19140625,0.404296875,0.5859375,1.0234375,1.2421875,2.171890625000742,6.750006249996659,324.0,456.89394009019225,324.0,8980.0;13076.0;17172.0;4884.0;788.0;9576.0;17768.0;13672.0;1384.0;16350.0,0.9588609775725913,0.21525091166048133,0.8468027281275566,0.8710065553210746,0.879268323134888,0.9056734392808079,20490,20480,145176.17105766173,145179.17105766173,324.0,-0.0010727566528511085,0.1574673921291345,0.07470703125,-296.0,3.062727361424504,1.4432172586760992,0.7091361289143853,324.0,22.648665888848218,22.0,28.0,29.75,33.5,4477.211765207123,1147.1058427824942,1070.4600979928468,2144.206746044568,2476.258346551611,3206.1389274467097,324.0,6.595547370668619,4.75,6.0,6.46875,7.78125,-1.203125,-22.468746949731575,-22.0,-11.9375,-7.15625,-1.5625,620.0,29.064294320400194,26.90625,33.3125,35.0,39.0,8.296950111766595,0.363925193322953,0.3236103430119893,0.3603061007326389,0.36966028567316905,0.39027661918228945,-70.33151195083745,0.7091353174993072
R0,mtbench,A_src1,0.01123046875,0.0205078125,0.03271484375,0.043212890625,0.0908203125,0.126953125,0.25390625,1.6250054687470765,322.0,649.2984053187284,322.0,788.0;1384.0;4062.0;290.0;2352.0;4055.0;2629.0;133.0;2265.0;2992.0,0.9978750362485578,0.03940035602306693,0.9878588037424317,0.9957469427238895,0.9971401225727328,0.9984067652020339,44434,4096,369349.6402916137,369352.6402916137,322.0,-0.00022018001634161266,0.01698096691331497,0.01123046875,-294.0,0.5119904447995602,0.18313504371676578,0.49591989963680294,322.0,1.4301807921931966,0.271484375,0.36328125,0.39453125,0.48046875,1335.7506726655727,32.659430221069854,16.55732742464366,67.9711091029037,88.11280556856855,143.82335133133176,322.0,1.4270632822346063,0.26953125,0.36328125,0.39453125,0.48046875,-0.09375,-1.2513570535267193,-0.1904296875,-0.1474609375,-0.13671875,-0.12158203125,616.0,2.678420335761326,0.4609375,0.587890625,0.630859375,0.767578125,8.262438110402302,0.052203945741779306,0.022722417611002244,0.026972416864915114,0.02792345116127297,0.030311114203217072,-122.32018543301253,0.49591985075870587
R0,mtbench,A_src8,0.05322265625,0.0927734375,0.138671875,0.1728515625,0.283203125,0.37109375,0.7109375,2.640625,322.0,637.6023130230722,322.0,788.0;1384.0;4062.0;290.0;2352.0;4055.0;2629.0;133.0;709.0;2992.0,0.9765065903448481,0.10170564521022953,0.9532461147836704,0.9674992156966148,0.9709082549154625,0.9760751560672848,44434,4096,343452.09910752706,343455.09910752706,322.0,0.00016013482713431342,0.06897633749516452,0.05322265625,-294.0,1.4077496720957776,0.5607794023458454,0.5050169885258057,322.0,3.176234432669802,2.015625,2.921875,3.1875,3.875,1334.341788784279,86.74546662920986,57.03797811293011,185.55678836408165,251.68030221249742,437.5952618236035,322.0,3.174540733869334,2.015625,2.921875,3.1875,3.875,-0.326171875,-1.8920205916359094,-0.82421875,-0.609375,-0.5546875,-0.470703125,616.0,5.066561325505243,2.84375,3.8828125,4.19140625,4.9140625,8.264626872790917,0.12627152515961765,0.0964404187045799,0.11276917414594531,0.11737567082134538,0.12795815270402058,-115.85418241890348,0.505016963137389
R0,mtbench,A_src15,0.0869140625,0.150390625,0.224609375,0.27734375,0.466796875,0.625,1.1953125,4.468753124998329,324.0,616.1832048928936,324.0,788.0;1384.0;4062.0;2352.0;290.0;4055.0;133.0;2629.0;2992.0;2265.0,0.9422591529738862,0.1578496788805836,0.8992229594707261,0.9191965601498925,0.9259605879723865,0.9406683132179023,44434,4096,300008.6800454932,300011.6800454932,324.0,8.3530560095754e-05,0.11466942055325731,0.0869140625,-296.0,2.27324533055104,0.8877543039243441,0.5258176422648819,324.0,4.7797431126783545,3.609375,5.3125,5.875,7.3125,1335.8005195040726,99.20222831969954,64.67968718561858,211.86293162946893,287.56368162777954,542.4905548477162,324.0,4.777921151314309,3.609375,5.3125,5.875,7.3125,-0.39453125,-2.4746109134474725,-1.40625,-0.9609375,-0.84765625,-0.640625,620.0,7.252532064761781,5.025390625,7.0,7.59375,9.203125,8.316674103195284,0.19520782005674941,0.1676517361289806,0.19098562759209653,0.1957678414309628,0.2053157787500166,-105.0750772173361,0.5258176356301155
R0,mtbench,A_src22,0.1669921875,0.29296875,0.443359375,0.55859375,0.9531640625000364,1.3125,2.59375,8.750031249983294,324.0,536.9395249855337,324.0,788.0;1384.0;4062.0;2352.0;290.0;4055.0;133.0;2629.0;2992.0;761.0,0.8235911375439813,0.3017041179627246,0.7165318774860207,0.7559805341867807,0.7733650614307421,0.8190036231506485,44434,4096,172989.32136617662,172992.32136617662,324.0,-0.00018535187410324356,0.2276755575043419,0.1669921875,-296.0,4.298416336207493,1.579603268370528,0.6034199102938628,324.0,8.330045861558716,7.3125,10.3125,11.0625,12.54187499999989,1337.6013640797003,104.69165894682747,68.89047773416125,238.30462585983412,310.73494509955435,488.8183855854236,324.0,5.17166454038574,3.9375,5.5625,6.125,7.65625,-0.78515625,-8.159391070182743,-7.3125,-3.578125,-2.5,-1.1796875,620.0,13.331055610568484,11.3125,15.375,16.59375,19.1875,8.313891867430849,0.3654066831699284,0.34233793515355526,0.3991575775497008,0.4117220035090554,0.4352040404069356,-70.07554423569412,0.6034198818266897
R0,mtbench,A_src29,0.328125,0.5703125,0.84375,1.0390625,1.578125,1.953125,3.6875,24.125,324.0,394.7763953294302,324.0,788.0;1384.0;4062.0;2352.0;290.0;761.0;2742.0;1658.0;2219.0;1951.0,0.6507113565244002,0.54939613490205,0.5336702520993611,0.5710579461632176,0.5901826744192747,0.6436353174753843,44434,4096,50688.316498799206,50691.316498799206,324.0,-0.004332505917433334,0.42667293238167586,0.328125,-296.0,4.493018388201463,1.9228595644421513,0.8207177628480821,324.0,21.52999093458838,21.25,27.125,28.75,31.875,1449.7915819914463,312.8511523790915,270.7184271732242,616.1454259775816,744.1758345041375,1014.014244144143,324.0,5.845339084372328,4.59375,6.625,7.40625,9.0,-1.1953125,-21.41616006323986,-21.25,-12.75,-8.625,-1.625,620.0,27.261499147612188,26.140625,32.3125,33.96875,37.125,8.326938493113863,0.6743706668549116,0.6575254387288183,0.7488574086749077,0.7726616102447142,0.8162744152402576,-32.282548891781815,0.8207063272857326
R0,mtbench,B_concat,0.078125,0.2021484375,0.4296875,0.62109375,1.0860156250000728,1.3046875,2.21875,5.468753124998329,324.0,537.7408368418735,324.0,17172.0;13076.0;8980.0;788.0;4884.0;9576.0;13672.0;17768.0;16350.0;12254.0,0.9306839114908259,0.23001118659573092,0.7493002724786664,0.7847484989621031,0.7986707108220897,0.8400241101333532,44434,20480,172311.83887486518,172314.83887486518,324.0,-0.0008988744841296245,0.17099504296955087,0.078125,-296.0,3.682445931305268,1.802453552502745,0.6025207270900917,324.0,21.53818602449701,21.25,27.125,28.75,31.875,4290.774323676254,857.8851746965499,740.7419630103973,1689.9937116957567,2056.2020770471318,2767.209877779757,324.0,6.320503267486609,5.09375,6.875,7.59375,9.0625,-1.1953125,-21.42493044459198,-21.25,-12.75,-8.625,-1.9453125,620.0,27.74543371207859,26.59375,32.84375,34.46875,37.4375,8.296956103990274,0.36626431647765695,0.34291050348272145,0.39004142771665934,0.40159314325822043,0.42273703959535075,-71.6516473269631,0.602520056593832
R0q,gsm8k,A_src1,0.01220703125,0.02197265625,0.03369140625,0.04248046875,0.06787109375,0.083984375,0.1318359375,1.6484414062479118,147.0,727.6842358834418,147.0,788.0;1384.0;4062.0;290.0;2352.0;4055.0;291.0;1039.0;3231.0;2265.0,0.9912786192740848,0.028390644597881487,0.9612415443541139,0.9812443578923846,0.985859508760085,0.9913080320813346,20490,4096,394833.71836005425,394836.71836005425,147.0,-6.676672607196968e-05,0.01662365807714967,0.01220703125,-57.75,0.6526185948412564,0.3359777210479061,0.20201069743050748,147.0,1.0331374250777818,0.169921875,0.26171875,0.28515625,0.44921875,2367.919306414572,28.40803968850389,6.422490921372315,31.207417920666256,44.191237348866395,201.00980250743748,147.0,1.0242870235862005,0.1630859375,0.2578125,0.27734375,0.34375,-0.07421875,-0.47869623425298924,-0.13671875,-0.1064453125,-0.099609375,-0.08984375,204.75,1.50298325783919,0.3076171875,0.4091796875,0.4755859375,0.76171875,2.665345618869522,0.036744098634950775,0.021909479376777313,0.02559030479419906,0.026359925815605006,0.02819185210918938,465.6219441990443,0.2020106863969437
R0q,gsm8k,A_src8,0.047119140625,0.0810546875,0.1181640625,0.14453125,0.21484375,0.259765625,0.44921875,1.796875,147.0,684.5992675264483,147.0,788.0;1384.0;4062.0;290.0;2352.0;4055.0;291.0;1039.0;3231.0;2992.0,0.9048920640457313,0.07909335110676832,0.8515873958662085,0.876529137078382,0.8852042167100802,0.9018581845826698,20490,4096,309306.85614957503,309309.85614957503,147.0,6.656288311647668e-06,0.058432776644911616,0.047119140625,-57.75,2.092073654483991,1.0005569651879958,0.21472415612001938,147.0,1.5154447482003417,0.6328125,0.91015625,1.0703125,1.4609375,2361.5509219057126,21.74661712241637,6.579023355147972,12.141328551475892,17.271545027515444,42.835373430885454,147.0,1.4735647533857978,0.58203125,0.90234375,1.0703125,1.4609375,-0.26953125,-0.8638421181063933,-0.5234375,-0.400390625,-0.375,-0.333984375,204.75,2.3374068714921914,1.125,1.46875,1.6328125,2.02734375,2.6671392113642245,0.09059362910445476,0.07539959644312409,0.08157419477513364,0.08380382797667414,0.09380043846099544,387.70659938609145,0.2147241560168494
R0q,gsm8k,A_src15,0.0771484375,0.1337890625,0.1953125,0.23828125,0.359375,0.4453125,0.73046875,2.265625,147.0,617.6004714836332,147.0,788.0;1384.0;4062.0;290.0;2352.0;291.0;4055.0;1039.0;3231.0;2992.0,0.7940549903419883,0.1255584692601049,0.7043409053245315,0.7343558152750344,0.748328974356802,0.785202704482212,20490,4096,204875.52047527497,204878.52047527497,147.0,-0.0005953620901086814,0.09614322113847305,0.0771484375,-57.75,3.068964927918777,1.5098650982274198,0.23801795300911713,147.0,2.6543592148609076,1.7890625,2.75,3.015625,3.625,2369.944592384897,37.54778581198655,14.735935980764623,56.048419932978916,77.45875251014746,148.126273073985,147.0,2.6451751426000487,1.7890625,2.75,3.015625,3.625,-0.384765625,-1.1801222585712543,-0.8359375,-0.65234375,-0.609375,-0.5390625,204.75,3.8252974011713032,2.640625,3.65625,3.943554687499997,4.6180468750000045,2.6647915081080256,0.14249203135227004,0.12774113628514666,0.1394341632316702,0.14298961353062828,0.1521798655257858,284.7935606656786,0.23801720840861895
R0q,gsm8k,A_src22,0.1572265625,0.271484375,0.3984375,0.490234375,0.73046875,0.89453125,1.546875,4.468756249996659,147.0,443.7450596030185,147.0,788.0;1384.0;4062.0;2352.0;290.0;291.0;4055.0;1039.0;3231.0;2992.0,0.5518244644156998,0.24930676941555838,0.39408855508866913,0.4462150109749849,0.46809787356665067,0.5393298683787292,20490,4096,54609.39224409419,54612.39224409419,147.0,0.0003766835661092353,0.19540714266319562,0.1572265625,-57.75,4.669511150159314,2.2050469320196764,0.33127129377284464,147.0,4.590221792642753,3.75,5.5625,6.125,7.5,2373.5389151622107,41.35485272697172,17.310408694098818,64.90642330708404,91.03532482571758,178.3371376610648,147.0,3.455537190397755,2.46875,4.1875,4.625,5.628437500000018,-0.84765625,-4.013393728648121,-3.6875,-1.859375,-1.546875,-1.1484375,204.75,7.468930919045876,6.15625,9.5,10.375,12.5625,2.663695190489182,0.2773918194801809,0.2629593030256949,0.2897213738830671,0.2984184238076992,0.3205865984903007,105.19169637175109,0.33127107961218916
R0q,gsm8k,A_src29,0.302734375,0.51953125,0.75390625,0.91015625,1.2578125,1.4296875,2.046875,11.812506249996659,147.0,274.74438649136215,147.0,788.0;1384.0;4062.0;2352.0;290.0;291.0;1951.0;1039.0;1869.0;2252.0,0.36488509323132745,0.463451858637429,0.24497032202697847,0.2701153293942912,0.2863876679526339,0.3515955780319084,20490,4096,8076.534233247793,8079.534233247793,147.0,-0.0007683376774625701,0.3675025305537388,0.302734375,-57.5,3.8256286809490265,2.3508634260793637,0.5350427787707379,147.0,11.498296425085407,10.875,14.8125,16.0,19.0,2319.950000639269,91.0992490127281,58.86395343706488,174.13183542614794,227.22611847470776,373.44203200635957,147.0,3.1454707326744753,2.25,2.953125,3.203125,3.921875,-1.515625,-10.979261224987798,-10.875,-6.4375,-5.3125,-3.21875,204.5,14.124731957662274,13.15625,17.484375,18.765625,21.96875,2.679155227930602,0.5085476349158115,0.4954654482922778,0.5366803943263306,0.5496798185623817,0.5824258426308382,22.61457119004711,0.5350422270923354
R0q,gsm8k,B_concat,0.07080078125,0.1845703125,0.392578125,0.5625,0.93359375,1.0859375,1.5234375,3.953129687497494,147.0,447.4813169000212,147.0,13076.0;17172.0;788.0;8980.0;4884.0;13672.0;9576.0;5480.0;1384.0;17768.0,0.8257498426130955,0.18916021860354842,0.4334721726827539,0.47237263896749815,0.4947708757438089,0.591547224424142,20490,20480,56539.83800872577,56542.83800872577,147.0,-0.00020942532784446765,0.14682186581549375,0.07080078125,-57.75,4.6374817599651434,2.8419439503376136,0.32850533519110825,147.0,11.498716980844314,10.875,14.8125,16.0,19.0,2358.4307329401977,227.07821185787552,159.93309894656431,481.6593501959844,631.9475230143779,1058.8695835830645,147.0,3.722027132137628,2.71875,4.1875,4.625,5.628437500000018,-1.53125,-10.982106362859932,-10.875,-6.4375,-5.3125,-3.232656249999991,204.75,14.70413349499756,13.6875,18.515625,19.90625,23.222187500000018,2.6679918689860145,0.27396629193077426,0.25997602109897705,0.28052135290295666,0.2870069523158165,0.30362214983321417,106.08846102080628,0.32850526843576566
R0q,mtbench,A_src1,0.01202392578125,0.0216064453125,0.033203125,0.0419921875,0.06787109375,0.083984375,0.1318359375,1.4296953124958236,147.0,923.9340055268372,147.0,788.0;1384.0;4062.0;290.0;2352.0;4055.0;291.0;1039.0;3231.0;2265.0,0.9867205477380991,0.026253624240454854,0.9546229438897817,0.9749239813130728,0.9798033705058642,0.9864368428751297,44434,4096,632957.4887680509,632960.4887680509,147.0,-9.01096846446875e-05,0.016176219937518693,0.01202392578125,-57.75,0.8286238490255834,0.42658783338724476,0.15910227258729265,147.0,0.7066811982554182,0.171875,0.2578125,0.279296875,0.4140625,2371.2001678166,22.572667333166994,6.841202483613538,29.22068318704958,40.97250604555229,171.83721892086797,147.0,0.6981981219688189,0.1650390625,0.25390625,0.2734375,0.326171875,-0.07275390625,-0.35231066898377367,-0.138671875,-0.10986328125,-0.103515625,-0.09326171875,204.75,1.0505087909525925,0.3115234375,0.4052734375,0.455078125,0.720703125,2.665345618869522,0.030718920798689885,0.021510527317481,0.02555773808029774,0.026216929836176555,0.02773254072785392,586.8516172365047,0.1591022470698824
R0q,mtbench,A_src8,0.04736328125,0.08154296875,0.11962890625,0.146484375,0.2158203125,0.265625,0.47265625,1.5000039062479118,147.0,836.2479717796357,147.0,788.0;1384.0;4062.0;290.0;2352.0;4055.0;291.0;1039.0;3231.0;2992.0,0.8566656207755401,0.07825700905434112,0.7841766464441143,0.8151418044657368,0.8266992270938418,0.8512807827933825,44434,4096,424768.5609422599,424771.5609422599,147.0,-1.612285734039497e-05,0.05893477298565157,0.04736328125,-57.75,2.688828778309309,1.2277503305916473,0.17578517970831836,147.0,1.2867769824346222,0.71875,1.0625,1.21875,1.578125,2364.3617392507867,18.766757417357837,8.219886988805222,16.845784142921218,23.632129603656107,51.02702768065844,147.0,1.2301989942245803,0.6484375,1.0625,1.21875,1.578125,-0.267578125,-0.8038160793958455,-0.5859375,-0.4375,-0.40234375,-0.3515625,204.75,2.034015073620426,1.26953125,1.6953125,1.8515625,2.234375,2.6671392113642245,0.08671280666972453,0.0772353051046662,0.0843602725756928,0.08674690825993597,0.0936410502441836,435.1164652445773,0.17578517896893145
R0q,mtbench,A_src15,0.07763671875,0.134765625,0.1962890625,0.240234375,0.36328125,0.44921875,0.76953125,2.5625,147.0,716.9760006555467,147.0,788.0;1384.0;4062.0;290.0;2352.0;291.0;4055.0;1039.0;3231.0;2992.0,0.716107725914586,0.12590124778509248,0.5976757438640885,0.6341140852490863,0.6518363889634573,0.7033598701535557,44434,4096,229540.04950210245,229543.04950210245,147.0,-0.000754188866403779,0.09737042888109496,0.07763671875,-57.75,3.7533022993500933,1.7718635220282166,0.20502778316930373,147.0,2.4974001995937796,1.96875,2.96875,3.265625,3.828125,2372.7603584232093,37.72767387566108,18.1744127536539,68.84598072830337,94.97741030296346,164.44162811858155,147.0,2.487202270853963,1.96875,2.96875,3.265625,3.828125,-0.390625,-1.134317936785457,-0.90625,-0.69921875,-0.6484375,-0.5625,204.75,3.62152020763942,2.90234375,4.00390625,4.3125,4.9609375,2.6647915081080256,0.13999313861708262,0.13065408655881444,0.14418030766198095,0.1482215156451046,0.1571094696332598,274.5068620614486,0.20502639603346887
R0q,mtbench,A_src22,0.16015625,0.275390625,0.40625,0.498046875,0.74609375,0.92578125,1.5859375,5.000003124998329,147.0,465.09271768526446,147.0,788.0;1384.0;4062.0;2352.0;290.0;291.0;4055.0;1039.0;761.0;3231.0,0.47719653869567036,0.2555306887496444,0.2879681167005317,0.3524834883276147,0.38050749418364327,0.4662317577889002,44434,4096,40659.09302365631,40662.09302365631,147.0,0.0004904738134853379,0.20066457490936215,0.16015625,-57.75,5.017741373836558,2.360563060105376,0.3160660109485464,147.0,4.493502037431922,3.9375,6.0,6.53125,7.6875,2376.4261312959693,40.269392109248614,19.409693401256582,77.79371249936091,105.93544917782059,173.20183660780467,147.0,3.506129438464914,2.890625,4.75,5.21875,6.15625,-0.7421875,-4.083859892621641,-3.84375,-1.8671875,-1.546875,-1.1640625,204.75,7.589989331086556,6.75,10.46875,11.4375,13.3125,2.663695190489182,0.2817761601443312,0.27269522729751206,0.30750513041859145,0.3168322820964518,0.3361590186719394,74.4142069523729,0.31606563038768537
R0q,mtbench,A_src29,0.3046875,0.5234375,0.76171875,0.91796875,1.2734375,1.453125,2.171875,13.250024999986636,147.0,276.9645677333628,147.0,788.0;1384.0;4062.0;2352.0;290.0;291.0;761.0;1039.0;1869.0;2742.0,0.3330437778182359,0.46892057961517963,0.20839741522208083,0.23874449528176878,0.25657815309069754,0.3251584283708495,44434,4096,5183.1463227943295,5186.1463227943295,147.0,-0.001656668439246801,0.3718998833164846,0.3046875,-57.5,4.092057282625152,2.399299773625539,0.5307538115905089,147.0,11.824736195818517,11.5625,15.5,16.625,19.0,2321.46035743132,97.09713541422322,68.8130614972796,194.14442850714974,247.10938475952474,376.2037431567159,147.0,3.118681816008012,2.484375,3.53125,3.9375,5.03125,-1.3359375,-11.505836957622542,-11.5625,-6.90625,-5.5625,-3.1875,204.5,14.624518773630554,14.125,18.625,19.890625,22.40625,2.679155227930602,0.5137884611700558,0.5046975008777724,0.555796107635047,0.5711901012506194,0.6046330818598746,12.874574329271306,0.530751226063149
R0q,mtbench,B_concat,0.0712890625,0.1875,0.39453125,0.5625,0.9453125,1.1015625,1.53125,3.359379687497494,147.0,474.5157526452995,147.0,13076.0;4884.0;788.0;17172.0;8980.0;1384.0;13672.0;5480.0;9576.0;17768.0,0.7971003558477905,0.1909726298889425,0.34166730359834624,0.38917848484860473,0.4151135459741006,0.5248503374201566,44434,20480,44168.06202599342,44171.06202599342,147.0,-0.0004053232068300649,0.1490091760060224,0.0712890625,-57.75,4.942872423388536,3.0514671593368003,0.30978950473301253,147.0,11.825778296180852,11.5625,15.5,16.625,19.0,2360.8245805193424,249.09191041349436,185.27861621425865,527.5306512914376,672.6616750627534,1042.414392408539,147.0,3.803058152259531,3.140625,4.8125,5.25,6.1875,-1.3359375,-11.507339537291264,-11.5625,-6.90625,-5.5625,-3.1875,204.75,15.310397689550795,14.78125,19.75,21.1875,23.9375,2.6679918689860145,0.27487610118416683,0.26564331907304906,0.2924119340256811,0.2998365204852601,0.3157403346922229,76.46412215890199,0.30978923957397747
R1,gsm8k,A_src1,0.01531982421875,0.0264892578125,0.03857421875,0.047119140625,0.0703125,2.0782031250000728,11.3125,18.125,24.375,41.251367671950575,24.375,3280.0;2154.0;1950.0;2521.0;58.0;610.0;1800.0;2557.0;2520.0;2926.0,0.6169887368439148,0.4796558542257745,0.009118328276982302,0.03834779779633425,0.06924470551349858,0.25224560180613215,20490,4096,455.2310699815683,458.2310699815683,24.375,-0.0004768887678291938,0.05475054752072648,0.01531982421875,-24.0,19.144865509289883,0.11899432982293434,0.5908894995637711,24.375,0.22880733074823084,0.0869140625,0.10546875,0.111328125,0.13291992187500057,3.432922136443478,2.98407892860175,2.9839611038682614,3.08389447723464,3.114267613816614,3.1672279491168465,24.375,0.2249257926885066,0.08251953125,0.10205078125,0.1083984375,0.130859375,-0.0478515625,-0.22200629260843704,-0.08251953125,-0.064453125,-0.06103515625,-0.055419921875,48.375,0.4469320852969436,0.16650390625,0.19921875,0.20849609375,0.2451171875,7.739822093867723,0.06793732161395812,0.023022229450308178,0.02697008915823779,0.02794485852619266,0.031184241144559036,0.15534389440314847,0.5908893071226006
R1,gsm8k,A_src1_origbasis,0.012138004414737225,0.021801123395562172,0.034149737656116515,0.04488315377384423,0.10588718518614816,0.2164981321990516,0.9354359241128748,2.0336127380116054,300.0799865722656,507.8445274788352,300.0799865722656,788.0;1384.0;4062.0;290.0;2352.0;4055.0;133.0;1039.0;1189.0;709.0,0.9955743768580148,0.06667464413370328,0.9824043872269679,0.9901623499298565,0.9915777625760018,0.9936879472315064,20490,4096,224502.38477437105,224505.38477437105,300.0799865722656,-0.0005314095978323228,0.020548370629504008,0.012138004414737225,-274.7288513183594,1.5830979609612414,0.17919964653815176,0.5908894756865756,300.0799865722656,2.0074017315557553,0.25442053377628326,0.3419631689786911,0.37120776027441016,0.47477877140045166,1319.01847300123,29.73285912396025,13.859640604120603,52.58541607513793,71.975371893507,119.55836183357475,300.0799865722656,2.0041210083560923,0.2527240514755249,0.3419445633888245,0.37120776027441016,0.47477877140045166,-0.09252406656742096,-1.790566241236839,-0.1852843016386032,-0.1412159517407417,-0.13132401853799822,-0.1170114132761955,574.808837890625,3.7946872495929314,0.4378989487886429,0.5617611810564995,0.6021321684122085,0.7897086387872697,7.739822053761639,0.06793732054939638,0.02302223033334583,0.02697008986774852,0.027944859694702756,0.031184242023415285,-97.71065983118704,0.5908892367279975
R1,gsm8k,A_src8,0.064453125,0.11083984375,0.16015625,0.193359375,0.28125,2.078125,11.375,18.125,24.375,40.67795772284556,24.375,3280.0;2154.0;1950.0;2521.0;58.0;610.0;1800.0;2557.0;2520.0;2926.0,0.6019451906098372,0.4973565678361573,0.008886846689861987,0.037416792059843614,0.06758207387746806,0.2468453167258147,20490,4096,432.7370351206707,435.7370351206707,24.375,-6.736649968933373e-05,0.1123326359207127,0.064453125,-24.0,18.98304693732793,0.46936105064821804,0.5992188734271314,24.375,0.5014658922797707,0.357421875,0.421875,0.443359375,0.50390625,3.3897362677341394,2.980835779327809,2.9803337972336275,3.08054792824644,3.112034681151922,3.1710293513300902,24.375,0.4856315199487555,0.341796875,0.404296875,0.427734375,0.5,-0.2080078125,-0.48085799284712055,-0.33984375,-0.2890625,-0.275390625,-0.2578125,48.375,0.966489512795876,0.685546875,0.791015625,0.830078125,0.93359375,7.754172147130389,0.14001940940091592,0.09499650932256831,0.1066462957116051,0.11043485592563534,0.12771664427940016,0.1856878358245874,0.5992188696403304
R1,gsm8k,A_src8_origbasis,0.05609072186052799,0.0975016038864851,0.14499400556087497,0.18111602067947385,0.32845780581235934,0.48322802379727475,1.0382702022791572,2.2968247599587372,300.31158447265625,501.17168385813227,300.31158447265625,788.0;1384.0;4062.0;290.0;2352.0;4055.0;133.0;1039.0;709.0;1189.0,0.978416935756474,0.11837244809804193,0.9586688946446784,0.9691940161248946,0.9718947076612404,0.9760587127186257,20490,4096,213585.0404683871,213588.0404683871,300.31158447265625,-0.00014935951892636946,0.07391722648200645,0.05609072186052799,-275.29901123046875,1.7327058045053454,0.5481431956891955,0.5992189785360381,300.31158447265625,3.223276765190025,1.4491832256317139,2.1147102594375613,2.3201410770416255,3.0151335811615017,1316.9280781369414,39.261097725550066,21.077867850693618,71.0733152484859,98.05992739005853,187.12571047126943,300.31158447265625,3.2193085065130607,1.4491273164749146,2.1147102594375613,2.3201410770416255,3.0151335811615017,-0.352294921875,-2.354360141060072,-0.7269674837589264,-0.5572257995605469,-0.5224955946207046,-0.47217267751693726,575.610595703125,5.5736686475731325,2.1969786286354065,2.9744610965251925,3.2180909574031826,4.023841584920883,7.754173222093253,0.14001942073690685,0.09499651421711851,0.10664629985305947,0.11043485763621397,0.12771664772541177,-94.93014750672664,0.5992189599215858
R1,gsm8k,A_src15,0.1103515625,0.1884765625,0.271484375,0.328125,0.4765625,2.046875,11.375062500002969,18.375,24.625,39.88999759429205,24.625,3280.0;2154.0;1950.0;2521.0;610.0;58.0;1800.0;2557.0;2520.0;1027.0,0.5750653612673136,0.5263057546591455,0.008491167753580327,0.03586618458250637,0.06494175668113947,0.23758378682275957,20490,4096,394.17426923407726,397.17426923407726,24.625,9.501876294372667e-05,0.16577272838833645,0.1103515625,-24.25,18.42644531005239,0.7719828214631392,0.617322674482278,24.625,0.7492503012140068,0.609375,0.69921875,0.734375,0.8246484375000023,3.3393894632672465,2.9730411063113285,2.9717139856173898,3.074315030237542,3.104612893705002,3.1667215129508013,24.625,0.7229090409956076,0.58203125,0.67578125,0.70703125,0.80078125,-0.34375,-0.7195818653916545,-0.578125,-0.49609375,-0.4765625,-0.43359375,48.75,1.4424909063872622,1.1640625,1.31640625,1.3671875,1.5004296875000023,7.806314070188413,0.20690319657133713,0.16360983235468496,0.17830179966324183,0.18277025927895252,0.19937682887059172,0.16703019688297635,0.6173226671695987
R1,gsm8k,A_src15_origbasis,0.0936061479151249,0.16216017305850983,0.24048416614532475,0.2997284859418868,0.5317439234256744,0.7323722866177559,1.2508244919777276,3.6834675421706313,302.3568115234375,489.7872798316596,302.3568115234375,788.0;1384.0;4062.0;2352.0;290.0;4055.0;133.0;1039.0;1189.0;3231.0,0.9509663005746593,0.172059894774877,0.9167245187932637,0.9330964669504368,0.9377943990847188,0.9479482368360804,20490,4096,194890.36347416413,194893.36347416413,302.3568115234375,0.00010503190143382893,0.12092156954140416,0.0936061479151249,-276.97198486328125,2.026208446853857,0.8613710685379647,0.6173227112540731,302.3568115234375,4.503858655251894,2.716694951057434,4.082438278198242,4.5355000495910645,6.098855295181276,1317.4063606858674,48.05113978876649,26.69048279319683,90.57009944820095,125.54068406431642,274.93898926263086,302.3568115234375,4.499511409530179,2.716694951057434,4.082438278198242,4.5355000495910645,6.098855295181276,-0.456865519285202,-2.830030277006332,-1.195848524570465,-0.8917927742004395,-0.8152400493621826,-0.6975250178575516,579.3287963867188,7.32954168653651,3.9244375228881836,5.470680844783783,6.005593597888946,7.898894970417033,7.806314687147851,0.20690320446673618,0.16360983695994027,0.17830180591761188,0.18277025930992982,0.19937683253078858,-88.59538558450674,0.6173227023189568
R1,gsm8k,A_src22,0.232421875,0.3984375,0.578125,0.69921875,1.0078125,2.078125,11.4375,18.375,24.625,35.7184696923009,24.625,3280.0;2154.0;1950.0;2521.0;610.0;58.0;1800.0;2557.0;2520.0;1027.0,0.46865402166500514,0.6274280664704541,0.007048067229996038,0.029720527908206174,0.05422563725628963,0.20100219281916773,20490,4096,253.95198444484254,256.95198444484254,24.625,-0.0005245439219788506,0.31072812052270904,0.232421875,-24.25,16.590050643885952,1.4618282329653605,0.6894192335823365,24.625,1.432450280624695,1.296875,1.5078125,1.578125,1.78125,3.396522691695337,2.972516010857719,2.973364804120707,3.0711851615202543,3.102144444108157,3.158003775962551,24.625,1.3765482018667643,1.2421875,1.453125,1.53125,1.734375,-0.69921875,-1.3686968109443631,-1.234375,-1.015625,-0.94921875,-0.84765625,48.75,2.7452450128111274,2.4921875,2.8515625,2.9609375,3.265625,7.817506458894823,0.38833655622089025,0.35061967310192776,0.38840755597969145,0.39869576145612423,0.42208535438414596,0.11493154127020322,0.6894190340329531
R1,gsm8k,A_src22_origbasis,0.18843527138233185,0.32775362581014633,0.4871491879224782,0.6083316445350646,1.0376563131809249,1.3850705724954617,2.482346138239103,8.30330515183765,302.8311767578125,439.25545838901434,302.8311767578125,788.0;1384.0;4062.0;2352.0;290.0;4055.0;133.0;1039.0;1189.0;3231.0,0.8521011865569905,0.31960112605378904,0.7667999669727076,0.7941004174238752,0.807392901967663,0.8432646790903684,20490,4096,126186.50823113907,126189.50823113907,302.8311767578125,-0.0005729555020681131,0.24237740411566844,0.18843527138233185,-277.4205322265625,3.6006335361713604,1.505116495522065,0.6894192683875963,302.8311767578125,8.891259996864258,7.363713979721069,9.827446365356447,10.549509096145629,12.162120447158818,1318.9279333452957,83.0612927326992,58.448011851573405,164.27978253690276,212.2454545602953,355.7701439007964,302.8311767578125,4.870117307581978,3.0547984838485718,4.1091724872589115,4.567220115661621,6.083605728149421,-1.0557756423950195,-8.735649380537287,-7.363713979721069,-4.164067745208739,-3.2953828811645516,-1.7752177715301514,580.251708984375,13.605766688119266,10.462600231170654,13.600091934204102,14.576011896133421,17.198354334831244,7.817506460106714,0.3883365688795504,0.35061966527952415,0.38840756921781316,0.39869577209652607,0.4220853670084854,-64.4088476391854,0.689419030304561
R1,gsm8k,A_src29,0.47265625,0.80859375,1.1640625,1.3984375,1.953125,2.546875,11.5625,18.5,24.875,27.147034045592434,24.875,3280.0;2154.0;1950.0;2557.0;2521.0;58.0;1800.0;610.0;2149.0;2520.0,0.3109378731455843,0.8812474218468664,0.005138052842955053,0.019937235354303806,0.036369133058124906,0.14114699060045147,20490,4096,80.5426398906106,83.5426398906106,24.875,-0.0012266553617536493,0.5903673775336478,0.47265625,-24.375,12.618596227222614,2.131519632976793,0.9163063618008274,24.875,2.6879167429233775,2.546875,2.953125,3.078125,3.46875,3.2821501434197327,2.909580473840611,2.912620735024939,3.029764177318098,3.063416382252142,3.1369773489864574,24.875,2.5838549292337727,2.4375,2.84375,2.984375,3.376718750000009,-1.390625,-2.5623806582479256,-2.421875,-2.0625,-1.9609375,-1.7578125,49.25,5.146235587481699,4.890625,5.5625,5.78125,6.34375,7.817440174047154,0.7358783425191747,0.6985873198491328,0.7794740629942857,0.8014301234134464,0.847558184447835,0.0589553724565621,0.916305540741347
R1,gsm8k,A_src29_origbasis,0.3855351060628891,0.6664398312568665,0.9732354879379272,1.1874259173870085,1.769475297927858,2.207954858541489,3.8679193089009853,22.332223987170295,302.3805236816406,329.99934738091304,302.3805236816406,788.0;1384.0;4062.0;2352.0;290.0;1951.0;761.0;1658.0;2252.0;2742.0,0.6631368484924658,0.6122519802140066,0.5345955077878768,0.572834053515639,0.5898116066137492,0.641700294804691,20490,4096,40162.35123837618,40165.35123837618,302.3805236816406,-0.004324829803930507,0.4805105817296864,0.3855351060628891,-276.6623229980469,4.221207213078373,1.9310955825237681,0.9163064293354725,302.3805236816406,20.827311511630835,19.60086727142334,26.498856544494632,28.148113536834718,31.96344926834107,1308.3335206138954,192.18691700702624,157.24601487769863,388.1265704414901,467.342561259682,704.5573941606581,302.3805236816406,6.5881928310270945,4.875730752944946,6.382252073287965,6.825567960739136,7.84505823135376,-1.736215353012085,-20.674487542215935,-19.60086727142334,-11.291606903076172,-9.003565645217908,-4.290232129096977,579.0428466796875,27.262680373243033,24.459069848060608,32.04851045608521,33.78339555263519,37.98413535118104,7.817441273268429,0.7358783699594866,0.6985873455758609,0.7794741281084391,0.801430176721755,0.8475580457230542,-29.65259235684715,0.9162962230025234
R1,gsm8k,B_concat,0.1005859375,0.271484375,0.59765625,0.87109375,1.578125,2.34375,11.375,18.250012499993318,24.875,35.87246695788713,24.875,19664.0;11472.0;15568.0;3280.0;18538.0;7376.0;10346.0;14442.0;6250.0;2154.0,0.5289040619672116,0.6023987330076797,0.007417645148474558,0.030892691810274618,0.05627147721791483,0.2069009688658158,20490,20480,244.9658244559416,247.9658244559416,24.875,-0.00044008715766146014,0.24679028197722647,0.1005859375,-24.375,16.403992427978537,2.2758286198157034,0.6934287521737013,24.875,2.6879167429233775,2.546875,2.953125,3.078125,3.46875,11.269484130587413,8.836547551129975,8.860937313214592,9.444648481063929,9.635844409593183,10.046958788510594,24.875,2.5838549292337727,2.4375,2.84375,2.984375,3.376718750000009,-1.390625,-2.5625636743533433,-2.421875,-2.0625,-1.9609375,-1.7578125,49.25,5.146418603587116,4.890625,5.5625,5.78125,6.34375,7.787122051234922,0.4004534831930171,0.36055222721560987,0.3976572996199493,0.40805196900283247,0.43065208197355764,0.11587799737112273,0.6934286125222048
R1,mtbench,A_src1,0.015380859375,0.026611328125,0.0390625,0.04736328125,0.0703125,1.171875,10.8125,17.875024999986636,24.375,52.5672316692548,24.375,3280.0;2154.0;1950.0;58.0;610.0;2521.0;1800.0;2520.0;2557.0;2926.0,0.6163494077641004,0.37692473249194247,0.009109484479915757,0.038309414943690875,0.06916551285623089,0.252017101802159,44434,4096,740.7160229467418,743.7160229467418,24.375,-0.0003373917260474219,0.04101536472807387,0.015380859375,-24.0,23.318284817387386,0.15163624519977345,0.4636919089322389,24.375,0.17535430335406163,0.087890625,0.10791015625,0.11376953125,0.1279296875,3.3361741267999143,2.9849054090842477,2.9823965591375377,3.0846868949932276,3.1148097934797807,3.1746455364647765,24.375,0.17127987357302404,0.083984375,0.10302734375,0.109375,0.123046875,-0.04541015625,-0.1698429471501975,-0.083984375,-0.064453125,-0.060546875,-0.05419921875,48.375,0.34112282072322153,0.16845703125,0.2041015625,0.2138671875,0.236328125,7.740278966878665,0.050980230730891196,0.0234115773738265,0.02773321435387823,0.028727981087074403,0.03098967826480821,0.1951789631796349,0.46369178618565904
R1,mtbench,A_src1_origbasis,0.012079274747520685,0.021807953249663115,0.034381279349327096,0.04524433817714452,0.10221938364207757,0.18112559199333209,0.8287159187793788,1.8401582664131255,300.1044616699219,647.2065705284639,300.1044616699219,788.0;1384.0;4062.0;290.0;2352.0;4055.0;133.0;1039.0;1189.0;709.0,0.9948673863001164,0.05507563510429152,0.9813947567136786,0.9892224399038574,0.9906970590192169,0.9929301695976195,44434,4096,364385.9581212968,364388.9581212968,300.1044616699219,-0.00035391578642524074,0.01904532643288179,0.012079274747520685,-274.77386474609375,1.7872123085109826,0.22044676163890906,0.46369192671341,300.1044616699219,1.3341535191092448,0.2524571269750595,0.3462874382734299,0.37569858133792877,0.46321458339691157,1319.01847300123,26.426699089563822,13.769842318998744,49.858460661777016,67.80016239234851,111.19210856565262,300.1044616699219,1.3298388722531638,0.2491597682237625,0.34614209830760956,0.37567463219165803,0.46321458339691157,-0.0989236831665039,-1.1804533878248005,-0.19001635164022446,-0.14866842180490492,-0.13861459866166115,-0.12217176705598831,574.8782958984375,2.5102922600779642,0.4415072873234749,0.5704655945301056,0.61416552439332,0.7664900700747964,7.740281051699701,0.05098023255644591,0.02341157792645543,0.027733215211861964,0.02872798190524523,0.03098967936793954,-124.36405722708707,0.46369179164916263
R1,mtbench,A_src8,0.06689453125,0.1142578125,0.1650390625,0.19921875,0.2890625,1.2187890625000364,10.875,17.875024999986636,24.375,51.363603968274695,24.375,3280.0;2154.0;1950.0;58.0;610.0;2521.0;1800.0;2557.0;2520.0;2926.0,0.5903973601249369,0.3989424323343419,0.00873400239586427,0.03678160072451266,0.0664535197947829,0.24302368060841972,44434,4096,678.7437221920121,681.7437221920121,24.375,-0.0001935371485448463,0.10148458826713075,0.06689453125,-24.0,22.91606946276871,0.6091196624442833,0.47455782143043335,24.375,0.46090517062525316,0.37109375,0.44140625,0.46484375,0.51953125,3.3679659267427704,2.9771726793837145,2.9754314377290614,3.0788692744583037,3.1095032658834727,3.172481639056396,24.375,0.4435103406527096,0.353515625,0.423828125,0.447265625,0.50390625,-0.20703125,-0.442049167198823,-0.353515625,-0.296875,-0.28125,-0.2578125,48.375,0.8855595078515326,0.708984375,0.833984375,0.873046875,0.95703125,7.754587340154132,0.12666641928323819,0.09869802145339754,0.11389945117279915,0.11803764382454655,0.12734976791201305,0.2308199998341886,0.4745577819656645
R1,mtbench,A_src8_origbasis,0.05723808892071247,0.09963507764041424,0.14820512086153032,0.18508037254214285,0.3286899718642238,0.47312200665474125,0.9591669315697229,2.2175895776013217,300.36846923828125,632.9438054603345,300.36846923828125,788.0;1384.0;4062.0;290.0;2352.0;4055.0;133.0;1039.0;709.0;1189.0,0.9665627860433895,0.1121947361317401,0.9404790039122788,0.9536502290013089,0.9574823270914635,0.9639760715582204,44434,4096,334209.1324455318,334212.1324455318,300.36846923828125,4.671847758443728e-05,0.07415636507309442,0.05723808892071247,-275.353759765625,2.0211800835121725,0.6926235704299337,0.47455787804073046,300.36846923828125,2.704159523601761,1.586634874343872,2.408156251907349,2.664073061943054,3.251013150215148,1317.0634435265717,43.050776121510395,25.133209182858472,86.3858268979643,121.22959406309698,224.05337984397187,300.36846923828125,2.6968769394607457,1.5865825414657593,2.408156251907349,2.664073061943054,3.251013150215148,-0.35014238953590393,-1.8046520143678917,-0.8020539581775665,-0.6059550464153288,-0.5610311627388,-0.49243369787931446,575.7222290039062,4.501528953828638,2.397878110408783,3.328261989355089,3.612367361783981,4.263412649631497,7.754587988684396,0.1266664260138438,0.09869802485937058,0.11389945575844337,0.11803764992115393,0.12734977271153486,-117.5262911313399,0.47455787574109937
R1,mtbench,A_src15,0.11328125,0.1953125,0.28125,0.33984375,0.48828125,1.21875,10.9375,18.000012499993318,24.5,49.205311125087924,24.5,3280.0;2154.0;1950.0;610.0;2521.0;58.0;1800.0;2557.0;2520.0;1027.0,0.5439590121036267,0.43469351200150125,0.00807494567470756,0.034165919805984934,0.061917006630045006,0.2273418942691775,44434,4096,574.5260242803097,577.5260242803097,24.5,-0.00029147474926498004,0.15942365303095432,0.11328125,-24.25,21.966656752271394,0.9806543192978301,0.49791373003855227,24.5,0.7325066214779223,0.64453125,0.75390625,0.7890625,0.87109375,3.321659635269855,2.976433914873149,2.9745784957339865,3.0786108059890167,3.1096375732414354,3.1708083905157443,24.5,0.7041926825460233,0.6171875,0.72265625,0.7578125,0.84375,-0.32421875,-0.7015190806167574,-0.61328125,-0.515625,-0.48828125,-0.435546875,48.75,1.4057117631627807,1.23828125,1.421875,1.47265625,1.59375,7.808964542581776,0.1992090848800065,0.17296164347974977,0.1937368950744213,0.19841624990928455,0.2077972525605015,0.1989262700925244,0.4979136447250415
R1,mtbench,A_src15_origbasis,0.09646965190768242,0.1670689433813095,0.24762311726808553,0.30797094553709026,0.5327858543396004,0.7286589616537096,1.2695989892482942,3.7380161770069416,302.5379638671875,607.6111873225582,302.5379638671875,788.0;1384.0;4062.0;2352.0;290.0;4055.0;133.0;1039.0;1189.0;3231.0,0.9197165991195401,0.17248895399517866,0.8713465982983374,0.891294491256611,0.8987902703510076,0.9165063286410754,44434,4096,283410.9292088105,283413.9292088105,302.5379638671875,2.0177373468065823e-05,0.12498935354486979,0.09646965190768242,-277.05224609375,2.549837182150555,1.0700364390832693,0.4979137484290284,302.5379638671875,3.996630732919629,2.8213452100753784,4.524766969680787,5.016151189804077,6.341199827194213,1317.7361667695743,48.438015863668596,26.720966185165373,101.48998666342374,140.20916342936863,266.4139374395653,302.5379638671875,3.9873730961521616,2.8213452100753784,4.524766969680787,5.016151189804077,6.341199827194213,-0.3645264506340027,-2.3918331994719075,-1.3778336644172668,-0.9869485557079315,-0.8860545486211779,-0.7313990163803105,579.58447265625,6.379206295624069,4.20905214548111,6.198678708076478,6.759952557086945,8.181311962604518,7.808964845888447,0.19920909142363935,0.1729616507948641,0.1937369004123103,0.19841625750114736,0.20779725674428848,-103.7902336918409,0.49791374802019617
R1,mtbench,A_src22,0.240234375,0.412109375,0.6015625,0.7265625,1.046875,1.421875,10.875,18.125,24.5,41.16078967912869,24.5,3280.0;2154.0;1950.0;58.0;610.0;2521.0;1800.0;2557.0;2520.0;1027.0,0.38890704674173715,0.5591616628354807,0.005990733714423931,0.025388838987434405,0.0463999611463939,0.17438386198196915,44434,4096,281.8744730563459,284.8744730563459,24.5,-0.00031706980423457895,0.31384441660721063,0.240234375,-24.25,18.270350520837734,1.758783742666851,0.59522667545961,24.5,1.4612669035817167,1.3828125,1.640625,1.71875,1.90625,3.335399188098878,2.9752442510227803,2.973923275018815,3.076049318398222,3.1068065592138177,3.16699147980219,24.5,1.3987297171085205,1.3125,1.5703125,1.65625,1.84375,-0.66796875,-1.3970312710987083,-1.3125,-1.0546875,-0.9765625,-0.86328125,48.75,2.7957609882072285,2.6484375,3.09375,3.2265625,3.5,7.822590255684278,0.3925466013129922,0.37096063953623193,0.42162888826952033,0.4333483491879239,0.4548950351952731,0.11004495433875279,0.5952265910100448
R1,mtbench,A_src22_origbasis,0.19660964608192444,0.3435322940349579,0.5138611018657694,0.643722203373909,1.0860668540000922,1.4311212086677574,2.590732193708458,8.129401370712948,303.14752197265625,509.29757650968526,303.14752197265625,788.0;1384.0;4062.0;2352.0;290.0;4055.0;133.0;761.0;2742.0;1039.0,0.763542367324791,0.3396925790052121,0.6416533958834725,0.6791524072082054,0.6994665318188658,0.7560865221894093,44434,4096,139804.69103766157,139807.69103766157,303.14752197265625,-0.0001859540597363354,0.25912660309275914,0.19660964608192444,-277.57928466796875,4.352513321089764,1.8246272081341217,0.595226712151636,303.14752197265625,7.561251999975919,6.506739616394043,9.396408557891846,10.21827836036682,11.787811212539667,1319.1214184625148,58.20836097593667,36.61484204267332,123.45305887670771,164.13893316646585,271.63889612861703,303.14752197265625,4.4999810881949935,3.270097017288208,4.820395898818971,5.451511335372925,6.772686305046081,-0.9301649928092957,-7.384380103940339,-6.473175525665283,-3.290448141098021,-2.597423195838929,-1.82681774020195,580.726806640625,11.884361192135334,9.856682896614075,13.46224994659424,14.565669798851012,17.065300569534298,7.8225912722979585,0.3925466145438616,0.370960653748189,0.42162889740183934,0.433348364878179,0.4548950383417206,-61.621482877714996,0.5952266831047934
R1,mtbench,A_src29,0.478515625,0.81640625,1.1796875,1.4140625,1.9765625,2.421875,10.875,18.125024999986636,25.0,29.23142125374889,25.0,3280.0;2154.0;1950.0;2557.0;2521.0;58.0;1800.0;2520.0;610.0;2149.0,0.24177098404197195,0.8355067096372765,0.004362230584541193,0.01651327469194877,0.029872421394731247,0.11740000623052683,44434,4096,65.41407933460239,68.41407933460239,25.0,-0.0017299738254052531,0.5919640478931357,0.478515625,-24.25,12.715668245380767,2.311109242874522,0.8552440807781039,25.0,2.71948898225458,2.625,3.09375,3.234375,3.5625,3.2936109736464765,2.925478000384745,2.927057353318207,3.037133840068345,3.0703721679006852,3.134639104576466,25.0,2.6080085069991448,2.515625,2.96875,3.125,3.46875,-1.359375,-2.5950053731376874,-2.515625,-2.09375,-1.984375,-1.75,49.125,5.203013880136832,5.046875,5.828125,6.0625,6.578125,7.821678131572406,0.7387755971554906,0.7177305734721771,0.8073601090259362,0.8290922349953933,0.8705298805585469,0.04724897276990718,0.8552423310948467
R1,mtbench,A_src29_origbasis,0.3926951289176941,0.6782142221927643,0.9946565926074984,1.2164807260036465,1.8170800447463993,2.255739340782167,4.02341000318537,22.778208758925867,302.7757873535156,354.02264800007754,302.7757873535156,788.0;1384.0;4062.0;2352.0;290.0;761.0;2742.0;3773.0;1658.0;2252.0,0.5716538246360845,0.632347657592481,0.4263335021504255,0.4703643548873881,0.4923290279040597,0.556729475144943,44434,4096,32600.118346222567,32603.118346222567,302.7757873535156,-0.003671150612185205,0.49575701763513347,0.3926951289176941,-276.7262878417969,4.704399502244895,2.124633197033449,0.8552441180357742,302.7757873535156,19.96223429422082,19.329678535461426,25.764779090881348,27.45763530731201,30.800504207611063,1308.8709731815188,166.93368799440537,133.7323974959961,339.0394366511501,418.4890755534291,610.5946632905539,302.7757873535156,6.351698126110179,5.131331205368042,7.416993284225469,8.323982620239255,10.275715312957763,-1.885633111000061,-19.863846590947453,-19.329678535461426,-11.796991539001464,-9.262166690826426,-4.187019042968764,579.4346008300781,26.215544717057632,24.738538026809692,31.659936952590947,33.456803107261656,36.797665047645566,7.821678136122618,0.7387756208465407,0.71773057273089,0.8073601516745135,0.8290922565214681,0.8705299359313382,-23.548985602235476,0.855236238759778
R1,mtbench,B_concat,0.103515625,0.27734375,0.609375,0.88671875,1.578125,2.109375,10.5,17.5,25.0,41.972422853648204,25.0,19664.0;11472.0;15568.0;3280.0;7376.0;10346.0;18538.0;14442.0;6250.0;2154.0,0.5152904322086258,0.5210458098601085,0.006851143942041471,0.028319145548265402,0.05135151778930749,0.1920622937454242,44434,20480,277.96090407269395,280.96090407269395,25.0,-0.0005738894506994161,0.24154641410530103,0.103515625,-24.25,17.62841759853225,2.6495091926365433,0.5956291845998836,25.0,2.71948898225458,2.625,3.09375,3.234375,3.5625,11.239501422946544,8.707961333245612,8.708243459838986,9.311670939141377,9.508724313818302,9.927101514845079,25.0,2.6080085069991448,2.515625,2.96875,3.125,3.46875,-1.359375,-2.5951572838367016,-2.515625,-2.09375,-1.984375,-1.75,49.125,5.203165790835847,5.046875,5.828125,6.0625,6.578125,7.789694429809133,0.39629005257430944,0.37297874022871547,0.41737763622454466,0.4276283249113763,0.44773534232391826,0.11338868274429094,0.5956289081282242
R1f,gsm8k,A_src1,0.014892578125,0.025634765625,0.03759765625,0.0458984375,0.068359375,2.2032031250000728,12.125,19.250012499993318,26.75,42.20492832131733,26.75,1950.0;3280.0;2154.0;58.0;2521.0;1027.0;2149.0;206.0;235.0;2055.0,0.6163700694638077,0.5149030876213307,0.00889524370976015,0.0379444212603042,0.06825278650407225,0.2502067201670227,20490,4096,453.11401728522867,456.11401728522867,24.875,-0.00025704204814178545,0.05693376208332149,0.014892578125,-26.75,19.130271248447578,0.107854299886544,0.6338122362475098,26.75,0.23925753845244632,0.083984375,0.10302734375,0.1103515625,0.1298828125,3.293763590196678,2.9763723889605394,2.9741631751579476,3.0766421365310337,3.110624293478985,3.1695271309919524,24.875,0.22472683416453149,0.080078125,0.0986328125,0.1064453125,0.126953125,-0.046630859375,-0.23538547290599074,-0.080078125,-0.06201171875,-0.058837890625,-0.05322265625,51.625,0.4601123070705222,0.162109375,0.193359375,0.203125,0.23687011718750028,8.30787528876943,0.0705556923757532,0.022456183986238446,0.026140812638671553,0.027141359832603892,0.030679528535758713,0.2575167744429346,0.6338121841259087
R1f,gsm8k,A_src1_origbasis,0.011288000270724297,0.02052386337891221,0.03245072029531002,0.04274634309113024,0.09271050252020364,0.12877801120281224,0.25711528015138585,1.933189436088121,323.5367431640625,510.461475490593,323.5367431640625,788.0;1384.0;4062.0;290.0;2352.0;4055.0;2629.0;133.0;2265.0;2992.0,0.9983548771704569,0.04549453247600136,0.9888104977265197,0.9965283978620734,0.9978541447360423,0.998915953005965,20490,4096,227495.0312416169,227498.0312416169,323.5367431640625,-0.00043204074239799645,0.017752244119488576,0.011288000270724297,-295.81817626953125,0.4056647291238239,0.14627439049771035,0.6338122634095328,323.5367431640625,2.162926529068636,0.2782385051250458,0.3665069818496704,0.39676547348499297,0.5048327445983887,1335.5649061175884,36.89008854213233,17.316322492390643,74.14537271822564,97.75602434924153,157.16608851447103,323.5367431640625,2.1606762467734897,0.27712830901145935,0.3665069818496704,0.39676547348499297,0.5048327445983887,-0.09585707634687424,-1.9140120368314522,-0.18733104318380356,-0.1402694284915924,-0.13122294694185258,-0.11681779488921164,619.3472595214844,4.074688283604942,0.463156096637249,0.5893094062805176,0.6290647596120834,0.8112224340438843,8.30787494150869,0.07055569518134676,0.022456184992864857,0.026140814320559667,0.02714136056869501,0.03067952972740073,-96.98578252734474,0.6338121161583391
R1f,gsm8k,A_src8,0.061279296875,0.10546875,0.15234375,0.18359375,0.267578125,2.21875,12.125,19.250012499993318,26.75,41.75437811147124,26.75,1950.0;3280.0;2154.0;58.0;2521.0;1027.0;2149.0;206.0;235.0;2055.0,0.6045176464519995,0.5300146533919178,0.008722554056830008,0.037224183547976825,0.06702642119766433,0.24589200955350732,20490,4096,435.4863753049578,438.4863753049578,24.875,0.00011813209296408387,0.11110401879262047,0.061279296875,-26.75,18.92604989164818,0.41766572731246787,0.6406513810021501,26.75,0.490915156783797,0.333984375,0.396484375,0.416015625,0.49826171875000114,3.268426196821818,2.9571382748871198,2.9565107479110724,3.0604806662799366,3.090325092619809,3.150267123295734,24.875,0.46704632976451926,0.3203125,0.3828125,0.40625,0.4765625,-0.1875,-0.47409268812530503,-0.31640625,-0.26953125,-0.255859375,-0.23622070312499943,51.625,0.9411390178898243,0.640625,0.748046875,0.783203125,0.9066796875000023,8.318361343812082,0.13828250119758387,0.08999169501689962,0.10163454887088977,0.10646580100975568,0.12396547780593219,0.26369021246931484,0.6406513701107419
R1f,gsm8k,A_src8_origbasis,0.05111264996230602,0.08881141059100628,0.1321264967322351,0.16451370045542707,0.2691580820083621,0.3534169150888921,0.6524658150077005,2.6934263706207275,323.66864013671875,505.21791432516034,323.66864013671875,788.0;1384.0;4062.0;290.0;2352.0;4055.0;2629.0;133.0;2265.0;2992.0,0.9863502154244903,0.10263064345624981,0.9704004382830124,0.9809984711611958,0.983340845721705,0.9862931025445406,20490,4096,218876.21634694922,218879.21634694922,323.66864013671875,-0.0001742355313513352,0.06649134349014209,0.05111264996230602,-296.3281555175781,1.0184410145123,0.4201317889758652,0.6406515504681892,323.66864013671875,3.6471405423519494,1.7752861976623535,2.492196798324585,2.7404193520545954,3.4203741455078127,1334.4651798451177,75.58674620944282,47.24948927597903,157.33945599628677,213.60961161157488,388.3288369257157,323.66864013671875,3.6464113483389977,1.7752861976623535,2.492196798324585,2.7404193520545954,3.4203741455078127,-0.34861475229263306,-2.469274756556723,-0.7249763607978821,-0.5486245810985565,-0.5111955523490906,-0.45233855247497556,619.9827575683594,6.115686104895721,2.525922328233719,3.3320460081100465,3.574527224898338,4.466714867353439,8.318361671501512,0.1382825173991162,0.08999169942738597,0.10163455396570836,0.10646581209587841,0.12396547958803028,-94.99736051242395,0.6406515267751061
R1f,gsm8k,A_src15,0.10400390625,0.177734375,0.2578125,0.310546875,0.44921875,2.25,12.25,19.5,26.75,40.781448546108166,26.75,1950.0;3280.0;2154.0;2521.0;58.0;1027.0;2149.0;206.0;235.0;2055.0,0.5831849302858954,0.555190660285303,0.008433876425392815,0.03596476707797818,0.06501337153609323,0.23871653147084596,20490,4096,404.7623451513745,407.7623451513745,25.0,0.0003124129166525483,0.16143906691753485,0.10400390625,-26.75,18.675616623918692,0.6848520126755898,0.6559355038543081,26.75,0.7208478221083455,0.56640625,0.65625,0.6875,0.765625,3.284575805320892,2.9380843257441294,2.9390302683016167,3.04868399998519,3.07582890198065,3.142169598227649,25.0,0.6867383861029771,0.54296875,0.6328125,0.66015625,0.74609375,-0.3125,-0.6952912434419228,-0.54296875,-0.45703125,-0.4296875,-0.390625,51.75,1.3820296295449,1.08984375,1.23828125,1.28515625,1.40234375,8.364161044244875,0.20108380942578724,0.1551510723875245,0.1701302461385264,0.17456022109298888,0.1921772941521477,0.2457932597425823,0.65593542945535
R1f,gsm8k,A_src15_origbasis,0.08200403302907944,0.14240041375160217,0.21120598614215852,0.2620318129658699,0.43866838186979296,0.5930370718240752,1.1026222382784328,4.414430763435031,325.601318359375,496.39242446956604,325.601318359375,788.0;1384.0;4062.0;290.0;2352.0;4055.0;133.0;2629.0;2992.0;2265.0,0.9686133693583073,0.1505745175576782,0.9397746719802405,0.9560111010377365,0.9600388405624921,0.96764425677199,20490,4096,203789.34296980887,203792.34296980887,325.601318359375,0.00028454467202543564,0.10645511233272456,0.08200403302907944,-297.8851623535156,1.6809923525216939,0.6687677516531108,0.6559353090597734,325.601318359375,5.499790591501852,3.657862067222595,5.084517192840576,5.653889870643615,7.186935086250306,1335.6783087423116,122.98936003697732,89.80373586202688,249.07412746337604,331.83293762759627,614.9177829251912,325.601318359375,5.499242533492484,3.657862067222595,5.084517192840576,5.653889870643615,7.186935086250306,-0.4859142601490021,-2.951835172059421,-1.1925634145736694,-0.8721921026706695,-0.8099211633205414,-0.6020676493644714,623.4776611328125,8.451077705551905,4.87447726726532,6.4891438484191895,7.131521934270858,9.035539849996578,8.364161110813043,0.20108379877109894,0.15515107732773464,0.1701302511455242,0.17456020978910336,0.19217730571414407,-89.81571173939646,0.6559352473420452
R1f,gsm8k,A_src22,0.20703125,0.35546875,0.515625,0.625,0.8984375,2.2500781250000728,12.25,19.5,26.75,37.730308362959406,26.75,1950.0;3280.0;2154.0;2521.0;58.0;1027.0;2149.0;206.0;235.0;2055.0,0.5037822455063988,0.633936353557466,0.007436810885002984,0.03166671230059089,0.057223682974444724,0.2117791718564314,20490,4096,296.8079436661765,299.8079436661765,25.0,-0.00046782978350191397,0.2837852069002593,0.20703125,-26.75,17.278365512009447,1.2672270624241622,0.7089790982535676,26.75,1.2864062881283553,1.1484375,1.34375,1.4140625,1.5859375,3.2704559882196063,2.9337297228701935,2.9359971191490217,3.045780982487556,3.0787035754197425,3.141281292685822,25.0,1.225451058443143,1.09375,1.2890625,1.3515625,1.5390625,-0.58984375,-1.2376037091264032,-1.09375,-0.859375,-0.796875,-0.6875,51.75,2.463054767569546,2.203125,2.5546875,2.65625,2.9140625,8.371695127267742,0.3538519503843302,0.31441558455522356,0.35277916645123186,0.3617536179330573,0.3847913242193449,0.20161070140212983,0.7089789439015347
R1f,gsm8k,A_src22_origbasis,0.15470800548791885,0.26985204219818115,0.4032696664333344,0.50446517765522,0.8669680476188666,1.198076168894769,2.405880470514355,9.209686457728735,326.02227783203125,459.847498265492,326.02227783203125,788.0;1384.0;4062.0;290.0;2352.0;4055.0;133.0;2992.0;2629.0;2265.0,0.9044353962113231,0.26982203409989597,0.8368852846575785,0.8644838445786845,0.874360789614114,0.8999211756986388,20490,4096,150064.13761549778,150067.13761549778,326.02227783203125,-0.00023782777090522187,0.20226607413936643,0.15470800548791885,-298.3001403808594,3.393443303472112,1.2228400170219431,0.7089791269100326,326.02227783203125,9.644121599534827,8.136400699615479,10.668370819091798,11.246742010116577,12.702822036743166,1337.5497313310227,158.53621648636658,124.72526004120775,320.64566248681416,391.5328859330412,573.5887588805056,326.02227783203125,5.657574721282142,3.690666437149048,5.136561679840088,5.8155794620513905,7.566491875648501,-0.7987955808639526,-9.42753179072752,-8.136400699615479,-4.00199837684631,-2.212759017944336,-0.9876512289047241,624.3174743652344,15.085106512009661,11.895198702812195,15.442076849937443,16.445563173294065,19.26601518630982,8.371696129894064,0.35385196157238596,0.3144155907623806,0.3527791424013506,0.36175364812614463,0.3847913408087615,-71.72856608450051,0.7089790870202474
R1f,gsm8k,A_src29,0.421875,0.71875,1.03125,1.234375,1.71875,2.390625,12.1875,19.375,26.75,30.16151324894531,26.75,1950.0;3280.0;2154.0;2521.0;58.0;2557.0;206.0;2149.0;235.0;1361.0,0.35070978027081745,0.8434298553642174,0.005339590515298568,0.022266942533257065,0.040522509402586906,0.1550175844277068,20490,4096,119.47631350035968,122.47631350035968,24.875,-0.001425439157094782,0.5318461457463606,0.421875,-26.75,13.741810942860598,1.9379476970700842,0.8868918405788342,26.75,2.333741306734993,2.203125,2.5625,2.6875,3.015625,3.2846290792241697,2.8071882782941984,2.8154860232621184,2.968393586540595,3.0104771738969887,3.1144431025893202,24.875,2.2375263085651538,2.109375,2.484375,2.609375,2.9375,-1.1328125,-2.227875259272816,-2.09375,-1.6875,-1.5234375,-1.3671875,51.625,4.4654015678379695,4.234375,4.859375,5.046875,5.546875,8.35829310934949,0.6587280391724798,0.6247411446305889,0.7039063660242283,0.7244903966954694,0.7687077139276401,0.13005409476826787,0.8868906950738189
R1f,gsm8k,A_src29_origbasis,0.3128899782896042,0.5413754880428314,0.7940010428428654,0.9737683266401289,1.47416790008545,1.8579753965139392,3.414736959219091,24.262541336237792,325.364501953125,366.8592782831741,325.364501953125,788.0;1384.0;4062.0;2352.0;290.0;1658.0;133.0;1951.0;761.0;2219.0,0.7547059646781522,0.5084811882524791,0.6615341002839711,0.6915559710348864,0.7047533329356307,0.7436739171867055,20490,4096,60655.95359742573,60658.95359742573,325.364501953125,-0.0049717496535139375,0.39468032566746125,0.3128899782896042,-297.3186340332031,3.8502292931958375,1.6621732507607263,0.886891844403565,325.364501953125,22.620035347704658,22.008252143859863,27.948490905761727,29.709198188781738,33.45190040588379,1565.2652399926367,401.6375789277373,371.74204160228965,751.5776803896397,866.8024857038772,1202.3818113798905,325.364501953125,6.1546321877390655,4.323606729507446,5.651771450042725,6.098194360733032,7.092949914932257,-1.223246693611145,-22.43752797331212,-22.008252143859863,-11.586207675933837,-7.140138626098633,-1.4350147247314453,622.6725769042969,28.592160161051186,26.43351721763611,32.853627395629886,34.7201073884964,38.86836164712907,8.35829339843168,0.6587280584454258,0.6247410934806797,0.7039064251081953,0.7244904146205599,0.7687078843359522,-39.6708717152526,0.8868779089451604
R1f,gsm8k,B_concat,0.09326171875,0.2470703125,0.53515625,0.77734375,1.390625,2.265625,12.125,19.625,26.75,37.593130989624214,26.75,10142.0;18334.0;1950.0;6046.0;14238.0;15568.0;11472.0;3280.0;19664.0;7376.0,0.5382968384317387,0.615494922044047,0.007522774836740823,0.03217704853702493,0.05836633593586801,0.21350294945127277,20490,20480,289.1449177996728,292.1449177996728,25.0,-0.0003439531958243698,0.22902164008801934,0.09326171875,-26.75,17.039877130810975,1.9543158049512588,0.7115661637064244,26.75,2.333741306734993,2.203125,2.5625,2.6875,3.015625,11.83835345474401,8.35911611507745,8.395613549273556,9.05290700941725,9.274601463402307,9.778044804392971,25.0,2.2384779923133236,2.109375,2.484375,2.609375,2.9375,-1.1328125,-2.227875259272816,-2.09375,-1.6875,-1.5234375,-1.3671875,51.75,4.466353251586139,4.234375,4.859375,5.046875,5.546875,8.3440804864899,0.36416558720950865,0.32363337572776674,0.36035661942855557,0.36970557917220326,0.3904465848257163,0.20296558661430844,0.7115660805772555
R1f,mtbench,A_src1,0.014892578125,0.02587890625,0.037841796875,0.0458984375,0.068359375,1.3047265625000364,11.625,19.250024999986636,26.75,53.675332294979654,26.75,1950.0;3280.0;2154.0;2521.0;58.0;1027.0;2149.0;206.0;235.0;919.0,0.6158366275319179,0.4053270738718291,0.00888841352434646,0.03793033703460957,0.06821721660627021,0.2500298056617381,44434,4096,737.5514968613764,740.5514968613764,25.0,-0.00018004645346916766,0.04215079161798316,0.014892578125,-26.75,23.326195810435085,0.13716681004120093,0.49836673302723034,26.75,0.18077897353729688,0.0849609375,0.10498046875,0.11083984375,0.125,3.3215888206802417,2.9799389596583135,2.977260294143382,3.0808983357223125,3.109929899614317,3.167278495920218,25.0,0.17002461032444188,0.0810546875,0.099609375,0.10595703125,0.11962890625,-0.044677734375,-0.177144160616026,-0.0810546875,-0.06201171875,-0.0576171875,-0.052001953125,51.625,0.3471687709404679,0.16259765625,0.1982421875,0.20751953125,0.23046875,8.30913372792843,0.052330194272462514,0.022693183650198206,0.02694885155621626,0.02790895990798844,0.030294759861398016,0.32706539908977134,0.4983667005042665
R1f,mtbench,A_src1_origbasis,0.011215673759579659,0.020545176230371,0.03263847678899766,0.04314653743058441,0.09114764526486406,0.1269252195209266,0.25728353020549205,1.6201283540228688,323.56005859375,649.2408851512212,323.56005859375,788.0;1384.0;4062.0;290.0;2352.0;4055.0;2629.0;133.0;2265.0;2992.0,0.9978814822037282,0.039529848412303115,0.9879852359355115,0.9957767641573588,0.9971593797373794,0.998412636404017,44434,4096,369366.08738355956,369369.08738355956,323.56005859375,-0.0002503544480767378,0.016975396584650224,0.011215673759579659,-295.873046875,0.5162534201885918,0.1828927159563598,0.4983667325855278,323.56005859375,1.43503091869564,0.2713378369808197,0.36361513137817386,0.39525123983621596,0.47928245306015005,1335.5649061175884,32.74866174565803,16.61786098991618,68.17752350956088,88.460689648525,144.31992922604928,323.56005859375,1.4319406334647298,0.26869699358940125,0.3635939359664917,0.39525123983621596,0.47928245306015005,-0.09364483505487442,-1.2574320274159576,-0.19080129265785217,-0.14759512990713117,-0.13690256923437122,-0.12191591762006286,619.431884765625,2.6893726608806876,0.46159204840660095,0.5878993377089501,0.6310007408261299,0.7697203385829916,8.309134173689031,0.05233019497413553,0.02269318448734671,0.026948852353840726,0.027908960194208812,0.030294760775881543,-123.53417630683509,0.4983666697027655
R1f,mtbench,A_src8,0.064453125,0.11083984375,0.16015625,0.1943359375,0.28125,1.3203125,11.6875,19.250024999986636,26.75,52.6685928150518,26.75,1950.0;3280.0;2154.0;2521.0;58.0;1027.0;2149.0;206.0;235.0;919.0,0.5941868692641579,0.4252717697347538,0.008592310384427537,0.03668302441417139,0.0660647127620741,0.24252764236813254,44434,4096,685.9459655705133,688.9459655705133,25.0,-0.00026480079047532434,0.10134834933091476,0.064453125,-26.75,23.0117449916231,0.5537585693171334,0.5078928175266398,26.75,0.4567807907514516,0.359375,0.431640625,0.45703125,0.51953125,3.3431098657758205,2.95601207109796,2.9552991044613757,3.0631249906398597,3.0921150268829187,3.15218450202377,25.0,0.43408473452198765,0.341796875,0.4140625,0.4375,0.4921875,-0.1845703125,-0.44010065754124095,-0.341796875,-0.28125,-0.267578125,-0.2421875,51.625,0.8741853920632287,0.685546875,0.81640625,0.857421875,0.9524804687499966,8.319420645796011,0.1263272404590672,0.0962828649829284,0.11257200286105962,0.11723002863509181,0.12778088987254219,0.3298850094268553,0.5078927484968555
R1f,mtbench,A_src8_origbasis,0.05312792770564556,0.09270254336297512,0.13797767907381062,0.1723098270595073,0.2824783545732498,0.36925333023071333,0.7079573403596969,2.627955756877407,323.6852722167969,637.310117735282,323.6852722167969,788.0;1384.0;4062.0;290.0;2352.0;4055.0;2629.0;133.0;2265.0;2992.0,0.9768353008045622,0.10163359182007958,0.9540138652064614,0.9680022395864591,0.9713358720342283,0.9764294814184963,44434,4096,343896.67198490433,343899.67198490433,323.6852722167969,0.00014742988681466134,0.06888385806271072,0.05312792770564556,-296.3642883300781,1.3939107357161435,0.5561770301682715,0.5078928816743582,323.6852722167969,3.177014343495866,2.010970950126648,2.9174774885177617,3.1898106217384337,3.8638270258903473,1334.4735399610363,86.5374554461908,57.08105406001637,185.2500559590354,250.8379241332203,432.4410952087458,323.6852722167969,3.175312880108561,2.010970950126648,2.9174774885177617,3.1898106217384337,3.8638270258903473,-0.32684996724128723,-1.8994026891888864,-0.8240191042423248,-0.6069300830364226,-0.5540039241313934,-0.46975923627614996,620.049560546875,5.074715569297448,2.8364384472370148,3.876827555894852,4.185084423422813,4.90922894835472,8.319420957952095,0.12632724761743214,0.09628286778150758,0.112572007246542,0.11723003210738372,0.12778089357827044,-118.03044752605774,0.5078928602765668
R1f,mtbench,A_src15,0.1083984375,0.1865234375,0.271484375,0.328125,0.47265625,1.2734765625000364,11.75,19.375012499993318,26.75,50.641257991188716,26.75,1950.0;3280.0;2154.0;2521.0;58.0;1027.0;2149.0;206.0;235.0;919.0,0.5556924228075507,0.45736805671830233,0.008080807123540546,0.034516488011055085,0.06240651948381025,0.22977764839611828,44434,4096,598.739556308543,601.739556308543,25.125,-0.0002546384299662779,0.15647842519826427,0.1083984375,-26.75,22.244290893325886,0.8948002653232819,0.5282254245077076,26.75,0.7140534715111176,0.62109375,0.734375,0.765625,0.84765625,3.3597323101184293,2.954046181097742,2.9543813744103264,3.063139987304358,3.0923935890563623,3.15625307290459,25.125,0.6800920677296665,0.59375,0.703125,0.73828125,0.8203125,-0.302734375,-0.6857306535395193,-0.58984375,-0.484375,-0.44921875,-0.400390625,51.75,1.3658227212691858,1.1875,1.3828125,1.4375,1.55078125,8.365422686095963,0.19524664071969233,0.1675414044370313,0.19087835589038704,0.19567076282406448,0.20527557751738446,0.2949256462572593,0.5282253631317014
R1f,mtbench,A_src15_origbasis,0.08665930479764938,0.15064435452222824,0.22407561838626863,0.2782930180430412,0.4675787243247035,0.6250074052810678,1.1938676886558592,4.432674789902795,325.61737060546875,616.4364393474541,325.61737060546875,788.0;1384.0;4062.0;290.0;2352.0;4055.0;133.0;2629.0;2992.0;2265.0,0.942801574882439,0.1578796544743014,0.9002464200952407,0.9199788754093253,0.9266718878796358,0.9412329533962341,44434,4096,300724.5202046063,300727.5202046063,325.61737060546875,8.943731776895933e-05,0.11463661315765347,0.08665930479764938,-297.93121337890625,2.2601483012977583,0.8851879228721472,0.528225377056165,325.61737060546875,4.773489738503868,3.598647952079773,5.301607894897462,5.862392401695251,7.297453150749203,1335.701484734628,98.63111050304072,64.05234623798628,211.0056399018637,286.9024407953698,542.4464786441642,325.61737060546875,4.7716084319242835,3.598647952079773,5.301607894897462,5.862392401695251,7.297453150749203,-0.40917834639549255,-2.481049059185672,-1.403132975101471,-0.9606015205383299,-0.8484498262405397,-0.6390327358245851,623.5484924316406,7.2526574911099555,5.01530396938324,6.992899978160859,7.585339516401291,9.189191265106201,8.365422663029632,0.19524664293066388,0.16754140006686477,0.1908783578704084,0.1956707703874864,0.2052756003975575,-106.41319565418365,0.5282253694845543
R1f,mtbench,A_src22,0.216796875,0.375,0.55078125,0.66796875,0.96484375,1.421875,11.75,19.500012499993318,26.75,44.146425383594725,26.75,1950.0;3280.0;2154.0;2521.0;58.0;1027.0;2149.0;206.0;235.0;919.0,0.4285075258600428,0.5610566198332663,0.006450397701721561,0.027551843196981403,0.049946251187608176,0.18684667019420254,44434,4096,345.90993396325143,348.90993396325143,25.125,-0.00033999236287826976,0.2924575299801446,0.216796875,-26.75,19.391420495597682,1.5923141164935597,0.6059380746587147,26.75,1.352190977770401,1.265625,1.5390625,1.6171875,1.8046875,3.324317577388475,2.956451036894891,2.9579078475901603,3.0667355196849075,3.09659405067017,3.1561153926601624,25.125,1.288460659348697,1.2109375,1.4765625,1.546875,1.734375,-0.58984375,-1.295608198395373,-1.2109375,-0.92578125,-0.83984375,-0.703125,51.75,2.58406885774407,2.4296875,2.9140625,3.0390625,3.3125,8.373210861318965,0.3653701091629685,0.3421861547084338,0.3989174605611856,0.4114621024632317,0.4350447025364843,0.20007211287589122,0.605937979273707
R1f,mtbench,A_src22_origbasis,0.1671096831560135,0.29355480521917343,0.4426305949687961,0.5585647761821744,0.9557855939865132,1.3107920813560487,2.5939438624382145,8.667648468187329,326.05816650390625,538.1047570485422,326.05816650390625,788.0;1384.0;4062.0;290.0;2352.0;4055.0;133.0;2992.0;2629.0;761.0,0.8250167090000226,0.30183583227397315,0.7187587053659418,0.757844154100005,0.7751274998696634,0.8204669074443707,44434,4096,174551.53855017002,174554.53855017002,326.05816650390625,-0.00012215835017744735,0.22772449920948004,0.1671096831560135,-298.35064697265625,4.280872786782815,1.5773651074506905,0.6059380859078574,326.05816650390625,8.300377645541166,7.2918784618377686,10.277413272857666,11.048253059387207,12.510151100158689,1337.5603964035156,103.52886840617323,67.86625689027437,236.69689097159244,308.4443566772052,483.8352677257215,326.05816650390625,5.1512097064723426,3.910716414451599,5.518053483963013,6.0812783479690555,7.627321934700012,-0.7987955808639526,-8.130119438597582,-7.291045904159546,-3.5145922660827553,-2.4553628444671647,-1.1983118164539355,624.4088134765625,13.281329145069925,11.25354790687561,15.309962654113772,16.535915541648865,19.146791400909425,8.373211116121466,0.3653701197512043,0.3421861415829536,0.39891747604871886,0.411462111777575,0.43504472995896215,-71.22020352382462,0.6059380735941713
R1f,mtbench,A_src29,0.4296875,0.734375,1.0625,1.2734375,1.7890625,2.265625,11.75,19.375,26.75,32.54497145779356,26.75,1950.0;3280.0;2154.0;2521.0;58.0;2557.0;206.0;2149.0;919.0;235.0,0.2703265896155833,0.7981991208885003,0.004276542238359213,0.01776503089640935,0.032672948218863504,0.1271759317111301,44434,4096,100.66615712353898,103.66615712353898,25.0,-0.00188553303988906,0.5430488043154325,0.4296875,-26.75,14.29545475248876,2.1766350653722912,0.8219395747417122,26.75,2.4282837326146645,2.34375,2.796875,2.9375,3.25,3.267122728608988,2.8525040465984834,2.861386363735008,2.993934947108589,3.0324595244947092,3.114009589199374,25.0,2.326212929569699,2.25,2.6875,2.828125,3.1667187499999727,-1.125,-2.3220440006526535,-2.234375,-1.796875,-1.609375,-1.390625,51.625,4.648256930222352,4.515625,5.296875,5.53125,6.015625,8.359886578591665,0.6747725444408071,0.6578996477998479,0.749104211808737,0.7727912999950931,0.8167267265386142,0.10298151940568118,0.8219374120282773
R1f,mtbench,A_src29_origbasis,0.32845331728458405,0.5706110000610352,0.8426702678203585,1.0395997881889343,1.5806236517429357,1.9580102753639221,3.697059801101874,23.96919751529426,325.4023132324219,395.8956537625311,325.4023132324219,788.0;1384.0;4062.0;2352.0;290.0;761.0;1658.0;2742.0;2219.0;1951.0,0.651234893521861,0.5498814742578101,0.5341188276055041,0.5715933469320774,0.5907725612729965,0.6441447660149615,44434,4096,51073.5051551473,51076.5051551473,325.4023132324219,-0.004548038325525941,0.4270369942472966,0.32845331728458405,-297.35614013671875,4.497970197006476,1.9230411355813932,0.8219395947893052,325.4023132324219,21.51307402274104,21.22111225128174,27.11236095428467,28.688184261322018,31.91251516342159,1458.0315071459356,311.33892173438727,269.2067981999222,614.4700148659231,741.4257544515372,1010.9177696895981,325.4023132324219,5.853372938925287,4.593310356140137,6.631583642959595,7.406718587875366,9.017400941848754,-1.216135025024414,-21.399448792299765,-21.22111225128174,-12.742328453063957,-8.477049207687386,-1.6071580219268844,622.7584533691406,27.25282173122505,26.140530109405518,32.320485496521,33.96041224002838,37.14575619697569,8.359886617324346,0.6747725656338938,0.6578996772403267,0.7491042372110279,0.77279128117027,0.8167268069226283,-32.34238176837112,0.8219270118628521
R1f,mtbench,B_concat,0.09765625,0.2578125,0.5546875,0.80078125,1.421875,1.984375,11.3125,18.75,26.75,44.23945186168789,26.75,1950.0;18334.0;6046.0;10142.0;14238.0;11472.0;15568.0;3280.0;7376.0;19664.0,0.5152141657276789,0.5294445282093304,0.006827072209122666,0.02911856292839417,0.05292550290444237,0.19567205467566656,44434,20480,345.187789879961,348.187789879961,25.125,-0.0005850022153356199,0.2270967800885479,0.09765625,-26.75,18.708740156461467,2.3515129202182234,0.6046639113801034,26.75,2.4282837326146645,2.34375,2.796875,2.9375,3.25,10.947094209291173,8.308366575138516,8.316618021514003,9.018268549182217,9.25363801830554,9.724678140172474,25.125,2.326820572365756,2.25,2.6875,2.828125,3.1667187499999727,-1.125,-2.3220440006526535,-2.234375,-1.796875,-1.609375,-1.390625,51.75,4.648864573018409,4.515625,5.296875,5.53125,6.015625,8.345455333801393,0.3664703845164674,0.34300072222421485,0.3901075553602357,0.4016610951622502,0.4228771676582902,0.20565500458858343,0.6046636283901106
R2,gsm8k,A_src1,0.01531982421875,0.0264892578125,0.03857421875,0.047119140625,0.0703125,2.0782031250000728,11.3125,18.125,24.375,41.251367671950575,24.375,3280.0;2154.0;1950.0;2521.0;58.0;610.0;1800.0;2557.0;2520.0;2926.0,0.6169887368439148,0.4796558542257745,0.009118328276982302,0.03834779779633425,0.06924470551349858,0.25224560180613215,20490,4096,455.2310699815683,458.2310699815683,24.375,-0.0004768887678291938,0.05475054752072648,0.01531982421875,-24.0,19.144865509289883,0.11899432982293434,0.5908894995637711,24.375,0.22880733074823084,0.0869140625,0.10546875,0.111328125,0.13291992187500057,3.432922136443478,2.98407892860175,2.9839611038682614,3.08389447723464,3.114267613816614,3.1672279491168465,24.375,0.2249257926885066,0.08251953125,0.10205078125,0.1083984375,0.130859375,-0.0478515625,-0.22200629260843704,-0.08251953125,-0.064453125,-0.06103515625,-0.055419921875,48.375,0.4469320852969436,0.16650390625,0.19921875,0.20849609375,0.2451171875,7.739822093867723,0.06793732161395812,0.023022229450308178,0.02697008915823779,0.02794485852619266,0.031184241144559036,0.15534389440314847,0.5908893071226006
R2,gsm8k,A_src1_origbasis,0.012138004414737225,0.021801123395562172,0.034149737656116515,0.04488315377384423,0.10588718518614816,0.2164981321990516,0.9354359241128748,2.0336127380116054,300.0799865722656,507.8445274788352,300.0799865722656,788.0;1384.0;4062.0;290.0;2352.0;4055.0;133.0;1039.0;1189.0;709.0,0.9955743768580148,0.06667464413370328,0.9824043872269679,0.9901623499298565,0.9915777625760018,0.9936879472315064,20490,4096,224502.38477437105,224505.38477437105,300.0799865722656,-0.0005314095978323228,0.020548370629504008,0.012138004414737225,-274.7288513183594,1.5830979609612414,0.17919964653815176,0.5908894756865756,300.0799865722656,2.0074017315557553,0.25442053377628326,0.3419631689786911,0.37120776027441016,0.47477877140045166,1319.01847300123,29.73285912396025,13.859640604120603,52.58541607513793,71.975371893507,119.55836183357475,300.0799865722656,2.0041210083560923,0.2527240514755249,0.3419445633888245,0.37120776027441016,0.47477877140045166,-0.09252406656742096,-1.790566241236839,-0.1852843016386032,-0.1412159517407417,-0.13132401853799822,-0.1170114132761955,574.808837890625,3.7946872495929314,0.4378989487886429,0.5617611810564995,0.6021321684122085,0.7897086387872697,7.739822053761639,0.06793732054939638,0.02302223033334583,0.02697008986774852,0.027944859694702756,0.031184242023415285,-97.71065983118704,0.5908892367279975
R2,gsm8k,A_src8,0.064453125,0.11083984375,0.16015625,0.193359375,0.28125,2.078125,11.375,18.125,24.375,40.67795772284556,24.375,3280.0;2154.0;1950.0;2521.0;58.0;610.0;1800.0;2557.0;2520.0;2926.0,0.6019451906098372,0.4973565678361573,0.008886846689861987,0.037416792059843614,0.06758207387746806,0.2468453167258147,20490,4096,432.7370351206707,435.7370351206707,24.375,-6.736649968933373e-05,0.1123326359207127,0.064453125,-24.0,18.98304693732793,0.46936105064821804,0.5992188734271314,24.375,0.5014658922797707,0.357421875,0.421875,0.443359375,0.50390625,3.3897362677341394,2.980835779327809,2.9803337972336275,3.08054792824644,3.112034681151922,3.1710293513300902,24.375,0.4856315199487555,0.341796875,0.404296875,0.427734375,0.5,-0.2080078125,-0.48085799284712055,-0.33984375,-0.2890625,-0.275390625,-0.2578125,48.375,0.966489512795876,0.685546875,0.791015625,0.830078125,0.93359375,7.754172147130389,0.14001940940091592,0.09499650932256831,0.1066462957116051,0.11043485592563534,0.12771664427940016,0.1856878358245874,0.5992188696403304
R2,gsm8k,A_src8_origbasis,0.05609072186052799,0.0975016038864851,0.14499400556087497,0.18111602067947385,0.32845780581235934,0.48322802379727475,1.0382702022791572,2.2968247599587372,300.31158447265625,501.17168385813227,300.31158447265625,788.0;1384.0;4062.0;290.0;2352.0;4055.0;133.0;1039.0;709.0;1189.0,0.978416935756474,0.11837244809804193,0.9586688946446784,0.9691940161248946,0.9718947076612404,0.9760587127186257,20490,4096,213585.0404683871,213588.0404683871,300.31158447265625,-0.00014935951892636946,0.07391722648200645,0.05609072186052799,-275.29901123046875,1.7327058045053454,0.5481431956891955,0.5992189785360381,300.31158447265625,3.223276765190025,1.4491832256317139,2.1147102594375613,2.3201410770416255,3.0151335811615017,1316.9280781369414,39.261097725550066,21.077867850693618,71.0733152484859,98.05992739005853,187.12571047126943,300.31158447265625,3.2193085065130607,1.4491273164749146,2.1147102594375613,2.3201410770416255,3.0151335811615017,-0.352294921875,-2.354360141060072,-0.7269674837589264,-0.5572257995605469,-0.5224955946207046,-0.47217267751693726,575.610595703125,5.5736686475731325,2.1969786286354065,2.9744610965251925,3.2180909574031826,4.023841584920883,7.754173222093253,0.14001942073690685,0.09499651421711851,0.10664629985305947,0.11043485763621397,0.12771664772541177,-94.93014750672664,0.5992189599215858
R2,gsm8k,A_src15,0.1103515625,0.1884765625,0.271484375,0.328125,0.4765625,2.046875,11.375062500002969,18.375,24.625,39.88999759429205,24.625,3280.0;2154.0;1950.0;2521.0;610.0;58.0;1800.0;2557.0;2520.0;1027.0,0.5750653612673136,0.5263057546591455,0.008491167753580327,0.03586618458250637,0.06494175668113947,0.23758378682275957,20490,4096,394.17426923407726,397.17426923407726,24.625,9.501876294372667e-05,0.16577272838833645,0.1103515625,-24.25,18.42644531005239,0.7719828214631392,0.617322674482278,24.625,0.7492503012140068,0.609375,0.69921875,0.734375,0.8246484375000023,3.3393894632672465,2.9730411063113285,2.9717139856173898,3.074315030237542,3.104612893705002,3.1667215129508013,24.625,0.7229090409956076,0.58203125,0.67578125,0.70703125,0.80078125,-0.34375,-0.7195818653916545,-0.578125,-0.49609375,-0.4765625,-0.43359375,48.75,1.4424909063872622,1.1640625,1.31640625,1.3671875,1.5004296875000023,7.806314070188413,0.20690319657133713,0.16360983235468496,0.17830179966324183,0.18277025927895252,0.19937682887059172,0.16703019688297635,0.6173226671695987
R2,gsm8k,A_src15_origbasis,0.0936061479151249,0.16216017305850983,0.24048416614532475,0.2997284859418868,0.5317439234256744,0.7323722866177559,1.2508244919777276,3.6834675421706313,302.3568115234375,489.7872798316596,302.3568115234375,788.0;1384.0;4062.0;2352.0;290.0;4055.0;133.0;1039.0;1189.0;3231.0,0.9509663005746593,0.172059894774877,0.9167245187932637,0.9330964669504368,0.9377943990847188,0.9479482368360804,20490,4096,194890.36347416413,194893.36347416413,302.3568115234375,0.00010503190143382893,0.12092156954140416,0.0936061479151249,-276.97198486328125,2.026208446853857,0.8613710685379647,0.6173227112540731,302.3568115234375,4.503858655251894,2.716694951057434,4.082438278198242,4.5355000495910645,6.098855295181276,1317.4063606858674,48.05113978876649,26.69048279319683,90.57009944820095,125.54068406431642,274.93898926263086,302.3568115234375,4.499511409530179,2.716694951057434,4.082438278198242,4.5355000495910645,6.098855295181276,-0.456865519285202,-2.830030277006332,-1.195848524570465,-0.8917927742004395,-0.8152400493621826,-0.6975250178575516,579.3287963867188,7.32954168653651,3.9244375228881836,5.470680844783783,6.005593597888946,7.898894970417033,7.806314687147851,0.20690320446673618,0.16360983695994027,0.17830180591761188,0.18277025930992982,0.19937683253078858,-88.59538558450674,0.6173227023189568
R2,gsm8k,A_src22,0.232421875,0.3984375,0.578125,0.69921875,1.0078125,2.078125,11.4375,18.375,24.625,35.7184696923009,24.625,3280.0;2154.0;1950.0;2521.0;610.0;58.0;1800.0;2557.0;2520.0;1027.0,0.46865402166500514,0.6274280664704541,0.007048067229996038,0.029720527908206174,0.05422563725628963,0.20100219281916773,20490,4096,253.95198444484254,256.95198444484254,24.625,-0.0005245439219788506,0.31072812052270904,0.232421875,-24.25,16.590050643885952,1.4618282329653605,0.6894192335823365,24.625,1.432450280624695,1.296875,1.5078125,1.578125,1.78125,3.396522691695337,2.972516010857719,2.973364804120707,3.0711851615202543,3.102144444108157,3.158003775962551,24.625,1.3765482018667643,1.2421875,1.453125,1.53125,1.734375,-0.69921875,-1.3686968109443631,-1.234375,-1.015625,-0.94921875,-0.84765625,48.75,2.7452450128111274,2.4921875,2.8515625,2.9609375,3.265625,7.817506458894823,0.38833655622089025,0.35061967310192776,0.38840755597969145,0.39869576145612423,0.42208535438414596,0.11493154127020322,0.6894190340329531
R2,gsm8k,A_src22_origbasis,0.18843527138233185,0.32775362581014633,0.4871491879224782,0.6083316445350646,1.0376563131809249,1.3850705724954617,2.482346138239103,8.30330515183765,302.8311767578125,439.25545838901434,302.8311767578125,788.0;1384.0;4062.0;2352.0;290.0;4055.0;133.0;1039.0;1189.0;3231.0,0.8521011865569905,0.31960112605378904,0.7667999669727076,0.7941004174238752,0.807392901967663,0.8432646790903684,20490,4096,126186.50823113907,126189.50823113907,302.8311767578125,-0.0005729555020681131,0.24237740411566844,0.18843527138233185,-277.4205322265625,3.6006335361713604,1.505116495522065,0.6894192683875963,302.8311767578125,8.891259996864258,7.363713979721069,9.827446365356447,10.549509096145629,12.162120447158818,1318.9279333452957,83.0612927326992,58.448011851573405,164.27978253690276,212.2454545602953,355.7701439007964,302.8311767578125,4.870117307581978,3.0547984838485718,4.1091724872589115,4.567220115661621,6.083605728149421,-1.0557756423950195,-8.735649380537287,-7.363713979721069,-4.164067745208739,-3.2953828811645516,-1.7752177715301514,580.251708984375,13.605766688119266,10.462600231170654,13.600091934204102,14.576011896133421,17.198354334831244,7.817506460106714,0.3883365688795504,0.35061966527952415,0.38840756921781316,0.39869577209652607,0.4220853670084854,-64.4088476391854,0.689419030304561
R2,gsm8k,A_src29,0.47265625,0.80859375,1.1640625,1.3984375,1.953125,2.546875,11.5625,18.5,24.875,27.147034045592434,24.875,3280.0;2154.0;1950.0;2557.0;2521.0;58.0;1800.0;610.0;2149.0;2520.0,0.3109378731455843,0.8812474218468664,0.005138052842955053,0.019937235354303806,0.036369133058124906,0.14114699060045147,20490,4096,80.5426398906106,83.5426398906106,24.875,-0.0012266553617536493,0.5903673775336478,0.47265625,-24.375,12.618596227222614,2.131519632976793,0.9163063618008274,24.875,2.6879167429233775,2.546875,2.953125,3.078125,3.46875,3.2821501434197327,2.909580473840611,2.912620735024939,3.029764177318098,3.063416382252142,3.1369773489864574,24.875,2.5838549292337727,2.4375,2.84375,2.984375,3.376718750000009,-1.390625,-2.5623806582479256,-2.421875,-2.0625,-1.9609375,-1.7578125,49.25,5.146235587481699,4.890625,5.5625,5.78125,6.34375,7.817440174047154,0.7358783425191747,0.6985873198491328,0.7794740629942857,0.8014301234134464,0.847558184447835,0.0589553724565621,0.916305540741347
R2,gsm8k,A_src29_origbasis,0.3855351060628891,0.6664398312568665,0.9732354879379272,1.1874259173870085,1.769475297927858,2.207954858541489,3.8679193089009853,22.332223987170295,302.3805236816406,329.99934738091304,302.3805236816406,788.0;1384.0;4062.0;2352.0;290.0;1951.0;761.0;1658.0;2252.0;2742.0,0.6631368484924658,0.6122519802140066,0.5345955077878768,0.572834053515639,0.5898116066137492,0.641700294804691,20490,4096,40162.35123837618,40165.35123837618,302.3805236816406,-0.004324829803930507,0.4805105817296864,0.3855351060628891,-276.6623229980469,4.221207213078373,1.9310955825237681,0.9163064293354725,302.3805236816406,20.827311511630835,19.60086727142334,26.498856544494632,28.148113536834718,31.96344926834107,1308.3335206138954,192.18691700702624,157.24601487769863,388.1265704414901,467.342561259682,704.5573941606581,302.3805236816406,6.5881928310270945,4.875730752944946,6.382252073287965,6.825567960739136,7.84505823135376,-1.736215353012085,-20.674487542215935,-19.60086727142334,-11.291606903076172,-9.003565645217908,-4.290232129096977,579.0428466796875,27.262680373243033,24.459069848060608,32.04851045608521,33.78339555263519,37.98413535118104,7.817441273268429,0.7358783699594866,0.6985873455758609,0.7794741281084391,0.801430176721755,0.8475580457230542,-29.65259235684715,0.9162962230025234
R2,gsm8k,B_concat,0.1005859375,0.271484375,0.59765625,0.87109375,1.578125,2.34375,11.375,18.250012499993318,24.875,35.87246695788713,24.875,19664.0;11472.0;15568.0;3280.0;18538.0;7376.0;10346.0;14442.0;6250.0;2154.0,0.5289040619672116,0.6023987330076797,0.007417645148474558,0.030892691810274618,0.05627147721791483,0.2069009688658158,20490,20480,244.9658244559416,247.9658244559416,24.875,-0.00044008715766146014,0.24679028197722647,0.1005859375,-24.375,16.403992427978537,2.2758286198157034,0.6934287521737013,24.875,2.6879167429233775,2.546875,2.953125,3.078125,3.46875,11.269484130587413,8.836547551129975,8.860937313214592,9.444648481063929,9.635844409593183,10.046958788510594,24.875,2.5838549292337727,2.4375,2.84375,2.984375,3.376718750000009,-1.390625,-2.5625636743533433,-2.421875,-2.0625,-1.9609375,-1.7578125,49.25,5.146418603587116,4.890625,5.5625,5.78125,6.34375,7.787122051234922,0.4004534831930171,0.36055222721560987,0.3976572996199493,0.40805196900283247,0.43065208197355764,0.11587799737112273,0.6934286125222048
R2,mtbench,A_src1,0.015380859375,0.026611328125,0.0390625,0.04736328125,0.0703125,1.171875,10.8125,17.875024999986636,24.375,52.5672316692548,24.375,3280.0;2154.0;1950.0;58.0;610.0;2521.0;1800.0;2520.0;2557.0;2926.0,0.6163494077641004,0.37692473249194247,0.009109484479915757,0.038309414943690875,0.06916551285623089,0.252017101802159,44434,4096,740.7160229467418,743.7160229467418,24.375,-0.0003373917260474219,0.04101536472807387,0.015380859375,-24.0,23.318284817387386,0.15163624519977345,0.4636919089322389,24.375,0.17535430335406163,0.087890625,0.10791015625,0.11376953125,0.1279296875,3.3361741267999143,2.9849054090842477,2.9823965591375377,3.0846868949932276,3.1148097934797807,3.1746455364647765,24.375,0.17127987357302404,0.083984375,0.10302734375,0.109375,0.123046875,-0.04541015625,-0.1698429471501975,-0.083984375,-0.064453125,-0.060546875,-0.05419921875,48.375,0.34112282072322153,0.16845703125,0.2041015625,0.2138671875,0.236328125,7.740278966878665,0.050980230730891196,0.0234115773738265,0.02773321435387823,0.028727981087074403,0.03098967826480821,0.1951789631796349,0.46369178618565904
R2,mtbench,A_src1_origbasis,0.012079274747520685,0.021807953249663115,0.034381279349327096,0.04524433817714452,0.10221938364207757,0.18112559199333209,0.8287159187793788,1.8401582664131255,300.1044616699219,647.2065705284639,300.1044616699219,788.0;1384.0;4062.0;290.0;2352.0;4055.0;133.0;1039.0;1189.0;709.0,0.9948673863001164,0.05507563510429152,0.9813947567136786,0.9892224399038574,0.9906970590192169,0.9929301695976195,44434,4096,364385.9581212968,364388.9581212968,300.1044616699219,-0.00035391578642524074,0.01904532643288179,0.012079274747520685,-274.77386474609375,1.7872123085109826,0.22044676163890906,0.46369192671341,300.1044616699219,1.3341535191092448,0.2524571269750595,0.3462874382734299,0.37569858133792877,0.46321458339691157,1319.01847300123,26.426699089563822,13.769842318998744,49.858460661777016,67.80016239234851,111.19210856565262,300.1044616699219,1.3298388722531638,0.2491597682237625,0.34614209830760956,0.37567463219165803,0.46321458339691157,-0.0989236831665039,-1.1804533878248005,-0.19001635164022446,-0.14866842180490492,-0.13861459866166115,-0.12217176705598831,574.8782958984375,2.5102922600779642,0.4415072873234749,0.5704655945301056,0.61416552439332,0.7664900700747964,7.740281051699701,0.05098023255644591,0.02341157792645543,0.027733215211861964,0.02872798190524523,0.03098967936793954,-124.36405722708707,0.46369179164916263
R2,mtbench,A_src8,0.06689453125,0.1142578125,0.1650390625,0.19921875,0.2890625,1.2187890625000364,10.875,17.875024999986636,24.375,51.363603968274695,24.375,3280.0;2154.0;1950.0;58.0;610.0;2521.0;1800.0;2557.0;2520.0;2926.0,0.5903973601249369,0.3989424323343419,0.00873400239586427,0.03678160072451266,0.0664535197947829,0.24302368060841972,44434,4096,678.7437221920121,681.7437221920121,24.375,-0.0001935371485448463,0.10148458826713075,0.06689453125,-24.0,22.91606946276871,0.6091196624442833,0.47455782143043335,24.375,0.46090517062525316,0.37109375,0.44140625,0.46484375,0.51953125,3.3679659267427704,2.9771726793837145,2.9754314377290614,3.0788692744583037,3.1095032658834727,3.172481639056396,24.375,0.4435103406527096,0.353515625,0.423828125,0.447265625,0.50390625,-0.20703125,-0.442049167198823,-0.353515625,-0.296875,-0.28125,-0.2578125,48.375,0.8855595078515326,0.708984375,0.833984375,0.873046875,0.95703125,7.754587340154132,0.12666641928323819,0.09869802145339754,0.11389945117279915,0.11803764382454655,0.12734976791201305,0.2308199998341886,0.4745577819656645
R2,mtbench,A_src8_origbasis,0.05723808892071247,0.09963507764041424,0.14820512086153032,0.18508037254214285,0.3286899718642238,0.47312200665474125,0.9591669315697229,2.2175895776013217,300.36846923828125,632.9438054603345,300.36846923828125,788.0;1384.0;4062.0;290.0;2352.0;4055.0;133.0;1039.0;709.0;1189.0,0.9665627860433895,0.1121947361317401,0.9404790039122788,0.9536502290013089,0.9574823270914635,0.9639760715582204,44434,4096,334209.1324455318,334212.1324455318,300.36846923828125,4.671847758443728e-05,0.07415636507309442,0.05723808892071247,-275.353759765625,2.0211800835121725,0.6926235704299337,0.47455787804073046,300.36846923828125,2.704159523601761,1.586634874343872,2.408156251907349,2.664073061943054,3.251013150215148,1317.0634435265717,43.050776121510395,25.133209182858472,86.3858268979643,121.22959406309698,224.05337984397187,300.36846923828125,2.6968769394607457,1.5865825414657593,2.408156251907349,2.664073061943054,3.251013150215148,-0.35014238953590393,-1.8046520143678917,-0.8020539581775665,-0.6059550464153288,-0.5610311627388,-0.49243369787931446,575.7222290039062,4.501528953828638,2.397878110408783,3.328261989355089,3.612367361783981,4.263412649631497,7.754587988684396,0.1266664260138438,0.09869802485937058,0.11389945575844337,0.11803764992115393,0.12734977271153486,-117.5262911313399,0.47455787574109937
R2,mtbench,A_src15,0.11328125,0.1953125,0.28125,0.33984375,0.48828125,1.21875,10.9375,18.000012499993318,24.5,49.205311125087924,24.5,3280.0;2154.0;1950.0;610.0;2521.0;58.0;1800.0;2557.0;2520.0;1027.0,0.5439590121036267,0.43469351200150125,0.00807494567470756,0.034165919805984934,0.061917006630045006,0.2273418942691775,44434,4096,574.5260242803097,577.5260242803097,24.5,-0.00029147474926498004,0.15942365303095432,0.11328125,-24.25,21.966656752271394,0.9806543192978301,0.49791373003855227,24.5,0.7325066214779223,0.64453125,0.75390625,0.7890625,0.87109375,3.321659635269855,2.976433914873149,2.9745784957339865,3.0786108059890167,3.1096375732414354,3.1708083905157443,24.5,0.7041926825460233,0.6171875,0.72265625,0.7578125,0.84375,-0.32421875,-0.7015190806167574,-0.61328125,-0.515625,-0.48828125,-0.435546875,48.75,1.4057117631627807,1.23828125,1.421875,1.47265625,1.59375,7.808964542581776,0.1992090848800065,0.17296164347974977,0.1937368950744213,0.19841624990928455,0.2077972525605015,0.1989262700925244,0.4979136447250415
R2,mtbench,A_src15_origbasis,0.09646965190768242,0.1670689433813095,0.24762311726808553,0.30797094553709026,0.5327858543396004,0.7286589616537096,1.2695989892482942,3.7380161770069416,302.5379638671875,607.6111873225582,302.5379638671875,788.0;1384.0;4062.0;2352.0;290.0;4055.0;133.0;1039.0;1189.0;3231.0,0.9197165991195401,0.17248895399517866,0.8713465982983374,0.891294491256611,0.8987902703510076,0.9165063286410754,44434,4096,283410.9292088105,283413.9292088105,302.5379638671875,2.0177373468065823e-05,0.12498935354486979,0.09646965190768242,-277.05224609375,2.549837182150555,1.0700364390832693,0.4979137484290284,302.5379638671875,3.996630732919629,2.8213452100753784,4.524766969680787,5.016151189804077,6.341199827194213,1317.7361667695743,48.438015863668596,26.720966185165373,101.48998666342374,140.20916342936863,266.4139374395653,302.5379638671875,3.9873730961521616,2.8213452100753784,4.524766969680787,5.016151189804077,6.341199827194213,-0.3645264506340027,-2.3918331994719075,-1.3778336644172668,-0.9869485557079315,-0.8860545486211779,-0.7313990163803105,579.58447265625,6.379206295624069,4.20905214548111,6.198678708076478,6.759952557086945,8.181311962604518,7.808964845888447,0.19920909142363935,0.1729616507948641,0.1937369004123103,0.19841625750114736,0.20779725674428848,-103.7902336918409,0.49791374802019617
R2,mtbench,A_src22,0.240234375,0.412109375,0.6015625,0.7265625,1.046875,1.421875,10.875,18.125,24.5,41.16078967912869,24.5,3280.0;2154.0;1950.0;58.0;610.0;2521.0;1800.0;2557.0;2520.0;1027.0,0.38890704674173715,0.5591616628354807,0.005990733714423931,0.025388838987434405,0.0463999611463939,0.17438386198196915,44434,4096,281.8744730563459,284.8744730563459,24.5,-0.00031706980423457895,0.31384441660721063,0.240234375,-24.25,18.270350520837734,1.758783742666851,0.59522667545961,24.5,1.4612669035817167,1.3828125,1.640625,1.71875,1.90625,3.335399188098878,2.9752442510227803,2.973923275018815,3.076049318398222,3.1068065592138177,3.16699147980219,24.5,1.3987297171085205,1.3125,1.5703125,1.65625,1.84375,-0.66796875,-1.3970312710987083,-1.3125,-1.0546875,-0.9765625,-0.86328125,48.75,2.7957609882072285,2.6484375,3.09375,3.2265625,3.5,7.822590255684278,0.3925466013129922,0.37096063953623193,0.42162888826952033,0.4333483491879239,0.4548950351952731,0.11004495433875279,0.5952265910100448
R2,mtbench,A_src22_origbasis,0.19660964608192444,0.3435322940349579,0.5138611018657694,0.643722203373909,1.0860668540000922,1.4311212086677574,2.590732193708458,8.129401370712948,303.14752197265625,509.29757650968526,303.14752197265625,788.0;1384.0;4062.0;2352.0;290.0;4055.0;133.0;761.0;2742.0;1039.0,0.763542367324791,0.3396925790052121,0.6416533958834725,0.6791524072082054,0.6994665318188658,0.7560865221894093,44434,4096,139804.69103766157,139807.69103766157,303.14752197265625,-0.0001859540597363354,0.25912660309275914,0.19660964608192444,-277.57928466796875,4.352513321089764,1.8246272081341217,0.595226712151636,303.14752197265625,7.561251999975919,6.506739616394043,9.396408557891846,10.21827836036682,11.787811212539667,1319.1214184625148,58.20836097593667,36.61484204267332,123.45305887670771,164.13893316646585,271.63889612861703,303.14752197265625,4.4999810881949935,3.270097017288208,4.820395898818971,5.451511335372925,6.772686305046081,-0.9301649928092957,-7.384380103940339,-6.473175525665283,-3.290448141098021,-2.597423195838929,-1.82681774020195,580.726806640625,11.884361192135334,9.856682896614075,13.46224994659424,14.565669798851012,17.065300569534298,7.8225912722979585,0.3925466145438616,0.370960653748189,0.42162889740183934,0.433348364878179,0.4548950383417206,-61.621482877714996,0.5952266831047934
R2,mtbench,A_src29,0.478515625,0.81640625,1.1796875,1.4140625,1.9765625,2.421875,10.875,18.125024999986636,25.0,29.23142125374889,25.0,3280.0;2154.0;1950.0;2557.0;2521.0;58.0;1800.0;2520.0;610.0;2149.0,0.24177098404197195,0.8355067096372765,0.004362230584541193,0.01651327469194877,0.029872421394731247,0.11740000623052683,44434,4096,65.41407933460239,68.41407933460239,25.0,-0.0017299738254052531,0.5919640478931357,0.478515625,-24.25,12.715668245380767,2.311109242874522,0.8552440807781039,25.0,2.71948898225458,2.625,3.09375,3.234375,3.5625,3.2936109736464765,2.925478000384745,2.927057353318207,3.037133840068345,3.0703721679006852,3.134639104576466,25.0,2.6080085069991448,2.515625,2.96875,3.125,3.46875,-1.359375,-2.5950053731376874,-2.515625,-2.09375,-1.984375,-1.75,49.125,5.203013880136832,5.046875,5.828125,6.0625,6.578125,7.821678131572406,0.7387755971554906,0.7177305734721771,0.8073601090259362,0.8290922349953933,0.8705298805585469,0.04724897276990718,0.8552423310948467
R2,mtbench,A_src29_origbasis,0.3926951289176941,0.6782142221927643,0.9946565926074984,1.2164807260036465,1.8170800447463993,2.255739340782167,4.02341000318537,22.778208758925867,302.7757873535156,354.02264800007754,302.7757873535156,788.0;1384.0;4062.0;2352.0;290.0;761.0;2742.0;3773.0;1658.0;2252.0,0.5716538246360845,0.632347657592481,0.4263335021504255,0.4703643548873881,0.4923290279040597,0.556729475144943,44434,4096,32600.118346222567,32603.118346222567,302.7757873535156,-0.003671150612185205,0.49575701763513347,0.3926951289176941,-276.7262878417969,4.704399502244895,2.124633197033449,0.8552441180357742,302.7757873535156,19.96223429422082,19.329678535461426,25.764779090881348,27.45763530731201,30.800504207611063,1308.8709731815188,166.93368799440537,133.7323974959961,339.0394366511501,418.4890755534291,610.5946632905539,302.7757873535156,6.351698126110179,5.131331205368042,7.416993284225469,8.323982620239255,10.275715312957763,-1.885633111000061,-19.863846590947453,-19.329678535461426,-11.796991539001464,-9.262166690826426,-4.187019042968764,579.4346008300781,26.215544717057632,24.738538026809692,31.659936952590947,33.456803107261656,36.797665047645566,7.821678136122618,0.7387756208465407,0.71773057273089,0.8073601516745135,0.8290922565214681,0.8705299359313382,-23.548985602235476,0.855236238759778
R2,mtbench,B_concat,0.103515625,0.27734375,0.609375,0.88671875,1.578125,2.109375,10.5,17.5,25.0,41.972422853648204,25.0,19664.0;11472.0;15568.0;3280.0;7376.0;10346.0;18538.0;14442.0;6250.0;2154.0,0.5152904322086258,0.5210458098601085,0.006851143942041471,0.028319145548265402,0.05135151778930749,0.1920622937454242,44434,20480,277.96090407269395,280.96090407269395,25.0,-0.0005738894506994161,0.24154641410530103,0.103515625,-24.25,17.62841759853225,2.6495091926365433,0.5956291845998836,25.0,2.71948898225458,2.625,3.09375,3.234375,3.5625,11.239501422946544,8.707961333245612,8.708243459838986,9.311670939141377,9.508724313818302,9.927101514845079,25.0,2.6080085069991448,2.515625,2.96875,3.125,3.46875,-1.359375,-2.5951572838367016,-2.515625,-2.09375,-1.984375,-1.75,49.125,5.203165790835847,5.046875,5.828125,6.0625,6.578125,7.789694429809133,0.39629005257430944,0.37297874022871547,0.41737763622454466,0.4276283249113763,0.44773534232391826,0.11338868274429094,0.5956289081282242
R3,gsm8k,A_src1,0.01531982421875,0.0264892578125,0.03857421875,0.047119140625,0.0703125,2.0782031250000728,11.3125,18.125,24.375,41.251367671950575,24.375,3280.0;2154.0;1950.0;2521.0;58.0;610.0;1800.0;2557.0;2520.0;2926.0,0.6169887368439148,0.4796558542257745,0.009118328276982302,0.03834779779633425,0.06924470551349858,0.25224560180613215,20490,4096,455.2310699815683,458.2310699815683,24.375,-0.0004768887678291938,0.05475054752072648,0.01531982421875,-24.0,19.144865509289883,0.11899432982293434,0.5908894995637711,24.375,0.22880733074823084,0.0869140625,0.10546875,0.111328125,0.13291992187500057,3.432922136443478,2.98407892860175,2.9839611038682614,3.08389447723464,3.114267613816614,3.1672279491168465,24.375,0.2249257926885066,0.08251953125,0.10205078125,0.1083984375,0.130859375,-0.0478515625,-0.22200629260843704,-0.08251953125,-0.064453125,-0.06103515625,-0.055419921875,48.375,0.4469320852969436,0.16650390625,0.19921875,0.20849609375,0.2451171875,7.739822093867723,0.06793732161395812,0.023022229450308178,0.02697008915823779,0.02794485852619266,0.031184241144559036,0.15534389440314847,0.5908893071226006
R3,gsm8k,A_src1_origbasis,0.012138004414737225,0.021801123395562172,0.034149737656116515,0.04488315377384423,0.10588718518614816,0.2164981321990516,0.9354359241128748,2.0336127380116054,300.0799865722656,507.8445274788352,300.0799865722656,788.0;1384.0;4062.0;290.0;2352.0;4055.0;133.0;1039.0;1189.0;709.0,0.9955743768580148,0.06667464413370328,0.9824043872269679,0.9901623499298565,0.9915777625760018,0.9936879472315064,20490,4096,224502.38477437105,224505.38477437105,300.0799865722656,-0.0005314095978323228,0.020548370629504008,0.012138004414737225,-274.7288513183594,1.5830979609612414,0.17919964653815176,0.5908894756865756,300.0799865722656,2.0074017315557553,0.25442053377628326,0.3419631689786911,0.37120776027441016,0.47477877140045166,1319.01847300123,29.73285912396025,13.859640604120603,52.58541607513793,71.975371893507,119.55836183357475,300.0799865722656,2.0041210083560923,0.2527240514755249,0.3419445633888245,0.37120776027441016,0.47477877140045166,-0.09252406656742096,-1.790566241236839,-0.1852843016386032,-0.1412159517407417,-0.13132401853799822,-0.1170114132761955,574.808837890625,3.7946872495929314,0.4378989487886429,0.5617611810564995,0.6021321684122085,0.7897086387872697,7.739822053761639,0.06793732054939638,0.02302223033334583,0.02697008986774852,0.027944859694702756,0.031184242023415285,-97.71065983118704,0.5908892367279975
R3,gsm8k,A_src8,0.064453125,0.11083984375,0.16015625,0.193359375,0.28125,2.078125,11.375,18.125,24.375,40.67795772284556,24.375,3280.0;2154.0;1950.0;2521.0;58.0;610.0;1800.0;2557.0;2520.0;2926.0,0.6019451906098372,0.4973565678361573,0.008886846689861987,0.037416792059843614,0.06758207387746806,0.2468453167258147,20490,4096,432.7370351206707,435.7370351206707,24.375,-6.736649968933373e-05,0.1123326359207127,0.064453125,-24.0,18.98304693732793,0.46936105064821804,0.5992188734271314,24.375,0.5014658922797707,0.357421875,0.421875,0.443359375,0.50390625,3.3897362677341394,2.980835779327809,2.9803337972336275,3.08054792824644,3.112034681151922,3.1710293513300902,24.375,0.4856315199487555,0.341796875,0.404296875,0.427734375,0.5,-0.2080078125,-0.48085799284712055,-0.33984375,-0.2890625,-0.275390625,-0.2578125,48.375,0.966489512795876,0.685546875,0.791015625,0.830078125,0.93359375,7.754172147130389,0.14001940940091592,0.09499650932256831,0.1066462957116051,0.11043485592563534,0.12771664427940016,0.1856878358245874,0.5992188696403304
R3,gsm8k,A_src8_origbasis,0.05609072186052799,0.0975016038864851,0.14499400556087497,0.18111602067947385,0.32845780581235934,0.48322802379727475,1.0382702022791572,2.2968247599587372,300.31158447265625,501.17168385813227,300.31158447265625,788.0;1384.0;4062.0;290.0;2352.0;4055.0;133.0;1039.0;709.0;1189.0,0.978416935756474,0.11837244809804193,0.9586688946446784,0.9691940161248946,0.9718947076612404,0.9760587127186257,20490,4096,213585.0404683871,213588.0404683871,300.31158447265625,-0.00014935951892636946,0.07391722648200645,0.05609072186052799,-275.29901123046875,1.7327058045053454,0.5481431956891955,0.5992189785360381,300.31158447265625,3.223276765190025,1.4491832256317139,2.1147102594375613,2.3201410770416255,3.0151335811615017,1316.9280781369414,39.261097725550066,21.077867850693618,71.0733152484859,98.05992739005853,187.12571047126943,300.31158447265625,3.2193085065130607,1.4491273164749146,2.1147102594375613,2.3201410770416255,3.0151335811615017,-0.352294921875,-2.354360141060072,-0.7269674837589264,-0.5572257995605469,-0.5224955946207046,-0.47217267751693726,575.610595703125,5.5736686475731325,2.1969786286354065,2.9744610965251925,3.2180909574031826,4.023841584920883,7.754173222093253,0.14001942073690685,0.09499651421711851,0.10664629985305947,0.11043485763621397,0.12771664772541177,-94.93014750672664,0.5992189599215858
R3,gsm8k,A_src15,0.1103515625,0.1884765625,0.271484375,0.328125,0.4765625,2.046875,11.375062500002969,18.375,24.625,39.88999759429205,24.625,3280.0;2154.0;1950.0;2521.0;610.0;58.0;1800.0;2557.0;2520.0;1027.0,0.5750653612673136,0.5263057546591455,0.008491167753580327,0.03586618458250637,0.06494175668113947,0.23758378682275957,20490,4096,394.17426923407726,397.17426923407726,24.625,9.501876294372667e-05,0.16577272838833645,0.1103515625,-24.25,18.42644531005239,0.7719828214631392,0.617322674482278,24.625,0.7492503012140068,0.609375,0.69921875,0.734375,0.8246484375000023,3.3393894632672465,2.9730411063113285,2.9717139856173898,3.074315030237542,3.104612893705002,3.1667215129508013,24.625,0.7229090409956076,0.58203125,0.67578125,0.70703125,0.80078125,-0.34375,-0.7195818653916545,-0.578125,-0.49609375,-0.4765625,-0.43359375,48.75,1.4424909063872622,1.1640625,1.31640625,1.3671875,1.5004296875000023,7.806314070188413,0.20690319657133713,0.16360983235468496,0.17830179966324183,0.18277025927895252,0.19937682887059172,0.16703019688297635,0.6173226671695987
R3,gsm8k,A_src15_origbasis,0.0936061479151249,0.16216017305850983,0.24048416614532475,0.2997284859418868,0.5317439234256744,0.7323722866177559,1.2508244919777276,3.6834675421706313,302.3568115234375,489.7872798316596,302.3568115234375,788.0;1384.0;4062.0;2352.0;290.0;4055.0;133.0;1039.0;1189.0;3231.0,0.9509663005746593,0.172059894774877,0.9167245187932637,0.9330964669504368,0.9377943990847188,0.9479482368360804,20490,4096,194890.36347416413,194893.36347416413,302.3568115234375,0.00010503190143382893,0.12092156954140416,0.0936061479151249,-276.97198486328125,2.026208446853857,0.8613710685379647,0.6173227112540731,302.3568115234375,4.503858655251894,2.716694951057434,4.082438278198242,4.5355000495910645,6.098855295181276,1317.4063606858674,48.05113978876649,26.69048279319683,90.57009944820095,125.54068406431642,274.93898926263086,302.3568115234375,4.499511409530179,2.716694951057434,4.082438278198242,4.5355000495910645,6.098855295181276,-0.456865519285202,-2.830030277006332,-1.195848524570465,-0.8917927742004395,-0.8152400493621826,-0.6975250178575516,579.3287963867188,7.32954168653651,3.9244375228881836,5.470680844783783,6.005593597888946,7.898894970417033,7.806314687147851,0.20690320446673618,0.16360983695994027,0.17830180591761188,0.18277025930992982,0.19937683253078858,-88.59538558450674,0.6173227023189568
R3,gsm8k,A_src22,0.232421875,0.3984375,0.578125,0.69921875,1.0078125,2.078125,11.4375,18.375,24.625,35.7184696923009,24.625,3280.0;2154.0;1950.0;2521.0;610.0;58.0;1800.0;2557.0;2520.0;1027.0,0.46865402166500514,0.6274280664704541,0.007048067229996038,0.029720527908206174,0.05422563725628963,0.20100219281916773,20490,4096,253.95198444484254,256.95198444484254,24.625,-0.0005245439219788506,0.31072812052270904,0.232421875,-24.25,16.590050643885952,1.4618282329653605,0.6894192335823365,24.625,1.432450280624695,1.296875,1.5078125,1.578125,1.78125,3.396522691695337,2.972516010857719,2.973364804120707,3.0711851615202543,3.102144444108157,3.158003775962551,24.625,1.3765482018667643,1.2421875,1.453125,1.53125,1.734375,-0.69921875,-1.3686968109443631,-1.234375,-1.015625,-0.94921875,-0.84765625,48.75,2.7452450128111274,2.4921875,2.8515625,2.9609375,3.265625,7.817506458894823,0.38833655622089025,0.35061967310192776,0.38840755597969145,0.39869576145612423,0.42208535438414596,0.11493154127020322,0.6894190340329531
R3,gsm8k,A_src22_origbasis,0.18843527138233185,0.32775362581014633,0.4871491879224782,0.6083316445350646,1.0376563131809249,1.3850705724954617,2.482346138239103,8.30330515183765,302.8311767578125,439.25545838901434,302.8311767578125,788.0;1384.0;4062.0;2352.0;290.0;4055.0;133.0;1039.0;1189.0;3231.0,0.8521011865569905,0.31960112605378904,0.7667999669727076,0.7941004174238752,0.807392901967663,0.8432646790903684,20490,4096,126186.50823113907,126189.50823113907,302.8311767578125,-0.0005729555020681131,0.24237740411566844,0.18843527138233185,-277.4205322265625,3.6006335361713604,1.505116495522065,0.6894192683875963,302.8311767578125,8.891259996864258,7.363713979721069,9.827446365356447,10.549509096145629,12.162120447158818,1318.9279333452957,83.0612927326992,58.448011851573405,164.27978253690276,212.2454545602953,355.7701439007964,302.8311767578125,4.870117307581978,3.0547984838485718,4.1091724872589115,4.567220115661621,6.083605728149421,-1.0557756423950195,-8.735649380537287,-7.363713979721069,-4.164067745208739,-3.2953828811645516,-1.7752177715301514,580.251708984375,13.605766688119266,10.462600231170654,13.600091934204102,14.576011896133421,17.198354334831244,7.817506460106714,0.3883365688795504,0.35061966527952415,0.38840756921781316,0.39869577209652607,0.4220853670084854,-64.4088476391854,0.689419030304561
R3,gsm8k,A_src29,0.47265625,0.80859375,1.1640625,1.3984375,1.953125,2.546875,11.5625,18.5,24.875,27.147034045592434,24.875,3280.0;2154.0;1950.0;2557.0;2521.0;58.0;1800.0;610.0;2149.0;2520.0,0.3109378731455843,0.8812474218468664,0.005138052842955053,0.019937235354303806,0.036369133058124906,0.14114699060045147,20490,4096,80.5426398906106,83.5426398906106,24.875,-0.0012266553617536493,0.5903673775336478,0.47265625,-24.375,12.618596227222614,2.131519632976793,0.9163063618008274,24.875,2.6879167429233775,2.546875,2.953125,3.078125,3.46875,3.2821501434197327,2.909580473840611,2.912620735024939,3.029764177318098,3.063416382252142,3.1369773489864574,24.875,2.5838549292337727,2.4375,2.84375,2.984375,3.376718750000009,-1.390625,-2.5623806582479256,-2.421875,-2.0625,-1.9609375,-1.7578125,49.25,5.146235587481699,4.890625,5.5625,5.78125,6.34375,7.817440174047154,0.7358783425191747,0.6985873198491328,0.7794740629942857,0.8014301234134464,0.847558184447835,0.0589553724565621,0.916305540741347
R3,gsm8k,A_src29_origbasis,0.3855351060628891,0.6664398312568665,0.9732354879379272,1.1874259173870085,1.769475297927858,2.207954858541489,3.8679193089009853,22.332223987170295,302.3805236816406,329.99934738091304,302.3805236816406,788.0;1384.0;4062.0;2352.0;290.0;1951.0;761.0;1658.0;2252.0;2742.0,0.6631368484924658,0.6122519802140066,0.5345955077878768,0.572834053515639,0.5898116066137492,0.641700294804691,20490,4096,40162.35123837618,40165.35123837618,302.3805236816406,-0.004324829803930507,0.4805105817296864,0.3855351060628891,-276.6623229980469,4.221207213078373,1.9310955825237681,0.9163064293354725,302.3805236816406,20.827311511630835,19.60086727142334,26.498856544494632,28.148113536834718,31.96344926834107,1308.3335206138954,192.18691700702624,157.24601487769863,388.1265704414901,467.342561259682,704.5573941606581,302.3805236816406,6.5881928310270945,4.875730752944946,6.382252073287965,6.825567960739136,7.84505823135376,-1.736215353012085,-20.674487542215935,-19.60086727142334,-11.291606903076172,-9.003565645217908,-4.290232129096977,579.0428466796875,27.262680373243033,24.459069848060608,32.04851045608521,33.78339555263519,37.98413535118104,7.817441273268429,0.7358783699594866,0.6985873455758609,0.7794741281084391,0.801430176721755,0.8475580457230542,-29.65259235684715,0.9162962230025234
R3,gsm8k,B_concat,0.1005859375,0.271484375,0.59765625,0.87109375,1.578125,2.34375,11.375,18.250012499993318,24.875,35.87246695788713,24.875,19664.0;11472.0;15568.0;3280.0;18538.0;7376.0;10346.0;14442.0;6250.0;2154.0,0.5289040619672116,0.6023987330076797,0.007417645148474558,0.030892691810274618,0.05627147721791483,0.2069009688658158,20490,20480,244.9658244559416,247.9658244559416,24.875,-0.00044008715766146014,0.24679028197722647,0.1005859375,-24.375,16.403992427978537,2.2758286198157034,0.6934287521737013,24.875,2.6879167429233775,2.546875,2.953125,3.078125,3.46875,11.269484130587413,8.836547551129975,8.860937313214592,9.444648481063929,9.635844409593183,10.046958788510594,24.875,2.5838549292337727,2.4375,2.84375,2.984375,3.376718750000009,-1.390625,-2.5625636743533433,-2.421875,-2.0625,-1.9609375,-1.7578125,49.25,5.146418603587116,4.890625,5.5625,5.78125,6.34375,7.787122051234922,0.4004534831930171,0.36055222721560987,0.3976572996199493,0.40805196900283247,0.43065208197355764,0.11587799737112273,0.6934286125222048
R3,mtbench,A_src1,0.015380859375,0.026611328125,0.0390625,0.04736328125,0.0703125,1.171875,10.8125,17.875024999986636,24.375,52.5672316692548,24.375,3280.0;2154.0;1950.0;58.0;610.0;2521.0;1800.0;2520.0;2557.0;2926.0,0.6163494077641004,0.37692473249194247,0.009109484479915757,0.038309414943690875,0.06916551285623089,0.252017101802159,44434,4096,740.7160229467418,743.7160229467418,24.375,-0.0003373917260474219,0.04101536472807387,0.015380859375,-24.0,23.318284817387386,0.15163624519977345,0.4636919089322389,24.375,0.17535430335406163,0.087890625,0.10791015625,0.11376953125,0.1279296875,3.3361741267999143,2.9849054090842477,2.9823965591375377,3.0846868949932276,3.1148097934797807,3.1746455364647765,24.375,0.17127987357302404,0.083984375,0.10302734375,0.109375,0.123046875,-0.04541015625,-0.1698429471501975,-0.083984375,-0.064453125,-0.060546875,-0.05419921875,48.375,0.34112282072322153,0.16845703125,0.2041015625,0.2138671875,0.236328125,7.740278966878665,0.050980230730891196,0.0234115773738265,0.02773321435387823,0.028727981087074403,0.03098967826480821,0.1951789631796349,0.46369178618565904
R3,mtbench,A_src1_origbasis,0.012079274747520685,0.021807953249663115,0.034381279349327096,0.04524433817714452,0.10221938364207757,0.18112559199333209,0.8287159187793788,1.8401582664131255,300.1044616699219,647.2065705284639,300.1044616699219,788.0;1384.0;4062.0;290.0;2352.0;4055.0;133.0;1039.0;1189.0;709.0,0.9948673863001164,0.05507563510429152,0.9813947567136786,0.9892224399038574,0.9906970590192169,0.9929301695976195,44434,4096,364385.9581212968,364388.9581212968,300.1044616699219,-0.00035391578642524074,0.01904532643288179,0.012079274747520685,-274.77386474609375,1.7872123085109826,0.22044676163890906,0.46369192671341,300.1044616699219,1.3341535191092448,0.2524571269750595,0.3462874382734299,0.37569858133792877,0.46321458339691157,1319.01847300123,26.426699089563822,13.769842318998744,49.858460661777016,67.80016239234851,111.19210856565262,300.1044616699219,1.3298388722531638,0.2491597682237625,0.34614209830760956,0.37567463219165803,0.46321458339691157,-0.0989236831665039,-1.1804533878248005,-0.19001635164022446,-0.14866842180490492,-0.13861459866166115,-0.12217176705598831,574.8782958984375,2.5102922600779642,0.4415072873234749,0.5704655945301056,0.61416552439332,0.7664900700747964,7.740281051699701,0.05098023255644591,0.02341157792645543,0.027733215211861964,0.02872798190524523,0.03098967936793954,-124.36405722708707,0.46369179164916263
R3,mtbench,A_src8,0.06689453125,0.1142578125,0.1650390625,0.19921875,0.2890625,1.2187890625000364,10.875,17.875024999986636,24.375,51.363603968274695,24.375,3280.0;2154.0;1950.0;58.0;610.0;2521.0;1800.0;2557.0;2520.0;2926.0,0.5903973601249369,0.3989424323343419,0.00873400239586427,0.03678160072451266,0.0664535197947829,0.24302368060841972,44434,4096,678.7437221920121,681.7437221920121,24.375,-0.0001935371485448463,0.10148458826713075,0.06689453125,-24.0,22.91606946276871,0.6091196624442833,0.47455782143043335,24.375,0.46090517062525316,0.37109375,0.44140625,0.46484375,0.51953125,3.3679659267427704,2.9771726793837145,2.9754314377290614,3.0788692744583037,3.1095032658834727,3.172481639056396,24.375,0.4435103406527096,0.353515625,0.423828125,0.447265625,0.50390625,-0.20703125,-0.442049167198823,-0.353515625,-0.296875,-0.28125,-0.2578125,48.375,0.8855595078515326,0.708984375,0.833984375,0.873046875,0.95703125,7.754587340154132,0.12666641928323819,0.09869802145339754,0.11389945117279915,0.11803764382454655,0.12734976791201305,0.2308199998341886,0.4745577819656645
R3,mtbench,A_src8_origbasis,0.05723808892071247,0.09963507764041424,0.14820512086153032,0.18508037254214285,0.3286899718642238,0.47312200665474125,0.9591669315697229,2.2175895776013217,300.36846923828125,632.9438054603345,300.36846923828125,788.0;1384.0;4062.0;290.0;2352.0;4055.0;133.0;1039.0;709.0;1189.0,0.9665627860433895,0.1121947361317401,0.9404790039122788,0.9536502290013089,0.9574823270914635,0.9639760715582204,44434,4096,334209.1324455318,334212.1324455318,300.36846923828125,4.671847758443728e-05,0.07415636507309442,0.05723808892071247,-275.353759765625,2.0211800835121725,0.6926235704299337,0.47455787804073046,300.36846923828125,2.704159523601761,1.586634874343872,2.408156251907349,2.664073061943054,3.251013150215148,1317.0634435265717,43.050776121510395,25.133209182858472,86.3858268979643,121.22959406309698,224.05337984397187,300.36846923828125,2.6968769394607457,1.5865825414657593,2.408156251907349,2.664073061943054,3.251013150215148,-0.35014238953590393,-1.8046520143678917,-0.8020539581775665,-0.6059550464153288,-0.5610311627388,-0.49243369787931446,575.7222290039062,4.501528953828638,2.397878110408783,3.328261989355089,3.612367361783981,4.263412649631497,7.754587988684396,0.1266664260138438,0.09869802485937058,0.11389945575844337,0.11803764992115393,0.12734977271153486,-117.5262911313399,0.47455787574109937
R3,mtbench,A_src15,0.11328125,0.1953125,0.28125,0.33984375,0.48828125,1.21875,10.9375,18.000012499993318,24.5,49.205311125087924,24.5,3280.0;2154.0;1950.0;610.0;2521.0;58.0;1800.0;2557.0;2520.0;1027.0,0.5439590121036267,0.43469351200150125,0.00807494567470756,0.034165919805984934,0.061917006630045006,0.2273418942691775,44434,4096,574.5260242803097,577.5260242803097,24.5,-0.00029147474926498004,0.15942365303095432,0.11328125,-24.25,21.966656752271394,0.9806543192978301,0.49791373003855227,24.5,0.7325066214779223,0.64453125,0.75390625,0.7890625,0.87109375,3.321659635269855,2.976433914873149,2.9745784957339865,3.0786108059890167,3.1096375732414354,3.1708083905157443,24.5,0.7041926825460233,0.6171875,0.72265625,0.7578125,0.84375,-0.32421875,-0.7015190806167574,-0.61328125,-0.515625,-0.48828125,-0.435546875,48.75,1.4057117631627807,1.23828125,1.421875,1.47265625,1.59375,7.808964542581776,0.1992090848800065,0.17296164347974977,0.1937368950744213,0.19841624990928455,0.2077972525605015,0.1989262700925244,0.4979136447250415
R3,mtbench,A_src15_origbasis,0.09646965190768242,0.1670689433813095,0.24762311726808553,0.30797094553709026,0.5327858543396004,0.7286589616537096,1.2695989892482942,3.7380161770069416,302.5379638671875,607.6111873225582,302.5379638671875,788.0;1384.0;4062.0;2352.0;290.0;4055.0;133.0;1039.0;1189.0;3231.0,0.9197165991195401,0.17248895399517866,0.8713465982983374,0.891294491256611,0.8987902703510076,0.9165063286410754,44434,4096,283410.9292088105,283413.9292088105,302.5379638671875,2.0177373468065823e-05,0.12498935354486979,0.09646965190768242,-277.05224609375,2.549837182150555,1.0700364390832693,0.4979137484290284,302.5379638671875,3.996630732919629,2.8213452100753784,4.524766969680787,5.016151189804077,6.341199827194213,1317.7361667695743,48.438015863668596,26.720966185165373,101.48998666342374,140.20916342936863,266.4139374395653,302.5379638671875,3.9873730961521616,2.8213452100753784,4.524766969680787,5.016151189804077,6.341199827194213,-0.3645264506340027,-2.3918331994719075,-1.3778336644172668,-0.9869485557079315,-0.8860545486211779,-0.7313990163803105,579.58447265625,6.379206295624069,4.20905214548111,6.198678708076478,6.759952557086945,8.181311962604518,7.808964845888447,0.19920909142363935,0.1729616507948641,0.1937369004123103,0.19841625750114736,0.20779725674428848,-103.7902336918409,0.49791374802019617
R3,mtbench,A_src22,0.240234375,0.412109375,0.6015625,0.7265625,1.046875,1.421875,10.875,18.125,24.5,41.16078967912869,24.5,3280.0;2154.0;1950.0;58.0;610.0;2521.0;1800.0;2557.0;2520.0;1027.0,0.38890704674173715,0.5591616628354807,0.005990733714423931,0.025388838987434405,0.0463999611463939,0.17438386198196915,44434,4096,281.8744730563459,284.8744730563459,24.5,-0.00031706980423457895,0.31384441660721063,0.240234375,-24.25,18.270350520837734,1.758783742666851,0.59522667545961,24.5,1.4612669035817167,1.3828125,1.640625,1.71875,1.90625,3.335399188098878,2.9752442510227803,2.973923275018815,3.076049318398222,3.1068065592138177,3.16699147980219,24.5,1.3987297171085205,1.3125,1.5703125,1.65625,1.84375,-0.66796875,-1.3970312710987083,-1.3125,-1.0546875,-0.9765625,-0.86328125,48.75,2.7957609882072285,2.6484375,3.09375,3.2265625,3.5,7.822590255684278,0.3925466013129922,0.37096063953623193,0.42162888826952033,0.4333483491879239,0.4548950351952731,0.11004495433875279,0.5952265910100448
R3,mtbench,A_src22_origbasis,0.19660964608192444,0.3435322940349579,0.5138611018657694,0.643722203373909,1.0860668540000922,1.4311212086677574,2.590732193708458,8.129401370712948,303.14752197265625,509.29757650968526,303.14752197265625,788.0;1384.0;4062.0;2352.0;290.0;4055.0;133.0;761.0;2742.0;1039.0,0.763542367324791,0.3396925790052121,0.6416533958834725,0.6791524072082054,0.6994665318188658,0.7560865221894093,44434,4096,139804.69103766157,139807.69103766157,303.14752197265625,-0.0001859540597363354,0.25912660309275914,0.19660964608192444,-277.57928466796875,4.352513321089764,1.8246272081341217,0.595226712151636,303.14752197265625,7.561251999975919,6.506739616394043,9.396408557891846,10.21827836036682,11.787811212539667,1319.1214184625148,58.20836097593667,36.61484204267332,123.45305887670771,164.13893316646585,271.63889612861703,303.14752197265625,4.4999810881949935,3.270097017288208,4.820395898818971,5.451511335372925,6.772686305046081,-0.9301649928092957,-7.384380103940339,-6.473175525665283,-3.290448141098021,-2.597423195838929,-1.82681774020195,580.726806640625,11.884361192135334,9.856682896614075,13.46224994659424,14.565669798851012,17.065300569534298,7.8225912722979585,0.3925466145438616,0.370960653748189,0.42162889740183934,0.433348364878179,0.4548950383417206,-61.621482877714996,0.5952266831047934
R3,mtbench,A_src29,0.478515625,0.81640625,1.1796875,1.4140625,1.9765625,2.421875,10.875,18.125024999986636,25.0,29.23142125374889,25.0,3280.0;2154.0;1950.0;2557.0;2521.0;58.0;1800.0;2520.0;610.0;2149.0,0.24177098404197195,0.8355067096372765,0.004362230584541193,0.01651327469194877,0.029872421394731247,0.11740000623052683,44434,4096,65.41407933460239,68.41407933460239,25.0,-0.0017299738254052531,0.5919640478931357,0.478515625,-24.25,12.715668245380767,2.311109242874522,0.8552440807781039,25.0,2.71948898225458,2.625,3.09375,3.234375,3.5625,3.2936109736464765,2.925478000384745,2.927057353318207,3.037133840068345,3.0703721679006852,3.134639104576466,25.0,2.6080085069991448,2.515625,2.96875,3.125,3.46875,-1.359375,-2.5950053731376874,-2.515625,-2.09375,-1.984375,-1.75,49.125,5.203013880136832,5.046875,5.828125,6.0625,6.578125,7.821678131572406,0.7387755971554906,0.7177305734721771,0.8073601090259362,0.8290922349953933,0.8705298805585469,0.04724897276990718,0.8552423310948467
R3,mtbench,A_src29_origbasis,0.3926951289176941,0.6782142221927643,0.9946565926074984,1.2164807260036465,1.8170800447463993,2.255739340782167,4.02341000318537,22.778208758925867,302.7757873535156,354.02264800007754,302.7757873535156,788.0;1384.0;4062.0;2352.0;290.0;761.0;2742.0;3773.0;1658.0;2252.0,0.5716538246360845,0.632347657592481,0.4263335021504255,0.4703643548873881,0.4923290279040597,0.556729475144943,44434,4096,32600.118346222567,32603.118346222567,302.7757873535156,-0.003671150612185205,0.49575701763513347,0.3926951289176941,-276.7262878417969,4.704399502244895,2.124633197033449,0.8552441180357742,302.7757873535156,19.96223429422082,19.329678535461426,25.764779090881348,27.45763530731201,30.800504207611063,1308.8709731815188,166.93368799440537,133.7323974959961,339.0394366511501,418.4890755534291,610.5946632905539,302.7757873535156,6.351698126110179,5.131331205368042,7.416993284225469,8.323982620239255,10.275715312957763,-1.885633111000061,-19.863846590947453,-19.329678535461426,-11.796991539001464,-9.262166690826426,-4.187019042968764,579.4346008300781,26.215544717057632,24.738538026809692,31.659936952590947,33.456803107261656,36.797665047645566,7.821678136122618,0.7387756208465407,0.71773057273089,0.8073601516745135,0.8290922565214681,0.8705299359313382,-23.548985602235476,0.855236238759778
R3,mtbench,B_concat,0.103515625,0.27734375,0.609375,0.88671875,1.578125,2.109375,10.5,17.5,25.0,41.972422853648204,25.0,19664.0;11472.0;15568.0;3280.0;7376.0;10346.0;18538.0;14442.0;6250.0;2154.0,0.5152904322086258,0.5210458098601085,0.006851143942041471,0.028319145548265402,0.05135151778930749,0.1920622937454242,44434,20480,277.96090407269395,280.96090407269395,25.0,-0.0005738894506994161,0.24154641410530103,0.103515625,-24.25,17.62841759853225,2.6495091926365433,0.5956291845998836,25.0,2.71948898225458,2.625,3.09375,3.234375,3.5625,11.239501422946544,8.707961333245612,8.708243459838986,9.311670939141377,9.508724313818302,9.927101514845079,25.0,2.6080085069991448,2.515625,2.96875,3.125,3.46875,-1.359375,-2.5951572838367016,-2.515625,-2.09375,-1.984375,-1.75,49.125,5.203165790835847,5.046875,5.828125,6.0625,6.578125,7.789694429809133,0.39629005257430944,0.37297874022871547,0.41737763622454466,0.4276283249113763,0.44773534232391826,0.11338868274429094,0.5956289081282242
R4,gsm8k,A_src1,0.01531982421875,0.0264892578125,0.03857421875,0.047119140625,0.0703125,2.0782031250000728,11.3125,18.125,24.375,41.251367671950575,24.375,3280.0;2154.0;1950.0;2521.0;58.0;610.0;1800.0;2557.0;2520.0;2926.0,0.6169887368439148,0.4796558542257745,0.009118328276982302,0.03834779779633425,0.06924470551349858,0.25224560180613215,20490,4096,455.2310699815683,458.2310699815683,24.375,-0.0004768887678291938,0.05475054752072648,0.01531982421875,-24.0,19.144865509289883,0.11899432982293434,0.5908894995637711,24.375,0.22880733074823084,0.0869140625,0.10546875,0.111328125,0.13291992187500057,3.432922136443478,2.98407892860175,2.9839611038682614,3.08389447723464,3.114267613816614,3.1672279491168465,24.375,0.2249257926885066,0.08251953125,0.10205078125,0.1083984375,0.130859375,-0.0478515625,-0.22200629260843704,-0.08251953125,-0.064453125,-0.06103515625,-0.055419921875,48.375,0.4469320852969436,0.16650390625,0.19921875,0.20849609375,0.2451171875,7.739822093867723,0.06793732161395812,0.023022229450308178,0.02697008915823779,0.02794485852619266,0.031184241144559036,0.15534389440314847,0.5908893071226006
R4,gsm8k,A_src1_origbasis,0.012138004414737225,0.021801123395562172,0.034149737656116515,0.04488315377384423,0.10588718518614816,0.2164981321990516,0.9354359241128748,2.0336127380116054,300.0799865722656,507.8445274788352,300.0799865722656,788.0;1384.0;4062.0;290.0;2352.0;4055.0;133.0;1039.0;1189.0;709.0,0.9955743768580148,0.06667464413370328,0.9824043872269679,0.9901623499298565,0.9915777625760018,0.9936879472315064,20490,4096,224502.38477437105,224505.38477437105,300.0799865722656,-0.0005314095978323228,0.020548370629504008,0.012138004414737225,-274.7288513183594,1.5830979609612414,0.17919964653815176,0.5908894756865756,300.0799865722656,2.0074017315557553,0.25442053377628326,0.3419631689786911,0.37120776027441016,0.47477877140045166,1319.01847300123,29.73285912396025,13.859640604120603,52.58541607513793,71.975371893507,119.55836183357475,300.0799865722656,2.0041210083560923,0.2527240514755249,0.3419445633888245,0.37120776027441016,0.47477877140045166,-0.09252406656742096,-1.790566241236839,-0.1852843016386032,-0.1412159517407417,-0.13132401853799822,-0.1170114132761955,574.808837890625,3.7946872495929314,0.4378989487886429,0.5617611810564995,0.6021321684122085,0.7897086387872697,7.739822053761639,0.06793732054939638,0.02302223033334583,0.02697008986774852,0.027944859694702756,0.031184242023415285,-97.71065983118704,0.5908892367279975
R4,gsm8k,A_src8,0.064453125,0.11083984375,0.16015625,0.193359375,0.28125,2.078125,11.375,18.125,24.375,40.67795772284556,24.375,3280.0;2154.0;1950.0;2521.0;58.0;610.0;1800.0;2557.0;2520.0;2926.0,0.6019451906098372,0.4973565678361573,0.008886846689861987,0.037416792059843614,0.06758207387746806,0.2468453167258147,20490,4096,432.7370351206707,435.7370351206707,24.375,-6.736649968933373e-05,0.1123326359207127,0.064453125,-24.0,18.98304693732793,0.46936105064821804,0.5992188734271314,24.375,0.5014658922797707,0.357421875,0.421875,0.443359375,0.50390625,3.3897362677341394,2.980835779327809,2.9803337972336275,3.08054792824644,3.112034681151922,3.1710293513300902,24.375,0.4856315199487555,0.341796875,0.404296875,0.427734375,0.5,-0.2080078125,-0.48085799284712055,-0.33984375,-0.2890625,-0.275390625,-0.2578125,48.375,0.966489512795876,0.685546875,0.791015625,0.830078125,0.93359375,7.754172147130389,0.14001940940091592,0.09499650932256831,0.1066462957116051,0.11043485592563534,0.12771664427940016,0.1856878358245874,0.5992188696403304
R4,gsm8k,A_src8_origbasis,0.05609072186052799,0.0975016038864851,0.14499400556087497,0.18111602067947385,0.32845780581235934,0.48322802379727475,1.0382702022791572,2.2968247599587372,300.31158447265625,501.17168385813227,300.31158447265625,788.0;1384.0;4062.0;290.0;2352.0;4055.0;133.0;1039.0;709.0;1189.0,0.978416935756474,0.11837244809804193,0.9586688946446784,0.9691940161248946,0.9718947076612404,0.9760587127186257,20490,4096,213585.0404683871,213588.0404683871,300.31158447265625,-0.00014935951892636946,0.07391722648200645,0.05609072186052799,-275.29901123046875,1.7327058045053454,0.5481431956891955,0.5992189785360381,300.31158447265625,3.223276765190025,1.4491832256317139,2.1147102594375613,2.3201410770416255,3.0151335811615017,1316.9280781369414,39.261097725550066,21.077867850693618,71.0733152484859,98.05992739005853,187.12571047126943,300.31158447265625,3.2193085065130607,1.4491273164749146,2.1147102594375613,2.3201410770416255,3.0151335811615017,-0.352294921875,-2.354360141060072,-0.7269674837589264,-0.5572257995605469,-0.5224955946207046,-0.47217267751693726,575.610595703125,5.5736686475731325,2.1969786286354065,2.9744610965251925,3.2180909574031826,4.023841584920883,7.754173222093253,0.14001942073690685,0.09499651421711851,0.10664629985305947,0.11043485763621397,0.12771664772541177,-94.93014750672664,0.5992189599215858
R4,gsm8k,A_src15,0.1103515625,0.1884765625,0.271484375,0.328125,0.4765625,2.046875,11.375062500002969,18.375,24.625,39.88999759429205,24.625,3280.0;2154.0;1950.0;2521.0;610.0;58.0;1800.0;2557.0;2520.0;1027.0,0.5750653612673136,0.5263057546591455,0.008491167753580327,0.03586618458250637,0.06494175668113947,0.23758378682275957,20490,4096,394.17426923407726,397.17426923407726,24.625,9.501876294372667e-05,0.16577272838833645,0.1103515625,-24.25,18.42644531005239,0.7719828214631392,0.617322674482278,24.625,0.7492503012140068,0.609375,0.69921875,0.734375,0.8246484375000023,3.3393894632672465,2.9730411063113285,2.9717139856173898,3.074315030237542,3.104612893705002,3.1667215129508013,24.625,0.7229090409956076,0.58203125,0.67578125,0.70703125,0.80078125,-0.34375,-0.7195818653916545,-0.578125,-0.49609375,-0.4765625,-0.43359375,48.75,1.4424909063872622,1.1640625,1.31640625,1.3671875,1.5004296875000023,7.806314070188413,0.20690319657133713,0.16360983235468496,0.17830179966324183,0.18277025927895252,0.19937682887059172,0.16703019688297635,0.6173226671695987
R4,gsm8k,A_src15_origbasis,0.0936061479151249,0.16216017305850983,0.24048416614532475,0.2997284859418868,0.5317439234256744,0.7323722866177559,1.2508244919777276,3.6834675421706313,302.3568115234375,489.7872798316596,302.3568115234375,788.0;1384.0;4062.0;2352.0;290.0;4055.0;133.0;1039.0;1189.0;3231.0,0.9509663005746593,0.172059894774877,0.9167245187932637,0.9330964669504368,0.9377943990847188,0.9479482368360804,20490,4096,194890.36347416413,194893.36347416413,302.3568115234375,0.00010503190143382893,0.12092156954140416,0.0936061479151249,-276.97198486328125,2.026208446853857,0.8613710685379647,0.6173227112540731,302.3568115234375,4.503858655251894,2.716694951057434,4.082438278198242,4.5355000495910645,6.098855295181276,1317.4063606858674,48.05113978876649,26.69048279319683,90.57009944820095,125.54068406431642,274.93898926263086,302.3568115234375,4.499511409530179,2.716694951057434,4.082438278198242,4.5355000495910645,6.098855295181276,-0.456865519285202,-2.830030277006332,-1.195848524570465,-0.8917927742004395,-0.8152400493621826,-0.6975250178575516,579.3287963867188,7.32954168653651,3.9244375228881836,5.470680844783783,6.005593597888946,7.898894970417033,7.806314687147851,0.20690320446673618,0.16360983695994027,0.17830180591761188,0.18277025930992982,0.19937683253078858,-88.59538558450674,0.6173227023189568
R4,gsm8k,A_src22,0.232421875,0.3984375,0.578125,0.69921875,1.0078125,2.078125,11.4375,18.375,24.625,35.7184696923009,24.625,3280.0;2154.0;1950.0;2521.0;610.0;58.0;1800.0;2557.0;2520.0;1027.0,0.46865402166500514,0.6274280664704541,0.007048067229996038,0.029720527908206174,0.05422563725628963,0.20100219281916773,20490,4096,253.95198444484254,256.95198444484254,24.625,-0.0005245439219788506,0.31072812052270904,0.232421875,-24.25,16.590050643885952,1.4618282329653605,0.6894192335823365,24.625,1.432450280624695,1.296875,1.5078125,1.578125,1.78125,3.396522691695337,2.972516010857719,2.973364804120707,3.0711851615202543,3.102144444108157,3.158003775962551,24.625,1.3765482018667643,1.2421875,1.453125,1.53125,1.734375,-0.69921875,-1.3686968109443631,-1.234375,-1.015625,-0.94921875,-0.84765625,48.75,2.7452450128111274,2.4921875,2.8515625,2.9609375,3.265625,7.817506458894823,0.38833655622089025,0.35061967310192776,0.38840755597969145,0.39869576145612423,0.42208535438414596,0.11493154127020322,0.6894190340329531
R4,gsm8k,A_src22_origbasis,0.18843527138233185,0.32775362581014633,0.4871491879224782,0.6083316445350646,1.0376563131809249,1.3850705724954617,2.482346138239103,8.30330515183765,302.8311767578125,439.25545838901434,302.8311767578125,788.0;1384.0;4062.0;2352.0;290.0;4055.0;133.0;1039.0;1189.0;3231.0,0.8521011865569905,0.31960112605378904,0.7667999669727076,0.7941004174238752,0.807392901967663,0.8432646790903684,20490,4096,126186.50823113907,126189.50823113907,302.8311767578125,-0.0005729555020681131,0.24237740411566844,0.18843527138233185,-277.4205322265625,3.6006335361713604,1.505116495522065,0.6894192683875963,302.8311767578125,8.891259996864258,7.363713979721069,9.827446365356447,10.549509096145629,12.162120447158818,1318.9279333452957,83.0612927326992,58.448011851573405,164.27978253690276,212.2454545602953,355.7701439007964,302.8311767578125,4.870117307581978,3.0547984838485718,4.1091724872589115,4.567220115661621,6.083605728149421,-1.0557756423950195,-8.735649380537287,-7.363713979721069,-4.164067745208739,-3.2953828811645516,-1.7752177715301514,580.251708984375,13.605766688119266,10.462600231170654,13.600091934204102,14.576011896133421,17.198354334831244,7.817506460106714,0.3883365688795504,0.35061966527952415,0.38840756921781316,0.39869577209652607,0.4220853670084854,-64.4088476391854,0.689419030304561
R4,gsm8k,A_src29,0.47265625,0.80859375,1.1640625,1.3984375,1.953125,2.546875,11.5625,18.5,24.875,27.147034045592434,24.875,3280.0;2154.0;1950.0;2557.0;2521.0;58.0;1800.0;610.0;2149.0;2520.0,0.3109378731455843,0.8812474218468664,0.005138052842955053,0.019937235354303806,0.036369133058124906,0.14114699060045147,20490,4096,80.5426398906106,83.5426398906106,24.875,-0.0012266553617536493,0.5903673775336478,0.47265625,-24.375,12.618596227222614,2.131519632976793,0.9163063618008274,24.875,2.6879167429233775,2.546875,2.953125,3.078125,3.46875,3.2821501434197327,2.909580473840611,2.912620735024939,3.029764177318098,3.063416382252142,3.1369773489864574,24.875,2.5838549292337727,2.4375,2.84375,2.984375,3.376718750000009,-1.390625,-2.5623806582479256,-2.421875,-2.0625,-1.9609375,-1.7578125,49.25,5.146235587481699,4.890625,5.5625,5.78125,6.34375,7.817440174047154,0.7358783425191747,0.6985873198491328,0.7794740629942857,0.8014301234134464,0.847558184447835,0.0589553724565621,0.916305540741347
R4,gsm8k,A_src29_origbasis,0.3855351060628891,0.6664398312568665,0.9732354879379272,1.1874259173870085,1.769475297927858,2.207954858541489,3.8679193089009853,22.332223987170295,302.3805236816406,329.99934738091304,302.3805236816406,788.0;1384.0;4062.0;2352.0;290.0;1951.0;761.0;1658.0;2252.0;2742.0,0.6631368484924658,0.6122519802140066,0.5345955077878768,0.572834053515639,0.5898116066137492,0.641700294804691,20490,4096,40162.35123837618,40165.35123837618,302.3805236816406,-0.004324829803930507,0.4805105817296864,0.3855351060628891,-276.6623229980469,4.221207213078373,1.9310955825237681,0.9163064293354725,302.3805236816406,20.827311511630835,19.60086727142334,26.498856544494632,28.148113536834718,31.96344926834107,1308.3335206138954,192.18691700702624,157.24601487769863,388.1265704414901,467.342561259682,704.5573941606581,302.3805236816406,6.5881928310270945,4.875730752944946,6.382252073287965,6.825567960739136,7.84505823135376,-1.736215353012085,-20.674487542215935,-19.60086727142334,-11.291606903076172,-9.003565645217908,-4.290232129096977,579.0428466796875,27.262680373243033,24.459069848060608,32.04851045608521,33.78339555263519,37.98413535118104,7.817441273268429,0.7358783699594866,0.6985873455758609,0.7794741281084391,0.801430176721755,0.8475580457230542,-29.65259235684715,0.9162962230025234
R4,gsm8k,B_concat,0.1005859375,0.271484375,0.59765625,0.87109375,1.578125,2.34375,11.375,18.250012499993318,24.875,35.87246695788713,24.875,19664.0;11472.0;15568.0;3280.0;18538.0;7376.0;10346.0;14442.0;6250.0;2154.0,0.5289040619672116,0.6023987330076797,0.007417645148474558,0.030892691810274618,0.05627147721791483,0.2069009688658158,20490,20480,244.9658244559416,247.9658244559416,24.875,-0.00044008715766146014,0.24679028197722647,0.1005859375,-24.375,16.403992427978537,2.2758286198157034,0.6934287521737013,24.875,2.6879167429233775,2.546875,2.953125,3.078125,3.46875,11.269484130587413,8.836547551129975,8.860937313214592,9.444648481063929,9.635844409593183,10.046958788510594,24.875,2.5838549292337727,2.4375,2.84375,2.984375,3.376718750000009,-1.390625,-2.5625636743533433,-2.421875,-2.0625,-1.9609375,-1.7578125,49.25,5.146418603587116,4.890625,5.5625,5.78125,6.34375,7.787122051234922,0.4004534831930171,0.36055222721560987,0.3976572996199493,0.40805196900283247,0.43065208197355764,0.11587799737112273,0.6934286125222048
R4,mtbench,A_src1,0.015380859375,0.026611328125,0.0390625,0.04736328125,0.0703125,1.171875,10.8125,17.875024999986636,24.375,52.5672316692548,24.375,3280.0;2154.0;1950.0;58.0;610.0;2521.0;1800.0;2520.0;2557.0;2926.0,0.6163494077641004,0.37692473249194247,0.009109484479915757,0.038309414943690875,0.06916551285623089,0.252017101802159,44434,4096,740.7160229467418,743.7160229467418,24.375,-0.0003373917260474219,0.04101536472807387,0.015380859375,-24.0,23.318284817387386,0.15163624519977345,0.4636919089322389,24.375,0.17535430335406163,0.087890625,0.10791015625,0.11376953125,0.1279296875,3.3361741267999143,2.9849054090842477,2.9823965591375377,3.0846868949932276,3.1148097934797807,3.1746455364647765,24.375,0.17127987357302404,0.083984375,0.10302734375,0.109375,0.123046875,-0.04541015625,-0.1698429471501975,-0.083984375,-0.064453125,-0.060546875,-0.05419921875,48.375,0.34112282072322153,0.16845703125,0.2041015625,0.2138671875,0.236328125,7.740278966878665,0.050980230730891196,0.0234115773738265,0.02773321435387823,0.028727981087074403,0.03098967826480821,0.1951789631796349,0.46369178618565904
R4,mtbench,A_src1_origbasis,0.012079274747520685,0.021807953249663115,0.034381279349327096,0.04524433817714452,0.10221938364207757,0.18112559199333209,0.8287159187793788,1.8401582664131255,300.1044616699219,647.2065705284639,300.1044616699219,788.0;1384.0;4062.0;290.0;2352.0;4055.0;133.0;1039.0;1189.0;709.0,0.9948673863001164,0.05507563510429152,0.9813947567136786,0.9892224399038574,0.9906970590192169,0.9929301695976195,44434,4096,364385.9581212968,364388.9581212968,300.1044616699219,-0.00035391578642524074,0.01904532643288179,0.012079274747520685,-274.77386474609375,1.7872123085109826,0.22044676163890906,0.46369192671341,300.1044616699219,1.3341535191092448,0.2524571269750595,0.3462874382734299,0.37569858133792877,0.46321458339691157,1319.01847300123,26.426699089563822,13.769842318998744,49.858460661777016,67.80016239234851,111.19210856565262,300.1044616699219,1.3298388722531638,0.2491597682237625,0.34614209830760956,0.37567463219165803,0.46321458339691157,-0.0989236831665039,-1.1804533878248005,-0.19001635164022446,-0.14866842180490492,-0.13861459866166115,-0.12217176705598831,574.8782958984375,2.5102922600779642,0.4415072873234749,0.5704655945301056,0.61416552439332,0.7664900700747964,7.740281051699701,0.05098023255644591,0.02341157792645543,0.027733215211861964,0.02872798190524523,0.03098967936793954,-124.36405722708707,0.46369179164916263
R4,mtbench,A_src8,0.06689453125,0.1142578125,0.1650390625,0.19921875,0.2890625,1.2187890625000364,10.875,17.875024999986636,24.375,51.363603968274695,24.375,3280.0;2154.0;1950.0;58.0;610.0;2521.0;1800.0;2557.0;2520.0;2926.0,0.5903973601249369,0.3989424323343419,0.00873400239586427,0.03678160072451266,0.0664535197947829,0.24302368060841972,44434,4096,678.7437221920121,681.7437221920121,24.375,-0.0001935371485448463,0.10148458826713075,0.06689453125,-24.0,22.91606946276871,0.6091196624442833,0.47455782143043335,24.375,0.46090517062525316,0.37109375,0.44140625,0.46484375,0.51953125,3.3679659267427704,2.9771726793837145,2.9754314377290614,3.0788692744583037,3.1095032658834727,3.172481639056396,24.375,0.4435103406527096,0.353515625,0.423828125,0.447265625,0.50390625,-0.20703125,-0.442049167198823,-0.353515625,-0.296875,-0.28125,-0.2578125,48.375,0.8855595078515326,0.708984375,0.833984375,0.873046875,0.95703125,7.754587340154132,0.12666641928323819,0.09869802145339754,0.11389945117279915,0.11803764382454655,0.12734976791201305,0.2308199998341886,0.4745577819656645
R4,mtbench,A_src8_origbasis,0.05723808892071247,0.09963507764041424,0.14820512086153032,0.18508037254214285,0.3286899718642238,0.47312200665474125,0.9591669315697229,2.2175895776013217,300.36846923828125,632.9438054603345,300.36846923828125,788.0;1384.0;4062.0;290.0;2352.0;4055.0;133.0;1039.0;709.0;1189.0,0.9665627860433895,0.1121947361317401,0.9404790039122788,0.9536502290013089,0.9574823270914635,0.9639760715582204,44434,4096,334209.1324455318,334212.1324455318,300.36846923828125,4.671847758443728e-05,0.07415636507309442,0.05723808892071247,-275.353759765625,2.0211800835121725,0.6926235704299337,0.47455787804073046,300.36846923828125,2.704159523601761,1.586634874343872,2.408156251907349,2.664073061943054,3.251013150215148,1317.0634435265717,43.050776121510395,25.133209182858472,86.3858268979643,121.22959406309698,224.05337984397187,300.36846923828125,2.6968769394607457,1.5865825414657593,2.408156251907349,2.664073061943054,3.251013150215148,-0.35014238953590393,-1.8046520143678917,-0.8020539581775665,-0.6059550464153288,-0.5610311627388,-0.49243369787931446,575.7222290039062,4.501528953828638,2.397878110408783,3.328261989355089,3.612367361783981,4.263412649631497,7.754587988684396,0.1266664260138438,0.09869802485937058,0.11389945575844337,0.11803764992115393,0.12734977271153486,-117.5262911313399,0.47455787574109937
R4,mtbench,A_src15,0.11328125,0.1953125,0.28125,0.33984375,0.48828125,1.21875,10.9375,18.000012499993318,24.5,49.205311125087924,24.5,3280.0;2154.0;1950.0;610.0;2521.0;58.0;1800.0;2557.0;2520.0;1027.0,0.5439590121036267,0.43469351200150125,0.00807494567470756,0.034165919805984934,0.061917006630045006,0.2273418942691775,44434,4096,574.5260242803097,577.5260242803097,24.5,-0.00029147474926498004,0.15942365303095432,0.11328125,-24.25,21.966656752271394,0.9806543192978301,0.49791373003855227,24.5,0.7325066214779223,0.64453125,0.75390625,0.7890625,0.87109375,3.321659635269855,2.976433914873149,2.9745784957339865,3.0786108059890167,3.1096375732414354,3.1708083905157443,24.5,0.7041926825460233,0.6171875,0.72265625,0.7578125,0.84375,-0.32421875,-0.7015190806167574,-0.61328125,-0.515625,-0.48828125,-0.435546875,48.75,1.4057117631627807,1.23828125,1.421875,1.47265625,1.59375,7.808964542581776,0.1992090848800065,0.17296164347974977,0.1937368950744213,0.19841624990928455,0.2077972525605015,0.1989262700925244,0.4979136447250415
R4,mtbench,A_src15_origbasis,0.09646965190768242,0.1670689433813095,0.24762311726808553,0.30797094553709026,0.5327858543396004,0.7286589616537096,1.2695989892482942,3.7380161770069416,302.5379638671875,607.6111873225582,302.5379638671875,788.0;1384.0;4062.0;2352.0;290.0;4055.0;133.0;1039.0;1189.0;3231.0,0.9197165991195401,0.17248895399517866,0.8713465982983374,0.891294491256611,0.8987902703510076,0.9165063286410754,44434,4096,283410.9292088105,283413.9292088105,302.5379638671875,2.0177373468065823e-05,0.12498935354486979,0.09646965190768242,-277.05224609375,2.549837182150555,1.0700364390832693,0.4979137484290284,302.5379638671875,3.996630732919629,2.8213452100753784,4.524766969680787,5.016151189804077,6.341199827194213,1317.7361667695743,48.438015863668596,26.720966185165373,101.48998666342374,140.20916342936863,266.4139374395653,302.5379638671875,3.9873730961521616,2.8213452100753784,4.524766969680787,5.016151189804077,6.341199827194213,-0.3645264506340027,-2.3918331994719075,-1.3778336644172668,-0.9869485557079315,-0.8860545486211779,-0.7313990163803105,579.58447265625,6.379206295624069,4.20905214548111,6.198678708076478,6.759952557086945,8.181311962604518,7.808964845888447,0.19920909142363935,0.1729616507948641,0.1937369004123103,0.19841625750114736,0.20779725674428848,-103.7902336918409,0.49791374802019617
R4,mtbench,A_src22,0.240234375,0.412109375,0.6015625,0.7265625,1.046875,1.421875,10.875,18.125,24.5,41.16078967912869,24.5,3280.0;2154.0;1950.0;58.0;610.0;2521.0;1800.0;2557.0;2520.0;1027.0,0.38890704674173715,0.5591616628354807,0.005990733714423931,0.025388838987434405,0.0463999611463939,0.17438386198196915,44434,4096,281.8744730563459,284.8744730563459,24.5,-0.00031706980423457895,0.31384441660721063,0.240234375,-24.25,18.270350520837734,1.758783742666851,0.59522667545961,24.5,1.4612669035817167,1.3828125,1.640625,1.71875,1.90625,3.335399188098878,2.9752442510227803,2.973923275018815,3.076049318398222,3.1068065592138177,3.16699147980219,24.5,1.3987297171085205,1.3125,1.5703125,1.65625,1.84375,-0.66796875,-1.3970312710987083,-1.3125,-1.0546875,-0.9765625,-0.86328125,48.75,2.7957609882072285,2.6484375,3.09375,3.2265625,3.5,7.822590255684278,0.3925466013129922,0.37096063953623193,0.42162888826952033,0.4333483491879239,0.4548950351952731,0.11004495433875279,0.5952265910100448
R4,mtbench,A_src22_origbasis,0.19660964608192444,0.3435322940349579,0.5138611018657694,0.643722203373909,1.0860668540000922,1.4311212086677574,2.590732193708458,8.129401370712948,303.14752197265625,509.29757650968526,303.14752197265625,788.0;1384.0;4062.0;2352.0;290.0;4055.0;133.0;761.0;2742.0;1039.0,0.763542367324791,0.3396925790052121,0.6416533958834725,0.6791524072082054,0.6994665318188658,0.7560865221894093,44434,4096,139804.69103766157,139807.69103766157,303.14752197265625,-0.0001859540597363354,0.25912660309275914,0.19660964608192444,-277.57928466796875,4.352513321089764,1.8246272081341217,0.595226712151636,303.14752197265625,7.561251999975919,6.506739616394043,9.396408557891846,10.21827836036682,11.787811212539667,1319.1214184625148,58.20836097593667,36.61484204267332,123.45305887670771,164.13893316646585,271.63889612861703,303.14752197265625,4.4999810881949935,3.270097017288208,4.820395898818971,5.451511335372925,6.772686305046081,-0.9301649928092957,-7.384380103940339,-6.473175525665283,-3.290448141098021,-2.597423195838929,-1.82681774020195,580.726806640625,11.884361192135334,9.856682896614075,13.46224994659424,14.565669798851012,17.065300569534298,7.8225912722979585,0.3925466145438616,0.370960653748189,0.42162889740183934,0.433348364878179,0.4548950383417206,-61.621482877714996,0.5952266831047934
R4,mtbench,A_src29,0.478515625,0.81640625,1.1796875,1.4140625,1.9765625,2.421875,10.875,18.125024999986636,25.0,29.23142125374889,25.0,3280.0;2154.0;1950.0;2557.0;2521.0;58.0;1800.0;2520.0;610.0;2149.0,0.24177098404197195,0.8355067096372765,0.004362230584541193,0.01651327469194877,0.029872421394731247,0.11740000623052683,44434,4096,65.41407933460239,68.41407933460239,25.0,-0.0017299738254052531,0.5919640478931357,0.478515625,-24.25,12.715668245380767,2.311109242874522,0.8552440807781039,25.0,2.71948898225458,2.625,3.09375,3.234375,3.5625,3.2936109736464765,2.925478000384745,2.927057353318207,3.037133840068345,3.0703721679006852,3.134639104576466,25.0,2.6080085069991448,2.515625,2.96875,3.125,3.46875,-1.359375,-2.5950053731376874,-2.515625,-2.09375,-1.984375,-1.75,49.125,5.203013880136832,5.046875,5.828125,6.0625,6.578125,7.821678131572406,0.7387755971554906,0.7177305734721771,0.8073601090259362,0.8290922349953933,0.8705298805585469,0.04724897276990718,0.8552423310948467
R4,mtbench,A_src29_origbasis,0.3926951289176941,0.6782142221927643,0.9946565926074984,1.2164807260036465,1.8170800447463993,2.255739340782167,4.02341000318537,22.778208758925867,302.7757873535156,354.02264800007754,302.7757873535156,788.0;1384.0;4062.0;2352.0;290.0;761.0;2742.0;3773.0;1658.0;2252.0,0.5716538246360845,0.632347657592481,0.4263335021504255,0.4703643548873881,0.4923290279040597,0.556729475144943,44434,4096,32600.118346222567,32603.118346222567,302.7757873535156,-0.003671150612185205,0.49575701763513347,0.3926951289176941,-276.7262878417969,4.704399502244895,2.124633197033449,0.8552441180357742,302.7757873535156,19.96223429422082,19.329678535461426,25.764779090881348,27.45763530731201,30.800504207611063,1308.8709731815188,166.93368799440537,133.7323974959961,339.0394366511501,418.4890755534291,610.5946632905539,302.7757873535156,6.351698126110179,5.131331205368042,7.416993284225469,8.323982620239255,10.275715312957763,-1.885633111000061,-19.863846590947453,-19.329678535461426,-11.796991539001464,-9.262166690826426,-4.187019042968764,579.4346008300781,26.215544717057632,24.738538026809692,31.659936952590947,33.456803107261656,36.797665047645566,7.821678136122618,0.7387756208465407,0.71773057273089,0.8073601516745135,0.8290922565214681,0.8705299359313382,-23.548985602235476,0.855236238759778
R4,mtbench,B_concat,0.103515625,0.27734375,0.609375,0.88671875,1.578125,2.109375,10.5,17.5,25.0,41.972422853648204,25.0,19664.0;11472.0;15568.0;3280.0;7376.0;10346.0;18538.0;14442.0;6250.0;2154.0,0.5152904322086258,0.5210458098601085,0.006851143942041471,0.028319145548265402,0.05135151778930749,0.1920622937454242,44434,20480,277.96090407269395,280.96090407269395,25.0,-0.0005738894506994161,0.24154641410530103,0.103515625,-24.25,17.62841759853225,2.6495091926365433,0.5956291845998836,25.0,2.71948898225458,2.625,3.09375,3.234375,3.5625,11.239501422946544,8.707961333245612,8.708243459838986,9.311670939141377,9.508724313818302,9.927101514845079,25.0,2.6080085069991448,2.515625,2.96875,3.125,3.46875,-1.359375,-2.5951572838367016,-2.515625,-2.09375,-1.984375,-1.75,49.125,5.203165790835847,5.046875,5.828125,6.0625,6.578125,7.789694429809133,0.39629005257430944,0.37297874022871547,0.41737763622454466,0.4276283249113763,0.44773534232391826,0.11338868274429094,0.5956289081282242
