prompt_id,turn,n_cycles,taus
0,0,540,"1;1;1;1;1;1;1;1;2;2;2;1;2;1;1;1;2;1;1;2;1;1;1;1;1;1;1;1;3;1;1;2;1;1;1;1;1;1;1;1;1;1;2;1;1;1;1;1;1;1;2;2;1;1;1;2;1;1;1;1;1;1;1;1;1;2;1;1;1;1;1;1;3;1;1;1;1;1;1;1;1;1;1;1;3;1;1;2;3;1;2;2;1;1;1;1;3;1;1;4;3;1;2;1;1;1;1;2;1;1;1;2;4;2;3;3;2;1;1;2;1;1;2;2;1;1;3;2;2;1;1;1;1;3;5;1;3;2;3;2;3;2;3;2;2;1;1;2;1;1;2;1;2;2;1;1;1;2;1;1;1;1;1;4;2;4;1;2;1;1;1;3;2;1;2;2;5;3;1;3;2;1;1;1;1;1;2;1;1;1;2;1;1;1;2;1;1;1;3;1;1;3;1;1;1;1;1;1;2;1;2;1;2;1;2;1;1;4;3;1;1;3;1;3;1;1;2;1;1;3;1;1;3;1;1;1;1;1;1;1;3;1;1;3;1;1;1;2;2;1;1;1;1;1;2;1;2;1;1;2;1;1;1;1;1;2;1;1;2;3;2;3;3;1;1;1;2;1;1;1;1;1;1;1;2;4;3;1;2;2;2;4;2;1;1;1;2;2;5;1;3;2;3;4;3;2;3;2;2;1;2;3;3;1;1;2;5;3;2;4;4;2;3;1;4;2;2;1;1;4;1;1;4;1;2;3;1;2;3;1;1;3;2;1;1;1;4;1;2;4;4;3;4;5;6;4;2;1;2;3;2;2;2;2;3;3;2;4;1;3;2;3;3;2;1;3;1;1;1;2;1;1;2;3;1;4;2;2;1;2;2;1;3;2;3;4;5;2;2;6;5;3;3;2;2;2;2;1;1;1;1;3;4;2;2;2;1;2;2;1;2;3;2;4;2;5;2;1;3;2;1;1;1;1;2;1;2;1;1;4;5;1;3;2;2;1;1;1;3;2;4;3;2;1;2;1;2;2;1;2;4;1;1;3;3;1;2;2;3;3;1;1;4;1;2;2;3;5;1;3;5;2;3;2;3;3;3;2;3;2;3;2;2;6;1;1;3;3;4;2;2;1;1;3;3;3;3;2;2;2;3;3;2;3;3;4;4;6;3;1;1;2;3;3;2;3;3;2;2;1;3;2;3;3;1;3;3;4;2;4"
0,1,222,"1;1;2;1;5;2;3;2;3;2;3;3;2;3;2;3;1;4;2;3;2;5;3;4;3;3;1;3;2;3;3;4;3;4;2;2;3;2;3;1;1;1;1;2;1;1;3;2;2;3;1;4;3;1;4;2;3;1;3;4;3;2;2;1;5;3;1;2;3;2;1;3;3;2;5;3;4;4;3;2;3;3;3;2;2;3;2;2;3;1;2;3;3;4;1;4;3;3;4;3;5;3;2;3;5;2;3;2;2;3;3;1;3;3;2;2;4;2;3;1;3;2;1;2;3;5;3;3;1;4;3;2;2;3;1;3;4;4;6;2;2;2;3;1;1;3;4;2;3;3;5;3;4;2;1;4;2;4;4;3;2;2;3;4;4;2;2;2;1;1;2;3;3;2;4;3;5;2;2;3;3;2;1;3;1;3;3;3;2;4;3;2;3;2;3;2;1;5;3;1;1;2;2;3;2;1;2;3;1;3;1;5;2;2;3;2;1;2;1;1;1;1"
1,0,815,"1;1;1;1;1;1;1;1;2;1;2;1;1;1;1;1;1;1;1;1;1;1;1;1;1;1;1;1;1;1;2;1;1;2;1;1;1;1;1;1;1;1;1;1;1;1;1;2;1;1;1;1;1;1;1;1;1;1;1;1;1;1;1;1;1;1;1;1;2;1;1;1;1;1;1;1;1;1;1;1;2;1;1;1;3;2;2;1;1;1;1;1;1;1;1;2;1;1;1;2;1;1;1;1;1;1;1;1;1;1;1;2;1;1;1;1;1;1;1;1;2;1;1;1;1;1;1;1;1;1;1;1;1;2;1;2;1;1;1;1;1;1;1;1;1;1;1;1;1;1;1;1;1;1;2;2;2;1;1;1;1;1;1;1;1;1;1;1;1;1;2;1;1;1;1;1;1;2;1;1;1;1;1;1;2;1;1;1;1;1;1;1;2;2;1;1;1;1;2;2;1;1;1;1;2;1;3;1;1;1;1;1;1;1;1;1;1;1;2;1;1;1;1;1;2;1;1;1;1;1;1;2;1;1;1;1;1;3;2;1;1;1;1;1;1;1;1;2;1;2;1;1;2;2;1;1;1;1;1;1;2;1;2;2;1;1;1;1;1;1;1;1;1;1;1;1;1;1;1;1;1;1;2;1;1;1;1;1;1;1;1;1;1;1;1;1;1;1;1;1;1;2;2;1;1;1;2;1;1;1;3;1;1;3;1;2;1;2;1;1;1;1;1;1;2;1;1;1;1;1;1;1;1;1;1;1;1;1;1;2;2;1;1;1;1;1;1;1;1;1;1;1;1;1;1;2;1;1;1;1;1;1;1;1;1;1;1;1;1;2;1;1;1;1;3;1;1;2;1;1;1;1;2;2;1;1;1;1;1;1;1;1;1;1;2;2;1;1;3;1;1;2;1;1;2;1;1;1;1;1;1;1;2;1;2;2;1;1;1;1;1;1;1;1;1;1;1;1;1;1;1;1;1;1;1;1;1;2;1;1;1;1;1;1;1;1;2;1;1;1;1;1;1;1;2;1;1;1;1;1;1;1;2;2;1;1;1;1;1;1;1;2;1;1;1;1;1;1;1;2;1;1;1;1;2;1;1;1;1;3;1;2;1;1;1;1;1;1;1;1;1;2;1;1;1;2;2;3;2;1;1;1;4;1;1;2;1;1;1;1;1;1;1;2;1;1;1;1;2;1;1;1;1;1;1;1;1;1;1;1;2;1;1;1;1;1;2;1;1;1;2;2;1;1;1;1;1;2;2;1;1;1;1;1;3;1;1;1;1;1;1;1;1;1;1;1;3;1;2;2;1;1;1;2;1;1;1;1;1;1;1;1;1;1;3;2;1;1;1;1;1;1;1;1;1;1;1;1;1;1;3;3;1;1;1;1;2;3;1;2;1;1;1;2;1;2;3;2;2;2;2;1;1;2;2;1;2;1;1;1;2;1;1;1;2;1;1;1;1;2;1;1;2;1;1;2;1;1;1;1;2;3;2;1;1;1;1;1;1;2;1;2;1;1;1;1;1;1;1;1;2;1;1;1;1;1;1;1;1;2;1;1;1;2;2;2;1;2;3;1;1;1;1;1;4;1;1;1;1;1;2;1;3;1;2;1;1;1;3;1;1;1;1;1;1;1;1;1;2;1;1;2;1;1;1;1;1;2;1;2;1;2;1;2;1;2;1;1;2;1;1;1;1;2;2;1;1;1;1;1;1;3;3;1;1;1;2;1;1;2;1;1;1;5;1;1;2;3;1;1;1;3;2;3;2;1;2;4;1;1;3;1;1;2;2;1;1;1;1;2;3;2;1;1;2;4;1;1;1;1;1;4;1;2;3"
1,1,183,"1;1;1;2;1;1;1;1;1;1;1;1;1;2;1;2;1;1;1;1;1;1;1;1;1;1;1;1;1;1;1;3;1;1;1;1;1;1;1;1;1;1;1;1;1;1;2;1;1;1;3;1;1;1;3;1;1;1;1;1;1;2;1;1;1;1;1;2;1;1;3;1;1;2;1;2;2;1;1;1;1;3;1;2;1;2;1;1;2;1;2;2;1;1;2;1;1;2;2;1;1;1;1;1;1;1;1;1;2;2;1;2;3;1;1;1;3;1;2;1;1;3;1;1;1;2;1;1;2;1;2;1;1;1;1;1;1;1;2;2;1;2;1;3;2;3;3;1;1;2;1;2;1;2;2;1;1;1;1;1;1;1;2;2;2;1;1;2;1;1;1;2;3;1;1;1;1;1;1;1;2;2;1"
2,0,132,"1;1;1;1;1;2;1;1;2;1;1;1;1;1;1;1;2;1;2;1;2;1;2;1;3;1;1;1;2;2;1;1;1;1;1;1;1;1;2;1;1;1;1;2;1;1;2;1;1;1;1;2;2;1;1;2;1;2;1;1;1;1;1;2;1;3;1;3;2;1;1;1;3;1;1;1;1;2;2;1;2;2;1;1;3;1;1;1;2;1;2;1;1;2;2;1;1;2;1;2;1;1;2;2;3;2;2;1;1;3;1;2;1;1;1;2;1;2;1;2;4;3;2;1;1;2;1;2;3;1;1;1"
2,1,123,"1;1;1;1;1;1;1;1;1;1;1;1;1;1;1;1;1;1;1;1;2;2;1;1;2;1;1;1;1;1;1;2;2;1;2;1;1;1;2;2;3;1;2;1;1;1;1;3;2;2;1;1;1;4;3;1;2;2;1;1;1;3;1;1;1;1;1;1;1;1;1;1;1;2;1;2;1;1;1;3;1;1;1;2;2;2;3;1;1;1;1;2;1;1;1;1;2;2;1;1;1;1;1;1;2;2;2;1;2;1;1;2;1;1;3;2;1;2;3;1;1;2;1"
3,0,653,"1;1;1;1;1;1;1;1;1;1;1;1;1;1;1;1;1;1;1;1;1;1;1;1;1;1;1;1;1;1;1;1;1;2;1;1;1;2;1;1;2;1;1;1;1;1;1;2;1;1;1;2;2;2;1;1;1;3;1;1;1;1;2;2;1;1;1;1;1;1;1;1;2;2;1;1;1;1;1;1;1;1;1;2;1;1;1;2;1;1;2;1;1;2;1;1;2;1;1;1;4;3;1;1;1;2;1;4;1;1;2;1;2;1;3;1;1;1;2;2;1;1;1;1;1;1;1;1;1;1;1;1;1;2;2;2;1;2;1;1;1;3;1;3;1;1;1;1;2;1;1;1;2;1;2;3;1;1;1;2;1;1;1;1;1;2;1;1;2;2;1;2;1;1;1;1;1;1;3;1;1;2;1;1;1;1;1;2;2;1;1;1;2;1;2;2;1;1;1;1;2;1;1;3;4;1;1;2;1;1;1;1;1;1;2;1;1;1;2;1;3;2;1;1;1;1;1;1;1;1;1;1;1;1;1;1;1;1;1;1;1;1;1;1;1;1;2;2;2;2;3;1;4;1;1;1;1;2;1;1;2;1;1;1;1;1;1;1;3;1;1;1;1;1;1;1;1;2;1;2;1;1;1;1;2;1;1;3;2;1;1;1;2;1;1;1;1;2;1;2;2;1;1;3;2;1;1;3;2;1;1;1;1;3;2;1;3;2;1;1;1;2;2;1;1;1;2;1;1;2;1;4;2;1;1;3;2;1;1;1;2;1;1;1;1;2;2;2;2;1;1;1;3;1;2;1;1;1;1;2;2;2;1;3;1;2;1;1;2;1;1;1;2;1;1;2;4;1;3;2;1;1;1;4;2;3;1;1;2;3;2;1;2;1;1;3;2;2;4;1;2;3;1;1;1;1;3;1;1;1;1;2;5;3;2;2;3;1;2;1;2;1;1;2;1;3;2;1;1;2;1;2;2;3;1;2;1;1;2;2;1;1;1;3;2;1;1;2;1;2;1;1;1;4;2;1;1;2;2;1;2;3;1;1;3;2;1;1;2;3;2;3;3;1;2;3;1;1;1;3;2;1;1;1;1;1;4;1;1;1;3;3;2;2;3;1;2;3;1;1;3;3;1;2;3;2;3;1;2;1;2;1;1;2;1;2;4;1;3;2;2;4;2;1;1;2;3;2;3;2;1;3;2;2;3;2;1;1;2;1;2;2;4;2;1;3;1;2;1;4;1;1;1;3;1;1;2;4;2;1;2;1;1;1;2;2;3;1;1;1;2;1;1;2;3;1;2;1;1;3;1;2;2;2;1;1;1;3;2;2;4;1;2;3;3;1;4;2;1;3;1;1;1;1;3;2;1;1;1;2;2;2;4;3;3;1;1;2;2;1;1;2;1;1;4;2;3;2;2;3;3;1;3;2;1;1;3;2;2;3;2;1;1;4;1;1;1;3;2;1;1;2;5"
3,1,492,"1;1;2;1;1;1;2;1;1;1;1;1;2;2;1;1;1;1;1;2;1;1;1;1;2;2;1;1;3;1;2;1;2;1;1;1;1;2;2;1;4;2;1;4;2;2;4;1;1;2;3;4;2;1;2;4;2;1;1;3;2;2;2;4;1;1;1;2;1;3;4;2;1;4;2;2;2;2;1;2;4;3;3;1;2;2;2;2;2;1;1;1;2;3;1;2;2;2;1;3;5;2;3;2;1;3;2;3;2;1;1;1;3;1;1;2;2;1;2;4;2;1;2;4;4;1;2;1;2;2;1;4;4;1;1;2;3;2;4;2;1;3;3;2;2;3;1;1;2;2;4;2;1;4;2;4;2;1;1;3;4;2;1;4;2;4;2;1;1;2;4;3;2;1;4;2;2;3;1;1;4;2;4;1;2;2;1;1;2;3;2;1;1;1;2;1;2;4;2;1;2;2;2;3;1;2;1;2;2;2;1;1;3;1;1;2;4;2;3;1;3;4;4;2;1;1;3;2;4;2;1;1;2;2;1;4;2;1;2;4;4;2;1;2;4;2;4;1;1;2;1;2;4;2;1;3;1;2;2;3;1;1;3;3;4;2;1;3;3;2;2;2;2;1;1;3;4;1;4;3;1;4;2;1;3;1;5;2;1;3;1;4;2;2;1;1;3;1;2;2;3;1;1;2;3;1;3;3;1;2;5;1;2;2;1;4;2;4;3;3;2;1;2;3;1;1;3;3;2;1;2;1;1;2;2;1;1;2;4;2;1;3;3;2;1;1;3;1;2;3;2;1;1;2;4;2;3;1;2;4;1;3;3;1;4;2;3;3;1;3;3;3;2;1;1;3;3;4;2;1;4;2;4;2;1;2;4;4;2;4;1;1;3;2;1;1;4;2;2;3;1;1;3;3;1;2;3;1;1;1;3;1;3;3;1;3;1;2;4;2;1;3;4;3;2;1;4;2;2;3;1;1;2;4;4;2;1;3;1;4;3;1;1;4;1;1;3;1;1;1;1;4;1;1;3;2;2;4;1;1;4;1;1;1;4;2;3;2;1;1;2;2;2;3;1;2;2;2;3;2;4;1;3;1;2;2;3;1;1;4;1;1"
4,0,5,"1;1;1;2;1"
4,1,10,"2;1;1;1;1;1;1;1;1;2"
5,0,404,"1;1;1;1;1;1;1;1;1;1;1;1;1;1;1;2;1;1;1;3;1;1;2;2;1;1;1;1;1;1;1;1;3;2;1;1;1;2;2;1;1;1;1;1;1;1;1;1;1;1;1;1;1;1;3;1;1;1;1;1;1;3;1;1;2;1;1;2;1;1;1;1;1;2;1;2;1;1;1;3;2;1;2;1;1;1;1;1;2;1;2;1;1;1;2;1;1;1;1;1;1;2;1;1;1;1;1;1;1;2;2;1;1;2;1;1;1;1;1;1;1;1;2;1;1;2;1;2;1;1;1;1;1;2;1;1;1;1;2;2;1;1;2;1;1;1;1;1;1;1;1;1;1;1;1;1;1;1;1;2;1;1;2;1;1;1;1;1;2;1;2;1;2;1;2;1;1;1;2;1;1;1;1;1;1;1;1;1;1;1;1;1;1;2;1;2;1;2;1;2;1;2;1;2;1;2;1;1;1;2;1;2;1;1;1;2;2;3;1;1;1;1;2;2;1;4;2;1;1;1;1;2;1;1;1;1;1;1;1;1;1;1;1;1;1;1;1;1;1;1;1;1;1;1;1;1;1;1;1;1;1;3;2;1;1;1;1;1;1;1;1;1;2;2;2;2;1;1;1;1;2;2;1;1;1;2;1;1;2;1;2;1;1;2;1;1;1;1;2;3;1;1;2;2;1;1;2;1;3;1;1;1;1;1;2;1;2;2;1;1;1;1;1;2;2;3;1;1;1;1;1;2;1;1;1;1;1;1;3;1;1;4;1;2;1;1;1;1;1;1;1;1;1;1;1;1;1;1;1;1;1;1;1;1;1;1;1;1;2;2;2;1;1;1;2;1;2;3;2;1;2;1;2;2;1;1;1;1;1;1;1;2;2;1;1;2;1;1;1;1;1;1;1;1"
5,1,479,"1;1;1;1;1;1;1;1;1;1;1;1;1;1;1;1;2;1;1;1;1;1;1;2;1;1;1;1;1;1;1;2;1;1;1;1;1;1;1;1;1;1;1;1;2;1;1;1;1;2;1;1;1;1;1;1;1;1;1;1;1;1;1;2;1;1;2;1;1;1;1;1;1;1;1;1;1;1;3;2;1;1;2;1;1;2;1;3;1;2;1;2;1;2;1;1;2;1;1;2;2;1;1;2;1;2;1;2;2;1;4;2;1;2;3;1;2;1;2;1;2;2;1;1;3;2;1;2;1;2;1;1;2;2;1;2;1;3;2;1;2;1;2;1;2;1;2;1;2;1;2;3;1;2;1;2;1;2;1;2;3;3;3;1;2;1;2;1;2;1;1;2;2;1;2;3;1;2;3;1;2;1;2;3;3;3;1;2;1;2;1;2;1;2;1;2;3;1;2;1;2;3;3;1;2;1;2;1;2;1;2;1;2;1;2;1;2;1;2;3;1;2;3;3;3;1;2;3;2;2;2;3;1;2;4;2;3;1;2;3;1;2;1;2;3;3;4;2;1;2;1;2;1;2;3;3;1;2;4;2;3;1;2;1;2;1;2;1;2;1;2;1;3;2;1;2;3;2;1;2;1;2;1;2;1;2;1;2;1;3;1;1;1;2;1;2;1;2;1;2;1;3;2;3;1;3;2;1;2;3;1;2;3;1;2;1;2;4;3;1;4;3;1;2;1;3;2;1;2;1;1;1;4;2;1;3;2;1;3;1;4;3;3;4;3;3;2;3;3;1;1;2;2;1;1;2;3;2;2;4;1;2;1;2;3;1;2;1;3;2;1;3;3;2;4;2;1;1;5;3;3;3;3;3;2;3;1;2;1;5;1;2;1;2;1;2;1;2;3;6;3;3;3;1;2;1;2;3;1;2;3;3;3;4;2;1;2;1;3;2;4;1;2;2;3;1;3;2;3;3;4;2;3;3;3;3;3;3;1;2;3;1;2;1;2;4;3;2;1;2;3;3;1;2;3;3;3;1;3;1;2;2;1;2;1;3;1;2;3;2;4;2;3;3;3;3;4;2;1"
6,0,646,"1;1;1;1;1;1;2;1;1;1;1;2;1;2;1;1;2;1;1;1;1;1;1;1;1;1;1;1;1;1;1;1;1;1;2;1;1;2;1;1;1;1;2;1;1;2;1;1;1;1;1;1;1;1;1;1;1;1;1;1;1;1;1;1;1;1;1;1;1;1;2;1;1;2;1;1;2;1;1;1;3;4;1;1;1;1;1;1;1;1;1;1;1;1;1;1;1;1;1;1;2;1;1;1;1;1;1;1;1;1;1;4;3;1;1;3;1;1;1;1;1;2;1;1;1;1;1;3;2;1;1;1;1;2;1;2;1;1;1;1;2;2;1;1;2;4;1;4;1;1;1;2;2;1;1;2;1;2;1;1;1;1;3;2;2;5;1;3;2;1;1;1;1;4;1;2;1;1;1;1;1;1;2;1;1;1;2;1;2;2;1;2;1;2;1;1;2;1;1;1;1;2;1;1;2;1;5;2;2;1;1;1;1;2;1;3;2;2;2;1;1;1;3;1;3;1;1;1;1;2;1;1;2;1;1;1;1;2;1;1;1;1;1;2;2;1;1;2;1;3;1;1;1;1;1;2;1;1;1;1;1;3;1;2;1;1;2;1;1;1;1;1;1;1;1;1;2;1;1;1;1;2;1;1;1;2;1;3;2;2;1;1;1;1;2;2;1;3;1;2;1;1;1;2;1;1;5;1;1;1;1;1;1;1;1;2;3;1;2;1;1;2;1;2;2;1;1;2;1;2;1;2;1;1;2;3;1;1;1;1;1;2;1;1;2;2;1;1;3;1;1;2;1;3;1;2;1;1;2;1;2;1;2;2;2;3;3;1;1;2;1;2;1;1;1;1;1;3;6;3;2;1;1;2;1;1;3;1;3;1;1;2;2;2;1;3;2;1;3;1;2;1;2;1;4;1;1;2;2;3;3;3;2;1;2;1;1;1;1;1;2;3;1;3;1;1;1;1;1;4;1;2;1;2;1;2;2;2;2;1;1;2;1;2;1;3;3;1;1;3;1;2;1;1;2;1;1;3;2;3;2;3;2;3;1;1;1;1;3;1;1;3;1;2;1;2;1;1;3;3;1;1;1;3;3;4;2;5;1;1;1;2;1;2;1;1;1;1;3;2;1;1;1;3;2;2;1;1;2;2;1;1;1;3;3;2;4;1;2;2;3;2;3;2;3;4;2;1;2;4;3;2;4;1;1;1;1;5;1;1;4;3;2;1;2;3;3;1;3;1;1;2;2;1;2;1;2;1;3;1;2;1;1;2;1;1;3;1;2;1;4;2;3;2;1;1;3;1;2;2;2;2;1;2;1;4;2;1;1;1;2;3;2;4;3;2;1;1;1;2;2;4;1;4;2;1;1;1;1;1;1;2;1;1;2;1;1;1;2;3;1;3;2;1;1;1;3;2;2;1;1;2;1;2;1;3;1;3;2;2;1;4;2;2;5;1"
6,1,549,"1;1;1;1;1;1;1;1;2;2;2;1;1;2;1;2;2;1;2;1;3;3;3;2;1;2;2;1;3;1;2;2;1;1;2;1;1;3;2;2;5;2;2;2;1;1;4;1;1;3;2;4;1;1;1;1;2;1;1;1;2;2;1;2;2;2;2;1;3;1;1;2;1;1;2;2;1;1;2;2;2;1;1;3;1;1;1;1;2;2;4;2;2;1;1;2;2;5;1;4;1;1;2;1;1;1;1;2;1;2;2;3;2;1;1;1;1;2;1;3;2;1;1;3;1;1;2;1;2;2;1;1;2;1;3;2;1;1;1;3;1;1;2;1;2;1;3;1;1;3;2;1;2;3;2;2;1;2;1;2;2;1;1;2;1;1;3;2;2;2;3;3;2;1;2;2;2;1;3;3;1;2;1;2;2;1;4;2;1;1;1;1;3;5;1;2;3;1;2;2;2;1;4;3;1;1;3;2;2;1;1;3;3;1;1;2;1;1;1;2;3;1;1;1;2;1;1;3;2;1;5;1;3;2;1;1;1;2;2;2;1;2;1;1;2;1;2;2;2;1;2;2;1;3;2;2;1;1;2;1;1;2;3;1;1;1;2;2;3;1;1;3;3;3;2;1;1;4;1;1;1;2;1;3;1;2;1;1;3;2;3;2;1;2;3;3;2;4;2;1;1;1;3;4;2;1;5;1;2;1;2;2;1;2;1;1;2;3;1;1;1;3;1;2;1;2;1;3;2;3;2;2;1;1;4;2;1;1;2;3;1;2;2;1;2;1;1;4;2;2;1;2;2;2;1;1;2;2;2;1;1;1;1;2;3;2;2;1;2;2;2;3;2;4;3;1;2;1;1;2;1;2;3;1;3;1;3;3;5;2;2;1;1;2;2;3;1;1;1;1;1;2;1;4;1;1;2;4;1;1;2;2;1;1;3;2;3;2;1;1;2;3;3;2;2;1;2;3;2;2;2;2;3;5;3;4;3;2;1;4;1;1;3;2;1;3;1;1;1;4;2;2;1;2;3;3;3;3;1;5;2;1;3;1;3;2;2;1;1;2;1;6;2;2;1;1;2;1;3;1;3;3;5;1;2;1;1;3;1;2;3;2;2;3;1;2;1;3;1;1;4;2;1;2;1;2;3;3;1;2;1;1;1;3;3;1;1;2;1;1;3;3;1;2;1;6;3;3;2;2;2;2;1;2;2;1;3;3;2;2;5;1;3;1;2;1;1;4;3"
7,0,141,"1;1;1;1;1;1;2;1;1;2;1;1;1;1;1;1;1;1;1;1;1;1;1;2;1;1;2;1;2;1;2;1;1;1;1;1;2;1;1;2;1;1;3;1;1;1;1;1;1;2;2;1;1;1;1;1;1;1;1;1;1;1;3;1;1;1;1;1;1;1;1;1;1;1;2;1;3;1;2;2;1;1;1;1;1;1;1;1;1;2;1;1;1;1;1;1;1;1;1;1;1;2;1;2;1;1;1;1;1;1;1;1;1;2;1;2;1;1;1;1;1;1;2;1;1;1;1;1;1;1;1;1;1;1;2;1;1;1;1;1;1"
7,1,15,"1;1;1;1;1;1;1;1;1;1;1;1;2;1;2"
8,0,457,"1;1;1;1;1;1;1;1;1;1;1;1;1;1;1;2;1;1;1;1;1;1;1;1;2;1;1;1;1;1;1;2;1;1;1;1;1;1;1;1;1;1;1;1;1;1;1;1;1;2;1;1;1;1;1;1;1;1;2;2;2;1;1;1;1;1;1;2;2;1;1;1;1;2;1;1;1;1;1;1;1;1;1;1;1;1;2;1;1;2;1;1;1;1;1;1;1;1;1;1;2;1;1;1;1;1;1;2;1;1;1;2;2;1;2;1;1;1;2;1;1;1;1;1;1;3;2;1;3;2;2;1;1;1;1;2;1;1;1;1;1;1;1;1;1;1;2;1;1;1;1;1;1;1;3;1;1;1;1;1;2;1;2;2;1;1;2;1;2;1;1;1;1;1;1;1;1;1;1;1;1;1;1;1;1;1;1;2;1;2;1;1;2;2;1;1;1;1;3;1;2;1;1;2;1;1;2;1;1;4;2;2;1;1;2;1;1;1;1;2;1;1;1;1;2;2;1;3;2;2;1;1;1;1;1;1;2;1;2;1;2;2;2;1;1;2;1;1;5;2;4;1;1;1;1;2;1;2;1;4;1;1;6;1;3;1;1;2;3;5;4;5;3;4;1;1;4;4;4;4;4;3;3;5;3;1;1;4;4;3;2;4;3;1;4;3;4;4;4;4;4;3;4;1;2;4;4;4;4;4;4;4;4;1;3;4;6;6;6;4;4;2;6;2;4;4;3;5;4;2;4;3;1;2;4;3;1;4;6;6;4;2;2;6;4;2;4;4;4;4;2;2;4;4;4;4;4;5;2;4;3;4;3;3;4;4;4;4;6;4;4;6;3;3;4;4;4;6;4;4;4;4;4;4;4;2;4;6;1;10;3;3;1;6;6;6;4;2;4;4;4;4;4;4;2;2;4;4;4;4;2;2;4;4;2;4;4;4;2;2;4;4;4;4;4;4;2;4;4;4;2;4;4;4;4;4;2;4;4;2;2;2;4;2;2;4;2;4;2;4;2;2;4;4;4;4;2"
8,1,301,"1;1;1;1;1;1;2;1;1;1;1;1;1;1;1;1;1;2;1;2;1;1;5;2;3;4;4;4;4;4;2;4;4;3;3;4;6;4;4;5;3;4;2;2;6;4;2;4;4;4;4;2;2;4;2;4;2;2;2;4;4;2;2;4;4;4;4;2;4;4;4;4;4;4;6;4;2;6;4;4;4;4;2;4;4;4;4;4;4;4;4;2;2;3;3;2;4;2;4;4;4;4;4;2;2;2;4;4;4;4;6;5;3;4;4;4;4;2;4;4;4;4;4;4;4;6;4;4;4;4;4;2;3;3;4;4;4;4;8;4;4;4;4;4;5;1;4;2;4;6;4;1;1;4;4;4;4;4;4;4;4;2;4;4;4;4;2;4;2;4;2;4;2;4;2;4;4;4;4;4;4;4;2;2;4;2;6;4;4;4;4;4;2;2;4;2;4;4;4;2;4;4;4;4;4;2;2;6;6;2;4;4;4;4;4;4;4;2;4;4;1;3;4;4;4;2;4;4;4;4;2;4;4;6;2;2;2;2;2;2;4;2;4;4;4;2;4;4;2;4;2;2;4;4;2;2;4;4;4;4;2;4;4;4;4;4;4;4;2;4;2;4;4;4;6;4;2;6;4;4;4;4;4;2;2;4;4;4;4;4;4;4;2;4;4;4;4;4;6;2;6"
9,0,507,"1;1;1;1;1;1;1;1;1;1;1;2;2;1;1;1;1;1;1;1;1;1;1;1;1;1;1;1;1;1;1;2;2;1;1;1;1;3;1;1;1;2;2;1;1;1;1;1;1;3;1;2;1;1;2;1;1;1;1;3;3;1;2;3;2;1;1;1;1;1;1;1;2;1;1;1;1;2;1;1;1;2;1;1;1;1;1;2;3;1;2;1;1;2;1;1;2;3;3;1;1;1;2;1;1;1;3;3;2;3;2;2;2;2;2;1;1;2;1;1;2;5;1;2;1;1;1;2;5;2;2;2;2;2;3;1;2;2;2;2;2;2;3;1;4;2;2;2;4;2;3;1;2;4;4;1;2;2;2;3;1;3;1;4;4;2;2;3;1;1;1;1;4;1;3;1;3;3;1;1;2;1;1;2;1;1;2;1;2;1;1;1;2;2;2;2;3;3;1;3;2;2;1;1;1;1;1;1;2;2;2;3;1;2;4;2;1;1;1;1;2;1;1;1;3;1;2;2;2;1;1;1;1;1;1;2;2;2;1;1;2;1;2;1;1;1;2;1;1;3;2;1;1;2;2;2;2;1;6;1;4;4;4;2;1;1;1;3;4;2;2;2;2;3;2;2;1;1;5;1;1;4;4;4;2;2;3;1;2;2;2;2;3;3;1;3;1;1;2;2;3;1;4;3;1;2;1;1;3;4;3;1;1;3;3;2;4;2;2;2;3;3;2;4;2;3;3;2;2;1;3;1;1;3;1;4;2;1;1;2;1;3;1;1;4;4;2;2;2;1;1;4;3;1;4;4;3;5;6;1;1;2;2;3;1;2;2;6;2;4;2;2;3;3;2;2;4;2;2;2;6;2;2;3;3;2;2;3;1;4;4;2;1;3;4;2;4;3;3;2;4;4;3;1;3;3;1;3;2;4;3;1;2;1;1;3;1;4;4;2;1;1;4;3;1;2;1;1;2;1;1;2;4;2;4;4;2;1;1;4;4;2;1;2;2;4;2;2;2;1;3;2;4;4;4;4;2;2;2;2;4;2;4;2;4;2;2;3;1;3;3;2;4;2;2;4;3;1;4;4;2;1;1;2;2;2;2;4;1;3;1;3;1;3;4;2;2;3;1;2;4;2;2;2;3;1;2"
9,1,356,"1;1;1;1;4;2;2;3;1;3;1;4;3;1;7;1;3;1;6;4;1;1;3;1;2;3;3;4;2;2;4;3;4;1;4;3;1;4;2;1;1;4;3;4;3;2;6;1;1;4;4;3;3;5;4;2;3;6;2;4;2;2;4;4;4;3;1;3;1;2;1;1;3;1;3;1;3;4;9;3;1;2;1;5;2;6;2;2;4;1;5;1;4;1;5;2;3;1;4;3;1;4;6;2;1;6;3;2;3;1;2;2;6;2;3;5;4;8;2;2;4;3;1;2;1;1;3;3;1;3;2;4;2;4;2;4;3;1;4;3;3;2;3;1;3;1;1;3;4;4;3;1;3;1;4;3;1;3;1;2;5;4;4;4;1;3;1;4;3;1;2;4;2;4;2;1;3;2;3;1;3;1;4;3;1;3;1;4;6;2;4;7;1;2;4;5;4;1;6;4;2;3;1;3;4;3;1;1;4;3;3;4;5;3;1;2;1;2;4;4;3;1;4;4;4;2;6;4;4;4;3;1;4;3;1;6;2;4;4;3;1;7;1;4;4;6;6;4;4;2;5;3;2;4;3;5;4;4;4;3;4;1;3;5;3;1;2;2;3;1;4;4;6;4;2;2;5;3;1;1;3;3;4;2;3;1;4;3;1;4;2;2;3;1;3;1;4;2;2;3;3;1;3;2;3;1;4;3;3;1;1;4;3;1;3;3;1;1;4;3;3;2;3;3;2;4;4;4;4;4;3;3;1;1;1;3;4;6;4;4;2;3;3;2;7;1;4;2;5;1;6;2;3;1;6;3"
10,0,708,"1;1;1;2;1;1;1;1;1;1;1;1;1;1;1;1;1;1;1;1;1;2;1;1;1;1;1;1;1;1;1;1;1;1;1;1;1;1;1;1;1;2;1;1;1;1;1;1;1;2;2;1;2;1;2;1;1;1;2;1;1;1;1;1;1;1;2;1;1;2;1;2;2;1;1;1;2;2;1;1;2;1;1;1;1;1;1;1;1;1;1;2;2;1;1;1;1;1;1;1;1;1;1;1;1;1;1;1;1;1;1;1;1;1;1;1;1;1;1;1;1;1;1;1;1;1;1;1;1;1;1;1;1;1;1;1;1;1;1;1;1;1;1;1;1;2;1;1;1;1;1;2;1;2;1;2;1;1;1;1;1;1;1;1;1;2;1;1;1;1;2;2;2;1;1;1;1;1;1;1;1;1;1;2;1;1;1;2;1;1;3;1;2;1;1;1;1;1;1;1;1;2;1;1;1;2;1;1;2;1;2;1;1;1;1;1;1;1;1;1;1;1;1;1;1;1;1;1;1;1;1;1;1;1;1;2;1;1;1;1;1;1;4;1;1;1;1;2;1;1;1;1;1;1;2;1;1;1;3;1;1;1;1;1;1;3;1;1;1;2;1;1;1;1;1;1;1;2;2;1;1;1;1;1;1;2;3;2;1;3;2;2;1;2;1;2;1;1;1;1;2;1;1;1;1;1;1;1;2;1;1;1;1;1;1;2;1;2;1;1;2;2;1;1;1;2;1;1;1;2;1;1;1;1;2;2;1;2;1;1;2;1;1;1;1;1;2;1;2;1;1;3;2;2;1;1;3;2;1;1;1;1;2;2;1;2;2;3;1;1;3;2;1;2;3;1;1;2;2;3;1;1;1;1;1;1;1;1;2;1;1;1;1;1;3;1;1;1;2;1;2;1;1;1;1;1;1;2;1;1;2;1;1;1;1;2;1;2;2;2;4;2;1;1;2;2;1;5;2;1;3;3;2;1;4;1;3;2;1;1;1;4;1;1;1;3;1;1;6;1;1;2;1;2;2;3;2;1;1;2;2;1;1;1;1;1;3;3;4;1;2;4;1;1;2;1;5;3;2;1;3;1;2;2;1;1;2;1;1;1;1;2;1;1;1;1;2;3;1;1;2;4;3;3;2;3;1;3;1;1;3;1;4;2;1;3;2;1;1;1;2;3;2;2;3;2;2;4;1;4;1;1;1;5;1;1;1;1;4;1;2;3;1;1;3;2;1;3;3;2;2;1;1;1;1;2;1;1;1;1;2;1;2;3;1;1;1;2;1;1;1;2;2;2;2;1;1;1;3;2;1;1;1;3;3;1;3;1;1;1;1;1;1;1;2;1;1;1;1;1;1;3;2;1;1;1;4;1;3;3;1;1;1;1;1;1;2;1;1;2;4;1;1;1;1;3;2;1;1;1;2;1;1;1;2;3;2;1;1;1;1;2;1;1;1;1;1;3;1;1;3;1;1;1;1;3;1;1;1;1;1;1;1;3;1;1;2;1;4;1;2;4;1;1;1;1;1;2;2;2;1;3;1;1;2;4;1;3;2;1;1;1;2;2;2;1;1;1;1;4;1;2;3;1;2;2;5;2"
10,1,594,"1;1;1;1;1;3;1;1;1;1;2;1;2;1;2;1;1;1;2;1;1;1;3;2;1;2;5;1;1;1;1;1;1;3;1;4;1;2;2;1;1;2;1;3;1;1;2;3;2;1;1;1;2;1;2;1;2;1;2;2;1;1;1;1;2;2;1;1;1;1;1;1;2;2;1;1;2;1;1;2;1;1;3;3;3;2;1;2;2;3;2;2;2;4;2;1;2;3;2;1;2;1;2;6;1;1;2;1;3;1;1;2;1;2;1;1;3;3;1;1;1;5;2;2;1;3;3;1;1;3;1;3;1;2;1;1;1;1;5;1;1;2;1;1;1;2;1;1;1;2;2;1;1;1;2;1;2;2;1;1;1;3;2;1;1;3;1;2;2;1;2;1;2;1;1;3;1;3;2;1;1;3;1;3;1;3;1;2;1;2;1;1;3;3;1;1;3;1;2;1;1;1;2;1;2;1;1;1;2;3;1;1;3;1;2;2;3;1;1;1;2;1;1;1;1;1;1;2;4;1;2;1;3;2;1;1;1;5;2;1;3;1;1;1;2;1;2;2;1;1;1;3;3;2;2;1;1;1;1;1;1;5;2;1;3;2;1;2;4;1;1;2;2;3;3;2;3;1;2;2;1;3;1;1;1;1;1;2;3;2;2;2;2;3;3;1;1;3;3;2;2;1;1;1;1;2;1;2;2;1;2;1;1;1;3;2;1;2;1;1;2;1;5;1;1;1;2;1;2;1;1;2;3;1;1;1;1;2;1;3;1;1;5;1;1;1;3;2;1;1;4;2;1;1;1;2;1;2;1;1;1;4;1;1;1;2;2;3;1;1;3;2;1;2;2;2;4;1;1;3;2;2;3;1;1;1;2;1;3;2;2;1;2;2;1;4;1;1;1;1;2;1;2;1;1;4;2;1;2;1;2;1;1;1;3;3;2;4;2;1;1;2;3;1;1;1;4;2;1;1;2;2;1;2;1;1;2;3;1;1;2;1;3;2;2;1;2;1;3;1;1;2;2;2;2;2;1;2;1;3;1;1;3;1;1;2;1;3;2;2;1;2;1;3;1;2;1;1;2;1;3;1;1;3;2;1;1;2;1;1;1;1;1;3;2;1;4;1;4;3;1;2;1;3;1;1;2;1;3;2;2;2;1;2;1;2;1;1;1;3;2;1;3;2;3;1;2;2;3;1;1;3;1;1;2;3;3;1;1;4;1;2;1;2;1;3;1;3;1;3;2;3;3;1;2;3;1;1;2;1;2;3;2;1;1;3;2;2;3;1;3;1;2;1;1;3;2;1;1;1;5;1;1;3;1;2;1;1;2;4;2;1;2;1"
11,0,719,"1;1;1;1;1;2;1;1;1;1;1;1;1;1;1;2;1;1;3;1;1;1;1;1;1;1;1;1;1;1;1;1;1;1;1;1;1;1;1;1;1;1;1;1;1;1;1;1;1;1;1;1;1;1;1;1;1;1;1;1;1;1;1;1;1;1;1;1;1;1;1;1;1;1;1;1;1;1;1;1;1;1;1;1;1;1;1;1;1;1;1;1;1;2;1;1;2;1;1;1;1;1;1;1;1;1;1;1;1;1;1;1;1;1;2;1;2;2;1;1;1;1;3;1;1;2;2;2;1;1;1;1;1;1;2;1;3;1;2;2;1;1;1;1;1;1;1;1;3;1;1;1;1;1;1;1;1;1;1;1;1;1;2;1;1;1;2;1;1;1;1;1;1;1;1;1;1;2;1;1;1;1;1;1;1;1;1;1;1;3;1;1;2;1;1;1;1;1;2;1;1;1;1;1;1;1;1;1;2;1;1;1;1;1;1;1;1;2;1;1;1;1;2;1;3;1;1;1;1;1;1;2;1;2;3;1;1;2;1;1;1;1;1;1;1;2;3;1;2;3;1;1;1;2;1;1;2;3;1;1;1;1;3;1;2;2;1;1;1;2;1;1;1;2;1;1;1;1;1;1;1;1;2;2;1;1;1;2;2;1;1;1;2;1;1;1;1;2;2;2;1;1;1;1;1;3;1;1;1;1;2;1;1;1;1;3;1;1;2;1;1;2;3;1;1;1;3;1;1;2;2;1;1;1;1;1;1;2;1;1;4;1;4;1;2;2;1;1;3;1;1;3;2;1;1;2;1;1;4;4;1;1;2;1;2;1;1;1;2;1;1;2;1;1;1;2;1;1;1;1;1;1;1;1;1;1;1;1;1;1;2;1;1;1;1;1;1;1;1;1;3;1;1;1;1;1;1;2;1;1;3;1;1;1;1;2;1;1;2;2;1;1;2;1;2;3;1;1;1;4;2;3;2;1;1;2;2;1;4;1;1;1;3;1;1;1;2;3;4;1;2;1;1;1;1;1;3;1;1;1;2;1;1;3;2;1;1;1;1;1;1;3;2;1;2;1;1;1;1;1;1;1;2;3;1;1;1;4;2;3;1;1;1;1;1;1;1;1;1;1;1;1;1;1;4;2;4;2;1;3;1;1;3;1;2;1;1;1;2;3;1;1;1;1;1;1;3;1;3;1;1;1;1;1;2;3;1;1;2;1;2;1;1;1;1;2;1;2;1;1;1;2;1;2;3;1;4;1;1;2;1;1;2;1;1;2;5;1;1;1;1;1;2;1;1;2;3;4;2;4;2;2;2;2;1;3;1;1;1;3;2;1;1;3;1;3;1;1;1;1;1;2;1;1;1;1;1;1;2;1;1;1;3;1;1;1;2;1;1;2;1;3;2;1;2;1;1;1;3;1;1;1;2;1;1;1;2;1;1;1;1;1;3;1;2;4;1;1;4;1;1;1;2;2;1;2;1;1;1;1;1;2;2;1;1;5;2;4;1;4;3;1;1;1;1;4;2;4;2;1;3;2;4;2;3;1;2;2;2;2;2;3;2;3;1;1;1;1;1;1;2;3;3;2;2;1;1;1;4;1;2;3;2;1;2;1;1;2;4"
11,1,373,"1;1;2;1;1;1;3;1;1;1;1;1;2;1;1;1;1;2;3;3;3;1;2;1;1;1;2;3;1;1;1;4;1;2;2;1;1;2;3;2;1;2;1;1;1;1;1;1;1;1;1;1;1;2;1;1;1;2;1;2;3;1;2;3;3;2;1;2;1;2;2;3;3;2;1;2;4;1;2;2;5;3;3;5;2;2;4;1;3;3;1;1;1;2;5;3;2;2;3;2;3;3;2;5;2;3;3;3;4;4;2;2;1;1;6;2;1;1;3;3;1;4;5;5;1;4;3;2;5;3;2;3;1;3;3;6;5;1;4;2;3;3;1;1;4;2;2;1;4;1;2;1;4;1;4;1;4;1;1;3;1;6;3;2;2;3;3;1;3;4;2;4;5;1;3;2;2;3;3;2;2;1;2;5;5;1;2;2;1;2;2;5;5;5;5;5;4;6;5;5;5;5;4;4;2;5;4;1;3;2;4;1;1;3;1;1;1;4;3;5;3;1;1;1;2;1;3;2;3;5;6;2;3;2;1;2;3;2;2;3;4;5;4;1;4;2;5;3;2;3;2;1;2;2;5;1;4;5;5;2;3;5;3;2;3;2;1;3;4;4;3;5;1;4;5;2;3;5;1;3;5;2;4;2;3;5;1;4;5;3;2;5;5;4;6;1;4;5;5;4;4;2;5;5;4;2;2;4;4;2;3;2;3;3;4;3;2;1;3;6;5;5;5;1;4;5;5;5;5;6;4;3;2;5;5;3;2;6;4;5;6;3;6;5;3;4;3;5;4;6;3;2;3;3;4;4;1;1;1;1;1;1;3;1;2;1;1;5;2;1;4;5;5"
12,0,29,"1;1;1;1;1;3;2;1;1;1;1;1;1;1;1;1;1;2;1;1;1;2;1;1;1;1;1;1;1"
12,1,31,"1;1;1;1;1;1;1;2;1;3;1;1;1;1;1;1;1;1;1;1;1;1;1;1;1;1;1;1;2;1;1"
13,0,604,"1;1;1;1;1;1;1;1;1;1;1;1;1;1;1;1;1;1;1;1;1;1;1;1;1;1;1;1;1;1;1;1;1;1;1;2;1;1;1;1;1;1;1;1;1;1;1;1;1;1;1;2;1;1;1;1;1;1;1;1;1;1;1;1;1;1;1;1;1;1;1;1;1;1;1;1;1;1;1;1;1;1;1;1;1;1;1;1;1;1;1;1;1;1;1;1;1;1;1;1;1;1;1;2;1;1;1;1;1;1;1;1;1;1;1;2;1;1;1;1;1;1;1;1;1;1;1;2;1;1;1;1;1;1;2;1;1;1;1;1;1;1;1;1;1;1;1;2;1;1;1;1;2;2;1;1;1;1;1;1;1;1;1;1;1;1;2;1;1;1;1;2;1;1;2;1;1;2;2;1;1;2;2;1;1;2;1;1;2;1;1;1;1;2;1;1;2;2;1;1;2;2;2;1;1;1;1;2;2;2;2;2;2;1;1;2;2;2;2;2;1;1;2;1;1;2;1;1;2;2;2;2;1;1;2;1;1;2;2;4;2;2;2;1;1;1;1;2;2;2;1;1;2;1;1;2;1;1;2;5;1;3;1;1;1;3;1;4;2;1;1;1;1;1;1;2;2;1;3;2;2;2;2;2;4;4;2;2;4;4;4;1;4;1;2;2;2;4;1;1;5;1;2;4;2;1;1;2;1;1;2;2;3;3;3;1;2;1;1;3;1;2;4;1;1;2;2;3;1;1;1;2;3;1;1;1;1;1;2;4;1;1;3;1;1;1;4;2;2;4;2;1;1;1;1;4;2;2;2;2;1;1;2;3;1;1;2;1;1;1;1;7;4;1;3;2;1;5;2;2;1;1;1;1;2;1;1;4;2;2;2;2;2;2;2;1;1;2;2;2;2;3;1;2;2;2;1;5;1;1;4;3;1;2;2;2;4;2;1;1;2;1;1;2;3;3;4;4;1;1;4;3;1;4;2;2;2;1;1;2;3;7;2;2;3;1;2;5;1;1;1;4;1;1;3;1;2;2;2;2;2;4;2;1;2;3;2;2;4;2;2;4;1;1;1;3;2;1;1;4;2;3;1;4;1;3;3;1;3;2;1;1;1;3;3;3;7;1;1;2;2;1;3;5;1;1;1;2;1;2;3;1;1;4;2;4;2;2;2;1;1;2;5;1;2;4;2;4;2;2;1;1;2;2;1;1;1;1;2;4;2;2;1;1;3;1;2;2;1;4;1;2;2;1;3;1;2;1;3;2;1;3;1;2;2;1;1;1;5;2;4;2;4;3;1;1;1;2;2;2;2;2;1;1;1;3;3;1;4;2;7;1;4;1;1;1;1;4;1;1;2;2;1;2"
13,1,520,"1;1;1;1;1;1;2;1;1;1;1;1;1;6;1;1;1;1;2;2;2;2;2;1;1;2;2;2;2;2;1;3;2;4;2;2;2;2;2;1;1;1;1;2;2;2;1;3;2;2;2;2;2;1;1;1;1;3;1;2;1;1;2;2;3;3;2;2;2;2;2;2;2;1;1;3;1;2;4;2;1;1;2;1;3;3;3;2;6;4;4;3;1;2;4;1;1;3;1;1;1;4;2;4;2;1;1;3;1;1;3;1;3;2;2;2;2;2;1;1;2;2;2;1;1;2;2;2;4;2;2;5;1;1;1;2;2;2;1;2;1;2;2;1;3;2;2;2;2;1;1;2;1;3;2;2;1;2;1;2;4;2;2;2;2;2;2;4;2;2;2;3;1;3;1;4;2;2;2;2;4;2;2;2;4;4;4;1;1;2;2;2;1;1;4;2;2;2;2;2;5;1;2;2;2;6;2;1;1;2;2;2;1;1;2;2;2;2;2;2;2;2;1;1;2;1;1;1;5;2;2;2;2;2;2;3;1;2;2;2;2;2;1;5;2;6;1;1;3;1;3;1;2;2;2;3;1;2;2;2;2;2;2;2;1;1;2;2;2;2;2;4;2;2;2;2;2;1;1;2;2;2;2;2;2;2;2;2;2;2;1;1;2;1;1;2;2;2;2;2;1;1;1;1;2;2;2;2;2;2;2;2;1;5;1;1;1;1;2;2;2;3;1;2;1;1;2;2;2;1;1;2;2;1;1;1;1;2;1;1;5;1;2;5;1;2;1;1;2;2;2;1;2;1;3;1;4;4;3;1;3;3;2;3;1;2;2;2;2;2;2;2;2;2;2;2;1;1;2;2;4;2;2;2;4;2;2;2;2;2;2;1;1;2;4;1;1;1;1;2;1;1;2;2;2;6;2;2;1;1;4;2;2;3;1;2;1;1;1;1;1;3;2;5;1;2;2;1;1;2;2;3;3;2;2;2;2;2;2;2;2;2;4;2;2;2;2;2;2;2;1;1;2;4;2;2;2;2;2;2;2;2;2;2;2;2;2;2;2;2;2;2;2;2;2;2;2;2;2;2;3;1;4;3;1;2;2;2;2;2;2;2;2;3;1;2;2;2;2;2;1;1;2;2;2;1;1;2;1;6;1;6;2;2;2;1;1;2;2;6"
14,0,27,"1;1;1;1;1;1;1;1;1;1;1;1;1;1;1;1;1;1;1;1;1;1;1;1;1;1;1"
14,1,249,"1;1;1;1;1;1;1;1;2;1;1;1;1;1;1;1;1;1;1;1;1;1;1;1;1;1;1;1;1;1;1;1;1;1;1;1;1;1;1;1;1;1;1;1;1;1;1;1;1;1;1;1;1;1;1;1;1;1;1;1;1;1;1;2;2;1;1;1;1;2;1;1;1;1;1;1;1;1;1;1;2;1;1;1;1;1;1;2;1;1;1;1;1;1;2;1;1;1;2;1;1;1;2;1;1;1;1;2;1;1;1;1;1;2;1;1;1;1;1;1;1;1;4;1;1;1;1;1;2;1;2;1;1;1;1;4;2;1;1;2;4;2;3;1;1;1;2;9;10;6;1;1;1;1;1;1;2;3;1;2;9;2;1;8;8;8;8;1;10;10;10;5;10;10;10;10;10;10;10;5;1;10;3;8;10;10;10;10;10;10;10;10;10;10;10;10;10;10;10;10;10;10;10;10;5;10;10;10;10;10;10;10;10;10;10;10;10;10;10;10;10;10;10;10;10;10;9;10;10;10;10;10;10;10;10;10;10;10;10;10;10;10;10;10;8;10;10;7;10"
15,0,575,"1;1;1;1;1;1;1;1;1;1;2;1;1;1;1;1;1;1;1;1;1;1;1;1;1;1;1;1;1;3;1;1;2;1;1;1;1;2;1;2;1;1;1;1;1;1;1;2;1;1;1;1;1;1;1;1;1;1;2;1;1;1;2;1;1;1;2;1;1;1;1;1;1;1;2;1;1;1;1;1;1;1;1;1;1;1;2;1;1;2;1;1;1;1;1;1;1;1;1;1;1;1;1;1;1;1;1;2;1;3;1;1;1;2;1;2;1;1;1;1;1;1;2;1;1;1;3;2;1;1;1;1;2;1;2;2;1;1;2;1;1;1;1;1;1;1;2;1;1;1;2;1;1;1;2;1;2;1;1;1;2;3;2;1;1;2;1;3;5;1;2;1;1;1;1;1;1;1;2;1;2;1;3;1;1;2;3;1;2;1;1;1;1;1;2;2;1;1;1;1;2;2;1;2;1;1;1;1;1;1;1;2;1;1;2;1;1;2;2;2;2;1;1;3;2;2;1;2;1;3;1;1;1;2;1;1;1;3;1;2;1;1;1;2;1;1;2;2;1;1;1;2;2;3;1;2;1;2;1;4;2;1;2;2;1;1;1;1;1;4;2;2;3;1;2;2;1;1;1;1;1;3;3;1;3;2;2;3;1;1;2;4;1;1;1;2;1;1;2;1;1;1;3;3;1;2;1;1;3;1;2;3;1;3;1;3;2;1;2;1;2;1;2;2;2;1;1;1;1;3;1;3;1;1;3;5;2;3;3;2;1;1;2;2;4;4;2;4;2;1;2;1;1;4;3;1;2;3;2;1;1;2;1;3;2;4;2;3;3;3;1;2;3;3;2;2;2;3;1;2;4;2;3;2;1;3;3;3;1;2;2;1;1;2;3;1;2;3;3;2;1;3;3;1;2;1;3;1;3;1;3;3;3;1;2;3;2;1;1;2;3;4;2;2;3;1;1;2;4;2;3;1;2;3;1;2;1;2;1;2;2;1;5;1;1;1;5;4;2;5;1;1;3;1;1;1;3;1;1;4;1;2;4;3;1;2;1;2;3;1;2;3;1;2;3;1;2;4;2;3;2;4;1;2;3;2;3;2;1;4;1;2;1;2;3;3;2;4;3;1;2;2;4;1;2;2;1;1;2;6;3;1;2;3;1;2;2;1;3;1;3;4;2;4;1;1;2;1;2;1;2;4;2;1;3;2;3;1;2;1;2;2;3;1;2;4;1;2;3;3;4;6;2;4;4;2;1;4;2;5;2;3;2;6;4;2;7;1;2;3;3;1;2;5;5"
15,1,433,"2;1;1;2;2;1;2;2;1;3;3;1;5;3;4;1;4;3;4;2;3;3;1;2;2;5;3;3;3;3;2;3;4;2;1;2;3;1;1;3;1;3;4;2;1;1;1;2;1;3;1;4;1;2;4;2;3;3;3;3;3;1;2;3;1;4;1;2;5;1;2;3;2;2;1;1;2;3;3;3;1;2;3;1;2;3;1;2;4;2;1;3;2;3;1;2;3;1;5;1;2;3;3;2;1;3;3;1;1;2;2;1;2;3;2;4;3;3;3;1;3;1;4;1;2;1;2;1;2;4;1;1;5;2;3;2;4;1;2;1;2;2;3;2;4;1;3;3;1;5;1;2;4;2;3;2;4;3;2;2;1;2;3;2;3;1;5;1;2;3;1;2;3;1;2;1;4;2;3;2;1;3;2;3;1;3;3;3;3;2;2;2;5;1;2;4;2;1;3;4;1;3;3;4;3;5;2;4;1;1;5;2;2;1;1;2;3;1;2;3;1;3;3;2;3;1;1;3;2;2;4;2;4;2;3;1;2;4;2;3;5;1;2;4;1;2;1;3;2;3;1;4;4;2;2;6;2;3;3;3;1;2;2;1;1;2;3;1;3;3;1;5;2;4;2;3;2;5;2;3;3;1;3;2;3;1;2;2;1;1;2;4;2;3;1;2;3;1;2;3;1;2;3;1;4;2;2;3;1;2;3;1;2;3;1;1;4;3;3;1;2;4;2;3;3;6;4;6;3;5;3;1;2;4;2;3;1;2;4;4;1;1;1;4;1;6;2;4;6;2;3;1;4;2;2;1;2;1;2;3;1;2;4;2;4;2;1;1;2;1;4;1;1;4;1;2;3;1;3;2;1;2;2;2;1;5;2;3;1;2;3;1;2;4;2;2;1;3;2;2;2;3;1;1;5;1;4;1;6;2;1;3;2;3;1;2;1;1;2;3;6;3;2;3;1;2;3;1;2;4;2;4;3"
16,0,205,"1;1;1;1;1;1;1;1;1;2;1;1;1;1;1;1;1;1;1;1;1;2;1;1;1;1;1;1;1;1;2;1;1;1;1;2;1;1;1;1;1;2;1;1;1;1;1;1;1;1;1;1;1;1;1;1;2;1;1;1;1;1;1;1;1;1;1;1;1;1;1;2;2;2;2;1;1;1;2;1;1;1;1;1;2;1;1;1;1;1;2;1;1;1;1;2;1;2;1;2;1;1;1;1;1;2;2;1;1;1;1;1;1;1;1;1;1;2;1;1;1;2;1;2;1;1;1;1;1;1;2;1;1;2;1;1;1;2;1;2;1;1;1;1;1;1;1;3;1;1;2;2;2;1;3;1;1;2;1;1;1;1;1;1;2;1;1;1;1;1;1;1;1;2;1;1;1;1;1;1;1;2;1;1;1;1;1;1;1;1;1;1;3;1;1;1;1;1;2;1;1;1;1;1;1"
16,1,72,"1;1;1;1;1;1;1;1;1;1;2;1;1;1;2;1;2;1;1;1;1;1;2;1;1;1;1;1;1;1;1;1;1;2;1;2;2;1;1;1;2;1;1;1;2;2;1;1;1;1;1;1;1;1;1;2;1;1;1;1;1;1;2;1;1;1;1;1;1;1;1;1"
17,0,640,"2;1;1;1;1;1;1;1;2;1;1;1;1;1;1;1;1;2;1;1;1;1;1;1;1;1;1;1;1;1;1;2;1;1;1;1;1;1;1;1;1;1;1;1;1;1;1;1;1;1;1;1;1;1;1;1;1;3;1;1;1;1;1;1;2;1;1;1;1;1;1;1;1;1;1;1;1;1;1;1;1;1;1;1;1;1;1;1;1;1;1;1;1;1;1;1;1;1;1;1;1;2;1;1;2;1;1;1;2;1;1;1;1;1;2;1;1;1;2;1;1;1;1;1;1;1;1;1;1;1;1;1;1;1;1;1;1;1;1;2;1;1;1;1;1;1;1;2;1;1;1;1;1;2;1;1;4;2;1;1;2;1;1;1;3;2;2;1;1;2;3;1;1;3;1;1;1;1;2;2;1;2;4;1;1;1;1;2;1;1;2;3;1;1;1;2;3;1;2;1;1;2;1;2;1;3;2;1;1;1;1;1;1;2;2;1;1;1;3;1;1;1;1;1;1;3;3;1;3;1;2;1;2;4;1;2;1;2;2;2;3;1;1;2;2;2;3;1;1;1;2;2;3;3;2;2;1;3;2;2;1;1;2;3;5;2;2;1;2;4;1;1;1;2;3;2;2;1;1;1;2;2;2;3;1;1;1;1;1;1;1;2;4;1;2;3;4;2;1;2;1;2;3;2;1;1;2;2;3;1;2;2;3;3;3;1;2;3;2;1;1;3;1;2;3;2;1;1;1;1;2;2;4;1;1;3;1;1;2;4;1;1;1;1;1;3;3;1;1;2;2;3;2;1;2;2;3;3;2;1;1;2;3;1;3;1;1;2;1;1;1;3;1;2;2;3;4;1;2;2;1;1;4;1;3;1;1;1;4;1;2;1;1;1;2;2;3;1;1;4;2;1;2;1;1;1;4;1;1;1;2;1;1;2;3;3;2;1;2;3;1;2;2;1;4;1;1;1;1;1;3;4;1;2;1;1;1;3;2;1;1;3;1;1;2;1;1;2;1;1;1;3;2;1;2;1;1;2;3;1;1;1;2;1;1;5;2;1;1;4;2;2;1;1;1;6;1;1;2;3;1;3;1;1;1;3;1;1;1;1;1;1;1;4;1;2;1;1;4;2;1;1;1;1;1;2;2;1;1;2;1;1;2;2;2;1;2;1;3;3;3;1;1;3;2;1;1;1;1;1;4;1;1;2;2;3;3;2;2;4;4;1;1;2;3;2;1;1;2;2;1;2;1;2;3;2;2;1;1;1;1;1;4;1;2;3;3;1;1;1;3;2;2;1;3;4;2;1;1;4;1;2;1;1;1;2;3;3;1;1;1;2;1;1;3;1;1;1;2;1;1;1;1;1;1;1;1;2;3;2;2;4;2;2;1;1;2;2;1;2;1;1;4;3;1;1;2;2;3;1;1;3;2;3;1;2;1;2;2;1"
17,1,576,"1;1;2;1;1;1;2;2;2;1;1;3;1;1;2;1;1;3;1;1;2;2;3;1;3;1;1;3;1;1;1;1;1;1;1;3;1;2;1;1;4;2;1;1;2;2;1;2;4;2;1;1;2;3;1;4;2;1;3;1;1;1;2;1;3;4;1;4;1;1;1;1;2;3;1;1;1;1;2;1;1;1;2;1;1;1;2;1;1;1;3;2;1;2;1;2;1;1;3;1;1;2;5;1;1;1;2;1;3;1;2;3;3;1;1;1;2;1;1;1;3;1;1;3;1;3;1;1;3;1;1;1;2;2;1;3;1;1;3;1;1;2;1;1;1;2;1;1;1;1;2;1;1;2;1;1;1;1;3;1;2;2;1;2;2;1;1;3;3;1;1;1;2;2;1;2;2;1;1;1;1;2;1;1;2;1;1;1;2;1;1;2;1;1;2;2;1;2;3;2;3;2;1;1;4;1;3;4;2;1;3;1;1;1;2;3;1;1;1;3;1;2;1;2;2;1;3;2;2;2;1;3;1;3;1;1;1;3;1;3;1;1;2;2;1;1;2;1;1;1;2;3;2;1;1;1;2;6;1;1;2;1;1;3;1;1;1;2;1;4;1;1;1;2;3;2;1;1;1;2;1;1;1;2;5;1;1;3;2;1;2;1;1;2;2;1;2;2;1;1;2;5;1;2;2;1;1;3;5;2;3;3;2;1;1;3;1;1;1;3;1;1;3;1;1;2;2;1;2;1;2;1;1;2;1;2;5;2;2;1;5;1;1;1;3;1;3;1;1;3;1;1;3;1;1;1;2;2;1;1;2;1;1;2;1;1;1;3;2;2;1;1;1;2;3;2;1;2;2;4;2;1;1;2;1;1;3;5;5;1;1;3;2;1;1;1;2;3;2;3;5;2;1;2;2;1;2;1;1;1;2;1;1;1;2;1;1;3;3;2;2;1;2;2;1;2;3;2;2;3;2;1;2;2;1;3;1;3;1;2;3;1;1;2;3;1;2;1;1;3;1;1;3;2;2;2;3;2;1;2;5;2;3;3;2;5;5;2;1;2;2;2;3;2;2;1;3;2;1;2;2;1;2;2;3;5;1;1;3;2;1;2;2;3;5;1;1;1;3;1;1;1;4;2;2;1;3;1;1;2;2;3;3;2;1;1;2;4;1;1;3;2;5;2;1;2;2;3;1;1;3;2;3;1;1;2;1;1;1;1;2;2;3;5;1;4;1;2;1;2;1;1;2;2;1;2;1;1;2;2;1;2;1;1;1;3;1;1;3;4;2;4;1;1;3;1"
18,0,39,"1;1;1;1;1;1;1;1;1;1;2;1;1;1;1;1;1;1;1;2;1;1;1;1;1;1;1;1;1;1;1;1;1;1;1;1;1;1;1"
18,1,478,"1;1;3;1;2;1;1;1;3;2;2;1;1;2;1;1;1;1;1;2;1;2;1;1;1;2;2;1;1;1;1;1;1;1;2;1;2;1;2;1;2;1;1;1;1;1;3;3;2;1;1;2;1;3;2;1;1;3;1;2;2;1;2;1;1;1;1;1;1;2;3;1;1;1;1;1;2;2;1;1;2;1;1;1;1;2;1;2;1;2;1;1;3;1;2;3;1;2;2;2;2;2;2;2;3;3;2;1;3;3;2;3;1;3;1;3;2;3;2;1;1;2;2;3;4;4;3;4;1;2;1;3;2;1;1;1;2;4;3;2;2;2;1;3;4;3;2;2;1;2;4;3;2;2;1;1;3;2;2;1;1;2;1;4;2;4;1;1;1;1;1;1;1;2;3;2;2;4;1;2;2;2;3;2;1;3;1;2;1;3;2;3;3;4;2;2;2;3;4;2;1;2;3;1;1;2;3;2;3;2;2;2;2;2;2;4;1;2;3;2;3;2;2;3;4;2;3;3;2;3;2;2;2;1;2;2;2;1;4;3;4;3;2;3;4;1;4;3;3;2;2;2;2;3;1;2;2;2;1;2;3;4;3;2;1;1;3;1;3;1;2;3;1;2;2;2;2;1;3;2;3;2;2;4;1;4;4;4;3;2;1;3;1;1;4;3;3;3;3;3;2;2;1;2;1;1;4;1;3;3;6;2;1;4;3;1;5;3;3;3;2;4;3;2;3;2;1;1;1;2;2;3;1;3;3;2;3;3;1;3;4;2;2;6;3;2;2;3;2;2;2;2;1;3;1;1;3;3;1;5;3;1;1;2;4;2;2;1;1;5;2;2;2;2;2;2;2;1;2;1;1;4;4;1;2;3;3;1;4;3;3;1;3;3;2;3;4;2;3;2;2;3;2;2;2;2;3;3;3;1;3;3;5;1;1;2;3;2;2;2;3;4;3;1;1;3;4;2;2;2;3;3;2;2;3;2;2;2;1;2;3;2;4;3;1;4;4;3;3;1;4;1;3;3;3;2;1;1;2;5;1;2;3;1;5;3;1;1;2;1;3;2;4;4;2;2;3;2"
19,0,455,"1;1;2;1;1;1;1;1;1;1;1;1;1;1;1;1;1;1;1;1;1;1;1;1;1;1;1;1;1;1;1;1;1;1;1;2;1;1;1;1;1;1;1;1;2;1;1;1;1;1;1;1;1;1;1;1;1;1;1;1;1;1;2;3;1;2;1;1;1;1;2;1;1;2;1;1;2;1;1;1;1;1;1;2;2;2;2;3;4;3;1;3;4;1;2;4;5;1;1;1;1;1;2;3;2;2;1;4;1;3;2;3;1;3;1;2;1;1;1;1;1;1;1;1;1;1;1;1;2;1;1;1;2;1;1;1;1;2;1;2;1;2;4;1;1;2;2;2;1;2;5;1;10;2;2;5;5;3;2;1;3;1;2;2;3;5;5;5;2;3;2;3;3;4;3;2;3;4;2;2;5;2;1;4;5;3;4;3;2;1;1;1;1;2;3;1;2;3;2;2;2;1;3;2;3;3;3;3;3;4;2;1;3;3;2;3;1;2;5;2;5;4;4;2;1;5;1;2;4;4;5;3;4;3;2;4;1;3;3;2;1;1;1;2;1;4;2;1;5;1;5;2;5;3;3;2;4;4;4;3;4;2;3;4;2;3;3;4;2;4;4;2;2;3;3;3;2;4;5;4;3;3;3;4;3;1;1;4;3;1;3;2;4;2;1;4;4;4;1;3;4;4;1;4;4;4;4;2;2;4;4;4;4;4;4;4;2;1;1;4;3;1;1;1;4;3;1;1;5;2;4;4;2;2;4;2;2;4;2;3;3;1;2;1;1;2;1;1;1;3;2;2;2;2;2;2;1;3;1;3;2;6;4;4;4;2;6;2;2;4;4;2;2;2;1;1;2;2;3;4;1;1;2;1;4;4;2;1;1;2;2;3;1;1;3;4;4;4;3;1;4;4;4;4;4;3;1;3;1;3;1;3;1;3;1;3;1;1;3;1;3;1;2;2;4;3;1;2;1;1;4;4;2;2;3;1;3;1;3;1;3;1;2;1;1;3;1;4;4;4;3;1;3;4;1"
19,1,407,"1;2;2;2;4;2;2;2;4;2;2;4;1;2;1;2;2;2;1;1;2;1;2;2;3;2;1;1;4;4;3;1;4;4;4;2;1;1;4;3;1;3;1;2;1;1;4;4;3;3;1;1;4;4;4;2;2;3;1;2;2;5;4;3;4;3;1;3;1;2;1;5;4;4;4;3;1;5;3;4;4;4;4;4;4;4;4;3;4;1;2;1;1;3;1;4;2;3;2;1;2;2;3;5;4;2;1;2;1;4;4;4;2;1;1;3;1;3;5;7;1;4;2;2;4;4;3;1;3;1;3;1;4;3;1;3;1;4;4;4;4;4;2;2;4;4;4;4;4;3;1;3;2;3;4;4;3;1;3;1;3;3;5;1;3;1;3;1;3;4;1;4;4;4;3;1;5;3;3;1;4;2;2;4;4;4;4;3;1;1;3;4;4;3;1;2;2;4;5;3;4;2;2;4;2;2;4;3;1;3;1;3;1;3;4;5;3;1;3;4;1;3;4;1;2;1;1;3;2;3;3;1;4;4;4;3;1;4;4;2;1;1;4;4;4;4;3;1;4;4;2;1;1;4;4;3;1;7;4;1;3;1;2;1;1;3;1;3;1;3;1;4;3;1;3;1;4;3;4;1;2;1;1;3;4;2;3;3;1;4;3;1;3;1;4;7;2;2;1;3;1;4;4;3;1;4;3;1;4;4;4;3;1;1;1;1;2;1;1;1;1;2;3;2;1;2;1;1;2;1;2;1;1;2;1;2;1;2;2;3;3;3;2;1;3;1;2;3;2;1;2;1;3;3;3;1;2;2;1;3;3;2;1;2;4;3;3;3;3;2;1;1;2;2;1;3;3;2;1;2;1;2;1;4;1;2;4;2;3;1;2;4;2;2;1;1;2;3;3;3;3;3;3;2;1;3;3"
20,0,68,"1;1;1;1;1;1;1;2;1;1;1;1;1;1;1;1;1;1;1;1;2;1;1;3;3;1;1;1;2;1;2;1;1;1;1;1;1;2;1;1;1;1;1;1;1;1;1;1;2;1;3;1;3;1;1;1;1;1;1;2;1;1;2;1;3;1;1;1"
20,1,124,"1;1;1;1;1;1;1;1;2;1;2;1;1;1;1;1;1;2;1;1;1;1;1;1;1;1;1;2;1;1;2;1;1;1;2;1;1;1;1;1;1;1;2;1;1;2;2;1;1;1;1;2;2;1;2;1;2;1;1;1;2;1;1;1;2;3;4;1;1;1;2;3;3;1;2;1;1;1;1;1;1;2;1;2;3;2;2;2;2;3;1;4;1;1;1;1;1;5;1;2;2;1;4;1;2;3;1;1;2;2;1;1;2;3;2;3;2;1;1;2;2;2;2;1"
21,0,671,"1;2;1;1;1;1;1;2;1;1;2;2;1;1;1;1;1;1;1;1;2;1;1;1;2;1;1;1;2;1;2;2;2;2;1;1;1;1;1;1;1;1;1;1;1;1;1;1;1;1;3;1;1;1;1;1;1;1;1;1;1;1;2;1;1;2;1;1;1;1;2;2;1;1;1;1;4;1;1;3;1;2;1;1;1;2;1;1;1;1;1;2;1;1;2;1;1;2;1;1;1;1;1;1;1;2;1;2;1;1;1;1;3;1;1;1;1;1;1;2;1;2;1;6;1;1;1;1;1;1;1;1;1;1;1;1;2;3;1;1;1;2;1;1;1;1;1;1;1;1;2;1;1;1;1;1;1;1;2;2;2;1;1;1;1;1;1;2;2;1;1;3;1;2;1;1;1;1;2;1;1;2;2;1;1;1;3;2;1;1;1;1;1;1;2;3;2;1;2;2;1;1;1;1;1;2;1;1;1;1;1;2;1;1;2;1;1;1;1;1;1;2;2;2;1;1;1;3;1;1;1;1;1;1;1;1;1;1;1;1;1;1;1;1;1;1;2;1;1;1;1;2;2;1;1;2;1;1;1;1;1;1;1;1;3;2;2;4;1;2;1;1;1;2;1;1;1;2;1;1;2;1;1;1;1;1;1;1;2;2;1;1;1;1;1;2;2;1;1;1;1;1;1;1;3;1;1;1;2;1;2;1;2;2;1;2;1;1;3;1;1;2;2;1;2;1;2;2;1;3;1;1;1;2;1;1;1;1;1;1;4;1;1;1;1;1;1;1;1;1;1;2;1;1;1;1;1;1;1;1;1;1;1;3;3;1;2;1;3;1;1;1;1;1;1;2;1;1;1;1;1;1;2;1;2;1;2;2;2;1;1;2;1;2;1;1;3;2;2;3;1;1;1;1;2;3;1;1;1;1;2;3;1;1;1;2;2;3;1;2;1;2;2;2;2;3;2;2;1;1;1;1;2;1;4;2;2;3;2;1;3;2;1;3;1;1;2;1;1;1;2;2;2;3;2;2;1;1;1;2;2;3;2;2;2;1;2;1;2;2;2;4;3;3;2;3;4;4;1;1;3;1;1;1;2;1;2;2;1;1;2;2;1;3;1;3;1;2;1;2;1;2;1;1;3;2;2;3;2;2;1;1;1;2;2;2;1;3;1;3;1;1;2;3;3;2;2;2;3;1;1;2;1;3;1;2;2;3;3;3;2;2;1;1;1;1;1;1;2;1;2;1;1;3;2;2;1;1;1;2;2;3;1;3;2;2;1;1;2;3;2;1;1;1;1;1;1;3;3;2;1;2;1;2;1;1;1;4;1;1;2;2;3;4;1;1;2;2;2;1;1;1;3;2;1;2;2;3;1;4;1;4;2;1;2;2;1;1;2;2;1;2;3;1;4;1;2;1;2;2;3;1;1;3;2;2;2;1;5;2;2;1;2;1;2;2;2;1;2;2;1;2;2;1;2;2;2;2;2;1;3;2;1;1;2;2;3;2;1;1;5"
21,1,526,"1;4;1;2;1;2;1;1;1;2;1;3;2;1;2;3;4;2;1;2;3;1;1;2;1;3;2;1;1;2;2;2;1;2;1;1;1;1;2;1;2;1;4;1;1;1;1;2;1;2;1;2;2;1;3;1;3;1;1;1;2;2;2;1;2;1;2;2;2;2;1;2;2;1;1;1;2;4;2;1;2;1;2;2;2;2;1;2;2;1;1;1;3;1;3;2;4;2;3;3;2;4;2;1;1;1;1;2;2;3;3;1;2;2;1;2;2;1;2;2;1;2;1;1;2;4;1;1;1;1;3;3;2;2;1;1;1;3;2;2;2;1;1;1;2;2;2;2;1;3;1;2;1;2;2;1;2;2;2;2;1;2;1;2;2;3;1;3;2;2;3;2;1;2;3;2;3;1;2;2;1;1;1;1;1;2;2;1;5;4;2;3;4;2;1;2;2;3;4;3;2;2;2;1;3;4;2;2;3;3;3;2;1;3;2;3;2;4;2;1;2;3;2;1;3;1;1;2;1;3;2;3;2;1;1;2;4;5;2;2;1;3;2;1;2;1;2;3;4;1;2;4;2;1;3;2;1;3;2;2;1;3;3;2;1;2;2;1;3;2;2;2;2;3;4;2;2;1;2;2;1;2;3;2;2;2;2;3;2;1;4;2;1;2;2;2;1;1;3;2;2;1;4;1;3;1;2;3;2;1;1;1;3;1;2;3;2;1;2;3;3;3;2;3;3;1;2;2;1;2;1;1;1;1;2;1;2;3;3;2;3;1;2;2;1;2;1;2;3;1;2;2;1;3;1;1;1;1;1;1;3;2;3;1;1;3;1;2;2;1;2;2;2;2;2;2;2;3;1;1;1;2;1;2;2;1;5;2;4;3;4;2;2;3;2;1;3;2;1;2;1;2;3;3;2;1;2;1;2;1;2;2;2;2;2;3;3;2;1;1;1;1;2;2;1;2;1;2;3;2;3;1;3;2;1;1;1;1;1;1;1;2;2;1;3;1;1;3;1;5;4;2;2;1;3;2;4;1;1;3;2;2;1;3;4;2;3;1;1;2;2;2;1;4;2;1;3;1;1;2;2;2;2;1;3;2;4;2;2;3;2;2;3;2;2;1;4;3;2;2;1;2;3;3;2;1;2;2;1;2;2;1;1;3;3;2;3;1;1;2;2;2;2;1;3;4"
22,0,12,"1;1;1;1;1;1;1;2;2;2;1;2"
22,1,41,"1;1;1;1;1;2;1;1;1;1;1;1;1;1;1;2;1;1;1;1;2;1;1;1;1;1;1;2;2;1;1;1;2;1;1;1;1;1;1;1;1"
23,0,742,"1;1;1;2;1;1;1;1;1;1;1;1;1;1;1;1;1;1;1;1;1;1;1;1;2;1;2;1;1;1;1;2;1;1;1;1;1;1;1;1;1;1;1;1;2;3;1;1;1;1;1;1;2;2;1;1;1;1;2;3;2;1;3;1;1;1;1;1;1;1;1;1;1;1;1;1;1;1;1;1;3;1;1;1;1;1;1;1;1;1;1;1;2;1;1;1;1;1;1;1;1;2;1;1;1;1;1;1;1;1;1;1;2;1;1;1;1;3;3;2;1;1;1;1;1;1;1;1;1;1;1;2;1;1;1;1;1;1;1;1;1;2;2;1;1;1;1;1;1;1;2;1;1;1;3;1;1;1;1;2;1;1;1;2;1;1;1;2;1;1;1;1;2;2;2;1;1;1;1;1;1;1;1;1;1;1;1;1;1;1;2;2;1;1;1;1;3;1;1;1;1;2;1;2;1;1;1;1;1;2;2;3;1;1;1;1;1;2;1;1;2;1;1;1;2;2;1;1;1;1;2;1;1;1;1;1;2;1;2;1;1;2;1;1;1;2;1;1;1;1;2;1;2;1;3;1;2;2;2;2;1;1;1;1;2;1;1;1;1;2;1;1;1;1;2;1;1;1;2;2;1;1;1;2;1;1;3;1;1;1;1;3;1;1;1;1;1;1;1;1;1;2;1;1;1;1;1;1;1;1;1;3;1;2;2;1;1;1;3;2;1;1;2;1;1;1;1;3;1;1;2;1;1;1;1;3;1;1;1;1;1;1;1;1;2;1;1;1;4;1;1;3;1;1;1;1;3;2;4;1;1;2;1;2;1;1;4;1;3;1;1;2;3;1;3;1;1;1;2;1;1;1;2;1;1;1;1;2;1;1;1;1;1;1;1;1;1;1;1;2;2;1;1;2;3;1;2;2;1;1;2;1;1;1;1;1;2;2;1;1;1;2;2;3;1;1;2;1;1;1;1;2;2;1;1;2;2;1;1;2;1;1;1;1;3;1;1;1;3;1;1;1;1;1;2;2;1;2;1;1;1;1;1;1;1;1;4;1;1;1;1;2;2;2;2;1;1;1;1;4;2;2;1;1;1;3;1;1;1;1;3;2;1;2;3;1;3;1;1;5;2;2;1;1;1;2;1;2;1;2;1;1;1;1;2;1;2;1;1;1;2;1;2;2;1;1;3;4;1;1;1;1;2;1;1;2;2;1;1;1;1;1;1;1;1;1;1;1;1;2;3;1;1;4;1;1;2;3;1;1;3;2;1;1;3;1;1;2;1;1;1;2;1;1;1;1;1;1;1;2;2;1;1;1;1;2;1;2;1;2;1;1;2;2;1;2;1;2;1;1;1;1;2;1;1;1;2;2;1;4;1;1;1;2;1;1;1;1;1;1;1;1;2;1;1;2;2;1;1;1;1;2;1;2;1;3;1;1;3;1;3;1;1;3;1;1;1;2;1;1;1;3;1;1;3;1;1;1;1;3;1;1;1;3;2;1;1;2;1;1;4;2;2;3;1;2;2;1;2;3;1;2;1;3;1;1;1;2;1;1;1;1;2;2;1;1;1;1;1;1;3;3;2;1;1;2;1;1;1;3;1;1;1;1;1;1;4;1;1;2;2;1;1;1;3;1;1;3;1;1;1;1;2;1;1;1;3;1;1;2;2;1"
23,1,641,"1;1;1;1;1;2;1;1;1;1;1;1;1;1;3;1;1;1;1;2;3;3;1;2;1;2;1;1;2;1;1;1;1;1;1;3;1;2;2;3;5;1;3;1;2;1;3;2;3;1;2;1;2;1;1;1;2;1;1;1;1;1;3;1;1;3;1;1;1;3;1;1;1;2;1;2;2;1;1;2;1;1;2;2;1;1;1;1;2;1;1;2;1;2;1;1;1;3;1;1;3;2;1;2;3;1;1;3;1;1;2;3;1;2;2;1;1;2;3;5;1;1;2;3;2;3;1;1;2;2;1;1;1;1;2;3;1;2;1;1;2;2;1;3;2;1;1;2;2;1;1;1;1;2;1;1;2;2;1;2;3;1;2;1;3;3;2;1;1;1;3;1;1;3;1;2;2;2;1;1;2;2;1;1;2;3;1;1;2;1;1;1;1;1;1;3;2;1;2;1;1;1;2;2;1;1;2;2;1;1;2;2;1;3;2;1;1;2;3;1;2;2;1;1;1;1;2;3;2;1;1;1;1;3;3;2;1;1;1;1;2;1;1;2;1;1;1;1;3;1;1;1;3;1;2;1;3;2;3;1;1;1;2;2;1;4;2;1;1;2;1;1;1;3;1;1;1;1;1;1;1;1;1;3;1;2;1;2;1;2;3;2;2;2;1;1;1;3;2;2;2;1;2;3;1;1;1;1;4;2;2;2;1;3;2;1;1;1;1;1;1;1;1;1;1;3;1;2;1;1;1;1;1;1;2;1;1;2;1;1;1;1;1;1;2;1;1;1;2;1;1;1;1;2;2;2;1;1;1;1;2;1;2;1;1;2;1;2;2;1;1;1;1;2;1;1;1;1;1;1;1;1;1;1;1;1;3;3;2;3;1;2;2;3;2;1;2;1;2;1;1;1;2;3;2;3;2;3;1;2;1;1;2;1;1;1;1;3;2;5;1;2;3;1;2;2;2;2;2;1;2;3;2;2;2;1;1;1;2;1;2;3;2;2;1;2;1;1;1;1;2;2;1;1;1;2;2;1;1;3;2;1;1;1;1;1;1;1;1;2;2;2;1;2;2;2;3;1;2;1;1;2;2;1;4;2;2;1;2;1;1;1;4;2;1;2;2;1;2;2;2;1;2;1;1;2;1;3;2;1;2;1;1;1;1;1;2;1;1;1;1;2;3;2;3;1;1;3;2;2;2;1;2;1;2;2;2;1;3;1;1;2;3;2;3;1;1;2;1;1;1;3;1;2;3;1;2;1;3;3;3;2;1;1;1;2;3;2;2;1;2;1;3;2;2;1;2;1;1;1;2;2;3;2;1;1;1;2;1;1;2;1;1;6;1;1;1;1;2;1;3;3;1;2;1;1;1;1;1;2;1;2;1;1;1;1;1;1;1;1;1;2;2;1;3;1;1;3;1;1;5;1;2;1;1;2;1;3;3;1;3"
24,0,355,"1;1;2;1;1;1;1;1;2;1;1;1;2;1;1;1;1;1;1;1;1;1;1;1;1;1;1;1;3;1;1;2;1;1;1;1;1;1;1;1;1;1;1;1;1;2;1;1;1;1;1;1;1;1;1;1;1;1;1;1;1;1;1;2;1;1;1;1;1;1;1;1;1;1;2;1;1;2;1;1;1;1;1;1;1;1;2;1;1;1;2;1;1;2;1;1;2;1;1;2;1;2;1;1;1;2;1;1;1;3;2;1;1;2;1;1;4;1;2;1;2;3;1;2;1;1;2;2;1;2;2;1;2;1;2;1;1;2;2;2;3;4;1;1;1;1;1;2;1;1;1;1;1;1;1;1;2;2;1;2;2;2;2;2;1;1;1;1;2;1;3;1;2;2;2;1;1;2;1;1;1;1;3;1;1;2;1;1;1;1;2;1;2;1;1;1;3;1;2;1;2;1;1;3;3;2;2;1;1;3;1;2;1;1;2;2;2;2;1;1;2;3;2;1;1;2;1;3;1;1;2;3;1;2;2;2;1;1;2;1;1;2;2;2;1;1;1;2;1;1;1;1;1;3;1;2;2;1;1;2;2;1;1;2;1;3;2;3;2;2;1;1;2;1;3;2;1;1;1;1;1;3;7;6;4;10;7;7;2;7;8;10;4;7;7;9;3;9;9;10;8;10;10;8;9;9;10;6;8;9;10;5;10;10;10;10;10;10;6;9;10;7;9;10;10;10;10;9;10;9;10;10;7;10;10;10;7;9;10;10;10;10;10;10;10;10;8;6;9;10;10;10;10;9;10"
24,1,119,"1;1;4;8;10;10;5;1;9;6;10;10;10;10;10;10;10;10;10;10;10;8;10;10;10;10;10;9;10;8;8;10;8;10;9;9;10;6;10;10;10;9;5;10;10;8;10;10;10;7;10;3;10;10;7;10;10;10;10;8;10;10;10;10;10;9;10;10;4;10;10;8;10;7;5;10;10;4;10;10;10;10;10;10;8;9;9;10;10;9;8;4;10;10;10;10;10;9;10;8;10;6;10;10;10;8;3;9;10;5;9;10;10;10;10;6;3;6;6"
25,0,811,"1;1;1;1;1;1;1;1;1;1;1;1;1;1;1;1;1;1;1;1;1;1;1;1;1;1;1;1;1;1;1;1;1;1;1;1;2;1;1;1;1;1;1;1;1;1;1;1;1;1;1;1;1;1;1;1;1;1;1;1;1;1;1;1;1;1;1;1;1;1;1;1;1;1;1;1;1;1;1;1;1;1;1;1;1;1;1;2;1;1;1;1;1;1;1;1;1;2;1;1;1;1;1;2;2;2;1;2;2;2;1;1;1;2;2;1;2;1;1;1;2;1;1;1;2;2;1;1;2;1;2;1;1;1;1;1;1;1;1;1;2;2;2;1;1;2;1;1;1;1;2;2;1;1;3;1;1;1;1;1;1;1;2;2;1;1;1;1;2;1;1;1;1;1;2;2;2;1;1;2;1;1;1;1;1;1;1;2;1;1;1;1;1;1;1;2;1;1;1;1;2;1;1;1;1;1;1;1;1;1;2;2;1;2;2;1;1;1;1;2;1;1;1;1;1;1;1;1;1;2;2;2;1;1;1;1;1;2;1;2;1;1;2;2;1;1;1;3;1;1;2;2;1;1;1;1;1;1;1;1;2;1;1;1;1;1;1;1;1;1;1;1;1;1;1;1;1;1;1;1;1;1;2;1;1;1;1;1;1;1;1;1;1;2;2;1;1;2;1;1;2;1;1;1;1;1;2;1;2;1;1;1;1;1;1;1;2;1;1;1;1;1;1;1;1;1;1;1;1;1;1;1;1;1;1;1;1;1;1;1;2;2;1;1;2;1;2;2;1;1;2;1;1;1;1;1;1;2;1;1;1;1;1;2;1;1;1;1;1;1;1;2;1;2;1;1;1;1;1;2;1;1;1;2;1;1;1;1;1;1;1;1;1;1;1;1;1;1;1;2;2;1;1;1;1;1;1;2;1;1;2;1;1;1;1;2;1;1;1;1;1;1;1;1;2;1;1;1;2;1;1;1;1;1;1;1;1;1;1;2;1;2;2;1;1;1;1;1;1;1;1;2;1;1;2;1;1;1;1;1;2;1;1;1;1;1;1;2;1;1;1;2;1;1;1;1;1;1;1;1;2;1;2;1;2;1;2;1;2;1;2;1;1;2;1;2;1;1;1;2;1;2;1;1;1;1;1;2;1;3;1;1;1;1;1;1;1;1;1;1;2;1;1;2;1;1;1;1;1;1;1;2;1;1;2;1;2;1;2;1;1;1;3;1;1;1;1;1;3;2;1;1;1;1;1;1;2;1;1;2;2;1;1;1;1;1;3;1;1;1;1;1;2;1;1;2;1;2;1;1;1;2;2;2;1;1;2;1;1;1;1;2;1;2;1;2;1;2;2;1;1;2;1;1;1;2;1;2;1;2;1;1;1;1;1;2;2;1;1;2;1;3;3;1;1;2;1;1;1;1;1;1;1;2;1;1;2;1;1;2;1;2;1;1;1;1;1;1;2;2;1;1;2;1;1;1;1;1;1;1;1;2;4;2;1;2;2;1;1;1;1;1;1;1;1;1;2;1;1;1;1;1;1;1;1;1;1;1;1;2;1;1;2;1;2;1;2;1;1;2;1;1;1;1;1;1;2;1;1;1;1;2;1;2;1;1;1;1;3;1;1;2;1;1;1;1;1;1;2;3;2;3;1;1;1;1;1;1;1;1;3;2;1;3;3;2;2;2;1;2;2;3;1;1;1;1;1;1;1;1;1;1;1;1;1;5;3;2;2;1;1;1;1;1;2;3;2;1;1;2;1;2;3;1;1;2;1;2;2;2;1;1;1;1;1;1;2;1;2;1;1;1;1;2;2;1;1;2;1;1;4"
25,1,368,"1;1;1;1;1;1;1;1;1;1;1;2;1;1;1;1;1;1;1;2;1;1;1;1;1;1;1;1;1;1;2;1;2;1;2;1;1;2;1;1;2;1;1;1;1;1;1;1;1;3;1;2;1;1;1;2;2;1;1;2;1;3;2;2;1;1;1;1;1;3;2;1;1;1;1;1;1;1;1;1;1;1;1;1;2;1;1;1;1;1;1;1;1;2;2;2;1;3;1;2;1;1;1;1;1;1;1;2;1;2;4;3;2;1;4;2;3;1;1;1;3;1;1;2;1;1;1;2;3;1;1;1;1;1;1;2;1;1;1;2;1;2;1;4;3;3;1;1;1;2;1;1;1;5;4;1;1;2;1;1;1;2;1;1;3;1;1;3;1;1;1;1;1;1;1;1;1;1;1;1;1;1;1;1;1;1;1;1;1;1;1;1;1;1;3;1;1;1;2;1;2;1;1;1;1;2;1;4;1;1;1;1;2;3;2;6;1;2;1;3;1;2;4;1;4;1;1;2;1;2;8;1;1;2;1;1;2;5;3;1;2;1;3;4;1;1;1;1;1;1;1;1;1;1;1;4;3;1;4;10;2;1;2;1;6;1;1;1;1;1;1;1;5;1;2;2;7;3;3;5;7;6;1;5;3;2;7;1;2;3;4;9;4;5;1;1;9;7;8;1;3;7;10;5;4;10;8;3;1;1;10;8;7;9;6;6;9;9;9;2;6;4;6;9;8;9;10;10;4;3;3;10;9;10;10;9;10;10;9;10;10;10;3;10;9;9;5;10;10;10;9;1;7;5;2;9;10;9;4;7;9;3;10;4;5;10;10;10"
26,0,49,"1;1;1;1;1;1;1;1;1;1;1;1;1;2;2;2;1;1;1;1;2;1;1;1;1;1;1;1;1;1;1;1;1;1;1;1;1;1;1;1;1;1;1;1;1;1;1;1;1"
26,1,20,"1;1;1;2;2;1;1;1;1;1;1;1;2;1;1;2;3;3;1;1"
27,0,651,"1;1;1;1;1;2;2;2;1;1;1;1;1;1;2;1;1;1;1;1;1;1;1;1;1;1;1;1;1;1;2;2;1;1;1;1;2;1;2;2;1;1;2;1;1;1;1;1;1;1;1;1;1;1;1;1;1;1;1;1;1;1;1;1;1;1;1;1;1;1;3;1;1;1;1;1;1;2;1;1;1;1;1;1;2;1;1;1;1;1;1;1;2;1;1;1;2;1;1;2;1;1;2;2;1;1;1;1;1;1;1;1;1;1;1;1;1;1;1;1;1;1;1;1;1;1;1;1;1;1;1;1;1;1;1;1;1;1;2;1;1;1;1;1;1;1;1;1;1;1;2;1;1;1;2;1;1;1;1;1;1;1;1;1;1;1;2;1;2;1;1;1;1;1;1;1;1;1;1;1;1;2;1;1;1;1;1;1;1;1;1;1;1;1;1;1;1;1;1;1;2;1;1;1;1;1;2;1;1;1;2;1;1;1;1;1;1;1;2;2;1;1;1;1;1;1;1;1;1;2;2;1;1;1;1;1;1;1;1;1;3;1;1;2;1;1;1;2;1;3;1;1;1;1;1;1;1;3;1;1;1;1;1;1;1;1;1;1;1;1;1;1;1;2;1;1;2;1;2;1;1;1;1;1;1;1;1;1;1;2;1;1;2;1;1;1;1;1;2;1;1;2;1;2;2;1;2;1;1;1;2;1;1;1;1;1;2;2;1;1;2;1;3;1;1;2;1;1;3;1;1;1;2;1;2;1;1;1;1;1;1;1;2;2;1;1;1;1;1;1;1;1;4;1;1;1;1;2;1;1;3;1;2;2;2;2;1;2;1;1;1;1;1;1;2;2;1;2;1;2;2;2;4;1;1;2;1;3;1;1;2;4;2;3;2;1;1;3;1;1;3;1;2;1;3;1;1;3;1;1;2;3;1;2;1;1;4;2;1;1;4;4;3;1;4;3;1;4;4;6;2;3;1;4;5;1;1;5;1;2;3;1;2;1;1;1;7;4;5;3;4;2;2;2;2;1;1;1;1;1;1;1;1;1;1;1;1;1;4;3;1;4;4;4;3;1;4;2;2;4;1;1;1;1;4;1;2;1;1;1;1;3;1;1;4;2;2;4;1;1;1;4;4;1;1;1;2;2;1;3;1;4;1;3;2;1;1;4;3;1;1;1;3;1;2;1;2;1;4;1;3;1;3;4;2;1;1;4;4;3;1;1;1;2;3;1;1;4;2;2;1;1;2;1;2;1;1;1;3;1;3;1;3;1;3;1;4;1;1;2;2;1;1;2;2;3;1;4;2;1;3;1;1;4;2;1;2;1;1;4;2;1;2;1;3;1;4;2;1;3;3;2;1;2;1;1;3;1;3;1;3;1;3;2;1;2;2;2;4;4;3;1;1;2;1;2;2;3;3;1;3;1;1;2;4;4;4;4;4;4;4;3;2;2;3;1;4;1;2;1;3"
27,1,452,"1;1;1;1;1;1;1;1;1;1;1;1;1;1;1;1;1;2;2;2;4;4;4;4;2;2;3;1;3;1;3;1;3;1;3;2;1;1;3;1;1;2;1;3;1;2;1;1;2;1;1;3;1;3;1;4;4;4;4;4;3;1;3;1;3;1;3;1;3;1;3;1;4;3;1;3;1;3;1;3;1;3;1;3;1;4;4;2;2;2;2;2;2;4;2;2;2;2;1;3;1;4;1;2;4;3;1;1;3;1;2;1;1;4;4;4;4;4;4;4;4;4;2;2;1;3;3;1;3;1;4;4;2;1;1;3;1;4;3;1;4;3;1;1;2;1;3;1;4;2;2;5;3;4;3;1;4;4;4;1;1;6;4;4;3;1;3;1;3;1;3;1;1;3;5;4;3;3;1;2;3;1;4;2;2;3;1;2;2;4;4;4;4;4;4;4;4;3;1;1;2;4;3;1;2;4;3;1;4;3;1;3;1;3;1;4;2;2;4;3;1;2;2;3;1;2;1;1;3;1;1;1;1;1;3;1;3;1;4;4;2;1;1;4;4;4;1;2;4;4;2;2;1;1;1;2;1;2;3;3;3;3;1;2;1;2;3;1;2;2;1;3;1;1;4;2;2;1;1;2;2;3;2;1;2;4;2;2;1;4;3;2;1;3;3;2;1;1;2;2;2;1;1;3;1;4;1;2;1;3;2;1;3;3;1;2;3;2;1;3;1;2;3;3;2;1;3;3;3;1;3;2;3;1;2;2;1;6;2;1;3;1;2;2;1;3;3;3;2;1;2;1;2;1;3;3;3;3;1;2;2;1;3;2;1;3;2;1;3;2;1;2;1;3;2;2;2;3;3;3;3;4;2;4;1;6;1;2;1;2;2;1;1;3;4;2;3;3;2;1;3;3;3;2;1;3;3;3;3;3;3;2;1;3;3;1;2;3;2;1;3;2;1;1;2;2;1;1;2;2;1;3;3;2;1;3;3;3;3;2;4;4;2;3;3;2;4;3;3;3;3;5"
28,0,690,"1;1;1;1;1;1;1;1;1;1;1;1;1;1;1;2;1;1;1;1;2;2;1;1;1;1;1;1;1;1;1;1;1;1;1;1;1;1;2;2;1;1;1;1;1;2;1;1;1;2;1;1;1;1;2;1;1;1;1;1;1;1;2;1;1;1;1;1;1;1;2;1;1;1;1;1;1;1;1;2;2;1;1;1;1;1;1;1;1;1;1;1;1;1;1;1;1;2;1;1;1;1;1;1;2;2;1;1;1;1;1;1;1;1;1;3;1;1;2;1;1;1;1;1;1;1;3;1;1;1;2;1;1;1;1;1;1;1;1;1;2;1;1;1;1;1;1;1;1;1;1;1;1;1;1;1;1;1;1;1;1;1;1;3;1;1;1;1;1;1;2;1;1;1;2;2;1;1;1;1;1;1;1;1;1;1;2;3;1;1;1;1;2;2;1;1;1;1;1;2;2;2;2;1;1;3;1;1;1;2;1;1;2;1;1;1;1;2;1;1;1;1;1;1;1;1;1;2;1;1;1;1;1;1;1;2;1;1;1;1;2;2;1;1;1;1;1;1;1;2;3;2;1;1;1;1;1;1;1;1;1;1;1;2;1;1;1;3;2;2;1;2;1;2;1;2;1;1;2;1;1;1;2;1;1;1;1;1;1;1;1;2;1;3;1;1;2;1;1;1;1;2;1;1;1;2;1;1;4;1;1;1;1;1;3;1;3;1;1;1;2;1;2;1;1;1;1;1;1;1;1;2;2;2;1;1;1;1;3;1;1;2;1;3;2;1;1;1;1;1;1;1;1;1;1;1;1;1;1;2;1;2;2;1;2;1;1;1;1;3;1;1;1;1;1;1;1;1;1;1;1;2;2;1;2;1;4;1;4;1;3;1;1;1;1;1;1;2;2;3;1;2;2;1;1;2;1;2;1;3;1;4;1;4;1;4;1;1;4;1;4;4;1;2;2;1;4;1;1;2;1;4;1;2;1;2;1;1;1;1;1;1;1;3;1;1;3;3;2;1;1;3;2;3;1;2;3;1;1;4;1;4;1;1;3;2;1;1;4;1;1;2;1;2;2;2;3;1;1;2;1;1;2;2;2;3;1;5;2;3;3;1;2;1;2;2;1;4;2;1;1;2;1;2;2;1;3;1;3;1;1;2;1;1;1;2;1;1;1;1;3;1;1;3;1;2;1;1;1;1;3;1;1;1;3;2;1;3;1;1;1;3;1;3;2;1;3;1;1;1;3;1;1;1;3;1;1;1;4;1;1;4;1;1;2;2;1;1;1;4;1;3;2;1;3;1;1;1;4;1;1;4;1;1;2;3;4;2;1;3;1;1;1;3;2;1;4;1;1;4;1;1;3;2;1;1;2;1;1;1;3;2;4;1;1;1;3;1;2;3;1;1;2;1;1;1;1;1;1;1;3;2;1;1;4;1;1;3;1;3;3;1;4;1;1;1;3;1;1;1;3;1;1;3;2;1;3;2;1;4;1;1;4;1;1;1;3;1;1;4;1;1;3;2;4;1;1;1;3;1;1;1;4;1;1;1;3;2;1;4"
28,1,440,"1;1;1;1;1;1;1;1;1;1;1;1;1;1;1;1;1;2;1;1;1;1;1;1;1;1;2;2;2;4;1;1;1;2;2;1;2;2;2;1;4;1;2;3;1;1;3;2;2;3;1;1;4;1;1;3;2;2;4;1;3;1;1;4;1;1;2;3;1;1;3;1;1;1;3;1;1;2;4;1;3;1;1;1;3;2;4;2;2;2;1;1;1;1;3;1;2;2;2;1;4;1;2;1;2;1;2;1;3;2;1;3;2;1;1;2;1;1;2;2;1;1;2;3;1;4;4;1;2;2;2;1;1;1;3;1;3;2;2;1;3;1;3;1;1;2;1;3;2;2;2;2;1;3;3;1;1;3;2;1;1;3;1;2;2;2;2;1;3;2;1;3;2;3;1;2;2;2;4;2;5;1;1;1;1;3;2;1;3;6;2;3;1;3;3;3;2;2;1;4;2;2;4;3;1;4;2;2;3;4;1;3;1;4;3;1;3;2;2;1;4;2;2;2;5;2;3;1;2;5;5;4;4;4;1;7;2;3;3;1;2;4;1;2;2;4;1;1;3;4;3;3;3;1;1;1;2;2;1;3;3;4;1;4;3;1;3;1;4;3;1;3;2;5;3;2;4;1;2;1;1;3;3;2;3;3;4;5;1;3;1;3;1;3;3;5;2;3;1;2;1;3;4;3;5;3;2;3;1;3;2;4;4;5;3;4;3;3;3;5;1;2;2;1;3;3;1;3;4;1;4;1;3;1;2;5;3;1;3;3;2;4;3;1;1;2;1;1;3;4;1;6;2;2;2;1;3;1;4;1;3;2;3;7;1;1;3;3;1;1;3;3;1;1;2;4;1;4;2;4;5;4;2;3;4;4;3;3;4;5;2;5;2;4;4;3;3;4;4;5;3;5;4;2;3;4;1;3;4;1;6;1;3;3;4;3;5;5;3;2;3;2;5;5;1;4;3;1;3;4;1;4;4;3;3;2;1;3;1;5"
29,0,71,"1;1;1;1;1;1;1;1;1;1;1;1;2;1;1;1;1;1;1;1;2;2;1;1;2;1;1;1;1;2;1;1;1;1;1;1;1;1;1;1;1;1;1;1;2;1;1;1;1;1;1;1;1;1;1;2;1;1;2;1;1;1;1;2;2;1;1;1;2;1;1"
29,1,868,"1;1;1;1;1;1;1;1;1;1;1;1;1;1;1;1;1;1;1;1;2;1;1;1;2;1;1;1;1;1;1;1;1;1;1;1;1;1;1;1;1;1;1;1;1;1;2;1;1;1;1;1;1;1;1;1;1;1;1;1;1;2;1;1;1;1;1;1;1;1;1;1;1;2;1;1;1;2;1;1;1;1;1;2;1;1;1;1;2;1;1;1;1;1;1;1;1;1;1;1;1;1;1;1;1;1;1;1;1;1;1;1;1;1;1;1;1;1;1;1;1;1;1;1;1;1;1;1;1;2;1;1;1;1;1;2;1;2;1;1;1;1;1;1;2;1;2;1;1;2;1;1;1;1;1;1;1;1;2;1;1;1;2;2;2;1;2;1;1;1;1;1;2;3;2;3;1;1;2;1;2;2;1;1;1;1;1;1;2;1;2;1;3;1;1;1;1;1;2;2;2;1;1;1;2;2;1;1;1;1;1;1;1;1;1;1;1;1;1;1;1;1;1;1;1;1;1;2;1;1;1;1;1;1;1;1;1;1;1;1;1;1;1;1;1;1;1;1;2;1;1;1;1;1;2;2;1;1;1;1;1;1;1;1;1;1;1;1;3;1;1;1;1;2;1;2;1;1;1;1;1;1;1;1;1;1;1;1;1;1;1;1;1;2;1;2;1;1;1;1;1;1;1;1;1;1;1;1;1;3;1;1;1;1;1;1;1;1;1;1;1;1;1;1;1;1;2;1;1;1;1;1;2;1;1;1;1;1;1;1;1;1;1;1;1;1;1;1;1;1;1;1;1;1;1;2;1;1;1;1;1;1;1;1;2;1;1;1;1;1;1;1;1;1;1;1;1;1;2;1;1;1;1;1;1;1;1;2;1;1;1;1;2;1;1;1;1;2;1;1;2;2;1;1;2;1;2;1;2;1;1;1;1;1;1;1;1;1;1;1;1;1;1;1;1;1;1;1;1;3;2;1;1;1;1;1;1;1;1;1;1;1;1;1;1;1;1;1;1;1;2;1;1;1;1;1;1;1;1;1;1;1;1;1;1;1;1;1;1;1;1;1;1;1;1;1;1;1;1;1;1;1;1;1;1;1;1;1;1;1;1;1;2;1;1;1;1;1;2;1;1;1;1;1;1;2;1;2;1;1;1;1;2;1;1;1;2;3;1;1;1;1;1;1;1;1;1;1;1;1;1;1;3;1;1;1;1;1;1;1;1;1;2;1;1;1;1;1;1;1;1;1;1;1;1;1;1;2;1;1;1;1;2;1;2;1;1;1;2;1;1;1;1;1;1;1;3;1;1;1;1;1;1;1;1;1;2;1;2;1;2;1;2;1;1;1;1;2;1;1;2;2;4;2;1;3;1;1;1;1;1;1;1;1;1;1;1;1;1;1;1;1;1;1;2;1;1;1;1;1;1;2;1;2;2;1;3;2;1;2;1;3;3;1;1;1;1;2;1;3;1;2;1;1;1;2;1;1;1;1;2;1;1;1;1;1;1;1;1;1;1;1;1;1;1;2;1;1;1;2;1;1;1;2;1;2;1;1;1;1;2;1;1;1;1;1;1;1;2;1;1;1;2;1;2;1;2;1;2;1;1;1;3;1;1;1;2;1;1;1;1;1;1;2;1;2;1;2;1;1;1;1;1;1;1;1;1;1;1;1;1;2;1;1;2;1;1;1;2;1;1;3;1;3;1;1;1;1;1;1;1;2;1;1;1;1;1;1;1;1;1;1;1;2;1;1;1;1;1;1;1;1;1;1;1;1;2;3;1;1;1;1;1;1;1;2;3;1;1;1;1;1;2;1;1;1;1;1;1;1;1;1;2;1;1;1;1;1;1;1;1;1;1;1;1;1;2;1;1;1;2;1;1;1;1;1;1;1;1;1;1;2;2;2;1;1;1;1;1;1;1;2;1;1;1;2;2;1;1;1;1;1;1;1;1;1;1;2"
30,0,47,"1;1;1;1;1;1;1;1;3;2;2;1;1;1;1;3;2;1;1;1;2;1;1;1;3;1;1;2;1;1;1;1;1;1;1;1;1;1;1;1;1;1;1;1;1;1;1"
30,1,629,"1;1;1;1;1;1;1;1;1;1;1;1;1;1;1;1;1;1;1;1;1;1;1;1;1;1;1;1;1;2;1;1;1;1;1;1;1;1;1;1;1;1;1;1;1;1;1;1;1;1;1;1;1;2;1;1;3;1;1;1;1;2;1;1;1;1;1;2;1;1;1;1;1;1;1;1;2;3;2;1;1;2;1;1;1;2;1;1;1;2;1;1;1;1;1;1;1;1;2;2;2;1;2;1;1;2;2;1;1;1;1;1;1;2;1;3;1;1;1;2;2;1;1;1;1;2;2;1;2;1;1;1;1;1;1;1;2;2;1;4;1;1;1;1;1;1;1;2;4;1;1;1;1;2;1;2;2;1;1;1;1;2;1;2;1;1;1;1;1;2;1;1;1;3;1;1;1;2;1;2;1;2;1;2;1;1;1;1;1;1;1;2;1;1;1;1;1;1;1;2;1;1;1;1;1;2;1;1;1;1;1;2;1;1;2;1;2;1;1;1;1;1;1;2;1;1;2;1;1;1;2;1;1;1;2;1;1;1;1;1;1;1;1;1;1;3;1;2;1;1;1;1;2;1;3;1;2;1;1;3;1;2;1;2;1;1;1;1;1;2;1;1;3;1;2;2;1;1;1;3;1;1;1;2;1;1;1;1;1;1;3;1;1;2;1;1;2;1;1;2;1;1;1;2;1;1;1;2;1;2;1;1;1;2;1;1;1;2;1;1;3;1;1;3;1;1;1;1;1;3;2;4;1;1;1;1;1;1;1;2;2;1;1;1;2;1;4;1;1;1;3;1;1;2;1;1;1;2;1;1;1;1;2;3;1;2;1;2;1;2;1;1;1;1;1;2;1;2;1;2;3;2;1;3;1;3;1;2;3;3;2;2;1;1;1;3;2;2;1;1;1;2;1;2;2;2;1;2;1;3;2;2;2;1;3;1;1;2;2;1;2;1;1;2;1;1;1;1;2;1;1;1;1;1;1;1;4;3;2;1;1;1;2;2;1;2;1;3;2;2;1;3;2;2;2;2;1;1;1;4;3;3;1;2;1;4;3;2;1;1;4;1;2;5;1;1;1;2;4;3;1;4;1;2;1;5;1;1;1;2;2;2;1;2;1;4;2;1;1;1;3;2;1;2;1;3;4;2;2;2;2;1;4;4;3;1;2;3;2;3;3;5;2;1;3;3;2;2;5;2;2;4;2;2;2;1;5;2;2;2;4;1;1;1;1;1;2;2;1;3;5;4;4;3;1;2;5;1;4;1;1;1;4;3;1;3;1;2;4;3;2;1;1;2;2;3;2;4;2;2;1;1;1;1;1;1;2;2;1;2;4;4;4;5;4;2;5;2;4;2;2;2;3;3;1;2;2;2;3;3;2;2;2;2;4;2;2;5;3;8;1;2;4;1;2;2;1;2;2"
31,0,23,"1;1;1;1;1;1;3;2;1;1;3;1;3;1;2;2;2;3;2;2;2;1;1"
31,1,8,"1;1;1;1;1;1;1;1"
32,0,798,"1;1;1;1;1;1;1;1;1;1;1;1;1;1;1;1;1;1;1;1;2;1;1;1;1;1;1;1;2;1;1;1;1;1;1;1;1;1;1;1;1;1;1;1;1;1;1;1;1;1;1;1;1;1;1;2;1;1;2;2;1;1;1;2;1;1;2;1;1;1;1;1;1;2;1;1;1;1;1;1;2;1;1;1;1;1;1;1;1;1;1;1;1;1;2;2;1;1;1;1;1;1;1;1;1;1;1;1;1;1;1;1;2;1;1;1;1;1;1;1;1;1;1;1;1;1;1;1;1;1;1;1;1;1;1;1;1;1;1;1;1;1;1;1;1;1;1;1;1;1;1;1;1;2;1;1;1;1;1;1;1;1;1;1;2;1;1;1;1;1;1;2;2;1;1;1;1;1;1;1;3;1;1;1;1;1;2;2;1;1;2;1;1;1;1;1;1;1;1;1;1;1;1;1;1;1;1;1;1;1;1;1;1;1;1;1;1;2;1;1;1;1;1;1;1;1;1;1;1;1;1;2;1;2;1;1;3;1;1;1;2;1;1;1;1;1;1;1;1;1;1;1;1;1;1;1;1;1;1;1;1;1;2;1;1;1;1;1;1;1;4;2;1;1;1;1;1;1;1;3;2;1;1;1;1;1;2;1;2;1;1;1;1;1;1;1;1;2;2;1;2;1;1;1;1;1;1;1;1;1;2;1;1;1;1;1;2;3;1;2;1;1;1;1;1;1;1;1;1;1;2;2;1;1;1;1;1;1;1;1;1;1;1;2;1;2;1;1;1;1;1;1;1;1;1;1;2;2;2;2;1;1;1;1;2;1;1;3;1;1;1;1;1;2;1;1;1;1;1;2;1;1;1;1;2;1;1;1;1;1;1;1;1;1;1;1;1;2;2;1;1;1;1;1;2;1;1;1;1;1;1;1;2;1;1;2;1;1;1;1;1;1;1;1;1;1;1;1;1;2;1;1;1;1;1;2;1;1;1;2;2;1;2;2;1;1;1;1;1;1;1;1;1;1;1;1;1;1;1;3;1;2;1;1;1;1;2;1;1;1;1;3;2;1;3;2;1;1;1;1;2;1;2;1;1;1;2;2;1;1;1;1;1;1;1;1;1;1;1;3;1;1;1;1;2;1;1;1;1;1;3;1;1;2;1;1;1;2;1;2;1;1;1;1;1;1;2;2;1;1;1;1;2;2;1;1;1;3;1;1;1;2;1;3;1;1;1;1;1;1;1;1;1;1;2;1;1;1;2;1;2;1;1;1;1;1;1;1;1;3;2;1;2;1;1;2;2;1;2;1;1;3;2;1;1;4;1;1;2;2;2;1;1;1;1;1;1;1;2;1;1;1;1;1;2;1;1;1;1;3;3;1;1;1;2;3;1;1;1;1;1;3;1;1;3;1;1;1;1;1;2;1;1;2;1;1;2;2;1;1;1;2;2;1;1;1;1;1;1;1;3;2;1;1;3;2;1;1;3;1;2;2;1;1;2;2;1;1;2;3;1;1;1;2;1;1;2;3;2;1;1;2;1;1;1;1;1;1;2;3;1;1;2;1;1;3;2;1;1;1;2;3;1;1;1;1;1;1;3;1;1;2;2;2;1;1;1;2;3;3;1;3;1;2;1;1;1;1;1;1;3;1;1;3;3;2;2;2;1;1;1;3;1;1;1;3;2;1;2;2;1;1;2;2;1;3;2;1;2;1;1;2;3;1;2;1;3;1;1;1;3;2;1;1;1;1;3;3;1;1;2;4;1;1;2;1;2;1;1;1;1;1;1;2;1;1;2;1"
32,1,617,"1;1;2;1;1;1;1;1;1;1;1;1;1;1;1;1;1;3;1;1;1;1;2;1;1;1;1;1;1;1;1;1;1;1;1;2;1;1;1;2;1;1;1;2;2;1;2;1;4;1;1;1;1;1;1;2;2;1;1;1;2;1;1;1;1;3;3;1;2;2;1;2;1;1;1;1;1;2;1;1;1;2;1;1;2;1;1;1;1;1;1;1;1;1;2;2;1;2;4;2;2;1;1;2;2;1;1;1;1;1;1;2;2;1;1;2;1;1;1;2;1;3;2;3;2;1;2;1;1;2;2;2;1;2;1;1;2;2;1;1;2;3;2;1;3;2;1;1;1;1;1;2;2;1;3;2;1;1;1;2;1;1;1;1;1;2;3;1;3;4;1;3;2;2;1;3;3;1;4;3;1;4;3;2;3;1;1;1;1;3;1;1;1;1;1;2;2;2;3;1;1;3;1;3;1;3;2;5;1;3;2;1;2;1;1;2;4;2;1;1;1;1;1;2;1;3;2;2;2;2;1;1;3;1;4;1;1;1;1;2;2;3;1;1;2;4;1;2;2;1;1;1;3;2;1;2;3;1;2;3;1;1;1;1;1;3;1;2;1;1;3;3;3;2;2;1;1;1;2;1;1;1;2;2;2;1;2;1;1;1;4;1;3;2;1;1;2;2;2;1;2;1;3;2;2;2;2;1;1;1;1;2;4;1;3;3;2;1;1;1;2;1;1;3;2;1;1;3;3;2;3;1;1;2;1;1;1;1;1;1;1;3;2;1;1;1;3;1;1;1;2;1;1;1;1;1;1;1;2;1;1;1;2;1;1;1;1;3;1;1;3;1;1;1;2;2;1;2;1;3;2;1;2;1;1;1;1;5;2;1;2;1;1;1;1;3;1;2;1;1;2;2;2;1;2;2;2;4;1;3;1;1;1;1;3;1;1;2;3;1;1;1;1;1;2;2;1;1;1;1;1;1;1;2;2;1;1;2;1;4;3;1;2;3;1;3;1;3;2;1;1;1;1;2;3;1;2;1;2;2;2;1;3;1;2;1;3;3;1;1;1;1;4;2;2;1;2;1;2;1;3;2;1;2;1;1;1;2;4;2;1;2;1;1;1;3;1;2;1;3;3;1;1;2;1;3;3;1;1;1;3;1;1;2;3;1;1;2;3;4;1;2;2;2;1;1;1;2;1;3;4;2;3;2;2;3;2;3;2;2;1;4;2;1;2;4;3;3;1;2;2;1;2;2;1;4;3;1;3;3;2;1;1;2;3;3;1;2;1;3;3;1;1;1;2;1;3;2;1;1;1;1;1;3;1;1;3;4;2;3;3;1;1;2;3;1;3;1;1;2;3;2;1;1;2;1;1;2;2;2;1;1;1;1;1;1;1"
33,0,686,"1;1;1;1;1;1;1;1;2;2;1;1;2;1;1;1;1;1;1;1;1;1;1;1;1;1;2;1;1;1;1;1;1;1;1;1;2;1;1;1;1;1;1;1;1;1;1;1;1;1;1;1;1;1;1;1;1;1;1;1;1;1;1;1;1;1;1;1;1;2;1;1;1;1;1;1;1;1;1;1;1;1;1;1;1;1;2;1;1;1;1;1;1;1;1;1;1;1;1;1;1;1;1;1;1;1;1;1;1;1;1;1;1;1;1;1;1;1;1;1;1;1;1;1;1;1;1;1;1;1;1;1;1;1;1;1;1;1;1;1;1;1;1;2;1;1;1;1;1;1;1;1;1;1;1;1;1;1;1;1;1;1;1;1;1;1;1;1;1;1;1;2;1;1;1;1;1;1;1;1;1;1;1;1;1;1;1;1;1;1;1;1;1;1;1;1;1;2;1;2;2;1;1;1;1;1;2;1;2;1;1;1;1;1;1;1;1;1;2;1;1;1;1;2;1;3;2;2;1;1;3;1;1;1;3;1;5;1;1;1;1;1;2;1;1;1;1;1;2;1;1;1;1;1;1;1;1;3;1;1;1;1;2;2;2;1;1;1;2;2;1;1;1;2;1;1;1;1;1;1;1;1;1;1;1;3;1;1;1;3;1;3;2;1;1;2;2;2;1;1;1;1;2;1;2;1;1;1;1;1;2;2;1;1;2;1;1;2;1;1;2;1;1;1;2;1;1;1;2;1;2;1;1;1;1;1;1;1;1;1;2;1;1;1;1;1;1;1;2;1;1;1;2;1;1;3;5;1;2;2;1;1;1;2;1;1;1;1;2;2;1;1;2;1;1;3;1;1;1;1;2;1;2;1;2;2;1;1;2;1;1;2;1;2;1;1;1;3;2;3;1;2;2;1;2;1;1;2;3;1;1;2;2;2;2;2;1;1;2;3;5;2;2;2;1;1;1;1;1;2;2;1;2;1;2;1;2;3;2;1;1;2;1;2;1;1;3;2;1;2;2;3;3;1;2;1;2;2;1;3;3;3;3;1;2;2;2;1;1;1;3;2;1;1;2;4;1;2;1;2;1;1;3;2;1;2;3;3;2;1;2;2;4;3;1;1;2;2;1;3;1;1;1;2;1;1;1;1;1;4;1;1;4;2;2;1;2;2;1;2;1;1;2;5;1;2;4;3;1;2;2;3;1;1;2;2;1;1;4;1;3;1;1;3;3;1;1;3;2;1;2;2;3;2;1;2;3;1;1;1;4;3;3;2;3;2;2;1;1;2;3;1;2;1;1;2;2;1;4;3;2;2;1;5;1;3;1;2;2;1;2;1;1;3;2;2;3;1;3;4;1;3;1;3;3;1;1;1;1;1;1;2;1;1;1;1;1;2;1;1;1;1;2;2;2;1;1;3;1;3;1;3;2;2;2;2;4;1;1;1;1;2;1;3;2;2;4;1;1;2;3;1;1;2;2;2;2;2;2;4;2;6;4;2;1;3;2;2;2;2;2;2;2;2;2;2;2;1;1;1;2;3;2;1;1;6"
33,1,430,"1;1;1;1;1;1;1;1;1;1;2;1;1;2;1;2;1;2;1;2;1;2;1;1;1;2;1;2;1;2;1;2;2;2;3;1;1;5;1;1;4;3;3;2;2;1;1;4;2;2;2;1;3;4;1;3;1;1;2;2;2;2;2;2;2;2;2;1;2;2;2;2;2;4;2;2;3;2;2;2;2;2;2;2;2;4;4;2;2;2;2;2;2;2;2;1;1;2;2;2;2;4;4;2;2;1;1;4;2;6;2;2;2;4;2;2;3;1;4;2;2;2;4;2;2;2;2;2;2;2;2;2;2;2;4;2;2;2;2;2;2;2;2;1;1;2;2;2;10;4;4;4;4;4;4;2;2;4;2;2;2;2;2;2;2;4;2;2;2;2;2;2;2;4;2;2;4;4;2;2;2;2;6;2;1;2;1;2;2;2;2;2;2;2;4;2;8;2;2;6;2;4;4;2;2;2;4;4;2;4;2;4;2;2;1;1;2;1;2;4;1;1;1;4;2;4;2;2;4;1;3;2;2;2;2;4;4;2;4;2;2;4;2;4;2;2;4;2;6;2;2;2;2;2;1;3;2;2;2;2;2;4;2;2;1;3;4;4;1;1;1;3;1;1;2;2;2;6;2;2;2;2;4;2;2;2;2;2;2;2;2;2;4;4;2;2;2;2;2;2;2;8;2;2;2;2;4;2;2;2;6;2;1;1;2;4;2;2;2;2;2;2;2;2;2;2;2;2;2;4;4;4;2;2;4;2;2;2;4;4;4;4;2;4;2;2;2;4;2;4;1;3;2;6;2;2;4;2;2;2;2;2;4;2;2;4;2;2;4;4;2;2;2;2;2;2;1;1;2;2;2;2;2;6;4;4;2;2;2;4;1;3;1;1;8;2;6;2;2;2;1;3;1;1;6;2;6;4;2;2;4;2;2;2;2;2;2;2;2;4;4;1;3;2;2;2;2;2;2;4"
34,0,15,"1;1;1;1;1;1;1;1;1;1;1;1;1;2;1"
34,1,598,"1;1;1;1;1;1;1;1;1;1;1;1;1;1;1;1;1;1;1;1;1;1;1;1;1;1;1;1;1;2;1;1;1;1;1;1;1;1;1;2;1;2;1;1;1;1;1;1;1;1;1;1;2;1;1;1;1;2;1;1;1;1;2;1;1;1;1;1;1;2;1;1;1;1;1;1;1;2;1;1;1;2;2;1;1;1;1;1;1;1;1;1;4;1;1;2;1;2;1;1;1;3;1;1;3;1;1;1;1;1;1;1;1;1;1;2;1;1;1;1;1;1;1;1;1;1;1;1;1;1;1;1;1;3;1;1;2;1;1;1;1;3;1;1;1;1;2;1;1;1;3;1;1;1;1;1;1;3;1;1;1;1;2;1;1;1;1;1;1;2;3;1;2;1;2;1;1;5;1;1;1;1;3;2;1;1;1;1;2;1;2;1;1;2;3;2;1;1;1;2;2;2;1;1;2;3;2;1;3;1;2;1;1;3;2;1;1;3;2;2;1;1;1;2;2;1;1;3;2;1;1;2;1;2;2;1;4;1;1;1;4;1;3;2;1;2;3;2;2;1;1;3;2;3;2;1;1;3;2;1;2;2;2;1;2;2;2;1;1;3;1;1;1;3;3;2;2;2;1;1;1;1;2;2;1;1;2;1;2;1;2;2;1;1;2;3;2;2;2;3;2;2;2;3;2;3;2;2;2;3;2;1;1;1;4;2;1;1;1;4;2;3;2;1;1;3;2;2;5;1;1;3;2;1;1;3;2;1;1;5;2;2;3;2;2;3;2;1;2;2;2;1;1;1;1;3;2;2;2;1;2;1;2;2;2;2;3;2;3;2;2;1;1;1;4;2;3;2;1;1;1;4;2;3;2;3;4;1;1;3;2;2;1;4;1;1;3;2;2;3;2;1;1;3;2;2;3;2;2;2;1;2;2;3;1;1;1;2;2;2;2;1;2;2;3;2;2;3;2;2;2;3;2;1;1;3;2;1;2;2;2;1;1;3;2;1;1;3;2;2;3;2;2;3;2;1;1;3;2;2;1;2;2;2;3;2;2;1;2;2;2;2;1;2;2;2;1;2;2;1;2;2;2;1;1;3;2;2;3;2;1;4;2;1;1;3;2;2;3;4;2;3;2;3;2;2;3;2;2;3;2;2;3;2;1;2;2;2;1;1;5;2;3;1;1;1;3;1;2;2;2;1;2;1;1;1;2;2;1;2;4;2;2;3;1;2;4;2;3;2;1;1;1;2;4;2;1;4;2;3;2;2;1;2;2;2;1;2;2;1;4;2;1;2;2;2;1;1;3;2;2;3;2;2;3;2;2;3;2;2;3;1;1;2;3;2;2;3"
35,0,462,"1;1;1;1;1;1;1;1;1;1;1;1;1;1;1;1;1;1;1;1;1;1;1;1;2;1;1;1;1;1;1;1;1;1;1;2;1;1;1;1;1;1;1;1;1;1;1;1;1;1;1;1;2;1;1;1;1;1;2;1;2;1;1;1;1;2;1;1;1;1;2;2;1;1;1;1;2;2;1;1;2;1;1;1;1;2;1;1;2;1;1;5;5;2;2;2;2;3;2;3;2;4;2;2;1;1;1;1;4;2;2;2;4;2;4;2;4;2;2;1;3;2;2;2;1;1;2;4;2;2;2;2;1;1;1;3;1;1;2;2;3;3;1;3;4;2;2;2;2;2;2;2;2;2;2;2;1;1;2;1;1;2;2;1;1;1;1;1;1;2;2;2;4;2;2;2;2;2;1;1;2;3;1;2;2;1;1;2;1;3;2;2;2;1;1;1;1;2;2;3;6;3;2;1;1;2;2;2;1;3;2;4;2;2;2;2;1;1;2;4;2;2;2;4;2;3;3;2;1;1;2;2;2;2;2;4;2;2;1;1;2;2;1;1;2;1;3;3;1;1;1;2;1;1;2;2;2;4;1;3;3;1;2;1;1;2;4;4;3;1;2;2;2;2;4;2;2;1;3;2;2;2;2;2;4;2;2;4;2;2;2;2;3;3;4;2;4;2;2;2;2;2;3;5;4;2;2;2;2;2;1;3;2;2;2;2;4;1;3;2;2;1;1;4;2;2;2;6;2;2;2;4;3;1;4;2;1;1;5;1;2;5;1;2;4;2;2;2;7;1;2;1;1;6;4;4;3;1;3;3;1;3;4;2;2;2;5;1;3;7;2;1;7;3;1;2;5;5;1;3;1;4;4;8;1;3;1;2;4;1;1;2;2;1;3;2;2;2;4;2;2;2;4;2;2;3;5;6;3;7;2;1;3;8;8;9;1;4;4;2;3;5;2;1;1;2;2;4;2;3;3;8;4;6;7;1;4;6;7;1;1;5;7;5;2;1;1;5;4;3;2;3;3;1;10;3;1;3;5;5;2;3"
35,1,249,"1;1;1;1;2;2;1;5;2;2;7;1;5;4;2;1;5;1;2;5;2;7;4;3;2;2;1;5;4;2;6;4;2;2;7;5;4;1;6;8;7;2;4;2;4;7;4;4;7;4;1;6;5;3;6;1;7;4;5;2;2;2;4;9;5;4;2;7;4;5;2;3;3;4;2;6;4;6;6;2;4;8;2;8;2;6;2;2;2;4;4;2;4;4;4;3;9;4;2;8;2;2;4;6;8;4;1;4;7;2;8;6;4;2;7;9;8;2;4;4;2;8;2;2;2;7;4;4;1;2;10;4;4;3;5;6;6;2;1;2;5;2;2;2;2;2;5;3;6;8;4;2;4;8;7;4;9;4;1;5;4;2;5;8;2;3;2;2;2;5;3;4;4;1;5;1;7;6;4;4;2;2;4;1;4;4;9;2;6;2;6;4;5;5;1;6;6;8;5;2;4;3;7;7;6;5;2;4;6;2;4;1;4;1;6;8;2;10;10;2;7;10;4;1;10;7;6;3;4;4;2;2;1;8;3;2;4;2;3;5;10;6;6;6;4;3;10;3;2"
36,0,722,"1;1;1;1;1;1;1;1;1;1;1;1;1;1;1;1;1;1;1;1;1;1;1;1;1;1;1;1;1;1;1;1;1;1;1;1;1;1;1;2;1;2;1;1;1;1;1;1;1;1;1;1;1;1;2;1;1;2;1;1;1;1;1;1;1;1;1;1;2;1;2;1;1;1;1;2;1;1;1;1;1;1;2;1;2;1;2;1;1;1;1;1;2;1;1;2;1;1;1;2;1;2;1;1;1;2;1;1;2;1;2;1;1;1;1;2;1;1;1;1;1;1;2;1;1;1;1;1;2;3;1;1;1;1;3;1;2;3;1;1;1;1;1;2;1;1;1;1;1;1;1;2;1;1;2;1;1;1;1;1;1;1;1;1;1;3;1;1;2;2;1;1;1;1;1;1;1;1;1;1;5;1;1;3;1;1;1;2;1;1;1;3;1;1;1;1;1;4;2;1;2;1;1;1;1;1;1;1;1;1;2;1;1;1;1;1;1;1;1;1;1;2;1;1;1;1;1;3;2;1;1;1;1;1;3;1;1;1;1;1;2;1;2;1;2;2;1;1;1;1;1;2;2;1;1;1;1;1;1;3;2;1;1;1;1;2;3;1;1;1;2;1;1;2;2;1;1;1;1;1;3;4;1;1;1;2;3;1;1;1;2;4;1;1;1;3;2;2;2;1;2;2;1;1;1;1;1;1;1;2;3;1;1;1;2;1;3;1;2;2;2;2;1;2;3;3;1;2;1;1;1;1;1;1;1;2;2;2;1;2;1;2;2;2;1;2;3;1;1;2;1;2;1;2;2;3;4;1;1;1;2;1;1;3;1;1;3;4;2;3;1;3;1;1;3;2;2;1;1;1;1;2;3;1;2;1;1;1;3;1;1;1;1;3;3;1;1;1;1;1;1;1;4;1;1;1;1;3;2;2;1;1;3;2;2;2;1;1;2;1;3;1;1;1;1;1;1;3;1;1;2;1;1;1;2;2;1;1;3;1;1;4;1;2;3;2;1;2;2;1;3;4;1;1;1;1;1;3;1;1;1;1;1;1;1;2;2;2;1;1;1;1;2;3;1;1;2;1;2;3;2;1;1;1;1;2;2;2;1;1;3;2;1;2;1;1;1;4;3;1;1;1;2;2;1;1;1;2;4;3;1;2;4;2;2;1;3;2;2;2;1;2;2;2;3;2;2;2;1;1;1;1;1;1;1;1;2;1;1;1;1;1;2;1;2;2;1;1;1;1;1;1;1;2;1;1;2;1;1;2;2;1;3;1;1;1;1;1;1;2;1;1;3;2;1;1;1;2;1;1;1;1;1;2;4;1;2;1;1;1;1;1;1;1;1;1;1;1;1;1;2;2;2;1;1;2;2;1;2;3;3;1;1;1;1;1;1;1;1;1;1;1;2;1;1;1;3;2;2;1;1;1;2;1;3;1;2;3;1;1;1;1;1;1;1;2;1;1;1;1;1;1;1;1;1;1;1;1;1;2;3;1;1;1;1;1;1;1;1;1;2;2;1;1;1;1;1;1;1;1;1;2;3;1;1;1;1;1;1;1;1;2;2;1;2;1;1;1;1;1;2;1;2;1;3;1;3;1;1;1;2;1;1;2;1;1;1;1;1;2;2;3"
36,1,550,"1;1;1;1;1;2;4;1;1;3;3;1;2;1;3;3;1;2;3;4;1;1;1;2;3;2;1;1;1;1;2;1;1;1;3;4;1;1;1;2;2;2;1;2;3;2;4;1;3;3;1;2;2;2;1;4;1;1;2;3;1;2;1;1;2;6;1;1;1;2;2;1;1;3;1;1;1;1;1;1;1;1;2;1;1;1;2;1;1;2;1;2;1;2;3;2;2;2;2;1;1;1;3;4;1;2;2;1;4;2;1;2;4;2;1;2;1;3;2;1;1;1;1;2;1;1;1;1;1;1;1;2;3;2;1;1;1;2;2;1;1;1;1;4;1;2;3;1;2;1;2;1;1;2;1;2;1;2;3;3;1;1;1;3;3;2;1;2;1;3;1;3;1;1;2;2;1;3;1;1;2;2;1;1;1;1;1;1;2;1;2;1;2;4;2;1;2;5;1;2;4;2;2;3;4;1;1;1;4;2;1;1;1;3;3;1;1;6;2;1;1;1;2;4;3;2;1;1;2;4;2;3;3;2;1;3;4;2;1;2;2;2;1;2;1;2;3;1;1;5;2;1;2;5;1;2;2;2;2;1;2;1;3;2;3;4;2;1;2;3;2;1;1;2;4;1;1;1;1;2;3;2;1;2;3;1;1;1;3;1;4;1;2;4;2;1;3;1;3;3;2;2;4;1;1;1;4;2;1;2;2;3;1;1;1;1;1;1;4;1;2;3;1;2;1;1;2;3;1;1;2;1;2;4;1;1;3;3;1;3;3;4;3;3;4;2;2;2;1;3;3;4;1;1;2;1;2;3;1;1;1;2;3;1;3;1;2;5;1;2;4;2;3;1;1;3;2;1;2;2;2;2;1;2;1;5;1;1;1;2;3;1;2;1;3;4;1;1;1;1;1;1;1;2;2;1;2;2;2;1;1;1;2;3;2;1;2;1;1;1;1;1;1;1;1;2;2;1;2;1;1;2;2;1;2;1;2;1;4;1;1;3;2;1;1;3;2;2;2;1;3;1;1;2;2;1;3;4;1;1;1;2;1;4;1;2;1;3;2;1;2;2;2;2;1;2;4;2;1;1;4;1;1;1;1;2;3;1;2;1;2;4;2;1;1;2;4;2;1;2;1;3;3;1;2;1;1;2;2;1;1;2;2;1;2;1;2;2;4;1;4;1;2;1;1;1;2;4;2;1;1;3;2;2;3;2;3;5;1;2;4;1;1;1;1;3;4;3;3;1"
37,0,69,"1;1;1;1;2;1;1;2;1;1;2;1;3;2;2;1;2;1;1;1;2;2;2;2;2;2;1;2;1;1;1;1;1;1;1;1;1;1;1;2;1;1;1;2;1;1;1;1;1;1;1;2;2;1;1;1;1;1;1;1;3;2;1;3;2;1;1;1;1"
37,1,810,"1;1;1;1;1;1;1;1;1;1;2;1;1;1;2;1;1;2;3;3;1;2;3;3;1;1;1;2;3;3;2;1;3;2;1;3;1;1;1;2;1;3;1;1;1;3;3;1;1;1;1;1;1;1;1;1;2;2;1;1;1;1;1;1;1;1;2;1;3;2;3;2;1;1;2;1;2;3;1;1;1;2;1;2;2;1;1;2;1;2;1;2;2;1;3;2;1;1;1;1;1;1;1;1;1;2;1;1;2;3;1;1;1;1;1;2;3;1;2;1;2;1;1;1;1;2;1;1;2;3;1;2;1;2;1;1;1;2;1;2;1;1;1;1;1;1;2;1;2;3;1;1;1;1;1;1;1;1;2;1;1;1;4;1;2;1;1;1;1;1;1;1;1;1;1;1;3;1;2;1;1;1;1;2;1;1;2;1;2;1;2;2;1;2;1;2;3;2;1;2;1;1;1;1;1;1;1;1;1;1;2;1;2;1;2;2;1;1;1;1;1;2;1;1;1;1;1;1;2;1;2;3;1;1;1;1;2;1;2;1;2;3;2;1;1;1;1;1;1;2;1;1;2;1;2;1;1;1;2;1;1;2;1;2;1;2;1;1;1;1;1;1;1;1;2;1;1;1;1;2;1;1;2;1;1;1;2;1;2;1;2;1;1;2;1;1;1;1;1;1;2;2;1;1;1;1;2;1;1;1;1;1;1;1;2;1;1;1;1;1;1;1;1;1;1;1;2;1;1;1;1;1;1;1;1;1;1;1;1;1;1;1;1;1;1;1;1;1;1;1;1;1;1;1;1;1;1;1;1;1;1;1;1;1;1;1;1;1;1;1;1;1;1;1;1;1;1;1;1;1;1;1;1;1;1;1;1;1;1;1;1;1;1;1;1;1;1;1;1;1;1;1;1;1;1;1;1;1;1;1;1;1;1;1;1;1;1;1;1;1;2;1;1;2;1;1;1;1;1;1;1;1;1;1;1;1;1;1;1;1;1;1;1;1;1;1;1;1;2;1;1;1;2;1;1;1;1;1;1;1;1;1;1;1;1;1;1;1;1;1;3;3;2;1;1;1;1;2;1;1;1;1;1;1;1;1;1;1;1;3;1;1;1;1;1;1;2;1;1;1;1;1;1;1;1;1;3;1;1;2;1;1;1;1;1;1;3;1;2;1;2;1;1;1;1;1;2;3;1;1;1;1;1;1;1;1;1;1;1;1;2;1;1;1;1;1;1;1;1;2;1;2;1;1;1;1;1;1;1;1;1;3;2;1;2;2;1;2;1;1;1;1;1;1;1;1;1;5;1;2;1;1;2;2;2;2;3;5;3;2;1;1;1;1;1;1;1;1;1;1;1;1;1;1;1;1;1;1;1;1;1;1;1;2;1;1;1;1;1;1;1;1;1;2;1;1;1;1;1;1;1;1;1;1;1;2;2;1;2;3;5;2;1;1;1;2;1;1;2;7;1;1;1;1;1;1;1;1;1;1;1;1;2;1;1;1;1;1;1;1;2;1;2;1;1;1;1;1;1;1;1;1;1;2;1;1;1;1;1;1;2;1;2;1;1;1;1;1;1;1;2;1;1;1;1;1;1;1;1;1;1;1;1;1;1;2;1;1;1;1;1;1;1;2;1;1;1;1;1;1;1;1;1;1;1;1;2;1;1;1;1;1;1;1;1;1;1;1;2;1;1;1;1;1;1;1;1;1;1;1;1;2;1;1;1;1;1;1;1;1;1;1;1;1;1;1;2;1;1;1;1;1;1;1;1;1;1;1;1;1;1;1;2;1;1;1;1;1;1;1;2;2;2;1;1;1;1;1;1;1"
38,0,509,"1;1;1;1;1;1;1;1;1;1;1;1;2;1;1;4;1;1;1;1;1;1;2;1;1;2;1;3;2;1;1;1;2;1;1;1;1;2;1;1;1;1;1;1;1;1;3;1;1;1;1;1;1;3;4;1;2;1;1;2;1;2;1;1;1;1;1;1;1;2;2;2;2;1;2;2;1;1;1;1;2;1;2;1;1;1;1;1;1;1;1;1;1;2;2;2;1;1;1;1;1;1;2;1;1;1;1;1;1;1;2;1;1;1;1;1;1;1;1;1;1;1;3;1;1;1;1;1;1;1;3;2;2;2;1;1;3;1;2;1;2;1;2;1;2;1;2;1;2;1;3;1;2;1;3;3;1;4;1;2;1;2;3;1;2;1;2;2;1;3;3;4;2;2;1;1;2;1;3;1;2;1;2;1;2;2;1;1;3;2;1;1;3;3;3;1;2;3;1;3;3;1;1;3;1;2;1;3;1;2;3;1;2;3;1;3;3;1;2;3;3;3;2;1;1;5;1;1;2;1;3;2;1;1;3;2;1;2;1;3;3;3;1;2;2;1;1;3;3;2;1;1;3;3;5;1;2;4;1;3;2;3;2;2;1;2;1;4;3;1;3;1;4;3;2;2;1;2;1;1;4;1;1;1;1;3;6;2;2;1;1;5;3;2;4;3;2;1;1;3;1;3;3;2;6;1;2;2;5;1;3;1;4;5;2;3;1;4;3;1;1;2;3;1;4;3;1;3;1;4;1;4;1;1;2;2;3;1;5;1;2;1;2;1;1;1;3;1;3;1;1;1;1;2;3;2;2;2;1;4;2;1;1;1;1;1;5;3;1;3;1;1;1;2;2;1;1;1;5;1;1;1;1;1;1;1;4;1;1;1;1;1;1;1;1;1;1;1;1;1;1;1;1;1;1;1;2;2;1;1;1;1;1;1;1;1;1;6;1;2;5;8;1;8;2;1;1;6;1;1;2;1;10;1;1;1;3;2;3;6;9;1;1;1;1;1;1;6;1;1;2;1;1;1;1;1;1;2;1;1;1;1;1;6;1;1;2;10;1;1;1;1;9;9;1;9;1;1;1;1;1;1;10;1;4;1;1;1;1;2;10;1;1;10;1;6;10;9;2;10;7;1;1;9;10;8;10;1;10"
38,1,367,"1;1;1;1;2;1;1;1;2;1;1;3;1;1;1;1;1;2;1;2;3;2;1;1;1;3;1;1;1;1;1;1;2;1;1;1;1;1;1;2;3;1;2;2;1;1;1;1;1;1;1;2;1;1;1;3;2;1;1;1;1;1;1;3;1;4;3;1;3;2;2;1;3;4;4;1;4;1;6;1;1;4;1;3;1;3;3;3;4;4;3;5;4;2;2;4;4;2;2;6;4;2;2;3;3;4;1;1;2;6;2;2;1;5;2;2;2;3;1;1;3;2;4;4;4;4;4;4;3;5;9;3;4;5;4;5;3;5;1;3;1;3;8;1;3;2;2;2;1;2;2;3;2;3;1;2;6;2;3;7;2;2;3;3;4;6;2;7;4;3;5;2;2;3;4;4;3;4;9;2;4;3;3;2;6;3;5;4;1;4;3;1;5;5;3;5;4;5;3;5;2;3;3;3;4;3;5;1;2;2;1;3;1;3;2;3;3;1;4;4;3;1;3;1;3;2;5;5;1;3;4;2;6;1;3;4;2;4;2;2;6;4;4;3;4;4;5;4;3;1;3;1;4;3;4;5;3;3;2;3;5;2;2;3;4;1;3;5;5;7;2;2;1;3;1;4;5;2;1;3;1;3;2;2;4;3;3;2;3;2;3;2;2;4;1;3;4;1;3;2;3;3;2;3;2;2;3;3;3;2;1;3;1;7;4;3;4;5;3;3;3;2;4;4;5;3;2;4;4;3;3;4;5;3;4;2;6;1;3;2;2;1;4;4;3;1;2;2;1;7;1;3;3;5;3;4;4;1;3;4;4;5;3;4;6;2;5"
39,0,57,"1;1;1;1;1;1;1;1;1;1;1;1;1;1;1;1;1;1;1;1;2;1;1;1;1;1;1;1;1;1;1;1;1;2;1;1;1;1;1;1;1;2;2;1;1;1;2;1;1;1;1;1;1;1;1;1;1"
39,1,599,"1;2;1;1;1;1;1;1;1;1;1;1;1;1;1;1;1;1;1;1;1;1;1;1;1;1;1;3;1;1;2;1;1;1;2;1;1;1;2;1;1;1;1;1;1;1;1;2;1;1;1;1;2;1;1;1;1;2;3;1;2;2;1;1;1;2;2;1;2;1;3;2;2;3;1;3;3;1;2;1;1;2;1;2;1;2;2;2;1;2;1;1;1;1;1;1;1;1;1;1;2;1;3;2;1;2;3;1;1;2;2;1;2;1;2;1;1;1;1;2;1;2;1;1;1;1;3;4;1;1;1;2;2;3;2;1;1;2;2;1;1;1;1;2;1;3;3;2;1;2;1;2;1;2;1;2;1;1;1;2;2;2;1;2;2;1;4;1;3;4;1;2;2;1;1;3;2;1;2;3;1;1;1;2;2;1;1;2;1;4;1;2;1;3;2;1;2;1;2;1;2;1;2;3;1;2;1;2;1;1;2;2;1;3;3;2;1;2;2;1;2;2;1;3;2;1;2;1;2;2;2;1;2;1;2;1;3;2;2;1;3;3;2;1;3;2;1;2;1;3;2;1;2;1;3;4;1;2;1;2;1;2;1;3;2;1;3;3;2;1;3;2;1;2;1;1;1;3;1;2;2;1;3;2;1;3;2;1;2;1;2;1;2;1;2;1;2;1;3;2;1;3;2;1;3;3;2;1;3;4;1;2;1;2;1;2;3;1;2;1;2;1;2;1;2;1;1;1;2;1;1;3;2;2;1;3;2;3;1;1;3;1;2;3;1;2;1;2;1;2;1;3;2;1;2;1;2;1;2;1;2;1;3;1;2;2;1;2;4;2;1;2;1;3;2;1;2;1;2;4;3;2;1;2;1;2;1;2;1;2;1;2;1;2;1;2;1;5;1;3;2;1;2;1;3;2;1;2;1;3;2;1;3;2;1;2;2;2;1;2;1;2;1;2;1;3;2;1;3;2;1;2;1;2;3;3;3;1;2;1;2;1;2;3;1;3;2;1;5;1;2;1;3;3;2;1;2;1;2;1;3;3;2;1;2;1;3;1;2;1;2;3;1;2;3;3;1;2;1;3;2;1;2;3;1;3;2;3;1;2;1;2;1;2;1;2;1;2;1;2;1;2;1;2;1;2;1;2;1;2;1;2;1;2;1;2;3;1;2;1;2;3;1;2;2;1;2;1;3;2;3;1;2;1;2;1;2;1;2;1;2;2;2;1;2;1;2;3;3;3;1;3;2;2;1;2;3;1;2;1;2;2;1;2;1;3;2;2;1;2;1;2;1;2;1;3;2;1;2;1;2;3;1;2;1;2;1;2;1;2;1;2;1;2;4;2;1;2;3"
40,0,376,"1;2;1;1;1;1;1;1;1;2;1;1;1;1;1;1;1;1;1;2;1;1;1;1;1;1;1;2;1;1;1;2;1;1;1;1;1;1;1;1;1;1;1;1;1;1;1;1;1;1;1;1;1;1;1;1;1;1;3;1;1;1;1;2;1;1;1;1;1;1;1;2;1;1;2;1;1;1;2;1;1;1;1;1;1;1;1;1;1;1;1;1;1;1;1;1;1;1;1;1;1;1;1;1;1;1;1;1;2;3;2;1;1;2;1;1;1;1;1;1;1;1;1;1;2;1;1;1;1;1;1;1;1;2;1;1;1;1;1;1;1;1;1;1;1;1;1;2;2;2;3;1;1;1;1;1;1;3;1;1;1;1;1;1;1;1;2;1;1;1;1;1;1;1;1;1;1;1;1;1;3;1;1;1;1;2;2;2;2;1;1;1;1;1;1;2;5;2;1;1;1;1;1;1;1;1;2;2;3;1;1;1;1;1;1;2;1;2;1;2;4;1;3;7;2;1;1;1;1;1;3;1;2;5;5;4;9;9;1;3;9;1;3;4;4;5;6;7;2;8;2;5;3;2;1;2;6;2;2;2;1;3;6;6;9;5;9;1;10;10;2;8;9;2;4;1;3;1;3;6;6;5;5;2;4;4;3;9;1;8;3;9;3;5;1;1;7;1;2;7;5;4;1;1;1;5;9;1;1;4;1;1;2;1;2;9;10;2;10;4;5;4;8;7;8;6;7;1;9;6;8;9;2;10;3;4;1;8;7;6;9;9;8;9;6;9;1;10;10;8;3;1;10;8;3;9;6;1;8;2;9;2;9;7;9;7;8;9;9;5;5;1;6;8;9;8"
40,1,263,"1;1;1;1;1;1;1;1;1;1;2;1;1;1;1;1;4;3;1;1;1;3;10;2;2;3;3;1;6;4;1;3;9;9;5;1;9;1;3;3;7;1;5;2;7;9;8;8;4;1;9;10;8;2;7;3;2;8;2;9;2;3;8;7;1;3;3;2;1;3;8;1;8;3;9;8;1;6;9;2;1;5;2;1;1;7;7;1;8;8;2;5;2;1;1;1;7;2;2;1;6;4;8;6;8;1;1;2;1;4;1;2;9;9;8;3;4;7;9;4;2;8;5;2;9;4;3;5;1;6;9;7;2;5;1;1;2;5;5;1;1;5;1;2;9;10;9;1;1;1;5;9;5;2;9;10;1;1;8;9;5;4;8;2;2;8;8;10;9;10;7;4;8;3;7;1;1;1;1;1;10;9;2;1;1;7;10;1;1;1;3;6;1;1;2;3;1;1;1;5;1;9;9;3;1;7;8;2;4;1;1;9;2;10;1;1;1;1;1;9;4;9;2;8;2;9;5;9;8;1;4;9;1;1;1;1;1;1;1;1;1;1;3;1;5;1;1;1;6;4;3;1;1;1;1;1;1;4;5;1;1;2;3"
41,0,749,"1;1;2;1;1;1;1;1;2;1;1;1;1;1;1;2;1;1;1;1;1;1;1;1;1;1;1;1;1;1;1;1;1;1;1;1;1;1;1;1;1;1;1;1;1;1;1;1;1;1;1;1;1;1;1;1;1;1;1;1;1;1;1;1;1;1;1;1;1;1;1;1;1;1;1;1;1;1;1;2;1;1;1;1;1;1;1;1;1;1;1;1;1;1;1;1;1;1;2;1;1;1;1;1;1;1;1;1;1;1;1;1;1;1;1;1;1;1;1;1;1;1;1;1;1;1;1;1;1;1;1;1;1;1;1;1;1;1;1;1;1;2;1;1;1;1;1;1;1;1;2;1;2;1;1;1;1;2;1;1;2;1;1;1;1;2;1;1;1;1;1;1;1;1;1;1;1;1;1;2;1;2;1;1;1;1;1;1;1;1;1;1;1;1;1;3;1;1;1;1;1;1;2;1;1;1;1;1;1;1;1;1;1;1;1;1;1;1;3;1;1;1;1;2;1;1;1;1;1;1;1;1;1;1;2;1;2;1;1;2;1;1;1;2;1;1;1;1;1;1;1;1;1;1;1;1;1;1;1;2;1;2;1;1;1;1;1;1;1;1;1;3;1;1;1;1;1;1;1;2;1;1;3;2;1;1;1;1;1;1;3;1;2;1;1;1;1;1;1;1;1;1;2;1;4;6;3;2;2;1;1;4;1;5;1;1;1;1;1;1;1;1;1;1;1;1;2;1;2;2;1;1;1;1;1;1;1;1;1;1;2;2;2;1;1;1;1;1;1;1;1;1;2;1;1;2;1;1;1;1;1;1;1;1;1;1;1;1;1;1;1;1;1;1;1;1;1;1;1;1;1;1;1;1;1;1;1;1;2;1;1;2;3;3;1;2;1;1;1;1;1;1;2;2;6;3;1;1;2;5;3;2;9;3;2;1;1;1;2;1;2;3;3;1;1;2;3;8;5;1;1;1;1;1;1;1;1;1;2;1;2;1;1;1;1;1;1;1;1;1;1;1;1;1;1;3;1;2;1;1;1;1;1;2;1;1;1;1;1;1;1;1;1;1;1;2;1;1;1;1;1;1;1;1;3;1;2;1;1;1;1;1;1;1;1;1;2;1;2;1;1;3;1;1;2;1;1;1;2;1;2;1;2;1;1;1;1;1;3;1;1;1;1;1;1;4;4;1;1;1;2;2;1;2;2;1;2;1;1;1;1;1;1;1;1;2;4;1;3;1;2;1;1;1;1;1;1;2;1;1;1;1;2;1;1;1;2;1;1;2;1;1;1;1;2;1;1;2;1;2;1;1;1;1;1;2;1;3;1;3;1;3;1;1;3;1;1;3;1;1;1;2;1;1;2;2;2;1;3;2;1;1;1;4;2;2;2;1;2;1;1;1;1;1;1;1;1;1;1;1;4;1;1;1;2;1;1;4;1;1;1;1;1;2;1;3;3;1;3;1;1;6;1;2;1;3;4;4;7;2;3;1;2;1;1;1;1;1;1;1;1;1;2;1;1;1;1;1;2;1;1;2;2;2;1;2;2;1;1;1;1;1;1;1;1;1;1;1;1;1;1;4;1;6;1;1;2;1;1;1;1;1;1;4;2;1;1;1;1;3;1;1;1;1;2;3;2;6;1;2;1;1;5;5;1;2;1;1;1;3;3;2;3;3;1;1;1;1;1"
41,1,629,"1;1;1;1;1;1;1;1;1;1;1;1;1;1;1;1;1;1;1;1;2;1;2;1;1;1;1;1;1;1;3;1;1;1;1;1;1;1;1;1;1;1;1;3;1;4;1;1;1;1;5;1;1;1;1;1;1;1;1;1;1;1;2;1;1;3;1;1;1;2;1;1;1;1;1;2;4;1;1;1;1;1;1;1;1;1;1;3;1;1;1;1;4;3;2;1;1;1;1;1;1;1;1;3;1;1;1;1;1;1;2;1;1;2;1;1;1;1;3;2;3;1;1;1;1;1;3;1;4;1;1;4;2;1;2;1;1;1;1;1;2;1;1;2;1;1;2;2;1;1;3;2;1;1;4;3;1;2;2;4;1;1;3;4;1;5;2;1;1;2;3;1;1;1;1;1;1;2;2;1;2;3;2;2;2;1;1;1;1;1;1;1;1;3;2;2;1;1;1;1;1;1;1;1;1;1;1;1;5;1;2;2;2;2;1;1;1;1;1;2;1;4;3;1;1;3;1;1;1;1;1;4;1;2;1;1;1;1;1;1;1;1;1;1;1;1;1;1;1;1;1;2;1;1;1;1;3;1;1;1;1;1;1;1;2;2;1;1;4;3;1;1;1;1;2;1;1;2;2;1;1;1;1;1;1;1;1;1;1;1;1;2;1;2;1;2;2;3;2;2;2;1;1;2;1;1;2;1;1;1;1;2;3;2;1;3;3;3;3;1;1;4;2;1;6;2;4;5;1;1;1;2;5;1;2;1;1;1;1;2;1;3;1;1;4;2;5;1;1;1;1;2;1;2;1;2;2;3;2;3;2;2;1;2;1;2;2;1;4;3;1;1;1;1;1;2;2;2;1;1;2;1;2;1;1;3;3;1;2;3;5;2;3;4;4;1;3;1;1;4;4;1;2;2;6;2;5;1;2;5;2;3;1;1;1;3;3;1;2;2;3;6;1;4;1;3;1;1;4;2;1;2;4;1;2;2;1;1;1;3;4;3;4;1;1;1;2;1;1;2;1;1;2;2;1;1;2;4;1;1;2;1;1;1;3;1;1;2;1;1;2;1;2;2;1;1;3;1;1;3;1;1;2;1;1;1;2;1;2;2;1;1;1;1;3;1;1;1;2;3;2;2;2;1;2;2;3;5;1;1;2;1;1;2;2;1;1;1;1;1;1;1;1;1;1;1;1;1;1;1;3;1;1;1;3;1;1;1;1;1;1;2;2;1;1;1;5;1;6;1;2;2;2;1;1;1;2;1;1;1;1;1;2;1;1;1;4;1;1;1;1;1;1;1;1;1;1;1;1;1;1;1;1;1;1;1;1;3;1;1;1;1;4;3;1;1;1;1;3;3;2;3;6;1;3;3;7;1;2;1;1;2;3;3;4;1;1;2;1;1;1;1;1;1;1;1;1;2;1"
42,0,764,"1;1;1;1;1;1;1;1;1;1;2;1;1;1;1;1;1;2;1;2;1;1;1;1;1;1;1;1;1;1;1;1;1;2;1;1;1;1;1;1;1;1;2;1;1;1;2;2;1;1;1;1;1;1;1;2;1;1;1;1;1;1;1;1;1;1;1;1;1;2;1;1;1;1;1;1;1;1;1;1;1;1;1;1;1;1;1;1;2;2;1;1;1;2;1;1;1;1;1;1;1;1;1;1;1;1;1;1;1;1;1;1;1;1;2;1;1;1;1;1;1;2;1;1;1;1;1;1;1;1;1;1;1;1;1;1;1;1;1;1;1;1;1;1;2;1;1;1;1;1;1;1;1;2;1;1;1;1;1;1;1;1;1;1;1;1;1;1;1;1;1;1;1;1;1;1;1;1;1;1;1;1;1;1;1;1;1;1;1;1;1;1;1;1;1;1;1;1;2;2;1;1;1;1;2;1;1;1;1;1;1;1;1;1;1;1;1;1;1;1;1;1;1;1;2;1;1;1;1;1;1;1;1;1;1;2;1;2;2;1;2;1;1;1;1;1;1;1;2;1;1;1;1;1;1;1;1;1;1;1;1;1;1;1;1;1;1;1;2;2;2;1;1;1;1;1;1;2;1;2;1;1;1;1;1;1;1;1;1;2;1;1;1;1;2;1;1;1;1;1;2;3;1;1;1;1;1;1;2;1;1;1;2;1;1;2;1;1;1;1;1;1;2;1;1;2;1;2;1;1;1;1;1;1;1;2;1;1;1;2;1;1;1;1;1;2;1;1;1;1;1;2;1;2;1;2;1;2;1;2;1;1;1;2;1;1;1;1;1;1;1;1;1;2;1;1;1;2;1;1;1;1;1;1;1;1;1;1;1;1;1;1;1;2;2;1;1;1;2;1;2;1;2;1;2;1;2;1;1;1;1;1;1;1;1;1;1;1;1;1;1;1;1;1;1;1;1;1;1;2;3;1;2;1;2;2;1;1;2;1;1;1;1;1;1;1;1;1;1;1;1;1;1;1;2;1;1;1;1;1;1;1;1;1;1;2;2;2;1;1;1;1;1;1;1;1;3;1;1;2;2;2;1;1;1;1;1;2;1;2;1;1;2;1;1;1;1;1;1;1;2;1;2;2;1;1;2;3;3;1;1;1;1;1;1;2;3;1;3;2;1;1;2;1;2;1;2;3;3;3;2;1;1;1;1;1;5;1;2;2;1;1;1;1;2;1;1;2;3;1;2;1;4;1;2;2;3;2;1;2;1;2;2;1;1;1;1;2;3;1;3;1;2;1;2;1;2;1;1;1;2;1;1;2;1;1;1;2;1;2;1;2;1;2;1;3;1;3;1;1;3;2;4;2;1;3;2;1;2;3;3;1;2;1;3;2;1;2;3;1;2;1;1;2;2;1;2;1;2;1;2;1;1;2;1;2;3;2;1;2;1;2;1;2;3;1;2;1;1;2;1;1;1;3;1;2;2;1;1;2;2;1;1;2;1;2;1;2;2;1;2;1;2;1;2;3;1;2;1;2;1;3;2;1;1;2;2;1;2;3;1;2;1;3;2;1;1;2;1;2;2;1;1;2;2;1;2;1;1;4;3;1;2;1;2;1;2;1;2;1;2;3;1;2;1;2;1;2;1;1;1;1;3;3;3;2;1;2;1;1;2;3;3;2;1;2;1;2;1;3;2;1;3;2;1;2;1;2;1;2;1;2;1;3"
42,1,631,"2;2;3;3;1;2;1;2;1;3;1;2;1;1;1;2;3;1;1;2;2;1;2;1;2;1;2;1;2;1;2;1;3;2;1;2;1;2;1;2;1;1;1;2;2;1;2;1;2;1;2;1;1;2;3;2;1;1;2;1;2;1;2;1;1;3;1;2;1;1;2;3;1;2;2;2;2;1;2;2;1;2;1;2;1;1;1;1;1;2;2;3;1;1;2;2;1;2;3;1;2;1;2;3;1;1;1;1;2;1;2;3;1;3;2;1;2;1;2;1;2;1;2;1;2;1;2;1;2;1;1;1;3;1;1;2;2;1;3;1;2;2;1;2;1;2;1;2;1;2;1;2;1;2;1;2;1;2;1;2;2;2;3;1;2;2;1;2;3;3;3;1;2;2;2;1;2;3;1;2;2;1;2;1;2;1;2;1;2;1;2;3;3;3;1;2;1;2;1;2;2;2;2;3;3;3;1;2;1;2;1;2;1;2;1;2;1;3;2;1;2;1;2;1;2;1;3;2;1;2;1;2;1;2;1;2;1;2;1;2;1;2;1;3;2;1;3;2;3;1;2;1;1;4;1;2;3;1;2;3;1;2;1;2;3;1;3;1;1;1;2;1;2;1;3;2;3;1;1;2;1;2;2;1;2;3;1;2;3;1;3;2;1;3;2;1;2;1;2;1;2;1;2;1;1;2;2;1;2;1;2;1;2;1;2;1;2;1;2;1;2;1;3;2;1;2;1;1;2;1;1;3;1;2;1;1;1;1;2;1;2;1;2;1;3;2;1;2;1;2;1;2;1;1;2;2;1;2;1;3;2;1;2;1;2;1;1;1;1;1;1;3;1;1;1;1;2;2;1;2;1;2;1;2;1;2;1;1;1;2;1;1;1;3;3;1;2;1;2;1;2;1;2;1;2;1;2;1;2;1;2;1;2;1;2;1;3;2;1;2;3;1;2;3;1;2;1;2;1;2;1;3;2;1;2;1;2;2;1;2;1;2;1;2;1;2;1;2;1;1;2;2;1;2;1;2;1;2;1;2;1;2;1;2;1;2;1;2;1;1;1;1;2;1;2;1;2;1;2;1;2;1;3;2;1;1;1;2;2;1;2;2;1;1;1;1;2;1;2;1;2;1;2;1;2;1;3;2;1;2;1;3;2;1;2;1;2;1;2;1;2;1;3;2;1;1;2;2;1;2;1;2;1;2;1;1;2;2;1;2;1;2;1;2;1;2;1;1;2;1;2;2;1;2;1;2;1;2;1;2;1;2;1;2;1;2;1;2;1;2;1;2;1;2;1;2;1;2;1;2;1;2;1;2;1;3;2;1;1;2;2;3;1;2;1;2;1;2;1;2;1;2;1;2;1;2;1;2;1;2;1;2;1;1;2;1;2;2;1;2;1;2;1;2;1;3;3;3;1;2;2"
43,0,672,"1;1;1;3;1;1;1;1;3;1;1;1;2;1;1;1;1;1;1;1;1;1;1;1;1;1;1;1;1;1;1;1;1;1;1;1;2;1;1;1;1;1;1;1;1;1;1;1;1;1;1;1;1;2;1;3;1;3;1;1;2;1;1;1;1;1;1;2;3;2;1;1;1;1;1;1;1;1;1;1;1;1;1;1;1;2;1;1;1;1;1;1;1;1;1;1;1;1;1;2;2;1;1;1;1;1;1;2;1;1;1;1;1;1;1;1;1;1;1;1;1;1;2;1;1;1;1;1;1;2;1;1;1;1;1;1;1;1;1;1;2;2;1;1;1;1;1;1;1;1;1;1;1;1;1;1;2;1;1;1;1;2;2;1;1;2;1;1;2;1;1;1;1;2;1;2;1;2;1;1;2;1;1;1;1;1;1;1;2;1;1;1;2;1;1;1;1;1;1;1;1;1;1;1;1;1;1;1;1;1;1;2;1;1;1;1;2;1;1;1;2;1;1;2;1;1;2;1;3;1;1;2;2;1;1;1;1;1;2;1;2;1;1;1;1;1;1;1;2;1;1;2;1;2;1;1;2;3;1;1;1;1;2;2;2;1;1;1;2;1;1;1;2;1;1;2;1;1;2;2;1;1;2;1;1;1;1;1;1;1;1;4;2;2;3;3;1;1;1;2;1;1;1;3;1;1;1;2;3;1;2;4;2;1;1;1;1;1;1;2;1;2;4;1;2;1;3;2;2;2;1;1;1;2;2;2;2;1;1;1;1;1;1;1;1;2;1;1;1;1;2;1;1;2;1;2;1;1;1;1;2;3;1;1;1;1;4;1;1;2;2;1;3;2;1;2;1;2;2;1;1;1;2;2;1;1;1;2;2;1;2;1;1;2;1;1;2;1;2;1;1;3;3;3;1;2;1;3;1;2;1;1;1;1;2;2;2;2;1;1;1;1;3;1;3;1;2;2;3;1;1;1;3;2;3;1;1;2;1;2;1;1;1;3;1;2;1;1;1;1;2;2;1;1;2;1;1;1;3;1;1;2;1;1;3;1;1;2;1;1;3;1;1;1;3;2;1;4;1;3;2;2;3;2;1;1;2;1;2;1;2;1;1;1;4;2;1;1;2;1;2;1;1;2;1;4;1;1;3;3;1;3;1;3;1;1;1;2;1;1;3;1;1;2;3;1;2;1;1;3;2;1;1;3;4;1;1;1;1;1;1;3;1;1;1;2;4;2;2;4;1;2;1;1;2;1;2;5;1;3;2;2;1;2;1;1;3;4;1;2;3;1;2;4;1;3;3;2;1;2;1;1;1;2;1;2;1;1;2;3;1;2;1;2;2;1;1;2;4;4;1;1;2;2;2;1;3;2;1;1;4;1;2;1;1;3;1;1;2;1;2;1;2;2;1;3;2;2;2;2;3;1;3;2;1;2;4;3;2;3;1;3;1;2;5;3;3;2;2;2;3;1;2;4;2;1;3;4;2;2;1;3;4;1;3;1;3;4;3;4;2;2"
43,1,512,"1;1;1;1;1;1;1;2;1;3;1;1;2;2;1;1;3;1;1;1;1;2;1;2;1;4;1;2;1;1;3;4;1;3;4;1;3;1;3;1;3;1;3;1;1;2;1;3;2;2;1;2;1;1;2;5;1;1;1;1;1;1;2;1;3;4;1;3;3;3;1;1;2;1;1;2;1;1;2;1;3;4;1;2;2;3;1;3;4;1;1;1;3;1;1;1;2;1;1;3;1;2;1;3;1;3;1;4;1;1;2;4;1;2;1;1;3;1;3;1;3;4;4;4;2;1;1;1;3;3;1;4;1;1;2;3;1;4;1;3;1;3;1;3;2;1;1;3;1;1;2;1;1;2;1;4;4;1;1;2;1;3;1;3;1;2;1;3;1;1;2;2;3;2;2;1;3;1;1;2;1;3;1;3;1;3;1;3;4;1;3;1;3;1;1;3;2;1;1;2;1;2;2;1;3;1;3;3;1;1;3;1;2;2;2;4;2;3;3;4;4;1;4;1;3;1;3;4;4;3;1;1;3;4;1;3;3;2;3;1;3;4;4;4;3;1;1;3;1;2;1;1;3;1;2;5;1;3;3;1;1;3;1;3;1;3;1;1;2;1;3;4;1;2;1;4;2;2;4;4;2;2;1;3;3;1;3;1;4;1;2;1;4;1;3;4;1;2;1;1;3;1;3;5;2;1;1;2;1;1;2;1;4;1;3;1;3;4;1;3;3;2;2;5;1;3;4;1;3;1;1;2;1;3;4;1;2;2;2;1;1;3;1;1;1;1;1;2;1;2;2;1;2;1;4;4;1;3;4;4;3;1;1;1;2;1;3;1;3;1;2;1;4;4;1;3;1;3;4;1;3;1;3;4;3;1;3;1;3;1;3;4;2;3;1;3;1;3;1;2;1;1;2;1;1;1;2;4;4;1;2;1;1;3;1;3;1;3;3;1;3;1;1;1;2;1;3;2;2;1;1;2;3;1;4;1;2;1;3;1;1;2;1;4;3;1;1;1;2;1;3;1;2;3;3;3;2;2;2;2;2;3;2;2;1;2;1;1;3;1;3;1;3;1;3;4;1;2;1;1;2;1;2;2;4;1;2;1;4;2;1;5;1;2;1;4;3;2;2;1;1;2;1;1;3;1;2;1;3;1;1;2"
44,0,683,"1;1;1;1;1;1;1;1;1;1;1;1;1;1;1;1;1;1;1;1;1;1;1;1;1;1;1;1;1;2;1;1;2;1;1;1;1;1;1;1;1;1;1;1;1;1;1;1;1;1;1;1;1;1;1;1;1;1;1;1;1;1;1;1;2;1;1;1;1;1;1;1;1;1;1;1;1;1;1;1;1;3;1;1;2;1;1;1;1;1;2;1;1;1;1;2;1;1;1;1;1;1;1;1;1;1;1;2;1;3;1;1;1;1;1;1;1;1;1;1;1;1;1;1;1;1;2;1;1;1;1;1;3;1;1;1;1;1;1;2;1;2;1;2;1;2;1;1;1;2;2;1;1;1;1;1;1;1;1;1;1;1;2;2;1;1;1;1;1;1;1;1;1;1;1;1;1;1;1;1;1;1;3;1;1;1;2;1;1;1;1;1;1;1;1;1;1;1;1;1;1;2;1;1;1;1;1;1;1;1;1;1;1;1;1;1;4;1;1;1;1;1;1;1;1;1;1;2;2;1;1;2;3;1;1;1;1;2;1;1;1;1;1;2;2;1;1;2;3;1;1;1;3;1;1;2;2;1;2;3;4;1;2;1;1;1;1;2;3;2;3;2;1;1;2;3;1;1;1;2;2;2;1;1;3;1;1;3;1;2;1;3;2;1;1;3;3;1;1;4;1;1;1;1;4;1;1;1;1;2;1;1;3;2;1;1;3;2;1;1;1;2;1;1;1;1;1;1;1;2;2;1;2;3;1;2;1;3;1;3;3;1;2;1;1;1;1;1;3;3;1;5;2;1;1;1;2;1;1;5;1;1;3;1;1;2;1;2;1;2;1;2;1;1;3;2;3;2;1;1;3;1;1;1;1;3;2;3;2;1;1;1;2;2;2;3;1;1;2;1;1;2;2;1;3;2;1;1;1;2;2;1;1;2;1;2;1;1;1;2;2;1;1;2;1;2;1;1;3;3;1;1;1;3;1;3;3;2;2;3;2;3;1;2;1;3;2;1;1;3;2;2;3;2;1;1;1;1;1;2;1;2;2;2;1;1;1;1;3;2;2;2;1;1;1;3;3;1;2;1;3;1;1;1;1;2;1;1;2;3;1;1;1;2;1;1;1;1;2;2;1;2;3;2;1;1;1;1;3;1;1;1;4;2;2;3;2;2;2;2;1;1;2;3;1;3;2;1;1;2;2;1;1;1;1;2;2;1;1;1;2;3;1;2;1;2;1;1;1;2;2;2;1;1;3;1;1;1;1;3;1;1;2;3;2;2;1;2;1;1;2;3;2;3;2;2;3;3;1;2;3;2;1;2;1;1;1;1;3;1;1;1;1;1;1;1;2;1;2;4;2;3;2;2;2;1;2;1;1;1;2;2;1;1;5;2;3;2;2;3;2;2;3;1;2;1;3;2;1;1;1;2;4;2;1;2;2;2;2;1;1;1;2;3;1;1;1;3;1;1;2;1;2;1;1;3;2;2;3;1;1;1;1;1;2;2;1;1;2;3;1;1;3;2;1;1;3;2;2;3;2;1;1"
44,1,529,"1;1;1;1;1;2;1;1;1;2;2;1;1;1;2;1;2;1;1;2;1;2;1;1;3;2;2;1;3;3;3;2;2;3;4;5;2;2;2;1;1;1;3;2;1;1;5;2;2;3;1;1;5;1;1;3;2;2;3;3;1;3;1;3;1;2;2;1;1;3;2;1;1;3;2;2;3;2;1;1;2;2;1;2;3;2;1;1;1;1;3;2;2;1;1;1;1;2;3;1;1;2;1;1;1;3;2;2;2;3;2;1;1;2;1;1;1;2;3;2;3;2;1;1;2;3;1;1;1;4;1;1;1;3;1;1;1;1;2;2;1;1;1;2;1;1;1;1;2;3;2;1;4;2;3;2;2;2;3;2;3;1;1;2;1;3;3;3;2;1;1;3;2;2;3;2;1;1;2;2;1;2;3;3;1;3;2;2;2;3;2;2;3;1;1;3;2;2;2;3;5;2;2;3;4;5;1;1;3;2;2;3;2;2;4;3;3;2;1;1;2;3;1;1;3;2;1;4;2;1;1;1;1;1;2;2;1;1;3;2;2;3;3;2;2;2;2;1;2;2;3;2;2;2;3;2;1;1;2;5;1;2;1;3;1;1;1;2;1;1;2;2;2;1;4;1;2;3;1;1;1;1;4;1;1;1;2;3;2;3;2;1;1;3;2;1;1;3;2;1;1;3;1;1;4;1;2;2;3;2;2;3;1;1;1;1;3;2;1;1;3;7;2;2;2;2;1;1;4;1;1;1;3;4;3;1;1;5;1;1;1;1;4;2;1;2;3;1;1;2;1;6;3;1;1;5;2;3;2;4;3;1;1;3;2;2;2;1;2;1;1;2;1;1;1;1;1;3;1;3;3;2;2;4;1;2;3;1;3;2;3;1;1;3;2;2;2;3;2;1;1;3;2;3;2;1;1;3;2;1;1;2;3;1;1;2;3;1;1;3;2;2;3;2;1;1;3;4;3;2;1;1;2;3;2;3;2;1;1;2;3;2;2;3;2;3;2;2;2;2;1;2;3;2;1;1;3;2;2;3;2;2;3;2;1;1;3;2;2;3;2;1;1;1;4;2;3;2;2;3;2;2;3;2;1;1;1;2;2;1;1;3;2;1;1;3;2;1;4;1;1;1;1;1;1;3;1;1;2;3;2;2;1;4;1;1;3;1;1;1;2;2;1;3;3;3;1;3;4"
45,0,427,"1;1;1;1;1;1;1;1;1;2;1;1;1;1;1;1;1;1;1;2;2;1;1;1;1;1;1;1;1;1;1;1;1;1;2;3;1;2;1;1;3;1;1;1;1;1;1;1;2;1;2;1;2;1;1;1;1;1;1;1;1;2;2;1;2;1;1;1;3;3;1;2;2;2;1;1;1;1;5;6;1;2;2;4;1;2;1;2;3;3;1;1;1;3;2;1;1;1;2;2;1;2;1;2;3;1;2;3;1;1;4;3;2;2;2;1;2;5;2;1;1;1;1;1;2;2;2;2;1;1;1;1;1;1;1;1;1;2;1;3;3;4;2;3;6;1;2;1;2;1;2;1;3;1;1;3;3;3;1;2;3;4;4;2;3;1;2;4;2;3;5;1;4;2;3;3;5;5;2;1;2;4;3;1;1;3;4;2;3;3;1;1;1;2;2;2;2;1;4;2;3;1;2;2;1;1;2;3;3;4;1;2;2;7;2;1;2;4;2;5;2;3;2;6;1;3;5;3;4;5;4;2;5;1;3;3;1;2;9;1;2;1;2;5;1;3;4;2;1;2;5;2;2;3;2;2;3;2;3;1;2;4;2;4;2;4;4;3;2;2;2;1;5;2;2;1;1;2;3;2;1;4;1;2;2;2;4;3;3;3;2;4;3;4;2;2;1;3;4;2;2;2;2;5;3;1;3;3;3;1;4;3;3;1;1;6;3;2;2;5;3;4;3;4;2;3;3;1;4;2;2;5;4;4;3;4;2;3;5;2;7;4;7;2;3;3;6;3;4;2;4;2;4;2;3;4;4;3;4;3;3;3;3;3;3;4;2;5;4;5;1;5;4;3;3;3;4;2;3;3;5;3;1;5;4;4;2;3;2;4;2;1;3;2;4;3;3;2;1;3;4;2;4;6;2;3;6;3;3;3;1;2;3;3;3;4;2;3;3;4;2;3;4;2;4;1;5"
45,1,344,"1;3;3;1;2;2;1;4;2;3;3;2;1;3;2;1;3;3;2;1;5;4;3;3;3;4;5;1;2;4;3;2;5;1;2;2;2;2;5;2;4;6;3;6;2;3;3;3;2;5;5;3;4;3;3;2;1;2;2;1;1;3;3;2;4;4;4;3;4;2;1;4;2;4;2;3;4;2;2;6;7;4;2;4;4;4;1;2;1;4;3;3;3;3;2;2;2;2;1;2;2;1;3;4;2;3;3;1;2;4;3;2;5;1;5;2;2;3;3;4;2;4;2;3;4;2;2;1;2;6;3;2;2;4;3;2;2;4;4;4;1;3;2;2;1;2;2;4;4;1;1;2;4;2;4;3;3;3;2;3;3;3;3;2;1;4;2;4;5;5;5;6;3;3;2;3;3;4;2;2;1;7;3;2;5;1;3;3;4;2;3;4;2;3;4;5;3;3;4;6;4;4;3;3;3;3;4;2;3;3;3;5;5;2;5;4;3;3;3;4;2;3;3;7;5;3;3;3;1;2;5;4;3;2;1;3;3;1;2;3;1;5;3;4;2;2;5;3;3;3;3;5;2;3;3;3;4;2;2;4;5;4;5;1;2;4;3;3;3;4;5;2;7;3;4;2;3;4;3;2;3;1;4;6;2;2;1;3;3;5;1;2;2;5;4;2;3;3;3;5;2;3;3;4;2;5;1;3;3;3;3;3;4;2;1;5;5;3;2;3;2;4;2;4;2;5;1;5;1;3;2;1;3;4;2;4;2;1;3;2;3;5;4;3"
46,0,785,"1;1;1;2;1;1;1;2;2;1;1;1;1;1;1;1;1;1;1;1;1;1;2;1;1;1;1;1;1;1;2;1;1;1;1;1;1;1;1;2;1;1;1;1;1;1;1;1;1;1;1;1;1;1;1;2;1;1;1;1;1;1;1;1;1;1;1;1;1;2;1;1;1;1;1;1;1;1;1;1;1;1;2;1;1;1;1;1;1;1;1;1;1;2;2;1;1;1;1;1;1;1;1;1;1;1;2;1;1;1;1;1;1;1;1;1;1;1;1;1;1;1;1;1;1;1;1;1;2;1;1;2;2;1;1;1;1;1;1;1;1;1;1;1;1;1;2;2;1;1;1;1;1;1;1;1;1;2;1;2;1;3;1;1;1;2;1;1;1;2;1;1;1;1;1;3;1;1;1;1;1;2;1;1;1;1;1;1;1;2;1;1;1;1;1;1;1;1;1;1;1;1;1;1;1;1;1;1;1;1;1;1;1;2;1;1;1;1;1;1;3;1;1;1;1;1;1;1;1;1;1;1;1;2;1;1;1;1;1;1;1;1;1;1;1;1;2;1;1;2;2;1;2;1;1;1;1;1;1;1;1;1;2;1;1;2;4;1;1;1;2;1;1;1;1;2;2;1;2;1;1;2;1;1;1;2;1;1;1;1;1;1;1;2;1;1;1;1;2;1;1;1;1;1;1;2;1;1;2;1;1;1;1;1;1;1;1;2;1;1;2;1;1;1;1;2;2;1;1;1;1;1;1;1;1;1;1;1;1;2;1;1;1;1;2;1;1;2;1;1;1;1;1;1;1;1;1;1;1;1;1;1;1;1;1;1;1;2;1;1;1;1;1;2;1;1;1;1;1;2;1;1;1;1;1;1;1;1;1;2;1;1;1;1;1;1;1;1;2;1;1;1;2;1;1;1;1;1;1;1;1;1;1;1;1;1;1;2;1;1;1;1;1;2;1;1;1;2;1;1;1;1;1;1;1;1;3;1;1;1;2;1;1;1;1;1;1;1;1;2;1;2;2;1;1;1;1;1;1;1;1;1;2;1;1;1;1;1;2;1;3;1;1;1;1;1;1;1;1;1;2;1;1;1;1;1;2;1;1;1;2;2;1;1;1;1;1;1;2;2;1;1;1;2;1;2;1;1;1;1;2;1;1;2;2;1;2;1;1;1;1;1;1;1;1;2;1;2;1;2;1;1;1;1;1;1;2;2;1;4;1;1;1;2;1;1;1;1;2;1;1;1;1;1;1;1;1;2;2;1;1;1;1;3;1;1;1;1;1;1;1;2;1;1;1;1;1;2;1;2;4;1;1;3;2;1;1;1;1;1;1;1;1;1;1;1;1;2;4;2;1;1;1;1;1;1;2;1;2;1;1;1;1;1;3;1;2;1;2;1;1;1;1;1;2;1;1;1;1;2;7;1;1;2;1;1;1;1;1;2;4;2;2;2;1;1;1;2;1;1;1;1;2;2;1;1;1;1;3;1;1;3;2;2;2;2;2;1;1;2;2;2;2;1;1;2;2;2;2;1;1;1;3;4;1;1;1;3;1;1;4;1;2;1;2;2;1;3;1;2;1;1;3;2;1;2;3;1;3;1;3;1;1;4;1;1;2;1;2;1;1;1;2;1;1;1;3;1;1;5;2;1;1;2;1;4;3;1;3;1;1;2;1;2;2;1;1;1;3;1;1;1;1;1;2;1;1;2;1;1;4;1;6;3;2;1;2;1;2;4;2;2;1;4;1;1;1;2;2;2;2;2;2;1;1"
46,1,530,"1;1;1;1;2;1;1;1;1;1;1;1;1;1;1;1;1;1;1;1;1;3;1;1;1;1;2;1;1;1;1;2;2;1;1;1;1;2;3;2;1;1;2;1;1;1;1;1;1;1;1;2;1;2;1;1;1;1;5;1;2;1;1;2;3;3;2;6;5;2;4;4;2;1;1;2;1;1;2;3;1;1;1;1;2;2;3;1;3;1;2;4;7;4;1;6;6;2;3;1;1;1;2;2;1;1;2;2;4;1;1;1;1;1;2;2;1;1;2;2;1;1;2;2;1;2;1;1;1;2;3;1;2;2;2;2;2;1;1;2;2;2;2;2;1;1;2;2;2;2;2;2;3;1;1;1;2;1;1;2;2;2;2;2;2;2;2;1;1;2;2;2;4;2;2;3;1;2;4;4;2;2;2;1;1;2;2;2;1;1;1;1;1;3;2;2;2;6;2;2;2;2;2;4;2;2;3;1;2;2;2;2;2;2;1;1;2;2;2;2;1;1;2;4;2;2;2;2;2;1;1;1;1;2;1;1;1;1;2;4;2;4;2;4;2;3;1;2;2;2;2;2;2;2;2;2;2;1;1;4;1;1;2;2;6;2;2;4;2;1;1;1;1;2;6;3;1;1;2;3;1;4;2;6;2;2;2;1;1;1;1;1;4;2;2;2;2;3;1;2;4;2;2;2;2;2;2;1;1;2;4;2;2;1;1;2;2;2;2;2;2;4;2;2;1;1;2;1;2;2;4;2;2;3;1;2;2;8;2;2;2;2;2;4;2;2;2;1;2;2;2;2;2;2;2;2;2;2;2;2;2;2;2;2;4;2;2;1;1;1;2;2;2;1;1;4;2;4;2;4;2;2;2;2;1;1;4;4;2;2;2;2;2;2;1;1;2;2;2;4;1;1;1;1;1;1;2;2;2;2;2;2;2;2;2;2;2;4;2;2;4;3;1;2;7;1;2;2;2;4;2;2;2;2;2;2;2;2;1;6;1;1;1;2;2;2;2;1;2;4;2;2;2;2;2;2;2;4;2;2;2;2;2;2;2;1;1;2;1;1;2;2;2;2;2;1;1;2;1;1;2;2;2;4;2;2;2;2;2;2;1;2;2;2;1;1;2;1;3;2;2;2;2;2;2;2;3;2;1;3;1;2;2;1;1;1;1;2;2;2;1;1;2;2;2;2;2;2;2;2"
47,0,8,"1;1;1;1;1;1;1;1"
47,1,13,"1;2;1;1;1;1;1;1;1;1;1;1;1"
48,0,598,"1;1;1;1;1;1;1;1;1;1;1;1;1;1;1;1;1;1;1;1;2;1;1;1;1;1;1;1;1;1;1;1;1;1;1;1;1;1;1;2;1;1;1;2;1;1;1;1;1;1;1;1;1;1;1;1;1;1;1;1;1;1;1;1;1;1;1;1;1;2;1;1;2;1;1;2;1;1;1;1;1;1;1;1;1;1;1;2;1;1;3;2;1;1;2;1;2;1;1;1;1;3;1;1;3;1;1;1;1;2;1;2;1;1;1;1;1;2;1;1;2;1;2;1;1;2;1;2;1;1;2;1;1;1;1;1;1;2;1;2;1;1;1;1;1;1;1;1;1;1;1;2;1;2;1;1;1;1;1;1;1;1;1;1;1;2;1;2;2;2;1;1;1;1;1;1;1;1;1;2;1;1;1;2;1;1;2;2;1;1;1;3;1;1;2;1;1;2;1;2;1;3;1;3;1;1;1;1;2;1;1;1;1;2;2;1;1;2;1;2;1;2;1;3;1;1;1;1;1;1;1;1;2;4;1;1;2;1;1;1;1;2;1;1;1;1;3;1;1;1;1;1;2;1;2;2;1;1;1;1;1;1;2;1;2;1;1;1;1;1;1;1;1;1;4;1;1;1;1;2;1;1;2;2;2;1;1;1;1;1;1;1;1;1;1;2;1;3;1;1;2;1;1;1;1;1;2;2;1;1;2;2;1;1;1;3;1;6;1;1;1;1;3;1;2;1;1;1;2;1;1;1;3;1;2;1;1;2;3;2;1;1;1;1;3;1;3;2;1;5;1;2;1;8;1;4;3;1;1;6;3;3;2;3;3;2;3;3;1;4;4;1;2;2;5;4;5;2;3;4;4;4;7;2;2;1;1;4;1;8;1;2;1;4;4;2;2;4;3;4;1;3;4;1;1;1;3;1;1;2;2;2;3;4;5;2;1;1;1;2;4;1;2;1;1;2;1;2;4;2;1;1;1;1;3;1;4;5;1;2;2;3;1;4;1;3;5;3;4;4;2;1;1;2;2;1;1;2;2;2;4;2;3;3;2;1;1;2;1;2;4;3;5;1;1;3;5;1;5;3;5;3;4;1;3;1;3;3;5;1;2;5;2;1;1;5;3;5;3;3;1;4;3;1;4;4;3;1;1;1;3;3;4;1;1;1;1;1;3;1;6;1;1;3;1;3;1;4;1;2;4;4;4;4;2;3;1;3;1;1;1;3;1;1;1;1;4;1;1;1;1;3;1;1;1;1;2;1;3;1;1;2;1;1;1;1;1;2;3;1;2;1;3;1;1;2;1;1;2;1;3;1;3;1;3;1;2;2;1;2;1;2;1;1;1;2;1;1"
48,1,12,"1;1;1;1;1;1;1;1;1;1;1;2"
49,0,464,"1;1;1;1;1;1;1;1;1;1;1;1;1;1;1;1;1;1;3;1;1;3;1;2;1;1;3;1;2;1;1;3;1;2;2;1;3;1;3;1;1;1;1;1;1;1;1;1;1;3;1;3;1;1;1;1;1;2;1;1;1;1;1;1;2;1;1;3;1;4;3;1;3;1;1;1;2;3;1;1;3;3;1;3;1;3;3;1;1;3;5;3;4;2;2;1;1;1;2;3;2;1;2;1;2;1;1;4;1;2;1;3;4;4;1;3;1;4;3;1;1;1;2;3;3;2;3;3;1;1;3;3;1;4;3;1;4;1;3;2;2;1;2;1;2;2;3;1;3;1;4;4;1;1;2;1;1;2;4;4;4;1;2;2;2;1;1;1;2;1;3;1;3;4;3;1;1;1;1;1;1;2;1;1;1;1;1;1;1;1;2;3;4;1;2;1;1;3;1;3;4;1;3;1;3;3;1;1;3;3;1;4;3;1;3;1;1;3;4;4;1;6;2;3;3;1;4;4;4;4;4;1;3;4;4;4;1;3;1;3;1;3;1;3;1;3;4;4;3;3;1;2;2;1;4;3;2;1;1;2;1;2;1;1;1;5;4;4;1;3;4;3;1;4;4;1;1;1;2;2;4;1;1;3;3;1;2;2;2;1;4;3;3;2;3;1;1;1;1;4;3;1;2;2;4;3;1;4;3;1;1;3;1;3;1;3;1;3;2;3;4;1;4;1;3;1;3;4;1;2;2;4;3;1;3;1;3;1;3;1;3;4;4;4;4;4;1;1;2;1;3;2;2;3;1;1;4;3;1;3;4;1;2;5;4;4;1;3;1;4;3;5;3;3;2;3;4;4;4;3;2;3;4;1;2;2;3;4;4;4;2;2;4;3;2;3;4;4;4;1;3;4;4;1;3;5;3;4;3;2;3;2;3;3;2;2;1;3;1;3;4;4;4;1;1;2;3;3;3;1;1;1;3;4;4;4;3;1;3;1;1;3;3;1;1;3;3;1;4;3;1;1;3;1;3;1;2;4;2;3;3;1;4;4"
49,1,358,"1;1;1;1;1;2;1;3;1;3;4;3;1;3;1;3;1;4;1;2;4;1;3;3;2;4;4;3;1;4;1;3;2;3;3;3;1;1;2;5;3;1;4;4;1;3;1;3;4;1;3;3;2;3;1;3;1;3;3;1;4;4;4;4;2;2;4;1;3;1;3;1;3;4;4;3;1;4;4;4;4;4;3;3;2;4;1;3;1;3;4;4;1;3;4;1;2;1;3;4;4;4;4;4;4;4;4;3;5;4;3;1;4;4;4;5;3;4;4;4;4;1;3;1;3;4;4;4;1;3;3;1;4;4;4;4;2;2;4;4;1;2;1;1;3;3;2;3;3;3;2;4;4;4;4;4;1;3;1;3;2;2;1;3;4;4;4;2;2;3;1;2;2;2;2;4;4;3;2;3;4;4;4;4;4;4;4;3;1;4;4;1;3;4;2;2;4;2;2;2;2;4;4;3;1;3;1;3;1;1;3;3;2;4;3;4;4;4;4;4;3;1;3;2;3;3;1;2;2;3;1;4;4;1;2;1;3;4;4;4;4;1;4;4;4;3;4;4;1;4;3;2;1;5;3;1;4;4;3;2;3;4;5;3;4;4;4;4;2;2;1;3;1;3;4;1;3;3;1;4;3;2;3;1;3;4;4;4;1;3;1;3;4;1;3;4;4;5;3;3;1;3;1;4;4;4;3;1;4;4;4;4;4;4;4;1;3;3;2;3;5;3;4;2;2;1;3;4;4;4;4;4;2;3;2;5;4;4;1;2;4;4;2;3;4;2;2;4;4;1;3;4;1;4;1;6;4;4"
50,0,664,"1;1;1;1;1;1;1;1;1;1;1;1;1;1;1;1;1;1;1;1;2;2;1;1;1;1;1;1;1;1;2;1;1;2;1;1;2;1;1;1;1;1;1;1;1;1;1;1;1;1;1;1;3;2;1;1;1;1;1;1;1;1;1;1;1;2;3;1;1;1;2;1;1;2;1;4;1;1;1;1;2;1;1;1;1;1;1;1;1;1;1;1;1;1;1;1;2;1;1;1;1;1;2;1;1;1;1;1;1;1;1;1;1;1;1;1;1;1;1;1;2;2;1;1;1;1;1;1;1;2;1;1;2;1;1;1;1;1;1;1;1;1;1;1;1;1;1;1;1;1;1;1;1;1;2;1;2;1;1;2;1;1;1;1;2;2;1;1;1;2;3;1;1;3;1;1;1;1;1;1;3;1;1;1;1;1;3;2;1;1;1;1;2;1;2;1;2;1;1;1;2;1;1;2;1;2;1;1;2;1;1;1;1;1;1;1;1;1;1;1;2;1;1;1;1;3;2;1;1;1;1;1;1;1;1;1;1;1;3;1;2;3;2;3;3;2;1;3;1;1;1;1;2;3;3;3;1;3;2;2;1;1;3;2;1;2;1;1;1;1;1;1;4;2;1;2;1;3;2;1;2;3;1;1;2;2;1;1;1;1;2;1;2;1;2;1;1;2;3;3;2;1;3;1;1;1;2;1;2;1;1;2;2;1;1;1;1;1;1;1;2;1;2;1;1;1;1;2;1;3;2;1;3;2;1;1;2;1;1;1;2;1;2;1;2;2;4;1;2;1;2;1;2;1;2;1;2;1;2;1;3;3;5;1;2;1;1;1;1;2;1;3;2;1;2;1;1;1;1;1;1;1;1;2;1;1;1;1;1;1;2;1;2;2;1;1;2;1;1;1;1;1;1;1;1;1;1;1;1;1;1;1;1;2;1;1;1;1;2;1;1;1;2;2;1;1;1;1;1;1;1;1;1;1;1;1;1;1;1;1;1;1;1;1;1;1;1;1;1;1;1;1;1;1;1;1;1;1;1;1;1;1;1;1;2;1;1;1;1;1;1;1;1;1;2;2;1;1;1;1;2;2;1;2;1;2;1;2;1;2;1;3;2;1;3;2;1;2;1;3;3;1;2;3;3;1;1;1;2;1;2;1;2;1;3;3;2;1;3;1;2;3;1;2;3;3;3;3;1;3;2;1;1;2;3;1;5;1;2;3;3;5;1;3;2;4;5;1;5;1;2;1;1;1;1;3;3;2;1;2;2;4;4;3;3;2;1;2;1;2;1;3;2;1;2;1;3;2;4;1;2;1;2;3;3;2;4;1;3;5;3;3;3;3;2;1;3;1;2;1;2;2;4;1;1;1;1;1;2;4;3;3;2;1;2;4;3;1;1;1;1;1;1;2;1;2;4;3;3;2;1;2;1;3;1;1;2;1;1;2;4;3;1;3;3;3;3;2;1;3;1;5;3;2;1;3;3;3;2;1;2;4;2;1"
50,1,427,"1;1;2;1;3;2;2;2;4;3;1;1;4;3;1;2;1;3;2;1;2;4;2;5;4;1;2;1;3;2;4;3;3;3;1;2;1;2;2;1;3;1;4;1;1;2;2;1;3;2;1;2;1;1;3;4;1;3;1;4;6;4;5;4;2;2;3;1;1;2;1;2;3;4;2;2;1;3;2;1;3;3;2;3;1;2;4;6;2;3;6;1;3;1;3;4;7;3;2;4;4;2;3;1;4;1;2;1;1;4;1;3;3;3;2;3;2;2;1;2;3;3;3;2;3;1;3;5;2;4;1;2;1;1;1;1;1;2;1;3;3;5;4;1;2;3;1;2;3;3;2;2;2;2;3;4;1;1;1;2;4;2;3;3;1;1;2;3;3;2;4;2;1;2;1;2;1;2;4;2;3;2;2;4;5;2;1;2;5;1;3;1;3;2;1;2;1;2;1;3;3;2;1;3;2;4;3;3;3;2;3;7;3;2;4;3;5;1;2;1;3;1;1;3;3;1;3;2;1;2;1;1;4;1;2;3;4;7;2;2;1;3;2;1;3;2;4;2;1;3;2;1;2;1;2;1;3;2;1;5;1;5;3;1;5;1;2;1;2;3;2;1;1;3;3;3;3;2;1;2;1;3;3;2;1;3;3;3;9;3;3;2;1;3;2;1;2;3;1;3;2;1;3;2;1;2;1;3;3;3;1;2;3;3;2;1;3;5;4;3;3;6;1;3;3;2;2;2;2;2;1;2;6;1;3;2;4;1;2;2;1;2;1;2;1;5;3;3;4;3;5;4;5;1;3;3;3;3;2;1;5;4;3;2;1;1;2;5;1;3;2;4;3;3;1;1;1;3;2;1;3;5;4;3;2;1;1;1;2;1;1;5;3;3;2;1;3;2;1;1;4;3;4;3;3;3;3;3;3;3;2;1;2;1;2;1;2;3;4;2;1;1;1;4;4;1;2"
51,0,317,"1;1;1;1;1;1;1;1;1;1;1;1;1;1;2;1;1;1;1;1;1;1;1;1;1;1;1;1;1;1;1;1;1;1;1;1;1;1;1;2;1;1;1;1;1;1;1;1;1;1;1;2;1;2;1;1;3;4;1;1;1;1;1;2;1;1;3;1;1;2;1;3;3;1;1;1;1;1;1;1;1;1;1;1;1;1;1;1;1;1;1;1;1;1;1;1;1;1;1;1;1;1;1;1;1;1;1;1;1;1;2;1;2;1;1;1;1;1;1;1;1;1;2;2;2;1;2;2;1;2;1;2;1;1;1;1;1;1;1;1;1;1;1;1;1;1;1;1;1;1;1;1;1;1;2;1;1;1;2;1;1;1;1;1;3;1;1;1;1;1;1;1;2;1;2;1;1;1;2;2;1;1;1;2;1;1;1;1;1;1;1;1;1;1;1;1;2;1;1;1;1;1;1;2;1;1;1;1;1;1;2;2;1;1;1;1;1;2;1;2;2;1;1;3;2;1;2;2;1;2;1;3;4;7;5;5;10;10;10;10;10;10;10;10;10;10;10;10;10;10;10;10;4;10;10;3;10;10;10;10;10;10;10;10;4;10;10;10;10;10;10;6;10;10;10;10;10;3;4;10;10;10;10;10;10;10;10;10;10;10;7;2;10;10;10;10;3;10;10;10;10;10;1;5;6;5;10;10;10;10;10;10;10;10;5;10;10"
51,1,121,"1;1;1;1;2;10;10;10;10;10;10;7;9;10;10;10;10;10;7;10;6;10;10;10;10;10;10;10;10;10;10;10;10;10;10;10;10;10;10;10;5;10;7;1;6;10;10;10;10;10;10;6;6;10;10;7;10;4;10;10;10;10;10;10;10;10;10;10;10;8;10;10;4;6;8;8;7;10;10;5;10;10;5;3;9;10;9;6;5;4;10;10;6;7;10;10;10;7;10;7;6;8;8;8;10;10;10;8;10;10;10;10;10;10;10;10;8;10;10;6;10"
52,0,538,"2;2;1;2;1;1;1;1;1;1;1;1;1;1;2;1;1;1;1;1;3;3;1;1;1;1;2;1;2;1;1;2;1;1;2;1;1;2;1;1;1;1;1;1;1;1;1;2;1;1;1;1;1;1;1;1;1;1;1;1;3;3;2;2;1;1;2;1;2;1;2;3;1;1;1;2;1;1;1;1;1;2;3;1;1;1;1;1;1;1;2;3;2;3;3;1;1;2;1;2;1;2;2;1;2;1;2;1;2;1;1;2;2;1;1;1;4;2;1;2;2;2;3;1;2;2;2;1;4;1;3;2;1;1;1;1;2;1;1;1;1;1;3;1;1;1;1;2;1;1;2;3;1;2;1;2;1;2;1;1;1;1;1;3;1;2;2;3;2;2;2;2;1;1;3;2;1;2;3;1;3;2;1;2;3;3;1;1;1;3;1;3;2;1;2;2;2;1;2;1;2;4;1;2;3;2;1;3;1;1;2;1;1;3;3;1;1;2;1;1;2;2;2;3;3;2;2;2;1;2;2;1;3;1;2;1;3;1;5;2;2;3;1;2;1;3;1;1;1;3;1;1;4;2;2;3;2;1;1;1;2;3;1;3;3;1;3;2;2;1;2;2;2;3;2;2;3;4;3;2;2;3;2;2;3;2;2;3;2;1;1;3;5;2;3;1;3;4;2;3;1;1;3;4;3;2;2;3;3;1;3;2;1;1;3;3;1;2;1;2;2;3;3;1;3;1;2;1;2;1;2;2;3;2;2;1;2;2;3;2;2;2;3;4;1;2;2;2;3;4;2;1;2;2;3;3;4;2;1;2;1;1;1;3;3;3;1;3;2;2;2;1;2;2;3;3;1;3;2;2;3;1;3;3;2;2;3;3;1;3;2;2;2;1;3;1;3;3;1;3;3;4;3;1;2;1;2;2;3;3;1;3;2;2;3;4;2;1;2;2;1;2;3;1;2;3;2;3;1;2;1;3;2;2;3;1;1;2;3;3;1;2;1;3;1;3;3;2;2;2;2;3;3;4;4;1;2;1;2;3;1;3;1;1;4;3;1;3;1;2;1;2;1;3;3;2;1;1;2;1;1;3;3;1;3;2;3;2;3;1;1;2;4;3;4;2;1;2;2;1;2;3;1;2;1;2;2;2;1;2;2;2;3;1;1;3;2;1;2;2;3;1;3;3;4;1;4;2;3;1;3;2;2;3;2;2;3;4"
52,1,513,"1;1;1;1;1;1;1;1;1;1;1;2;2;2;2;2;2;2;1;3;2;2;2;2;2;2;2;2;1;3;2;2;2;2;1;1;1;3;2;1;1;2;2;1;1;2;2;1;3;2;2;4;2;2;4;1;3;1;1;1;2;2;3;1;3;2;1;1;4;1;3;1;3;3;1;1;3;1;1;2;2;1;3;1;1;2;1;2;2;3;2;1;2;3;1;1;1;3;1;2;4;1;1;1;1;1;1;3;1;2;2;1;2;1;5;1;2;1;1;5;1;3;1;3;1;1;1;3;1;3;1;3;1;1;1;3;1;5;4;1;2;3;2;1;4;4;3;1;3;1;3;1;1;1;2;3;1;2;3;1;2;2;3;1;2;1;1;2;1;1;2;3;1;2;3;1;3;1;1;1;3;1;2;1;2;2;1;3;3;1;5;1;2;2;2;2;1;1;2;3;1;4;2;2;2;1;1;5;3;1;3;2;1;3;2;1;2;2;6;1;3;1;6;1;4;1;2;2;2;3;2;1;3;1;3;2;1;3;1;2;1;1;2;2;5;6;1;2;5;2;3;2;5;3;3;1;3;1;1;4;1;2;5;1;2;2;2;9;2;1;2;5;1;3;1;5;3;2;1;1;2;2;2;2;2;3;1;3;1;5;1;1;1;2;2;1;1;1;3;3;1;2;2;1;2;1;1;2;4;4;1;4;3;1;1;2;2;2;2;1;1;2;2;1;2;3;2;3;1;3;3;3;1;2;1;3;3;5;2;1;2;2;5;1;2;3;3;1;1;1;1;3;1;3;3;4;2;2;5;1;3;1;2;1;2;1;1;2;1;4;1;1;1;3;1;2;2;1;1;3;1;2;2;1;1;2;2;2;2;3;2;2;3;1;3;1;2;2;3;1;2;3;4;1;1;1;2;1;2;3;1;2;3;1;5;2;1;1;1;2;3;1;2;2;4;3;1;1;1;2;1;1;2;2;7;1;3;1;1;1;1;1;5;1;2;3;2;1;1;1;2;2;3;1;2;2;2;4;2;1;1;3;1;3;1;1;1;3;1;2;1;1;2;5;2;1;3;1;1;1;3;2;1;1;1;2;2;3;1;2;2;1;1;2;2;3;1;2;2;4;3;3;3;4;3;1;4;1;1;1;2;3;1"
53,0,642,"1;1;1;2;1;1;1;1;1;1;1;1;1;2;2;1;1;1;1;2;2;1;1;1;1;1;1;1;1;1;1;1;2;1;2;1;1;1;1;2;2;2;2;2;1;1;1;1;1;1;2;1;1;1;1;1;1;1;2;1;2;1;1;1;1;1;1;1;1;1;1;1;1;1;2;1;1;1;1;1;1;1;1;1;1;1;1;1;1;1;1;1;1;1;1;2;1;2;1;1;1;1;1;1;1;1;2;1;1;1;1;1;1;1;1;1;1;1;2;1;1;1;1;1;1;1;1;1;2;2;1;2;1;1;1;1;1;1;2;1;2;1;1;2;1;2;1;1;1;2;1;1;1;1;1;1;1;1;1;1;1;2;1;1;1;1;1;2;1;1;2;1;2;1;1;1;1;1;1;2;4;1;1;1;1;2;1;2;1;1;3;1;2;1;2;2;2;1;1;1;2;2;3;1;3;1;1;1;2;2;3;1;1;2;1;1;2;1;2;2;2;1;1;1;4;1;2;1;3;1;2;1;3;1;1;1;2;1;2;4;1;1;2;2;2;2;2;2;1;3;2;1;1;2;1;3;1;3;1;1;1;1;1;4;1;2;1;1;2;1;3;1;1;2;1;2;3;1;1;2;1;1;2;2;2;2;3;1;3;1;2;2;3;1;1;3;2;1;1;2;1;1;1;3;3;1;4;3;3;1;1;1;2;1;2;1;1;1;3;1;1;1;1;1;1;2;1;1;2;1;1;2;1;2;2;3;1;4;1;1;1;1;1;1;2;1;1;1;2;2;2;1;3;2;1;1;2;4;1;1;2;2;1;2;2;3;3;2;3;3;2;3;1;3;1;2;2;4;1;2;2;4;2;1;2;1;2;1;1;1;1;1;2;3;1;1;3;1;1;2;1;1;5;2;1;1;2;1;2;1;3;1;1;2;3;2;1;2;1;2;2;3;3;1;1;1;2;2;1;1;1;1;2;2;2;1;1;1;1;1;1;2;1;1;2;2;1;2;3;1;4;2;3;1;2;1;2;2;1;1;1;1;1;1;1;1;1;1;1;1;1;1;1;1;1;1;3;2;2;2;1;3;1;4;1;1;1;2;1;1;1;1;2;1;2;1;1;1;1;1;3;1;2;3;1;4;2;3;1;3;1;2;3;4;2;2;3;1;2;2;1;2;2;1;3;3;1;1;4;1;2;1;1;3;1;2;2;3;1;1;1;1;1;1;1;1;3;2;1;2;3;3;2;2;1;3;3;3;2;1;2;3;2;2;1;2;3;3;2;2;1;1;2;3;2;1;1;3;1;1;1;2;2;3;1;2;5;1;3;3;1;3;1;5;2;1;2;2;3;3;1;1;1;4;3;3;3;2;2;5;1;3;3;2;1;2;2;1;2;1;2;1;1;3;1;2;2;1;1;2;2;1;4;1;1;1;3;3;2;2;1;1"
53,1,583,"1;1;2;1;3;1;1;2;2;1;2;1;2;2;2;1;2;2;4;2;2;2;1;3;1;1;1;1;3;2;3;1;1;1;1;2;3;1;2;1;1;1;3;1;1;1;1;3;1;2;1;2;1;1;1;1;2;2;3;2;1;1;1;1;1;3;2;1;1;3;1;1;1;2;2;1;2;1;1;1;1;2;3;1;2;2;1;2;1;2;1;2;3;1;3;1;1;1;1;2;1;2;3;2;1;1;2;1;1;1;1;3;3;3;1;1;1;3;1;2;2;1;2;1;2;1;2;3;4;1;1;1;1;1;1;3;1;1;1;2;2;4;3;1;2;1;2;3;1;2;1;2;1;2;2;2;3;1;1;1;1;4;3;3;2;1;3;2;3;1;1;2;3;1;1;1;1;2;1;1;2;2;2;4;2;2;3;2;3;1;5;1;2;2;1;2;1;1;2;2;1;3;3;1;1;1;1;2;1;1;2;1;1;1;3;1;2;3;1;2;3;1;4;1;1;1;2;1;1;1;1;1;2;1;2;1;2;1;2;3;1;2;1;2;1;2;1;1;1;2;2;1;2;1;1;3;1;1;2;2;2;4;2;1;2;1;1;2;3;1;1;1;2;2;4;1;1;2;2;1;1;1;1;1;1;2;1;1;2;2;4;1;2;1;2;2;1;1;2;2;1;1;2;1;2;2;1;4;1;1;4;3;3;3;1;1;2;1;1;1;1;7;4;1;2;5;1;1;2;1;1;2;1;1;2;2;3;1;2;1;1;2;1;1;2;1;2;3;1;3;1;2;3;2;1;1;3;1;1;2;2;2;1;1;2;4;3;2;1;2;1;2;1;2;1;3;2;1;1;3;2;2;1;3;1;1;1;3;2;1;1;4;1;4;1;4;4;1;1;2;4;2;2;2;1;5;1;1;2;2;2;2;4;2;1;1;2;1;2;1;2;4;4;2;2;2;1;1;2;2;1;5;2;3;1;1;2;3;1;2;1;2;3;1;2;2;1;2;1;1;2;2;4;1;2;1;1;1;2;1;2;2;2;4;1;1;2;2;1;1;1;1;2;1;1;2;2;1;2;1;2;1;2;3;1;3;2;1;4;1;2;1;1;1;2;4;1;1;1;2;3;2;3;3;1;1;1;2;2;3;1;2;1;2;2;2;3;2;1;2;3;1;2;1;1;1;1;3;1;2;2;1;1;1;1;2;1;3;2;1;2;1;2;3;1;1;3;4;2;2;2;2;2;2;2;1;1;4;1;2;3;2;2;3;1;2;2;2;2;2;1;1;2;2;1;1;2;2;1;1;1;2;4"
54,0,648,"1;1;1;3;1;1;1;1;1;1;1;2;1;1;1;1;1;1;1;1;1;1;1;2;2;1;2;1;1;1;1;1;1;1;1;1;1;1;1;1;1;3;1;1;1;1;1;1;1;2;2;1;1;1;1;1;2;1;1;2;1;1;2;1;1;2;1;1;1;1;1;1;1;3;1;2;2;1;1;1;1;1;1;1;2;1;1;1;1;2;1;1;1;1;1;1;1;1;1;1;1;1;2;1;1;1;1;1;1;1;1;1;1;1;2;1;1;1;1;1;1;2;1;1;1;2;1;2;3;1;2;1;1;1;2;2;1;2;1;1;1;1;1;1;1;2;1;1;1;1;2;2;1;1;1;1;1;2;1;1;1;1;1;1;2;1;2;1;1;1;1;1;1;1;2;1;2;1;1;1;1;1;1;1;1;2;1;1;2;1;1;1;2;1;2;2;1;1;1;1;1;1;2;2;1;1;1;1;1;1;1;1;2;1;1;3;1;1;1;3;1;4;1;2;1;1;2;2;1;2;1;1;1;1;4;2;1;1;5;2;1;2;1;1;2;1;3;1;1;2;1;1;1;1;1;2;1;2;1;1;3;1;1;1;1;2;1;1;2;1;1;1;1;1;1;1;1;2;1;1;1;1;2;1;3;1;4;1;1;1;2;2;1;2;1;1;1;2;1;2;1;3;2;1;1;2;1;1;1;2;1;2;2;1;1;2;1;1;2;2;1;1;1;1;2;2;1;3;1;2;2;2;1;2;1;1;3;3;3;1;3;1;1;1;2;1;2;1;1;2;2;1;3;2;3;1;3;3;1;1;2;1;4;2;1;2;2;1;1;2;1;2;3;2;2;1;2;3;4;1;1;1;1;2;2;2;2;1;2;2;1;2;4;1;1;1;1;3;5;2;1;2;2;1;1;3;1;1;1;1;4;1;2;2;1;2;3;1;1;1;1;1;2;3;1;2;3;2;1;1;1;2;1;1;2;1;2;1;3;1;4;1;1;1;3;2;2;2;1;2;4;3;2;2;2;1;2;2;1;2;1;1;2;1;2;4;1;3;3;1;2;2;1;3;1;2;1;4;2;2;3;2;2;1;1;2;1;1;1;3;2;3;2;1;1;2;1;2;2;3;2;1;3;1;1;1;1;1;1;1;2;1;2;1;2;1;1;3;1;2;1;3;1;1;3;4;2;3;4;2;3;2;2;3;3;1;1;1;1;1;1;1;3;1;3;1;1;2;1;1;1;2;1;1;4;3;4;1;2;1;1;2;3;2;2;2;1;3;1;2;1;2;2;1;1;1;2;4;2;2;2;2;1;3;3;4;1;1;1;2;3;2;1;2;3;3;1;2;1;3;2;2;1;2;2;1;2;1;2;1;2;1;3;1;1;3;2;2;2;1;3;2;3;1;3;3;3;3;3;3;2;1;1;1;4;2;1;2;2;1;1;4;2;3;3;3;1;2"
54,1,415,"1;1;1;1;2;1;1;1;1;1;1;1;3;1;1;2;1;1;2;1;1;2;5;1;3;2;1;4;2;1;1;1;4;2;2;1;4;2;3;5;1;3;2;1;2;1;3;2;1;2;2;2;2;5;2;1;3;1;1;3;2;1;3;4;2;3;5;3;1;3;4;1;1;2;1;4;2;3;5;1;3;3;4;4;1;3;4;4;2;2;4;2;4;1;1;3;3;4;2;3;2;3;1;4;2;4;2;4;3;2;3;2;4;3;3;2;3;1;4;2;1;3;2;3;2;1;2;1;3;3;3;3;1;2;3;2;1;3;6;3;5;1;2;3;1;4;2;3;3;3;3;5;2;1;3;1;3;3;4;1;1;3;5;1;4;3;2;1;2;3;2;1;1;4;1;3;1;2;5;1;4;7;1;4;2;3;1;2;2;4;4;3;2;1;2;3;5;1;3;3;3;4;2;2;2;2;3;4;2;3;3;3;2;4;3;3;4;1;1;3;3;3;3;5;1;3;4;2;3;1;3;2;3;3;2;1;4;2;4;2;4;2;4;2;4;3;3;2;3;4;3;1;1;4;3;3;3;3;2;5;2;1;3;2;2;2;2;3;1;1;2;5;2;4;2;3;4;3;2;2;1;4;4;2;2;4;2;2;1;4;2;4;1;1;3;3;3;4;3;2;4;3;2;4;2;4;3;2;4;2;1;3;2;4;1;2;1;1;4;3;2;2;1;3;4;2;1;3;2;2;2;2;3;2;3;1;4;2;2;2;3;4;2;2;3;4;2;2;1;3;3;3;2;1;4;2;4;4;1;3;3;4;2;3;3;2;3;1;3;3;3;3;4;2;3;3;2;2;2;1;1;3;1;2;1;3;3;2;1;1;3;1;2;2;2;2;3;3;2;3;2;2;2;4;1;3;2;3;3;2;2;5;2;2;1"
55,0,693,"1;1;1;1;1;1;1;1;1;1;2;1;1;1;1;1;1;1;1;2;1;1;1;1;3;3;2;4;2;2;1;1;1;1;3;3;3;3;4;1;1;1;1;2;1;1;1;1;1;1;1;1;1;1;1;1;1;1;2;1;1;1;1;1;2;1;1;1;1;1;2;1;1;1;2;1;3;1;1;1;1;1;1;1;1;1;1;1;1;1;1;1;1;1;1;1;2;1;3;1;1;1;1;3;1;1;1;1;1;1;1;2;1;1;1;2;1;1;1;1;2;1;2;1;4;1;2;1;2;1;1;1;1;1;1;1;2;1;1;1;1;1;1;1;2;1;2;1;2;1;2;1;2;1;1;2;1;1;1;1;1;1;2;1;2;2;1;2;2;1;1;2;1;2;2;1;1;1;1;1;2;2;2;3;1;2;1;1;1;1;2;1;2;2;1;2;1;1;1;1;2;1;2;1;2;1;2;1;2;2;1;2;1;2;1;1;1;1;2;1;2;1;2;1;2;1;2;1;1;1;1;1;1;1;2;1;1;2;2;1;2;1;2;1;2;1;2;1;1;1;1;1;2;1;1;2;1;2;1;2;1;1;1;2;1;2;1;2;1;2;1;2;1;2;1;3;2;1;2;2;1;2;1;2;1;2;1;2;1;2;1;2;1;2;1;1;2;2;1;1;1;1;1;2;1;1;1;1;1;1;1;1;1;1;2;1;2;1;3;1;1;1;1;2;1;2;1;2;1;2;1;2;1;2;1;2;1;2;1;2;1;2;1;2;3;1;2;1;2;1;2;1;2;1;2;1;2;3;1;2;1;2;1;1;1;3;2;1;2;1;2;1;3;2;1;2;1;2;1;2;1;2;1;2;1;2;1;2;1;2;1;3;2;1;2;1;2;1;2;1;2;1;2;2;2;1;1;2;2;1;1;1;1;2;1;3;2;1;2;1;2;1;3;2;1;2;1;2;1;2;1;2;1;2;1;2;1;2;1;2;1;2;1;3;3;2;1;2;2;1;2;2;2;1;2;1;2;2;1;2;1;4;2;2;1;3;2;1;2;1;2;1;2;1;2;1;1;1;2;1;1;1;1;2;1;2;1;2;1;2;1;2;1;2;1;2;1;2;1;2;1;2;1;2;1;2;1;2;1;2;1;2;1;2;2;1;2;1;1;1;2;1;2;1;3;2;1;2;1;2;1;2;1;1;1;1;2;1;2;3;1;2;1;2;1;2;1;2;1;2;1;2;1;2;3;1;1;1;1;2;1;1;1;1;1;1;1;1;1;1;2;2;1;2;1;2;1;2;1;2;1;2;1;2;1;2;1;2;1;3;2;1;2;1;2;1;1;2;2;1;2;1;2;1;3;3;2;1;2;1;2;1;2;1;2;1;2;3;1;2;1;2;1;2;1;3;2;1;2;1;2;1;3;2;1;2;1;4;1;2;1;2;1;2;1;2;2;2;1;2;2;1;2;1;3;3;2;1;2;1;2;1;2;1;2;1;2;1;2;1;2;1;2;1;2;1;2;1;2;1;2;1;2;1;2;1;2;1;2;1;2;1;2"
55,1,656,"1;1;2;1;1;2;1;2;1;2;1;2;1;2;1;2;1;2;1;2;1;2;1;2;1;2;1;2;1;2;1;2;1;2;1;2;1;2;1;2;1;2;1;2;1;2;1;2;1;2;1;2;1;3;2;1;2;1;2;1;2;1;2;1;2;1;2;1;2;1;2;1;2;1;2;1;2;1;2;1;2;1;2;1;2;1;2;1;2;1;2;1;2;1;2;1;2;1;2;1;2;1;2;1;2;1;2;1;2;1;2;1;3;2;1;2;1;2;1;2;2;1;1;1;2;1;2;1;2;1;2;1;2;1;2;1;2;1;2;1;2;1;2;1;2;1;2;1;2;1;2;1;2;1;2;1;2;1;2;1;2;1;2;1;2;1;2;1;2;1;2;1;2;1;2;1;3;2;1;2;1;2;2;1;2;1;3;2;1;2;1;2;1;3;2;1;2;1;2;1;2;1;2;1;2;1;2;1;2;1;2;1;2;1;2;2;1;2;1;2;1;2;1;2;1;2;1;2;1;2;1;2;1;2;1;2;1;2;1;3;3;2;1;2;1;2;1;2;1;2;1;2;1;3;2;1;2;2;1;2;2;1;2;1;2;1;2;1;2;1;2;1;2;1;2;1;2;1;2;1;2;1;2;1;2;1;2;1;2;1;2;1;2;1;2;1;2;1;3;3;2;1;2;1;2;1;2;1;2;1;2;1;2;1;2;1;2;1;2;1;2;1;3;2;1;2;1;3;2;1;2;1;3;2;1;2;1;2;1;2;1;2;1;2;1;2;1;2;1;2;1;2;1;2;1;2;1;2;1;2;1;2;1;2;1;2;1;2;1;2;1;2;1;2;1;3;2;1;2;1;2;1;2;1;2;1;2;1;2;1;3;2;1;2;1;3;2;1;2;1;2;1;2;1;3;2;1;2;1;2;1;2;1;2;1;2;1;2;1;2;1;2;1;2;1;2;2;1;2;1;2;1;2;1;3;2;1;2;1;2;1;2;1;2;1;2;1;2;2;1;2;1;2;1;2;1;2;1;2;1;2;1;2;1;3;2;1;2;1;2;1;2;1;2;1;2;1;2;1;2;2;1;2;1;2;1;3;2;1;2;1;2;1;1;2;3;3;3;2;2;1;2;1;2;1;2;1;2;1;2;1;2;1;2;1;2;1;2;3;2;1;2;1;2;1;2;1;2;1;2;1;2;1;2;1;3;2;1;2;1;2;1;2;1;2;1;2;1;1;1;1;1;2;1;2;1;2;1;2;1;2;1;2;1;2;2;1;2;1;2;1;2;1;2;1;2;1;2;1;2;1;2;1;2;2;1;2;1;2;2;1;2;1;2;1;2;1;2;2;1;2;1;2;1;2;1;2;1;2;1;2;1;2;1;2;1;2;1;2;1;2;1;2;1;2;1;2;1;2;1;2;1;2;1;2;1;2;1;2;1;2;1;2;1;2;1;2;1;2;1;2;1;2;1;2;1"
56,0,612,"1;1;1;1;1;1;1;1;1;1;1;1;1;1;1;1;1;1;1;2;1;1;1;1;4;1;1;1;1;1;2;1;1;1;1;1;1;1;1;3;1;1;1;1;1;1;1;1;2;2;1;1;1;1;1;1;1;1;1;1;2;2;1;1;2;1;1;1;1;1;2;1;1;1;1;1;1;1;3;1;2;1;1;2;1;1;1;2;1;1;2;2;2;2;1;3;1;1;3;3;1;1;1;3;2;1;2;1;1;1;2;1;3;1;1;1;3;1;4;1;1;1;2;1;1;1;1;1;1;1;1;1;3;1;1;1;1;1;1;1;2;2;1;2;2;3;2;1;1;2;2;1;2;2;1;2;1;3;3;2;2;1;2;2;1;2;2;2;2;2;1;3;1;1;1;1;1;1;4;1;3;1;1;1;3;5;3;1;1;1;1;2;1;1;1;2;2;1;2;1;1;2;2;1;2;2;1;1;1;2;1;1;2;1;2;3;1;1;2;2;2;3;2;1;1;2;3;2;1;2;2;1;1;1;1;1;2;2;2;1;3;1;1;2;2;2;3;2;1;1;1;2;2;2;2;1;2;1;1;1;1;3;2;3;2;1;1;1;1;1;2;3;1;2;2;1;1;1;1;1;1;2;2;1;3;2;1;3;2;1;2;3;1;1;1;3;5;1;1;1;1;1;2;2;2;2;1;2;1;1;1;2;2;1;1;2;1;2;1;3;3;3;1;2;1;1;2;1;1;2;1;2;2;2;1;1;1;2;1;1;3;2;3;1;1;2;2;5;3;1;1;2;2;2;1;2;3;1;1;2;2;2;3;3;1;1;2;2;2;3;2;1;1;1;1;3;3;2;3;1;1;2;1;2;1;3;2;1;2;2;1;1;2;1;2;2;1;1;1;2;2;2;3;3;1;1;2;2;2;3;2;1;1;1;1;3;3;2;2;1;1;2;3;2;3;3;2;1;3;3;2;2;1;1;1;1;3;2;3;3;2;2;2;2;1;2;3;1;1;2;2;5;3;1;1;2;2;2;3;2;1;1;1;2;2;3;2;3;1;1;1;1;1;1;2;3;2;1;1;1;2;2;2;1;2;2;1;1;1;2;2;2;3;2;1;2;2;2;5;3;1;1;2;1;1;2;3;2;1;1;1;2;2;2;3;4;1;2;2;2;3;3;1;1;2;2;2;3;2;1;1;2;1;1;2;2;3;2;2;1;1;1;1;3;2;3;2;1;1;1;2;2;3;2;3;1;1;1;1;2;2;3;2;1;2;2;2;2;3;3;1;1;2;2;3;1;1;3;1;1;1;3;3;2;2;1;3;1;2;3;2;3;1;1;1;1;2;2;1;2;3;2;4;2;3;2;1;2;1;3;2;3"
56,1,527,"1;1;1;2;1;1;2;3;2;2;1;1;1;2;2;2;2;1;3;1;1;1;1;2;2;3;3;1;1;1;3;2;3;2;2;1;1;3;2;3;3;2;1;3;2;1;2;2;1;1;1;2;2;3;2;2;1;2;1;3;2;2;1;3;1;1;2;2;3;2;2;1;1;1;1;3;3;2;3;1;1;2;2;3;2;2;1;2;2;2;2;3;2;1;1;1;2;2;2;1;2;3;1;1;2;2;2;2;1;1;2;1;1;3;1;1;2;2;2;1;2;2;2;2;3;3;1;1;2;2;3;2;2;1;1;2;3;2;3;2;1;3;3;2;3;3;2;2;2;2;3;1;1;1;2;2;2;2;1;2;3;2;1;1;2;2;3;1;1;1;1;1;4;1;4;2;1;1;3;2;2;3;3;2;2;2;2;3;2;1;1;2;3;2;3;1;2;1;1;2;2;3;2;2;1;2;1;1;2;2;1;2;2;1;2;2;2;3;2;1;2;2;2;2;3;2;2;1;2;1;3;2;3;3;1;1;1;3;1;4;1;4;2;2;2;3;2;1;1;3;2;3;2;3;1;1;2;2;5;3;1;1;2;2;2;3;2;1;2;1;1;1;1;2;3;2;1;2;3;3;3;3;2;2;2;2;3;2;1;1;1;2;2;5;5;4;3;2;2;1;1;1;1;3;2;3;3;1;1;2;2;2;3;2;2;1;2;2;3;2;1;2;1;1;1;3;5;2;1;1;1;1;3;5;1;2;1;3;2;2;3;1;1;1;1;1;2;2;1;4;2;2;1;2;2;3;2;3;1;1;1;1;2;2;1;2;2;1;2;2;2;1;2;2;4;1;2;2;5;2;1;1;1;2;2;3;2;3;2;2;2;2;3;3;2;2;2;3;2;3;1;1;2;2;1;1;3;4;3;2;1;3;1;2;2;1;2;2;2;3;3;1;1;1;1;2;3;2;3;1;1;2;2;3;2;3;2;2;2;3;2;3;1;1;2;2;2;1;2;3;2;2;2;3;2;1;1;1;2;2;2;3;2;3;2;2;2;3;2;2;1;2;1;3;5;2;1;1;3;2;1;2;1;1;1;2;1;1;2;2;2;1;2;3;1;1;1;1;2;3;2;3;1;1;1;3;2;3;4;1;2;2;2;3;3;1;1;3;1;5;3;1;1;4;3;2;2"
57,0,656,"1;1;1;1;1;1;1;1;1;1;1;2;1;1;1;1;1;1;1;1;1;1;1;1;1;1;1;1;1;1;1;1;1;1;1;1;1;1;2;2;1;1;1;1;1;1;1;1;1;1;1;1;1;1;2;1;1;1;1;2;1;1;2;1;1;1;1;1;2;1;1;1;1;1;1;2;1;1;1;1;1;1;2;1;1;1;4;3;1;3;1;2;1;1;1;1;1;1;1;1;1;1;1;1;1;1;1;1;2;1;2;1;1;1;1;1;1;1;1;1;1;2;1;3;1;2;3;1;2;1;1;1;2;1;2;1;1;1;1;1;2;2;1;1;2;1;1;1;2;2;1;1;1;1;1;1;3;1;2;1;1;1;1;1;1;1;1;2;1;2;2;1;2;1;1;2;1;1;2;2;1;1;3;1;1;2;1;2;1;2;1;2;1;2;1;2;1;1;1;2;1;1;1;1;1;1;1;1;2;1;1;1;2;2;1;1;1;1;1;2;1;1;2;2;2;1;2;2;1;2;2;1;3;1;1;2;1;1;1;2;2;1;3;1;1;3;2;3;1;2;1;1;1;2;1;1;1;1;2;1;2;2;1;1;1;1;2;2;3;1;1;2;1;1;2;1;1;1;1;1;1;1;2;1;2;1;1;2;1;1;1;1;1;1;2;2;2;1;3;1;1;1;1;2;1;2;1;1;1;1;1;1;1;1;2;1;2;2;2;2;4;2;1;5;2;1;1;3;1;1;2;1;3;1;4;2;3;2;1;3;1;2;1;1;2;1;1;2;2;1;2;2;2;1;1;1;2;1;1;1;1;1;2;2;4;2;1;3;2;2;1;2;2;2;1;1;1;2;2;1;2;4;2;2;2;2;1;4;4;1;2;1;5;2;2;1;2;2;2;1;1;2;1;2;1;1;1;3;2;1;2;4;1;2;2;1;1;2;5;2;1;1;1;1;1;1;1;1;2;1;2;1;2;4;1;2;2;2;4;1;1;1;1;3;2;1;1;3;1;1;2;1;3;2;2;1;1;1;1;1;1;3;2;1;3;1;2;1;1;2;1;1;1;3;1;1;4;1;1;1;1;1;2;1;1;2;1;2;4;1;1;4;1;3;1;1;1;1;2;3;1;1;2;4;3;2;3;2;1;1;1;1;1;1;1;1;3;2;1;2;4;1;1;1;3;2;1;1;1;1;1;1;1;5;1;3;3;3;1;1;1;2;2;1;2;2;1;1;2;3;1;1;4;2;1;2;4;1;4;1;2;1;1;4;4;1;2;2;2;1;2;3;3;1;2;2;2;1;2;3;2;1;4;3;2;2;4;2;1;1;1;1;2;1;1;3;2;1;1;3;1;1;2;1;2;1;2;2;1;1;5;1;2;1;1;1;2;1;2;2;2;6;1;2;2;1;2;2;5;2;1;2;1;1;1;3;3;2;2;1;1;2;2;4;3;2;1;1;1;1;1;2;2;1;1;2"
57,1,566,"1;1;1;1;2;2;2;1;1;1;1;2;2;1;2;1;4;3;1;2;1;2;1;1;1;1;3;2;2;2;1;1;2;2;1;1;1;3;3;1;2;1;2;1;1;2;3;1;3;2;1;1;1;1;4;1;3;2;4;3;1;2;2;1;2;1;2;3;1;1;1;1;1;1;2;3;3;1;1;3;1;1;1;3;2;2;2;2;1;2;1;1;3;2;4;1;2;1;3;1;2;1;1;1;3;2;2;1;1;3;1;1;2;1;1;1;3;2;4;1;1;4;1;2;3;2;1;1;2;3;1;2;3;2;2;1;3;1;1;1;2;3;4;1;2;1;3;1;2;1;2;3;3;2;2;2;1;1;2;1;1;1;2;3;1;2;2;1;2;3;2;2;1;1;2;1;2;2;3;1;1;2;2;1;2;1;4;1;1;1;3;3;3;2;1;3;1;2;1;1;3;2;3;2;1;4;2;3;3;2;3;3;1;1;3;1;1;2;1;1;2;4;1;1;1;2;1;2;2;2;3;2;1;3;2;1;1;3;1;1;1;1;2;1;1;1;1;2;2;1;2;3;1;1;1;1;2;2;3;2;3;1;1;2;2;1;3;2;1;3;3;1;1;2;1;1;3;1;2;2;4;2;3;2;1;4;2;2;1;3;3;2;2;2;3;1;1;2;1;1;3;4;2;5;2;5;1;1;2;2;2;1;2;2;3;2;2;2;2;1;2;2;2;2;1;1;1;2;2;1;2;4;1;1;1;1;2;1;1;1;2;4;2;1;3;3;1;2;4;2;1;1;3;2;4;3;3;1;1;1;1;1;3;2;2;3;1;2;1;1;1;1;1;2;2;5;2;1;1;1;1;2;2;2;3;2;3;1;1;2;3;2;3;1;2;1;1;3;1;4;1;2;1;3;1;1;2;1;2;2;1;2;2;3;1;1;1;2;2;2;1;3;4;1;1;2;2;4;2;1;1;2;1;1;1;1;1;1;4;4;1;1;1;2;2;1;1;2;2;1;1;1;1;1;1;2;2;3;1;2;1;3;2;3;2;4;2;1;1;2;5;3;2;1;1;1;3;1;2;3;2;1;1;1;1;2;2;1;2;4;1;1;4;1;1;1;1;1;2;1;1;2;3;1;3;3;2;1;1;3;1;4;2;1;1;1;1;3;1;2;2;2;2;1;1;2;2;1;2;2;1;2;2;1;2;2;1;3;2;1;2;2;1;1;1;2;2;3;2;2;1;1;3;1;3;2;2;1;1;1;1;2;2;2;2;3"
58,0,256,"1;1;1;1;1;1;1;2;1;4;1;1;1;1;1;1;1;1;1;1;1;1;1;2;1;1;1;1;1;1;1;2;1;1;1;1;1;1;1;1;1;1;3;1;1;1;1;1;1;1;1;1;1;1;1;1;2;1;1;3;5;3;1;1;2;6;4;5;4;1;10;1;3;3;9;1;1;4;1;1;3;4;5;9;4;9;6;10;10;3;2;6;2;5;4;8;5;5;3;2;3;10;10;9;3;2;4;8;10;5;8;3;1;3;10;2;2;3;1;4;4;2;1;8;3;3;3;9;2;1;6;7;5;1;2;5;6;5;9;3;2;7;2;10;5;10;10;5;1;4;7;3;10;9;10;3;5;9;6;10;10;10;3;10;9;10;2;10;2;7;5;4;4;10;10;10;2;2;1;1;1;4;3;4;5;1;3;5;1;4;10;10;3;7;4;2;2;4;5;5;5;5;2;5;4;3;6;4;2;10;7;1;1;10;9;10;10;5;6;10;4;2;1;5;2;4;4;2;10;3;10;4;4;6;2;3;4;2;1;1;8;10;7;5;4;1;1;3;7;2;8;1;1;2;9;6"
58,1,222,"1;1;1;1;1;1;1;2;2;3;1;3;1;10;3;10;4;8;10;2;10;10;10;5;6;2;5;10;5;3;5;6;6;4;2;5;5;1;4;2;5;1;5;2;2;4;10;2;3;5;5;10;1;3;10;10;2;1;1;10;4;4;4;5;4;3;10;8;1;7;2;10;3;3;6;5;7;1;10;7;2;6;4;7;5;3;6;4;5;5;9;10;4;10;4;7;4;3;4;3;4;6;3;1;4;4;4;4;10;2;5;7;1;2;1;1;10;1;2;3;2;1;2;4;2;3;2;3;5;3;1;1;2;6;4;10;3;3;3;9;1;5;5;6;2;4;6;5;5;9;1;4;10;10;1;9;7;5;3;1;4;4;7;6;5;8;3;3;3;10;4;6;5;2;2;4;5;10;4;10;10;4;5;6;1;3;10;1;8;10;5;3;3;10;3;9;2;3;4;3;7;7;4;3;8;7;5;5;9;2;3;2;4;10;3;5;3;1;1;5;4;10"
59,0,865,"1;1;1;1;1;1;1;1;1;1;1;1;1;1;1;1;1;1;1;1;1;1;1;1;1;1;2;2;2;1;1;2;1;1;3;1;1;1;2;2;2;3;3;2;2;2;2;1;2;1;2;2;1;1;2;1;1;1;1;2;1;1;1;1;2;2;2;1;2;2;3;2;1;1;1;1;1;1;1;1;3;2;1;1;2;1;2;1;1;3;1;2;1;1;1;1;1;1;1;1;1;1;1;1;1;2;2;3;1;1;1;1;1;1;1;1;1;1;1;1;1;1;1;1;1;1;1;1;1;1;1;1;1;1;1;1;1;1;1;1;1;1;1;1;1;1;1;1;1;1;1;1;1;1;1;1;1;1;1;1;1;1;1;1;1;1;1;1;1;1;1;1;1;1;1;1;1;1;1;1;1;1;1;1;1;2;1;1;1;1;1;2;1;1;1;1;1;1;1;1;1;1;1;1;1;1;2;1;1;1;1;1;1;1;1;1;1;1;1;1;1;1;1;1;1;1;1;1;1;1;1;1;1;1;1;1;1;1;1;1;1;2;1;1;1;1;1;1;1;1;1;1;1;1;1;1;1;2;1;2;1;1;2;1;1;1;1;1;1;1;1;1;1;1;1;1;1;1;1;1;1;1;1;1;1;1;1;1;1;1;1;1;2;1;1;1;1;1;1;1;1;1;1;1;1;1;1;1;1;1;1;1;1;1;1;1;1;2;2;1;1;1;1;1;1;2;1;1;1;1;2;1;1;1;1;1;1;1;1;1;1;1;1;1;1;1;1;2;1;1;1;1;2;1;1;1;1;2;1;1;1;1;1;2;1;1;1;1;1;1;1;1;1;1;1;1;1;1;1;1;1;2;1;1;1;1;2;2;1;1;1;1;1;1;2;1;1;1;1;1;1;1;1;2;2;2;1;1;2;1;1;1;1;1;1;2;1;1;1;1;1;1;2;1;1;1;1;1;1;1;1;1;1;1;1;2;2;1;1;2;1;1;2;1;1;1;1;1;1;1;1;1;1;1;1;1;1;1;1;2;1;1;2;2;2;1;1;2;1;1;1;1;1;1;1;1;1;1;2;1;1;1;1;1;1;1;1;1;2;1;1;1;2;1;1;1;1;1;1;2;1;1;2;1;1;2;1;1;1;1;1;1;1;1;1;1;1;1;2;1;1;1;1;1;1;1;1;1;1;2;1;1;1;1;2;1;1;2;1;1;2;1;1;1;1;1;1;2;1;1;2;1;1;2;1;1;1;1;1;1;2;1;1;1;1;1;1;1;1;1;1;1;2;1;1;1;1;2;1;2;1;1;1;1;1;2;1;1;1;2;1;1;1;1;2;1;1;1;1;1;1;2;1;1;1;1;1;1;1;1;1;1;1;1;1;1;1;1;2;1;1;1;3;2;1;1;1;1;2;1;1;2;1;1;1;1;1;2;1;1;1;1;1;1;1;1;1;1;1;1;1;1;1;1;1;2;1;1;2;1;1;2;2;1;1;1;1;2;1;1;1;1;1;1;1;1;1;1;1;1;1;1;1;1;1;1;2;2;1;1;1;1;1;1;1;1;1;1;1;1;1;2;2;1;2;2;1;1;1;1;1;2;1;1;1;2;2;1;1;3;1;1;2;1;2;2;1;1;1;1;1;2;1;1;1;1;1;1;2;1;1;1;1;1;2;1;1;1;2;1;2;3;1;1;2;1;2;1;1;1;2;1;1;1;1;1;1;2;1;1;1;1;2;1;1;1;1;2;2;1;1;1;1;1;1;2;1;1;1;1;1;1;1;2;1;1;1;1;1;1;3;1;1;1;3;1;2;1;1;1;1;1;1;2;3;1;2;1;1;1;1;2;1;1;1;1;1;1;1;1;1;1;1;1;1;1;1;1;1;1;1;1;1;1;2;2;1;1;1;3;2;1;1;1;1;2;1;2;1;1;1;1;2;1;1"
59,1,689,"1;1;1;1;1;1;1;1;1;1;1;1;1;1;1;1;1;2;1;1;1;1;1;1;2;1;2;1;1;1;1;1;1;2;1;1;2;1;1;1;1;1;3;1;1;2;1;2;1;1;2;1;1;1;1;1;2;1;1;1;2;1;2;1;2;2;2;2;1;1;1;1;4;1;1;1;1;1;1;1;1;1;1;1;1;1;1;1;3;1;1;2;2;1;3;2;1;1;2;1;1;1;1;1;1;1;1;1;1;2;2;1;1;1;1;2;1;1;1;1;1;2;1;1;1;1;1;1;1;1;2;1;2;1;1;1;1;2;1;2;2;1;2;2;1;2;1;2;1;1;2;1;2;1;1;1;2;1;2;1;2;1;1;2;2;1;3;2;2;2;2;2;2;2;2;2;2;1;1;1;1;1;3;2;2;2;1;1;1;1;2;1;1;1;1;2;1;1;1;3;1;2;3;1;1;1;1;2;2;1;1;1;3;1;1;2;2;1;1;2;2;2;1;1;1;1;2;2;1;1;2;2;1;1;2;3;1;1;2;1;2;1;1;1;2;1;1;1;1;1;1;1;1;1;2;1;2;1;1;2;2;1;1;1;2;3;1;1;5;2;2;1;1;1;1;2;1;1;1;3;2;1;3;1;2;1;1;1;2;2;2;2;2;1;1;1;3;1;1;2;1;3;1;1;2;1;3;1;2;1;3;1;2;1;1;2;2;1;1;1;1;2;1;1;2;2;1;1;2;1;2;1;1;3;2;1;3;1;1;2;1;1;1;3;3;1;2;2;2;2;2;1;1;2;2;1;2;1;3;1;1;1;2;2;1;1;1;2;1;1;1;1;1;3;1;2;1;1;1;1;1;1;1;3;1;1;1;1;1;2;1;1;1;2;2;1;1;2;2;1;2;1;2;1;1;1;1;2;2;2;1;1;1;1;1;1;2;2;2;2;2;2;1;3;1;3;2;2;3;1;1;1;1;1;1;3;2;2;1;1;1;1;2;1;1;1;2;1;1;2;1;2;1;1;1;2;1;2;2;1;1;1;1;1;1;1;1;2;2;1;1;5;2;3;1;1;2;2;1;2;2;3;3;1;2;1;1;2;2;2;2;1;2;2;1;2;2;1;2;2;1;2;1;1;1;1;2;2;2;2;2;2;2;1;1;2;2;1;1;1;2;2;4;1;4;2;1;1;1;1;2;2;1;1;1;2;1;1;1;1;3;1;1;2;2;1;2;1;3;1;2;1;1;2;2;2;1;1;1;2;1;2;5;1;2;2;2;2;3;2;1;1;1;4;1;2;1;4;3;1;2;1;1;1;3;2;1;1;2;1;1;1;2;1;2;1;4;1;1;3;1;2;1;2;2;1;3;1;3;1;1;1;1;4;1;1;2;2;2;2;2;2;2;1;3;1;4;2;1;2;2;2;1;1;1;1;1;1;1;1;3;1;2;2;1;1;1;1;2;1;1;1;1;2;1;1;1;1;1;1;1;3;1;2;1;1;1;1;2;1;1;2;1;1;1;1;1;1;3;1;2;1;1;2;1;1;1;2;2"
60,0,27,"1;1;1;1;1;1;2;2;1;1;1;3;1;2;1;1;1;2;1;1;1;1;1;2;1;1;1"
60,1,59,"2;1;1;1;1;1;1;1;1;1;2;1;1;2;1;1;2;2;1;2;1;2;1;1;1;1;2;1;2;1;1;1;1;1;1;1;1;1;1;1;2;1;1;1;1;1;2;1;1;1;2;1;1;1;1;1;1;1;1"
61,0,45,"1;1;1;1;1;1;1;1;1;1;1;1;1;1;1;1;1;1;1;1;1;1;1;1;1;1;1;1;1;1;2;1;1;2;1;1;1;1;1;1;2;1;1;1;1"
61,1,36,"1;1;1;1;1;1;1;1;1;1;3;1;1;1;1;2;1;1;2;1;1;1;1;1;2;1;1;1;1;1;1;2;1;1;1;1"
62,0,733,"1;1;1;1;1;1;1;1;1;2;1;2;1;1;1;1;1;1;2;2;1;1;1;1;1;1;2;1;1;1;1;1;2;1;1;1;1;1;1;1;1;1;1;1;1;1;1;1;1;1;1;1;1;1;1;1;2;1;1;1;1;2;1;1;1;1;1;1;1;1;1;1;1;1;1;3;2;1;2;1;3;1;1;1;1;1;3;1;2;1;1;3;2;1;1;1;2;1;1;1;1;1;1;1;3;1;1;1;1;2;1;1;1;1;1;1;1;1;2;1;1;1;1;2;1;1;1;1;1;1;1;1;2;1;1;1;1;1;2;2;1;1;1;1;1;1;3;1;1;1;1;1;1;1;1;1;1;1;1;1;1;1;1;1;1;1;1;1;1;1;1;1;1;1;1;1;1;2;1;1;1;1;2;1;1;1;1;2;1;1;1;1;1;1;2;1;1;1;1;1;1;1;1;1;1;1;1;1;1;1;2;2;2;1;2;1;1;1;1;3;1;2;1;1;2;1;1;1;1;1;1;1;1;1;1;1;1;1;2;2;1;2;1;1;1;1;1;3;1;1;3;3;2;1;1;1;3;1;1;1;2;1;1;1;1;1;1;1;1;1;1;1;1;1;1;1;1;1;1;2;2;2;1;1;1;1;1;1;2;3;2;1;2;1;2;1;1;1;1;2;1;1;1;2;1;1;1;1;1;1;1;1;1;1;1;1;1;2;1;1;1;1;1;1;1;1;1;1;2;1;1;2;1;2;1;2;1;2;1;3;4;1;3;2;2;1;1;1;1;2;1;1;2;2;2;2;2;2;2;1;1;3;2;2;4;2;2;2;1;2;2;2;2;1;3;3;2;4;2;2;1;3;2;1;2;2;1;3;1;3;2;1;1;1;1;3;2;1;2;1;2;1;2;2;1;1;3;1;1;2;2;2;1;2;2;2;1;2;1;2;1;1;2;1;2;1;1;2;2;1;1;2;2;1;1;2;1;2;1;2;1;1;2;1;2;1;2;1;3;2;1;2;1;2;3;1;1;1;1;1;1;1;1;1;1;2;1;2;1;2;1;1;2;2;1;1;2;2;2;2;1;2;1;2;3;1;2;1;2;1;1;2;2;1;2;1;2;1;2;1;1;2;1;2;1;1;1;1;2;2;1;2;1;2;2;1;2;1;2;1;2;1;2;1;2;1;2;1;1;2;1;1;1;2;1;2;1;2;1;2;1;1;2;1;2;2;1;1;2;1;1;1;2;1;2;1;1;1;1;2;1;1;1;1;2;1;2;1;2;1;2;1;2;1;3;2;1;1;1;1;2;1;1;2;2;1;2;1;2;1;1;1;1;2;1;2;1;2;1;2;1;2;1;2;1;2;1;2;1;2;1;1;1;1;1;2;2;1;1;2;2;1;2;1;2;1;2;1;2;1;3;2;1;3;2;1;2;1;1;2;2;1;2;1;1;1;1;2;1;2;2;2;2;3;1;1;2;2;1;2;1;2;1;2;1;1;2;2;1;1;2;1;1;1;1;2;1;2;2;2;1;1;1;1;2;1;1;2;2;1;2;1;2;1;2;1;2;1;1;2;2;1;1;2;2;1;2;1;2;1;2;1;2;1;2;1;2;1;1;2;1;1;1;3;1;2;1;1;2;1;3;2;3"
62,1,319,"2;1;1;2;1;2;2;1;2;1;2;1;2;1;1;3;1;1;2;2;1;2;1;2;3;3;3;1;2;1;2;2;1;1;2;2;1;2;1;2;1;1;1;1;2;2;1;1;2;2;3;1;2;2;2;3;1;2;1;1;2;3;2;3;1;2;2;2;1;2;2;1;1;2;1;2;2;1;2;1;2;1;2;1;1;2;1;3;1;1;1;1;1;1;2;2;1;2;2;2;1;2;1;1;1;1;1;1;1;2;2;1;1;1;1;1;1;1;2;1;3;1;1;2;2;2;2;2;1;2;1;1;3;1;1;2;3;1;1;1;2;1;1;2;2;1;1;1;2;1;1;2;1;2;1;1;2;3;1;1;2;1;1;2;2;1;1;1;1;1;2;2;1;1;1;3;1;1;2;1;2;1;1;1;2;1;2;1;1;1;1;1;2;2;1;2;2;2;1;1;1;2;1;1;2;1;4;1;1;2;1;1;1;1;1;1;2;2;1;2;3;2;1;3;2;4;3;1;2;1;5;2;2;1;2;10;1;1;2;5;5;5;4;10;6;10;2;6;10;10;10;2;7;9;4;4;1;3;10;3;1;2;7;10;2;8;10;5;9;8;10;10;10;10;10;10;10;10;10;10;10;10;7;10;10;9;4;10;10;10;10;10;10;10;10;5;8;10;10;9;9;10;10;10;10;10;10;10;9;10;8;10;10;8;9;10;10;7;10"
63,0,86,"1;3;1;1;1;1;1;1;1;1;1;2;1;1;1;1;1;1;1;1;1;1;1;2;1;2;2;1;1;1;1;1;1;3;1;1;2;2;1;2;1;1;2;1;2;2;1;1;2;1;2;2;1;1;2;1;1;2;1;1;1;1;1;1;1;1;1;1;1;1;1;1;1;1;2;2;4;1;1;2;1;1;1;1;1;2"
63,1,46,"1;1;1;1;1;1;1;1;1;1;2;1;1;1;1;2;1;1;1;1;1;1;1;1;1;2;1;1;1;1;1;1;2;2;2;1;1;1;1;1;2;2;1;2;1;1"
64,0,800,"1;1;1;1;1;1;1;1;1;1;1;1;1;1;1;1;1;1;1;1;1;1;1;1;1;1;1;2;1;1;1;1;1;1;2;1;1;1;1;1;1;1;1;1;1;1;1;1;1;1;1;1;1;1;1;1;1;1;1;1;1;1;1;1;1;1;1;1;1;1;1;1;1;1;1;1;1;1;1;1;1;1;1;1;1;1;1;1;1;1;1;1;1;1;1;1;1;1;1;1;1;1;1;1;1;1;1;1;1;1;1;1;1;1;1;1;1;1;1;1;1;1;1;1;1;2;1;1;1;1;1;1;1;1;1;1;2;1;1;1;1;1;1;1;1;1;2;1;1;1;1;1;1;2;1;1;1;1;1;1;1;1;1;2;1;1;1;1;1;1;1;1;1;1;1;1;1;1;1;1;1;1;1;1;1;1;1;1;1;1;1;2;1;1;1;1;1;1;1;1;1;1;1;1;1;1;1;1;1;1;1;2;1;1;1;1;1;1;1;1;1;1;1;1;1;1;2;1;1;1;1;1;1;1;1;1;1;1;1;1;1;1;1;1;1;1;1;1;1;1;1;1;1;1;1;1;1;1;1;1;1;1;1;2;1;1;1;1;1;1;1;1;1;1;2;1;1;1;1;1;2;1;1;1;1;1;1;1;1;1;1;1;1;1;1;1;1;1;1;2;1;1;2;1;1;1;1;3;1;1;1;1;1;1;1;1;1;1;1;1;1;1;1;1;1;1;1;1;1;2;1;1;1;1;1;2;2;1;1;1;1;1;1;1;1;1;1;1;1;1;1;1;1;1;1;1;4;1;1;1;1;1;1;1;1;1;1;1;1;1;1;1;2;1;1;1;1;1;1;1;1;2;2;1;1;1;1;1;1;1;2;2;1;1;1;1;2;1;1;1;1;1;2;1;2;1;1;1;1;1;1;1;1;1;1;1;1;1;1;1;1;1;1;1;1;2;1;1;1;1;1;1;3;1;1;1;1;1;1;2;1;1;1;1;2;1;1;1;1;1;1;1;1;2;1;2;1;1;1;1;2;1;1;1;1;1;1;1;1;1;2;1;1;2;1;1;1;3;2;1;1;1;1;1;1;1;2;1;1;1;1;2;1;1;2;2;1;1;1;1;1;2;1;2;2;2;2;1;2;1;2;3;3;1;1;2;2;1;1;1;1;2;2;2;1;1;1;1;1;1;2;1;1;2;1;1;2;1;3;2;1;1;1;1;1;1;1;1;1;1;1;2;1;1;1;4;1;2;3;1;1;3;1;3;1;1;2;1;3;2;2;2;1;1;1;1;1;1;2;1;1;1;3;2;2;1;1;2;2;1;3;1;1;1;1;3;2;1;1;1;1;2;2;1;1;2;1;2;1;1;2;1;1;1;2;1;1;1;2;1;1;1;1;2;2;4;1;1;2;3;1;1;1;1;1;1;2;1;2;2;3;2;3;2;1;2;2;1;2;1;1;2;1;1;3;2;3;3;1;2;1;2;1;1;2;2;1;1;1;1;3;2;1;2;1;3;2;2;2;3;1;2;1;2;1;2;2;1;2;1;3;2;1;2;2;2;2;2;1;1;3;3;2;2;1;1;3;1;2;1;1;1;2;1;1;2;2;2;4;1;1;1;3;2;2;2;2;2;2;2;1;4;1;2;1;1;1;2;3;2;1;2;1;1;2;1;1;2;2;1;2;1;1;2;1;1;1;1;1;1;3;2;1;1;1;1;1;1;1;1;1;1;1;1;1;1;1;1;1;2;1;3;2;1;2;2;2;4;1;1;2;3;1;2;2;3;2;1;1;4"
64,1,524,"1;1;1;1;1;1;3;1;1;1;1;1;1;2;1;1;1;1;1;1;1;1;1;1;1;1;1;1;1;1;1;3;1;2;1;4;1;2;1;3;2;2;3;1;1;1;2;1;4;1;2;2;2;2;2;2;3;1;1;1;1;1;4;1;2;1;2;2;1;1;1;2;2;3;1;5;1;1;1;2;4;1;1;2;3;4;2;2;2;3;3;2;1;2;3;1;2;3;2;1;2;2;2;1;1;2;2;3;1;2;1;1;2;1;1;1;1;1;1;2;1;1;2;2;2;3;1;2;2;1;1;1;1;1;2;1;2;2;2;3;1;2;1;5;1;2;2;2;2;1;2;3;1;1;5;2;2;2;1;2;1;2;1;1;3;3;1;4;1;2;5;1;2;2;3;1;1;1;1;1;1;1;2;2;1;2;1;1;4;1;2;4;1;2;3;3;2;3;3;1;2;2;3;1;1;1;2;3;1;2;4;2;3;4;1;2;2;3;1;2;2;2;1;1;2;2;3;1;2;4;3;1;2;3;1;1;1;3;3;2;2;3;2;2;1;3;1;2;2;3;1;4;3;1;2;2;1;2;1;2;2;3;1;2;1;4;1;2;2;3;1;2;2;1;2;1;2;2;1;2;3;2;3;1;2;2;1;2;1;2;4;1;1;1;1;2;3;1;2;2;3;1;2;2;3;1;2;1;3;3;1;2;2;3;2;1;2;5;1;2;3;3;4;1;2;1;4;1;2;2;3;1;4;2;1;1;2;4;2;1;2;4;1;2;2;3;1;2;5;2;1;5;1;2;2;2;1;1;1;2;2;2;3;3;3;1;1;2;3;2;2;4;1;2;2;2;1;2;1;1;3;1;3;2;3;3;2;3;3;5;3;3;2;2;2;4;1;2;5;2;1;2;4;2;2;3;3;2;3;3;5;2;1;2;3;2;1;1;1;2;1;3;1;1;1;2;2;3;2;1;2;1;1;2;2;2;1;2;1;2;2;2;4;1;1;1;1;1;4;2;1;2;2;1;2;3;3;1;2;1;3;3;1;2;3;3;3;2;3;2;1;2;1;3;2;2;1;2;3;3;4;3;1;2;2;2;2;2;3;1;2;2;3;1;1;6;2;3;2;2;2;3;1;2;2;3;1;2;1;2;3;1;2;2;3;1;2;2;3;1;2;5;3;4"
65,0,14,"1;1;1;2;1;1;1;1;2;1;1;1;1;1"
65,1,81,"1;1;1;2;1;1;1;1;1;1;1;1;1;2;1;1;1;1;1;1;1;2;1;1;1;1;1;1;1;2;1;1;1;1;1;1;1;2;1;1;1;1;2;1;1;1;1;1;1;1;1;1;2;1;1;1;1;1;2;1;1;1;1;1;1;1;1;1;1;1;1;1;1;1;1;1;1;1;1;1;1"
66,0,124,"1;1;1;2;1;1;1;1;1;1;1;2;2;1;1;1;1;4;1;1;1;1;1;1;1;1;1;1;1;1;2;1;1;1;2;2;2;1;1;2;1;1;3;2;1;2;1;1;1;1;1;1;1;1;1;1;1;1;1;1;1;2;1;1;1;1;1;1;1;1;1;2;1;1;1;1;2;1;1;1;1;2;1;1;1;1;1;1;2;1;1;1;2;1;1;1;1;1;1;1;1;2;1;1;1;2;1;3;2;1;1;2;1;1;2;2;2;1;3;1;2;1;1;1"
66,1,81,"2;1;1;1;1;1;1;2;1;1;2;2;1;1;2;1;1;2;1;1;1;3;2;1;2;1;2;2;1;1;1;1;1;1;1;1;2;1;2;1;1;3;1;2;2;2;2;2;2;1;1;1;1;3;1;1;1;1;1;2;1;3;2;1;1;1;2;1;2;1;1;2;2;1;2;2;1;2;1;1;3"
67,0,690,"1;1;2;1;1;1;1;1;1;1;2;1;1;1;1;1;1;1;1;1;1;2;1;1;1;1;1;1;1;1;1;2;1;1;1;1;1;1;1;1;1;1;1;1;1;1;1;1;2;1;2;1;1;1;1;1;2;1;1;1;1;1;1;2;1;1;1;1;1;1;1;1;1;1;1;1;1;1;1;1;1;1;1;1;1;1;2;1;1;1;1;1;1;1;1;1;1;1;1;1;1;2;1;1;2;1;1;1;1;1;1;3;1;1;1;1;1;2;1;1;1;1;1;1;2;1;1;1;1;2;1;1;1;1;1;1;2;2;1;1;3;2;1;2;1;1;1;1;1;1;1;1;1;2;1;1;1;1;1;1;1;1;1;1;2;1;1;1;1;1;1;1;1;1;1;1;1;1;1;1;2;1;1;2;1;1;1;1;1;1;2;1;1;1;1;3;2;1;1;2;1;1;1;1;1;1;1;3;1;1;1;1;1;1;1;1;1;1;1;1;2;1;1;1;4;1;1;1;1;1;1;1;2;1;1;1;1;1;1;2;1;1;3;1;2;1;1;1;2;1;1;1;1;1;1;1;3;1;1;1;2;2;3;1;1;1;3;3;1;1;1;2;1;2;2;1;1;1;1;1;1;1;1;1;1;1;1;1;1;1;1;2;1;1;1;1;1;1;1;1;3;1;1;1;1;1;1;1;1;2;2;3;2;2;1;2;1;1;1;1;2;2;1;1;2;2;2;3;1;1;2;1;1;1;1;2;1;1;1;1;1;2;3;1;2;1;1;1;1;2;1;2;1;1;1;1;1;1;1;1;2;1;2;2;1;2;1;1;1;1;2;2;1;1;1;1;3;2;2;1;2;1;1;1;1;2;1;1;1;2;1;1;1;1;1;2;1;3;1;2;4;1;2;3;1;2;2;1;2;3;3;3;1;2;1;2;3;2;3;1;1;2;2;2;1;3;2;1;3;5;1;3;2;1;1;1;1;1;1;1;1;1;3;1;1;4;1;1;1;1;2;3;1;1;2;1;1;1;1;3;1;1;4;3;2;2;3;1;1;1;2;2;2;1;2;1;1;1;1;2;2;1;2;2;2;1;1;1;2;1;2;3;2;1;1;1;1;1;1;1;1;1;1;2;3;3;1;2;2;2;1;1;1;1;4;2;1;4;1;2;2;3;1;3;4;1;3;5;1;2;3;2;2;1;2;1;1;1;1;3;1;4;1;1;2;1;3;3;3;1;1;1;3;5;3;3;1;2;1;2;4;2;1;1;3;4;3;1;1;2;1;1;1;1;1;1;1;1;3;1;2;4;1;1;1;1;4;1;2;1;1;2;2;1;2;2;3;2;1;2;3;1;1;1;1;1;1;2;2;1;2;2;3;1;1;2;2;3;2;1;1;1;1;1;4;1;1;2;1;1;1;2;3;3;1;3;2;1;2;3;3;1;1;2;1;1;1;3;4;3;1;2;3;1;2;2;2;1;1;1;1;1;2;5;2;3;1;1;1;2;4;3;3;5;2;1;2;2;1;3;1;1;5;2;1;1;2;1;1;1"
67,1,537,"1;1;1;1;1;1;1;1;1;1;1;2;1;1;3;1;1;2;1;1;1;1;1;3;3;1;3;2;1;1;1;1;3;1;1;1;2;2;2;2;1;3;1;1;1;1;1;1;2;1;2;2;2;1;1;1;1;1;1;3;2;2;1;1;2;1;2;1;2;3;2;1;1;1;2;1;2;2;1;2;1;1;1;1;2;1;4;3;2;3;1;3;4;1;1;2;1;3;2;2;2;1;1;2;1;1;3;2;2;2;1;1;2;1;3;1;2;3;2;1;2;2;1;3;1;1;1;3;3;3;2;1;2;1;1;1;1;3;3;2;1;1;2;1;1;1;2;1;3;2;2;2;1;1;2;3;1;2;4;2;1;2;2;2;2;2;2;1;1;2;1;3;1;1;4;2;3;2;1;1;4;2;1;3;2;1;1;3;1;3;2;3;1;1;1;2;1;2;1;2;1;1;3;2;1;1;2;1;1;3;2;2;4;5;2;1;3;2;1;1;2;1;1;2;2;1;2;2;1;3;2;4;4;2;1;1;1;1;1;2;1;1;2;1;3;4;1;2;2;2;2;1;2;3;2;1;2;2;1;2;3;2;1;1;3;1;2;1;2;1;1;1;2;2;2;2;2;2;1;1;1;2;2;1;1;1;1;3;1;1;2;2;2;2;1;3;1;1;1;1;1;2;3;2;4;2;1;1;2;2;1;2;2;2;3;2;2;1;3;1;3;1;1;1;1;4;4;3;2;1;1;1;3;2;1;1;2;3;1;5;2;3;2;1;1;3;1;3;1;3;1;3;1;2;2;3;4;1;1;1;2;1;2;5;1;5;1;2;2;3;2;1;2;2;2;4;4;1;1;2;2;4;3;3;4;3;1;2;1;1;2;1;2;2;5;1;2;2;2;3;2;2;2;3;1;1;3;6;3;1;2;4;3;2;1;2;1;2;2;3;2;2;2;1;2;3;3;2;1;1;3;2;1;1;2;1;2;1;2;1;2;4;3;2;4;1;3;2;4;2;2;3;2;1;3;3;2;2;1;2;1;1;2;2;5;2;2;3;4;2;2;1;2;3;2;3;3;2;2;3;1;2;2;1;1;2;2;4;3;4;2;2;2;2;4;1;2;4;2;1;4;1;1;4;1;2;1;2;2;2;1;2;2;4;2;2;1;2;3;3;1;4;2;1;2;2;4;3;2;1;2;2;4;4;2;2;4"
68,0,244,"1;1;1;1;1;1;2;1;1;1;1;1;1;1;3;1;1;1;1;1;1;1;1;1;1;1;1;2;1;1;1;1;1;2;3;1;1;1;1;1;1;1;2;1;1;1;1;1;1;1;1;1;3;1;1;1;1;1;1;1;1;1;1;1;2;1;1;1;1;1;1;2;2;1;1;1;1;4;1;2;1;1;1;1;1;3;3;1;1;1;1;1;1;1;1;1;1;1;1;1;2;2;2;1;1;1;2;2;1;2;1;1;1;1;2;2;1;1;2;1;1;1;1;1;1;2;2;1;3;1;1;1;2;2;4;1;2;1;2;1;2;1;1;1;1;2;1;1;1;1;1;2;1;1;3;2;5;1;1;1;2;1;2;2;2;2;2;2;1;1;2;1;1;1;2;1;4;2;1;1;1;1;1;2;2;2;1;4;1;4;2;5;1;2;1;1;1;2;2;4;2;2;1;2;3;1;3;1;1;1;3;2;1;2;2;2;3;2;5;1;2;2;1;2;2;3;1;1;1;1;1;1;1;1;1;1;1;1;1;2;1;1;1;1"
68,1,15,"1;1;1;1;1;2;1;1;1;1;1;1;1;1;2"
69,0,6,"1;1;1;1;1;1"
69,1,8,"1;1;1;1;1;1;1;1"
70,0,625,"1;1;1;1;1;1;1;1;1;2;3;1;1;1;1;1;1;1;1;1;1;1;1;1;1;1;2;2;1;1;1;1;1;1;1;1;1;1;1;1;1;1;1;1;1;1;1;1;1;1;1;1;1;2;1;1;1;1;1;1;1;1;1;1;1;1;1;1;1;1;1;1;1;1;1;1;1;2;1;1;1;1;1;1;1;1;1;1;1;1;1;1;1;1;1;1;2;1;1;2;1;1;1;1;3;2;1;1;1;2;1;1;1;1;1;1;1;1;1;1;1;1;1;1;1;1;1;1;1;1;1;2;2;1;1;1;1;1;1;1;1;1;1;1;2;1;1;1;1;1;1;1;1;1;2;1;1;1;1;1;1;1;1;1;1;1;1;1;1;1;1;1;1;1;1;1;1;1;1;1;1;1;1;1;1;1;1;1;1;2;1;1;2;1;1;1;1;1;1;1;1;1;1;1;1;1;1;1;1;1;1;1;1;1;1;1;3;1;1;2;1;2;1;2;1;1;2;2;1;1;1;1;1;1;1;1;1;1;1;1;1;1;1;1;1;1;1;1;1;4;1;2;1;1;1;2;1;2;2;1;2;1;1;1;1;2;2;1;1;1;2;5;1;1;1;1;1;1;1;1;1;1;1;1;1;2;3;2;1;1;1;1;2;1;1;1;1;1;1;1;1;2;2;1;2;1;1;1;1;1;1;1;2;2;1;1;1;1;1;1;1;1;2;1;1;2;4;1;1;1;2;1;1;1;2;1;2;1;1;1;1;1;1;1;1;1;1;1;1;1;3;4;1;1;1;1;1;1;1;2;2;1;1;3;1;2;3;2;1;1;1;2;1;1;1;1;1;1;1;1;1;1;1;1;2;2;1;3;1;1;1;1;2;2;3;2;3;3;1;2;1;2;1;2;1;2;2;1;2;1;1;1;1;3;3;2;1;1;2;3;3;5;4;2;3;1;3;3;2;3;1;2;1;1;2;4;3;3;3;1;3;1;4;1;1;1;2;3;1;3;2;4;2;3;4;2;1;2;3;3;4;2;2;3;1;1;1;1;1;1;2;2;1;1;3;3;1;2;1;2;3;2;3;1;3;3;1;3;3;1;4;1;1;2;2;4;1;1;1;1;2;1;5;2;3;3;1;2;1;2;1;5;1;2;3;3;3;3;4;2;3;4;2;1;3;2;1;2;2;2;2;3;4;2;2;2;1;2;2;3;4;3;2;1;1;4;3;4;2;3;3;3;4;5;3;1;5;1;2;3;1;2;3;2;2;2;3;1;2;3;3;3;3;3;4;2;2;4;3;3;3;3;3;3;3;3;1;5;3;1;3;2;3;3;3;2;1;4;2;3;3;3;2;3;4;2;2;3;3;5;1;3;2;3;1;3;6;3;3;5;3;3;3;3;4"
70,1,361,"1;1;2;1;1;2;1;1;2;1;1;1;1;2;1;1;1;1;1;1;1;1;2;1;2;1;1;2;1;1;1;1;1;4;2;2;4;1;2;4;1;3;2;3;3;2;1;2;2;7;2;4;2;4;2;5;2;1;3;2;1;2;1;4;3;1;6;3;6;3;2;4;2;2;1;2;1;1;1;2;3;2;2;2;3;4;2;1;2;3;3;6;3;6;1;1;5;2;2;1;1;5;1;3;2;4;2;2;4;3;3;2;1;5;1;3;3;5;3;2;4;1;3;3;5;3;1;3;2;3;1;3;5;4;2;3;4;2;2;2;6;2;3;3;4;3;2;3;4;3;3;2;4;3;3;1;1;1;4;2;5;3;4;2;4;2;4;3;3;4;3;2;3;3;2;4;3;5;3;2;1;2;5;6;2;3;4;4;5;3;3;6;5;2;2;3;3;4;1;3;3;2;4;2;1;4;3;4;4;6;4;3;3;5;3;3;3;1;5;3;4;5;4;3;5;2;2;3;2;2;1;2;2;4;2;3;2;3;2;2;2;3;4;6;4;4;3;4;3;5;1;2;2;4;3;3;3;6;4;1;3;2;3;3;4;4;1;5;3;3;1;3;6;5;3;2;2;3;3;2;2;2;2;4;2;1;5;3;3;4;5;6;1;3;4;4;4;5;4;2;1;2;2;4;3;3;4;4;4;3;6;2;3;2;2;5;4;3;4;2;4;5;1;4;1;4;2;3;3;2;2;3;2;4;4;4;2;4;6;3;4;5;2;2;3;5;1;3;4;4;6;2;3;2;5;2;4;3;4;4;4"
71,0,15,"1;2;1;1;1;1;1;1;1;2;1;2;1;1;1"
71,1,9,"1;1;1;1;1;1;1;1;1"
72,0,640,"1;1;2;1;1;1;1;1;2;1;1;3;1;1;2;1;1;2;1;2;1;2;1;1;2;1;2;1;1;1;1;1;2;1;2;3;3;1;1;1;1;1;1;1;1;1;1;1;1;1;1;1;1;1;1;1;1;1;1;1;1;3;2;1;1;1;2;1;1;1;1;1;1;1;1;1;1;1;1;1;1;2;1;1;1;1;1;1;1;1;1;2;1;1;1;1;1;1;1;1;1;1;1;1;1;1;1;1;1;1;1;1;1;1;1;2;1;2;1;1;1;2;1;1;1;1;1;1;1;2;1;1;1;1;1;2;2;1;1;1;1;1;1;1;1;1;2;1;1;2;1;1;1;1;3;1;2;1;1;1;1;1;2;2;1;3;1;2;2;1;1;1;1;1;1;1;1;1;1;2;1;1;2;1;1;1;1;1;1;1;1;1;2;1;1;1;2;2;1;1;1;1;1;1;1;1;1;2;1;1;1;1;1;1;1;1;1;2;1;1;1;2;1;1;1;1;2;2;2;2;1;1;1;2;1;1;1;1;1;1;1;2;2;2;1;2;2;1;1;1;1;1;1;1;2;1;1;1;2;1;1;1;1;1;1;2;1;2;2;1;2;1;1;2;1;1;1;1;2;1;1;1;1;1;1;1;1;1;1;1;2;4;1;1;1;1;2;1;2;1;1;1;2;2;1;2;1;1;1;1;1;2;2;2;1;1;1;1;2;2;1;1;1;1;1;2;2;2;2;1;2;2;1;3;1;1;1;1;1;1;1;1;2;1;3;2;1;1;1;1;1;2;1;1;1;2;2;1;2;1;1;1;1;3;2;1;2;1;1;2;1;1;4;1;2;2;2;1;1;1;1;1;1;2;1;1;2;2;2;1;2;2;2;2;3;3;1;1;1;2;2;1;2;2;2;1;1;1;2;2;1;2;1;1;2;2;1;2;2;1;2;2;1;2;1;1;1;2;1;3;3;2;2;2;1;2;1;1;2;5;1;2;2;1;1;1;2;2;1;1;1;2;1;3;3;2;1;2;3;2;2;2;2;2;2;2;1;2;1;1;2;1;3;1;2;2;2;1;3;2;2;2;2;2;2;2;2;2;1;1;1;1;1;1;1;1;1;1;1;1;2;2;2;2;2;2;4;2;1;1;2;2;2;2;4;2;1;1;2;2;1;1;2;1;2;1;3;2;4;1;1;2;2;2;2;2;2;3;1;2;2;1;2;2;2;2;4;2;2;2;4;2;2;2;2;4;2;4;3;1;1;1;1;2;1;2;3;1;4;2;2;4;1;1;2;2;4;2;2;2;4;2;2;4;2;2;2;2;2;5;2;3;4;10;2;2;2;4;2;2;4;3;1;2;4;1;1;2;2;2;2;2;2;8;2;2;1;9;2;2;4;2;4;2;4;2;4;2;6;4;2;6;2;2;2;4;2;2;2;3"
72,1,346,"1;1;1;1;1;1;1;1;2;1;1;1;2;1;1;1;1;1;1;1;1;1;1;1;1;1;1;1;3;2;4;1;1;1;6;1;1;1;2;2;1;1;2;2;2;2;2;2;2;1;1;1;1;2;2;2;4;2;4;2;2;1;1;1;1;2;3;1;4;4;2;3;1;6;3;1;2;2;4;2;2;2;2;4;2;2;2;2;2;2;3;1;4;2;2;2;2;2;2;4;4;4;4;2;3;7;7;3;2;3;7;4;3;1;2;2;2;2;4;4;4;6;2;2;2;2;2;2;2;6;4;2;2;2;4;2;5;5;4;3;5;2;4;4;4;6;2;2;2;1;4;1;2;3;1;6;2;2;2;4;2;2;2;4;8;2;2;2;8;4;3;1;2;4;2;2;4;2;4;4;2;4;2;2;2;2;2;4;4;1;1;2;2;4;4;3;3;4;2;4;2;4;4;2;1;1;2;4;4;6;6;4;2;4;4;2;3;1;4;8;4;4;2;2;6;2;2;6;3;8;1;4;8;2;10;4;1;7;5;4;5;4;3;4;3;2;6;2;4;4;4;4;2;4;2;3;3;4;2;4;4;2;2;4;4;6;2;4;4;4;2;4;2;2;4;2;3;5;2;6;2;2;2;2;4;8;3;3;2;4;8;6;2;7;5;2;2;2;4;4;2;4;4;3;1;6;6;6;1;2;7;4;4;4;2;6;7;3;4;6;2;4;4;7;3;5;4;2;5;3;1;2;2;4;2;3;3;4;3;3;3;3;4;2;4;2"
73,0,237,"1;1;1;1;1;1;1;2;2;1;1;1;1;1;2;1;1;2;1;1;1;1;1;1;1;1;1;1;1;2;2;1;1;1;1;1;2;1;1;1;1;1;1;1;1;1;1;1;2;1;1;2;1;1;1;1;1;1;1;2;1;2;2;1;2;1;1;1;1;2;1;2;2;2;1;2;2;1;2;1;1;1;1;1;1;1;1;1;1;2;1;1;2;2;1;1;2;1;1;1;1;2;1;1;2;3;1;4;1;1;2;3;1;2;2;2;2;1;2;1;2;1;3;1;2;1;1;1;1;2;1;2;1;1;1;5;3;3;5;3;1;1;1;1;2;5;1;10;4;10;8;10;1;1;10;3;1;1;2;2;10;10;10;10;10;10;10;10;10;10;10;10;8;10;10;10;10;10;10;10;10;10;10;10;10;10;10;10;10;10;10;1;10;10;10;10;10;10;9;10;10;10;10;10;10;10;10;10;8;10;10;10;10;10;9;9;10;10;10;10;10;10;10;10;10;10;10;10;10;10;10;10;10;10;10;10;9"
73,1,174,"1;1;1;1;1;1;1;1;1;1;2;1;2;1;1;1;1;1;1;1;1;1;8;10;10;10;10;10;10;10;10;10;10;10;10;10;10;1;10;10;10;10;10;10;10;1;10;2;1;1;10;1;1;1;1;10;1;10;10;4;10;10;10;10;2;2;10;10;10;10;1;9;2;10;1;10;10;1;10;10;2;10;4;1;1;3;2;10;10;6;10;10;1;2;10;2;10;10;10;10;10;1;1;9;10;10;10;3;1;10;6;3;9;10;10;2;10;10;10;10;2;2;1;1;1;10;4;2;10;10;1;10;10;1;1;2;9;9;9;10;2;2;1;10;1;10;2;4;10;10;1;1;10;10;10;2;2;10;10;9;1;1;9;1;1;2;10;10;10;10;3;10;9;9"
74,0,24,"1;1;2;1;1;1;1;1;2;1;3;1;1;1;1;1;1;1;1;1;1;1;1;1"
74,1,8,"1;1;2;1;1;1;1;1"
75,0,601,"1;1;2;1;1;1;1;2;1;1;1;1;1;1;2;1;1;1;1;1;1;1;1;1;2;1;1;2;1;1;1;1;1;1;1;1;1;2;2;1;1;1;1;1;1;1;1;1;1;1;1;1;1;1;1;1;1;1;1;1;1;1;1;1;1;1;2;1;1;1;1;1;1;1;1;1;1;1;1;1;1;1;1;2;1;1;1;1;1;1;1;1;1;1;1;1;1;1;1;1;1;1;1;1;1;1;1;1;2;1;1;1;1;1;1;1;1;1;1;1;1;1;1;1;1;1;1;1;1;1;1;1;1;1;3;1;1;1;1;1;1;1;1;1;1;1;1;1;1;1;2;1;1;1;1;1;1;1;1;2;2;1;1;1;1;1;1;1;1;1;1;1;1;1;1;1;2;1;1;1;1;1;1;1;1;1;1;1;1;1;1;2;1;1;1;1;1;1;1;1;2;1;1;1;1;1;2;1;1;1;1;1;1;1;1;1;1;1;2;1;1;1;1;1;1;1;1;1;1;1;1;1;1;1;1;1;1;1;1;1;1;1;1;1;2;1;1;1;1;1;1;1;2;3;1;1;2;1;1;1;1;1;1;1;1;1;1;1;2;1;1;1;2;1;1;2;1;1;4;2;4;1;2;1;2;1;2;2;1;1;1;1;2;3;2;3;3;3;3;3;3;1;1;2;4;2;2;1;1;2;3;3;2;1;3;1;1;2;1;1;3;1;2;1;3;2;2;1;5;1;2;1;1;1;1;1;1;1;1;2;1;1;2;4;1;1;2;1;3;2;3;1;2;4;2;2;2;2;3;2;3;1;3;4;2;2;2;1;3;4;2;4;1;3;2;1;2;2;3;4;3;1;2;1;2;1;1;1;1;2;1;3;2;1;3;2;3;3;4;1;3;1;3;3;2;3;2;4;2;3;2;3;4;2;4;2;2;3;4;3;6;3;3;1;3;2;3;3;2;1;2;3;2;1;1;3;3;3;3;2;3;1;2;1;1;1;3;2;2;1;2;2;3;3;3;6;4;4;4;4;2;1;3;1;1;2;1;3;3;3;2;1;2;1;1;1;3;2;2;1;1;2;3;3;1;1;1;1;2;1;3;2;2;3;2;3;1;1;2;1;3;1;3;2;4;3;1;3;2;3;2;3;1;1;4;1;1;2;3;1;2;3;2;3;3;4;1;3;1;3;1;2;1;3;4;3;1;1;4;1;4;4;4;1;3;2;2;2;2;3;3;1;2;1;3;2;1;3;3;4;4;1;1;6;3;2;1;4;1;1;3;3;3;2;3;1;3;3;3;2;3;1;2;3;2;3;2;4;3;3;4;2;4;1;2;3;1;3;1;4;5"
75,1,431,"1;1;1;1;1;1;1;1;1;1;1;1;1;1;1;1;1;1;1;2;1;1;1;1;1;3;1;1;1;1;4;2;2;1;1;1;2;1;1;3;2;3;2;3;3;3;3;3;1;1;1;1;1;1;1;1;1;1;1;1;1;1;1;1;1;1;1;1;1;1;1;1;1;1;1;1;1;1;3;2;3;2;1;4;1;1;1;1;1;1;1;1;1;1;1;1;1;3;1;2;1;2;3;1;1;1;3;2;5;2;1;1;3;3;1;3;1;1;3;1;3;2;2;3;1;3;3;2;1;3;2;2;2;2;3;4;1;1;3;2;3;5;2;5;3;3;3;1;3;1;1;1;3;1;1;2;2;3;4;2;3;1;1;3;2;3;2;3;3;1;2;2;3;1;3;3;7;5;1;3;2;3;1;3;2;1;1;1;1;4;2;1;2;2;3;2;1;2;4;3;3;2;3;1;4;6;4;2;2;4;3;3;3;1;3;4;2;3;2;3;4;2;5;4;1;4;1;3;1;1;4;4;2;1;2;3;3;5;1;4;4;5;3;1;1;1;2;4;4;2;7;5;5;1;4;1;2;4;3;2;3;1;2;3;2;2;1;1;1;3;1;3;2;3;2;5;3;3;2;3;4;3;3;3;2;3;2;7;1;4;2;3;2;3;1;4;6;5;2;4;4;4;5;5;1;2;2;1;1;3;5;3;2;3;1;3;3;2;3;2;4;2;4;3;2;3;2;3;3;1;3;3;2;3;2;3;2;3;3;2;2;4;1;3;6;4;3;1;3;4;1;3;2;3;2;2;3;4;1;3;2;4;4;5;2;4;2;7;3;4;4;2;5;3;2;3;1;3;5;1;1;3;2;4;5;1;4;1;5;3;4;3;4;2;4;4;2;1;4;3;1;4;2;3;4;1;4;1;2;5;3;1;4;4;5;1;1;4;2;7;1;2;3;2;4;3;5;3;2;3;3"
76,0,647,"1;2;1;1;1;1;1;2;1;1;1;1;1;1;1;1;1;1;1;1;1;1;1;1;1;1;1;1;1;1;1;1;1;1;1;1;1;1;1;1;1;2;1;1;1;2;2;1;1;1;1;1;1;1;1;1;1;1;1;1;1;1;1;1;1;1;1;1;1;1;1;1;1;2;2;1;1;1;1;1;2;1;1;1;1;1;1;1;1;1;1;1;1;1;1;1;1;1;1;2;1;1;1;1;1;1;1;2;1;1;1;1;1;1;1;1;1;1;1;1;1;1;1;1;1;1;1;1;1;1;1;1;1;1;1;1;3;1;1;1;1;1;1;2;1;1;1;2;2;1;1;1;1;1;1;1;2;1;2;1;1;1;2;2;1;1;1;2;2;2;1;1;1;1;1;1;1;1;1;1;1;1;1;1;1;1;1;2;1;2;3;1;1;1;1;1;2;1;1;2;1;1;1;1;2;2;1;1;1;2;1;2;1;1;2;1;1;1;2;1;1;1;1;2;1;1;1;1;1;1;1;1;2;2;1;1;2;2;1;2;1;1;1;1;1;1;1;1;1;1;3;1;1;1;1;2;1;1;1;1;1;1;1;1;1;1;1;1;1;1;1;1;2;2;1;1;1;1;1;1;1;2;1;2;1;1;1;2;2;1;1;1;2;1;1;1;1;1;1;2;1;1;1;1;1;1;2;1;1;2;2;1;1;1;1;1;3;2;2;1;2;1;2;1;1;1;1;1;2;1;2;2;1;2;1;3;1;2;1;2;1;1;3;1;2;1;2;1;3;2;1;1;4;2;3;3;2;2;2;1;2;1;2;1;3;3;1;3;3;4;6;2;2;2;1;3;2;2;1;2;2;2;3;2;1;2;4;1;2;3;1;3;2;1;2;2;2;2;4;3;1;4;1;3;1;2;2;2;2;2;1;1;2;1;6;1;3;2;2;4;2;1;2;2;2;4;1;1;2;1;1;1;1;2;2;3;2;2;2;1;2;2;1;5;1;1;2;4;5;4;3;3;3;1;1;1;1;1;3;6;2;4;2;3;2;1;1;3;4;1;2;4;3;2;2;2;5;2;2;3;2;3;2;1;1;2;2;2;1;2;3;2;2;2;1;2;2;1;2;2;3;1;2;3;2;2;2;2;2;2;1;2;1;1;3;4;7;3;2;4;1;2;3;2;2;1;3;2;2;3;2;1;2;3;3;2;2;2;1;1;2;1;1;1;1;1;1;1;1;1;2;1;3;3;1;1;1;1;1;1;2;1;1;3;1;3;2;3;3;1;1;1;1;1;1;1;2;1;1;1;2;1;1;1;1;2;1;2;2;1;2;1;2;2;1;2;1;3;2;4;2;1;4;2;2;3;1;1;1;3;2;1;1;2;3;2;2;1;2;2;1;5;4;3;2;1;6;2;1;1;1;1;1;3;1;1;3;1;1;2;3;1;3;1;3;1;2"
76,1,419,"1;1;3;1;1;1;2;1;1;1;4;2;3;1;1;1;3;1;2;2;1;1;2;2;3;1;3;3;1;2;2;1;2;3;4;1;2;3;2;1;1;3;3;3;1;3;1;2;1;2;1;2;3;3;1;3;2;1;2;1;4;2;2;4;3;3;5;1;2;3;3;3;3;1;2;3;4;3;2;3;1;3;1;4;2;3;3;2;2;4;3;5;2;1;1;2;3;3;3;1;2;3;3;2;2;2;3;4;5;1;2;2;3;2;3;3;3;1;4;2;4;1;3;2;4;2;3;3;2;2;1;2;2;2;4;3;3;4;2;3;1;2;2;2;1;1;2;1;1;1;1;1;4;2;2;1;2;2;2;2;3;2;4;3;1;3;2;1;2;3;3;2;1;4;2;4;2;1;2;2;4;1;2;1;2;6;3;1;3;3;3;2;2;2;2;3;4;3;2;3;3;2;2;4;1;2;4;3;2;1;3;3;1;1;2;2;3;2;5;2;3;3;3;2;2;4;3;4;3;3;3;3;2;1;2;2;2;3;3;3;1;2;3;2;4;1;2;3;2;2;3;1;2;2;1;1;4;3;2;3;3;2;2;3;2;3;3;2;2;3;3;2;2;4;2;2;1;1;3;2;4;2;5;2;2;3;2;3;2;4;2;1;2;4;3;2;4;1;5;2;1;2;7;4;3;2;4;5;3;4;3;1;4;3;3;3;3;1;3;3;3;3;4;5;3;3;2;2;2;2;2;4;5;4;3;4;2;3;1;3;2;3;3;4;4;2;3;4;1;1;2;2;2;2;2;3;4;1;1;1;1;1;4;4;2;2;4;4;2;3;3;3;3;3;1;5;3;2;4;1;2;3;3;3;3;1;2;5;1;3;3;2;2;2;2;3;1;4;1;3;2;2;2;6;3;1;3;2;4;2;1;2;4;4;2;2;3;4;1"
77,0,439,"1;1;1;1;1;1;1;1;1;1;1;1;1;1;2;1;1;2;1;1;1;1;1;1;1;1;1;1;1;1;1;1;1;1;1;1;1;1;1;1;1;1;1;2;1;2;1;1;3;1;1;2;1;3;2;1;1;1;1;1;1;2;3;1;1;1;1;4;2;1;2;4;5;3;2;4;2;1;1;4;2;1;2;2;1;2;3;1;5;7;2;1;2;2;1;1;1;1;3;4;2;3;3;3;3;1;2;3;3;3;3;3;1;1;1;1;1;3;1;1;1;2;4;3;3;3;3;4;2;3;3;6;3;3;3;3;3;4;2;4;1;2;1;2;3;3;1;1;5;1;1;2;2;1;2;5;1;3;3;3;6;2;3;3;2;1;1;3;4;2;4;3;2;3;2;1;2;2;1;2;3;2;1;2;3;1;2;4;2;3;3;5;4;4;2;1;2;2;4;2;1;4;3;3;3;2;2;2;1;2;3;1;1;1;2;3;1;4;3;2;3;2;3;2;1;1;3;3;3;3;3;1;3;1;4;6;2;1;2;3;1;2;3;3;3;5;3;3;3;3;3;3;3;5;1;3;2;4;4;4;3;3;1;1;3;3;1;4;2;3;6;3;1;2;1;3;2;4;3;3;4;2;6;3;1;2;2;1;4;1;2;3;1;3;1;3;2;3;1;3;5;3;2;3;2;3;3;1;2;1;1;3;3;2;2;1;5;2;3;2;3;3;5;4;3;1;3;3;1;1;2;4;4;3;4;2;2;4;4;4;3;2;3;1;2;1;3;1;1;2;3;2;2;3;2;3;2;1;1;1;3;3;1;2;4;2;1;2;1;1;4;6;3;2;1;4;1;3;4;2;2;3;2;1;4;2;2;1;3;2;2;5;1;4;3;1;2;2;3;3;5;1;1;3;1;3;4;2;3;4;2;2;5;1;3;5;3;1;1;1;1;1;3;3;3;4;2;6;2;3;3;5;4;4;2;6;6;3;5"
77,1,440,"1;1;1;1;2;3;1;3;3;3;3;3;2;4;2;1;3;2;4;3;1;2;2;3;3;2;4;2;3;1;7;2;1;1;3;2;4;1;6;3;3;6;3;2;2;1;2;3;3;2;4;1;4;1;2;3;3;1;4;4;3;4;4;3;3;3;1;4;3;1;2;3;6;6;3;2;4;3;2;4;3;6;1;2;1;1;3;1;2;6;5;2;4;1;3;3;4;2;3;2;6;3;2;1;1;2;3;3;3;5;2;5;3;1;2;2;2;2;1;2;2;1;5;3;4;4;4;1;3;4;2;5;1;7;2;4;2;3;3;3;4;2;2;1;1;2;3;4;1;1;1;1;1;2;1;1;1;1;2;2;4;4;3;1;1;5;2;2;5;2;3;2;6;1;1;1;3;1;2;2;3;3;1;2;2;1;1;1;7;1;2;3;3;3;3;6;1;2;5;2;5;3;1;3;2;2;1;2;2;1;4;3;4;2;2;2;3;3;2;3;1;4;2;4;1;1;1;2;4;3;1;1;1;3;4;3;4;3;3;2;1;1;4;1;1;1;2;3;4;2;1;2;4;2;4;2;1;1;3;2;4;1;1;1;4;1;1;1;1;2;1;2;2;2;2;2;3;1;2;2;5;4;3;2;4;3;2;4;3;1;1;1;1;1;1;1;3;2;1;1;3;1;3;1;1;3;1;3;1;1;1;1;1;2;1;1;3;2;1;1;1;1;3;1;1;3;1;2;1;1;3;2;1;1;3;1;4;5;1;1;3;3;1;4;4;1;1;2;1;1;1;3;1;2;1;3;1;1;5;2;3;2;3;3;4;4;3;1;2;1;2;4;2;1;1;3;3;1;1;1;2;1;3;2;3;4;1;1;3;1;3;2;3;4;2;1;1;2;1;1;1;4;1;2;2;2;2;2;4;3;3;1;1;2;3;2;2;3;2;2;1;2;1;1;2;2;3;3;2;4;2;4;2;1;2;3;1;2;1;3"
78,0,672,"1;1;1;1;1;1;1;2;1;1;1;1;1;1;1;1;1;1;1;1;2;1;1;1;1;1;1;1;1;1;1;1;1;1;2;1;1;1;1;1;1;1;1;1;1;1;1;2;2;1;1;1;2;3;1;2;1;2;1;1;1;1;1;2;1;2;1;1;1;1;1;1;1;2;2;1;3;1;1;1;1;1;1;1;1;1;1;1;1;1;1;2;2;1;1;1;1;1;1;1;1;1;1;1;2;1;1;1;1;1;1;2;1;1;1;1;1;1;1;1;2;1;1;1;1;1;1;1;1;1;1;1;1;1;1;1;1;1;1;1;1;1;1;2;1;3;1;2;2;1;1;1;1;1;1;1;1;1;1;1;1;2;2;1;1;1;1;1;1;2;1;2;1;1;1;1;1;1;1;1;1;1;1;2;2;1;1;1;1;1;1;1;1;1;1;3;1;1;1;1;1;2;2;1;1;1;1;1;1;1;1;2;1;1;1;1;2;1;1;1;1;1;1;1;1;1;1;1;1;1;1;1;1;1;1;1;1;2;1;1;1;1;1;1;1;1;1;1;1;2;1;1;1;1;1;1;1;1;1;1;1;2;1;1;1;1;1;1;1;1;1;1;1;2;1;1;1;2;1;2;1;1;1;1;1;1;1;1;1;1;1;1;1;1;1;2;1;1;1;1;1;2;1;1;1;1;1;2;2;1;1;1;2;1;1;1;1;1;1;2;2;1;2;1;1;1;1;1;2;1;1;1;1;1;1;1;1;2;1;1;1;2;1;1;1;2;1;2;2;1;3;2;1;1;2;1;2;1;1;1;1;1;2;1;1;1;1;2;1;1;1;1;1;4;2;1;1;3;2;2;1;1;1;2;1;1;2;1;1;1;3;1;1;2;1;1;1;1;1;1;2;1;1;1;2;1;1;1;1;4;1;2;1;1;4;2;1;2;1;1;1;2;1;1;1;1;1;1;1;2;1;3;1;2;1;2;2;2;2;2;1;1;4;1;2;1;1;3;2;2;1;3;1;3;4;1;3;1;3;3;1;2;2;1;3;1;3;3;1;1;3;4;1;4;1;2;1;3;1;1;1;1;1;2;2;3;2;1;2;3;4;1;2;1;1;1;2;3;1;1;3;2;1;2;3;1;3;1;2;3;1;2;2;5;4;1;1;2;1;3;1;3;4;2;1;5;1;1;1;1;1;2;1;1;2;1;1;1;1;1;1;2;1;1;1;1;1;1;2;1;1;3;1;2;1;2;4;4;1;2;1;1;2;2;3;1;2;1;1;4;3;1;3;3;3;3;3;1;3;3;1;4;1;2;1;2;2;3;5;1;3;1;2;2;2;1;4;2;3;2;3;3;4;2;1;4;1;3;1;3;1;3;6;1;5;1;1;3;4;1;3;2;5;1;3;1;2;4;1;4;2;2;4;1;3;4;2;2;1;2;3;2;1;3;2;2;4;1;2;5;4;1;2;1;2;2;1;3;1;4;3;4;1;3;1;3;1;3;1;3;4;4"
78,1,463,"1;1;3;1;1;3;2;3;3;1;1;2;4;1;3;2;3;2;2;2;1;3;1;1;3;1;3;4;4;3;1;4;4;3;3;2;2;1;5;1;3;3;2;3;1;3;3;2;2;4;2;2;4;2;2;5;5;3;3;5;1;3;3;4;4;3;2;4;4;2;3;3;3;1;2;3;3;1;3;2;2;4;2;2;1;3;1;3;1;2;2;3;2;2;4;4;7;4;4;3;3;4;1;2;3;5;3;1;2;2;1;3;1;3;2;2;1;3;1;3;1;3;1;3;2;1;1;4;4;1;3;3;1;2;3;3;4;1;1;1;1;1;3;4;1;3;2;3;3;4;1;3;1;3;3;3;2;1;3;1;3;4;1;2;1;1;2;1;1;3;1;3;4;1;3;4;4;5;3;1;3;2;3;3;4;1;3;4;1;3;5;2;2;4;3;2;2;1;3;4;4;1;3;1;3;1;3;1;1;3;3;2;2;1;3;1;3;1;3;1;3;5;3;1;3;1;3;1;2;3;2;1;3;1;3;3;5;1;2;1;1;3;1;3;3;1;1;3;2;2;1;3;3;2;3;2;3;4;3;3;2;1;1;2;3;3;2;3;1;3;1;3;3;3;3;2;1;4;3;2;3;1;2;1;3;3;1;1;1;2;1;3;4;1;1;3;3;4;5;3;4;1;4;1;3;1;3;1;3;1;2;1;3;3;1;4;4;1;1;1;1;1;3;1;1;2;2;2;1;1;3;3;2;2;2;2;1;1;3;3;2;2;1;1;2;1;1;1;1;2;2;1;3;2;2;1;1;2;4;1;1;2;1;2;1;1;1;2;1;4;1;2;1;3;1;2;1;1;2;3;2;1;2;2;3;1;4;1;2;2;1;3;3;4;1;2;1;4;1;1;1;2;3;4;5;3;1;3;2;1;3;1;2;1;3;1;1;2;1;1;3;1;3;1;2;1;1;2;1;3;1;3;2;1;1;2;1;1;3;3;1;1;3;1;2;2;1;1;1;2;3;1;1;1;1;1;1;2;1;3;1;3;1"
79,0,740,"1;1;2;1;1;1;1;1;1;2;2;1;1;1;1;2;2;1;1;1;1;2;1;1;1;1;1;1;1;1;1;1;1;1;1;1;1;1;1;1;1;1;1;1;1;2;1;1;1;1;1;1;1;1;1;1;1;1;1;1;1;1;1;1;1;1;1;1;1;1;1;1;1;1;1;1;2;1;1;1;1;1;1;1;1;1;1;2;1;1;1;1;2;2;1;1;1;1;1;1;1;1;1;1;1;1;1;1;1;2;1;1;2;1;1;1;1;1;1;1;1;1;1;1;1;1;1;1;2;2;1;1;1;1;1;1;1;1;2;2;1;1;1;1;1;1;1;1;1;1;1;1;1;1;1;2;1;2;1;1;1;1;1;1;1;1;1;2;1;1;1;1;2;1;1;1;1;1;1;1;1;1;1;1;1;1;1;1;1;1;1;1;1;1;1;1;1;1;1;2;1;1;1;1;1;1;1;1;1;1;1;1;1;1;1;1;2;1;1;1;1;1;1;2;2;1;1;1;1;1;1;1;1;1;2;1;1;2;1;1;1;1;1;1;2;1;2;1;1;1;1;2;1;1;1;2;1;1;2;1;1;1;1;1;1;2;1;1;2;1;1;1;2;2;1;1;1;2;1;1;1;1;2;1;1;1;2;1;1;1;1;1;1;1;1;1;1;2;1;1;1;1;1;1;1;2;1;1;1;1;1;1;2;1;1;1;1;1;2;2;1;1;1;1;1;3;1;1;1;1;3;1;1;1;1;1;1;1;1;1;1;1;1;1;1;2;2;1;1;1;2;1;1;1;1;1;1;1;1;1;1;1;1;1;1;1;1;1;1;1;1;1;1;1;1;1;1;2;4;1;1;2;2;1;1;1;1;2;2;2;1;1;1;1;1;1;1;2;1;1;1;1;1;1;1;1;1;1;1;1;1;1;2;1;1;1;1;1;2;3;1;1;1;1;2;1;1;1;2;1;1;2;1;1;1;1;1;1;2;1;1;1;1;1;1;4;1;1;1;1;1;3;1;2;1;1;1;1;2;2;1;2;1;1;1;2;1;1;2;4;2;1;1;1;1;1;2;1;2;3;2;2;1;1;1;1;1;2;3;1;1;1;2;3;1;1;1;1;2;1;1;1;1;2;1;2;1;1;3;1;1;3;2;2;2;1;1;1;1;1;1;1;4;2;3;2;1;2;2;2;2;1;1;1;1;1;1;2;1;2;3;1;1;2;2;1;1;2;3;3;2;1;1;2;1;2;2;4;2;2;1;1;1;1;2;1;2;4;1;1;1;2;1;2;2;1;2;3;2;1;1;2;2;1;1;3;1;1;1;1;1;3;1;2;2;2;3;2;1;3;2;2;2;1;3;1;1;1;3;1;3;1;1;2;1;2;1;3;2;2;1;1;1;2;2;1;2;1;1;1;2;1;2;2;2;2;1;2;1;2;4;2;2;1;1;2;1;2;1;3;1;1;1;3;2;4;2;1;3;2;2;1;1;1;2;1;4;2;1;2;2;1;3;3;2;3;3;2;1;2;3;2;1;1;2;1;2;1;2;2;2;2;3;2;1;2;2;2;1;2;1;1;2;1;3;2;2;2;2;1;1;3;2;1;4;2;2;1;2;1;3;3;2;2;3;1;2;3;2;2;3;3;3;3;1;1;2;3;3;2"
79,1,528,"1;1;3;2;1;2;1;2;1;1;1;1;2;2;2;2;3;1;1;2;2;2;1;1;2;2;1;3;2;1;3;1;2;1;1;2;3;1;2;2;2;1;3;3;3;1;2;2;1;2;1;1;2;5;3;1;2;1;3;2;1;1;2;2;1;2;1;2;1;1;2;4;1;2;1;2;3;1;2;2;2;1;1;2;1;2;2;2;1;1;3;1;2;3;1;1;1;1;2;1;1;2;1;2;1;2;2;3;2;4;2;2;2;2;2;3;2;2;3;1;1;1;2;6;1;3;2;1;2;1;3;2;3;1;1;1;2;1;2;1;2;1;1;2;1;1;1;3;4;4;1;2;1;1;3;2;2;1;1;1;1;1;1;1;1;2;4;2;2;1;2;2;1;1;3;1;1;1;2;1;1;1;1;1;1;1;2;2;3;1;1;1;1;3;2;3;1;1;1;2;2;3;3;3;1;2;3;2;3;3;2;2;1;1;2;5;2;3;2;1;1;3;2;3;1;4;2;3;3;1;1;3;2;1;3;2;2;1;2;1;2;1;4;2;1;1;4;1;2;2;2;3;3;3;2;2;3;3;2;2;2;1;1;3;2;1;2;1;1;2;1;1;1;4;3;2;2;2;1;1;2;1;4;1;2;2;1;1;3;3;2;3;2;2;5;2;3;2;1;1;1;1;4;4;2;2;3;1;2;3;1;4;1;1;5;2;2;1;2;1;1;4;1;2;1;1;2;3;1;2;4;2;1;3;2;2;3;3;1;2;1;3;2;3;3;4;1;1;1;2;2;3;2;2;1;2;1;1;2;3;1;1;2;1;1;2;2;3;2;2;3;2;1;2;3;3;1;1;2;3;1;1;6;2;1;1;1;1;1;2;3;3;1;1;2;1;2;2;4;2;4;3;1;2;1;3;2;2;1;3;2;1;2;2;2;1;1;1;1;2;4;2;2;2;2;2;3;3;1;1;1;1;2;2;5;3;4;2;3;1;2;2;4;2;2;4;1;2;4;4;2;1;2;1;1;2;2;1;1;1;2;2;3;2;2;4;2;2;3;2;1;5;2;1;3;1;4;1;1;2;1;2;1;1;6;1;3;1;2;3;2;3;2;3;1;1;2;1;2;3;3;1;2;2;1;1;2;1;3;2;1;3;4;4;3;2;2;1;2;3;2;1;1;2;4;2;2;1"
