prompt_id,position,target_fp_top1,target_q_top1,target_top1_flip,target_fp_entropy,target_q_entropy,d_entropy,target_fp_margin,target_q_margin,d_logp_fp_draft_proposal,d_overlap_pQqFP_vs_pFPqFP,overlap_pFP_qFP,fkl_pFP_qFP,js_pFP_qFP,overlap_pQ_qFP,fkl_pQ_qFP,js_pQ_qFP,overlap_pFP_qQ,fkl_pFP_qQ,js_pFP_qQ,overlap_pQ_qQ,fkl_pQ_qQ,js_pQ_qQ,position_class
81,0,29871,29871,False,7.592773181386292e-05,0.00018538582662586123,0.00010945809481199831,12.078125,11.1484375,-8.940604857343715e-06,-7.927417755126953e-06,0.9999983906745911,1.5272192968041054e-06,5.214763518779364e-07,0.9999904632568359,7.374453161901329e-06,1.6073556707851822e-06,0.02473992109298706,3.6994941234588623,0.6348538398742676,0.024749040603637695,3.6994054317474365,0.6348259449005127,E_within_noise
81,1,4911,18527,True,0.7179499864578247,0.058278050273656845,-0.6596719622612,2.4375,5.6328125,-14.659523963928223,-0.3893202543258667,0.4054347276687622,0.9844578504562378,0.2623319625854492,0.016114473342895508,4.547977447509766,0.6565414667129517,0.004194140434265137,9.132530212402344,0.686694860458374,0.0026709437370300293,7.271986484527588,0.6875104308128357,acceptance_decrease
81,2,29901,29901,False,3.968743476434611e-05,0.0003242924576625228,0.0002846050192601979,12.9375,12.3203125,-1.8238806660519913e-05,1.1742115020751953e-05,0.9998137354850769,0.00017842189117800444,6.107134686317295e-05,0.9998254776000977,0.00015873047232162207,5.0774349801940843e-05,0.0006028413772583008,7.418223857879639,0.6906124353408813,0.0006211400032043457,7.4179511070251465,0.6905436515808105,E_within_noise
81,3,399,18637,True,1.4109597206115723,0.5377175807952881,-0.8732421398162842,0.21875,2.921875,1.3480180501937866,0.04023170471191406,0.5317572355270386,3.07639479637146,0.21151380240917206,0.5719889402389526,0.6390902996063232,0.14419624209403992,0.004507303237915039,7.084378242492676,0.6841667890548706,0.004713773727416992,9.333783149719238,0.6842397451400757,D_incidental_rank_flip
81,4,340,340,False,0.017160141840577126,0.05801331251859665,0.04085317254066467,6.421875,6.0390625,-0.004716460593044758,0.003490746021270752,0.5473998188972473,0.5935541391372681,0.18616726994514465,0.5508905649185181,0.5889880061149597,0.18516725301742554,0.00037091970443725586,10.046127319335938,0.6924165487289429,0.0013099908828735352,10.005560874938965,0.6909925937652588,E_within_noise
81,5,29892,29892,False,0.001150989904999733,0.08413643389940262,0.08298544585704803,9.4296875,4.109375,-0.016276301816105843,0.01613408327102661,0.906658947467804,0.09741589426994324,0.03322487324476242,0.9227930307388306,0.060843367129564285,0.01978040300309658,0.01272428035736084,4.371450901031494,0.6589546203613281,0.016475677490234375,4.308284759521484,0.6541788578033447,B_distribution_flattening
81,6,306,306,False,0.07175774872303009,0.3593057692050934,0.2875480055809021,5.8203125,2.4375,-0.08366473019123077,0.0011810660362243652,0.8061040639877319,0.20560164749622345,0.0655154287815094,0.8072851300239563,0.6582450270652771,0.09184864908456802,0.039856910705566406,3.3268179893493652,0.6076832413673401,0.042371153831481934,3.4722094535827637,0.6076630353927612,E_within_noise
81,7,29915,925,True,0.9047109484672546,0.20260024070739746,-0.7021107077598572,1.1875,3.921875,-3.883312225341797,-0.6510441303253174,0.6678708791732788,0.9848902225494385,0.12042238563299179,0.016826748847961426,6.007347106933594,0.6477574110031128,0.004082202911376953,7.429367542266846,0.6834812760353088,0.0034140348434448242,6.746130466461182,0.6850815415382385,acceptance_decrease
81,8,29885,29885,False,0.15577834844589233,0.11216606944799423,-0.0436122789978981,3.28125,3.71875,0.012914201244711876,0.012528836727142334,0.9749374389648438,0.017909478396177292,0.0035708793438971043,0.9874662756919861,0.005390628706663847,0.0011733087012544274,0.00012099742889404297,9.84996509552002,0.6926281452178955,0.00012445449829101562,9.900053977966309,0.6926310062408447,A_or_C_alignment(needs quality cross-check)
81,9,577,577,False,0.025207053869962692,0.0078047700226306915,-0.017402283847332,6.9765625,8.609375,0.001970052719116211,-0.001927018165588379,0.8629008531570435,0.14087755978107452,0.04708906635642052,0.8609738349914551,0.14764824509620667,0.04986517131328583,0.009729206562042236,4.854957103729248,0.6672794818878174,0.008265793323516846,4.8680548667907715,0.669458270072937,E_within_noise
81,10,1444,24173,True,0.4324239194393158,0.5603470206260681,0.12792310118675232,2.65625,1.5625,2.559563159942627,0.679121732711792,0.1053849458694458,6.099770545959473,0.5425841808319092,0.7845066785812378,0.9324501752853394,0.12092524021863937,0.004745602607727051,8.345325469970703,0.6840717792510986,0.005071520805358887,6.005058288574219,0.6807646751403809,D_incidental_rank_flip
81,11,20521,20521,False,4.8195277486229315e-05,0.0014854429755359888,0.0014372477307915688,12.6875,9.28125,-0.0001237311662407592,0.00012373924255371094,0.11637657880783081,2.150921583175659,0.50653076171875,0.11650031805038452,2.150139331817627,0.5062766075134277,6.9141387939453125e-06,12.47187328338623,0.6931171417236328,4.571676254272461e-05,12.470297813415527,0.6930201053619385,E_within_noise
81,12,310,310,False,0.3432195484638214,0.001854301430284977,-0.341365247964859,2.125,9.21875,-6.980695724487305,-0.10667288303375244,0.10757756233215332,6.0678486824035645,0.5152332782745361,0.0009046792984008789,7.171405792236328,0.6894621253013611,0.003710150718688965,6.118012428283691,0.6824240684509277,0.0017045140266418457,6.477229118347168,0.6870255470275879,acceptance_decrease
81,13,596,596,False,0.011214083060622215,0.011227999813854694,1.3916753232479095e-05,6.546875,6.921875,0.0001722577726468444,-0.0001844167709350586,0.7209460735321045,0.3268343508243561,0.1079055517911911,0.7207616567611694,0.3212364614009857,0.10526926070451736,0.011310100555419922,4.545220851898193,0.6630367040634155,0.011833608150482178,4.540966510772705,0.6609576940536499,E_within_noise
81,14,7786,7786,False,0.34144386649131775,0.2000921070575714,-0.14135175943374634,2.953125,4.0,-0.9992568492889404,-0.019142985343933105,0.0773613452911377,3.2535312175750732,0.5363547801971436,0.05821835994720459,3.442411422729492,0.5771173238754272,0.0041506290435791016,6.628811836242676,0.6836181879043579,0.008370399475097656,6.75441837310791,0.6796636581420898,acceptance_decrease
81,15,17487,17487,False,0.0003653391031548381,0.001778265694156289,0.001412926591001451,10.515625,9.359375,-0.00013338221469894052,7.253885269165039e-05,0.9977936148643494,0.0021132929250597954,0.0007233692449517548,0.997866153717041,0.002078013028949499,0.0006776641821488738,0.06989902257919312,2.660848617553711,0.5639475584030151,0.07003241777420044,2.659794807434082,0.5636019706726074,E_within_noise
81,16,304,304,False,2.2393194853975729e-07,1.71900937857572e-05,1.6966161638265476e-05,18.828125,15.171875,-1.0728830375228426e-06,-1.0132789611816406e-06,1.0,2.3102266766272805e-08,3.051921160235338e-09,0.9999989867210388,7.849354915379081e-06,3.0686021545989206e-07,0.003166019916534424,5.755102157592773,0.6824497580528259,0.0031669139862060547,5.755086421966553,0.68244469165802,E_within_noise
81,17,26901,26901,False,1.3214043065090664e-05,6.817153189331293e-05,5.495749064721167e-05,14.234375,13.375,-3.6954779716324992e-06,2.562999725341797e-06,0.9954724311828613,0.004534225445240736,0.0015701272059231997,0.9954749941825867,0.004524584393948317,0.0015657732728868723,0.02761620283126831,3.5893845558166504,0.6295864582061768,0.02761983871459961,3.5893428325653076,0.6295720338821411,E_within_noise
81,18,29875,29875,False,1.1032385600628913e-06,0.00017004804976750165,0.00016894481086637825,17.15625,11.6171875,-1.2755313036905136e-05,2.6226043701171875e-06,0.9999573826789856,4.240726775606163e-05,1.4626624761149287e-05,0.9999600052833557,5.038766175857745e-05,1.5225732568069361e-05,0.00020778179168701172,8.477238655090332,0.6921607255935669,0.0002206563949584961,8.47706413269043,0.6921270489692688,E_within_noise
81,19,29991,29991,False,0.00017792984726838768,0.0029618663247674704,0.0027839364483952522,11.15625,8.1875,-0.0002967827895190567,0.0002700686454772949,0.996843695640564,0.0030832814518362284,0.0010589674348011613,0.9971137642860413,0.00231928750872612,0.0007170574390329421,0.09085530042648315,2.398507833480835,0.536724328994751,0.09115195274353027,2.3964931964874268,0.5360830426216125,E_within_noise
81,20,1815,1815,False,1.2632707357406616,1.678745150566101,0.41547441482543945,0.078125,0.21875,-0.29209083318710327,-0.046845436096191406,0.4670135974884033,1.0572818517684937,0.19505836069583893,0.4201681613922119,1.8473666906356812,0.21459472179412842,0.004373610019683838,6.3938212394714355,0.6822782754898071,0.010704994201660156,5.903752326965332,0.6705754995346069,acceptance_decrease
81,21,366,366,False,0.0043775164522230625,0.00045738942571915686,-0.003920127172023058,7.609375,11.078125,0.00046848540659993887,-0.00047892332077026367,0.9964565634727478,0.0025125283282250166,0.0007929741404950619,0.9959776401519775,0.003962632734328508,0.001361820031888783,0.0014552474021911621,6.9522786140441895,0.6884105801582336,0.0009871125221252441,6.957207202911377,0.6892530918121338,E_within_noise
81,22,2649,2649,False,0.0026090394239872694,0.01985018700361252,0.01724114827811718,9.265625,6.015625,-0.002463284181430936,0.002459406852722168,0.9936179518699646,0.005785689223557711,0.0019483246142044663,0.9960773587226868,0.0030086194165050983,0.0010147057473659515,0.007262885570526123,4.956795692443848,0.6717625856399536,0.008020281791687012,4.9451165199279785,0.6709215044975281,E_within_noise
81,23,592,592,False,3.379215195309371e-05,0.07212599366903305,0.0720921978354454,12.953125,4.28125,-0.013729155994951725,0.00902402400970459,0.9886701703071594,0.011374459601938725,0.003933202475309372,0.997694194316864,0.00022453372366726398,5.4268901294562966e-05,0.0007886290550231934,7.148039817810059,0.6899358034133911,0.0011958479881286621,7.084869384765625,0.6890215277671814,E_within_noise
81,24,901,901,False,0.14124497771263123,0.5628360509872437,0.4215910732746124,3.515625,1.9843751192092896,-0.1504247933626175,-0.1335386037826538,0.9709839820861816,0.212428480386734,0.010461704805493355,0.8374453783035278,1.1106181144714355,0.056485019624233246,0.00957268476486206,4.758758068084717,0.6666531562805176,0.025870025157928467,4.648673057556152,0.6498777866363525,acceptance_decrease
81,25,1048,1048,False,3.266908970545046e-05,2.179444709327072e-05,-1.0874642612179741e-05,13.296875,13.578125,7.152544867494726e-07,-6.556510925292969e-07,0.9999789595603943,1.6419246094301343e-05,5.298021278576925e-06,0.9999783039093018,1.7871743693831377e-05,5.867941126780352e-06,0.0015522241592407227,6.469448089599609,0.6873520016670227,0.0015513896942138672,6.469456195831299,0.6873538494110107,E_within_noise
81,26,372,596,True,0.36526644229888916,0.8733542561531067,0.5080878138542175,3.046875,1.203125,-1.4928703308105469,-0.7025167942047119,0.9267810583114624,0.2956540286540985,0.025960475206375122,0.2242642641067505,6.308516979217529,0.40338605642318726,0.005535244941711426,5.76413631439209,0.6789510846138,0.005756556987762451,6.16878080368042,0.6785677075386047,acceptance_decrease
81,27,29973,29973,False,0.000167971127666533,0.005286883562803268,0.005118912551552057,11.25,7.390625,-0.0006108720554038882,0.0006089210510253906,0.9991072416305542,0.0008389206486754119,0.0002848406438715756,0.9997161626815796,0.00018361280672252178,6.0094971559010446e-05,0.0012840032577514648,6.6680073738098145,0.6882301568984985,0.0018946528434753418,6.662315845489502,0.6873936653137207,E_within_noise
81,28,13,1724,True,0.3970591127872467,0.8266528248786926,0.4295937120914459,1.921875,0.046875,-0.5997970104217529,-0.38096141815185547,0.8893373012542725,0.1884477138519287,0.038412585854530334,0.508375883102417,1.3957496881484985,0.18754035234451294,0.019979119300842285,4.076221466064453,0.6447269916534424,0.03120267391204834,5.145167350769043,0.6382800340652466,acceptance_decrease
81,29,13,13,False,0.003495169337838888,0.013838042505085468,0.010342873632907867,7.96875,6.4375,-0.0014027694705873728,-0.001395881175994873,0.9996296763420105,0.0014600310241803527,0.00012771924957633018,0.9982337951660156,0.008062274195253849,0.0005969694466330111,0.3224365711212158,1.1318506002426147,0.3258703052997589,0.32249701023101807,1.1336562633514404,0.3259355127811432,E_within_noise
81,30,23869,7900,True,0.8663268685340881,0.5256540179252625,-0.3406728506088257,0.140625,2.1875,-1.6648509502410889,-0.41141170263290405,0.5462341904640198,1.043700098991394,0.15611273050308228,0.13482248783111572,2.934490442276001,0.46139270067214966,0.006002187728881836,5.223777770996094,0.6751669049263,0.008175134658813477,5.458531379699707,0.6727334260940552,acceptance_decrease
81,31,4007,4007,False,0.017360538244247437,0.4449390172958374,0.42757847905158997,6.0625,1.671875,-0.17074547708034515,0.15658634901046753,0.7951887845993042,0.21888315677642822,0.07213491201400757,0.9517751336097717,0.04085194692015648,0.013681219890713692,0.0035216808319091797,6.77878475189209,0.6866699457168579,0.0054361820220947266,6.1797943115234375,0.6794915199279785,B_distribution_flattening
81,32,22137,22137,False,0.00013685465091839433,0.002930707996711135,0.0027938534040004015,12.5,8.71875,-0.0002829600707627833,0.00017070770263671875,0.9956424236297607,0.004334002733230591,0.0014963169815018773,0.9958131313323975,0.004508812911808491,0.0014230362139642239,0.0002448558807373047,8.353976249694824,0.6920279264450073,0.0004634857177734375,8.351430892944336,0.6918652057647705,E_within_noise
81,33,29901,29901,False,5.807717116113054e-06,2.2696449377690442e-05,1.688873271632474e-05,15.5,14.7421875,-1.0728826964623295e-06,-1.0728836059570312e-06,0.9999998807907104,1.7584818579052808e-07,2.2060348214836267e-08,0.9999988079071045,3.2478546927450225e-06,3.0195297995305737e-07,0.1953192949295044,1.6331183910369873,0.42702531814575195,0.19532030820846558,1.6331074237823486,0.42702096700668335,E_within_noise
81,34,4587,4587,False,0.008706171065568924,0.38557636737823486,0.37687018513679504,8.171875,3.265625,-0.07861959934234619,0.06074792146682739,0.23529988527297974,1.4448866844177246,0.39097148180007935,0.29604780673980713,1.2885571718215942,0.3471217751502991,0.0005041956901550293,10.413565635681152,0.6925063133239746,0.002901315689086914,9.939591407775879,0.688292920589447,B_distribution_flattening
81,35,3236,3236,False,0.0002442919067107141,0.00394480861723423,0.003700516652315855,11.296875,7.875,-0.0004110603767912835,-0.00022470951080322266,0.9998878240585327,7.94231818872504e-05,2.540913556003943e-05,0.9996631145477295,0.0005112650687806308,8.503234130330384e-05,0.00018799304962158203,8.690048217773438,0.6923112869262695,0.00021576881408691406,8.687273025512695,0.6922615766525269,E_within_noise
81,36,29991,29892,True,0.6350193023681641,0.6925898790359497,0.057570576667785645,0.703125,0.078125,-0.33083242177963257,0.1103137731552124,0.8506359457969666,0.04575579613447189,0.011618945747613907,0.960949718952179,0.0030919909477233887,0.0007660193368792534,0.013766884803771973,5.585477828979492,0.6624560356140137,0.013777017593383789,4.999538421630859,0.659675121307373,D_incidental_rank_flip
81,37,306,29871,True,0.7510323524475098,0.9945251941680908,0.24349284172058105,0.25,1.03125,-0.8623114824295044,-0.4485437273979187,0.8029466271400452,0.14141525328159332,0.03889390081167221,0.35440289974212646,1.7005095481872559,0.26764509081840515,0.03399091958999634,4.57832670211792,0.6251640319824219,0.11783838272094727,2.315969467163086,0.5086327791213989,acceptance_decrease
81,38,750,750,False,0.4993930160999298,0.3695020377635956,-0.12989097833633423,1.71875,3.359375,1.322309970855713,0.03423970937728882,0.026631593704223633,5.854649543762207,0.6354382038116455,0.06087130308151245,6.137055397033691,0.5895743370056152,0.005638718605041504,7.905837535858154,0.682618260383606,0.014116168022155762,8.234687805175781,0.6761242151260376,A_or_C_alignment(needs quality cross-check)
81,39,385,385,False,0.10613791644573212,0.2757115066051483,0.1695735901594162,3.875,3.1875,0.1599256992340088,0.00375211238861084,0.03614926338195801,4.012690544128418,0.6045373678207397,0.03990137577056885,3.928882360458374,0.5963966846466064,0.007510781288146973,6.780535697937012,0.6816992163658142,0.0075307488441467285,6.642551422119141,0.6806020140647888,E_within_noise
81,40,21863,21863,False,0.5620741248130798,0.733884334564209,0.17181020975112915,1.296875,0.046875,0.8215392827987671,0.27088820934295654,0.5967025756835938,0.34039729833602905,0.08687997609376907,0.8675907850265503,0.04453032463788986,0.011325767263770103,0.0032829642295837402,7.004802703857422,0.6862215399742126,0.0034923553466796875,6.700326919555664,0.6858497858047485,B_distribution_flattening
81,41,292,292,False,1.4051673133508302e-05,2.608936483738944e-05,1.2037691703881137e-05,14.265625,13.890625,-7.152548278099857e-07,7.748603820800781e-07,0.9998769164085388,0.00011962937423959374,4.117321077501401e-05,0.9998776912689209,0.00011600369180087,3.9581223973073065e-05,1.239776611328125e-05,11.383869171142578,0.6930755376815796,1.3172626495361328e-05,11.383857727050781,0.6930749416351318,E_within_noise
81,42,931,931,False,0.0009793805656954646,0.004107226151973009,0.0031278454698622227,9.9375,8.21875,-0.00033250945853069425,0.0003324747085571289,0.3325430750846863,1.100327730178833,0.31846630573272705,0.3328755497932434,1.0975803136825562,0.31732305884361267,0.0010250210762023926,6.9710469245910645,0.6891474723815918,0.0013574957847595215,6.96742582321167,0.6884902119636536,E_within_noise
81,43,3902,297,True,0.5094706416130066,0.3963550329208374,-0.11311560869216919,1.9687498807907104,2.484375,-0.8241124153137207,-0.008804500102996826,0.12785959243774414,2.143433094024658,0.48071053624153137,0.11905509233474731,3.349653482437134,0.5583881139755249,0.010048925876617432,6.467683792114258,0.6760777831077576,0.007014334201812744,5.576470375061035,0.6761319637298584,E_within_noise
81,44,8253,8253,False,6.046335556675331e-07,6.974907478252135e-07,9.28571921576804e-08,18.65625,18.015625,0.0,0.0,0.9999748468399048,2.5027207811945118e-05,8.677143341628835e-06,0.9999748468399048,2.503758150851354e-05,8.68064489623066e-06,4.76837158203125e-06,12.232869148254395,0.6931149363517761,4.76837158203125e-06,12.232869148254395,0.6931149363517761,E_within_noise
81,45,278,278,False,0.030348043888807297,0.03997182101011276,0.009623777121305466,5.578125,5.40625,-0.0013849581591784954,0.0013775229454040527,0.9384943842887878,0.06040303036570549,0.0205843485891819,0.9398719072341919,0.05683932453393936,0.019106393679976463,0.007424414157867432,5.135008811950684,0.673500120639801,0.007602095603942871,5.128391742706299,0.67291659116745,E_within_noise
81,46,9560,9560,False,0.4093013405799866,1.027702808380127,0.6184014678001404,2.953125,1.53125,-0.22462275624275208,0.013274013996124268,0.5473569631576538,0.6069247126579285,0.18136098980903625,0.5606309771537781,1.465997338294983,0.20710164308547974,0.016843736171722412,6.010290145874023,0.6681085824966431,0.03308957815170288,5.721278190612793,0.6470476388931274,B_distribution_flattening
81,47,24191,24191,False,0.4774920344352722,0.563856303691864,0.0863642692565918,2.03125,2.53125,-0.00788840651512146,0.028597474098205566,0.5079771280288696,0.6654385924339294,0.200383260846138,0.5365746021270752,0.5781071782112122,0.17069952189922333,0.011296629905700684,5.522320747375488,0.6716073751449585,0.014632821083068848,5.360152721405029,0.6643149852752686,A_or_C_alignment(needs quality cross-check)
81,48,310,310,False,0.00040259736124426126,9.649504499975592e-05,-0.0003061023307964206,10.40625,12.4375,-2.031222343444824,-2.7418136596679688e-05,0.47510164976119995,0.7439077496528625,0.22950197756290436,0.47507423162460327,0.7442085146903992,0.22963683307170868,0.0098036527633667,4.628102779388428,0.6655287742614746,0.00977623462677002,4.628377914428711,0.6656026244163513,E_within_noise
81,49,26901,26901,False,0.0010167518630623817,0.0017939471872523427,0.000777195324189961,10.046875,8.96875,-8.105194137897342e-05,-1.71661376953125e-05,0.9995083212852478,0.0004539838701020926,0.00015076083946041763,0.9994911551475525,0.0007538175559602678,0.00018260054639540613,0.002260863780975342,6.130436897277832,0.6852834224700928,0.002236008644104004,6.130048751831055,0.6852633953094482,E_within_noise
81,50,29875,29875,False,2.622414285724517e-06,1.8268397980136797e-05,1.5645982784917578e-05,15.796875,15.0,-7.152553962441743e-07,5.960464477539062e-07,0.9999891519546509,1.049419279297581e-05,3.6115704915573588e-06,0.9999897480010986,9.645053069107234e-06,3.2121192816703115e-06,0.00031310319900512695,8.069843292236328,0.6917277574539185,0.0003139376640319824,8.069830894470215,0.6917238831520081,E_within_noise
81,51,29889,29892,True,0.9134910702705383,0.29510214924812317,-0.6183888912200928,1.203125,3.21875,-3.9172096252441406,-0.4414464235305786,0.8269601464271545,0.07707493007183075,0.018428945913910866,0.3855137228965759,0.9369515180587769,0.24509048461914062,0.46917724609375,0.827736496925354,0.24489162862300873,0.14375752210617065,2.126176595687866,0.4641819894313812,acceptance_decrease
81,52,1670,450,True,1.075905203819275,1.8289955854415894,0.7530903816223145,1.171875,0.578125,3.259274482727051,0.20374363660812378,0.09691143035888672,3.3881194591522217,0.5513866543769836,0.3006550669670105,1.7923706769943237,0.33519446849823,0.006250441074371338,9.301187515258789,0.6861506700515747,0.016455352306365967,7.30135440826416,0.6680334806442261,D_incidental_rank_flip
81,53,29915,29915,False,0.275744765996933,0.8510562777519226,0.575311541557312,3.0,0.859375,0.7422518730163574,0.04217261075973511,0.335579514503479,1.0588047504425049,0.2977779805660248,0.3777521252632141,1.1867172718048096,0.2818666696548462,0.011267542839050293,5.782601356506348,0.6745090484619141,0.018576502799987793,5.344038486480713,0.666656494140625,B_distribution_flattening
81,54,29879,29879,False,8.658777915115934e-06,0.0017866312991827726,0.0017779725603759289,14.6953125,8.671875,-0.00017820192442741245,-8.565187454223633e-05,0.9999485611915588,4.941543738823384e-05,1.686831637925934e-05,0.9998629093170166,0.0001404199720127508,2.634354677866213e-05,0.00012636184692382812,8.981782913208008,0.6925176978111267,0.00027358531951904297,8.979989051818848,0.6923828125,E_within_noise
81,55,577,577,False,0.00885001104325056,0.019295327365398407,0.010445316322147846,7.921875,7.03125,-0.0013795619597658515,0.0008025765419006348,0.9814039468765259,0.017070883885025978,0.00573896337300539,0.9822065234184265,0.016293440014123917,0.005428154021501541,0.0059354305267333984,5.283818244934082,0.676042377948761,0.006776988506317139,5.272055625915527,0.6734462976455688,E_within_noise
81,56,1568,1568,False,2.1155074136913754e-05,3.21942861774005e-05,1.1039212040486746e-05,13.828125,13.234375,-8.344636626134161e-07,7.748603820800781e-07,0.9507806301116943,0.05045264586806297,0.017365291714668274,0.9507814049720764,0.050444893538951874,0.017361722886562347,0.0012407898902893066,6.693320274353027,0.6883752346038818,0.0012415647506713867,6.6933088302612305,0.6883724331855774,E_within_noise
81,57,304,304,False,0.5391244292259216,0.4539684057235718,-0.08515602350234985,1.59375,2.125,0.06858819723129272,0.05335068702697754,0.9003638029098511,0.08598721027374268,0.022228874266147614,0.9537144899368286,0.06770676374435425,0.016930393874645233,0.020036697387695312,4.869951248168945,0.6540484428405762,0.022973954677581787,5.0108418464660645,0.6518873572349548,A_or_C_alignment(needs quality cross-check)
81,58,1074,1074,False,0.009934358298778534,0.017213787883520126,0.007279429584741592,7.3125,7.53125,1.1945133209228516,0.0007979273796081543,0.10317128896713257,2.2745513916015625,0.5206432342529297,0.10396921634674072,2.2696595191955566,0.5191246271133423,0.0013409852981567383,7.8478875160217285,0.690391480922699,0.0015920400619506836,7.841707229614258,0.6900020241737366,E_within_noise
81,59,322,322,False,9.126185432251077e-06,0.003065959783270955,0.0030568335205316544,14.421875,8.015625,-0.0003358751710038632,0.0003357529640197754,0.9937700033187866,0.006243417970836163,0.002161748241633177,0.9941057562828064,0.00495522515848279,0.001629711245186627,0.14672541618347168,1.9191882610321045,0.47384798526763916,0.14706122875213623,1.9168083667755127,0.47300201654434204,E_within_noise
81,60,437,7271,True,0.13157989084720612,0.6177850961685181,0.48620522022247314,3.515625,1.15625,-1.41362464427948,-0.709851861000061,0.9549319744110107,0.07522772252559662,0.020627835765480995,0.2450801134109497,3.5558109283447266,0.3786296546459198,0.00046575069427490234,8.703892707824707,0.6915832757949829,0.0019496679306030273,7.783909320831299,0.688977837562561,acceptance_decrease
81,61,727,727,False,0.1916380524635315,0.7434381246566772,0.5518000721931458,3.03125,0.21875,2.2609803676605225,0.40359193086624146,0.048323750495910645,5.844588279724121,0.5918998718261719,0.4519156813621521,2.7928707599639893,0.2397700548171997,0.02967393398284912,5.453500747680664,0.6574786901473999,0.03847062587738037,4.060592174530029,0.6203324794769287,B_distribution_flattening
81,62,29892,29892,False,0.016512466594576836,0.16507089138031006,0.14855842292308807,6.1875,4.515625,-0.025477511808276176,0.012301027774810791,0.9658680558204651,0.028628278523683548,0.00931911077350378,0.9781690835952759,0.028834396973252296,0.0056078629568219185,0.04263317584991455,3.1973395347595215,0.6055065393447876,0.05335414409637451,3.111631155014038,0.5940059423446655,B_distribution_flattening
81,63,541,541,False,0.605649471282959,0.5392556190490723,-0.06639385223388672,1.421875,2.03125,0.4344949722290039,-0.0613253116607666,0.22061818838119507,3.900761365890503,0.46754974126815796,0.15929287672042847,4.214023113250732,0.4817432761192322,0.013676583766937256,5.65359354019165,0.6685737371444702,0.016203105449676514,5.754437446594238,0.665184736251831,acceptance_decrease
82,0,29871,29871,False,3.435391408856958e-05,0.00012447785411495715,9.012394002638757e-05,12.96875,11.59375,-7.152514172048541e-06,7.152557373046875e-06,0.9999337196350098,5.893917114008218e-05,1.9833647456835024e-05,0.9999408721923828,4.371415707282722e-05,1.4225915037968662e-05,0.030698776245117188,3.4835774898529053,0.6240900754928589,0.030705928802490234,3.4835152626037598,0.624071478843689,E_within_noise
82,1,3323,3323,False,0.6178573966026306,0.13164427876472473,-0.4862131178379059,0.9375,3.890625,0.3092810809612274,0.1781591773033142,0.776069700717926,0.25740376114845276,0.04982820153236389,0.9542288780212402,0.025549424812197685,0.00760590098798275,0.0038834214210510254,6.312685012817383,0.6826227903366089,0.0050814151763916016,5.936244964599609,0.6811316013336182,A_or_C_alignment(needs quality cross-check)
82,2,622,622,False,4.1387211240362376e-05,0.000187693236512132,0.00014630603254772723,13.09375,11.78125,-1.1205579539819155e-05,1.1205673217773438e-05,0.9954065084457397,0.0045829941518604755,0.0015893182717263699,0.9954177141189575,0.004532595630735159,0.0015678990166634321,0.0001741647720336914,8.669880867004395,0.6923094987869263,0.00018543004989624023,8.669731140136719,0.6922832727432251,E_within_noise
82,3,29901,29901,False,0.0002649278030730784,8.987203182186931e-05,-0.00017505577125120908,11.125,12.3671875,1.466254616389051e-05,-1.4722347259521484e-05,0.9997636079788208,0.0001883886579889804,6.143393693491817e-05,0.9997488856315613,0.00022998623899184167,7.766165072098374e-05,0.10055744647979736,2.297137975692749,0.5249293446540833,0.10054272413253784,2.297191858291626,0.5249413251876831,E_within_noise
82,4,922,922,False,0.3712737262248993,0.681509792804718,0.3102360665798187,2.015625,0.390625,1.2335327863693237,0.01511836051940918,0.12121725082397461,5.080156326293945,0.5951803922653198,0.1363356113433838,3.6585566997528076,0.5326954126358032,0.0023410916328430176,7.725872993469238,0.6873716115951538,0.002323746681213379,6.910873889923096,0.6865335702896118,B_distribution_flattening
82,5,1416,1416,False,8.60197760630399e-05,0.0003525317588355392,0.0002665119827724993,11.921875,10.453125,-2.3245385818881914e-05,2.3305416107177734e-05,0.7454614043235779,0.2937202751636505,0.09751500189304352,0.7454847097396851,0.29361873865127563,0.09747380018234253,2.294778823852539e-05,10.928316116333008,0.6930359601974487,2.4080276489257812e-05,10.928078651428223,0.6930277347564697,E_within_noise
82,6,292,292,False,1.966152893828621e-07,2.089632971546962e-06,1.893017724796664e-06,19.8203125,16.453125,-1.1920928244535389e-07,5.960464477539063e-08,0.999907910823822,9.160810441244394e-05,3.2027310226112604e-05,0.9999079704284668,9.142721683019772e-05,3.194653254467994e-05,0.0005507469177246094,7.504361152648926,0.6908055543899536,0.0005508065223693848,7.504359722137451,0.6908049583435059,E_within_noise
82,7,5169,5169,False,0.9649909138679504,0.9205574989318848,-0.044433414936065674,0.5624999403953552,1.1875,0.13048848509788513,0.08076441287994385,0.6006621718406677,1.4294641017913818,0.16153086721897125,0.6814265847206116,0.7605138421058655,0.11660126596689224,0.3891613483428955,1.878740668296814,0.3421272039413452,0.38992106914520264,1.378961443901062,0.3182327449321747,A_or_C_alignment(needs quality cross-check)
82,8,287,287,False,0.00047084366087801754,0.0062012397684156895,0.005730396136641502,10.09375,7.1875,-0.0007147319265641272,0.0006015300750732422,0.9860643148422241,0.01390669122338295,0.004805532284080982,0.9866658449172974,0.01341757457703352,0.004646083805710077,0.00012171268463134766,9.079303741455078,0.6925602555274963,0.00012195110321044922,9.075520515441895,0.692548394203186,E_within_noise
82,9,1627,1627,False,5.108073310111649e-05,1.495988999522524e-05,-3.6120844015385956e-05,13.7109375,14.9375,2.3841807887947652e-06,-2.2649765014648438e-06,0.9786186218261719,0.021591370925307274,0.007460951339453459,0.9786163568496704,0.02160622365772724,0.007467512972652912,0.0002880096435546875,8.163086891174316,0.691830575466156,0.00028574466705322266,8.163122177124023,0.691838264465332,E_within_noise
82,10,373,373,False,1.5686578990425915e-05,2.0384075469337404e-05,4.697496478911489e-06,13.921875,14.453125,-3.5762741390499286e-07,2.980232238769531e-07,0.9023216962814331,0.10276926308870316,0.03510545194149017,0.902321994304657,0.10276630520820618,0.03510413318872452,0.014370918273925781,4.2425761222839355,0.6554232835769653,0.014371275901794434,4.242569923400879,0.6554213762283325,E_within_noise
82,11,751,751,False,0.06032674014568329,0.06280630826950073,0.002479568123817444,4.9375,4.8125,-6.742624282836914,-0.0017939209938049316,0.0035962462425231934,6.558582305908203,0.6809123754501343,0.0018023252487182617,6.575081825256348,0.687263011932373,0.001995384693145752,6.914974212646484,0.6877285242080688,0.0025451183319091797,6.912232875823975,0.6870677471160889,E_within_noise
82,12,4254,4254,False,0.00024575955467298627,0.0001896986796054989,-5.606087506748736e-05,10.921875,11.390625,5.602740202448331e-06,-5.602836608886719e-06,0.9950398802757263,0.004937505815178156,0.001714097335934639,0.9950342774391174,0.004937473218888044,0.001713152858428657,5.1975250244140625e-05,10.022825241088867,0.6928924322128296,5.239248275756836e-05,10.022871971130371,0.6928919553756714,E_within_noise
82,13,368,368,False,2.2501801595353754e-06,2.4697339540580288e-05,2.2447158698923886e-05,16.09375,13.28125,-1.5497193999181036e-06,2.384185791015625e-07,0.9999973773956299,2.45371643359249e-06,8.537965641153278e-07,0.999997615814209,3.464367637207033e-06,1.0162116268475074e-06,6.371736526489258e-05,9.659378051757812,0.6928067207336426,6.532669067382812e-05,9.659358024597168,0.692804753780365,E_within_noise
82,14,4231,4231,False,1.5490079022129066e-05,3.120244582532905e-05,1.5712366803199984e-05,13.859375,13.140625,-1.0728819006544654e-06,1.1324882507324219e-06,0.8788436651229858,0.12913598120212555,0.04394403100013733,0.8788447976112366,0.12913072109222412,0.04394185543060303,0.0019203424453735352,6.255825996398926,0.6861798167228699,0.0019214153289794922,6.255813121795654,0.6861765384674072,E_within_noise
82,15,273,273,False,3.8398924516513944e-05,0.0005381565424613655,0.0004997575888410211,13.3125,10.40625,-4.1245461034122854e-05,-4.011392593383789e-05,0.9999972581863403,8.488436833431479e-06,1.3705664514418459e-06,0.9999571442604065,0.000262731802649796,1.5142093616304919e-05,3.0279159545898438e-05,10.480488777160645,0.6929807662963867,6.437301635742188e-05,10.479996681213379,0.69294273853302,E_within_noise
82,16,1455,1455,False,1.7765603843145072e-05,0.004196202848106623,0.004178437404334545,14.140625,9.3203125,-0.0003228854911867529,0.00016248226165771484,0.9821900129318237,0.01795831322669983,0.006209408398717642,0.9823524951934814,0.017703775316476822,0.005992297548800707,0.0036603212356567383,5.61045503616333,0.6810433864593506,0.003984391689300537,5.606855869293213,0.6801462173461914,E_within_noise
82,17,13969,13969,False,5.7193872635252774e-05,0.0002132533845724538,0.00015605951193720102,12.609375,11.125,-1.3112882697896566e-05,1.3113021850585938e-05,0.8307985663414001,0.18535499274730682,0.06255210936069489,0.8308116793632507,0.18533869087696075,0.06254692375659943,0.003612041473388672,5.624503135681152,0.6811836957931519,0.003625154495239258,5.624402046203613,0.6811686754226685,E_within_noise
82,18,13,13,False,0.0048648398369550705,0.0004748449719045311,-0.004389994777739048,8.5,10.34375,-1.8433103561401367,-0.0001944899559020996,0.12537407875061035,2.076911687850952,0.4957679510116577,0.12517958879470825,2.0778377056121826,0.49657827615737915,0.15410304069519043,1.8703256845474243,0.4658357799053192,0.15366339683532715,1.8728705644607544,0.4666786193847656,E_within_noise
82,19,13,13,False,3.951934922952205e-05,0.0005165569600649178,0.000477037625387311,12.796875,10.0625,-4.2556694097584113e-05,-4.2319297790527344e-05,0.9999972581863403,1.6681558918207884e-05,1.0239572247883189e-06,0.9999549388885498,0.00038130758912302554,1.5536310456809588e-05,0.08740401268005371,2.437227249145508,0.541074812412262,0.08744645118713379,2.4370436668395996,0.5410317182540894,E_within_noise
82,20,29928,29928,False,0.0003789273905567825,0.00047189483302645385,9.296744246967137e-05,11.8359375,11.296875,-5.721874913433567e-06,5.841255187988281e-06,0.9991825819015503,0.0007549476576969028,0.00025569996796548367,0.9991884231567383,0.0007538226200267673,0.0002556037507019937,0.002190530300140381,6.135700702667236,0.6853541135787964,0.002196073532104492,6.135606288909912,0.6853240132331848,E_within_noise
82,21,799,799,False,7.705294410698116e-05,0.002145610051229596,0.0020685570780187845,12.140625,9.40625,-0.00018940454174298793,0.00010162591934204102,0.9990109205245972,0.000972225156147033,0.0003409590572118759,0.9991125464439392,0.0008784795645624399,0.00029770220862701535,4.1961669921875e-05,10.224876403808594,0.6929335594177246,0.00011789798736572266,10.222941398620605,0.6928284168243408,E_within_noise
82,22,518,518,False,0.007082611322402954,0.00841141864657402,0.0013288073241710663,7.109375,6.921875,-0.00017995527014136314,0.00017982721328735352,0.7483434081077576,0.2880837917327881,0.09552906453609467,0.7485232353210449,0.28763046860694885,0.09536749124526978,0.035443782806396484,3.3452916145324707,0.616033673286438,0.035455286502838135,3.3448126316070557,0.6159728765487671,E_within_noise
82,23,19111,19111,False,0.002147302497178316,0.0032676649279892445,0.0011203624308109283,8.921875,8.6875,-0.00010165905405301601,-1.7881393432617188e-07,0.9254224300384521,0.07752691209316254,0.02655847743153572,0.9254222512245178,0.0775606781244278,0.026481447741389275,0.0015950798988342285,6.579276084899902,0.6873948574066162,0.0016968250274658203,6.578116416931152,0.6871461272239685,E_within_noise
82,24,19188,19188,False,2.7349187803338282e-05,3.0947179766371846e-05,3.5979919630335644e-06,13.203125,13.125,-2.3841812435421161e-07,2.384185791015625e-07,0.9981781840324402,0.0018129306845366955,0.0006271306774578989,0.9981784224510193,0.0018116188002750278,0.0006265583215281367,0.0001786947250366211,8.64181137084961,0.6922926306724548,0.00017893314361572266,8.64180850982666,0.6922920942306519,E_within_noise
82,25,29915,29915,False,0.00012944273476023227,3.813985676970333e-05,-9.130287799052894e-05,12.03125,13.5703125,7.152514172048541e-06,-4.947185516357422e-06,0.9999534487724304,3.5017488698940724e-05,1.0847184967133217e-05,0.9999485015869141,4.661584898713045e-05,1.56276291818358e-05,0.003499150276184082,5.657879829406738,0.6815036535263062,0.003491997718811035,5.657951831817627,0.6815193891525269,E_within_noise
82,26,29879,29879,False,4.3498764057403605e-07,1.4779762977923383e-06,1.0429886287965928e-06,18.0234375,17.6875,0.0,0.0,0.9999980926513672,1.8163005961469025e-06,6.381075081662857e-07,0.9999980926513672,1.8229279703518841e-06,6.195613195814076e-07,0.002056121826171875,6.186958312988281,0.6857575178146362,0.002056121826171875,6.186957836151123,0.6857572793960571,E_within_noise
82,27,4408,4408,False,0.0009958816226571798,0.0029679725412279367,0.001972090918570757,9.71875,8.46875,-0.00020035328634548932,0.0002002716064453125,0.9796320796012878,0.020160699263215065,0.006918811239302158,0.9798323512077332,0.019263451918959618,0.00653716828674078,0.005308270454406738,5.254065036773682,0.6765733957290649,0.005508720874786377,5.252260208129883,0.6761945486068726,E_within_noise
82,28,1402,1402,False,0.00035165902227163315,0.0018043027957901359,0.0014526437735185027,10.96875,9.71875,-0.00013016446609981358,-0.00013017654418945312,0.9999815225601196,2.1433956135297194e-05,3.5500868307281053e-06,0.9998513460159302,0.0003782455460168421,4.176037691649981e-05,0.00019925832748413086,8.670924186706543,0.6922615766525269,0.0003293752670288086,8.669559478759766,0.6921291947364807,E_within_noise
82,29,13,13,False,2.4289140128530562e-05,2.0279929231037386e-05,-4.009210897493176e-06,13.359375,13.828125,3.5762741390499286e-07,-5.960464477539062e-07,0.9999924302101135,4.72384908789536e-06,1.4716912346557365e-06,0.9999918341636658,6.377545560098952e-06,1.95130678548594e-06,0.06837469339370728,2.682755708694458,0.5660943984985352,0.06837433576583862,2.682760000228882,0.5660961866378784,E_within_noise
82,30,13,13,False,5.587732175627025e-06,8.031488505366724e-06,2.443756329739699e-06,15.0625,15.1171875,0.0,0.0,0.9999997019767761,5.043206670052314e-07,1.0631568159169547e-07,0.9999997019767761,6.123262323853851e-07,9.68851594507214e-08,0.2714635729789734,1.3039257526397705,0.36347901821136475,0.27146369218826294,1.3039236068725586,0.363477885723114,E_within_noise
82,31,29902,29902,False,0.000209532561711967,0.003924322314560413,0.0037147896364331245,12.1015625,9.5234375,-0.0003224045503884554,0.0002009272575378418,0.9981173872947693,0.0018306695856153965,0.0006287636933848262,0.9983183145523071,0.00166042847558856,0.0004906181711703539,0.0006682872772216797,7.331393241882324,0.6903685331344604,0.0009908080101013184,7.328002452850342,0.6898366212844849,E_within_noise
82,32,4966,4966,False,0.001595842419192195,0.01090766116976738,0.009311818517744541,9.015625,6.578125,-0.00126441300380975,7.331371307373047e-05,0.9980431199073792,0.001858753152191639,0.000640916870906949,0.9981164336204529,0.0033073481172323227,0.0008655816200189292,0.0008920431137084961,7.1966729164123535,0.689910352230072,0.0011883378028869629,7.188068866729736,0.6895369291305542,E_within_noise
82,33,445,445,False,1.8011136489803903e-05,0.00014427024871110916,0.00012625911040231586,13.875,11.625,-9.894310096569825e-06,1.0013580322265625e-05,0.9998323917388916,0.00016648924793116748,5.766590766143054e-05,0.9998424053192139,0.0001310910447500646,4.3054176785517484e-05,0.0020704269409179688,6.1805033683776855,0.6857137084007263,0.0020803213119506836,6.180373191833496,0.6856790781021118,E_within_noise
82,34,4876,4876,False,0.0014096777886152267,0.016152208670973778,0.014742530882358551,9.390625,6.96875,-0.0017676361603662372,0.0017659664154052734,0.9567680358886719,0.0435129851102829,0.014911271631717682,0.9585340023040771,0.03808915615081787,0.012728467583656311,0.002631664276123047,5.9681243896484375,0.6841219663619995,0.0030005574226379395,5.959634304046631,0.6836171746253967,E_within_noise
82,35,14061,14061,False,0.0038534526247531176,0.022239767014980316,0.018386313691735268,7.921875,6.84375,-0.002293940167874098,0.00034302473068237305,0.9982678294181824,0.0011018705554306507,0.0003431705990806222,0.9986108541488647,0.002525119576603174,0.00042836752254515886,0.0031020045280456543,5.91497278213501,0.6833044290542603,0.004184067249298096,5.901845455169678,0.6823995113372803,E_within_noise
82,36,366,366,False,6.0073148233641405e-06,9.519671948510222e-06,3.5123571251460817e-06,15.125,14.796875,-2.3841846541472478e-07,-1.7881393432617188e-07,0.9999997615814209,2.0957253354936256e-07,6.047991973900935e-08,0.9999995827674866,5.419422564045817e-07,1.0535297434444146e-07,0.08702611923217773,2.4415476322174072,0.5415529608726501,0.08702635765075684,2.441545248031616,0.5415520668029785,E_within_noise
82,37,1532,1532,False,0.0045065185986459255,0.0002484542492311448,-0.004258064553141594,7.578125,11.140625,0.0005007821600884199,-0.0005006194114685059,0.9899525046348572,0.008542176336050034,0.0028107366524636745,0.9894518852233887,0.010499101132154465,0.003620911855250597,0.001368701457977295,7.066764831542969,0.6886513233184814,0.0008679032325744629,7.072304725646973,0.6896568536758423,E_within_noise
82,38,29889,29889,False,8.010388228285592e-06,3.288285370217636e-05,2.487246456439607e-05,14.65625,14.1875,-1.549718831483915e-06,7.748603820800781e-07,0.9999938011169434,5.113436600368004e-06,1.6503475990248262e-06,0.9999945759773254,4.6117093006614596e-06,1.269166887141182e-06,0.0009201765060424805,6.991124153137207,0.6894692182540894,0.0009217262268066406,6.9910993576049805,0.6894621253013611,E_within_noise
82,39,306,306,False,0.05652399733662605,0.051058534532785416,-0.005465462803840637,4.59375,4.78125,0.001502353698015213,-0.001015007495880127,0.9945650696754456,0.005368173122406006,0.0018505883635953069,0.9935500621795654,0.005148022901266813,0.0017441161908209324,0.0029679536819458008,6.3019022941589355,0.6847859621047974,0.0031793713569641113,6.307311534881592,0.6845808029174805,E_within_noise
82,40,626,626,False,0.022964000701904297,0.7275705933570862,0.7046065926551819,6.8203125,1.1875,-0.30341440439224243,-0.21445304155349731,0.9669865965843201,0.028190823271870613,0.009294604882597923,0.7525335550308228,0.6781643629074097,0.08486948907375336,0.0014379620552062988,8.276049613952637,0.6904462575912476,0.0034200549125671387,7.624312877655029,0.686941385269165,acceptance_decrease
82,41,5007,5007,False,0.18400689959526062,0.17010854184627533,-0.01389835774898529,3.15625,5.09375,0.019519858062267303,0.014739274978637695,0.9701663851737976,0.0275633092969656,0.005830766633152962,0.9849056601524353,0.030587248504161835,0.004655132535845041,0.002323627471923828,6.671269416809082,0.6868999004364014,0.006394922733306885,6.650725841522217,0.681368350982666,A_or_C_alignment(needs quality cross-check)
82,42,304,304,False,3.2733478292357177e-05,2.8838323487434536e-05,-3.89515480492264e-06,13.8515625,14.3515625,3.576271865313174e-07,-2.980232238769531e-07,0.99919593334198,0.0007961817318573594,0.0002751675492618233,0.9991956353187561,0.0007959594368003309,0.0002750403364188969,0.01829659938812256,4.00112247467041,0.647308349609375,0.018296241760253906,4.001125812530518,0.647308886051178,E_within_noise
82,43,16508,16508,False,0.5516555309295654,0.7590305805206299,0.20737504959106445,1.40625,0.03125,0.9151549339294434,0.29360759258270264,0.35608339309692383,1.0605347156524658,0.24193671345710754,0.6496909856796265,0.4201560318470001,0.10547226667404175,0.002609431743621826,7.992254257202148,0.6872626543045044,0.0033858418464660645,7.146010875701904,0.6857383251190186,B_distribution_flattening
82,44,596,596,False,3.7604149838443846e-05,6.805409793742001e-05,3.0449948098976165e-05,13.265625,12.53125,-2.384177150815958e-06,2.3245811462402344e-06,0.9769023656845093,0.02334974706172943,0.008068627677857876,0.9769046902656555,0.023339062929153442,0.008064121939241886,0.006385087966918945,5.054187297821045,0.6738078594207764,0.00638735294342041,5.054162502288818,0.6738014221191406,E_within_noise
82,45,16705,16705,False,0.7391773462295532,0.024978123605251312,-0.7141992449760437,0.4687500298023224,5.890625,0.4948062002658844,0.34564489126205444,0.6189122200012207,1.1883955001831055,0.14481067657470703,0.9645571112632751,0.031508736312389374,0.010581893846392632,0.04171037673950195,4.181594371795654,0.6136306524276733,0.0398409366607666,3.240293502807617,0.6087420582771301,A_or_C_alignment(needs quality cross-check)
82,46,373,373,False,9.014091119752266e-06,7.562513474113075e-06,-1.4515776456391905e-06,14.703125,15.40625,2.3841846541472478e-07,1.7881393432617188e-07,0.9999977946281433,2.108389935528976e-06,7.071932941471459e-07,0.9999979734420776,1.5959695929268491e-06,5.295805749483407e-07,0.002502739429473877,5.990662097930908,0.6843976378440857,0.002502620220184326,5.990664958953857,0.684398353099823,E_within_noise
82,47,278,278,False,0.000444319739472121,0.0002502300776541233,-0.0001940896618179977,10.1875,11.3125,1.943054303410463e-05,-1.9490718841552734e-05,0.9999182820320129,4.98478657391388e-05,1.6053967556217685e-05,0.9998987913131714,7.71018021623604e-05,2.511863931431435e-05,0.003542602062225342,5.653637886047363,0.6814285516738892,0.00352323055267334,5.65376615524292,0.6814389228820801,E_within_noise
82,48,751,751,False,0.07468284666538239,0.7545278072357178,0.6798449754714966,4.34375,0.84375,-0.3754373788833618,-0.24800652265548706,0.9490136504173279,0.03378691524267197,0.010518700815737247,0.7010071277618408,1.715201735496521,0.11858417093753815,0.005582451820373535,6.02933406829834,0.680631697177887,0.011479377746582031,5.216544151306152,0.6678746938705444,acceptance_decrease
82,49,4254,4254,False,4.8141551815206185e-05,0.0005894852220080793,0.0005413436447270215,12.921875,9.84375,-5.0662492867559195e-05,5.060434341430664e-05,0.999734103679657,0.00025285707670263946,8.622136374469846e-05,0.9997847080230713,0.00013416522415354848,4.1736177081475034e-05,0.00036215782165527344,7.9320549964904785,0.6915361285209656,0.00037169456481933594,7.931689739227295,0.6915257573127747,E_within_noise
82,50,368,368,False,6.431231213355204e-06,8.455815077468287e-06,2.024583864113083e-06,14.75,14.4375,-2.3841846541472478e-07,1.7881393432617188e-07,0.9999996423721313,2.0189571614537272e-07,5.723391893752705e-08,0.9999998211860657,8.774232185260189e-08,5.604486474908299e-08,7.522106170654297e-05,9.498029708862305,0.6927525401115417,7.534027099609375e-05,9.498026847839355,0.6927522420883179,E_within_noise
82,51,4231,4231,False,3.002908306370955e-05,3.6251101846573874e-05,6.222018782864325e-06,13.078125,12.875,-4.768360213347478e-07,4.76837158203125e-07,0.9998864531517029,0.00010915711027337238,3.755965371965431e-05,0.9998869299888611,0.00010823836782947183,3.7231606256682426e-05,0.003457188606262207,5.668034076690674,0.6816186308860779,0.00345766544342041,5.668028831481934,0.6816171407699585,E_within_noise
82,52,273,273,False,2.7190109904040582e-05,9.896208939608186e-05,7.177198131103069e-05,13.328125,12.6875,-4.6491431930917315e-06,-2.682209014892578e-06,0.9999986290931702,1.188893861581164e-06,3.216265440642019e-07,0.9999959468841553,5.675090505974367e-06,7.860194273234811e-07,4.887580871582031e-05,9.967666625976562,0.6928850412368774,5.352497100830078e-05,9.967596054077148,0.692872166633606,E_within_noise
82,53,1455,1455,False,7.738271051493939e-06,3.289142478024587e-05,2.515315281925723e-05,14.578125,13.28125,-1.6689278936610208e-06,1.6689300537109375e-06,0.9992277026176453,0.0007691067876294255,0.00026604795129969716,0.999229371547699,0.0007601244724355638,0.00026206570328213274,0.0011771917343139648,6.74500036239624,0.6885875463485718,0.001178741455078125,6.744976043701172,0.6885808110237122,E_within_noise
82,54,13969,13969,False,8.875285857357085e-05,0.000377834279788658,0.0002890814212150872,12.015625,10.390625,-2.586790651548654e-05,2.5928020477294922e-05,0.9710472226142883,0.029361022636294365,0.01013503409922123,0.9710731506347656,0.029325375333428383,0.010122774168848991,0.0002237558364868164,8.43460464477539,0.6921125650405884,0.00024169683456420898,8.434370040893555,0.6920974254608154,E_within_noise
82,55,393,306,True,0.5145821571350098,0.7640742063522339,0.24949204921722412,1.34375,0.75,-3.0824766159057617,-0.6611806750297546,0.7195618152618408,0.6111326217651367,0.14541615545749664,0.05838114023208618,3.565917730331421,0.5681182146072388,0.0042476654052734375,5.598322868347168,0.6789060831069946,0.31292879581451416,4.399592876434326,0.4507220983505249,acceptance_decrease
82,56,306,306,False,5.72231283513247e-06,5.7121444115182385e-05,5.139913264429197e-05,15.875,13.15625,-3.457062575762393e-06,2.562999725341797e-06,0.9999834895133972,1.5654612070648e-05,5.3267672228685115e-06,0.9999860525131226,1.3050861525698565e-05,3.831940375675913e-06,0.021328747272491455,3.847712755203247,0.6413354277610779,0.021332204341888428,3.8476717472076416,0.6413215398788452,E_within_noise
82,57,13240,13240,False,0.6516894102096558,0.6879236698150635,0.036234259605407715,1.8437498807907104,1.046875,-0.10255162417888641,-0.07885116338729858,0.8296699523925781,0.4202449321746826,0.05568840354681015,0.7508187890052795,0.44782066345214844,0.0762002170085907,0.004971563816070557,6.04193639755249,0.6807593703269958,0.004474222660064697,6.043905258178711,0.6814152002334595,acceptance_decrease
82,58,363,363,False,0.020221075043082237,0.8644298911094666,0.844208836555481,6.953125,0.390625,4.511193752288818,0.05692100524902344,0.12970387935638428,2.0453944206237793,0.49031001329421997,0.18662488460540771,1.7991394996643066,0.4150201678276062,0.003911733627319336,5.947265625,0.6813679337501526,0.030683040618896484,5.0664191246032715,0.6538031101226807,B_distribution_flattening
82,59,1749,1749,False,0.5072847604751587,0.1989603340625763,-0.3083244264125824,1.9531248807907104,3.078125,-1.0093224048614502,-0.08561325073242188,0.2380537986755371,1.6291446685791016,0.3629922866821289,0.15244054794311523,1.9859089851379395,0.4422109127044678,0.030963242053985596,7.386880397796631,0.6567814350128174,0.0034494400024414062,7.909214973449707,0.6844465732574463,acceptance_decrease
82,60,13013,3815,True,0.6437100172042847,0.20896267890930176,-0.4347473382949829,1.0,3.125,1.2763665914535522,0.6358102560043335,0.28239744901657104,3.0713117122650146,0.3468315303325653,0.9182077050209045,0.11926601827144623,0.03290216997265816,0.004827141761779785,6.933996677398682,0.6831175684928894,0.004828810691833496,6.379031658172607,0.6833159923553467,D_incidental_rank_flip
82,61,29889,29889,False,0.026584424078464508,0.0008354895981028676,-0.025748934596776962,5.59375,10.296875,0.003836735850200057,0.0034647583961486816,0.9963444471359253,0.00739378621801734,0.0009846860775724053,0.999809205532074,0.00012769516615662724,3.9067603211151436e-05,0.0018701553344726562,6.634365558624268,0.687168300151825,0.001356959342956543,6.655695915222168,0.6880546808242798,E_within_noise
82,62,306,306,False,0.5725789666175842,0.41332948207855225,-0.15924948453903198,1.75,2.25,1.6518902778625488,-0.05076885223388672,0.3503459095954895,1.1882771253585815,0.3194195628166199,0.2995770573616028,1.3007476329803467,0.3389014005661011,0.004384100437164307,7.2504496574401855,0.6844463348388672,0.004854142665863037,7.454193115234375,0.6845182180404663,acceptance_decrease
82,63,723,505,True,0.6631519198417664,0.7834952473640442,0.12034332752227783,2.15625,1.9296875,0.20087432861328125,0.02564185857772827,0.14116722345352173,3.121267318725586,0.4614652097225189,0.16680908203125,2.5684404373168945,0.4215877056121826,0.0044825077056884766,6.174790859222412,0.6816238164901733,0.0099945068359375,6.969522476196289,0.6753867268562317,D_incidental_rank_flip
83,0,29871,29871,False,6.110665708547458e-05,0.00017065374413505197,0.00010954708704957739,12.296875,11.9375,-7.867747626733035e-06,7.033348083496094e-06,0.9999464154243469,4.35085930803325e-05,1.4254249435907695e-05,0.9999534487724304,3.1426690838998184e-05,9.578958270139992e-06,0.34002065658569336,1.078717589378357,0.31363072991371155,0.3400285840034485,1.0786608457565308,0.31360772252082825,E_within_noise
83,1,18585,18585,False,0.48180845379829407,0.7998191118240356,0.3180106580257416,2.015625,0.875,-0.24656903743743896,-0.18005859851837158,0.8895930051803589,0.2945697009563446,0.05651472136378288,0.7095344066619873,0.8552446365356445,0.11390010267496109,0.0027451515197753906,7.491358757019043,0.6879109144210815,0.001859903335571289,7.2793731689453125,0.6881465911865234,acceptance_decrease
83,2,29892,29892,False,0.2577902674674988,0.1403767168521881,-0.11741355061531067,2.5625,3.421875,0.04215419664978981,-0.03997224569320679,0.9840254783630371,0.0016980888321995735,0.0004369099624454975,0.9440532326698303,0.025424223393201828,0.007247395813465118,0.18905365467071533,1.7898472547531128,0.43743056058883667,0.18905317783355713,1.6969350576400757,0.43420857191085815,acceptance_decrease
83,3,1244,1244,False,0.005690287798643112,0.15882553160190582,0.1531352400779724,7.34375,3.265625,-0.036902543157339096,0.0008862018585205078,0.981394350528717,0.01655196025967598,0.005500084720551968,0.9822805523872375,0.00676100654527545,0.0014994611265137792,0.01689392328262329,4.115309238433838,0.649946928024292,0.04350447654724121,3.9437415599823,0.6297515630722046,E_within_noise
83,4,29915,29915,False,0.5235627889633179,0.25253725051879883,-0.27102553844451904,1.28125,2.59375,0.1729728728532791,-0.1477956771850586,0.752422571182251,0.13237415254116058,0.0346834659576416,0.6046268939971924,0.3826626241207123,0.10891686379909515,0.003820061683654785,6.589480876922607,0.6823517680168152,0.003822803497314453,7.1226067543029785,0.6841254234313965,acceptance_decrease
83,5,29879,29879,False,1.7051630152309372e-07,4.9494890845380723e-05,4.932437514071353e-05,20.2578125,12.984375,-3.2186455882765586e-06,-2.562999725341797e-06,0.9999995827674866,3.4015943128906656e-07,1.4611032383982092e-07,0.9999970197677612,1.4105745322012808e-05,9.878708624455612e-07,0.0038671493530273438,5.555141925811768,0.6804676055908203,0.003870248794555664,5.555104732513428,0.6804578900337219,E_within_noise
83,6,385,385,False,0.001272411085665226,0.005187708418816328,0.003915297333151102,8.96875,7.390625,-0.0004902443615719676,0.0004894137382507324,0.9990609288215637,0.0006687571294605732,0.00021117663709446788,0.9995503425598145,0.00011356108007021248,3.073945117648691e-05,0.08009737730026245,2.5248703956604004,0.5501472353935242,0.08058738708496094,2.5211024284362793,0.5488993525505066,E_within_noise
83,7,27887,27887,False,4.2049101466545835e-05,0.0008425923879258335,0.0008005432900972664,13.6875,9.59375,-7.331083179451525e-05,6.973743438720703e-05,0.9993126392364502,0.0006773245404474437,0.00023359560873359442,0.9993823766708374,0.0005722069763578475,0.0001960183581104502,0.2632949948310852,1.3344608545303345,0.36982446908950806,0.2633683681488037,1.3339999914169312,0.36965101957321167,E_within_noise
83,8,363,363,False,4.6987483074190095e-05,0.00013326505722943693,8.627757779322565e-05,13.453125,12.015625,-6.437260708480608e-06,-2.980232238769531e-07,0.9999859929084778,1.0426634617033415e-05,2.951190253952518e-06,0.9999856948852539,6.918262806721032e-05,5.563430022448301e-06,0.0526806116104126,2.943535089492798,0.5885840654373169,0.05268716812133789,2.9434995651245117,0.588575541973114,E_within_noise
83,9,263,263,False,0.053287360817193985,0.36751893162727356,0.3142315745353699,5.25,2.171875,-0.10477808862924576,-0.0012760758399963379,0.6416710019111633,0.4629139006137848,0.14239878952503204,0.640394926071167,1.2597696781158447,0.16940107941627502,0.006799578666687012,5.957781791687012,0.6802586317062378,0.009325265884399414,5.640659332275391,0.6744765043258667,E_within_noise
83,10,12618,12618,False,0.015247124247252941,0.0005877182702533901,-0.014659405685961246,7.09375,10.953125,0.0017118490068241954,-0.0017101764678955078,0.9805953502655029,0.01565120927989483,0.005082883406430483,0.9788851737976074,0.021149739623069763,0.007286823354661465,0.009340226650238037,4.867245674133301,0.667749285697937,0.007630109786987305,4.881285667419434,0.6706745028495789,E_within_noise
83,11,1400,1400,False,2.889937604777515e-05,3.3716387406457216e-05,4.817011358682066e-06,13.984375,13.8125,-4.7683624870842323e-07,3.5762786865234375e-07,0.9999776482582092,1.889621307782363e-05,6.252201728784712e-06,0.9999780058860779,1.7976029994315468e-05,5.971682639938081e-06,0.0009150505065917969,6.998245716094971,0.6894856691360474,0.0009154081344604492,6.9982428550720215,0.6894859075546265,E_within_noise
83,12,17420,17420,False,0.01798407733440399,0.034163668751716614,0.016179591417312622,6.390625,5.578125,-0.002513054758310318,-0.002500474452972412,0.9980181455612183,0.003038981696590781,0.00046678006765432656,0.9955176711082458,0.009886093437671661,0.0012446470791473985,0.04742324352264404,3.0781986713409424,0.5941517353057861,0.04992765188217163,3.060774326324463,0.5893409848213196,E_within_noise
83,13,1023,1023,False,0.00046614554594270885,0.006778415758162737,0.006312270183116198,10.640625,7.234375,2.6867427825927734,0.0007566213607788086,0.22082757949829102,1.5101418495178223,0.40444880723953247,0.22158420085906982,1.506076693534851,0.4030509889125824,0.00020354986190795898,8.701251983642578,0.692264199256897,0.0009466409683227539,8.693892478942871,0.691730260848999,E_within_noise
83,14,5972,5972,False,1.5772575352457352e-05,4.7486340918112546e-05,3.17137673846446e-05,13.96875,13.40625,-2.2649717266176594e-06,1.430511474609375e-06,0.956520676612854,0.044442709535360336,0.015305882319808006,0.9565221071243286,0.04443887993693352,0.015304267406463623,0.017026543617248535,4.073038101196289,0.6498842239379883,0.01702868938446045,4.0730109214782715,0.6498754024505615,E_within_noise
83,15,15040,15040,False,9.864023923000786e-06,4.785729470313527e-05,3.799327168962918e-05,14.484375,12.78125,-2.861017264876864e-06,2.682209014892578e-06,0.9999547004699707,4.364152118796483e-05,1.499718473496614e-05,0.9999573826789856,3.924328848370351e-05,1.3473560102283955e-05,0.05131828784942627,2.9697086811065674,0.590638279914856,0.05132114887237549,2.9696803092956543,0.5906285047531128,E_within_noise
83,16,6710,6710,False,9.29796669879579e-07,2.918014160968596e-06,1.988217491089017e-06,16.9375,16.34375,-2.3841855067985307e-07,1.7881393432617188e-07,0.9999359250068665,6.365180161083117e-05,2.2053165594115853e-05,0.9999361038208008,6.320996180875227e-05,2.193141517636832e-05,1.2040138244628906e-05,11.297446250915527,0.6930711269378662,1.2218952178955078e-05,11.297442436218262,0.693070650100708,E_within_noise
83,17,4733,4733,False,0.0001226798922289163,0.00016049924306571484,3.781935083679855e-05,11.546875,11.265625,-3.3378219086444005e-06,3.337860107421875e-06,0.9970344305038452,0.002940923208370805,0.00101825303863734,0.9970377683639526,0.0029320502653717995,0.0010148693108931184,0.0021665096282958984,6.138907432556152,0.6854302883148193,0.0021698474884033203,6.138879776000977,0.6854262948036194,E_within_noise
83,18,29901,29901,False,0.0015005981549620628,0.0002304861118318513,-0.0012701119994744658,9.375,11.625,0.00012158391473349184,-0.00012159347534179688,0.9917439222335815,0.007783179637044668,0.0026420194189995527,0.9916223287582397,0.008315430022776127,0.0028669247403740883,0.009381532669067383,4.68253755569458,0.6664684414863586,0.009259998798370361,4.683754920959473,0.6667923927307129,E_within_noise
83,19,13,13,False,8.408756571043341e-07,2.1564250346273184e-05,2.072337520075962e-05,16.953125,13.546875,-1.4305104514278355e-06,-1.0132789611816406e-06,0.9999998211860657,1.743467237247387e-07,2.4739925663652684e-08,0.9999988079071045,1.8616112811287167e-06,2.7037489758185984e-07,0.025989770889282227,3.6500422954559326,0.6325522661209106,0.02599114179611206,3.65002179145813,0.6325446367263794,E_within_noise
83,20,13,13,False,6.5578738031035755e-06,7.388087396975607e-05,6.732300244038925e-05,15.046875,12.265625,-4.887566319666803e-06,-1.1324882507324219e-06,0.9999969601631165,2.504514213796938e-06,8.596230713919795e-07,0.9999958276748657,7.2738762355584186e-06,1.457297230444965e-06,0.8438669443130493,0.1697569638490677,0.057419370859861374,0.8438718318939209,0.16973194479942322,0.05740879476070404,E_within_noise
83,21,29902,29902,False,0.0021434263326227665,0.24100473523139954,0.2388613075017929,8.765625,2.765625,-0.06265239417552948,0.0602758526802063,0.8827419281005859,0.12351754307746887,0.041902489960193634,0.9430177807807922,0.05789146199822426,0.019635900855064392,0.000767827033996582,7.458930015563965,0.6902310848236084,0.007812142372131348,7.079927921295166,0.6787538528442383,B_distribution_flattening
83,22,29889,29889,False,1.6016396330087446e-05,0.00010853008279809728,9.251368464902043e-05,14.4453125,13.546875,-5.602815690508578e-06,2.1457672119140625e-06,0.9999908208847046,8.365826943190768e-06,2.8277033834456233e-06,0.9999929666519165,1.0477118848939426e-05,2.547219764892361e-06,0.0007406473159790039,7.209421157836914,0.6901068687438965,0.0007463693618774414,7.20933723449707,0.6900849342346191,E_within_noise
83,23,27576,27576,False,0.0024329626467078924,0.5229717493057251,0.5205388069152832,8.5625,2.75,-0.12144339829683304,-0.09009367227554321,0.982376754283905,0.017087848857045174,0.0058437613770365715,0.8922830820083618,0.46371182799339294,0.03833986818790436,0.0009099245071411133,7.305787563323975,0.6900647878646851,0.0058724284172058105,6.853038311004639,0.6813358068466187,acceptance_decrease
83,24,13,13,False,0.0004048178961966187,8.018208609428257e-05,-0.00032463582465425134,10.921875,13.078125,2.6940797397401184e-05,-2.6881694793701172e-05,0.9963781237602234,0.0034783673472702503,0.001188052585348487,0.9963512420654297,0.0036290111020207405,0.0012540403986349702,0.006157398223876953,5.094859600067139,0.6743367910385132,0.006130576133728027,5.09520959854126,0.6744434833526611,E_within_noise
83,25,13,13,False,0.016296913847327232,0.004458485636860132,-0.011838428676128387,6.484375,9.0078125,0.001596627989783883,-0.001594245433807373,0.8002994060516357,0.21685676276683807,0.07213437557220459,0.7987051606178284,0.22281447052955627,0.07449893653392792,0.35636812448501587,1.0321062803268433,0.30240774154663086,0.3561095595359802,1.0320223569869995,0.3024490475654602,E_within_noise
83,26,29930,29930,False,4.265531606506556e-05,0.0004138436634093523,0.0003711883327923715,12.765625,10.453125,-3.075543281738646e-05,-2.485513687133789e-05,0.9999937415122986,6.56503743812209e-06,2.20587298827013e-06,0.9999688863754272,7.110813749022782e-05,9.940438758349046e-06,0.010434329509735107,4.562870025634766,0.6640920042991638,0.010465025901794434,4.562530517578125,0.663992702960968,E_within_noise
83,27,1771,1771,False,0.0029649403877556324,0.14850729703903198,0.14554235339164734,8.1875,3.375,-0.03361335024237633,-0.006582856178283691,0.9823918342590332,0.016681598499417305,0.005657700356096029,0.9758089780807495,0.02756403386592865,0.006525553297251463,0.0011404752731323242,6.942869663238525,0.6891254186630249,0.001386404037475586,6.859381675720215,0.6884976029396057,E_within_noise
83,28,2575,2575,False,1.8724048231888446e-06,2.0146586393821053e-05,1.8274182366440073e-05,17.0859375,14.859375,-1.0728830375228426e-06,1.0132789611816406e-06,0.9993277788162231,0.0006689331494271755,0.0002337355981580913,0.9993287920951843,0.0006632505101151764,0.00023120877449400723,3.600120544433594e-05,10.224635124206543,0.6929435729980469,3.707408905029297e-05,10.224617958068848,0.692940354347229,E_within_noise
83,29,975,368,True,0.699486494064331,0.0021493600215762854,-0.6973371505737305,0.03125,8.828125,-8.14996337890625,-0.5079612731933594,0.5255483984947205,1.377927303314209,0.20425720512866974,0.017587125301361084,4.049198150634766,0.6482023000717163,0.0013478994369506836,7.215428829193115,0.6893171668052673,0.00045943260192871094,8.282476425170898,0.6916934251785278,acceptance_decrease
83,30,1493,1493,False,2.1710000510211103e-05,0.0002522958384361118,0.0002305858361069113,13.46875,10.765625,-1.990772580029443e-05,-1.806020736694336e-05,0.999998927116394,4.606041272836592e-07,1.5335281489115005e-07,0.9999808669090271,3.0302549930638634e-05,4.641417945094872e-06,5.638599395751953e-05,9.809296607971191,0.6928479671478271,6.252527236938477e-05,9.80910587310791,0.6928412914276123,E_within_noise
83,31,310,310,False,6.861925783141487e-08,1.2008200656055124e-07,5.1462748729136365e-08,20.03125,19.3125,0.0,0.0,0.9999985098838806,1.4123030496193678e-06,5.187047236177023e-07,0.9999985098838806,1.4046064507056144e-06,5.144289616509923e-07,0.027889907360076904,3.579479455947876,0.6290932893753052,0.027889907360076904,3.579479455947876,0.6290932893753052,E_within_noise
83,32,278,278,False,0.0012516959104686975,0.0009537817677482963,-0.0002979141427204013,9.4375,9.453125,2.7415335352998227e-05,-2.7477741241455078e-05,0.9741256237030029,0.025609279051423073,0.008772173896431923,0.9740981459617615,0.02580084279179573,0.008858319371938705,0.002611815929412842,5.991641044616699,0.6840742826461792,0.0025843381881713867,5.991977691650391,0.6841607093811035,E_within_noise
83,33,1023,1023,False,0.0024636832531541586,0.0007640853873454034,-0.0016995978076010942,8.359375,10.328125,0.00019249253091402352,-0.00020259618759155273,0.9987778663635254,0.0008017404470592737,0.000250514829531312,0.9985752701759338,0.0013588018482550979,0.0004518079513218254,0.05093729496002197,2.9796581268310547,0.5907312631607056,0.05074477195739746,2.9816482067108154,0.591434121131897,E_within_noise
83,34,4733,4733,False,0.6505375504493713,0.6243674159049988,-0.02617013454437256,0.625,0.78125,-0.10428404808044434,-0.03472864627838135,0.8414244651794434,0.05511832982301712,0.014423704706132412,0.806695818901062,0.08060023933649063,0.021052774041891098,0.19181740283966064,2.175788164138794,0.46682649850845337,0.19160079956054688,2.2522175312042236,0.4727756977081299,acceptance_decrease
83,35,1641,1641,False,0.0860903337597847,0.7901071906089783,0.7040168642997742,4.4375,0.65625,3.3482866287231445,0.32329124212265015,0.1666395664215088,1.7869287729263306,0.43798089027404785,0.48993080854415894,0.8359634876251221,0.20063208043575287,0.008756518363952637,8.749824523925781,0.6843600273132324,0.01413661241531372,6.797253608703613,0.6678241491317749,B_distribution_flattening
83,36,9401,9401,False,0.003393733873963356,0.0023573574144393206,-0.0010363764595240355,8.203125,8.765625,0.00011917491792701185,-0.00011920928955078125,0.9214460849761963,0.08038768172264099,0.027382465079426765,0.9213268756866455,0.08087477087974548,0.02758358232676983,0.010305225849151611,4.605925559997559,0.6642192602157593,0.010186076164245605,4.6070075035095215,0.6644856333732605,E_within_noise
83,37,13,13,False,0.04601939395070076,0.02956242486834526,-0.0164569690823555,4.859375,5.703125,0.0035992730408906937,0.003507554531097412,0.9936497807502747,0.009756471030414104,0.0021984793711453676,0.9971573352813721,0.0075639523565769196,0.0014375201426446438,0.09181332588195801,2.4297072887420654,0.5384818315505981,0.09008634090423584,2.436835765838623,0.5389165878295898,E_within_noise
83,38,29930,29930,False,0.02059187926352024,0.01360752247273922,-0.006984356790781021,5.796875,6.28125,0.0011632503010332584,0.001160264015197754,0.9972373843193054,0.00461674015969038,0.0006822728319093585,0.9983976483345032,0.0020471534226089716,0.00034016830613836646,0.003448009490966797,7.7371826171875,0.6838416457176208,0.0022875070571899414,7.751008033752441,0.6862534284591675,E_within_noise
83,39,15247,1222,True,0.4684600234031677,0.777262806892395,0.3088027834892273,2.1875,0.859375,3.459859848022461,0.012780308723449707,0.18106752634048462,1.8691645860671997,0.44682326912879944,0.19384783506393433,2.0711162090301514,0.45308464765548706,0.0006244182586669922,10.29988956451416,0.691888689994812,0.001355886459350586,9.670376777648926,0.6910754442214966,D_incidental_rank_flip
83,40,4220,4220,False,1.9048429749091156e-05,0.001064042211510241,0.0010449937544763088,14.53125,10.3671875,-8.415811316808686e-05,3.9637088775634766e-05,0.9995599389076233,0.0004326387424953282,0.0001510714937467128,0.9995995759963989,0.0004041094216518104,0.00013198438682593405,9.113550186157227e-05,9.314726829528809,0.6926789879798889,0.00016039609909057617,9.313753128051758,0.6925712823867798,E_within_noise
83,41,310,310,False,0.0003171864664182067,1.0706126886361744e-05,-0.00030648033134639263,10.5,14.484375,2.6940921088680625e-05,-2.6941299438476562e-05,0.9961490631103516,0.003722461871802807,0.0012737542856484652,0.9961221218109131,0.0038806607481092215,0.0013435131404548883,0.0035836100578308105,5.638628959655762,0.6812283992767334,0.0035567283630371094,5.638994216918945,0.6813349723815918,E_within_noise
83,42,278,278,False,1.389853878208669e-06,3.132378697046079e-05,2.993393354699947e-05,16.703125,13.765625,-2.0265558760002023e-06,-1.1920928955078125e-06,0.9999994039535522,5.632222155327327e-07,1.5009213427674695e-07,0.9999982118606567,1.3117045455146581e-05,6.632405984419165e-07,0.001437067985534668,6.54517126083374,0.6877249479293823,0.0014390349388122559,6.545144081115723,0.6877177953720093,E_within_noise
83,43,1400,10230,True,0.8379036784172058,0.634541928768158,-0.20336174964904785,0.6718749403953552,1.5625,-0.6504689455032349,-0.15504515171051025,0.38965725898742676,1.3705549240112305,0.2321106195449829,0.2346121072769165,2.382150411605835,0.37066060304641724,0.06571418046951294,5.384157657623291,0.5926871299743652,0.334987998008728,1.408133864402771,0.3367860019207001,acceptance_decrease
83,44,29901,29901,False,0.010702395811676979,0.0070036109536886215,-0.0036987848579883575,6.734375,7.359375,0.0005382532835938036,-0.0005377531051635742,0.8618905544281006,0.14258863031864166,0.04765871912240982,0.861352801322937,0.14758750796318054,0.049914538860321045,0.00021404027938842773,11.337194442749023,0.692815899848938,0.00021058320999145508,11.342121124267578,0.6928432583808899,E_within_noise
83,45,304,304,False,0.0002444633573759347,0.0006607216782867908,0.00041625832091085613,11.796875,10.3125,-3.528471279423684e-05,3.534555435180664e-05,0.9890803694725037,0.010903245769441128,0.0037742829881608486,0.9891157150268555,0.010813357308506966,0.0037392103113234043,0.016303300857543945,4.117274761199951,0.651369571685791,0.016338706016540527,4.117044925689697,0.6513240337371826,E_within_noise
83,46,3867,7252,True,0.749279797077179,0.5747923851013184,-0.1744874119758606,0.4375,2.0625,4.343254089355469,0.3657219409942627,0.35719287395477295,1.160436987876892,0.30242276191711426,0.7229148149490356,0.2548010051250458,0.07620876282453537,0.013572335243225098,8.386757850646973,0.6810787916183472,0.0192832350730896,4.486573219299316,0.6487549543380737,D_incidental_rank_flip
83,47,263,263,False,0.45013177394866943,0.09813076257705688,-0.35200101137161255,1.640625,3.921875,0.1581791490316391,-0.1434304118156433,0.5858083963394165,0.44467318058013916,0.12963035702705383,0.4423779845237732,0.7674750685691833,0.2251608967781067,0.007019162178039551,5.098921775817871,0.6736025214195251,0.00642085075378418,5.291283130645752,0.6752722263336182,acceptance_decrease
83,48,13173,13173,False,0.0919400304555893,0.7082428932189941,0.6163028478622437,4.203125,1.828125,-0.23379351198673248,0.02981722354888916,0.8821460604667664,0.09098377078771591,0.028151873499155045,0.9119632840156555,0.14812923967838287,0.021385284140706062,0.009858131408691406,4.824791431427002,0.6674721240997314,0.011882483959197998,4.608990669250488,0.6621190309524536,B_distribution_flattening
83,49,10230,10230,False,0.001979352440685034,0.009382464922964573,0.007403112482279539,8.828125,6.9375,-0.0009291058522649109,0.0007494688034057617,0.9657725691795349,0.03391718119382858,0.01159021258354187,0.9665220379829407,0.033650849014520645,0.011555054225027561,0.1350541114807129,2.002100944519043,0.4857702851295471,0.135248601436615,2.0007376670837402,0.4855789244174957,E_within_noise
83,50,310,310,False,0.0015096564311534166,0.0044547817669808865,0.00294512533582747,9.421875,8.34375,-0.00031450032838620245,0.00021159648895263672,0.99775630235672,0.0019928826950490475,0.0006704700645059347,0.9979678988456726,0.001802276005037129,0.0005953592481091619,0.0006219148635864258,7.539288520812988,0.6907494068145752,0.000731348991394043,7.5371413230896,0.6906743049621582,E_within_noise
83,51,1009,278,True,0.6494173407554626,0.003333805361762643,-0.6460835337638855,0.6875,8.25,1.096166968345642,0.2344459891319275,0.3841114640235901,1.529811978340149,0.29319050908088684,0.6185574531555176,0.47883522510528564,0.15416961908340454,0.0014418363571166992,8.416755676269531,0.689995288848877,0.0008971095085144043,7.484968185424805,0.69035804271698,D_incidental_rank_flip
83,52,5680,5680,False,0.00038145927828736603,0.0006798745598644018,0.0002984152815770358,10.359375,9.875,-2.6820849598152563e-05,2.682209014892578e-05,0.979529082775116,0.020481515675783157,0.00705338642001152,0.9795559048652649,0.02032647281885147,0.006985300220549107,0.20322024822235107,1.5933371782302856,0.41984981298446655,0.20324701070785522,1.5931278467178345,0.4197690188884735,E_within_noise
83,53,29892,29892,False,0.00018456521502230316,2.1298890715115704e-05,-0.00016326631885021925,11.09375,13.8125,-2.718735694885254,-1.3828277587890625e-05,0.15038812160491943,1.8944271802902222,0.47003087401390076,0.15037429332733154,1.8946161270141602,0.47011107206344604,0.010263323783874512,4.580536842346191,0.6644896268844604,0.010249435901641846,4.580661296844482,0.6645199060440063,E_within_noise
83,54,4180,4180,False,3.994017242803238e-05,0.00036852984339930117,0.00032858966733329,13.0,10.40625,-2.8967358957743272e-05,2.8967857360839844e-05,0.9760106205940247,0.024269001558423042,0.008382166735827923,0.9760395884513855,0.024195395410060883,0.008354240097105503,0.004922211170196533,5.3145036697387695,0.6776018142700195,0.0049512386322021484,5.314297199249268,0.6775726079940796,E_within_noise
83,55,29892,29892,False,7.705124858148338e-07,7.737689315945318e-07,3.2564457796979696e-09,17.0,17.6484375,0.0,0.0,1.0,3.892535715976919e-08,3.3905429575042945e-09,1.0,6.282077436026157e-08,4.305631406964494e-09,0.0008474588394165039,7.073353290557861,0.6897262334823608,0.0008474588394165039,7.073353290557861,0.6897262334823608,E_within_noise
83,56,322,322,False,3.155155923195707e-07,2.0529179778350226e-07,-1.1022379453606845e-07,17.90625,18.578125,0.0,0.0,1.0,1.5646268280988807e-08,2.105882579428453e-09,1.0,2.8783975203339196e-09,7.68892838287627e-10,0.0030597448348999023,5.7894182205200195,0.6827578544616699,0.0030597448348999023,5.7894182205200195,0.6827577948570251,E_within_noise
83,57,1404,1404,False,0.00011008766887243837,0.00011357801122358069,3.490342351142317e-06,11.84375,12.015625,-1.1920838005607948e-07,1.7881393432617188e-07,0.9999829530715942,1.1764409464376513e-05,3.816514436039142e-06,0.9999831318855286,1.0147332432097755e-05,3.2157788609765703e-06,0.038400232791900635,3.259824275970459,0.6109858751296997,0.03840041160583496,3.2598228454589844,0.6109851598739624,E_within_noise
83,58,7271,7271,False,0.0005477353115566075,0.001715024933218956,0.0011672896798700094,9.90625,8.640625,-0.0001274202368222177,0.00012743473052978516,0.9996548891067505,0.00024320013471879065,7.671656203456223e-05,0.9997823238372803,8.123982115648687e-05,2.3576274543302134e-05,0.0008881688117980957,7.082679271697998,0.6896716952323914,0.0010155439376831055,7.081575870513916,0.6895588636398315,E_within_noise
83,59,13,13,False,0.00040430985973216593,0.0001683227310422808,-0.00023598712868988514,10.234375,11.265625,2.2410793462768197e-05,-2.2470951080322266e-05,0.9892131686210632,0.01064031571149826,0.0036573768593370914,0.9891906976699829,0.010780803859233856,0.003719785949215293,0.004658222198486328,5.376529693603516,0.6783390045166016,0.004635810852050781,5.37671422958374,0.6783711910247803,E_within_noise
83,60,13,13,False,1.2969589135991555e-07,7.680698104195471e-07,6.383739332704863e-07,20.1796875,17.828125,0.0,0.0,0.9999992251396179,7.044421295177017e-07,2.672891810107103e-07,0.9999992251396179,7.612567287651473e-07,2.511698085072567e-07,0.5491601228713989,0.5993641018867493,0.18952977657318115,0.5491601228713989,0.5993637442588806,0.18952959775924683,E_within_noise
83,61,2687,2687,False,0.00022396320127882063,0.0013788497308269143,0.0011548865586519241,11.171875,9.171875,-0.00011061814439017326,8.58306884765625e-05,0.9989148378372192,0.0010409485548734665,0.00036061176797375083,0.9990006685256958,0.000956886273343116,0.00032413029111921787,0.0017158985137939453,6.377878665924072,0.6868215799331665,0.0018265247344970703,6.376672267913818,0.6865699887275696,E_within_noise
83,62,29889,29889,False,1.5407755427077063e-06,5.0456783355912194e-05,4.8916008381638676e-05,16.4921875,12.703125,-3.457063030509744e-06,-3.3974647521972656e-06,0.9999998807907104,-4.112428442226701e-08,1.1663130905503749e-08,0.9999964833259583,1.3967503946332727e-05,1.147311195381917e-06,0.0711413025856018,2.6430838108062744,0.5623233318328857,0.071144700050354,2.643045425415039,0.5623090267181396,E_within_noise
83,63,12037,5169,True,0.6319873929023743,0.6135300397872925,-0.018457353115081787,0.9218749403953552,1.703125,1.2604751586914062,0.16562360525131226,0.08224880695343018,2.9818103313446045,0.5528519749641418,0.24787241220474243,1.4902429580688477,0.38924241065979004,0.00026345252990722656,10.424086570739746,0.6925519704818726,0.0005515217781066895,9.512253761291504,0.6919939517974854,D_incidental_rank_flip
84,0,29871,29871,False,7.455949344148394e-06,1.4012599422130734e-05,6.55665007798234e-06,14.640625,13.984375,-3.576276412786683e-07,3.5762786865234375e-07,0.9999805092811584,1.7859518266050145e-05,5.980140940664569e-06,0.9999808669090271,1.661115493334364e-05,5.430559212982189e-06,0.15042799711227417,1.8942691087722778,0.4700626730918884,0.15042835474014282,1.894264578819275,0.4700607657432556,E_within_noise
84,1,3323,3323,False,0.05271535366773605,0.01015009917318821,-0.04256525635719299,4.96875,7.34375,0.007030982989817858,-0.007106661796569824,0.983862578868866,0.01388547383248806,0.0046662623062729836,0.9767559170722961,0.02333046868443489,0.007940661162137985,0.002812623977661133,6.187553882598877,0.6845535039901733,0.002462923526763916,6.210685729980469,0.685291051864624,E_within_noise
84,2,622,622,False,3.5638673580251634e-05,0.00011420460941735655,7.856593583710492e-05,13.125,11.75,-6.318056875898037e-06,6.318092346191406e-06,0.9981523156166077,0.001835832023061812,0.0006369173643179238,0.9981586337089539,0.0018171226838603616,0.0006295423954725266,3.8743019104003906e-05,10.226277351379395,0.6929401159286499,4.291534423828125e-05,10.22620964050293,0.6929363012313843,E_within_noise
84,3,29901,29901,False,0.0021277805790305138,6.23257365077734e-05,-0.0020654548425227404,8.6875,13.140625,0.00020811689319089055,0.0001895427703857422,0.9997915029525757,0.0006929857772774994,7.172572077251971e-05,0.9999810457229614,1.866357160906773e-05,6.2186554714571685e-06,0.05506622791290283,2.8998517990112305,0.5850648880004883,0.0550076961517334,2.900322914123535,0.5851274728775024,E_within_noise
84,4,3650,3650,False,1.0179187059402466,0.9602833390235901,-0.057635366916656494,2.6875,2.53125,0.8714084625244141,-0.004632830619812012,0.08026629686355591,3.2801342010498047,0.5663291215896606,0.0756334662437439,3.363053321838379,0.578446626663208,0.01136314868927002,9.352992057800293,0.6770080327987671,0.020850837230682373,9.35937786102295,0.672857403755188,E_within_noise
84,5,262,262,False,0.0018606407102197409,0.0006927633075974882,-0.0011678773444145918,8.546875,9.703125,0.000131113309180364,-0.00013107061386108398,0.9803890585899353,0.018941793590784073,0.006457882467657328,0.9802579879760742,0.0195775106549263,0.006730167660862207,2.8252601623535156e-05,10.654415130615234,0.6929978132247925,3.0159950256347656e-05,10.655355453491211,0.6929946541786194,E_within_noise
84,6,502,8680,True,1.0705267190933228,1.3557816743850708,0.28525495529174805,0.9375,0.75,-1.00315523147583,-0.07566535472869873,0.6538580656051636,0.4578094184398651,0.11719267070293427,0.5781927108764648,0.5742121934890747,0.13619685173034668,0.01335054636001587,5.352250576019287,0.6652840971946716,0.009341597557067871,6.53996467590332,0.6726479530334473,acceptance_decrease
84,7,408,408,False,0.027196533977985382,0.011662865988910198,-0.015533667989075184,6.6875,6.671875,-4.607515811920166,-0.0018553733825683594,0.3893251419067383,0.9313825368881226,0.27504289150238037,0.3874697685241699,0.9451156258583069,0.2807273268699646,0.018727123737335205,4.143658638000488,0.6458318829536438,0.016871750354766846,4.16163969039917,0.6509292125701904,E_within_noise
84,8,263,263,False,0.0002584989706519991,0.0014040725072845817,0.001145573565736413,10.890625,9.25,-0.00010859147005248815,-6.079673767089844e-06,0.9871629476547241,0.01280447468161583,0.004412847571074963,0.987156867980957,0.013373173773288727,0.004469642415642738,0.019148290157318115,3.9564170837402344,0.6455819606781006,0.019256949424743652,3.955627918243408,0.6454006433486938,E_within_noise
84,9,2088,17838,True,0.6355844140052795,0.6938658952713013,0.05828148126602173,0.9375,0.15625,0.6565287709236145,0.24880659580230713,0.7193810343742371,0.18206484615802765,0.04731762409210205,0.9681876301765442,0.030859779566526413,0.010464699007570744,0.0019599199295043945,6.773824214935303,0.6875478029251099,0.0015030503273010254,7.023344993591309,0.6883305311203003,D_incidental_rank_flip
84,10,342,342,False,9.588718057784718e-06,3.551142799551599e-05,2.5922709028236568e-05,14.46875,13.53125,-1.668927779974183e-06,1.6093254089355469e-06,0.29543495178222656,1.2193022966384888,0.34537234902381897,0.2954365611076355,1.2192845344543457,0.34536468982696533,7.748603820800781e-06,11.882331848144531,0.6931016445159912,9.417533874511719e-06,11.882306098937988,0.6930984258651733,E_within_noise
84,11,5013,5013,False,0.0013728755293413997,0.003931015729904175,0.0025581400841474533,9.234375,7.796875,-0.0003072343533858657,0.0003071427345275879,0.9885382056236267,0.011041843332350254,0.003770329523831606,0.9888453483581543,0.00994936004281044,0.003326942678540945,0.008656799793243408,4.763561248779297,0.6683712005615234,0.008964002132415771,4.761853218078613,0.6681896448135376,E_within_noise
84,12,5790,5790,False,1.1055899449274875e-05,5.19648256158689e-06,-5.859416887687985e-06,14.40625,15.734375,1.17578125,1.1920928955078125e-07,0.004676878452301025,5.365034103393555,0.6782560348510742,0.004676997661590576,5.365034580230713,0.6782559156417847,1.0073184967041016e-05,11.57512378692627,0.693087100982666,9.655952453613281e-06,11.575127601623535,0.6930869817733765,E_within_noise
84,13,322,29991,True,0.8164307475090027,0.8122525215148926,-0.004178225994110107,0.7656249403953552,0.03125,0.45053690671920776,0.17355334758758545,0.30532580614089966,7.500161647796631,0.33749860525131226,0.4788791537284851,3.6589748859405518,0.2265729308128357,0.07002699375152588,5.122891902923584,0.5952572822570801,0.06530475616455078,3.6795668601989746,0.5853933095932007,D_incidental_rank_flip
84,14,8561,26849,True,1.17695152759552,1.5877375602722168,0.4107860326766968,0.171875,0.046875,-0.18826031684875488,0.06171870231628418,0.2863048315048218,1.434693455696106,0.35098493099212646,0.34802353382110596,1.1574082374572754,0.3036312460899353,0.004835546016693115,9.16925048828125,0.6853731870651245,0.006822347640991211,9.000286102294922,0.6825402975082397,D_incidental_rank_flip
84,15,263,263,False,0.00637437030673027,0.016250213608145714,0.009875843301415443,7.1875,7.640625,-0.0009347549639642239,0.00017631053924560547,0.8909229636192322,0.11178535968065262,0.0376727432012558,0.8910992741584778,0.11411415785551071,0.038040220737457275,0.026032686233520508,3.6733036041259766,0.6327394247055054,0.02687990665435791,3.6670751571655273,0.6312490701675415,E_within_noise
84,16,360,360,False,0.3114767074584961,0.011993259191513062,-0.29948344826698303,3.328125,7.546875,-4.157431125640869,-0.059402287006378174,0.2115897536277771,1.5862432718276978,0.3761608600616455,0.15218746662139893,1.8796578645706177,0.46519672870635986,0.023216962814331055,3.8917460441589355,0.6402062773704529,0.019686579704284668,3.976087808609009,0.6454178094863892,acceptance_decrease
84,17,17678,17678,False,0.005379931069910526,0.0018389917677268386,-0.003540939185768366,7.890625,8.671875,0.00039204966742545366,-0.00039201974868774414,0.8436957597732544,0.16821075975894928,0.05670730397105217,0.8433037400245667,0.1698755919933319,0.05739762261509895,0.0005291104316711426,8.974772453308105,0.6919587850570679,0.00030934810638427734,8.978302001953125,0.6922012567520142,E_within_noise
84,18,29991,29991,False,0.0005672605475410819,0.0016323364106938243,0.0010650758631527424,10.1875,8.9375,-0.00010823093907674775,0.00010818243026733398,0.9922849535942078,0.007512824144214392,0.002574424259364605,0.9923931360244751,0.007068010047078133,0.002388698048889637,0.05005365610122681,2.99505352973938,0.5924161076545715,0.05016183853149414,2.993943452835083,0.5920256972312927,E_within_noise
84,19,13,13,False,0.378689706325531,0.16129224002361298,-0.21739746630191803,1.9374998807907104,3.234375,0.09595992416143417,0.0880308747291565,0.8879222869873047,0.17255765199661255,0.02756417728960514,0.9759531617164612,0.014429045841097832,0.0029896069318056107,0.1162155270576477,2.1542420387268066,0.5068015456199646,0.11621308326721191,2.1842141151428223,0.508881688117981,A_or_C_alignment(needs quality cross-check)
84,20,13,13,False,8.686880028108135e-05,1.628457903279923e-05,-7.058422488626093e-05,11.984375,14.8828125,5.602815690508578e-06,4.172325134277344e-07,0.9999883770942688,3.2981770345941186e-05,5.874067937838845e-06,0.9999887943267822,1.0306205695087556e-05,3.6394676499185152e-06,0.06183964014053345,2.7832682132720947,0.5752296447753906,0.061833977699279785,2.7833025455474854,0.5752389430999756,E_within_noise
84,21,29928,29928,False,0.00031264120480045676,0.0005657200235873461,0.0002530788187868893,11.546875,11.1171875,-1.87152654689271e-05,1.7881393432617188e-05,0.9957165718078613,0.004184959921985865,0.001437255647033453,0.995734453201294,0.004156855400651693,0.0014274672139436007,0.0005450248718261719,7.555856227874756,0.6908478736877441,0.0005637407302856445,7.555609226226807,0.6907948851585388,E_within_noise
84,22,799,799,False,6.967732133489335e-06,3.8505248085130006e-05,3.153751458739862e-05,14.90625,12.875,-2.264973090859712e-06,2.2649765014648438e-06,0.9993187189102173,0.0006738619995303452,0.00023705264902673662,0.9993209838867188,0.0006646470283158123,0.00023320257605519146,8.982419967651367e-05,9.322297096252441,0.6926841735839844,9.208917617797852e-05,9.322263717651367,0.6926784515380859,E_within_noise
84,23,518,518,False,0.00535065121948719,0.05589478090405464,0.0505441278219223,7.828125,4.734375,-0.008668817579746246,0.0002614259719848633,0.960961639881134,0.03999030962586403,0.013541397638618946,0.9612230658531189,0.08254797011613846,0.015968266874551773,0.01137852668762207,4.492119312286377,0.6619705557823181,0.011696457862854004,4.487072944641113,0.6613354682922363,E_within_noise
84,24,27034,27034,False,0.23051118850708008,0.2095063030719757,-0.02100488543510437,2.859375,3.34375,0.014496322721242905,-0.014369189739227295,0.43051040172576904,0.7882963418960571,0.22655385732650757,0.41614121198654175,0.8253095149993896,0.2370874434709549,0.0008592009544372559,9.370635986328125,0.6912829279899597,0.0015902519226074219,9.412954330444336,0.6902134418487549,acceptance_decrease
84,25,355,355,False,6.351677438942716e-05,0.00020949507597833872,0.00014597829431295395,13.046875,11.84375,-0.5468864440917969,5.781650543212891e-06,0.07465887069702148,2.5947718620300293,0.5575896501541138,0.0746646523475647,2.5947365760803223,0.5575805902481079,5.233287811279297e-05,9.945985794067383,0.6928778290748596,6.264448165893555e-05,9.945853233337402,0.6928638219833374,E_within_noise
84,26,29915,29915,False,0.0010845257202163339,0.00021882037981413305,-0.0008657053112983704,9.375,11.265625,8.379920473089442e-05,-8.374452590942383e-05,0.9982013702392578,0.001532893511466682,0.0005077887326478958,0.9981176257133484,0.0018240943318232894,0.000625859247520566,0.010080993175506592,4.601700782775879,0.6649558544158936,0.010045886039733887,4.6020941734313965,0.6649900078773499,E_within_noise
84,27,29879,29879,False,1.8602056570671266e-06,3.755961370188743e-05,3.569940963643603e-05,16.7890625,13.6328125,-2.026555648626527e-06,-1.1324882507324219e-06,0.999999463558197,4.0821137758939585e-07,1.5528209473814059e-07,0.9999983310699463,2.8450019726733444e-06,3.901650700299797e-07,0.0008851289749145508,7.029718399047852,0.689592719078064,0.0008871555328369141,7.029687404632568,0.689584493637085,E_within_noise
84,28,4408,4408,False,0.0003891402157023549,0.0012019306886941195,0.0008127904729917645,10.46875,10.703125,-6.472643872257322e-05,4.678964614868164e-05,0.9971745014190674,0.002686557825654745,0.0009154875879175961,0.9972212910652161,0.0026230730582028627,0.0008865328854881227,0.0004056096076965332,7.89279317855835,0.691413164138794,0.0004578232765197754,7.892165660858154,0.6913425922393799,E_within_noise
84,29,1402,1402,False,0.0003329184546601027,0.013950785622000694,0.013617867603898048,11.515625,7.171875,-0.0016065632225945592,-0.001603841781616211,0.9999919533729553,6.161902092571836e-06,1.082503558791359e-06,0.9983881115913391,0.009919775649905205,0.0005355640314519405,0.0004553794860839844,7.751163005828857,0.691204845905304,0.0015745759010314941,7.737157821655273,0.690027117729187,E_within_noise
84,30,13,13,False,0.0001761574239935726,0.002231922233477235,0.0020557648967951536,11.171875,8.359375,-0.00022241660917643458,-0.00022232532501220703,0.999998152256012,3.993482096120715e-07,6.637162641709438e-08,0.9997758269309998,0.00047550018643960357,6.15792814642191e-05,0.04687607288360596,3.0603950023651123,0.5974043607711792,0.047098398208618164,3.0585124492645264,0.5968076586723328,E_within_noise
84,31,13,13,False,4.12181407227763e-06,0.00012230889115016907,0.00011818707571364939,16.8046875,12.421875,-7.271738468261901e-06,-7.212162017822266e-06,0.9999998807907104,7.750029595854357e-08,4.6993761770863784e-08,0.9999926686286926,2.7438120014267042e-05,2.3110612801247044e-06,0.31553441286087036,1.1534866094589233,0.33077573776245117,0.3155416250228882,1.1534305810928345,0.33075281977653503,E_within_noise
84,32,29902,29902,False,0.0036820273380726576,0.004618017002940178,0.0009359896648675203,8.578125,8.296875,-9.962002513930202e-05,9.334087371826172e-05,0.8816567063331604,0.12412414699792862,0.042027536779642105,0.8817500472068787,0.1240939274430275,0.04204345867037773,0.00039649009704589844,8.80701732635498,0.692103922367096,0.0003923773765563965,8.806164741516113,0.6920353770256042,E_within_noise
84,33,4966,4966,False,0.004566385876387358,0.0026833200827240944,-0.0018830657936632633,7.890625,8.65625,0.00022808241192251444,-0.00022804737091064453,0.9943418502807617,0.004780155140906572,0.0015968792140483856,0.9941138029098511,0.005440709181129932,0.0018534448463469744,0.0006932616233825684,8.462484359741211,0.6917253732681274,0.0004184246063232422,8.464679718017578,0.691887617111206,E_within_noise
84,34,445,445,False,0.0002865759888663888,0.0004893181030638516,0.0002027421141974628,10.625,10.046875,-1.9430448446655646e-05,1.9431114196777344e-05,0.7874202728271484,0.23877225816249847,0.07990427315235138,0.7874397039413452,0.2385997325181961,0.07982595264911652,0.0003718733787536621,7.964615345001221,0.6915090084075928,0.00039136409759521484,7.964357852935791,0.6914576292037964,E_within_noise
84,35,4876,4876,False,0.02065311372280121,0.09149564802646637,0.07084253430366516,5.859375,4.09375,-0.014499299228191376,0.014017641544342041,0.8368149399757385,0.1665329933166504,0.05491810292005539,0.8508325815200806,0.12423791736364365,0.038760241121053696,0.006993472576141357,5.077746868133545,0.6733343601226807,0.007524251937866211,5.037652015686035,0.672326922416687,B_distribution_flattening
84,36,14061,14061,False,0.003083613235503435,0.02275664731860161,0.01967303454875946,8.109375,5.921875,-0.0027472670190036297,-0.0017786622047424316,0.9994276165962219,0.00039262723294086754,0.00013096303155180067,0.9976489543914795,0.0026298232842236757,0.0004837919841520488,0.0012583136558532715,6.976554870605469,0.6890437602996826,0.00218808650970459,6.957502365112305,0.6879266500473022,E_within_noise
84,37,366,366,False,4.903429726255126e-06,1.4764464140171185e-05,9.861034413916059e-06,15.421875,14.265625,-7.152552825573366e-07,-6.556510925292969e-07,0.9999998211860657,2.317472649338015e-07,3.129730785644824e-08,0.9999991655349731,1.3629264685732778e-06,1.962048088444135e-07,0.03153872489929199,3.4565415382385254,0.6226232051849365,0.03153938055038452,3.456533193588257,0.6226204633712769,E_within_noise
84,38,1532,1532,False,0.10730081051588058,0.012229828163981438,-0.095070980489254,3.78125,6.453125,0.02096577174961567,0.004911303520202637,0.9871252179145813,0.006513567641377449,0.0013983390526846051,0.9920365214347839,0.00515716290101409,0.0015926179476082325,0.011271357536315918,6.354394435882568,0.6776300668716431,0.0031095147132873535,6.48823881149292,0.6851661205291748,E_within_noise
84,39,29889,29889,False,0.05332115665078163,0.014680213294923306,-0.03864094242453575,4.65625,6.5,0.007593882270157337,-0.007907211780548096,0.7342799305915833,0.27759870886802673,0.08827603608369827,0.7263727188110352,0.31332308053970337,0.10220589488744736,0.002161681652069092,6.821747779846191,0.6872838735580444,0.002522587776184082,6.860768795013428,0.6875556707382202,E_within_noise
84,40,306,306,False,0.10348628461360931,0.012532706372439861,-0.09095358103513718,3.859375,6.75,0.019637933000922203,-0.01940995454788208,0.9060230851173401,0.07266843318939209,0.023341858759522438,0.886613130569458,0.11473309248685837,0.03846993297338486,0.0025173425674438477,6.726487159729004,0.6862596273422241,0.0025615692138671875,6.819159984588623,0.68765789270401,acceptance_decrease
84,41,2274,29915,True,1.0652097463607788,0.9951623678207397,-0.07004737854003906,0.8906249403953552,1.046875,1.0371696949005127,0.3687419891357422,0.4218713045120239,0.8636232614517212,0.19483116269111633,0.7906132936477661,0.5038252472877502,0.09726451337337494,0.002324402332305908,8.320408821105957,0.688997745513916,0.002367854118347168,8.657645225524902,0.6888114213943481,D_incidental_rank_flip
84,42,393,393,False,0.18670307099819183,0.03386572003364563,-0.1528373509645462,3.046875,5.296875,0.04139408469200134,-0.03429192304611206,0.9189092516899109,0.08339476585388184,0.0283966027200222,0.8846173286437988,0.11138144135475159,0.03692232444882393,0.0019815564155578613,7.537683010101318,0.6879726648330688,0.0019888877868652344,7.737656593322754,0.6893632411956787,acceptance_decrease
84,43,970,970,False,0.3786008059978485,0.8994560837745667,0.5208553075790405,2.0,0.0625,1.3595349788665771,0.36083370447158813,0.1194579005241394,7.398721694946289,0.5140560865402222,0.48029160499572754,3.818103075027466,0.24786072969436646,0.01641899347305298,8.108877182006836,0.6673716306686401,0.03040909767150879,5.783708572387695,0.6341509222984314,B_distribution_flattening
84,44,13590,13590,False,4.9662245146464556e-05,0.00034923467319458723,0.00029957242077216506,13.25,11.53125,-2.360308099014219e-05,1.8596649169921875e-05,0.9995472431182861,0.0004449413681868464,0.00015360605902969837,0.999565839767456,0.00041322031756863,0.0001412739511579275,0.015309751033782959,4.179447174072266,0.6534379720687866,0.015333294868469238,4.179235935211182,0.6533815860748291,E_within_noise
84,45,338,508,True,0.2207757532596588,0.7091829180717468,0.488407164812088,4.28125,0.7031249403953552,-1.077500343322754,-0.2748348116874695,0.7033220529556274,0.35022228956222534,0.10651222616434097,0.42848724126815796,1.0599285364151,0.22605738043785095,0.0069792866706848145,5.77182149887085,0.6773465871810913,0.007124364376068115,5.316226482391357,0.674591600894928,acceptance_decrease
84,46,451,451,False,0.0036174478009343147,0.0035020504146814346,-0.0001153973862528801,8.546875,9.6171875,4.623798304237425e-05,-4.607439041137695e-05,0.5872451663017273,0.5307818651199341,0.16947601735591888,0.5871990919113159,0.5310297012329102,0.16957205533981323,0.001630246639251709,6.659238815307617,0.6878327131271362,0.0015839338302612305,6.6593756675720215,0.6877566576004028,E_within_noise
84,47,596,596,False,0.10161656886339188,0.03320125862956047,-0.0684153139591217,4.109375,5.921875,0.9828329086303711,0.0010835528373718262,0.2663866877555847,1.3311619758605957,0.36429136991500854,0.26747024059295654,1.3074287176132202,0.3596641421318054,0.016521692276000977,4.211215496063232,0.6515917778015137,0.016613364219665527,4.17238712310791,0.6517394781112671,E_within_noise
84,48,18002,19624,True,0.8162940740585327,1.2571684122085571,0.4408743381500244,1.34375,1.140625,0.2957587242126465,0.012010276317596436,0.06463819742202759,6.888930797576904,0.5901058912277222,0.07664847373962402,3.8099520206451416,0.552144467830658,0.0028450489044189453,7.6786627769470215,0.6869722604751587,0.004924178123474121,6.967718601226807,0.6829708814620972,D_incidental_rank_flip
84,49,310,310,False,6.29232033588778e-07,4.188651291769929e-05,4.1257280827267095e-05,17.984375,13.546875,-2.622600959512056e-06,1.1920928955078125e-06,0.9930647015571594,0.006948190741240978,0.00241334130987525,0.9930658936500549,0.0069453418254852295,0.002411315217614174,0.0006093978881835938,7.402554035186768,0.690585732460022,0.0006120800971984863,7.4025187492370605,0.6905777454376221,E_within_noise
84,50,23429,23429,False,4.823270865017548e-05,0.00024210244009736925,0.00019386972417123616,13.546875,11.078125,-1.5735451597720385e-05,1.5854835510253906e-05,0.906524658203125,0.09811365604400635,0.03353108465671539,0.9065405130386353,0.09801722317934036,0.033488668501377106,0.010383546352386475,4.567809581756592,0.6642090082168579,0.010399281978607178,4.56759786605835,0.6641393899917603,E_within_noise
84,51,29892,29892,False,0.00020866947306785733,0.0013196133077144623,0.0011109438491985202,11.03125,9.765625,-0.00010263218428008258,3.7550926208496094e-05,0.9999167323112488,5.927796519245021e-05,1.9196759240003303e-05,0.9999542832374573,6.226186087587848e-05,1.4160321370582096e-05,0.0060977935791015625,5.1024250984191895,0.6745400428771973,0.0062004923820495605,5.101637363433838,0.674400806427002,E_within_noise
84,52,541,541,False,0.009503040462732315,0.6916412115097046,0.6821381449699402,6.90625,1.203125,-0.30174174904823303,-0.2332325577735901,0.9864575266838074,0.010947436094284058,0.0035499827936291695,0.7532249689102173,0.6053255796432495,0.07693633437156677,0.020139873027801514,3.9545397758483887,0.643403947353363,0.04696834087371826,3.3014066219329834,0.6027954816818237,acceptance_decrease
84,53,306,306,False,0.0007235072553157806,0.0007279904093593359,4.48315404355526e-06,11.6171875,10.328125,-4.17209230363369e-06,1.0132789611816406e-05,0.9798445105552673,0.020253466442227364,0.006992266979068518,0.9798546433448792,0.020193682983517647,0.006967653054744005,0.0026623010635375977,5.948535919189453,0.6839432120323181,0.0026665925979614258,5.948540210723877,0.6839565634727478,E_within_noise
84,54,864,864,False,1.7604568004608154,1.8670754432678223,0.10661864280700684,0.6562500596046448,0.8906250596046448,-1.5650818347930908,-0.058770596981048584,0.438975989818573,0.9273775219917297,0.21552784740924835,0.3802053928375244,1.145508050918579,0.2608966827392578,0.014829158782958984,6.261372089385986,0.6687707901000977,0.014260947704315186,6.72451114654541,0.6684948205947876,acceptance_decrease
84,55,304,304,False,0.0004823276831302792,3.087960067205131e-05,-0.00045144808245822787,10.046875,13.8828125,4.160309617873281e-05,-4.225969314575195e-05,0.9993546605110168,0.0005256955046206713,0.0001715056278044358,0.9993124008178711,0.0006831011269241571,0.00023560413683298975,0.005622208118438721,5.188350677490234,0.6757664680480957,0.005580604076385498,5.1887688636779785,0.6758681535720825,E_within_noise
84,56,20408,20408,False,1.2792381048202515,2.257546901702881,0.9783087968826294,0.359375,0.7890625,-1.364957571029663,-0.2630327343940735,0.5234948396682739,0.6880647540092468,0.1428433656692505,0.26046210527420044,1.7829957008361816,0.3310193419456482,0.007427334785461426,6.329033374786377,0.6797685623168945,0.010901868343353271,6.432582378387451,0.67352694272995,acceptance_decrease
84,57,1943,1943,False,9.002675506053492e-05,9.632566798245534e-05,6.298912921920419e-06,12.171875,12.203125,-2.3841721485950984e-07,2.980232238769531e-07,0.9265592098236084,0.07622437179088593,0.02613232657313347,0.9265595078468323,0.07622195035219193,0.026131194084882736,2.6464462280273438e-05,10.826053619384766,0.6930204629898071,2.676248550415039e-05,10.826048851013184,0.6930190920829773,E_within_noise
84,58,366,366,False,2.7847775072586956e-06,5.642524229187984e-06,2.8577467219292885e-06,15.703125,15.15625,-2.3841852225814364e-07,-5.960464477539063e-08,0.9999997019767761,4.929973442813207e-07,1.274345606816496e-07,0.9999996423721313,9.408385039932909e-07,1.725506990624126e-07,0.08551919460296631,2.459010362625122,0.543461799621582,0.08551937341690063,2.459007978439331,0.5434609651565552,E_within_noise
84,59,304,304,False,2.4453827791148797e-05,3.380805719643831e-05,9.354229405289516e-06,14.125,13.71875,-7.152544867494726e-07,-5.960464477539063e-08,0.9877421855926514,0.012321807444095612,0.0042634084820747375,0.9877421259880066,0.012326803989708424,0.004265596158802509,0.007663428783416748,4.871471405029297,0.6706324815750122,0.007664144039154053,4.871464729309082,0.6706310510635376,E_within_noise
84,60,2050,2050,False,0.3352685570716858,0.6420350670814514,0.3067665100097656,3.15625,2.28125,-0.10825891047716141,0.12857353687286377,0.5458505153656006,0.6036786437034607,0.18165144324302673,0.6744240522384644,0.27470701932907104,0.07775241136550903,0.004706084728240967,6.5660834312438965,0.6824040412902832,0.006296217441558838,6.326164245605469,0.679715633392334,B_distribution_flattening
84,61,27886,27886,False,0.0247892327606678,0.27433982491493225,0.24955059587955475,6.765625,3.671875,5.831853866577148,0.001068115234375,0.0019392967224121094,6.598183631896973,0.6872867345809937,0.0030074119567871094,6.473183631896973,0.684348464012146,0.03415846824645996,3.4470415115356445,0.6194491386413574,0.04163014888763428,3.3836464881896973,0.6103254556655884,E_within_noise
84,62,3241,3241,False,9.391160915583896e-07,1.2909420092910295e-06,3.5182591773263994e-07,17.84375,18.3125,-0.5,0.0,0.37376219034194946,0.9841353297233582,0.291109561920166,0.37376219034194946,0.9841353297233582,0.291109561920166,1.9609928131103516e-05,10.86812973022461,0.693033754825592,1.9609928131103516e-05,10.86812973022461,0.6930335760116577,E_within_noise
84,63,408,408,False,1.856550261436496e-05,0.004452232271432877,0.004433666821569204,13.921875,7.59375,-0.0005117530818097293,-0.0005072355270385742,0.9999959468841553,6.8067320171394385e-06,1.6748002735766931e-06,0.9994887113571167,0.004273540806025267,0.00017729986575432122,0.0017642974853515625,6.340758800506592,0.6866683959960938,0.002276003360748291,6.335135459899902,0.6854758262634277,E_within_noise
85,0,29871,29871,False,2.6144529329030775e-05,0.00012916374544147402,0.00010301921429345384,13.21875,11.5,-8.46380862640217e-06,-8.404254913330078e-06,0.9999987483024597,1.0139551704924088e-06,1.8402316470655933e-07,0.9999903440475464,2.036981823039241e-05,2.6551274459052365e-06,0.13971984386444092,1.968109130859375,0.48112016916275024,0.13972824811935425,1.968026876449585,0.48108789324760437,E_within_noise
85,1,9070,18585,True,1.545905590057373,1.1923667192459106,-0.3535388708114624,1.4062501192092896,1.890625,-1.2255897521972656,-0.1113671064376831,0.2538830041885376,2.0702385902404785,0.3825579881668091,0.1425158977508545,2.920198440551758,0.4763256907463074,0.007709860801696777,7.116274356842041,0.6782000660896301,0.006661951541900635,7.526017189025879,0.680718719959259,acceptance_decrease
85,2,29892,29892,False,0.00023319333558902144,0.0020012655295431614,0.001768072135746479,12.34375,10.5546875,-0.00012968947703484446,0.0001023411750793457,0.938121497631073,0.06377601623535156,0.021892620250582695,0.9382238388061523,0.06333935260772705,0.021697351709008217,0.0008800029754638672,7.05161190032959,0.6896121501922607,0.0009990930557250977,7.0502028465271,0.689354658126831,E_within_noise
85,3,263,263,False,0.43214845657348633,1.3671174049377441,0.9349689483642578,1.75,0.828125,-0.37474051117897034,-0.19282573461532593,0.864379346370697,0.1162341758608818,0.03847135603427887,0.6715536117553711,0.6292434334754944,0.12096340209245682,0.006059765815734863,5.333923816680908,0.6761067509651184,0.03346216678619385,4.3535003662109375,0.6333816647529602,acceptance_decrease
85,4,12758,12758,False,1.355979323387146,3.4806766510009766,2.124697208404541,0.6406249403953552,1.4765623807907104,-0.5727940201759338,-0.16345161199569702,0.6410003900527954,1.0649207830429077,0.16134044528007507,0.4775487780570984,1.762817621231079,0.20885023474693298,0.033880531787872314,5.906511306762695,0.6444759964942932,0.1189126968383789,4.126237392425537,0.5377781391143799,acceptance_decrease
85,5,1404,1404,False,0.17991602420806885,0.007672036997973919,-0.17224398255348206,3.75,8.125,0.03244861215353012,0.0274658203125,0.9687167406082153,0.22911594808101654,0.011230375617742538,0.9961825609207153,0.004611053504049778,0.0012466982007026672,0.021732687950134277,4.017329216003418,0.6441616415977478,0.017304062843322754,4.097960472106934,0.6498101949691772,A_or_C_alignment(needs quality cross-check)
85,6,29892,29892,False,0.6407884955406189,0.40382182598114014,-0.23696666955947876,2.875,2.015625,0.8798604011535645,0.03779947757720947,0.2090928554534912,1.772965431213379,0.37901443243026733,0.24689233303070068,1.4921414852142334,0.32792967557907104,0.012168943881988525,4.7592597007751465,0.6632285118103027,0.009756624698638916,4.786027431488037,0.6669231653213501,A_or_C_alignment(needs quality cross-check)
85,7,306,366,True,0.816213846206665,0.9044099450111389,0.08819609880447388,3.140625,1.8125,4.30828857421875,0.45526039600372314,0.1365724802017212,2.225598096847534,0.46917015314102173,0.5918328762054443,0.5691811442375183,0.16490013897418976,0.032869577407836914,4.971546173095703,0.6396355628967285,0.0558282732963562,4.237922668457031,0.6176416873931885,D_incidental_rank_flip
85,8,1074,1074,False,0.20422537624835968,1.2884478569030762,1.084222435951233,4.203125,0.28125,-0.8067214488983154,-0.13559991121292114,0.6720653772354126,0.5092864036560059,0.13669900596141815,0.5364654660224915,1.5066550970077515,0.19267107546329498,0.0019121170043945312,7.587769985198975,0.688273549079895,0.011455297470092773,6.805843353271484,0.6741423606872559,acceptance_decrease
85,9,29991,366,True,0.017750125378370285,1.010912299156189,0.9931621551513672,6.109375,1.375,-1.9630446434020996,-0.8575876355171204,0.9980344176292419,0.0037147689145058393,0.000768294557929039,0.14044678211212158,13.444397926330566,0.4802548289299011,0.0058290958404541016,5.309021472930908,0.6766201257705688,0.039353907108306885,4.980819225311279,0.6449117660522461,acceptance_decrease
85,10,334,334,False,0.25527775287628174,0.44765496253967285,0.1923772096633911,2.796875,2.125,-0.06747347861528397,-0.031190991401672363,0.9285106062889099,0.1432889997959137,0.03474227339029312,0.8973196148872375,0.25562530755996704,0.04631057381629944,0.03124159574508667,6.903182029724121,0.6609941720962524,0.03178638219833374,6.529253005981445,0.6517771482467651,acceptance_decrease
85,11,328,328,False,1.3558052778244019,1.1010758876800537,-0.25472939014434814,1.9375001192092896,0.1875,0.25701904296875,-0.021261990070343018,0.06707072257995605,4.611279010772705,0.6027698516845703,0.04580873250961304,4.418572902679443,0.6189475059509277,0.013143002986907959,9.334226608276367,0.673550009727478,0.010448575019836426,8.733646392822266,0.6770374774932861,acceptance_decrease
85,12,5143,5143,False,0.00045162782771512866,0.020700568333268166,0.020248940214514732,11.9140625,6.7578125,-0.002133887028321624,0.0010607242584228516,0.2564406394958496,1.3606804609298706,0.37514570355415344,0.25750136375427246,1.3535757064819336,0.372486412525177,5.1081180572509766e-05,10.806990623474121,0.6929680109024048,0.00048232078552246094,10.78806209564209,0.6920933723449707,E_within_noise
85,13,29879,29879,False,0.0013111347798258066,0.002415039576590061,0.0011039047967642546,9.90625,9.078125,3.734272003173828,0.00010269880294799805,0.032969534397125244,3.414273977279663,0.6199536323547363,0.03307223320007324,3.4132633209228516,0.6196253299713135,0.00015223026275634766,9.934849739074707,0.6927421689033508,0.00023412704467773438,9.933714866638184,0.6926603317260742,E_within_noise
85,14,12917,12917,False,1.5506067276000977,2.8008980751037598,1.250291347503662,1.7734375,0.1953125,-0.7945342659950256,0.020288825035095215,0.3546575903892517,1.1497279405593872,0.287830114364624,0.3749464154243469,2.3371176719665527,0.34178656339645386,0.048598527908325195,6.72359561920166,0.6298137903213501,0.08526885509490967,5.17296838760376,0.5797144770622253,B_distribution_flattening
85,15,267,267,False,5.4669726523570716e-05,7.596954219479812e-06,-4.707277184934355e-05,13.78125,15.828125,2.861017719624215e-06,-2.8014183044433594e-06,0.8869773745536804,0.11990949511528015,0.04085247218608856,0.886974573135376,0.11993540078401566,0.04086433723568916,1.341104507446289e-05,11.467657089233398,0.6930713653564453,1.0788440704345703e-05,11.467711448669434,0.6930806636810303,E_within_noise
85,16,29930,29930,False,0.005143726244568825,0.011820144020020962,0.006676417775452137,8.5859375,8.34375,0.5892086029052734,0.0006351470947265625,0.0715261697769165,2.6409249305725098,0.5613890886306763,0.07216131687164307,2.637077808380127,0.5603049993515015,0.0006706714630126953,7.958002090454102,0.6910792589187622,0.0010898709297180176,7.951808452606201,0.6903674602508545,E_within_noise
85,17,5674,13,True,0.4971387982368469,1.364250898361206,0.8671121001243591,3.4140625,0.7968749403953552,5.686928749084473,0.1363697648048401,0.03144043684005737,4.845961570739746,0.6412617564201355,0.16781020164489746,3.092744827270508,0.5001891255378723,0.0059967041015625,10.466325759887695,0.6835354566574097,0.00585097074508667,7.319796562194824,0.6825883388519287,D_incidental_rank_flip
85,18,29892,29892,False,0.0013707161415368319,0.0005749647389166057,-0.0007957514026202261,9.15625,11.4453125,8.570442150812596e-05,-1.7881393432617188e-06,0.9970579147338867,0.003022716846317053,0.001024058205075562,0.9970561265945435,0.0029251498635858297,0.000999949057586491,0.00510174036026001,5.302028656005859,0.677300214767456,0.005015969276428223,5.302543640136719,0.6773415803909302,E_within_noise
85,19,1235,306,True,0.926696240901947,0.5878376960754395,-0.33885854482650757,1.265625,3.3046875,-3.507857322692871,-0.5492261052131653,0.6908068656921387,0.5327203869819641,0.1302422732114792,0.1415807604789734,2.3246984481811523,0.46211159229278564,0.014924347400665283,7.191055774688721,0.6724170446395874,0.023873567581176758,4.581230640411377,0.6479331254959106,acceptance_decrease
85,20,592,592,False,0.002991918008774519,0.017553385347127914,0.014561466872692108,8.015625,5.984375,-0.002183903008699417,0.0021808743476867676,0.9356221556663513,0.06494121253490448,0.022109946236014366,0.9378030300140381,0.05715770274400711,0.01897389441728592,0.0022336244583129883,6.261978626251221,0.6858794093132019,0.0027754902839660645,6.249116897583008,0.6852706074714661,E_within_noise
85,21,2649,2649,False,0.014160881750285625,0.0019438152667135,-0.012217066250741482,7.09375,9.421875,0.001375804771669209,-0.001374661922454834,0.6960861086845398,0.3564917743206024,0.11637435853481293,0.694711446762085,0.36340218782424927,0.11922996491193771,0.0025417208671569824,6.775285243988037,0.6874154806137085,0.0012986063957214355,6.786196708679199,0.6884716153144836,E_within_noise
85,22,366,366,False,9.629241503716912e-06,5.7021083193831146e-05,4.739184078061953e-05,14.859375,12.671875,-3.3378526040905854e-06,5.364418029785156e-07,0.9999967217445374,2.6404932214063592e-06,9.136629159911536e-07,0.9999972581863403,5.224549568083603e-06,1.165862386187655e-06,0.013183057308197021,4.328825950622559,0.6579769849777222,0.013186514377593994,4.328792572021484,0.6579675078392029,E_within_noise
85,23,1048,1048,False,0.03893677145242691,0.003933984786272049,-0.03500278666615486,5.4375,8.859375,0.005233661737293005,-0.0014070868492126465,0.9549670815467834,0.04893897473812103,0.015653572976589203,0.9535599946975708,0.04612436890602112,0.015731725841760635,0.0026429295539855957,6.633481025695801,0.6848904490470886,0.001629471778869629,6.660964488983154,0.6873306035995483,E_within_noise
85,24,263,445,True,1.0355044603347778,0.9619007110595703,-0.07360374927520752,0.859375,0.6250000596046448,-0.5592619180679321,-0.29742640256881714,0.763667643070221,0.2135714292526245,0.05307984724640846,0.4662412405014038,1.086545705795288,0.2100619077682495,0.06563055515289307,2.9343881607055664,0.5725842118263245,0.0713498592376709,3.9277801513671875,0.5856243371963501,acceptance_decrease
85,25,2931,1556,True,1.0816152095794678,1.3152220249176025,0.23360681533813477,0.828125,0.3749999403953552,-0.5169284343719482,0.04567450284957886,0.16776162385940552,2.540130615234375,0.46339285373687744,0.21343612670898438,2.1076927185058594,0.423650324344635,0.006527066230773926,6.642147541046143,0.6785544157028198,0.007616221904754639,6.1229424476623535,0.6762139797210693,D_incidental_rank_flip
85,26,577,4257,True,1.2132244110107422,1.2213274240493774,0.008103013038635254,0.546875,0.71875,4.728726387023926,0.10768377780914307,0.08200901746749878,3.2447264194488525,0.5494358539581299,0.18969279527664185,2.0547101497650146,0.4132951498031616,0.006623387336730957,5.489779472351074,0.6760377883911133,0.011218428611755371,6.899815559387207,0.6716451644897461,D_incidental_rank_flip
85,27,325,325,False,0.039161209017038345,0.12764087319374084,0.0884796679019928,5.328125,4.875,0.299896240234375,0.011482834815979004,0.036280810832977295,3.349709987640381,0.6144540905952454,0.0477636456489563,3.289144277572632,0.6032896041870117,0.001650393009185791,7.109687328338623,0.6885769963264465,0.0034818649291992188,7.040122985839844,0.6855961084365845,B_distribution_flattening
85,28,3640,3640,False,0.0330193005502224,0.0018201074562966824,-0.031199192628264427,5.265625,8.609375,0.005040327552706003,-0.005026757717132568,0.9769778847694397,0.01627291738986969,0.005236038938164711,0.9719511270523071,0.027566684409976006,0.009422329254448414,2.682209014892578e-06,14.264952659606934,0.6931370496749878,1.3709068298339844e-06,14.291776657104492,0.6931402683258057,E_within_noise
85,29,322,322,False,0.27561166882514954,0.11770511418581009,-0.15790656208992004,2.46875,3.6875,0.05640684813261032,0.053488850593566895,0.9222634434700012,0.3222213685512543,0.026594987139105797,0.9757522940635681,0.0730442926287651,0.007625902071595192,0.298506498336792,1.2521895170211792,0.3331490755081177,0.24485623836517334,1.4017424583435059,0.3697167634963989,A_or_C_alignment(needs quality cross-check)
85,30,5412,5412,False,0.00017147923063021153,0.00010047412069980055,-7.100510993041098e-05,11.46875,12.34375,6.079613285692176e-06,-6.020069122314453e-06,0.2782914638519287,1.2790371179580688,0.35821378231048584,0.2782854437828064,1.2790707349777222,0.35822582244873047,0.0003973841667175293,7.851908206939697,0.6914130449295044,0.00039589405059814453,7.851951599121094,0.691413402557373,E_within_noise
85,31,29892,29892,False,0.002746449550613761,0.023641766980290413,0.02089531719684601,8.109375,5.640625,-0.0032533796038478613,-0.0007194876670837402,0.9972097873687744,0.0032260436564683914,0.001032124855555594,0.9964902997016907,0.01631246879696846,0.0021122274920344353,0.14568310976028442,1.9271876811981201,0.47491955757141113,0.1462600827217102,1.922924518585205,0.4743496775627136,E_within_noise
85,32,372,372,False,0.7915607690811157,0.1621280461549759,-0.629432737827301,0.171875,3.421875,-6.248227596282959,-0.42508232593536377,0.6277375221252441,0.3886064887046814,0.08965971320867538,0.20265519618988037,1.6600079536437988,0.4209904372692108,0.04127389192581177,3.517662763595581,0.6148849725723267,0.033551037311553955,4.373630046844482,0.6423926949501038,acceptance_decrease
85,33,29915,29915,False,0.15518586337566376,0.16250428557395935,0.007318422198295593,4.453125,3.9375,-0.0038498379290103912,-0.0015482902526855469,0.9739741086959839,0.08795597404241562,0.011199484579265118,0.9724258184432983,0.09056858718395233,0.013222402893006802,0.010505914688110352,7.963189601898193,0.6795255541801453,0.007947444915771484,7.946979999542236,0.681093156337738,E_within_noise
85,34,645,645,False,0.5769393444061279,0.48214221000671387,-0.09479713439941406,1.03125,1.46875,0.09785217046737671,0.07568556070327759,0.8174936175346375,0.14874997735023499,0.03068116493523121,0.893179178237915,0.058397673070430756,0.012781325727701187,0.0006619691848754883,8.551466941833496,0.6908725500106812,0.0005750656127929688,8.804140090942383,0.6910541653633118,A_or_C_alignment(needs quality cross-check)
85,35,5967,5967,False,0.9229131937026978,1.2232996225357056,0.3003864288330078,1.421875,0.6875,1.6113643646240234,0.004860579967498779,0.24114447832107544,1.9204597473144531,0.4306553304195404,0.24600505828857422,1.542564868927002,0.3896353244781494,0.004566311836242676,9.061674118041992,0.6851721405982971,0.005696535110473633,8.259124755859375,0.6830511093139648,E_within_noise
85,36,366,366,False,0.009322852827608585,0.00673428550362587,-0.0025885673239827156,6.75,7.140625,0.0003760861000046134,-0.0003712773323059082,0.9954314827919006,0.0029253780376166105,0.0009187448886223137,0.9950602054595947,0.0034966322127729654,0.001111828489229083,0.022207677364349365,3.8559019565582275,0.6408685445785522,0.021831989288330078,3.8575758934020996,0.6410555243492126,E_within_noise
85,37,297,297,False,2.368975877761841,2.135789632797241,-0.2331862449645996,1.078125,1.0625,0.06098669767379761,0.006003856658935547,0.5034801363945007,1.6744385957717896,0.22014448046684265,0.5094839930534363,1.77726149559021,0.22999894618988037,0.04113739728927612,5.362517356872559,0.6284223794937134,0.034334778785705566,5.271483421325684,0.6370410919189453,E_within_noise
85,38,263,263,False,0.018637707456946373,0.015958469361066818,-0.0026792380958795547,6.9375,7.0234375,0.0004967468557879329,-0.0003120899200439453,0.9850242733955383,0.013548278249800205,0.0045912256464362144,0.9847121834754944,0.01331984344869852,0.0044799912720918655,0.005662441253662109,5.473830223083496,0.6780267953872681,0.005246460437774658,5.476097106933594,0.6779720783233643,E_within_noise
85,39,705,705,False,0.01109944749623537,0.008420723490417004,-0.002678724005818367,7.265625,7.9609375,0.00036919041303917766,-0.0003821253776550293,0.9554437398910522,0.04337027296423912,0.014750431291759014,0.9550616145133972,0.04365922510623932,0.01480407640337944,0.0023914575576782227,6.673748016357422,0.6865179538726807,0.0020272135734558105,6.675793170928955,0.6864083409309387,E_within_noise
85,40,29889,29889,False,0.008710146881639957,0.07223200798034668,0.0635218620300293,6.90625,5.203125,-0.010134633630514145,0.0054146647453308105,0.977981448173523,0.02026304416358471,0.006822866853326559,0.9833961129188538,0.021573886275291443,0.005756785161793232,0.0027513504028320312,6.1023736000061035,0.6846351027488708,0.004461109638214111,6.049117088317871,0.6815516948699951,E_within_noise
85,41,2191,334,True,0.9932469725608826,1.5838061571121216,0.590559184551239,1.296875,0.9140625,5.397414684295654,0.36506807804107666,0.05687582492828369,6.958051681518555,0.6141964197158813,0.42194390296936035,2.4010262489318848,0.324276328086853,0.009415388107299805,8.422005653381348,0.6773816347122192,0.03626871109008789,5.141357898712158,0.6384842991828918,D_incidental_rank_flip
85,42,300,300,False,2.6653755412553437e-05,0.00022649126185569912,0.0001998375082621351,15.328125,11.875,-1.4185784493747633e-05,1.4185905456542969e-05,0.861546516418457,0.14901147782802582,0.05055699124932289,0.8615607023239136,0.14893731474876404,0.0505252331495285,4.2498111724853516e-05,10.103209495544434,0.6929138898849487,5.6624412536621094e-05,10.10302448272705,0.6928906440734863,E_within_noise
85,43,796,796,False,1.9493598937988281,2.9755895137786865,1.0262296199798584,1.6484375,1.3046873807907104,-0.06455516815185547,0.07464706897735596,0.29799318313598633,1.3174481391906738,0.3125549852848053,0.3726402521133423,1.2364224195480347,0.2700301706790924,0.06944698095321655,4.943530082702637,0.6143584251403809,0.10057586431503296,4.324339389801025,0.5703967809677124,B_distribution_flattening
85,44,2518,1165,True,1.110123872756958,4.265449523925781,3.1553256511688232,2.4765625,0.109375,1.6016892194747925,0.13570791482925415,0.22393250465393066,1.6834354400634766,0.37697672843933105,0.3596404194831848,2.340853214263916,0.31160449981689453,0.011952877044677734,10.697039604187012,0.6744353771209717,0.08195984363555908,6.457245826721191,0.587333083152771,D_incidental_rank_flip
85,45,29892,29892,False,0.2987205386161804,0.17228597402572632,-0.1264345645904541,4.28125,5.25,-6.043740272521973,-0.024031102657318115,0.09333479404449463,2.5600221157073975,0.5224083065986633,0.06930369138717651,2.7272467613220215,0.5635384321212769,0.02936530113220215,5.398237228393555,0.6525113582611084,0.013534486293792725,5.528407096862793,0.6661953330039978,acceptance_decrease
85,46,278,263,True,0.6989992260932922,0.24073028564453125,-0.458268940448761,0.03125,3.0625,-2.4405887126922607,-0.46024447679519653,0.8104559779167175,0.13626322150230408,0.04031405225396156,0.350211501121521,0.9717040657997131,0.26231762766838074,0.010473012924194336,4.953104019165039,0.6658257246017456,0.010537445545196533,6.287723064422607,0.6752288937568665,acceptance_decrease
85,47,6776,1833,True,4.520224094390869,3.8231091499328613,-0.6971149444580078,0.53125,0.1484375,-2.5384578704833984,-0.05681484937667847,0.28077560663223267,2.5674548149108887,0.36529937386512756,0.2239607572555542,2.8990161418914795,0.423650860786438,0.12126976251602173,4.090696334838867,0.5342627167701721,0.12625086307525635,4.13604211807251,0.5319913625717163,acceptance_decrease
85,48,13076,13076,False,0.021168993785977364,0.09752152115106583,0.07635252922773361,6.703125,4.4375,-0.01327012199908495,0.014019906520843506,0.7139570116996765,0.3319976329803467,0.10869505256414413,0.72797691822052,0.28533899784088135,0.09107305854558945,0.00018787384033203125,11.610507011413574,0.6928609013557434,0.0005255341529846191,11.535602569580078,0.6921327114105225,B_distribution_flattening
85,49,12561,281,True,3.409323215484619,4.022304534912109,0.6129813194274902,1.125,0.21875,-3.7152891159057617,0.023234784603118896,0.26149463653564453,1.9945237636566162,0.37416043877601624,0.2847294211387634,1.7702147960662842,0.34851300716400146,0.08977210521697998,3.987936019897461,0.567005455493927,0.11776405572891235,3.6513986587524414,0.5360144376754761,D_incidental_rank_flip
85,50,705,261,True,0.1760302037000656,0.8240746259689331,0.6480444073677063,3.578125,0.375,3.0670833587646484,0.5627445578575134,0.029040753841400146,6.791102409362793,0.630398154258728,0.5917853116989136,2.4125373363494873,0.24464483559131622,0.002748847007751465,7.637352466583252,0.6884570121765137,0.006619513034820557,8.276603698730469,0.6825366020202637,D_incidental_rank_flip
85,51,12483,12483,False,0.00010096516052726656,0.0008535360684618354,0.000752570922486484,12.640625,11.1171875,4.617130279541016,5.8591365814208984e-05,0.12214845418930054,2.1025054454803467,0.5000594258308411,0.12220704555511475,2.102038860321045,0.4998907148838043,6.341934204101562e-05,9.764067649841309,0.6928264498710632,0.00011146068572998047,9.763378143310547,0.6927562952041626,E_within_noise
85,52,29889,29889,False,0.6607787013053894,0.5741157531738281,-0.08666294813156128,1.296875,2.046875,-0.6501927375793457,-0.10107654333114624,0.30468255281448364,1.5624439716339111,0.32822299003601074,0.2036060094833374,1.8863506317138672,0.39569056034088135,0.0302504301071167,4.8425092697143555,0.6425638794898987,0.02993941307067871,5.155653476715088,0.6472525000572205,acceptance_decrease
85,53,2439,334,True,1.7369928359985352,1.0378077030181885,-0.6991851329803467,0.078125,0.6562499403953552,-5.121004104614258,-0.5594596862792969,0.603981614112854,0.6375402212142944,0.14122231304645538,0.04452192783355713,3.2552859783172607,0.5985193848609924,0.011451542377471924,7.765058994293213,0.6723839640617371,0.03764700889587402,4.863109111785889,0.6366839408874512,acceptance_decrease
85,54,11315,8775,True,1.9678744077682495,3.876676321029663,1.9088019132614136,1.8046875,0.28125011920928955,-1.6833140850067139,0.007011711597442627,0.2524777054786682,1.785513997077942,0.33994582295417786,0.25948941707611084,2.9158694744110107,0.4141123294830322,0.02121603488922119,5.659488677978516,0.6545100808143616,0.06748855113983154,5.447030067443848,0.6021997928619385,E_within_noise
85,55,3209,338,True,1.2235891819000244,1.9692615270614624,0.745672345161438,1.9375,1.171875,1.4936325550079346,0.3640536665916443,0.11770492792129517,6.455880641937256,0.5034769177436829,0.48175859451293945,2.486933708190918,0.21921685338020325,0.01836705207824707,7.189966678619385,0.6630827188491821,0.0259629487991333,6.293194770812988,0.6499621272087097,D_incidental_rank_flip
85,56,29883,29883,False,5.526502718566917e-05,0.00030217383755370975,0.00024690880673006177,13.4296875,11.1328125,-1.8596409063320607e-05,1.8656253814697266e-05,0.058740317821502686,2.834646701812744,0.5796678066253662,0.05875897407531738,2.8345065116882324,0.5796241760253906,5.78761100769043e-05,9.823747634887695,0.6928476095199585,6.532669067382812e-05,9.8235445022583,0.6928281784057617,E_within_noise
85,57,3076,3076,False,0.0014460068196058273,0.06638451665639877,0.0649385079741478,8.96875,4.390625,-0.012199136428534985,0.0006955265998840332,0.9719944596290588,0.028101393952965736,0.00968391727656126,0.9726899862289429,0.04910153150558472,0.01246015913784504,3.886222839355469e-05,11.057838439941406,0.6930186748504639,4.863739013671875e-05,10.998401641845703,0.6929720640182495,E_within_noise
85,58,763,763,False,0.31764376163482666,0.6452569961547852,0.3276132345199585,2.5625,0.765625,-0.29917725920677185,-0.24500876665115356,0.9302477240562439,0.21548601984977722,0.03406790271401405,0.6852389574050903,1.3362438678741455,0.12974171340465546,0.018987655639648438,4.497677803039551,0.6570656895637512,0.013257265090942383,4.860340118408203,0.6615886688232422,acceptance_decrease
85,59,263,263,False,0.09261215478181839,0.02734283171594143,-0.06526932120323181,5.6953125,6.6171875,0.008515710942447186,-0.001536726951599121,0.9770100712776184,0.041632335633039474,0.008927039802074432,0.9754733443260193,0.024302294477820396,0.008016344159841537,0.030620932579040527,3.665309429168701,0.627839207649231,0.0272294282913208,3.6841766834259033,0.6311148405075073,E_within_noise
85,60,15400,3764,True,3.2442376613616943,3.196760654449463,-0.047477006912231445,0.921875,0.42968738079071045,-0.7490401268005371,-0.03247630596160889,0.4449094533920288,1.1842395067214966,0.2566365599632263,0.4124331474304199,1.6844723224639893,0.31159400939941406,0.11573231220245361,3.219377040863037,0.5326728820800781,0.11107218265533447,3.2469186782836914,0.5342931151390076,acceptance_decrease
85,61,29891,17911,True,0.002552568446844816,0.9519296884536743,0.9493771195411682,8.703125,1.25,-1.572273850440979,-0.7922332882881165,0.9997618794441223,0.0018437913386151195,8.242249168688431e-05,0.20752859115600586,15.483440399169922,0.416105180978775,0.0007858872413635254,7.252201080322266,0.6901258230209351,0.010177135467529297,8.97445297241211,0.6748393774032593,acceptance_decrease
85,62,310,310,False,0.15701352059841156,0.651786208152771,0.49477267265319824,3.765625,2.0,0.7820272445678711,0.14517968893051147,0.07712745666503906,2.8328194618225098,0.5432001352310181,0.22230714559555054,2.161526918411255,0.40877312421798706,0.027222752571105957,4.056224346160889,0.6362969875335693,0.14725524187088013,3.3113033771514893,0.5269860029220581,B_distribution_flattening
85,63,4646,10819,True,1.357749104499817,0.8883339762687683,-0.4694151282310486,1.5703125,2.8046875,1.8616890907287598,-0.038373589515686035,0.5122700929641724,1.0845143795013428,0.18394598364830017,0.47389650344848633,0.8072510957717896,0.22087441384792328,0.020042061805725098,5.6214189529418945,0.657945454120636,0.0265580415725708,5.691531181335449,0.6514970064163208,acceptance_decrease
86,0,29871,29871,False,0.00010040736378869042,8.739913027966395e-05,-1.3008233509026468e-05,11.765625,12.1796875,1.6689186850271653e-06,-2.086162567138672e-06,0.9999851584434509,8.439043085672893e-06,2.6630746106093284e-06,0.9999830722808838,1.0463132639415562e-05,3.1746531021781266e-06,0.007508635520935059,4.892609596252441,0.6710050106048584,0.007506906986236572,4.892624378204346,0.6710077524185181,E_within_noise
86,1,315,1094,True,1.7305525541305542,0.1872061938047409,-1.5433464050292969,0.3749999403953552,3.296875,-0.5403146743774414,-0.2874874472618103,0.339954674243927,1.4953771829605103,0.3102726936340332,0.0524672269821167,4.049596309661865,0.6004073619842529,0.004626274108886719,7.049659729003906,0.6826058626174927,0.001681208610534668,8.898309707641602,0.689800500869751,acceptance_decrease
86,2,13946,13946,False,7.760845619486645e-06,0.13425573706626892,0.13424797356128693,15.8203125,5.3359375,-0.015474601648747921,-0.012178957462310791,0.9979388117790222,0.00205883732996881,0.0007145461859181523,0.9857598543167114,0.07442312687635422,0.004875981714576483,5.733966827392578e-05,9.77782154083252,0.6928396224975586,0.003516077995300293,9.655839920043945,0.6864132881164551,acceptance_decrease
86,3,368,368,False,1.8011077429491706e-07,0.0022841747850179672,0.002283994574099779,19.65625,8.53125,-0.0002224197960458696,-0.0002225637435913086,1.0,-3.5637353068551647e-09,4.285081622867892e-09,0.9997774362564087,0.0021281626541167498,7.714531238889322e-05,0.00027507543563842773,8.198188781738281,0.6918817758560181,0.0004975795745849609,8.195795059204102,0.6915782690048218,E_within_noise
86,4,29991,29991,False,0.35565119981765747,0.45412328839302063,0.09847208857536316,2.046875,1.609375,-0.061177000403404236,-0.05255568027496338,0.9850969910621643,0.0012014713138341904,0.00029212841764092445,0.9325413107872009,0.023208223283290863,0.005042564123868942,0.23003911972045898,1.6709990501403809,0.3826814591884613,0.28259503841400146,1.5141630172729492,0.35171711444854736,acceptance_decrease
86,5,2266,2266,False,0.0016128196148201823,0.032747939229011536,0.03113511949777603,9.40625,6.890625,4.105897903442383,0.00295180082321167,0.4465121030807495,0.8055711388587952,0.24579603970050812,0.4494639039039612,0.7941688299179077,0.24160577356815338,0.00029355287551879883,8.77852725982666,0.692134439945221,0.0023369789123535156,8.74300479888916,0.6882807016372681,E_within_noise
86,6,29915,29915,False,0.6275573968887329,0.45306524634361267,-0.17449215054512024,0.75,1.609375,-0.6550811529159546,-0.15417486429214478,0.7896068692207336,0.09001684933900833,0.022819112986326218,0.6354320049285889,0.28736451268196106,0.07596668601036072,0.006018340587615967,5.889605522155762,0.6766434907913208,0.00613856315612793,6.350081920623779,0.6780199408531189,acceptance_decrease
86,7,29879,29879,False,6.523950446535309e-07,1.906944362417562e-06,1.2545492609206121e-06,18.2421875,17.5625,0.0,0.0,0.9999998211860657,1.9421071328906692e-07,3.0728624977882646e-08,0.9999998211860657,3.25466089634574e-07,2.195424997353257e-08,0.00040030479431152344,7.822723865509033,0.6913802623748779,0.0004004240036010742,7.822723388671875,0.6913799047470093,E_within_noise
86,8,263,263,False,0.014896294102072716,0.14407266676425934,0.12917637825012207,6.75,3.515625,-0.029048796743154526,-0.020470738410949707,0.9907044768333435,0.010285241529345512,0.002968807704746723,0.9702337384223938,0.15217040479183197,0.012646842747926712,0.25531190633773804,1.3640682697296143,0.37477168440818787,0.25794827938079834,1.3612866401672363,0.37252819538116455,acceptance_decrease
86,9,29037,29037,False,0.2912503778934479,0.983240008354187,0.6919896602630615,3.09375,0.640625,-0.4391379654407501,-0.12178164720535278,0.8741309642791748,0.0873383954167366,0.025655820965766907,0.752349317073822,0.2370690554380417,0.04897435009479523,0.004403233528137207,6.911397457122803,0.6843476295471191,0.008429646492004395,6.1638078689575195,0.6766815185546875,acceptance_decrease
86,10,573,573,False,3.9522080896858824e-07,2.6275014533894137e-05,2.587979361123871e-05,18.5,13.8984375,-1.6689286894688848e-06,-1.430511474609375e-06,0.9999998807907104,8.405805829170276e-08,4.670668474204831e-08,0.9999984502792358,4.3495892896316946e-06,4.558434625323571e-07,0.0010941028594970703,6.818121910095215,0.6888709664344788,0.0010957121849060059,6.8180999755859375,0.6888656616210938,E_within_noise
86,11,14880,14880,False,0.001682611764408648,0.0048885284923017025,0.0032059168443083763,8.734375,8.3125,-0.0003310524916741997,9.60230827331543e-05,0.9862803220748901,0.013077442534267902,0.004442720208317041,0.9863763451576233,0.013366376981139183,0.004413860384374857,0.0018153786659240723,6.408193588256836,0.6868743896484375,0.002146303653717041,6.405480861663818,0.6865420341491699,E_within_noise
86,12,1048,1048,False,0.4422590732574463,0.4466019570827484,0.004342883825302124,1.78125,2.234375,0.03021492063999176,0.040865302085876465,0.855758011341095,0.6199952363967896,0.05406118184328079,0.8966233134269714,0.3735455870628357,0.03367314115166664,0.008451759815216064,5.361116886138916,0.6717926263809204,0.031178414821624756,5.27371883392334,0.6558783054351807,A_or_C_alignment(needs quality cross-check)
86,13,263,263,False,5.1953925321868155e-06,0.00028024191851727664,0.0002750465355347842,15.34375,10.953125,-2.2291880668490194e-05,2.1696090698242188e-05,0.9849790334701538,0.015131665393710136,0.00523274764418602,0.985000729560852,0.014977565966546535,0.00516206119209528,0.002942979335784912,5.828570365905762,0.6830973029136658,0.002965271472930908,5.828282356262207,0.6830180883407593,E_within_noise
86,14,289,289,False,0.0007148113800212741,0.001116373692639172,0.000401562312617898,9.703125,9.84375,-3.361425478942692e-05,-2.562999725341797e-06,0.9984333515167236,0.0013636002549901605,0.00045281887287274003,0.9984307885169983,0.0014336991589516401,0.00046862009912729263,0.007255613803863525,4.934392929077148,0.67164146900177,0.00728917121887207,4.934139251708984,0.6715959906578064,E_within_noise
86,15,504,504,False,1.8559272518814396e-07,6.524816171804559e-07,4.6688887778145727e-07,18.9375,17.78125,0.0,5.960464477539063e-08,0.9997739791870117,0.0002251968253403902,7.857812306610867e-05,0.9997740387916565,0.00022503449872601777,7.849313988117501e-05,5.602836608886719e-06,12.098526954650879,0.6931107044219971,5.602836608886719e-06,12.098526954650879,0.6931105852127075,E_within_noise
86,16,1847,1847,False,3.2941577501333086e-06,1.1475765404611593e-06,-2.1465812096721493e-06,15.78125,16.765625,1.1920928244535389e-07,-5.960464477539063e-08,0.9999796152114868,2.010802381846588e-05,6.919001862115692e-06,0.999979555606842,2.0311872503953055e-05,6.9978382271074224e-06,0.0003943443298339844,7.838743686676025,0.6914044618606567,0.0003942251205444336,7.838745594024658,0.6914049386978149,E_within_noise
86,17,9999,9999,False,2.6529298338573426e-05,2.9332915801205672e-05,2.8036174626322463e-06,13.8125,13.734375,-2.3841812435421161e-07,1.1920928955078125e-07,0.9999864101409912,1.1260209248575848e-05,3.7721197259088513e-06,0.9999865293502808,1.109702861867845e-05,3.665112444650731e-06,0.0013086795806884766,6.639913082122803,0.688149094581604,0.0013087987899780273,6.639909744262695,0.6881483793258667,E_within_noise
86,18,6689,6689,False,5.115234671393409e-06,0.00019621328101493418,0.00019109804998151958,16.8046875,11.9375,-1.4066594303585589e-05,-9.357929229736328e-06,0.9999970197677612,2.6812533633346902e-06,8.794058885541745e-07,0.9999876618385315,5.2581475756596774e-05,3.976552761741914e-06,6.377696990966797e-05,9.664400100708008,0.6928073167800903,7.784366607666016e-05,9.66417407989502,0.6927624940872192,E_within_noise
86,19,29901,29901,False,0.14907826483249664,0.7577961087226868,0.6087178587913513,4.03125,0.109375,3.7661452293395996,0.45127958059310913,0.2299681305885315,1.458638310432434,0.37416428327560425,0.6812477111816406,0.3000096082687378,0.07543107122182846,0.11194252967834473,2.2867186069488525,0.5114150047302246,0.18606317043304443,1.7042979001998901,0.4368259906768799,B_distribution_flattening
86,20,13,13,False,8.382098144465999e-07,0.00099807302467525,0.0009972348343580961,17.546875,9.359375,-9.285972191719338e-05,-9.08970832824707e-05,0.9999990463256836,8.555679755772871e-07,2.767684179616481e-07,0.9999081492424011,0.00034443900221958756,2.9828768674633466e-05,0.0034285783767700195,5.675595760345459,0.6816999316215515,0.0035213828086853027,5.674654483795166,0.681492030620575,E_within_noise
86,21,13,13,False,1.1321949386911e-06,0.0003177302423864603,0.00031659804517403245,16.890625,11.609375,-2.1576648578047752e-05,-1.2934207916259766e-05,0.9999956488609314,4.208314294373849e-06,1.3937390122009674e-06,0.9999827146530151,0.00013467762619256973,5.92495416640304e-06,0.07380557060241699,2.6063191890716553,0.5587341785430908,0.07382738590240479,2.606149911880493,0.558677613735199,E_within_noise
86,22,2887,2887,False,0.33822980523109436,0.4541636109352112,0.11593380570411682,3.109375,1.734375,-8.18368911743164,0.004002928733825684,0.35468554496765137,0.9730725288391113,0.2568674683570862,0.35868847370147705,1.0408011674880981,0.30160054564476013,0.0033990144729614258,6.329116344451904,0.6833897829055786,0.004803657531738281,6.231743812561035,0.6818689703941345,E_within_noise
86,23,366,306,True,0.08999195694923401,0.725355327129364,0.6353633403778076,4.46875,0.6093750596046448,-1.738480567932129,-0.0015121102333068848,0.10807359218597412,2.251542806625366,0.5101984739303589,0.10656148195266724,5.248108386993408,0.5658926367759705,0.004794418811798096,7.049867153167725,0.6832905411720276,0.0027756094932556152,6.221289157867432,0.6840288639068604,E_within_noise
86,24,4331,6686,True,0.3870870769023895,1.2969213724136353,0.9098342657089233,2.78125,0.2968750596046448,-0.9756771326065063,0.0012270212173461914,0.44374072551727295,0.8298517465591431,0.24504689872264862,0.44496774673461914,1.446357250213623,0.3080343008041382,0.006535708904266357,7.4660725593566895,0.6811543703079224,0.012541353702545166,6.017780780792236,0.6715856790542603,E_within_noise
86,25,964,964,False,0.005814338568598032,0.01720430888235569,0.011389970779418945,8.203125,6.28125,-0.0016363289905712008,0.0018175244331359863,0.8455597758293152,0.16663311421871185,0.05591952055692673,0.8473773002624512,0.1573011875152588,0.05227290093898773,0.0023478269577026367,6.344047546386719,0.6860487461090088,0.003124535083770752,6.333584308624268,0.68543541431427,E_within_noise
86,26,278,278,False,6.703453436784912e-07,7.300590368686244e-05,7.233555515995249e-05,17.484375,12.59375,-5.006777428206988e-06,4.410743713378906e-06,0.9939853549003601,0.006032605189830065,0.0020889034494757652,0.9939897656440735,0.006015252321958542,0.0020811918657273054,0.0016010403633117676,6.436847686767578,0.6871917247772217,0.0016060471534729004,6.436779022216797,0.6871733665466309,E_within_noise
86,27,9999,289,True,1.07212233543396,0.8428024649620056,-0.22931987047195435,0.875,0.4375,0.8583349585533142,0.3084985613822937,0.2901853322982788,5.083303451538086,0.3404204845428467,0.5986838936805725,2.844054937362671,0.1657184362411499,0.08311080932617188,3.9764418601989746,0.5803034901618958,0.08267724514007568,3.2053494453430176,0.5637075901031494,D_incidental_rank_flip
86,28,6689,6689,False,0.0067109959200024605,0.5688871741294861,0.5621761679649353,7.125,1.078125,-0.2922331988811493,-0.25319141149520874,0.9991921782493591,0.0032597079407423735,0.00026868085842579603,0.7460007667541504,2.517732858657837,0.09726713597774506,0.0008221268653869629,12.11056900024414,0.6918214559555054,0.006616950035095215,9.758476257324219,0.6777701377868652,acceptance_decrease
86,29,29892,29892,False,8.2410842878744e-06,8.353286830242723e-05,7.529178401455283e-05,15.8828125,13.4921875,-4.649149559554644e-06,2.9206275939941406e-06,0.999984622001648,1.4332563296193257e-05,4.878929303231416e-06,0.9999875426292419,1.0914092854363844e-05,3.4474726362532238e-06,0.21478992700576782,1.5380916595458984,0.40977975726127625,0.21479439735412598,1.5380381345748901,0.40975716710090637,E_within_noise
86,30,278,278,False,0.7690116167068481,0.7747262716293335,0.0057146549224853516,1.046875,1.640625,0.0744742751121521,0.06417346000671387,0.7303581237792969,0.6360726952552795,0.09092243015766144,0.7945315837860107,0.41248515248298645,0.0622161366045475,0.0666583776473999,2.929643154144287,0.5788851380348206,0.06763386726379395,2.9032628536224365,0.5744231939315796,A_or_C_alignment(needs quality cross-check)
86,31,274,937,True,1.9547109603881836,1.064300537109375,-0.8904104232788086,0.9296874403953552,2.5859375,-1.800534725189209,-0.08249688148498535,0.19169896841049194,3.8498435020446777,0.4423651695251465,0.10920208692550659,4.882171630859375,0.5415942668914795,0.025252163410186768,5.937804698944092,0.6484347581863403,0.02491074800491333,5.161394119262695,0.6491819620132446,acceptance_decrease
86,32,562,562,False,0.00015702364908065647,0.004261218011379242,0.004104194231331348,12.359375,7.765625,0.21439552307128906,0.0002757906913757324,0.0031847357749938965,5.752863883972168,0.6823943853378296,0.003460526466369629,5.749888896942139,0.6820769309997559,3.820657730102539e-05,10.499808311462402,0.6929723620414734,7.492303848266602e-05,10.496089935302734,0.6928865313529968,E_within_noise
86,33,3021,3021,False,0.00010469289554748684,0.01222006045281887,0.01211536768823862,11.734375,7.4609375,-0.0012033989187330008,0.0010837316513061523,0.22620296478271484,1.4862980842590332,0.40000003576278687,0.227286696434021,1.4820069074630737,0.398701548576355,1.633167266845703e-05,11.685700416564941,0.6930872201919556,0.0002886056900024414,11.673064231872559,0.6925191879272461,E_within_noise
86,34,2592,2592,False,0.022082015872001648,0.6148271560668945,0.5927451252937317,5.71875,0.84375,-0.35480836033821106,0.1523095965385437,0.30250608921051025,1.1866413354873657,0.33501332998275757,0.45481568574905396,0.7903504967689514,0.2412624955177307,0.00032138824462890625,9.754803657531738,0.6923725605010986,0.00046640634536743164,8.710013389587402,0.6916390061378479,B_distribution_flattening
86,35,310,310,False,2.2892282913744566e-07,1.0779696822282858e-05,1.0550774277362507e-05,18.578125,14.9296875,-5.960462772236497e-07,5.364418029785156e-07,0.9999915957450867,8.274329957203008e-06,2.9106104193488136e-06,0.9999921321868896,6.665563887509052e-06,2.2515760065289214e-06,0.003312051296234131,5.71013069152832,0.6820317506790161,0.00331270694732666,5.710122108459473,0.6820290088653564,E_within_noise
86,36,10083,10083,False,0.14190155267715454,0.6605334281921387,0.5186318755149841,3.921875,1.734375,-0.1762862652540207,0.054351866245269775,0.2757475972175598,1.2948119640350342,0.35293877124786377,0.3300994634628296,1.0928078889846802,0.30406659841537476,0.007384955883026123,5.727982997894287,0.6767243146896362,0.0145416259765625,5.5890583992004395,0.6669025421142578,B_distribution_flattening
86,37,427,19572,True,1.78941810131073,2.134779453277588,0.3453613519668579,0.390625,0.90625,0.7693333625793457,0.037640392780303955,0.07690638303756714,4.466353893280029,0.5642972588539124,0.1145467758178711,3.0464906692504883,0.508529543876648,0.023332655429840088,7.048730850219727,0.6636319160461426,0.03823500871658325,7.029336452484131,0.6365405917167664,D_incidental_rank_flip
86,38,1830,1830,False,9.912870882544667e-05,0.003828742541372776,0.0037296137306839228,12.78125,9.140625,-0.0003241946396883577,0.00032442808151245117,0.6519691348075867,0.4277065694332123,0.1390632838010788,0.6522935628890991,0.4264766573905945,0.13857966661453247,4.774332046508789e-05,10.112016677856445,0.6929078102111816,0.00017446279525756836,10.108620643615723,0.692682147026062,E_within_noise
86,39,29879,29879,False,0.0029397611506283283,0.004072310868650675,0.0011325497180223465,8.03125,7.75,0.28111886978149414,0.00010824203491210938,0.29331982135772705,1.2244049310684204,0.3458257019519806,0.29342806339263916,1.223486065864563,0.34544023871421814,0.00015878677368164062,9.239958763122559,0.6925651431083679,0.0001844167709350586,9.238788604736328,0.6924833059310913,E_within_noise
86,40,366,366,False,0.000686910527292639,0.006556898821145296,0.005869988352060318,9.65625,7.125,-0.0007416359148919582,0.0007405877113342285,0.9941511750221252,0.00557605130597949,0.0018985513597726822,0.9948917627334595,0.003517415840178728,0.001100683817639947,0.009399116039276123,4.673365592956543,0.6664832830429077,0.010140419006347656,4.668280601501465,0.6656306982040405,E_within_noise
86,41,448,29889,True,1.2428525686264038,1.4395216703414917,0.1966691017150879,0.203125,0.203125,-5.0275468826293945,-0.4194772243499756,0.4473267197608948,2.31246280670166,0.23462039232254028,0.02784949541091919,4.456969261169434,0.629427433013916,0.06552821397781372,4.028287410736084,0.6065222024917603,0.04990994930267334,3.4862101078033447,0.6043972969055176,acceptance_decrease
86,42,278,278,False,0.006135835777968168,0.05953771993517876,0.0534018836915493,8.28125,5.828125,3.2359399795532227,0.0022513866424560547,0.23886704444885254,1.4316574335098267,0.38917306065559387,0.2411184310913086,1.422258973121643,0.38663917779922485,0.025638282299041748,3.674100875854492,0.6330794095993042,0.03012186288833618,3.6422364711761475,0.6273518800735474,E_within_noise
86,43,521,521,False,1.0793297290802002,1.5584914684295654,0.47916173934936523,3.2890625,1.0234375,2.3537251949310303,0.1857127547264099,0.1853223443031311,1.8805336952209473,0.41524577140808105,0.371035099029541,1.24623703956604,0.2713085412979126,0.0885854959487915,3.0623886585235596,0.5601486563682556,0.09257543087005615,3.301421880722046,0.5524524450302124,B_distribution_flattening
86,44,2620,2620,False,0.0030094855464994907,0.16134344041347504,0.15833395719528198,8.96875,3.578125,-0.031760428100824356,0.006593286991119385,0.38661646842956543,0.9493494629859924,0.28232985734939575,0.3932097554206848,0.9454877972602844,0.27720192074775696,8.606910705566406e-05,12.933526039123535,0.693020224571228,0.00035572052001953125,12.73299789428711,0.6923466920852661,E_within_noise
86,45,310,310,False,0.001268098596483469,0.00033082146546803415,-0.0009372771019116044,9.15625,10.96875,9.476435661781579e-05,-9.47117805480957e-05,0.8762202858924866,0.131402850151062,0.04460346698760986,0.8761255741119385,0.13202746212482452,0.044879764318466187,0.000818789005279541,7.266797065734863,0.6900384426116943,0.0007241368293762207,7.267792224884033,0.6901935338973999,E_within_noise
86,46,9691,9691,False,0.036744724959135056,0.17997485399246216,0.1432301253080368,6.0078125,4.421875,-0.02179579995572567,0.00890040397644043,0.20493781566619873,1.5835528373718262,0.41446053981781006,0.21383821964263916,1.545385479927063,0.40497347712516785,0.001974642276763916,8.752164840698242,0.6899386644363403,0.007194340229034424,8.604303359985352,0.6830395460128784,E_within_noise
86,47,943,943,False,3.3099880965892226e-05,0.001458924263715744,0.001425824360921979,13.0625,8.84375,-0.000144232515594922,0.00014412403106689453,0.9451280236244202,0.056410737335681915,0.019393637776374817,0.9452721476554871,0.05541914701461792,0.018949342891573906,3.17692756652832e-05,10.431838989257812,0.6929729580879211,0.00012111663818359375,10.430256843566895,0.6928943395614624,E_within_noise
86,48,29892,5432,True,0.9068207144737244,0.3388509154319763,-0.567969799041748,1.7031251192092896,3.703125,-3.7467119693756104,-0.22330468893051147,0.25112295150756836,1.8664567470550537,0.3954211175441742,0.027818262577056885,6.589610576629639,0.647098183631897,0.00478208065032959,7.8622660636901855,0.6844817996025085,0.0032645463943481445,8.906759262084961,0.6870453953742981,acceptance_decrease
86,49,278,278,False,0.0002756824833340943,0.0003104583011008799,3.477581776678562e-05,11.5546875,11.625,-1.6688954929122701e-06,1.6093254089355469e-06,0.9682870507240295,0.03212028369307518,0.011077464558184147,0.9682886600494385,0.03210819512605667,0.011072007939219475,0.00547415018081665,5.211012840270996,0.6761413812637329,0.005475759506225586,5.210984230041504,0.6761312484741211,E_within_noise
86,50,1067,1067,False,0.3862913250923157,1.761227011680603,1.3749356269836426,4.25,2.265625,0.9649009704589844,0.1027863621711731,0.09229815006256104,2.7095658779144287,0.5336416363716125,0.19508451223373413,2.075035572052002,0.41944217681884766,0.04325062036514282,5.554156303405762,0.6242619752883911,0.1966230273246765,3.994124174118042,0.47314801812171936,B_distribution_flattening
86,51,9776,9776,False,0.7845271229743958,1.312662959098816,0.5281358361244202,0.734375,1.203125,-1.5306352376937866,-0.15924453735351562,0.3659663200378418,1.650377631187439,0.30404728651046753,0.20672178268432617,2.383695125579834,0.40363502502441406,0.00033652782440185547,9.198227882385254,0.6922569870948792,0.0006157159805297852,8.980330467224121,0.6917334794998169,acceptance_decrease
86,52,310,310,False,1.6964758060566965e-06,2.114342805725755e-06,4.178669996690587e-07,16.328125,16.3359375,0.94140625,0.0,0.027849853038787842,3.580942392349243,0.6291661262512207,0.027849853038787842,3.580941915512085,0.6291659474372864,0.00035953521728515625,7.930440425872803,0.6915409564971924,0.00035953521728515625,7.9304399490356445,0.6915408968925476,E_within_noise
86,53,282,282,False,0.11409024894237518,0.8238186836242676,0.7097284197807312,4.703125,2.71875,3.075895309448242,0.047753214836120605,0.04246795177459717,3.4373867511749268,0.6047199368476868,0.09022116661071777,3.098304033279419,0.5387780666351318,0.01354128122329712,7.067270278930664,0.6765284538269043,0.047715604305267334,6.377049922943115,0.6294494867324829,B_distribution_flattening
86,54,1862,550,True,0.05346677079796791,0.33604225516319275,0.28257548809051514,4.65625,2.390625,5.464879989624023,0.04095757007598877,0.06412607431411743,2.8539092540740967,0.5730898976325989,0.1050836443901062,2.7355356216430664,0.5456259250640869,3.421306610107422e-05,10.75565242767334,0.6929870247840881,0.0020067691802978516,12.383705139160156,0.6893082857131958,D_incidental_rank_flip
86,55,322,322,False,0.0026438136119395494,0.021023349836468697,0.018379535526037216,8.15625,5.78125,-0.0028034711722284555,0.0027962327003479004,0.9087921977043152,0.09398283809423447,0.031936775892972946,0.9115884304046631,0.08225850015878677,0.027083436027169228,0.0006073713302612305,8.046005249023438,0.6913865804672241,0.0011183619499206543,8.025135040283203,0.6907020807266235,E_within_noise
86,56,282,282,False,5.6615404901094735e-05,0.0007623123237863183,0.0007056969334371388,13.5078125,10.546875,-5.29273456777446e-05,3.826618194580078e-05,0.6748952269554138,0.3931635022163391,0.12853577733039856,0.6749334931373596,0.39300546050071716,0.12846967577934265,0.00466763973236084,5.367725849151611,0.678275465965271,0.004720628261566162,5.367216110229492,0.6781585216522217,E_within_noise
86,57,550,550,False,7.988146535353735e-05,0.00022679635731037706,0.0001469148846808821,13.15625,12.6875,-8.940612133301329e-06,9.059906005859375e-06,0.8168787956237793,0.2022167146205902,0.06806359440088272,0.8168878555297852,0.20217283070087433,0.06804497539997101,3.701448440551758e-05,10.351634979248047,0.69295334815979,4.6193599700927734e-05,10.351505279541016,0.6929346323013306,E_within_noise
86,58,29892,29892,False,0.007578565739095211,0.0004370270762592554,-0.007141538895666599,7.59375,10.7109375,0.0008276568842120469,0.0007173418998718262,0.9991673827171326,0.002662120619788766,0.0002896694641094655,0.9998847246170044,9.561512706568465e-05,3.1559098715661094e-05,0.0005832910537719727,7.815366268157959,0.6911232471466064,0.0004349350929260254,7.821192741394043,0.6913105845451355,E_within_noise
86,59,278,322,True,0.08687417954206467,0.6896085143089294,0.6027343273162842,4.046875,0.171875,-0.7654553055763245,-0.5256805419921875,0.9829205274581909,0.07194853574037552,0.005791318137198687,0.4572399854660034,4.3195343017578125,0.23951900005340576,0.020996689796447754,5.431219100952148,0.6589359045028687,0.0744619369506836,3.2946150302886963,0.5725384950637817,acceptance_decrease
86,60,21580,21580,False,2.774653911590576,3.3461341857910156,0.5714802742004395,1.3828125,0.3671875,0.7187888622283936,0.046736717224121094,0.35352933406829834,1.5393279790878296,0.2794281542301178,0.40026605129241943,1.7223938703536987,0.28842392563819885,0.14925754070281982,5.035650253295898,0.53572678565979,0.15146887302398682,4.544588565826416,0.518064022064209,B_distribution_flattening
86,61,1847,1847,False,0.42969319224357605,0.5270401835441589,0.09734699130058289,1.703125,1.265625,-0.08117468655109406,-0.0659477710723877,0.8595073223114014,0.24889402091503143,0.038871921598911285,0.7935595512390137,0.43395859003067017,0.06263001263141632,2.6106834411621094e-05,10.703094482421875,0.693000316619873,3.2961368560791016e-05,10.63833999633789,0.6929911375045776,acceptance_decrease
86,62,310,310,False,8.06614934845129e-07,1.438948129361961e-05,1.3582866813521832e-05,17.046875,14.0546875,-8.344646857949556e-07,8.940696716308594e-07,0.9997963309288025,0.00020217118435539305,7.078888302203268e-05,0.9997972249984741,0.00019749348575714976,6.879043212393299e-05,0.0004926323890686035,7.616396427154541,0.6910259127616882,0.0004934072494506836,7.616384983062744,0.6910228729248047,E_within_noise
86,63,10849,13950,True,2.3253109455108643,3.719782829284668,1.3944718837738037,1.2265625,0.43750011920928955,1.0374164581298828,0.1536118984222412,0.15743428468704224,3.399794816970825,0.480459064245224,0.31104618310928345,1.8530395030975342,0.3240952491760254,0.06858301162719727,7.194376468658447,0.6030080914497375,0.13284516334533691,3.9218807220458984,0.5160680413246155,D_incidental_rank_flip
87,0,29871,29871,False,4.526485213318665e-07,2.1328407456167042e-05,2.087575921905227e-05,17.6171875,13.6640625,-1.311301275563892e-06,1.3113021850585938e-06,0.9999704360961914,2.9391208954621106e-05,1.0178860975429416e-05,0.9999717473983765,2.4351909814868122e-05,8.077095117187127e-06,0.0471189022064209,3.055079221725464,0.5970648527145386,0.04712021350860596,3.055063247680664,0.5970589518547058,E_within_noise
87,1,4587,450,True,1.131279468536377,0.24349617958068848,-0.8877832889556885,1.4375,3.1875,-1.372802495956421,-0.32826584577560425,0.45993584394454956,0.9151705503463745,0.20185399055480957,0.1316699981689453,2.2137768268585205,0.4599584937095642,0.002705216407775879,8.215877532958984,0.686460018157959,0.0019997358322143555,7.152869701385498,0.6878845691680908,acceptance_decrease
87,2,3236,3236,False,0.0004435572191141546,0.0006146773230284452,0.00017112010391429067,10.40625,11.140625,-9.893949027173221e-06,9.894371032714844e-06,0.9652392864227295,0.035290785133838654,0.01216505654156208,0.9652491807937622,0.0352606400847435,0.012151950038969517,2.0325183868408203e-05,11.05093002319336,0.6930431127548218,4.32133674621582e-05,11.050729751586914,0.6930055022239685,E_within_noise
87,3,29991,29991,False,0.5438913106918335,0.3996583819389343,-0.14423292875289917,1.1875,1.84375,0.11924119293689728,-0.09709596633911133,0.8073605298995972,0.08139334619045258,0.021218858659267426,0.7102645635604858,0.19758597016334534,0.0538448691368103,0.01223301887512207,5.656484127044678,0.6661393642425537,0.012294590473175049,6.015083312988281,0.6687936782836914,acceptance_decrease
87,4,2266,2266,False,0.0010429368121549487,0.004270941484719515,0.0032280045561492443,9.640625,8.734375,-0.00029044438269920647,0.000240325927734375,0.9172468185424805,0.08584044128656387,0.02932276576757431,0.9174871444702148,0.08477512747049332,0.02886101044714451,0.0004343986511230469,7.976025104522705,0.6913286447525024,0.000725090503692627,7.972291946411133,0.6906160712242126,E_within_noise
87,5,338,29915,True,0.5607081055641174,0.6806892156600952,0.11998111009597778,1.109375,0.34375,-0.5948631763458252,-0.3371177911758423,0.9856564998626709,0.0007623189012520015,0.0001889843406388536,0.6485387086868286,0.28259652853012085,0.06552641838788986,0.005350291728973389,5.238925457000732,0.6765052080154419,0.005522966384887695,5.562931060791016,0.6770337820053101,acceptance_decrease
87,6,263,263,False,0.0016483614454045892,0.010388576425611973,0.008740214630961418,9.140625,7.09375,-0.0010689266491681337,0.000816643238067627,0.9983797669410706,0.0014583606971427798,0.00048742679064162076,0.9991964101791382,0.0004639269027393311,0.00010991778981406242,0.02992069721221924,3.5133261680603027,0.6254481077194214,0.030812978744506836,3.505237340927124,0.6231935024261475,E_within_noise
87,7,4332,4332,False,0.6507619619369507,0.24488861858844757,-0.4058733582496643,0.640625,2.890625,0.3650833070278168,-0.010023295879364014,0.8550920486450195,0.06266909837722778,0.01532209012657404,0.8450687527656555,0.10273869335651398,0.02881123125553131,0.0015754103660583496,7.045170307159424,0.6886659860610962,0.0038678646087646484,7.481083393096924,0.6862362623214722,acceptance_decrease
87,8,440,440,False,8.170198384505056e-07,4.084394731762586e-06,3.2673749501554994e-06,17.203125,15.703125,-2.3841855067985307e-07,1.7881393432617188e-07,0.9999876022338867,1.2181480997242033e-05,4.199919658276485e-06,0.999987781047821,1.1443202311056666e-05,3.905058292730246e-06,2.5033950805664062e-05,10.602250099182129,0.6930027008056641,2.5212764739990234e-05,10.602246284484863,0.6930019855499268,E_within_noise
87,9,1218,1218,False,6.725489583914168e-06,2.114048811563407e-06,-4.6114409997244366e-06,14.8125,16.71875,3.576278118089249e-07,-3.5762786865234375e-07,0.9999923706054688,7.010864010226214e-06,2.4079281502054073e-06,0.9999920129776001,7.5612579166772775e-06,2.5754902708285954e-06,0.00017207860946655273,8.670753479003906,0.6923167109489441,0.000171661376953125,8.670758247375488,0.6923172473907471,E_within_noise
87,10,3273,3273,False,0.00021628072136081755,0.0005899624666199088,0.00037368174525909126,11.796875,10.421875,-3.230467700632289e-05,3.063678741455078e-05,0.9998214840888977,0.00015418825205415487,5.141424844623543e-05,0.9998521208763123,0.00010888469842029735,3.556958836270496e-05,0.0032396316528320312,5.73706579208374,0.6822351217269897,0.003271818161010742,5.73669958114624,0.682144045829773,E_within_noise
87,11,5828,5828,False,6.316573126241565e-05,8.236852590925992e-05,1.9202794646844268e-05,13.1875,12.46875,-1.3112953638483305e-06,3.5762786865234375e-07,0.9999876022338867,1.1646576240309514e-05,3.8263187889242545e-06,0.9999879598617554,1.190279181173537e-05,3.6354217627376784e-06,0.06779676675796509,2.691262722015381,0.566885769367218,0.0677981972694397,2.6912477016448975,0.5668802857398987,E_within_noise
87,12,6763,2729,True,0.6689935922622681,1.1378928422927856,0.4688992500305176,1.8125,0.671875,-2.2780399322509766,0.09599930047988892,0.14572978019714355,4.7231597900390625,0.5478177070617676,0.24172908067703247,2.2154252529144287,0.3977459669113159,0.011211276054382324,8.416423797607422,0.6760469675064087,0.01896846294403076,7.213881015777588,0.6603183746337891,D_incidental_rank_flip
87,13,411,411,False,2.0136270904913545e-05,4.72522378913709e-06,-1.5411047570523806e-05,13.6875,16.34375,1.1920919860131107e-06,-1.1324882507324219e-06,0.9998669624328613,0.0001270584180019796,4.3483058107085526e-05,0.9998658299446106,0.00013278171536512673,4.591425386024639e-05,0.010563552379608154,4.550446510314941,0.6637995839118958,0.010562360286712646,4.550463676452637,0.6638051271438599,E_within_noise
87,14,278,278,False,0.002347951289266348,0.01248569879680872,0.010137747973203659,8.484375,6.703125,-0.0012862079311162233,0.0012851357460021973,0.9035539031028748,0.10054678469896317,0.034255217760801315,0.904839038848877,0.09709717333316803,0.03294415399432182,0.11351418495178223,2.176077365875244,0.5094098448753357,0.11479926109313965,2.1684517860412598,0.507036030292511,E_within_noise
87,15,10541,10541,False,0.0003393095394130796,0.0041100336238741875,0.0037707241717725992,11.375,8.34375,-0.0003678030043374747,0.00036776065826416016,0.9230323433876038,0.0799628421664238,0.02738703042268753,0.9234001040458679,0.07826582342386246,0.026668056845664978,0.034494876861572266,3.3674190044403076,0.6174966096878052,0.0348626971244812,3.365403413772583,0.617075502872467,E_within_noise
87,16,29901,29901,False,0.7991276979446411,0.16889651119709015,-0.6302312016487122,0.53125,3.609375,0.46369948983192444,0.27998340129852295,0.659640908241272,0.787787139415741,0.1117071807384491,0.9396243095397949,0.046291641891002655,0.01434340700507164,0.187738299369812,1.682492733001709,0.43127018213272095,0.1582639217376709,1.9496468305587769,0.46747130155563354,A_or_C_alignment(needs quality cross-check)
87,17,13,13,False,0.3372414708137512,0.6230767965316772,0.285835325717926,2.703125,1.390625,1.146300196647644,0.13174277544021606,0.10435366630554199,3.3129260540008545,0.5123170614242554,0.23609644174575806,2.5206005573272705,0.367116242647171,0.025148212909698486,5.803591728210449,0.6597589254379272,0.03368079662322998,5.751579761505127,0.6545946598052979,B_distribution_flattening
87,18,13,13,False,9.240628423867747e-05,0.004765621852129698,0.004673215560615063,11.96875,7.5,-0.0005507106543518603,-0.0002626180648803711,0.9998380541801453,0.0001403115747962147,4.655053999158554e-05,0.9995754361152649,0.0004087909182999283,8.003391849342734e-05,0.36537474393844604,1.0068084001541138,0.29659104347229004,0.3656068444252014,1.0061733722686768,0.2964361310005188,E_within_noise
87,19,1576,1576,False,0.037364255636930466,0.0016041987109929323,-0.0357600562274456,5.109375,9.0,0.005932051222771406,-0.002326786518096924,0.9981160759925842,0.0005424566916190088,0.00014570821076631546,0.9957892894744873,0.0037464580964297056,0.001252182642929256,0.006897628307342529,6.934265613555908,0.6852228045463562,0.0010772943496704102,6.9808878898620605,0.689069390296936,E_within_noise
87,20,2030,2030,False,7.787551112414803e-06,2.090549787681084e-05,1.3117946764396038e-05,14.796875,14.328125,-7.152551688704989e-07,8.344650268554688e-07,0.616005539894104,0.48449134826660156,0.15611201524734497,0.6160063743591309,0.48448437452316284,0.15610884130001068,0.0001042485237121582,9.173979759216309,0.6926180124282837,0.00010502338409423828,9.173968315124512,0.6926151514053345,E_within_noise
87,21,23181,23181,False,0.00011114130029454827,0.0017661710735410452,0.0016550298314541578,11.8125,8.796875,-0.00016687768220435828,0.00016677379608154297,0.9249482154846191,0.07797328382730484,0.026722490787506104,0.9251149892807007,0.07763038575649261,0.02659635804593563,0.00011223554611206055,9.173989295959473,0.6926090121269226,0.0002639293670654297,9.171491622924805,0.6921176910400391,E_within_noise
87,22,3699,3699,False,7.50655381125398e-05,0.0007447245297953486,0.0006696589989587665,12.1875,9.65625,-6.258256325963885e-05,1.4901161193847656e-06,0.9984225630760193,0.0015769362216815352,0.0005465627182275057,0.9984240531921387,0.0017001093365252018,0.0005613898974843323,0.0033264756202697754,5.70757532119751,0.6819946765899658,0.0033890604972839355,5.70709228515625,0.6819260120391846,E_within_noise
87,23,472,472,False,1.990941882468178e-07,1.5001540987213957e-07,-4.907877837467822e-08,18.953125,18.84375,0.0,0.0,0.9994502663612366,0.000549313030205667,0.0001907271216623485,0.9994502663612366,0.0005493227508850396,0.00019073236035183072,0.003587782382965088,5.630309104919434,0.6812506318092346,0.003587782382965088,5.630309104919434,0.6812506914138794,E_within_noise
87,24,278,278,False,1.5147384146985132e-06,1.1628800393737038e-06,-3.5185837532480946e-07,16.328125,16.71875,1.1920928244535389e-07,5.960464477539063e-08,0.9999998807907104,1.0276153261656873e-06,2.826904754726911e-08,0.9999999403953552,7.861051471991232e-07,2.140055954669151e-08,0.06659585237503052,2.7091104984283447,0.5685560703277588,0.06659573316574097,2.709110736846924,0.5685561299324036,E_within_noise
87,25,1095,1095,False,2.564130454629776e-06,9.072134162124712e-06,6.508003934868611e-06,16.234375,15.28125,-4.768369876728684e-07,3.5762786865234375e-07,0.9999985694885254,1.131434146373067e-06,3.5395194686316245e-07,0.999998927116394,6.943510015844367e-07,2.2247743913794693e-07,0.01333528757095337,4.317372798919678,0.6576488018035889,0.013335704803466797,4.3173675537109375,0.6576472520828247,E_within_noise
87,26,310,310,False,4.5935824033449535e-08,1.8438338145188027e-07,1.384475609711444e-07,19.96875,18.609375,0.0,0.0,1.0,-4.024708566419122e-09,3.3389362386060384e-09,1.0,-3.949774285416652e-09,9.321446947652134e-10,0.031563639640808105,3.455749034881592,0.6225807666778564,0.031563639640808105,3.455749034881592,0.6225807666778564,E_within_noise
87,27,278,278,False,4.6356731786545424e-08,3.1779140385879145e-07,2.714346578613913e-07,19.984375,18.03125,0.0,0.0,0.9999979734420776,2.012918912441819e-06,7.062722033879254e-07,0.9999979734420776,1.958630264198291e-06,6.767680815755739e-07,0.012015938758850098,4.421506881713867,0.6605387926101685,0.012015938758850098,4.421506881713867,0.6605386734008789,E_within_noise
87,28,11952,11952,False,0.00015023026207927614,0.0009634306188672781,0.0008132003713399172,11.59375,9.609375,-7.497896149288863e-05,-5.841255187988281e-06,0.9999462962150574,4.810932296095416e-05,1.644380063225981e-05,0.9999404549598694,8.968282782007009e-05,2.1133020709385164e-05,0.0008421540260314941,7.0924811363220215,0.6897605061531067,0.0009136795997619629,7.091799259185791,0.6896786689758301,E_within_noise
87,29,4934,4934,False,0.00032986057340167463,0.0036854613572359085,0.0033556008711457253,11.359375,8.0625,3.296515464782715,0.0003368258476257324,0.005335032939910889,5.236920356750488,0.6764794588088989,0.005671858787536621,5.23233699798584,0.6751022338867188,0.0001831650733947754,8.757293701171875,0.6923129558563232,0.000538945198059082,8.752766609191895,0.6916098594665527,E_within_noise
87,30,263,263,False,9.72818838818057e-08,1.6467533896502573e-06,1.5494715626118705e-06,20.109375,17.078125,0.0,0.0,0.9999813437461853,1.8577326045488007e-05,6.491181920864619e-06,0.9999813437461853,1.8526692656450905e-05,6.405963631550549e-06,0.001895308494567871,6.2683258056640625,0.6862581372261047,0.001895308494567871,6.268324851989746,0.6862577199935913,E_within_noise
87,31,7035,7035,False,0.00016355467960238457,0.0011033801129087806,0.000939825433306396,11.671875,9.515625,-8.84482724359259e-05,8.845329284667969e-05,0.9995314478874207,0.0004388350644148886,0.000149546263855882,0.9996199011802673,0.00023008784046396613,7.073490996845067e-05,0.0016370415687561035,6.414620876312256,0.6870739459991455,0.0017105340957641602,6.413992404937744,0.6870173811912537,E_within_noise
87,32,393,393,False,3.801685807047761e-06,0.0005615607951767743,0.0005577591364271939,15.765625,9.890625,-5.113946463097818e-05,5.304813385009766e-06,0.9973755478858948,0.002625283319503069,0.000910526723600924,0.9973808526992798,0.0026905396953225136,0.0009187671821564436,0.0004996657371520996,7.602156162261963,0.6909983158111572,0.0005508065223693848,7.601583480834961,0.6909052133560181,E_within_noise
87,33,694,694,False,6.042947279638611e-05,0.00012568759848363698,6.525812204927206e-05,12.640625,11.859375,-5.245172815193655e-06,5.125999450683594e-06,0.9995109438896179,0.00047411437844857574,0.00016277184477075934,0.9995160698890686,0.00045611438690684736,0.0001554691989440471,0.033112943172454834,3.4079179763793945,0.619892954826355,0.03311812877655029,3.4078752994537354,0.619880735874176,E_within_noise
87,34,697,697,False,7.437550380018365e-07,3.272230287620914e-06,2.5284753064624965e-06,17.328125,16.1328125,-1.1920928244535389e-07,1.1920928955078125e-07,0.9997855424880981,0.0002136769617209211,7.434465805999935e-05,0.9997856616973877,0.00021281003137119114,7.400805043289438e-05,0.01396644115447998,4.27111291885376,0.6562896370887756,0.013966560363769531,4.271111488342285,0.6562889814376831,E_within_noise
87,35,750,750,False,2.015244899666868e-05,5.5263706599362195e-05,3.511125760269351e-05,14.046875,13.0625,-2.503388714103494e-06,1.430511474609375e-06,0.9980794787406921,0.0019196727080270648,0.0006648386479355395,0.9980809092521667,0.001912805950269103,0.0006616496248170733,0.004261672496795654,5.457859516143799,0.6793780326843262,0.004264175891876221,5.457839012145996,0.6793745160102844,E_within_noise
87,36,3926,3926,False,3.2522336823603837e-06,4.2500276322243735e-05,3.924804332200438e-05,15.8125,13.4375,-2.7418095669418108e-06,2.682209014892578e-06,0.996117889881134,0.0038868135306984186,0.0013473968720063567,0.9961205720901489,0.0038714699912816286,0.0013406756334006786,0.0019593238830566406,6.235081672668457,0.6860572099685669,0.001961946487426758,6.235048770904541,0.6860489249229431,E_within_noise
87,37,10943,10943,False,0.0011271247640252113,0.0037191102746874094,0.002591985510662198,9.671875,8.046875,-0.0002942541614174843,0.00017404556274414062,0.9950965046882629,0.00484632421284914,0.0016751019284129143,0.9952705502510071,0.004758523777127266,0.001644992153160274,0.0007116794586181641,7.403060436248779,0.6904689073562622,0.0008773207664489746,7.400811672210693,0.6903418302536011,E_within_noise
87,38,29889,29889,False,0.011320887133479118,0.009517486207187176,-0.0018034009262919426,6.5,6.78125,0.0003173839068040252,0.0003437995910644531,0.9991154074668884,0.0005323075456544757,0.00012242424418218434,0.9994592070579529,0.0003250695008318871,5.825595872011036e-05,0.014088630676269531,4.362646579742432,0.6562163829803467,0.01377171277999878,4.364840030670166,0.6566252708435059,E_within_noise
87,39,739,739,False,1.5700899362564087,1.50537109375,-0.06471884250640869,0.5781249403953552,0.7343750596046448,-3.629760265350342,-0.055077195167541504,0.18104922771453857,2.3080716133117676,0.4185221493244171,0.12597203254699707,2.336897611618042,0.4996798038482666,0.007535755634307861,8.031383514404297,0.6793972253799438,0.012246251106262207,7.920072555541992,0.6746251583099365,acceptance_decrease
87,40,471,471,False,0.033840738236904144,0.6084625720977783,0.574621856212616,6.03125,1.21875,-0.266299843788147,-0.15611428022384644,0.9314287304878235,0.07064882665872574,0.023108098655939102,0.775314450263977,0.5862201452255249,0.0861549973487854,0.0028402209281921387,6.487496852874756,0.6861187219619751,0.0036890506744384766,6.050487041473389,0.6828349828720093,acceptance_decrease
87,41,263,263,False,0.009960821829736233,0.21999545395374298,0.21003463864326477,8.2734375,4.2421875,-0.03537636250257492,0.0036243796348571777,0.9238142371177673,0.07609385997056961,0.025743871927261353,0.9274386167526245,0.1464771032333374,0.03123513236641884,0.0024274587631225586,6.5490946769714355,0.6865203380584717,0.006967425346374512,6.382225513458252,0.6796917915344238,E_within_noise
87,42,29236,29236,False,1.2472171783447266,1.528555989265442,0.28133881092071533,1.625,0.8515625596046448,0.704535961151123,0.19698810577392578,0.19675201177597046,2.2844159603118896,0.444565087556839,0.39374011754989624,1.5296112298965454,0.31263744831085205,0.006012976169586182,6.876943588256836,0.6803338527679443,0.03326833248138428,6.857792377471924,0.6502137184143066,B_distribution_flattening
87,43,393,393,False,0.00881479773670435,0.06577585637569427,0.0569610595703125,7.28125,5.296875,-0.008061131462454796,-0.0004156827926635742,0.994318962097168,0.006378717254847288,0.001974566839635372,0.9939032793045044,0.015636343508958817,0.0023739440366625786,0.001252889633178711,7.762025356292725,0.6904653310775757,0.00491940975189209,7.696702480316162,0.6852529644966125,E_within_noise
87,44,750,750,False,0.029617933556437492,0.0647728443145752,0.035154908895492554,5.9921875,6.109375,2.828333854675293,0.003367483615875244,0.07819926738739014,2.571516275405884,0.5502122640609741,0.08156675100326538,2.5507972240448,0.5443971753120422,0.0019605159759521484,7.375615119934082,0.6883942484855652,0.005039095878601074,7.338900089263916,0.6833834648132324,E_within_noise
87,45,447,1063,True,1.8215913772583008,0.7916322946548462,-1.0299590826034546,0.34375,1.828125,0.21663951873779297,-0.08987343311309814,0.18859481811523438,2.524405002593994,0.4469446837902069,0.09872138500213623,2.8424265384674072,0.5345833897590637,0.026304006576538086,5.4062018394470215,0.6508083343505859,0.01298534870147705,7.536835193634033,0.6722370386123657,acceptance_decrease
87,46,28000,28000,False,0.004267844837158918,0.02372319996356964,0.019455354660749435,7.75,5.734375,-0.0029380498453974724,0.002932429313659668,0.7578279376029968,0.27495914697647095,0.09121251851320267,0.7607603669166565,0.26349204778671265,0.08666522800922394,0.0001621842384338379,8.997590065002441,0.6924650073051453,0.00018274784088134766,8.984256744384766,0.6923897862434387,E_within_noise
87,47,278,278,False,0.0013878311729058623,0.01399746909737587,0.012609638273715973,10.0703125,7.6796875,-0.0013470881385728717,0.000854790210723877,0.27653300762176514,1.2852132320404053,0.35944420099258423,0.277387797832489,1.2819052934646606,0.35841354727745056,0.003755927085876465,5.611918926239014,0.6808536648750305,0.004146158695220947,5.605222225189209,0.680316686630249,E_within_noise
87,48,18403,4726,True,0.8647794723510742,1.1502604484558105,0.28548097610473633,0.953125,1.125,0.8908196687698364,0.07071775197982788,0.390899121761322,1.0325099229812622,0.2773374319076538,0.4616168737411499,0.8830087184906006,0.2438780665397644,0.015000402927398682,5.952342510223389,0.6681944131851196,0.01726675033569336,5.16810941696167,0.6614211797714233,D_incidental_rank_flip
87,49,363,363,False,0.0005242836195975542,0.00033364168484695256,-0.00019064193475060165,10.25,11.46875,1.931123733811546e-05,1.6570091247558594e-05,0.9558128118515015,0.04536108300089836,0.01556577067822218,0.955829381942749,0.04506349563598633,0.0155038982629776,0.0001385211944580078,9.267403602600098,0.6925773620605469,0.00011587142944335938,9.267680168151855,0.692623496055603,E_within_noise
87,50,1176,1176,False,0.8904104828834534,0.9438300132751465,0.053419530391693115,0.484375,1.21875,0.8356833457946777,0.09139341115951538,0.12072348594665527,2.9155113697052,0.5134414434432983,0.21211689710617065,2.7968482971191406,0.46488744020462036,0.0026015043258666992,7.3329176902771,0.6871405839920044,0.0037033557891845703,7.57414436340332,0.6862218379974365,A_or_C_alignment(needs quality cross-check)
87,51,800,800,False,2.661553935467964e-06,0.00010001146438298747,9.734991181176156e-05,16.625,14.03125,-5.841237452841597e-06,5.900859832763672e-06,0.9394845962524414,0.06241627782583237,0.02144661545753479,0.9394904971122742,0.062377624213695526,0.02142927050590515,8.440017700195312e-05,9.380724906921387,0.6927089691162109,9.03010368347168e-05,9.38063907623291,0.6926939487457275,E_within_noise
87,52,29892,29892,False,5.8092969993595034e-05,0.011367845349013805,0.011309752240777016,12.453125,6.5,-0.0015054269460961223,0.0015041828155517578,0.9369802474975586,0.06505357474088669,0.022334713488817215,0.9384844303131104,0.057873982936143875,0.019281506538391113,0.07077258825302124,2.6482949256896973,0.5628119111061096,0.07227694988250732,2.640753984451294,0.560994565486908,E_within_noise
87,53,263,263,False,0.33725887537002563,2.1351850032806396,1.7979261875152588,4.1796875,0.515625,1.8420684337615967,0.32143568992614746,0.0826500654220581,3.207252264022827,0.5505388975143433,0.40408575534820557,1.269421100616455,0.2866378426551819,0.01860666275024414,4.449967861175537,0.6518494486808777,0.045940518379211426,4.40501070022583,0.6178635358810425,B_distribution_flattening
87,54,2058,2058,False,1.5482327938079834,0.10424836724996567,-1.4439843893051147,3.078125,6.5859375,-2.307969570159912,-0.12962579727172852,0.14803534746170044,3.469599485397339,0.5133098363876343,0.018409550189971924,4.628354072570801,0.650675892829895,0.0714566707611084,7.080977439880371,0.6080983877182007,0.00953364372253418,8.884709358215332,0.6781148314476013,acceptance_decrease
87,55,988,988,False,0.11857011914253235,0.10661853104829788,-0.011951588094234467,3.6875,4.0625,-0.3696465492248535,-0.005237936973571777,0.05669647455215454,3.2563652992248535,0.5707523822784424,0.051458537578582764,3.2875473499298096,0.5774282217025757,0.004063844680786133,7.477579116821289,0.6854895353317261,0.004498481750488281,7.504669666290283,0.6850809454917908,E_within_noise
87,56,17352,278,True,1.883785605430603,1.6093112230300903,-0.2744743824005127,0.0625,1.9140626192092896,-0.6247596740722656,0.022788405418395996,0.3843986988067627,2.2065773010253906,0.3016555905342102,0.4071871042251587,0.9320732951164246,0.22312031686306,0.045451223850250244,4.802639007568359,0.6291233897209167,0.0652201771736145,4.657114505767822,0.6031903028488159,D_incidental_rank_flip
87,57,6774,6774,False,4.582665496855043e-06,8.09315824881196e-05,7.634891517227516e-05,15.921875,13.1640625,-4.8875676839088555e-06,4.887580871582031e-06,0.8521904945373535,0.159941628575325,0.05417777597904205,0.8521953821182251,0.15989790856838226,0.05415783077478409,2.8967857360839844e-05,10.461332321166992,0.6929824948310852,3.3855438232421875e-05,10.461264610290527,0.6929738521575928,E_within_noise
87,58,310,322,True,0.4306733012199402,0.5015629529953003,0.07088965177536011,1.71875,1.390625,-1.4477999210357666,-0.1342952847480774,0.34493547677993774,1.1855884790420532,0.32019132375717163,0.21064019203186035,3.315358877182007,0.4870281219482422,0.0041648149490356445,5.670533180236816,0.6802175045013428,0.003980159759521484,5.99407434463501,0.6811363101005554,acceptance_decrease
87,59,330,330,False,1.1839332580566406,0.14436601102352142,-1.039567232131958,0.7500000596046448,3.953125,-0.29077625274658203,-0.03629505634307861,0.10443341732025146,2.409052848815918,0.5231503844261169,0.06813836097717285,2.9595718383789062,0.5768269300460815,0.02616429328918457,4.550523281097412,0.6411406397819519,0.012938737869262695,5.650832176208496,0.6692978143692017,acceptance_decrease
87,60,3069,3069,False,0.08306679874658585,0.20788604021072388,0.12481924146413803,4.109375,2.9375,-0.036297786980867386,0.035070180892944336,0.35937929153442383,1.003332495689392,0.2888915240764618,0.39444947242736816,0.917108952999115,0.2651587128639221,5.990266799926758e-05,11.451741218566895,0.6929675936698914,0.00015413761138916016,11.298834800720215,0.6928104162216187,B_distribution_flattening
87,61,368,368,False,2.3684086045250297e-05,0.08772127330303192,0.0876975879073143,13.84375,4.09375,-0.016937226057052612,0.0017672181129455566,0.6283210515975952,0.4646908938884735,0.15020662546157837,0.6300882697105408,0.4797521233558655,0.15111199021339417,0.0001984238624572754,8.532864570617676,0.6922025680541992,0.0015258193016052246,8.419114112854004,0.6897478699684143,E_within_noise
87,62,7132,29763,True,0.5554467439651489,3.1518075466156006,2.596360683441162,3.234375,0.609375,-1.995220422744751,0.1282230019569397,0.382469117641449,0.9574988484382629,0.2757734954357147,0.5106921195983887,1.1662578582763672,0.20690113306045532,0.014004707336425781,6.118829250335693,0.6718306541442871,0.09281295537948608,3.9741742610931396,0.5590519905090332,D_incidental_rank_flip
87,63,2187,2187,False,0.00012566261284518987,0.003393870312720537,0.0032682076562196016,11.96875,9.203125,-0.00030131288804113865,0.0003013014793395996,0.8293733596801758,0.18701831996440887,0.06308780610561371,0.8296746611595154,0.18567118048667908,0.06252827495336533,2.7894973754882812e-05,10.89013671875,0.6930253505706787,0.0001055598258972168,10.887100219726562,0.6929259300231934,E_within_noise
88,0,29871,29871,False,1.5965139027684927e-05,0.00012130885443184525,0.00010534371540416032,13.75,11.6953125,-8.106190762191545e-06,8.046627044677734e-06,0.9998738765716553,0.00012136595614720136,4.1545488784322515e-05,0.9998819231987,9.746994328452274e-05,3.211527655366808e-05,0.05925256013870239,2.8259494304656982,0.5789342522621155,0.059260666370391846,2.8258702754974365,0.578906238079071,E_within_noise
88,1,1094,1094,False,1.6022148132324219,0.3208005428314209,-1.281414270401001,0.4375,4.125,-2.9808120727539062,-0.2137717604637146,0.2922127842903137,1.6380970478057861,0.36261630058288574,0.07844102382659912,3.293806314468384,0.5568599700927734,0.007117331027984619,7.298413276672363,0.6805260181427002,0.003911495208740234,8.596441268920898,0.6864007711410522,acceptance_decrease
88,2,278,278,False,1.894328236579895,0.48937734961509705,-1.4049508571624756,0.328125,2.609375,0.7567124366760254,0.20452624559402466,0.5599321126937866,0.9341516494750977,0.16662552952766418,0.7644583582878113,0.25648677349090576,0.08124614506959915,0.033403754234313965,4.999062538146973,0.6387426853179932,0.017582952976226807,5.925947666168213,0.6648481488227844,A_or_C_alignment(needs quality cross-check)
88,3,6575,6575,False,0.4081297218799591,0.3613062798976898,-0.04682344198226929,4.203125,4.0234375,0.0069416724145412445,-0.0007003545761108398,0.4753199815750122,0.7255539298057556,0.21379530429840088,0.47461962699890137,0.7329463362693787,0.21593698859214783,0.012554407119750977,7.533955097198486,0.6742696762084961,0.008547484874725342,7.611238479614258,0.6787117123603821,E_within_noise
88,4,1236,11492,True,1.3026925325393677,1.2247041463851929,-0.0779883861541748,0.203125,1.140625,-1.6043589115142822,-0.04439741373062134,0.1562168002128601,2.3572604656219482,0.45580852031707764,0.11181938648223877,2.9340691566467285,0.5170847177505493,0.01156151294708252,7.571427822113037,0.6759957075119019,0.018241286277770996,7.211023807525635,0.6668697595596313,acceptance_decrease
88,5,1416,1416,False,0.3054863214492798,0.2522515058517456,-0.05323481559753418,3.109375,3.3125,0.015640076249837875,-0.007567346096038818,0.4204484820365906,0.8255617618560791,0.23938781023025513,0.41288113594055176,0.8534862399101257,0.2476615309715271,0.0006247758865356445,9.976890563964844,0.6922688484191895,0.0005310773849487305,10.026861190795898,0.6922399997711182,E_within_noise
88,6,287,287,False,5.879350737814093e-06,0.0003159882908221334,0.0003101089387200773,14.9375,11.0,-2.4437596948700957e-05,2.4378299713134766e-05,0.9992618560791016,0.0007352784741669893,0.0002552710648160428,0.9992862343788147,0.0006640426581725478,0.0002271142293466255,0.009656906127929688,4.640088081359863,0.6658897399902344,0.009681344032287598,4.639846324920654,0.6658257246017456,E_within_noise
88,7,1549,1549,False,0.03604411706328392,0.31542491912841797,0.27938079833984375,5.25,2.65625,-0.07437407970428467,0.06040024757385254,0.8542049527168274,0.1398739218711853,0.045517560094594955,0.9146052002906799,0.07461339235305786,0.013601983897387981,0.0028693079948425293,6.197267532348633,0.6846405267715454,0.004530608654022217,6.012120246887207,0.6818773150444031,B_distribution_flattening
88,8,278,278,False,0.002988452324643731,0.0012190148700028658,-0.0017694374546408653,8.09375,10.4375,0.00021989474771544337,-0.00023299455642700195,0.9239875078201294,0.07892713695764542,0.027049902826547623,0.9237545132637024,0.07905645668506622,0.027071133255958557,0.0009516477584838867,7.035297870635986,0.6895086765289307,0.0009795427322387695,7.036448001861572,0.6894826889038086,E_within_noise
88,9,3474,3474,False,1.3847252130508423,0.808290421962738,-0.5764347910881042,0.5546875,0.7031249403953552,0.1811245083808899,-0.08123552799224854,0.26256030797958374,1.6678849458694458,0.369107186794281,0.1813247799873352,1.9626976251602173,0.44012928009033203,0.025951266288757324,5.115714073181152,0.6484341621398926,0.015346050262451172,5.497167587280273,0.6660053730010986,acceptance_decrease
88,10,29892,29892,False,0.4076330065727234,0.35419976711273193,-0.053433239459991455,3.375,2.375,-0.01199004054069519,0.04020977020263672,0.5681506395339966,0.7066065669059753,0.18156592547893524,0.6083604097366333,0.5014027953147888,0.15860065817832947,0.024566054344177246,4.284367084503174,0.6459887623786926,0.022373199462890625,4.1150360107421875,0.643589973449707,A_or_C_alignment(needs quality cross-check)
88,11,23013,23013,False,1.7058887481689453,1.9215854406356812,0.21569669246673584,1.6640625,1.6796875,-0.08092185854911804,0.08205890655517578,0.3956493139266968,1.0237078666687012,0.25553184747695923,0.47770822048187256,0.8780544996261597,0.21346476674079895,0.05206483602523804,6.260565757751465,0.6197892427444458,0.09939968585968018,5.54913854598999,0.5779356956481934,A_or_C_alignment(needs quality cross-check)
88,12,263,263,False,0.39082568883895874,1.0141594409942627,0.623333752155304,2.234375,1.375,-0.2836502194404602,-0.21502459049224854,0.9220097064971924,0.13782386481761932,0.026909640058875084,0.7069851160049438,1.3051409721374512,0.09874525666236877,0.3085545301437378,1.2722686529159546,0.3417031466960907,0.3176478147506714,1.7646398544311523,0.3578801155090332,acceptance_decrease
88,13,14294,14294,False,0.05467749759554863,0.16787968575954437,0.11320218443870544,5.421875,3.546875,-0.025657396763563156,0.0014284253120422363,0.9462937712669373,0.04692152142524719,0.015369798056781292,0.9477221965789795,0.07492859661579132,0.01954234391450882,0.062128543853759766,2.8262484073638916,0.5764167308807373,0.06262898445129395,2.7930710315704346,0.5733528137207031,E_within_noise
88,14,330,29892,True,0.12782353162765503,1.2741743326187134,1.1463508605957031,4.78125,0.078125,-0.1605052947998047,0.15614265203475952,0.26337748765945435,1.307684302330017,0.34871411323547363,0.41952013969421387,1.2265297174453735,0.2873852849006653,0.01497805118560791,5.376428127288818,0.6692718267440796,0.023453056812286377,4.235342025756836,0.6428135633468628,D_incidental_rank_flip
88,15,677,677,False,0.006942234467715025,0.00832315906882286,0.0013809246011078358,7.09375,6.921875,-0.00017364503582939506,0.0001735091209411621,0.9531834721565247,0.046283792704343796,0.015812141820788383,0.9533569812774658,0.045922745019197464,0.015681326389312744,0.0003364682197570801,10.863311767578125,0.692679762840271,0.0003547072410583496,10.861495971679688,0.6926068067550659,E_within_noise
88,16,373,975,True,1.3336117267608643,1.1001704931259155,-0.23344123363494873,0.140625,0.59375,-0.5684951543807983,-0.18568289279937744,0.8408249616622925,0.15887856483459473,0.04485078901052475,0.655142068862915,0.31776684522628784,0.09191662073135376,0.004805088043212891,6.289411544799805,0.6795809268951416,0.005704939365386963,6.922361373901367,0.6794459223747253,acceptance_decrease
88,17,278,278,False,0.06552134454250336,0.013833914883434772,-0.05168743059039116,5.8125,8.859375,-5.805617809295654,-0.005666136741638184,0.32000917196273804,1.1326850652694702,0.32271793484687805,0.31434303522109985,1.1556591987609863,0.33058807253837585,0.0052825212478637695,6.205073356628418,0.6816480755805969,0.003085315227508545,6.246157646179199,0.68405681848526,E_within_noise
88,18,8709,5716,True,2.183037757873535,2.0651655197143555,-0.11787223815917969,1.09375,1.9453125,-1.7490752935409546,-0.34908491373062134,0.5718571543693542,1.4103515148162842,0.2185623049736023,0.2227722406387329,3.680351734161377,0.43207722902297974,0.04054427146911621,5.5622029304504395,0.6287027597427368,0.04259979724884033,4.440900802612305,0.6199572682380676,acceptance_decrease
88,19,29891,292,True,0.560662031173706,0.24321338534355164,-0.3174486458301544,1.109375,2.71875,3.2435245513916016,0.0008903145790100098,0.010175764560699463,4.618560791015625,0.6648399829864502,0.011066079139709473,5.348625183105469,0.6691789627075195,0.00010019540786743164,10.092558860778809,0.6927889585494995,0.000511467456817627,10.033231735229492,0.6919718980789185,E_within_noise
88,20,5716,4377,True,0.8715637922286987,1.2901160717010498,0.4185522794723511,1.140625,0.09375,-2.6290793418884277,-0.001331925392150879,0.1670868992805481,1.9229774475097656,0.453437864780426,0.16575497388839722,3.0203566551208496,0.4890788793563843,0.010278463363647461,5.196073532104492,0.6682404279708862,0.011486232280731201,5.924325466156006,0.666547417640686,E_within_noise
88,21,29892,29892,False,1.145041187555762e-05,0.00011853900650748983,0.0001070885919034481,14.3671875,13.15625,-6.556485459441319e-06,6.556510925292969e-06,0.9816707372665405,0.01849239133298397,0.006391594652086496,0.9816772937774658,0.018457116559147835,0.006376200821250677,0.011002004146575928,4.509725093841553,0.6628066897392273,0.01100844144821167,4.509644985198975,0.6627817153930664,E_within_noise
88,22,2812,5457,True,0.9795022010803223,2.2032275199890137,1.2237253189086914,0.796875,0.21875,-0.2155742645263672,0.0843011736869812,0.37920081615448,1.6428331136703491,0.2794952392578125,0.4635019898414612,1.0188299417495728,0.18018090724945068,0.02870464324951172,5.940619468688965,0.6461727619171143,0.08930104970932007,3.829253911972046,0.5661301612854004,D_incidental_rank_flip
88,23,2354,2354,False,0.03753998130559921,0.012462416663765907,-0.025077564641833305,6.015625,7.546875,0.003596713999286294,-0.0027738213539123535,0.9509322643280029,0.04933350905776024,0.01662403717637062,0.9481584429740906,0.051195282489061356,0.017396146431565285,0.00016939640045166016,10.364387512207031,0.692772626876831,0.00015616416931152344,10.378647804260254,0.6927909851074219,E_within_noise
88,24,7091,1476,True,2.5823476314544678,1.3902653455734253,-1.1920822858810425,0.1171875,2.546875,-2.381192207336426,-0.07620835304260254,0.16207557916641235,3.3461737632751465,0.45285603404045105,0.08586722612380981,4.078907489776611,0.5718414783477783,0.02560877799987793,6.144726276397705,0.6515063047409058,0.01954936981201172,7.161715507507324,0.6608803868293762,acceptance_decrease
88,25,263,263,False,0.4285227954387665,0.105685293674469,-0.3228375017642975,2.078125,4.859375,0.11721797287464142,-0.03456223011016846,0.8459856510162354,0.19240128993988037,0.057573478668928146,0.8114234209060669,0.18586023151874542,0.0600096769630909,0.11041444540023804,2.2115068435668945,0.5128567218780518,0.10559463500976562,2.2819271087646484,0.5193904042243958,acceptance_decrease
88,26,8515,8515,False,0.22639013826847076,0.20469869673252106,-0.021691441535949707,3.125,3.71875,0.012084808200597763,0.006446480751037598,0.9517733454704285,0.05028354376554489,0.015686921775341034,0.9582198262214661,0.03754978999495506,0.012490319088101387,0.008354127407073975,5.250687599182129,0.6723231077194214,0.00980222225189209,5.265365123748779,0.6708249449729919,E_within_noise
88,27,4771,4771,False,0.3740670680999756,0.47285303473472595,0.09878596663475037,3.0,2.125,-0.0444333553314209,-0.034174561500549316,0.9339464902877808,0.1065894216299057,0.023378245532512665,0.8997719287872314,0.23601087927818298,0.03502228856086731,0.05440092086791992,5.0580644607543945,0.6349704265594482,0.04342639446258545,4.894144535064697,0.6301097869873047,acceptance_decrease
88,28,362,362,False,6.493712862720713e-05,0.00024409385514445603,0.00017915671924129128,12.578125,11.2109375,-1.4066534276935272e-05,1.2040138244628906e-05,0.9995665550231934,0.0004166249418631196,0.00014245898637454957,0.999578595161438,0.000377230899175629,0.00012522410543169826,1.621246337890625e-05,11.371786117553711,0.6930683851242065,2.866983413696289e-05,11.371603965759277,0.693054735660553,E_within_noise
88,29,471,471,False,0.10753358900547028,1.2065297365188599,1.0989961624145508,5.0859375,1.390625,-0.3672502934932709,0.09754610061645508,0.16534149646759033,1.8044589757919312,0.4469963312149048,0.2628875970840454,1.3796265125274658,0.34642672538757324,0.005130410194396973,7.122808933258057,0.6825779676437378,0.0579073429107666,5.857067108154297,0.6185329556465149,B_distribution_flattening
88,30,29882,29882,False,0.0008359858766198158,0.02921348810195923,0.028377503156661987,9.4375,5.515625,-0.0042634946294128895,0.004029989242553711,0.992500901222229,0.007170363795012236,0.0024427887983620167,0.9965308904647827,0.0014459607191383839,0.00042056740494444966,0.00012981891632080078,9.108316421508789,0.6925629377365112,0.00017398595809936523,9.087326049804688,0.6924371719360352,E_within_noise
88,31,975,975,False,5.31629630131647e-05,0.000686097249854356,0.0006329342722892761,12.53125,10.125,-5.507296373252757e-05,4.1544437408447266e-05,0.9998100996017456,0.00019279586558695883,6.618189945584163e-05,0.999851644039154,0.00013371735985856503,3.4220312954857945e-05,0.0007252693176269531,7.2341628074646,0.6901689171791077,0.0007803440093994141,7.233651161193848,0.6901072263717651,E_within_noise
88,32,902,902,False,6.33899344393285e-06,0.00014518220268655568,0.00013884321379009634,15.3125,11.578125,-1.0728774213930592e-05,6.67572021484375e-06,0.9999197125434875,7.861547055654228e-05,2.7106561901746318e-05,0.9999263882637024,7.007033127592877e-05,2.36837295233272e-05,0.0023139119148254395,6.068978786468506,0.684967041015625,0.0023246407508850098,6.068854808807373,0.6849375367164612,E_within_noise
88,33,29889,29889,False,0.0026586060412228107,0.12686142325401306,0.12420281767845154,8.453125,5.234375,-0.018863659352064133,-0.018655121326446533,0.9999595880508423,3.6006164009450004e-05,1.044428972818423e-05,0.9813044667243958,0.09116580337285995,0.006139399483799934,0.05391192436218262,2.923238515853882,0.586499035358429,0.06804180145263672,2.8498456478118896,0.5720212459564209,acceptance_decrease
88,34,739,739,False,0.299273282289505,0.20482583343982697,-0.09444744884967804,2.53125,3.578125,0.042765211313962936,0.02429264783859253,0.5503085255622864,0.7179954051971436,0.19182026386260986,0.5746011734008789,0.49534639716148376,0.14976650476455688,0.00044286251068115234,9.406902313232422,0.6919886469841003,0.0013275742530822754,9.522692680358887,0.6905168294906616,A_or_C_alignment(needs quality cross-check)
88,35,471,471,False,0.3940926790237427,0.0753115564584732,-0.31878113746643066,2.09375,4.375,0.11034291982650757,0.10323488712310791,0.8852453827857971,0.699150025844574,0.041335731744766235,0.988480269908905,0.01855795830488205,0.0032320492900907993,0.002553582191467285,6.377785682678223,0.6856138706207275,0.0026932358741760254,6.319299697875977,0.6850619912147522,A_or_C_alignment(needs quality cross-check)
88,36,408,408,False,0.09526408463716507,0.046307943761348724,-0.048956140875816345,5.0625,5.578125,0.007984270341694355,-0.01090937852859497,0.9432384371757507,0.038263577967882156,0.01168812345713377,0.9323290586471558,0.0712369754910469,0.02197604440152645,0.011949896812438965,5.554483890533447,0.6733202338218689,0.00902259349822998,5.596614837646484,0.6755282282829285,acceptance_decrease
88,37,565,565,False,0.0014624582836404443,0.004005275666713715,0.002542817499488592,8.828125,7.6875,-0.0003119950706604868,0.00031179189682006836,0.7914652824401855,0.2329321950674057,0.07792108505964279,0.7917770743370056,0.23110046982765198,0.07713203132152557,0.0005116462707519531,7.9172515869140625,0.6913645267486572,0.0007547736167907715,7.914684772491455,0.6912277936935425,E_within_noise
88,38,1183,902,True,0.9633505344390869,1.4719765186309814,0.5086259841918945,0.3125,0.125,-0.8372533917427063,-0.3062545657157898,0.5577697157859802,1.4595271348953247,0.16178789734840393,0.25151515007019043,4.648749351501465,0.3602418303489685,0.02881944179534912,4.0054850578308105,0.635633111000061,0.031688690185546875,4.782746315002441,0.6352713704109192,acceptance_decrease
88,39,750,750,False,0.9358323216438293,0.20849983394145966,-0.7273324728012085,0.296875,3.421875,0.5954813957214355,-0.19188755750656128,0.8629240989685059,0.06934525817632675,0.020086077973246574,0.6710365414619446,0.32905757427215576,0.10002808272838593,0.0017314553260803223,6.6708879470825195,0.6873788833618164,0.0017510056495666504,7.230920314788818,0.688399076461792,acceptance_decrease
88,40,1063,1063,False,0.1595209240913391,1.0428599119186401,0.883338987827301,4.8203125,2.9765625,-0.1697484701871872,-0.14072459936141968,0.9810564517974854,0.02625112608075142,0.007044665049761534,0.8403318524360657,0.5010863542556763,0.054043956100940704,0.007774710655212402,7.597691535949707,0.6802980899810791,0.032994866371154785,6.79453182220459,0.6465948820114136,acceptance_decrease
88,41,8608,8608,False,1.1538485288619995,1.4833459854125977,0.32949745655059814,1.8671875,1.2265625,-0.8423433303833008,0.005890548229217529,0.18429118394851685,2.0656752586364746,0.44142448902130127,0.19018173217773438,2.19638729095459,0.4488580822944641,0.030082106590270996,6.092970371246338,0.6479633450508118,0.031052470207214355,6.139096260070801,0.6445962190628052,E_within_noise
88,42,287,287,False,2.2931858438823838e-06,1.4323836694529746e-06,-8.608021744294092e-07,15.953125,16.640625,0.0,0.0,0.9999982118606567,1.544817450849223e-06,5.097268740428262e-07,0.9999982118606567,1.6162573501787847e-06,5.5693669764878e-07,1.3947486877441406e-05,11.189286231994629,0.6930627822875977,1.3947486877441406e-05,11.189286231994629,0.6930627822875977,E_within_noise
88,43,304,304,False,0.010773930698633194,0.6805247068405151,0.6697507500648499,7.3125,0.515625,-0.46969297528266907,0.0053411126136779785,0.601881742477417,0.5017215609550476,0.16016799211502075,0.607222855091095,1.7188708782196045,0.25175994634628296,0.007096052169799805,5.125351428985596,0.6736880540847778,0.010690927505493164,4.7599287033081055,0.6667259931564331,E_within_noise
88,44,263,263,False,0.166947603225708,0.2601119875907898,0.09316438436508179,3.1875,2.5625,-0.03406588360667229,-0.0299832820892334,0.9841470718383789,0.018994003534317017,0.006205533631145954,0.9541637897491455,0.04265081137418747,0.010789097286760807,0.003613710403442383,5.655576705932617,0.681243896484375,0.003842294216156006,5.630947113037109,0.6808706521987915,acceptance_decrease
88,45,1422,1422,False,0.011089975014328957,0.16416966915130615,0.15307968854904175,7.71875,4.34375,-0.025164475664496422,-0.020365357398986816,0.9970583915710449,0.003275905502960086,0.0009419343550689518,0.9766930341720581,0.0479254312813282,0.006150661036372185,0.0026674866676330566,6.341042995452881,0.6855530738830566,0.00567936897277832,6.218966007232666,0.6810310482978821,acceptance_decrease
88,46,931,931,False,0.5714621543884277,0.31594783067703247,-0.25551432371139526,2.109375,3.140625,0.9848794937133789,-0.07013481855392456,0.1715725064277649,2.0938944816589355,0.45906662940979004,0.10143768787384033,2.417240858078003,0.5117608308792114,0.014832556247711182,5.655050277709961,0.6690294742584229,0.010751843452453613,5.702771186828613,0.6727396249771118,acceptance_decrease
88,47,322,322,False,0.06464806944131851,0.6498393416404724,0.5851912498474121,4.421875,0.65625,3.358839988708496,0.3301226496696472,0.04910355806350708,3.1885452270507812,0.5814615488052368,0.3792262077331543,1.5576258897781372,0.25454002618789673,0.012941896915435791,6.752967834472656,0.6787315011024475,0.02055346965789795,5.220855712890625,0.6511025428771973,B_distribution_flattening
88,48,2058,2058,False,0.006162803620100021,0.0016264916630461812,-0.004536312073469162,7.234375,8.78125,0.0005756409373134375,-0.0005754232406616211,0.36692023277282715,0.9988538026809692,0.29367518424987793,0.3663448095321655,1.0031161308288574,0.2954283058643341,0.0008036494255065918,7.620682716369629,0.6907086372375488,0.0006500482559204102,7.62492036819458,0.6908824443817139,E_within_noise
88,49,29892,29892,False,0.014751632697880268,0.09060192853212357,0.07585029304027557,7.3125,5.421875,-0.011474736034870148,0.0033704042434692383,0.9818376898765564,0.01630394347012043,0.005481561180204153,0.9852080941200256,0.022254878655076027,0.0063545722514390945,0.033382415771484375,3.4378910064697266,0.6197590827941895,0.04062020778656006,3.393798351287842,0.61420738697052,E_within_noise
88,50,697,363,True,1.420448899269104,0.21143275499343872,-1.2090160846710205,0.7343749403953552,3.515625,1.404177188873291,-0.10269182920455933,0.11860883235931396,3.59916353225708,0.5432733297348022,0.01591700315475464,5.523751735687256,0.6571210026741028,0.047699034214019775,4.272313594818115,0.6172797679901123,0.018501877784729004,6.450600624084473,0.6676880717277527,acceptance_decrease
88,51,393,393,False,0.565263569355011,1.0053942203521729,0.44013065099716187,1.296875,2.2265625,0.4138336181640625,0.03399991989135742,0.012071847915649414,4.648380756378174,0.6615473628044128,0.046071767807006836,4.446314811706543,0.6265052556991577,0.007098555564880371,5.8667988777160645,0.6751601696014404,0.027281761169433594,5.812227249145508,0.6514416933059692,A_or_C_alignment(needs quality cross-check)
88,52,471,471,False,0.5286202430725098,1.1169848442077637,0.5883646011352539,2.171875,1.890625,-0.1944166123867035,0.029610037803649902,0.6649965047836304,0.40072354674339294,0.1261538863182068,0.6946065425872803,0.5082254409790039,0.12099605053663254,0.0043076276779174805,7.021297454833984,0.6837749481201172,0.012685060501098633,6.477899074554443,0.6702364683151245,B_distribution_flattening
88,53,1716,1716,False,0.3275691866874695,1.2508869171142578,0.9233177304267883,3.75,1.8359375,-0.26659420132637024,0.0679858922958374,0.21018517017364502,1.6083955764770508,0.40569281578063965,0.2781710624694824,1.3707150220870972,0.3426244258880615,0.0155029296875,5.76330041885376,0.666429877281189,0.030588746070861816,5.124895095825195,0.6449755430221558,B_distribution_flattening
88,54,9985,9985,False,0.05818041414022446,1.0506727695465088,0.9924923777580261,5.796875,1.546875,-0.3286037743091583,-0.1445865035057068,0.8917438387870789,0.10511331260204315,0.03519165515899658,0.7471573352813721,0.5980545282363892,0.0942232683300972,0.012284159660339355,4.640913486480713,0.6625081300735474,0.035948753356933594,4.204965114593506,0.6313167810440063,acceptance_decrease
88,55,322,322,False,0.045739222317934036,0.07144314050674438,0.02570391818881035,4.84375,4.296875,-0.005687480792403221,-0.0037683844566345215,0.9934894442558289,0.0089288130402565,0.0027630655094981194,0.9897210597991943,0.015616446733474731,0.003936914727091789,0.012807905673980713,5.246182441711426,0.6701474785804749,0.018434882164001465,5.21440315246582,0.6676411628723145,E_within_noise
88,56,3447,3447,False,0.4700581431388855,0.8808687925338745,0.410810649394989,2.546875,1.984375,0.0944375991821289,0.0014657974243164062,0.1736963987350464,1.8029989004135132,0.44777849316596985,0.1751621961593628,2.153956413269043,0.45608222484588623,0.035211384296417236,3.866229772567749,0.618343710899353,0.03592592477798462,4.246338844299316,0.619110107421875,E_within_noise
88,57,6446,6446,False,0.45054638385772705,1.5346225500106812,1.084076166152954,2.65625,0.5937499403953552,-0.5789749622344971,0.0957334041595459,0.25059640407562256,1.6521731615066528,0.38191020488739014,0.34632980823516846,2.603198289871216,0.3258053958415985,0.022320866584777832,5.827239513397217,0.6597142219543457,0.05518287420272827,4.25839900970459,0.6022182703018188,B_distribution_flattening
88,58,9117,394,True,0.7646341323852539,0.8383011221885681,0.07366698980331421,0.234375,0.125,-0.18224167823791504,0.004242539405822754,0.2793317437171936,1.6704497337341309,0.3779886066913605,0.28357428312301636,1.8428599834442139,0.3865666389465332,0.01195824146270752,5.284544944763184,0.6649736166000366,0.022575020790100098,5.056386947631836,0.6530110239982605,E_within_noise
88,59,29889,29889,False,0.00044828979298472404,0.07559756934642792,0.0751492828130722,10.25,4.25,-0.014265029691159725,0.0005379319190979004,0.9401789307594299,0.061562083661556244,0.02113960310816765,0.9407168626785278,0.0948554202914238,0.02476990781724453,0.0022957921028137207,6.093270301818848,0.6850293874740601,0.00537562370300293,6.014319896697998,0.6808421611785889,E_within_noise
88,60,2296,1932,True,0.796705961227417,1.7761404514312744,0.9794344902038574,2.390625,0.8593749403953552,-1.5886520147323608,-0.401833713054657,0.6923015713691711,0.47105997800827026,0.10834315419197083,0.29046785831451416,2.4646499156951904,0.32965290546417236,0.006802916526794434,8.722551345825195,0.6823208928108215,0.014031469821929932,7.696557998657227,0.6712774038314819,acceptance_decrease
88,61,6496,6496,False,1.530771017074585,1.719306468963623,0.18853545188903809,0.90625,1.6953125,-0.5529868602752686,-0.05172407627105713,0.34441184997558594,1.3300174474716187,0.2854136824607849,0.2926877737045288,1.6201730966567993,0.3216875195503235,0.011871576309204102,7.767704010009766,0.6745405197143555,0.024151206016540527,7.733016014099121,0.6588723659515381,acceptance_decrease
88,62,902,902,False,3.053292311960831e-05,0.00017748147365637124,0.00014694855781272054,14.7890625,12.2265625,-9.894304639601614e-06,5.781650543212891e-06,0.995010256767273,0.004994925577193499,0.0017293024575337768,0.9950160384178162,0.004977200645953417,0.0017208328936249018,0.005836308002471924,5.143915176391602,0.6752082705497742,0.005846261978149414,5.1438140869140625,0.6751829385757446,E_within_noise
88,63,5076,5076,False,0.008634998463094234,0.015445932745933533,0.006810934282839298,7.09375,6.7578125,-0.0006889348151162267,0.0005770325660705566,0.9812629222869873,0.017581839114427567,0.005985993891954422,0.9818399548530579,0.015520310029387474,0.005149402655661106,0.001020669937133789,7.185163497924805,0.6896528005599976,0.001540541648864746,7.1781182289123535,0.6886416673660278,E_within_noise
89,0,29871,29871,False,0.0001738263963488862,0.0005811056471429765,0.0004072792362421751,11.171875,9.90625,-3.790729897445999e-05,-3.790855407714844e-05,0.9999871253967285,2.0985255105188116e-05,3.131848870907561e-06,0.9999492168426514,0.00014513416681438684,1.545635132060852e-05,0.08359408378601074,2.4818246364593506,0.545891523361206,0.08363199234008789,2.4815473556518555,0.5458009243011475,E_within_noise
89,1,315,18585,True,1.9967083930969238,1.7622936964035034,-0.2344146966934204,0.9374999403953552,0.6562499403953552,0.8443441390991211,-0.06107687950134277,0.3712276220321655,1.827502965927124,0.3120443820953369,0.31015074253082275,1.4765491485595703,0.3188151717185974,0.00888282060623169,6.80479621887207,0.6771701574325562,0.006155610084533691,6.914809226989746,0.6812318563461304,acceptance_decrease
89,2,13946,13946,False,3.23021158692427e-05,3.0064928068895824e-05,-2.2371878003468737e-06,14.3984375,13.59375,1.1920906217710581e-07,-4.172325134277344e-07,0.9996369481086731,0.00035785295767709613,0.0001238279219251126,0.9996365308761597,0.0003616606700234115,0.0001254012604476884,0.0001493692398071289,8.820791244506836,0.6924157738685608,0.0001494288444519043,8.820794105529785,0.6924159526824951,E_within_noise
89,3,368,368,False,9.623722689866554e-07,1.1672332220769022e-05,1.0709960406529717e-05,17.625,14.25,-7.152555099310121e-07,-7.152557373046875e-07,1.0,1.8526646883287867e-08,1.7511907479672573e-09,0.9999992847442627,1.7161892174044624e-06,2.0563489044889138e-07,0.0022311806678771973,6.105086803436279,0.6852184534072876,0.0022318363189697266,6.105075836181641,0.6852149963378906,E_within_noise
89,4,29991,29991,False,0.6725890636444092,0.487457275390625,-0.18513178825378418,0.484375,1.453125,0.2706460952758789,0.12040120363235474,0.8436418771743774,0.06425908207893372,0.014760401099920273,0.9640430808067322,0.004148796200752258,0.001027197577059269,0.5667911171913147,0.5828360319137573,0.18300563097000122,0.5667054057121277,0.5998085141181946,0.18659140169620514,A_or_C_alignment(needs quality cross-check)
89,5,1094,306,True,0.9996675252914429,1.1485588550567627,0.14889132976531982,0.3593750596046448,0.3593749403953552,0.2382912039756775,0.09596776962280273,0.4996771812438965,1.2501527070999146,0.19118979573249817,0.5956449508666992,0.7067821025848389,0.12054207175970078,0.009844660758972168,5.830766201019287,0.669177234172821,0.010816812515258789,5.515660285949707,0.6666737794876099,D_incidental_rank_flip
89,6,385,385,False,0.2700529396533966,0.37231260538101196,0.10225966572761536,2.734375,1.96875,-0.06076750159263611,0.050967514514923096,0.8525404930114746,0.1110558956861496,0.03546171262860298,0.9035080075263977,0.10160926729440689,0.03465976566076279,0.017218470573425293,5.562868118286133,0.6669105291366577,0.010489106178283691,5.402548789978027,0.669120728969574,B_distribution_flattening
89,7,319,23116,True,0.7017661333084106,0.8851369619369507,0.18337082862854004,0.90625,0.6562500596046448,-0.7662547826766968,0.019815921783447266,0.7318490743637085,0.2083474099636078,0.060079317539930344,0.7516649961471558,0.22794514894485474,0.06210370734333992,0.11330157518386841,3.044039011001587,0.5269985795021057,0.11235088109970093,4.720325946807861,0.5592002868652344,D_incidental_rank_flip
89,8,29902,29902,False,0.00011174133396707475,0.00033697776962071657,0.00022523643565364182,12.484375,11.6953125,-1.6331421647919342e-05,3.5762786865234375e-07,0.9999731779098511,2.2757410988560878e-05,7.515001016145106e-06,0.9999735355377197,5.3428848332259804e-05,1.156384951173095e-05,6.181001663208008e-05,9.813212394714355,0.6928330063819885,7.814168930053711e-05,9.812980651855469,0.6927969455718994,E_within_noise
89,9,20255,20255,False,0.045051656663417816,0.02047102153301239,-0.024580635130405426,5.625,7.03125,0.0038402921054512262,-0.0018842816352844238,0.9726519584655762,0.023935742676258087,0.007789673749357462,0.9707676768302917,0.026639021933078766,0.008944137021899223,0.0083199143409729,5.162959098815918,0.6722936630249023,0.00713956356048584,5.180720806121826,0.6736409068107605,E_within_noise
89,10,29892,29892,False,0.004398723132908344,5.157497798791155e-05,-0.004347148351371288,8.296875,13.421875,0.0004241745045874268,-0.0002688765525817871,0.986217200756073,0.01330509316176176,0.00451976852491498,0.9859483242034912,0.014128307811915874,0.004884026478976011,0.09779709577560425,2.325707197189331,0.5280934572219849,0.09755045175552368,2.327385425567627,0.5285382866859436,E_within_noise
89,11,306,306,False,0.005197862163186073,0.0006262340466491878,-0.004571628291159868,7.71875,10.765625,0.0005117274704389274,-0.0005115270614624023,0.9803145527839661,0.018448228016495705,0.006252392195165157,0.9798030257225037,0.020113296806812286,0.006919519975781441,0.10632014274597168,2.243497848510742,0.5178565979003906,0.10580867528915405,2.246201276779175,0.5186247825622559,E_within_noise
89,12,29915,29915,False,0.15951383113861084,0.21257854998111725,0.05306471884250641,4.015625,4.234375,-0.007083164528012276,-0.005600452423095703,0.9064953327178955,0.06922835111618042,0.02168193645775318,0.9008948802947998,0.09702513366937637,0.02807038463652134,0.008111715316772461,8.043096542358398,0.681755006313324,0.011859357357025146,8.022287368774414,0.6755868196487427,E_within_noise
89,13,29885,29885,False,0.7225942015647888,0.735942542552948,0.01334834098815918,0.0625,0.046875,-0.010872304439544678,-0.0022745132446289062,0.7458853721618652,0.15539295971393585,0.03619179502129555,0.7436108589172363,0.15709909796714783,0.03650445491075516,0.0004081130027770996,8.324999809265137,0.6916419267654419,0.0003052949905395508,8.312911033630371,0.6918361186981201,E_within_noise
89,14,9796,9796,False,0.892548680305481,0.7097238302230835,-0.18282485008239746,1.59375,1.359375,0.02148577570915222,-0.04450678825378418,0.699167013168335,0.2316526174545288,0.0604553148150444,0.6546602249145508,0.3692285716533661,0.11264768242835999,0.026723086833953857,4.207680702209473,0.6391396522521973,0.024999558925628662,4.552870750427246,0.6529258489608765,acceptance_decrease
89,15,304,304,False,6.979962563491426e-06,7.383275715255877e-06,4.033131517644506e-07,15.390625,14.703125,-1.1920923270736239e-07,5.960464477539063e-08,0.9999983310699463,1.1658130461000837e-06,3.821215841526282e-07,0.9999983906745911,9.496960160504386e-07,3.358680658038793e-07,0.007322251796722412,4.9168782234191895,0.6714707612991333,0.007322251796722412,4.9168782234191895,0.6714709401130676,E_within_noise
89,16,1371,1371,False,0.015857698395848274,0.006862042937427759,-0.008995655924081802,6.90625,7.625,0.0012145303189754486,-0.0012146830558776855,0.9214416742324829,0.07469774037599564,0.02483362890779972,0.9202269911766052,0.07989952713251114,0.026996418833732605,0.0033719539642333984,6.544660568237305,0.6859920024871826,0.0021591782569885254,6.553776264190674,0.6867735385894775,E_within_noise
89,17,366,366,False,0.08902502804994583,0.005986732430756092,-0.08303829282522202,4.234375,8.1875,0.01540992222726345,-0.014954030513763428,0.9497333765029907,0.037242986261844635,0.01209450326859951,0.9347793459892273,0.06524291634559631,0.02215617336332798,0.015244364738464355,4.280284881591797,0.6552160382270813,0.014017879962921143,4.299493789672852,0.6564818620681763,acceptance_decrease
89,18,25554,25554,False,1.010109305381775,1.4387685060501099,0.42865920066833496,0.4374999403953552,0.5781250596046448,-0.3100072145462036,-0.15039771795272827,0.6091964840888977,0.7893679738044739,0.12767212092876434,0.45879876613616943,1.756746530532837,0.21361657977104187,0.018552422523498535,4.82025146484375,0.6571290493011475,0.01726365089416504,4.862592697143555,0.6550178527832031,acceptance_decrease
89,19,263,263,False,0.036147188395261765,0.34369197487831116,0.3075447976589203,5.359375,2.84375,-0.0718524158000946,-0.046398043632507324,0.9824535846710205,0.014307867735624313,0.0034137307666242123,0.9360555410385132,0.36048999428749084,0.023408086970448494,0.001771688461303711,6.868258476257324,0.6878877282142639,0.0059809088706970215,6.692546844482422,0.6834396123886108,acceptance_decrease
89,20,2343,4380,True,0.48047593235969543,1.0749592781066895,0.5944833755493164,2.4375,0.15625,1.811730980873108,0.4763120412826538,0.2917642593383789,1.197216272354126,0.28336119651794434,0.7680763006210327,0.15791554749011993,0.03624675050377846,0.048243045806884766,3.3023743629455566,0.6024734973907471,0.05028653144836426,3.1670217514038086,0.5959858894348145,D_incidental_rank_flip
89,21,1220,1220,False,7.627775175933493e-06,1.4179205209075008e-05,6.551430033141514e-06,14.765625,14.734375,-5.960460498499742e-07,1.7881393432617188e-07,0.999965250492096,3.282780744484626e-05,1.1132023246318568e-05,0.9999654293060303,3.2900148653425276e-05,1.1176593943673652e-05,3.707408905029297e-05,10.21979808807373,0.6929417848587036,3.7550926208496094e-05,10.2197904586792,0.6929406523704529,E_within_noise
89,22,393,393,False,0.6571578979492188,0.2797372043132782,-0.37742069363594055,0.546875,2.4375,0.37286296486854553,0.2862318158149719,0.6404201984405518,1.165960431098938,0.13218015432357788,0.9266520142555237,0.12568281590938568,0.01886691339313984,0.06638979911804199,3.222576856613159,0.5825024247169495,0.06639361381530762,4.0394287109375,0.6160167455673218,A_or_C_alignment(needs quality cross-check)
89,23,7913,6411,True,0.9583874344825745,1.3835152387619019,0.4251278042793274,1.15625,1.34375,-2.417029619216919,-0.6286972761154175,0.7160433530807495,1.470587134361267,0.11631454527378082,0.08734607696533203,5.275696277618408,0.5389846563339233,0.0029697418212890625,8.67657470703125,0.6866042017936707,0.0043776631355285645,7.242908477783203,0.6845352649688721,acceptance_decrease
89,24,2486,2486,False,0.0013934646267443895,0.0005647308425977826,-0.0008287337841466069,9.5703125,10.4140625,7.080459909047931e-05,-1.2516975402832031e-05,0.9923057556152344,0.007880737073719501,0.0026712154503911734,0.9922932386398315,0.007701311260461807,0.002659861696884036,0.00012314319610595703,11.786710739135742,0.6929605007171631,5.1975250244140625e-05,11.787693977355957,0.693045973777771,E_within_noise
89,25,9432,9432,False,0.6067037582397461,0.7436497211456299,0.1369459629058838,2.21875,1.34375,1.8413920402526855,0.1432589292526245,0.43560850620269775,0.7594965696334839,0.2154431790113449,0.5788674354553223,0.3923807144165039,0.10139361023902893,0.003021538257598877,7.278007507324219,0.6855932474136353,0.004257082939147949,7.200829029083252,0.683588445186615,B_distribution_flattening
89,26,29879,29879,False,2.6837078621611e-06,6.7493838287191465e-06,4.065675966558047e-06,15.734375,14.71875,-2.3841852225814364e-07,2.384185791015625e-07,0.999999463558197,4.008831240298605e-07,9.235517239858382e-08,0.9999997019767761,2.3587290343130007e-07,2.2554889511638976e-08,0.0003916025161743164,7.844659328460693,0.6914135217666626,0.00039184093475341797,7.844654083251953,0.6914119720458984,E_within_noise
89,27,278,278,False,0.011384055018424988,0.0027283141389489174,-0.00865574087947607,6.515625,8.28125,0.0012162791099399328,-0.0012247562408447266,0.9770354628562927,0.019150618463754654,0.0062220715917646885,0.975810706615448,0.023441681638360023,0.00793627742677927,0.09046131372451782,2.4116811752319336,0.5370050668716431,0.08924609422683716,2.4175355434417725,0.5384682416915894,E_within_noise
89,28,9281,9281,False,0.049708712846040726,0.035083573311567307,-0.01462513953447342,5.34375,7.4140625,0.0033204685896635056,0.0032831430435180664,0.9932658672332764,0.033831287175416946,0.002260234672576189,0.9965490102767944,0.015381250530481339,0.0011029993183910847,0.01435023546218872,4.716930866241455,0.6617494821548462,0.011687815189361572,4.732680320739746,0.6632430553436279,E_within_noise
89,29,20699,2693,True,0.336405485868454,0.9070490002632141,0.5706435441970825,3.625,0.5468750596046448,0.039780616760253906,-0.18510031700134277,0.28410542011260986,1.2963494062423706,0.348025918006897,0.09900510311126709,2.7627406120300293,0.5255401134490967,0.009374856948852539,7.392880439758301,0.6787514090538025,0.00937885046005249,6.41134786605835,0.6767504215240479,acceptance_decrease
89,30,297,297,False,0.00044937533675692976,4.101633749087341e-05,-0.0004083589883521199,10.15625,13.421875,3.719250889844261e-05,1.0728836059570312e-06,0.9988773465156555,0.001242782105691731,0.00039934474625624716,0.9988784193992615,0.0011093721259385347,0.0003833163355011493,0.014850199222564697,4.21211576461792,0.6544203162193298,0.014812946319580078,4.2123918533325195,0.6544803380966187,E_within_noise
89,31,23011,23011,False,0.00016127228445839137,0.00013082993973512203,-3.0442344723269343e-05,11.5,11.84375,2.9801994969602674e-06,-2.9206275939941406e-06,0.9946189522743225,0.00534390052780509,0.0018459083512425423,0.9946160316467285,0.005356425419449806,0.0018512101378291845,0.0010730624198913574,6.848842620849609,0.6889439225196838,0.0010701417922973633,6.848877429962158,0.6889506578445435,E_within_noise
89,32,519,519,False,2.4733947157074e-07,1.5546555687251384e-06,1.3073160971543984e-06,18.328125,16.75,-1.1920928244535389e-07,5.960464477539063e-08,0.9999995231628418,4.3362200585761457e-07,1.5696275568188867e-07,0.9999995827674866,3.2317998943653947e-07,1.1560514678876643e-07,0.0010547041893005371,6.854730129241943,0.689005434513092,0.0010547637939453125,6.854728698730469,0.6890051960945129,E_within_noise
89,33,17799,17799,False,0.00019452687411103398,0.0045888773165643215,0.004394350573420525,12.171875,7.84375,2.265146255493164,8.910894393920898e-05,0.01384800672531128,4.28024435043335,0.6565189361572266,0.013937115669250488,4.279356479644775,0.656210720539093,0.1580033302307129,1.8450878858566284,0.46239611506462097,0.15848195552825928,1.842477798461914,0.4615561366081238,E_within_noise
89,34,29899,29899,False,0.001001640222966671,0.006459660362452269,0.005458020139485598,9.25,7.15625,-0.0006900358130224049,0.0006897449493408203,0.9952223300933838,0.00441399309784174,0.0014892572071403265,0.9959120750427246,0.002708609914407134,0.000844649039208889,0.001716017723083496,6.373047828674316,0.6868354678153992,0.0017224550247192383,6.371102333068848,0.6868036389350891,E_within_noise
89,35,27548,27548,False,0.0005196998827159405,0.0021743737161159515,0.001654673833400011,10.125,8.828125,-0.0001671098725637421,0.0001327991485595703,0.9985814094543457,0.00135064497590065,0.0004630526527762413,0.9987142086029053,0.0011097273090854287,0.00036784893018193543,0.004285335540771484,5.462629795074463,0.6792338490486145,0.004452347755432129,5.460742950439453,0.6787415146827698,E_within_noise
89,36,1550,1550,False,0.008148263208568096,0.7571171522140503,0.7489688992500305,7.0,0.75,-0.41893425583839417,-0.24561184644699097,0.9397488236427307,0.058156684041023254,0.019542183727025986,0.6941369771957397,1.0453259944915771,0.1115332841873169,0.000440061092376709,10.682559967041016,0.6925476789474487,0.0008770227432250977,9.224977493286133,0.6907748579978943,acceptance_decrease
89,37,884,884,False,0.3480173647403717,0.9779307246208191,0.629913330078125,3.1875,2.625,-0.171757310628891,-0.145610511302948,0.9378133416175842,0.3318009078502655,0.03614162281155586,0.7922028303146362,1.2422566413879395,0.08764257282018661,0.005848944187164307,8.076072692871094,0.6859546899795532,0.00790947675704956,7.598108291625977,0.68181312084198,acceptance_decrease
89,38,3211,24084,True,0.9928228259086609,1.461282730102539,0.4684599041938782,1.828125,0.09375,-0.6541794538497925,-0.2889699935913086,0.846153974533081,0.08422549813985825,0.02175610512495041,0.5571839809417725,0.732381284236908,0.13774526119232178,0.025893449783325195,6.027734279632568,0.651391863822937,0.024049103260040283,6.0247802734375,0.6565238237380981,acceptance_decrease
89,39,292,292,False,5.812909148517065e-05,1.7389564845871064e-06,-5.6390133977402e-05,12.921875,17.078125,3.576271865313174e-06,-3.635883331298828e-06,0.9897960424423218,0.010243501514196396,0.003546905005350709,0.9897924065589905,0.010255418717861176,0.003551753703504801,0.0004699230194091797,7.670893669128418,0.691116213798523,0.00046628713607788086,7.6709394454956055,0.6911255121231079,E_within_noise
89,40,278,278,False,0.05776064842939377,0.0015593523858115077,-0.05620129778981209,4.8125,9.296875,0.009338196367025375,-0.0017150640487670898,0.9143458008766174,0.10019636899232864,0.030806630849838257,0.9126307368278503,0.09094677120447159,0.0310664065182209,0.047402024269104004,3.0769197940826416,0.5958095788955688,0.04494684934616089,3.104341506958008,0.600306510925293,E_within_noise
89,41,11314,11314,False,0.0008013537735678256,0.00013452317216433585,-0.0006668305722996593,10.703125,12.515625,5.352305015549064e-05,-5.352497100830078e-05,0.9995587468147278,0.0003459292638581246,0.00011255519348196685,0.9995052218437195,0.00048251583939418197,0.00016607643919996917,0.5709998607635498,0.5600644946098328,0.17820020020008087,0.5709463357925415,0.560391366481781,0.17833685874938965,E_within_noise
89,42,936,936,False,7.515241691180563e-07,4.4182247620483395e-06,3.666700649773702e-06,18.203125,15.796875,-2.3841855067985307e-07,2.384185791015625e-07,0.999896764755249,0.00010286017641192302,3.570760600268841e-05,0.9998970031738281,0.0001016304740915075,3.5179204132873565e-05,6.318092346191406e-06,12.02087688446045,0.6931076645851135,6.556510925292969e-06,12.020873069763184,0.6931071281433105,E_within_noise
89,43,2050,270,True,0.1944795548915863,0.3837623596191406,0.18928280472755432,3.375,1.9687501192092896,3.284116268157959,0.4951813817024231,0.1455898880958557,2.0059330463409424,0.44287896156311035,0.6407712697982788,0.44455572962760925,0.14224788546562195,0.03581833839416504,5.523196220397949,0.6583019495010376,0.03524690866470337,3.382744312286377,0.617445170879364,D_incidental_rank_flip
89,44,800,800,False,1.2673664286921849e-06,9.999448593589477e-06,8.73208227858413e-06,17.171875,15.5078125,-4.768370445162873e-07,4.76837158203125e-07,0.998087465763092,0.0019070482812821865,0.0006655441829934716,0.9980879426002502,0.0019045217195525765,0.0006644377717748284,4.172325134277344e-06,12.432300567626953,0.6931201219558716,4.649162292480469e-06,12.432292938232422,0.6931185126304626,E_within_noise
89,45,18830,9701,True,0.5340188145637512,0.776225745677948,0.24220693111419678,2.015625,0.265625,-0.5176048278808594,-0.001937568187713623,0.3731346130371094,0.9740186333656311,0.2758947014808655,0.37119704484939575,1.2792044878005981,0.31312599778175354,0.024071693420410156,8.796271324157715,0.673341691493988,0.004480302333831787,8.78072452545166,0.6855738759040833,E_within_noise
89,46,17799,17799,False,1.1902815103530884,0.05086454376578331,-1.1394169330596924,0.6406249403953552,5.453125,-5.064887046813965,-0.36588239669799805,0.37314343452453613,4.109561443328857,0.329281747341156,0.007261037826538086,8.221429824829102,0.6779966354370117,0.008427977561950684,6.102361679077148,0.6769471168518066,0.0027565956115722656,7.346908092498779,0.6878742575645447,acceptance_decrease
89,47,29899,29899,False,0.0004001836641691625,0.000390905246604234,-9.278417564928532e-06,10.296875,10.296875,5.960246198810637e-07,5.960464477539062e-07,0.9999718070030212,2.916099037975073e-05,5.211605639487971e-06,0.999972403049469,2.8095360903535038e-05,5.060880539531354e-06,0.0036415457725524902,5.624720573425293,0.6811537742614746,0.003640890121459961,5.624728679656982,0.6811563968658447,E_within_noise
89,48,27548,27548,False,0.00043293795897625387,0.0007302011363208294,0.0002972631773445755,10.4375,9.78125,-2.9323997296160087e-05,2.9325485229492188e-05,0.9988535046577454,0.001089955330826342,0.0003739108797162771,0.9988828301429749,0.0010580787202343345,0.000363432482117787,0.0025439858436584473,5.98793363571167,0.6842190027236938,0.0025733113288879395,5.9875078201293945,0.6840939521789551,E_within_noise
89,49,8974,8974,False,5.3882522479398176e-05,3.418995038373396e-05,-1.9692572095664218e-05,13.140625,13.3125,1.3112983197061112e-06,-1.2516975402832031e-06,0.9990159273147583,0.0009691233281046152,0.0003341402334626764,0.999014675617218,0.0009733082260936499,0.0003357943787705153,0.0018781423568725586,6.279366493225098,0.6863095760345459,0.0018768906593322754,6.279384613037109,0.6863148212432861,E_within_noise
89,50,29889,29889,False,0.0001225003506988287,5.47643649042584e-05,-6.77359857945703e-05,11.5625,12.46875,5.602798864856595e-06,-3.933906555175781e-06,0.9999964237213135,3.3821697797975503e-06,1.087071268557338e-06,0.9999924898147583,4.408482254802948e-06,1.4008381867824937e-06,0.04329562187194824,3.1398282051086426,0.6030538082122803,0.04328995943069458,3.139878034591675,0.6030699610710144,E_within_noise
89,51,2266,2266,False,0.05013187229633331,0.041337016969919205,-0.008794855326414108,5.203125,5.734375,0.001815936528146267,0.00047451257705688477,0.6006366610527039,0.5192849636077881,0.16178607940673828,0.6011111736297607,0.51029372215271,0.16099128127098083,0.0010672807693481445,8.541988372802734,0.6903125047683716,0.0009835362434387207,8.549274444580078,0.6907944679260254,E_within_noise
89,52,526,526,False,1.6661733752698638e-05,8.090207847999409e-05,6.424034654628485e-05,14.40625,12.59375,-4.8875640459300485e-06,3.5762786865234375e-07,0.9990159869194031,0.000984092359431088,0.0003409263154026121,0.9990163445472717,0.0009901121957227588,0.00034151223371736705,0.0008563995361328125,7.063839912414551,0.6896944046020508,0.0008612275123596191,7.063786506652832,0.6896851658821106,E_within_noise
89,53,3023,3023,False,0.15780404210090637,0.015964264050126076,-0.14183977246284485,3.265625,6.15625,0.035295747220516205,0.006431758403778076,0.979380190372467,0.010005893185734749,0.0021684267558157444,0.9858119487762451,0.009945759549736977,0.003116330597549677,0.016689181327819824,4.880687713623047,0.6615382432937622,0.00855410099029541,5.039329528808594,0.670878529548645,E_within_noise
89,54,3987,3987,False,0.18227972090244293,0.03662939369678497,-0.14565032720565796,3.734375,5.578125,0.030615661293268204,-0.018473327159881592,0.9932543635368347,0.0038076499477028847,0.0007019632030278444,0.9747810363769531,0.017690330743789673,0.005513317417353392,0.011481165885925293,4.71693229675293,0.664949357509613,0.009865224361419678,4.7880730628967285,0.6673513650894165,acceptance_decrease
89,55,363,304,True,0.693179726600647,0.6564852595329285,-0.036694467067718506,0.96875,1.703125,0.9985268115997314,-0.15457528829574585,0.5413938164710999,0.5862968564033508,0.1740543246269226,0.386818528175354,0.9352673292160034,0.23091402649879456,0.005542933940887451,6.238748073577881,0.6808357238769531,0.005525171756744385,5.7058939933776855,0.6789068579673767,acceptance_decrease
89,56,366,366,False,0.46299809217453003,1.1875697374343872,0.7245716452598572,2.71875,0.296875,-0.5984955430030823,-0.2177099585533142,0.8109307289123535,0.2624790370464325,0.05141901224851608,0.5932207703590393,2.5325939655303955,0.1675945222377777,0.020812511444091797,4.538403511047363,0.6508795022964478,0.03922724723815918,4.561728000640869,0.6369869112968445,acceptance_decrease
89,57,304,304,False,0.016717519611120224,0.299270898103714,0.28255337476730347,6.046875,2.34375,-0.08953452855348587,0.08530670404434204,0.8692710399627686,0.1306014508008957,0.043284207582473755,0.9545777440071106,0.010062574408948421,0.0026603052392601967,0.003473639488220215,6.7850446701049805,0.6864871978759766,0.0063974857330322266,6.373469352722168,0.6786418557167053,B_distribution_flattening
89,58,2050,2050,False,0.41650184988975525,0.29232802987098694,-0.12417382001876831,1.765625,2.375,0.06893222033977509,0.06094759702682495,0.8548133969306946,0.6086639165878296,0.05166095495223999,0.9157609939575195,0.3070621192455292,0.02887597307562828,0.003958940505981445,5.575562000274658,0.6802939176559448,0.004013538360595703,5.632452487945557,0.6803569793701172,A_or_C_alignment(needs quality cross-check)
89,59,29901,29901,False,0.002200431888923049,0.005191120319068432,0.002990688430145383,8.375,7.390625,-0.0003846439067274332,-0.0003859400749206543,0.9998668432235718,7.222928979899734e-05,1.618528949620668e-05,0.9994809031486511,0.0006274282350204885,0.00010838502203114331,0.6362226009368896,0.4511494040489197,0.14597278833389282,0.6366071701049805,0.449429988861084,0.14529111981391907,E_within_noise
89,60,13,13,False,1.730304938973859e-05,0.00012521124153863639,0.0001079081921488978,13.71875,11.5625,-8.702230843482539e-06,-9.5367431640625e-07,0.9999960660934448,2.2700553472532192e-06,6.780930448258005e-07,0.9999951124191284,2.009188392548822e-06,4.441149030753877e-07,0.0005264878273010254,7.550729751586914,0.6908960342407227,0.0005351901054382324,7.550631999969482,0.6908797025680542,E_within_noise
89,61,13,13,False,0.0002465333673171699,0.0001047444820869714,-0.0001417888852301985,12.5703125,12.9140625,9.775048965821043e-06,9.775161743164062e-06,0.9999839663505554,6.527137156808749e-05,5.017249804950552e-06,0.9999937415122986,2.135349677701015e-05,1.8429707324685296e-06,0.09585285186767578,2.3449513912200928,0.5305687785148621,0.09584313631057739,2.345045804977417,0.5306043028831482,E_within_noise
89,62,29896,29896,False,0.6941870450973511,0.20856207609176636,-0.4856249690055847,0.6718750596046448,2.96875,-1.927696704864502,-0.2931092381477356,0.7024520635604858,0.19498074054718018,0.04990432411432266,0.40934282541275024,0.7982964515686035,0.219772607088089,0.020627200603485107,4.299768447875977,0.6479020118713379,0.01629042625427246,4.256664276123047,0.6521749496459961,acceptance_decrease
89,63,29889,29889,False,8.445200364803895e-05,2.896118712669704e-05,-5.5490818340331316e-05,12.828125,13.9375,3.933891093765851e-06,-3.933906555175781e-06,0.9999756813049316,1.5936775525915436e-05,5.00550640936126e-06,0.9999717473983765,2.4434855731669813e-05,8.16922965896083e-06,0.0006592273712158203,7.333145618438721,0.6904085278511047,0.0006551742553710938,7.333193302154541,0.690418004989624,E_within_noise
90,0,29871,29871,False,0.00019412134133744985,6.877055420773104e-05,-0.0001253507798537612,11.046875,12.3203125,1.0967140042339452e-05,-9.059906005859375e-06,0.9999892115592957,1.0652574928826652e-05,3.6299795738159446e-06,0.9999801516532898,1.5220557543216273e-05,4.859588443650864e-06,0.06142854690551758,2.790013551712036,0.5757993459701538,0.06141752004623413,2.790095567703247,0.5758247375488281,E_within_noise
90,1,2266,18585,True,0.7438663840293884,0.6741856336593628,-0.06968075037002563,0.234375,2.171875,0.6486774682998657,-0.23275762796401978,0.7756455540657043,0.21352744102478027,0.0647120475769043,0.5428879261016846,0.9041486382484436,0.1784151792526245,0.0035625100135803223,7.125478744506836,0.6867297291755676,0.007996618747711182,7.671577453613281,0.6808722019195557,acceptance_decrease
90,2,338,29915,True,0.38532453775405884,0.7403425574302673,0.3550180196762085,1.90625,0.015625,-0.571815550327301,-0.3414597511291504,0.981148362159729,0.0036588762886822224,0.0011567124165594578,0.6396886110305786,0.3567970097064972,0.07672513276338577,0.002866804599761963,5.859869003295898,0.6833250522613525,0.003482639789581299,6.135468006134033,0.68241286277771,acceptance_decrease
90,3,278,278,False,0.013488870114088058,0.10830846428871155,0.09481959044933319,6.296875,3.84375,-0.020042210817337036,0.019076406955718994,0.9780954122543335,0.017695654183626175,0.005741373635828495,0.9971718192100525,0.0034803650341928005,0.0007818922167643905,0.02833724021911621,3.6195991039276123,0.6292782425880432,0.035056233406066895,3.549652338027954,0.6222541928291321,B_distribution_flattening
90,4,24114,24114,False,0.5852007865905762,0.9404093623161316,0.3552085757255554,1.609375,1.171875,-0.22171764075756073,-0.12127619981765747,0.8641336560249329,0.1807151734828949,0.033284369856119156,0.7428574562072754,0.2609412372112274,0.05184897035360336,0.019639551639556885,5.710261821746826,0.6581124067306519,0.021831393241882324,5.252570152282715,0.6527139544487,acceptance_decrease
90,5,14880,14880,False,0.0026610777713358402,0.0843585878610611,0.0816975086927414,8.234375,4.578125,-0.01340051181614399,-0.011092305183410645,0.9986921548843384,0.0010714693926274776,0.00036069878842681646,0.9875998497009277,0.027570940554142,0.0034893262200057507,0.0060367584228515625,5.155212879180908,0.6749782562255859,0.010873675346374512,5.089932441711426,0.6697865128517151,acceptance_decrease
90,6,29901,29901,False,7.12917753844522e-05,0.0002247676020488143,0.0001534758193884045,12.21875,11.6328125,-1.0728722372732591e-05,9.775161743164062e-06,0.9995764493942261,0.000403653975808993,0.0001377886947011575,0.9995862245559692,0.0003754566714633256,0.00012609366967808455,0.0024238228797912598,6.024538993835449,0.6846336126327515,0.0024344921112060547,6.024397850036621,0.6845953464508057,E_within_noise
90,7,13,13,False,9.0217457682229e-07,6.408696935977787e-05,6.318479427136481e-05,16.84375,13.03125,-4.529942543740617e-06,-4.351139068603516e-06,0.9999999403953552,1.1436136304610045e-07,6.8706853539879376e-09,0.9999955892562866,3.472160824458115e-05,1.3880371625418775e-06,0.07545989751815796,2.5841543674468994,0.5565279722213745,0.07546442747116089,2.584110736846924,0.556512176990509,E_within_noise
90,8,13,13,False,8.553150109946728e-05,0.5760942697525024,0.5760087370872498,11.953125,1.046875,-0.3012016713619232,-0.2597479224205017,0.999822199344635,0.00015722405805718154,5.273202259559184e-05,0.7400742769241333,1.7221661806106567,0.09931344538927078,0.38252967596054077,0.9609280824661255,0.2854296565055847,0.38314223289489746,2.262162923812866,0.33157575130462646,acceptance_decrease
90,9,13468,13468,False,0.0036032102070748806,0.008155452087521553,0.0045522418804466724,8.46875,8.21875,-0.00043438345892354846,-2.8133392333984375e-05,0.9993380904197693,0.0005816551274619997,0.00019613574841059744,0.9993099570274353,0.0024252417497336864,0.0003168696421198547,0.0028061270713806152,6.001618385314941,0.6840147972106934,0.0032606124877929688,5.99788761138916,0.6834312081336975,E_within_noise
90,10,3282,3282,False,0.1021081730723381,0.03807583823800087,-0.06403233110904694,3.96875,5.765625,0.014801295474171638,-0.01670098304748535,0.28500252962112427,1.2764557600021362,0.3551107347011566,0.2683015465736389,1.3129186630249023,0.3639031648635864,0.0006994009017944336,7.935887336730957,0.6910198926925659,0.000944674015045166,7.967822074890137,0.6906552314758301,acceptance_decrease
90,11,29915,29915,False,0.0007019963231869042,0.0006455857655964792,-5.6410557590425014e-05,9.625,9.71875,5.840884114149958e-06,-5.900859832763672e-06,0.9999781847000122,4.346378773334436e-06,1.220087256115221e-06,0.9999722838401794,6.069281425880035e-06,1.6802770232970943e-06,0.001697242259979248,6.417778968811035,0.6869943141937256,0.0016913414001464844,6.417828559875488,0.687000572681427,E_within_noise
90,12,29873,29873,False,1.2750977020914434e-06,3.974096034653485e-05,3.846586332656443e-05,16.890625,14.0546875,-2.50339189733495e-06,-8.344650268554688e-07,0.9999989867210388,9.337172173218278e-07,2.821587941070902e-07,0.999998152256012,2.975466486532241e-06,4.965507400811475e-07,0.0029531121253967285,5.82483434677124,0.6830669045448303,0.0029556751251220703,5.824803829193115,0.6830589175224304,E_within_noise
90,13,6456,6456,False,0.025978920981287956,0.032815977931022644,0.006837056949734688,5.828125,6.5390625,2.906125068664551,0.0005466341972351074,0.05852776765823364,2.842183828353882,0.5800605416297913,0.05907440185546875,2.837785005569458,0.5793191194534302,0.0043051838874816895,6.996805667877197,0.686349630355835,0.003911077976226807,6.99435567855835,0.6854391098022461,E_within_noise
90,14,988,988,False,0.00013041710190009326,0.00037579788477160037,0.00024538079742342234,11.859375,10.953125,-1.9788356439676136e-05,1.5616416931152344e-05,0.9789454340934753,0.021264096722006798,0.0073469337075948715,0.9789610505104065,0.021246055141091347,0.007339804898947477,0.004734516143798828,5.354753017425537,0.6781083345413208,0.004754304885864258,5.354581356048584,0.6780753135681152,E_within_noise
90,15,902,902,False,0.011924699880182743,0.004273419268429279,-0.007651280611753464,6.4375,7.625,-1.1863903999328613,-0.0011081695556640625,0.039644718170166016,3.2519397735595703,0.6057025194168091,0.03853654861450195,3.2631752490997314,0.6094893217086792,0.01566755771636963,4.254396438598633,0.6545652747154236,0.014559447765350342,4.260382652282715,0.6553469896316528,E_within_noise
90,16,3708,3708,False,8.173072274075821e-05,0.0003957004810217768,0.0003139697655569762,12.0,10.671875,-2.5510304112685844e-05,2.5510787963867188e-05,0.9094658493995667,0.09487392008304596,0.03244480863213539,0.9094913601875305,0.09477769583463669,0.03240486979484558,0.0009115934371948242,7.007111549377441,0.6895147562026978,0.0009342432022094727,7.006894111633301,0.6894900798797607,E_within_noise
90,17,344,344,False,1.807092786521025e-07,2.8380613912304398e-06,2.657352069945773e-06,19.234375,16.1484375,-1.1920928244535389e-07,1.1920928955078125e-07,0.9999964833259583,3.4199176752736093e-06,1.2297355169721413e-06,0.9999966025352478,3.222625537091517e-06,1.1412328149162931e-06,1.6570091247558594e-05,10.99462604522705,0.6930465698242188,1.6808509826660156e-05,10.994624137878418,0.6930460929870605,E_within_noise
90,18,471,471,False,0.004103777464479208,0.00013572759053204209,-0.003968049772083759,7.65625,12.234375,0.0004637312958948314,-0.00046575069427490234,0.9957672953605652,0.00315594719722867,0.001006184029392898,0.9953015446662903,0.004680859390646219,0.0016149110160768032,0.006595134735107422,5.092249870300293,0.6738197207450867,0.006131470203399658,5.0958251953125,0.6744446754455566,E_within_noise
90,19,29892,29892,False,0.00010433134593768045,0.00014013491454534233,3.580356860766187e-05,11.71875,11.8125,-2.264955583086703e-06,1.6689300537109375e-06,0.9999651312828064,0.00011101411655545235,1.4836077752988786e-05,0.9999668002128601,0.00010667421884136274,1.2424499800545163e-05,0.7838738560676575,0.24346981942653656,0.08144903182983398,0.7838760614395142,0.24344955384731293,0.08143988251686096,E_within_noise
90,20,577,577,False,1.2468442037061322e-05,2.5897350496961735e-05,1.3428908459900413e-05,14.203125,13.65625,-8.344640036739293e-07,8.940696716308594e-07,0.9999483823776245,4.9476577260065824e-05,1.704731403151527e-05,0.9999492764472961,4.7035679017426446e-05,1.6061647329479456e-05,0.021503150463104248,3.8395955562591553,0.640998899936676,0.021503984928131104,3.8395867347717285,0.6409960985183716,E_within_noise
90,21,306,306,False,0.45082128047943115,0.36086320877075195,-0.0899580717086792,1.609375,2.046875,-0.3772566318511963,-0.051810383796691895,0.30150318145751953,1.2458529472351074,0.2707546353340149,0.24969279766082764,1.43586003780365,0.3179318904876709,0.02389979362487793,5.331532955169678,0.652034342288971,0.024533987045288086,5.54326057434082,0.6544952988624573,acceptance_decrease
90,22,2714,2714,False,0.396131694316864,0.6241631507873535,0.2280314564704895,1.875,1.21875,0.5277895927429199,0.0993233323097229,0.44141924381256104,0.7157825231552124,0.19019536674022675,0.5407425761222839,0.5016834139823914,0.13053423166275024,0.0044814348220825195,5.510504722595215,0.6794401407241821,0.00676882266998291,5.532049179077148,0.6763802170753479,B_distribution_flattening
90,23,372,372,False,0.00026588511536829174,0.00021425331942737103,-5.163179594092071e-05,10.75,11.015625,4.88748264615424e-06,1.6510486602783203e-05,0.6480752229690552,0.433794766664505,0.1409047394990921,0.648091733455658,0.43371376395225525,0.14088883996009827,0.0015296339988708496,6.4972124099731445,0.6874723434448242,0.0015247464179992676,6.497231483459473,0.6874672770500183,E_within_noise
90,24,1795,471,True,0.6372545957565308,0.016318704932928085,-0.6209359169006348,0.7031249403953552,6.1875,-5.787300109863281,-0.6666532754898071,0.6690065860748291,2.095430612564087,0.1324029266834259,0.0023533105850219727,8.194907188415527,0.6844995021820068,0.008024871349334717,5.821432113647461,0.6727477312088013,0.008039653301239014,4.926207542419434,0.6708638668060303,acceptance_decrease
90,25,367,367,False,4.6616281679234817e-07,1.0901047971856315e-05,1.0434885552967899e-05,18.5,14.75,-5.960462772236497e-07,2.384185791015625e-07,0.9999850988388062,1.4826245205767918e-05,5.11347525389283e-06,0.9999853372573853,1.5574696590192616e-05,4.9515128921484575e-06,0.00034618377685546875,7.968120574951172,0.6915940642356873,0.00034683942794799805,7.968111515045166,0.6915920972824097,E_within_noise
90,26,297,297,False,1.8277538060829102e-07,0.09936272352933884,0.09936253726482391,19.15625,3.875,-0.020544001832604408,-0.02026134729385376,0.99994957447052,5.036720176576637e-05,1.7436927009839565e-05,0.9796882271766663,0.11960791051387787,0.007031726650893688,0.03504687547683716,3.351066827774048,0.6165977716445923,0.05538123846054077,3.257587194442749,0.600986123085022,acceptance_decrease
90,27,278,278,False,1.0561050345359035e-07,8.088634785963222e-06,7.98302426119335e-06,19.875,14.515625,-4.768370445162873e-07,4.76837158203125e-07,0.9999986290931702,1.2848468031734228e-06,4.777134563482832e-07,0.9999991059303284,6.311773290690326e-07,2.3546378713490412e-07,0.0014504790306091309,6.5356526374816895,0.6876804828643799,0.001450955867767334,6.535645008087158,0.687678337097168,E_within_noise
90,28,1559,1559,False,4.545515912468545e-05,0.0013067058753222227,0.0012612506980076432,12.703125,9.15625,-0.00011848663416458294,-0.00011682510375976562,0.999997615814209,3.5272953482490266e-06,8.947851029006415e-07,0.9998807907104492,0.00046989202382974327,3.885827027261257e-05,0.001793503761291504,6.325539588928223,0.686583399772644,0.0018538236618041992,6.324690818786621,0.6864966154098511,E_within_noise
90,29,29892,29892,False,0.11809036880731583,0.4326273500919342,0.314536988735199,3.828125,1.9843748807907104,-0.5086493492126465,0.10871976613998413,0.026788949966430664,5.443177700042725,0.6288390159606934,0.1355087161064148,4.615987777709961,0.5117377042770386,0.016279935836791992,4.231220245361328,0.6539812684059143,0.016301333904266357,4.123976230621338,0.6514099836349487,B_distribution_flattening
90,30,541,541,False,1.9671751942951232e-05,6.868930358905345e-05,4.901755164610222e-05,13.5625,12.21875,-3.6954761526430957e-06,-1.0132789611816406e-06,0.9999985694885254,5.012752239963447e-07,1.4649886281858926e-07,0.9999975562095642,1.1308591183478711e-06,2.2529590637532237e-07,0.32337480783462524,1.1289336681365967,0.32521164417266846,0.32337862253189087,1.1289033889770508,0.3251991271972656,E_within_noise
90,31,540,540,False,0.0012070564553141594,0.004060050938278437,0.0028529944829642773,10.109375,9.015625,3.460660934448242,0.00027620792388916016,0.33241933584213257,1.1008784770965576,0.31864023208618164,0.33269554376602173,1.0991963148117065,0.31798043847084045,0.0033509135246276855,5.727710723876953,0.6819959282875061,0.00357133150100708,5.7254319190979,0.6815999150276184,E_within_noise
90,32,9007,29915,True,0.9306824207305908,0.7636138796806335,-0.16706854104995728,0.4375000596046448,0.40625,-1.7219862937927246,-0.1261371374130249,0.3134356737136841,1.1778771877288818,0.32122671604156494,0.18729853630065918,2.1817126274108887,0.4523707628250122,0.0030471086502075195,6.856571197509766,0.6859217882156372,0.0034551620483398438,7.902949810028076,0.6872397661209106,acceptance_decrease
90,33,29915,29915,False,2.264186150569003e-05,6.167293031467125e-05,3.9031066989991814e-05,13.359375,12.28125,-3.099431978625944e-06,-4.76837158203125e-07,0.9999986290931702,5.526925974663754e-07,1.4589045349566732e-07,0.999998152256012,7.486294748559885e-07,1.839196528408138e-07,0.004811644554138184,5.336977005004883,0.677894651889801,0.004814743995666504,5.336944103240967,0.6778864860534668,E_within_noise
90,34,29873,29873,False,3.8471262087114155e-05,2.4301003577420488e-05,-1.4170258509693667e-05,14.0546875,14.8046875,8.344636626134161e-07,-4.172325134277344e-07,0.999998152256012,1.460647581552621e-06,3.8222239595597785e-07,0.9999977350234985,1.4659631233371329e-06,4.3130256699441816e-07,0.0032285451889038086,5.736324310302734,0.6822665929794312,0.0032277703285217285,5.7363362312316895,0.6822705268859863,E_within_noise
90,35,1854,1854,False,0.0001010362320812419,0.002256031846627593,0.0021549956873059273,12.390625,9.2265625,-0.0002037064405158162,0.00020372867584228516,0.8380899429321289,0.17657719552516937,0.059664539992809296,0.8382936716079712,0.17578594386577606,0.059344399720430374,0.006523728370666504,5.033311367034912,0.673454999923706,0.006727337837219238,5.0317182540893555,0.6731586456298828,E_within_noise
90,36,29889,29892,True,0.055540699511766434,0.5128159523010254,0.45727524161338806,4.609375,1.484375,-1.684787392616272,0.08238780498504639,0.5449939966201782,0.5716627240180969,0.17520123720169067,0.6273818016052246,0.3191606402397156,0.08126551657915115,0.0073912739753723145,5.796949863433838,0.6788347959518433,0.008633732795715332,4.979010581970215,0.6700260639190674,D_incidental_rank_flip
90,37,1987,1987,False,0.6645062565803528,1.0066783428192139,0.3421720862388611,1.15625,2.359375,-1.4873826503753662,-0.1725139021873474,0.24020975828170776,5.159074783325195,0.3996051251888275,0.06769585609436035,6.410334587097168,0.5709923505783081,0.0023215413093566895,7.510405540466309,0.6878098249435425,0.0032392144203186035,7.5326056480407715,0.6863499283790588,acceptance_decrease
90,38,896,896,False,0.7634087800979614,0.005561200901865959,-0.7578476071357727,0.46875,7.453125,-6.476826190948486,-0.3977775573730469,0.4001677632331848,3.200266122817993,0.291206955909729,0.0023902058601379395,6.336611270904541,0.6841602921485901,0.13561725616455078,3.4809818267822266,0.5322721600532532,0.0044779181480407715,5.554579257965088,0.6785171031951904,acceptance_decrease
90,39,4433,4433,False,0.0011818461352959275,0.0002885654685087502,-0.0008932806667871773,9.96875,11.78125,7.97461107140407e-05,-7.975101470947266e-05,0.9846683144569397,0.015030255541205406,0.005157842300832272,0.9845885634422302,0.015409175306558609,0.005320264492183924,0.0011494159698486328,6.859231948852539,0.6888234615325928,0.0010696053504943848,6.86006498336792,0.6889675855636597,E_within_noise
90,40,592,592,False,0.00019605817215051502,0.0013178163208067417,0.0011217581341043115,11.03125,8.984375,-0.00011371735308784992,0.00012725591659545898,0.9776722192764282,0.02269459329545498,0.007806663401424885,0.9777994751930237,0.02184821106493473,0.007477098144590855,0.008877158164978027,4.726037502288818,0.6677466630935669,0.008990883827209473,4.72492790222168,0.6674631237983704,E_within_noise
90,41,304,304,False,5.403762315836502e-06,0.0013439086033031344,0.0013385048368945718,14.9375,8.90625,-0.00013517415209207684,0.0001289844512939453,0.999835193157196,0.00016275128291454166,5.622359458357096e-05,0.99996417760849,3.582106364774518e-05,1.2381846318021417e-05,0.005680382251739502,5.170697212219238,0.6756109595298767,0.005815625190734863,5.169256210327148,0.6752396821975708,E_within_noise
90,42,1106,1106,False,0.40482208132743835,0.10874826461076736,-0.2960738241672516,2.0,4.96875,0.1167561337351799,0.11195892095565796,0.8810604214668274,0.341051310300827,0.03933965414762497,0.9930193424224854,0.004801591858267784,0.0011962023563683033,0.0058509111404418945,7.568228721618652,0.6839429140090942,0.008696436882019043,8.056060791015625,0.6836522817611694,A_or_C_alignment(needs quality cross-check)
90,43,363,363,False,7.29500300167274e-07,6.575704901479185e-06,5.8462046581553295e-06,17.0,14.765625,-3.576278118089249e-07,3.5762786865234375e-07,0.9999373555183411,6.234895408852026e-05,2.162816235795617e-05,0.9999377131462097,6.086391658755019e-05,2.100381243508309e-05,0.026811063289642334,3.6189513206481934,0.6310498714447021,0.02681136131286621,3.618947744369507,0.6310487389564514,E_within_noise
90,44,372,372,False,1.6952564863004227e-07,3.8673169910907745e-07,2.1720605047903518e-07,18.578125,17.78125,0.0,0.0,0.9999992251396179,8.05569470685441e-07,2.459602796989202e-07,0.9999992251396179,7.819047027624038e-07,2.318568306236557e-07,0.002935051918029785,5.8310394287109375,0.6831202507019043,0.002935051918029785,5.8310394287109375,0.6831202507019043,E_within_noise
90,45,29892,29892,False,0.01587749272584915,0.12527239322662354,0.10939490050077438,6.140625,3.578125,-0.025388067588210106,-0.025013387203216553,0.9985828399658203,0.0009736625361256301,0.00018213070870842785,0.9735694527626038,0.07066579163074493,0.008008786477148533,0.6568526029586792,0.41377100348472595,0.1338944137096405,0.6818660497665405,0.3716490566730499,0.1208542063832283,acceptance_decrease
90,46,322,322,False,0.0451468899846077,0.131465345621109,0.08631845563650131,4.859375,3.734375,-0.018878880888223648,-0.01854926347732544,0.99239182472229,0.026836756616830826,0.0024715429171919823,0.9738425612449646,0.1233801320195198,0.008910708129405975,0.049151062965393066,3.098480463027954,0.5979771614074707,0.05214369297027588,3.051283836364746,0.5929197072982788,acceptance_decrease
90,47,1183,1183,False,1.683239679550752e-05,0.005679256748408079,0.005662424489855766,14.5625,7.5625,-0.0006388761685229838,-0.00015854835510253906,0.9996475577354431,0.00034806772600859404,0.00012017761764582247,0.9994890093803406,0.0017772649880498648,0.00020666263299062848,0.7076031565666199,0.3458609879016876,0.11391107738018036,0.7082418203353882,0.3438268303871155,0.11312993615865707,E_within_noise
90,48,1497,1497,False,0.005564891267567873,0.0034958631731569767,-0.0020690280944108963,7.375,8.03125,0.0002804757095873356,-0.0002803802490234375,0.819017767906189,0.19696903228759766,0.06601611524820328,0.8187373876571655,0.19785800576210022,0.06635130941867828,0.0006949901580810547,7.438087463378906,0.6905015707015991,0.0008246898651123047,7.439366817474365,0.6904298663139343,E_within_noise
90,49,29892,29892,False,0.00010546542762313038,8.733608410693705e-05,-1.812934351619333e-05,11.921875,12.609375,2.0265438251954038e-06,-1.9669532775878906e-06,0.9938285946846008,0.00615526782348752,0.0021275451872497797,0.9938266277313232,0.006166238337755203,0.0021323165856301785,0.0051195621490478516,5.276177883148193,0.6770745515823364,0.005117654800415039,5.2761969566345215,0.6770786046981812,E_within_noise
90,50,376,376,False,5.5563745263498276e-05,0.00019763318414334208,0.00014206944615580142,12.484375,11.28125,-1.1324772458465304e-05,-8.58306884765625e-06,0.9999985694885254,5.795706101707765e-07,1.7753583847479604e-07,0.9999899864196777,8.801865078567062e-06,1.4870781797071686e-06,0.07116121053695679,2.6428308486938477,0.5622905492782593,0.07117247581481934,2.6427457332611084,0.5622630715370178,E_within_noise
90,51,6028,6028,False,0.0020902787800878286,0.0007145529380068183,-0.0013757258420810103,8.5625,10.421875,0.00015232882287818938,-0.0001590251922607422,0.6977932453155518,0.35884732007980347,0.11779341101646423,0.697634220123291,0.3598756492137909,0.11823084950447083,0.0004615187644958496,7.917452335357666,0.6913871765136719,0.00042241811752319336,7.918572902679443,0.6914133429527283,E_within_noise
90,52,366,366,False,6.846787528047571e-07,2.9455891308316495e-06,2.2609103780268924e-06,17.28125,15.703125,-1.1920928244535389e-07,1.1920928955078125e-07,0.9999509453773499,4.9008325731847435e-05,1.6946414689300582e-05,0.9999510645866394,4.881942004431039e-05,1.6872341802809387e-05,0.0022919178009033203,6.078264236450195,0.6850336194038391,0.002292037010192871,6.078262805938721,0.6850330829620361,E_within_noise
90,53,3026,3026,False,0.578309953212738,0.07478354871273041,-0.5035263895988464,1.109375,4.375,0.27395734190940857,0.00953829288482666,0.5603369474411011,1.4911198616027832,0.2373589724302292,0.5698752403259277,0.5341792106628418,0.1662495732307434,0.003079652786254883,6.910200119018555,0.6860024929046631,0.013150155544281006,7.308625221252441,0.6815975904464722,E_within_noise
90,54,306,306,False,0.042326584458351135,0.14780569076538086,0.10547910630702972,5.0,4.234375,0.7448835372924805,0.008788466453552246,0.0070729851722717285,8.232240676879883,0.6716793775558472,0.015861451625823975,8.045720100402832,0.652480959892273,0.0006852149963378906,7.97972297668457,0.6909990906715393,0.0009797215461730957,7.901391506195068,0.6903293132781982,E_within_noise
90,55,10049,10049,False,0.13178125023841858,0.04840398579835892,-0.08337726444005966,3.515625,4.8125,-1.2757227420806885,-0.020758748054504395,0.08209103345870972,2.726374864578247,0.526482880115509,0.06133228540420532,2.8656558990478516,0.5655485391616821,0.0006265044212341309,7.854950904846191,0.6908915042877197,0.000678718090057373,7.928619384765625,0.6909770369529724,acceptance_decrease
90,56,287,287,False,1.8245272315198235e-07,1.1946501672355225e-06,1.0121974582943949e-06,19.734375,17.796875,0.0,0.0,0.6409928798675537,0.44473546743392944,0.1442176252603531,0.6409928798675537,0.44473516941070557,0.14421746134757996,0.00046819448471069336,7.666672706604004,0.6911183595657349,0.00046819448471069336,7.666672229766846,0.6911181211471558,E_within_noise
90,57,29892,411,True,0.6668206453323364,0.027021782472729683,-0.6397988796234131,0.4687500298023224,5.484375,0.950613796710968,0.5961311459541321,0.3955545425415039,2.1331231594085693,0.2589835524559021,0.991685688495636,0.004412379581481218,0.001364635187201202,0.25495123863220215,2.4362382888793945,0.4484706223011017,0.24329537153244019,1.4149799346923828,0.384535014629364,D_incidental_rank_flip
90,58,376,376,False,6.9475472628255375e-06,0.00015042259474284947,0.00014347504475153983,15.46875,12.53125,-9.536693141853902e-06,4.231929779052734e-06,0.9999790191650391,1.9619732483988628e-05,6.674699761788361e-06,0.9999832510948181,5.587226405623369e-05,4.775421075464692e-06,0.07976669073104858,2.528648853302002,0.550861656665802,0.07977628707885742,2.5285654067993164,0.5508322715759277,E_within_noise
90,59,22762,22762,False,0.04888926073908806,0.040265973657369614,-0.008623287081718445,5.4375,5.546875,-0.2720174789428711,-3.236532211303711e-05,0.08828598260879517,2.430243730545044,0.5401080250740051,0.08825361728668213,2.4296488761901855,0.5400709509849548,0.0025717616081237793,8.177083015441895,0.6895885467529297,0.0023952722549438477,8.18748664855957,0.6899158954620361,E_within_noise
90,60,29892,29892,False,2.268987309150816e-08,4.338088911026716e-05,4.335819903644733e-05,21.4296875,12.78125,-3.099436753473128e-06,2.86102294921875e-06,0.9999793767929077,2.0615860194084235e-05,7.155870662245434e-06,0.9999822378158569,1.5867059119045734e-05,5.334067282092292e-06,0.0027678608894348145,5.889709949493408,0.6836106777191162,0.0027709007263183594,5.889672756195068,0.6836008429527283,E_within_noise
90,61,541,541,False,1.0689389455365017e-05,1.9054212316405028e-05,8.364822861040011e-06,14.203125,13.59375,-4.768367034557741e-07,5.364418029785156e-07,0.9999889135360718,9.137424967775587e-06,2.995761406054953e-06,0.9999894499778748,7.76699380367063e-06,2.4317796487594023e-06,0.021401047706604004,3.8443169593811035,0.6411954164505005,0.021401584148406982,3.8443124294281006,0.6411939263343811,E_within_noise
90,62,306,306,False,0.000303379085380584,0.001609419472515583,0.00130604044534266,10.921875,8.90625,-0.00013147607387509197,0.00013136863708496094,0.6314243078231812,0.4595974087715149,0.1486499309539795,0.6315556764602661,0.45877811312675476,0.14830240607261658,0.010959267616271973,4.515475273132324,0.6628891229629517,0.011090636253356934,4.5146002769470215,0.6627399921417236,E_within_noise
90,63,29915,29915,False,0.00017387951083946973,0.00022884458303451538,5.496507219504565e-05,11.796875,11.421875,-4.768300641444512e-06,4.649162292480469e-06,0.9787647128105164,0.02137686312198639,0.0073754992336034775,0.9787693619728088,0.02140282653272152,0.007389766164124012,0.00234222412109375,6.062280178070068,0.6848689317703247,0.002346932888031006,6.062220573425293,0.6848533749580383,E_within_noise
91,0,29871,29871,False,9.775982107385062e-06,0.0032411699648946524,0.0032313938718289137,14.625,7.953125,-0.00035661039873957634,-0.0001990795135498047,0.9999063611030579,9.104347554966807e-05,3.130375989712775e-05,0.9997072815895081,0.00035594249493442476,6.608269177377224e-05,0.22148287296295166,1.50740647315979,0.40402352809906006,0.22183942794799805,1.5053942203521729,0.40331771969795227,E_within_noise
91,1,4911,18637,True,1.0996010303497314,0.5703508853912354,-0.5292501449584961,1.125,2.6015625,-2.799898147583008,-0.16760867834091187,0.27646178007125854,2.816309690475464,0.43278205394744873,0.10885310173034668,4.318306922912598,0.5463842153549194,0.012184321880340576,6.737387180328369,0.6719859838485718,0.011171936988830566,7.9580488204956055,0.6748100519180298,acceptance_decrease
91,2,29901,29901,False,3.768848910112865e-05,7.475438906112686e-05,3.7065899959998205e-05,13.703125,13.6328125,-2.0265513285266934e-06,1.9669532775878906e-06,0.9961621165275574,0.003828545333817601,0.0013241271954029799,0.996164083480835,0.003821102436631918,0.001321050338447094,0.010015010833740234,4.603858470916748,0.6650551557540894,0.010017037391662598,4.603830337524414,0.6650460362434387,E_within_noise
91,3,18637,3750,True,0.5158198475837708,0.9048877358436584,0.3890678882598877,2.4375,0.3125,-0.7690343260765076,-0.44509679079055786,0.890903651714325,0.0908295065164566,0.021477069705724716,0.4458068609237671,4.762394905090332,0.2629545331001282,0.002015531063079834,8.692455291748047,0.689206063747406,0.00828540325164795,8.48935604095459,0.6823638677597046,acceptance_decrease
91,4,727,727,False,0.9471696615219116,0.5262807607650757,-0.42088890075683594,0.0625,1.40625,-0.8086801767349243,-0.3025497794151306,0.541667640209198,1.0654939413070679,0.22216147184371948,0.23911786079406738,2.228447198867798,0.41619664430618286,0.0018734931945800781,7.559130668640137,0.68854820728302,0.0020278096199035645,8.337507247924805,0.6887514591217041,acceptance_decrease
91,5,29892,29892,False,0.07764504104852676,0.2881924510002136,0.21054741740226746,4.203125,2.40625,-0.07167181372642517,0.06798058748245239,0.8409356474876404,0.13724613189697266,0.04301972687244415,0.9089162349700928,0.035242822021245956,0.009604621678590775,0.015264570713043213,4.202600955963135,0.65355384349823,0.015456616878509521,4.195549964904785,0.652790904045105,B_distribution_flattening
91,6,1260,319,True,0.9304843544960022,1.7157825231552124,0.7852981686592102,2.03125,1.4296875,3.440340995788574,0.31676119565963745,0.3644142150878906,1.1549071073532104,0.28199470043182373,0.6811754107475281,1.2594151496887207,0.1660885512828827,0.036894917488098145,6.039668083190918,0.619912326335907,0.6503709554672241,1.4704737663269043,0.20898622274398804,D_incidental_rank_flip
91,7,265,265,False,8.910012184060179e-06,0.006474848370999098,0.0064659384079277515,15.0078125,10.03125,-0.00042834621854126453,-0.00040274858474731445,0.9999825358390808,1.6443693311885e-05,5.5413797781511676e-06,0.9995797872543335,0.002505987649783492,0.0001416888553649187,4.470348358154297e-06,12.382441520690918,0.6931178569793701,0.0003409385681152344,12.375711441040039,0.6923227906227112,E_within_noise
91,8,29991,29991,False,0.036562442779541016,0.4333593249320984,0.3967968821525574,5.1875,1.734375,3.2950491905212402,0.14450305700302124,0.14143866300582886,1.952862024307251,0.46916747093200684,0.2859417200088501,1.3203116655349731,0.2942553162574768,0.004535853862762451,5.695994853973389,0.6803581714630127,0.005485415458679199,5.462457180023193,0.677940845489502,B_distribution_flattening
91,9,306,306,False,0.26098963618278503,0.7542665004730225,0.4932768642902374,4.21875,2.90625,1.1939818859100342,0.08554381132125854,0.2500055432319641,1.3698012828826904,0.3515087962150574,0.33554935455322266,1.0561301708221436,0.26300203800201416,0.010128200054168701,5.522037506103516,0.672041654586792,0.014379501342773438,5.2552595138549805,0.6644332408905029,B_distribution_flattening
91,10,29915,471,True,0.04006515070796013,0.6173801422119141,0.5773149728775024,5.046875,0.8750000596046448,-1.2180637121200562,-0.6957229375839233,0.9916410446166992,0.013911159709095955,0.003776548895984888,0.2959181070327759,4.189124584197998,0.3426000773906708,0.0005607008934020996,8.02939510345459,0.6911734342575073,0.001163184642791748,8.062131881713867,0.6902172565460205,acceptance_decrease
91,11,29885,345,True,0.2685667872428894,0.6747182607650757,0.4061514735221863,2.5,0.40625,-0.8380073308944702,-0.5243791937828064,0.9287508726119995,0.14382551610469818,0.01972176693379879,0.4043716788291931,2.557886838912964,0.2617449462413788,0.00028973817825317383,9.995133399963379,0.6921087503433228,0.0004082322120666504,8.452632904052734,0.6915963888168335,acceptance_decrease
91,12,2428,2289,True,0.9791920781135559,1.0174615383148193,0.03826946020126343,1.265625,1.609375,1.8198802471160889,0.13713550567626953,0.2568402886390686,2.2389771938323975,0.4156716763973236,0.39397579431533813,0.987721860408783,0.24518045783042908,0.011020481586456299,5.563265800476074,0.6702457070350647,0.014690697193145752,5.154728412628174,0.6630094647407532,D_incidental_rank_flip
91,13,12758,12758,False,0.17391493916511536,0.199825718998909,0.02591077983379364,3.6875,3.265625,-0.008750908076763153,0.007889211177825928,0.3028338551521301,1.1787241697311401,0.3227066099643707,0.31072306632995605,1.1501069068908691,0.31413155794143677,0.030475616455078125,3.564199447631836,0.6256499290466309,0.03141522407531738,3.5485098361968994,0.6240005493164062,E_within_noise
91,14,1048,1048,False,0.20626723766326904,0.006007537245750427,-0.20025970041751862,2.9375,7.34375,0.05165008828043938,-0.04987907409667969,0.7103898525238037,0.25306835770606995,0.07484698295593262,0.660510778427124,0.41072648763656616,0.133238285779953,0.0010486841201782227,9.238365173339844,0.6909146308898926,0.0005851387977600098,9.53144645690918,0.6922968626022339,acceptance_decrease
91,15,2913,445,True,1.8028959035873413,0.30750420689582825,-1.4953917264938354,0.59375,3.53125,-4.161039352416992,-0.09204703569412231,0.12738698720932007,5.983686923980713,0.5519537925720215,0.035339951515197754,4.304108142852783,0.6386107206344604,0.017756938934326172,4.965857028961182,0.6555241346359253,0.009845614433288574,6.833531379699707,0.67795729637146,acceptance_decrease
91,16,9850,9850,False,0.5679662823677063,0.7653536796569824,0.19738739728927612,1.34375,1.234375,1.368647575378418,-0.00399470329284668,0.13900470733642578,3.244748592376709,0.540894627571106,0.1350100040435791,3.206944704055786,0.5427922010421753,0.011452019214630127,6.6129279136657715,0.6695899963378906,0.007324695587158203,6.508479118347168,0.6751061677932739,E_within_noise
91,17,322,322,False,0.09410562366247177,0.5304763913154602,0.43637076020240784,4.0625,1.9843751192092896,-0.1418597251176834,0.07792466878890991,0.8627955913543701,0.11883679777383804,0.03817830979824066,0.94072026014328,0.07697948813438416,0.014079427346587181,0.018330097198486328,4.026651382446289,0.6475671529769897,0.021501898765563965,4.008445739746094,0.6430683135986328,B_distribution_flattening
91,18,2020,16852,True,1.5702271461486816,1.7241597175598145,0.1539325714111328,0.21875,0.828125,0.3718525171279907,0.11304247379302979,0.39405298233032227,1.0463098287582397,0.2662876844406128,0.507095456123352,0.9896632432937622,0.22147977352142334,0.013611853122711182,6.205277442932129,0.6702444553375244,0.026405632495880127,6.096337795257568,0.6502512693405151,D_incidental_rank_flip
91,19,591,591,False,0.021259954199194908,0.015395614318549633,-0.005864339880645275,6.71875,7.515625,-0.06165122985839844,4.112720489501953e-06,0.0514606237411499,2.977973461151123,0.5895389914512634,0.051464736461639404,2.9782536029815674,0.5893858075141907,0.0016616582870483398,7.553879261016846,0.6893720626831055,0.0018324851989746094,7.55831241607666,0.6892615556716919,E_within_noise
91,20,817,817,False,0.11485344916582108,0.4018912613391876,0.28703781962394714,3.765625,2.578125,2.373917579650879,0.06645798683166504,0.20424818992614746,1.6066768169403076,0.40984344482421875,0.2707061767578125,1.4123111963272095,0.3661288619041443,0.001715540885925293,7.440371036529541,0.6887487173080444,0.005080044269561768,7.158417224884033,0.6842877864837646,B_distribution_flattening
91,21,304,304,False,9.890877663565334e-07,1.4298042515292764e-05,1.330895429418888e-05,16.765625,14.125,-8.344646857949556e-07,-7.152557373046875e-07,0.9999999403953552,1.1490720197571136e-07,4.958970123425388e-09,0.9999992251396179,2.0380407477205154e-06,2.269590453352066e-07,0.00866079330444336,4.748915195465088,0.6682325005531311,0.008661627769470215,4.748905181884766,0.6682292222976685,E_within_noise
91,22,748,748,False,0.003976879175752401,0.022280942648649216,0.018304063007235527,8.1875,5.796875,-0.0027721477672457695,-0.0023933053016662598,0.9993418455123901,0.0008878334192559123,0.00022831492242403328,0.9969485402107239,0.011359755881130695,0.0011640184093266726,0.021113157272338867,3.874117612838745,0.6418949365615845,0.021792113780975342,3.864492177963257,0.641144871711731,E_within_noise
91,23,304,304,False,7.1726281021256e-06,4.221270137350075e-05,3.504007327137515e-05,15.6796875,13.5390625,-2.264973090859712e-06,-1.1324882507324219e-06,0.9999990463256836,1.1462319662314258e-06,3.0870157274875965e-07,0.9999979138374329,4.945394721289631e-06,6.872986659800517e-07,0.0021140575408935547,6.15947961807251,0.6855788230895996,0.002116262912750244,6.159448623657227,0.685570240020752,E_within_noise
91,24,16852,16852,False,0.0001193377684103325,9.612025314709172e-05,-2.3217515263240784e-05,12.5625,12.96875,2.026543370448053e-06,-1.9669532775878906e-06,0.9986361265182495,0.0013377162395045161,0.0004612336924765259,0.9986341595649719,0.0013444384094327688,0.00046392541844397783,0.004432797431945801,5.42047119140625,0.6789126396179199,0.004430890083312988,5.4204912185668945,0.6789169311523438,E_within_noise
91,25,29889,29889,False,0.026863262057304382,0.039817165583372116,0.012953903526067734,6.34375,5.1875,-0.0025209132581949234,0.002497076988220215,0.5252618789672852,0.6309362053871155,0.19595319032669067,0.5277589559555054,0.631920576095581,0.19732919335365295,0.0019297599792480469,6.617892265319824,0.6872208118438721,0.0021366477012634277,6.607634544372559,0.6868366599082947,E_within_noise
91,26,1815,1815,False,0.022241104394197464,0.0556512176990509,0.03341011330485344,5.8125,5.1875,-0.005074010230600834,0.005044519901275635,0.47860437631607056,0.7326285243034363,0.22564175724983215,0.4836488962173462,0.7093470096588135,0.21680961549282074,0.000525355339050293,8.07673168182373,0.6912493705749512,0.0009167790412902832,8.047933578491211,0.6905075907707214,E_within_noise
91,27,366,366,False,5.515871453098953e-05,0.0005271281697787344,0.0004719694552477449,12.828125,11.6640625,-3.468916838755831e-05,2.8133392333984375e-05,0.993287205696106,0.006719659082591534,0.0023256242275238037,0.9933153390884399,0.006639016326516867,0.002291513606905937,0.0010052323341369629,6.906206130981445,0.6891774535179138,0.0010399222373962402,6.905807971954346,0.6890976428985596,E_within_noise
91,28,2649,2649,False,0.2361522912979126,1.184928059577942,0.9487757682800293,3.968750238418579,0.6406250596046448,-0.593375563621521,-0.2649385929107666,0.8633115291595459,0.11072361469268799,0.033864423632621765,0.5983729362487793,0.8077638149261475,0.13445055484771729,0.011088669300079346,5.8844313621521,0.6737491488456726,0.014242351055145264,5.385288238525391,0.6667019128799438,acceptance_decrease
91,29,592,592,False,8.636939310235903e-05,0.0006000946741551161,0.0005137252737767994,11.921875,9.828125,-4.8278274334734306e-05,4.7266483306884766e-05,0.9976463913917542,0.002317397855222225,0.0007981607341207564,0.997693657875061,0.002111040987074375,0.0007085768738761544,0.00015538930892944336,8.8169527053833,0.6924073100090027,0.00020360946655273438,8.816463470458984,0.6923688650131226,E_within_noise
91,30,901,2020,True,0.040097858756780624,0.5452134013175964,0.5051155686378479,5.84375,1.8749998807907104,-2.0424740314483643,-0.8565935492515564,0.9942832589149475,0.004765652120113373,0.0015481258742511272,0.1376897096633911,4.798281192779541,0.47738519310951233,0.00918281078338623,5.577277660369873,0.6765393018722534,0.012870252132415771,5.246707439422607,0.6679946184158325,acceptance_decrease
91,31,1048,1048,False,0.6912648677825928,0.09730622172355652,-0.5939586162567139,0.125,3.90625,-3.1685919761657715,-0.4490664005279541,0.7627713084220886,0.122834712266922,0.02954646199941635,0.3137049078941345,1.110028624534607,0.3037440776824951,0.015042006969451904,4.592798233032227,0.6563565731048584,0.015067040920257568,5.969058513641357,0.6741951107978821,acceptance_decrease
91,32,372,372,False,0.14968045055866241,0.0473506934940815,-0.10232976078987122,3.390625,5.765625,0.027058659121394157,-0.02651768922805786,0.6350129246711731,0.39710476994514465,0.12244734168052673,0.6084952354431152,0.4775589406490326,0.15095046162605286,0.0019286274909973145,7.0898942947387695,0.6872520446777344,0.004832148551940918,7.179411888122559,0.6834690570831299,acceptance_decrease
91,33,29973,29973,False,2.164393117709551e-05,0.0004870100528933108,0.00046536611625924706,14.25,10.265625,-3.981505869887769e-05,3.796815872192383e-05,0.9996297359466553,0.0003704861446749419,0.00012742329272441566,0.9996677041053772,0.00033332014572806656,0.00011124408047180623,0.03566771745681763,3.3335344791412354,0.615546703338623,0.03570753335952759,3.333174705505371,0.6154337525367737,E_within_noise
91,34,13,13,False,0.017182331532239914,0.381274938583374,0.364092618227005,6.1875,1.9687498807907104,-0.12937359511852264,-0.11033213138580322,0.9944661259651184,0.0034908789675682783,0.0009315659408457577,0.8841339945793152,0.23802459239959717,0.0328550860285759,0.04194176197052002,3.213874340057373,0.6062320470809937,0.04811239242553711,3.0541625022888184,0.5958303213119507,acceptance_decrease
91,35,13,13,False,2.564070382504724e-05,2.6336812879890203e-05,6.961090548429638e-07,13.421875,14.1328125,2.3841823804104934e-07,-4.76837158203125e-07,0.9998272657394409,0.00016942682850640267,6.0003818362019956e-05,0.9998267889022827,0.00016962585505098104,5.990528006805107e-05,0.03016442060470581,3.5011372566223145,0.6250342130661011,0.030164361000061035,3.5011353492736816,0.6250329613685608,E_within_noise
91,36,6489,6816,True,0.8710843920707703,0.9953820109367371,0.1242976188659668,0.4999999403953552,1.03125,-0.9737177491188049,-0.27978867292404175,0.7430049180984497,0.31988343596458435,0.08411133289337158,0.46321624517440796,0.8267654776573181,0.18077686429023743,0.004053294658660889,7.139431476593018,0.6838502883911133,0.007167518138885498,6.472243785858154,0.6793326139450073,acceptance_decrease
91,37,265,265,False,0.00012060521839885041,0.00038488139398396015,0.0002642761683091521,11.875,11.046875,-1.8596316294861026e-05,6.079673767089844e-06,0.9997812509536743,0.00021377608936745673,7.35711510060355e-05,0.9997873306274414,0.00021454757370520383,7.224251748993993e-05,0.00014358758926391602,8.911116600036621,0.692466139793396,0.00016105175018310547,8.910883903503418,0.6924294829368591,E_within_noise
91,38,3077,3077,False,0.08409891277551651,0.3383070230484009,0.25420811772346497,4.125,2.15625,-0.09382829070091248,-0.08807790279388428,0.9839723110198975,0.0627422109246254,0.005541430786252022,0.8958944082260132,0.6010457277297974,0.03728794306516647,0.02255702018737793,4.93264627456665,0.653532862663269,0.06667840480804443,4.481696128845215,0.6187846660614014,acceptance_decrease
91,39,29895,29895,False,7.841117621865124e-05,0.0003001145087182522,0.00022170333249960095,12.5234375,11.0703125,-1.680828063399531e-05,1.615285873413086e-05,0.9980402588844299,0.0019327282207086682,0.0006662467494606972,0.9980564117431641,0.0019247904419898987,0.0006650884752161801,1.8537044525146484e-05,11.114616394042969,0.6930512189865112,2.9087066650390625e-05,11.114389419555664,0.6930280327796936,E_within_noise
91,40,313,29901,True,0.8136498928070068,0.21162296831607819,-0.6020269393920898,1.171875,2.90625,1.4604313373565674,0.5541446208953857,0.358497679233551,1.5354113578796387,0.23122306168079376,0.9126423001289368,0.04273799806833267,0.0116518409922719,0.01572740077972412,5.097751140594482,0.6588535308837891,0.014544785022735596,4.315101146697998,0.6558159589767456,D_incidental_rank_flip
91,41,12665,1004,True,2.514033317565918,2.8101937770843506,0.2961604595184326,0.40625,0.578125,-3.6907567977905273,-0.13632076978683472,0.26132524013519287,3.4500503540039062,0.40906643867492676,0.12500447034835815,4.952847003936768,0.5335378646850586,0.016088366508483887,8.94047737121582,0.668665885925293,0.02675771713256836,8.448533058166504,0.6562399864196777,acceptance_decrease
91,42,1125,1125,False,0.006553641054779291,0.02824324183166027,0.021689601242542267,8.2578125,6.515625,-0.0021812627092003822,0.0021266937255859375,0.696294903755188,0.35972627997398376,0.11789629608392715,0.6984215974807739,0.35161688923835754,0.11470058560371399,0.0007715225219726562,8.249210357666016,0.6910827159881592,0.0017274022102355957,8.228898048400879,0.6887636184692383,E_within_noise
91,43,9070,4587,True,1.500006914138794,1.8153001070022583,0.31529319286346436,0.4843749403953552,0.859375,1.3623688220977783,0.13274389505386353,0.25647425651550293,1.8933593034744263,0.3510860204696655,0.38921815156936646,1.9179185628890991,0.2810061573982239,0.0061615705490112305,7.248174667358398,0.6818735599517822,0.009221076965332031,7.163726329803467,0.6780503988265991,D_incidental_rank_flip
91,44,29892,29892,False,0.0023645590990781784,0.004591665230691433,0.0022271061316132545,8.296875,7.8125,-0.00022522342624142766,6.890296936035156e-05,0.9875645041465759,0.012510881759226322,0.004324765410274267,0.9876334071159363,0.012296406552195549,0.004210769664496183,0.0082932710647583,4.803086280822754,0.6692368984222412,0.008363068103790283,4.801824569702148,0.6690322160720825,E_within_noise
91,45,385,385,False,1.1440584659576416,0.6601267457008362,-0.4839317202568054,0.953125,2.6875,-1.2897586822509766,-0.17633533477783203,0.36645615100860596,1.188096284866333,0.25981900095939636,0.19012081623077393,2.04242205619812,0.41142240166664124,0.015116572380065918,4.9047393798828125,0.662132978439331,0.01868617534637451,5.1749420166015625,0.6584579348564148,acceptance_decrease
91,46,15129,15129,False,2.262221097946167,0.20452052354812622,-2.0577006340026855,0.296875,4.078125,1.3058606386184692,0.5350680947303772,0.30011993646621704,3.2940402030944824,0.34629136323928833,0.8351880311965942,0.16523851454257965,0.0545986033976078,0.034452080726623535,5.129444599151611,0.6415417790412903,0.009240567684173584,6.341438293457031,0.6769066452980042,A_or_C_alignment(needs quality cross-check)
91,47,1139,1139,False,0.017500314861536026,0.043269988149404526,0.0257696732878685,7.203125,5.5,-0.16408348083496094,0.003912925720214844,0.09810757637023926,2.329885482788086,0.5263962745666504,0.1020205020904541,2.314136028289795,0.5229114294052124,0.0028538107872009277,6.409854412078857,0.6858868598937988,0.0029767751693725586,6.390314102172852,0.6851285696029663,E_within_noise
91,48,29991,29892,True,0.6258202791213989,0.676327109336853,0.0505068302154541,0.78125,0.53125,-0.6189212799072266,-0.3164079189300537,0.6967484354972839,0.8059138059616089,0.10392606258392334,0.3803405165672302,2.1929771900177,0.2687349319458008,0.025405466556549072,4.750239849090576,0.6432982683181763,0.02559751272201538,3.9735350608825684,0.6360089182853699,acceptance_decrease
91,49,334,334,False,0.43745604157447815,0.43673574924468994,-0.000720292329788208,2.3125,2.09375,-0.00922790914773941,-0.008525252342224121,0.9013286828994751,0.19753693044185638,0.04087771102786064,0.892803430557251,0.36971986293792725,0.05052296072244644,0.008669614791870117,5.848875999450684,0.6743460893630981,0.00928640365600586,5.842073440551758,0.6739348769187927,E_within_noise
91,50,328,328,False,0.5597504377365112,0.31153571605682373,-0.2482147216796875,3.03125,4.1875,1.5460662841796875,-0.0024137496948242188,0.01538097858428955,7.653962135314941,0.6703909635543823,0.012967228889465332,7.969091892242432,0.672270655632019,0.005384206771850586,12.215471267700195,0.6846667528152466,0.0070015788078308105,12.680188179016113,0.6824022531509399,E_within_noise
91,51,5143,5143,False,0.013145881704986095,0.1452638804912567,0.13211800158023834,6.859375,4.8671875,4.001715660095215,0.0037491321563720703,0.0900888442993164,2.4098153114318848,0.5375475883483887,0.09383797645568848,2.3919575214385986,0.5315118432044983,0.00028014183044433594,10.850788116455078,0.6926135420799255,0.0023593902587890625,10.711132049560547,0.6883556246757507,E_within_noise
91,52,29879,29879,False,0.0049710869789123535,0.02865162119269371,0.023680534213781357,8.0546875,5.71875,5.598198890686035,0.003348708152770996,0.014745235443115234,4.24662971496582,0.6546550989151001,0.01809394359588623,4.22735595703125,0.6517120599746704,0.0001819133758544922,11.401115417480469,0.6928224563598633,0.0003033876419067383,11.376614570617676,0.692521333694458,E_within_noise
91,53,12917,12917,False,1.8579906225204468,1.6868089437484741,-0.17118167877197266,1.6171875,2.40625,0.09341570734977722,-0.10828197002410889,0.456321120262146,0.9015255570411682,0.23180529475212097,0.3480391502380371,1.0612196922302246,0.2699970602989197,0.05104374885559082,5.506310939788818,0.6196001768112183,0.05360913276672363,5.54460334777832,0.6154918670654297,acceptance_decrease
91,54,267,267,False,1.1298903700662777e-05,3.387113974895328e-05,2.2572236048290506e-05,15.03125,13.890625,-1.3113005934428656e-06,1.3709068298339844e-06,0.9831635355949402,0.016969477757811546,0.005871451459825039,0.98316490650177,0.016964055597782135,0.005869138985872269,8.821487426757812e-06,11.664448738098145,0.6930907964706421,1.0251998901367188e-05,11.664426803588867,0.6930875778198242,E_within_noise
91,55,29930,29930,False,0.0024042734876275063,0.009992985054850578,0.007588711567223072,8.5625,7.890625,-3.0866451263427734,0.0006880760192871094,0.1366679072380066,1.9895557165145874,0.4836626648902893,0.1373559832572937,1.9861218929290771,0.4826522469520569,0.0010945796966552734,7.053341865539551,0.6890899538993835,0.0014031529426574707,7.04833984375,0.6887180805206299,E_within_noise
91,56,887,5674,True,1.975412368774414,1.8169349431991577,-0.15847742557525635,0.53125,0.75,6.6660614013671875,0.040334463119506836,0.1344723105430603,2.816037178039551,0.5182404518127441,0.17480677366256714,2.0012705326080322,0.43563970923423767,0.007729649543762207,7.13183069229126,0.67916339635849,0.015293598175048828,7.74998664855957,0.6697340607643127,D_incidental_rank_flip
91,57,1073,1073,False,0.6769155263900757,0.5971144437789917,-0.07980108261108398,0.375,1.4375,0.2921215295791626,0.017609059810638428,0.3883969783782959,0.9921077489852905,0.28763437271118164,0.4060060381889343,0.8765032887458801,0.2525768280029297,0.0004710555076599121,8.064605712890625,0.6913151144981384,0.003290891647338867,8.325021743774414,0.686855673789978,A_or_C_alignment(needs quality cross-check)
91,58,29892,29892,False,1.720401633065194e-05,0.0019412883557379246,0.0019240843830630183,14.71875,9.78125,-0.00016640216927044094,-5.960464477539063e-08,0.9998733997344971,0.00012265668192412704,4.211447958368808e-05,0.9998733401298523,0.00041779852472245693,5.958016845397651e-05,0.010486006736755371,4.557823657989502,0.6639787554740906,0.010652422904968262,4.556338787078857,0.6636148691177368,E_within_noise
91,59,25618,278,True,1.6437268257141113,2.507132053375244,0.8634052276611328,0.859375,0.0390625,-2.125155448913574,0.1635071039199829,0.2806282043457031,2.220914363861084,0.3441317081451416,0.44413530826568604,1.2708154916763306,0.26608484983444214,0.05857956409454346,3.572766065597534,0.6022506356239319,0.07105958461761475,3.9685490131378174,0.5881552696228027,D_incidental_rank_flip
91,60,505,505,False,0.0028916331939399242,0.08226993680000305,0.07937830686569214,8.1875,4.640625,-0.012442868202924728,0.011522412300109863,0.6723320484161377,0.394997775554657,0.12876898050308228,0.6838544607162476,0.34545281529426575,0.10848717391490936,0.0004552006721496582,8.445746421813965,0.6919031143188477,0.003310859203338623,8.362739562988281,0.6883650422096252,B_distribution_flattening
91,61,1063,1063,False,0.5462539792060852,0.20286688208580017,-0.34338709712028503,1.34375,3.1875,0.19253352284431458,-0.1653175950050354,0.8366007804870605,0.0850553959608078,0.02188965678215027,0.6712831854820251,0.3146134912967682,0.09339309483766556,0.003187239170074463,7.109084606170654,0.685212254524231,0.004889130592346191,7.622998237609863,0.6834782361984253,acceptance_decrease
91,62,3902,3902,False,1.0013996362686157,0.3710794150829315,-0.6303201913833618,2.75,3.6015625,0.1536116600036621,-0.03179574012756348,0.7909557819366455,0.3381337821483612,0.08263352513313293,0.759160041809082,0.24601218104362488,0.07863210141658783,0.035508036613464355,4.113917350769043,0.629927396774292,0.03097069263458252,4.189642429351807,0.6330398321151733,acceptance_decrease
91,63,8253,8253,False,0.0013197249500080943,0.001910593593493104,0.0005908686434850097,9.265625,8.5625,-7.33019842300564e-05,7.331371307373047e-05,0.9296221733093262,0.07219773530960083,0.0246722474694252,0.9296954870223999,0.07181157171726227,0.024505775421857834,5.364418029785156e-05,10.542826652526855,0.6929559707641602,5.245208740234375e-05,10.542203903198242,0.692952573299408,E_within_noise
92,0,29871,29871,False,2.9694907425437123e-05,0.009748317301273346,0.009718622080981731,13.15625,6.671875,-0.0012657946208491921,-0.0012603998184204102,0.9999974966049194,1.1555837318155682e-06,3.685042599954613e-07,0.998737096786499,0.006063972599804401,0.0004273361701052636,0.1842106580734253,1.6916662454605103,0.43721649050712585,0.18547570705413818,1.6862136125564575,0.4356077313423157,E_within_noise
92,1,6439,6439,False,1.2230809926986694,1.7343887090682983,0.5113077163696289,1.8515626192092896,0.21875,-3.7913308143615723,0.05940806865692139,0.4627492427825928,0.9060081243515015,0.22012460231781006,0.5221573114395142,2.3765125274658203,0.2842840254306793,0.021388709545135498,6.192756175994873,0.6610003709793091,0.025134563446044922,5.859744071960449,0.6538637280464172,B_distribution_flattening
92,2,29892,29892,False,0.16972368955612183,0.04639348387718201,-0.12333020567893982,3.8984375,6.015625,0.023906497284770012,-0.003146946430206299,0.9013379812240601,0.12940967082977295,0.03801346942782402,0.8981910347938538,0.10447543114423752,0.03534206748008728,0.004084229469299316,6.634624004364014,0.684623658657074,0.002746403217315674,6.699679374694824,0.685537576675415,E_within_noise
92,3,15129,2107,True,2.498046636581421,1.6454523801803589,-0.852594256401062,0.4140625,1.5390625,0.2969784736633301,-0.0731886625289917,0.26757311820983887,1.953622579574585,0.35673901438713074,0.19438445568084717,2.067014217376709,0.4062134623527527,0.05309927463531494,4.80976676940918,0.6196789145469666,0.053293585777282715,5.102537155151367,0.6232905983924866,acceptance_decrease
92,4,29991,29991,False,0.4181182384490967,0.26441752910614014,-0.15370070934295654,2.1875,3.34375,0.06650961935520172,-0.002023041248321533,0.4327552318572998,1.3773502111434937,0.25427061319351196,0.43073219060897827,0.9801159501075745,0.24617236852645874,0.005104124546051025,7.990715026855469,0.6867778897285461,0.0023238658905029297,8.113576889038086,0.6883018016815186,E_within_noise
92,5,334,334,False,0.20777413249015808,0.5133126378059387,0.30553850531578064,3.578125,1.828125,-0.1247439980506897,-0.0008146762847900391,0.7394528388977051,0.29662787914276123,0.09449072182178497,0.738638162612915,0.4350709617137909,0.11583150923252106,0.008940517902374268,6.49658727645874,0.6780552864074707,0.012112438678741455,6.072892189025879,0.6687349081039429,E_within_noise
92,6,328,328,False,0.2990380525588989,0.16669534146785736,-0.13234271109104156,4.5859375,4.984375,0.41010570526123047,-0.007351934909820557,0.01333165168762207,8.57906723022461,0.674006462097168,0.005979716777801514,8.738463401794434,0.6831749677658081,0.004768311977386475,11.23721981048584,0.6857358813285828,0.0036665797233581543,11.388004302978516,0.6874064207077026,E_within_noise
92,7,5143,5143,False,0.0009353895438835025,0.0019707465544342995,0.001035357010550797,10.6796875,10.0234375,-6.698864308418706e-05,6.705522537231445e-05,0.565400242805481,0.5698573589324951,0.18101240694522858,0.5654672980308533,0.5695297122001648,0.18087831139564514,9.655952453613281e-05,10.557613372802734,0.692872166633606,0.00013911724090576172,10.556610107421875,0.6927100419998169,E_within_noise
92,8,29879,29879,False,0.03984590992331505,0.06887289136648178,0.029026981443166733,5.125,4.46875,-0.0056975288316607475,0.005794882774353027,0.042239487171173096,3.2855823040008545,0.6072123050689697,0.04803436994552612,3.259335994720459,0.6027660369873047,0.0002537965774536133,10.435874938964844,0.6926292181015015,0.0003733634948730469,10.408339500427246,0.6923003196716309,E_within_noise
92,9,12917,12917,False,0.5910258889198303,1.0738407373428345,0.48281484842300415,4.046875,2.4921875,-0.1616048514842987,-0.002454817295074463,0.31913065910339355,1.1161938905715942,0.3027774691581726,0.3166758418083191,1.4047605991363525,0.3210674822330475,0.02991771697998047,6.042120456695557,0.6469920873641968,0.031202971935272217,5.780533790588379,0.6429880857467651,E_within_noise
92,10,267,267,False,1.0197806659562048e-05,1.6782321836217307e-05,6.584515176655259e-06,15.4765625,14.09375,-4.7683681714261184e-07,4.76837158203125e-07,0.8284441232681274,0.1882016807794571,0.06348443031311035,0.8284446001052856,0.18819965422153473,0.06348362565040588,2.86102294921875e-05,10.481257438659668,0.6929841041564941,2.9146671295166016e-05,10.48125171661377,0.6929842233657837,E_within_noise
92,11,29930,29930,False,0.02077510394155979,0.03489091992378235,0.014115815982222557,6.359375,7.0,-2.1338329315185547,0.0004944801330566406,0.022137105464935303,3.9072530269622803,0.6385631561279297,0.022631585597991943,3.906229019165039,0.6395295858383179,0.0027778148651123047,7.64786434173584,0.6881328821182251,0.00183182954788208,7.644683837890625,0.6878928542137146,E_within_noise
92,12,5166,306,True,1.6287596225738525,0.6619572639465332,-0.9668023586273193,1.046875,3.7890625,4.160130977630615,-0.06336510181427002,0.14266037940979004,4.547806739807129,0.5303586721420288,0.07929527759552002,3.639897584915161,0.5696367025375366,0.019095420837402344,9.035063743591309,0.6627713441848755,0.023569226264953613,7.381747722625732,0.6633625030517578,acceptance_decrease
92,13,15589,15589,False,0.0005074348882772028,0.0009560143225826323,0.00044857943430542946,10.34375,10.2265625,1.9765281677246094,3.427267074584961e-05,0.022426903247833252,3.7988665103912354,0.6391429305076599,0.0224611759185791,3.79848575592041,0.639018177986145,4.649162292480469e-05,11.381053924560547,0.6930270195007324,7.671117782592773e-05,11.380486488342285,0.692937433719635,E_within_noise
92,14,414,414,False,1.814853931136895e-06,2.7607478841673583e-05,2.579262582003139e-05,16.375,13.9140625,-1.6689284620952094e-06,1.0132789611816406e-06,0.9999903440475464,9.110037353821099e-06,3.181632564519532e-06,0.9999913573265076,8.351508768100757e-06,2.4481257696606917e-06,1.0132789611816406e-05,11.495574951171875,0.6930833458900452,1.1801719665527344e-05,11.4955472946167,0.6930798292160034,E_within_noise
92,15,29892,29892,False,0.14859353005886078,0.21021270751953125,0.06161917746067047,3.40625,3.390625,-0.011691603809595108,0.011190533638000488,0.7196254730224609,0.26760333776474,0.08254224807024002,0.7308160066604614,0.24385419487953186,0.07444934546947479,0.08239299058914185,2.50913667678833,0.5472992658615112,0.08337002992630005,2.4970643520355225,0.5458406209945679,B_distribution_flattening
92,16,366,366,False,0.07138590514659882,0.9042549133300781,0.8328689932823181,5.09375,0.375,-0.5806360244750977,0.016523897647857666,0.607072114944458,0.4798021614551544,0.15201270580291748,0.6235960125923157,0.8718022108078003,0.19446463882923126,0.012538552284240723,5.495774745941162,0.6733108758926392,0.015433549880981445,4.724117755889893,0.6588371396064758,B_distribution_flattening
92,17,1827,1827,False,0.0009041868033818901,0.030777987092733383,0.0298737995326519,10.40625,6.21875,-0.00389632279984653,0.003888726234436035,0.33349502086639404,1.0978491306304932,0.31799590587615967,0.3373837471008301,1.0847275257110596,0.313804566860199,0.00021845102310180664,8.773119926452637,0.6922868490219116,0.0008473396301269531,8.743021965026855,0.691397488117218,E_within_noise
92,18,29973,29973,False,0.00012649493874050677,0.0005738305626437068,0.00044733562390320003,12.15625,10.515625,-3.7430676457006484e-05,3.731250762939453e-05,0.9950663447380066,0.004892336204648018,0.0016878980677574873,0.995103657245636,0.00471750320866704,0.001613066648133099,0.0006761550903320312,7.31226110458374,0.6903436779975891,0.0007135272026062012,7.311822414398193,0.6902601718902588,E_within_noise
92,19,334,334,False,0.6807832717895508,0.39999499917030334,-0.28078827261924744,1.921875,2.953125,0.1136665865778923,-0.0868217945098877,0.7679693698883057,0.19314923882484436,0.053168393671512604,0.681147575378418,0.3055417239665985,0.08951382339000702,0.008566737174987793,6.349944591522217,0.6771456599235535,0.009780287742614746,6.432374477386475,0.6784626245498657,acceptance_decrease
92,20,29886,328,True,3.5944817066192627,2.902841329574585,-0.6916403770446777,0.59375,1.4999998807907104,-0.06946611404418945,-0.037459611892700195,0.19435763359069824,2.6974098682403564,0.44038572907447815,0.15689802169799805,4.053267002105713,0.5060911178588867,0.044342100620269775,6.226028919219971,0.6330606937408447,0.04071044921875,7.896993160247803,0.6373942494392395,acceptance_decrease
92,21,1485,1485,False,0.09051816910505295,0.37220901250839233,0.2816908359527588,5.0,4.703125,2.3589229583740234,0.024260103702545166,0.1031002402305603,2.2903430461883545,0.5167567133903503,0.12736034393310547,2.187929391860962,0.48746463656425476,0.0010035037994384766,12.032712936401367,0.6915231943130493,0.004078805446624756,11.7021484375,0.6859621405601501,B_distribution_flattening
92,22,267,267,False,0.000906970351934433,0.0032650672364979982,0.0023580968845635653,9.34375,7.9375,-0.0002741197822615504,3.910064697265625e-05,0.9993296265602112,0.00063900655368343,0.00022219735546968877,0.9993687272071838,0.0007693447405472398,0.00024606662918813527,0.00022727251052856445,8.873653411865234,0.6923880577087402,0.00025540590286254883,8.871355056762695,0.6923097372055054,E_within_noise
92,23,29930,29930,False,1.6182324886322021,0.8049671649932861,-0.813265323638916,1.234375,2.671875,0.4944561719894409,0.32410693168640137,0.5453674793243408,1.4907071590423584,0.16974639892578125,0.8694744110107422,0.6565366387367249,0.04464109614491463,0.07065629959106445,3.408121347427368,0.5841416716575623,0.05118817090988159,3.930647611618042,0.6117104291915894,A_or_C_alignment(needs quality cross-check)
92,24,5674,5674,False,0.6070465445518494,1.4554126262664795,0.8483660817146301,2.171875,1.1875,1.1340818405151367,0.08114051818847656,0.16737407445907593,2.124607563018799,0.4674212336540222,0.2485145926475525,1.5476316213607788,0.38156652450561523,0.03243666887283325,9.207049369812012,0.6436798572540283,0.019728779792785645,8.067902565002441,0.6613991260528564,B_distribution_flattening
92,25,29892,29892,False,0.001731254393234849,0.0037551294080913067,0.0020238750148564577,8.875,7.890625,-0.00024025797029025853,0.00023472309112548828,0.9994816780090332,0.0003354077343828976,0.00010682467836886644,0.9997164011001587,0.00023261705064214766,7.691292557865381e-05,0.013445138931274414,4.319616794586182,0.6572825908660889,0.013685286045074463,4.317579746246338,0.6567829251289368,E_within_noise
92,26,306,306,False,1.692809820175171,1.9060986042022705,0.2132887840270996,0.15625,0.375,-0.8956331014633179,-0.1977173089981079,0.5021435022354126,0.8502498269081116,0.19487851858139038,0.3044261932373047,2.254016399383545,0.3478521406650543,0.02982008457183838,5.589495658874512,0.6466406583786011,0.036930859088897705,4.784107685089111,0.6312031745910645,acceptance_decrease
92,27,1818,505,True,1.249464511871338,1.7354681491851807,0.4860036373138428,1.8046875,0.1796875,-0.8835319876670837,0.006105542182922363,0.46008503437042236,1.0471445322036743,0.24881871044635773,0.4661905765533447,1.8486298322677612,0.28488773107528687,0.05065971612930298,6.477856159210205,0.6432029008865356,0.05699801445007324,5.821974754333496,0.6315053701400757,E_within_noise
92,28,1827,1827,False,0.05675971135497093,0.23887605965137482,0.1821163445711136,4.890625,2.890625,-0.049127060920000076,0.005338549613952637,0.5211246013641357,0.6474897861480713,0.20206739008426666,0.5264631509780884,0.6512681841850281,0.20096160471439362,0.0010914802551269531,8.447021484375,0.6911504864692688,0.001684427261352539,8.340194702148438,0.6894130706787109,E_within_noise
92,29,29892,29892,False,0.009207300841808319,0.09578127413988113,0.08657397329807281,7.15625,4.03125,-0.017379341647028923,0.01704508066177368,0.9711469411849976,0.02625402808189392,0.008777426555752754,0.9881920218467712,0.010121380910277367,0.003430258482694626,0.010224461555480957,4.682910442352295,0.6650205850601196,0.022250771522521973,4.592341423034668,0.6556551456451416,B_distribution_flattening
92,30,306,306,False,0.34211233258247375,0.8701558709144592,0.5280435085296631,3.0625,0.609375,-0.403664767742157,0.008773505687713623,0.5728530883789062,0.570215106010437,0.15590758621692657,0.5816265940666199,1.4926315546035767,0.22403578460216522,0.03327953815460205,3.632990598678589,0.6232625842094421,0.06395429372787476,2.952927350997925,0.5762938261032104,E_within_noise
92,31,505,505,False,0.15767130255699158,0.9649525284767151,0.8072812557220459,4.140625,0.3125,3.3976409435272217,0.40606391429901123,0.4039325714111328,0.8581253290176392,0.24640657007694244,0.809996485710144,0.17530478537082672,0.05340318754315376,0.002163827419281006,6.45766019821167,0.6860682964324951,0.015338540077209473,6.638740539550781,0.665644109249115,B_distribution_flattening
92,32,2183,263,True,1.1509112119674683,1.137646198272705,-0.013265013694763184,0.859375,2.28125,1.089590311050415,0.49770963191986084,0.2915295362472534,5.86496639251709,0.3489299416542053,0.7892391681671143,0.7750516533851624,0.08894765377044678,0.012630879878997803,7.738917350769043,0.6664702296257019,0.04257601499557495,4.825190544128418,0.630302369594574,D_incidental_rank_flip
92,33,445,445,False,0.023870280012488365,0.7097257375717163,0.6858554482460022,5.921875,2.296875,6.525938034057617,0.028993070125579834,0.003845691680908203,7.2277727127075195,0.6842622756958008,0.03283876180648804,6.392997741699219,0.6280897855758667,0.0020438432693481445,9.259055137634277,0.6906347274780273,0.0204659104347229,8.333096504211426,0.6680283546447754,B_distribution_flattening
92,34,11261,11261,False,0.9672183990478516,0.6982976198196411,-0.26892077922821045,1.5,1.9843748807907104,1.7982268333435059,-0.010165572166442871,0.08755612373352051,2.816978693008423,0.5400619506835938,0.07739055156707764,2.991974353790283,0.5585581064224243,0.003647744655609131,9.554669380187988,0.6865290999412537,0.007703900337219238,9.943900108337402,0.6814941167831421,acceptance_decrease
92,35,3755,263,True,0.41641765832901,0.7125564813613892,0.29613882303237915,2.734375,1.3125,-1.4871457815170288,-0.28894877433776855,0.7761512398719788,0.26482030749320984,0.05544637143611908,0.4872024655342102,0.6751239895820618,0.14337342977523804,0.07327103614807129,4.429958820343018,0.619777500629425,0.08613479137420654,2.6350157260894775,0.5505921244621277,acceptance_decrease
92,36,263,263,False,0.0056375544518232346,0.42585939168930054,0.42022183537483215,8.0859375,1.765625,-0.1585146188735962,0.0039293766021728516,0.5905616283416748,0.5244640111923218,0.1675191968679428,0.5944910049438477,0.8596706390380859,0.19377264380455017,0.018116116523742676,4.0385637283325195,0.6477401852607727,0.019374966621398926,4.093204975128174,0.6454899311065674,E_within_noise
92,37,2586,2586,False,0.09435684978961945,0.08950831741094589,-0.0048485323786735535,4.328125,4.046875,-0.0009052678942680359,0.004125058650970459,0.8623256087303162,0.15418346226215363,0.049002233892679214,0.8664506673812866,0.14126351475715637,0.04787731170654297,0.0007009506225585938,8.845314025878906,0.6911864280700684,0.0004673004150390625,8.851682662963867,0.6917673945426941,E_within_noise
92,38,310,310,False,4.359996637504082e-06,3.0110759325907566e-05,2.5750763597898185e-05,16.671875,14.6796875,-1.4305101103673223e-06,1.4901161193847656e-06,0.9708187580108643,0.029610084369778633,0.010221585631370544,0.9708202481269836,0.0295978095382452,0.010215934365987778,0.0013273358345031738,6.624744892120361,0.6880859136581421,0.0013288259506225586,6.6247172355651855,0.6880771517753601,E_within_noise
92,39,2714,2714,False,0.18071241676807404,0.02245122194290161,-0.15826119482517242,3.453125,6.046875,0.033870019018650055,-0.013048529624938965,0.6508362293243408,0.418878972530365,0.13329952955245972,0.6377876996994019,0.4446282982826233,0.14348499476909637,0.017655909061431885,4.414034366607666,0.6517027616500854,0.012594938278198242,4.512009143829346,0.6609406471252441,acceptance_decrease
92,40,29889,29892,True,0.5126008987426758,0.6094545722007751,0.09685367345809937,1.390625,1.0625,-1.1411266326904297,-0.5436224937438965,0.9722319841384888,0.00948236882686615,0.0028245211578905582,0.4286094903945923,0.7904093265533447,0.17574384808540344,0.009665131568908691,5.299292087554932,0.6686612367630005,0.013722717761993408,4.791923522949219,0.662115216255188,acceptance_decrease
92,41,334,334,False,0.708538830280304,0.3104093670845032,-0.3981294631958008,2.21875,3.609375,0.1359580010175705,0.09430283308029175,0.8561709523200989,0.43280327320098877,0.04784119129180908,0.9504737854003906,0.13513928651809692,0.024872777983546257,0.07829785346984863,3.132456064224243,0.5722364187240601,0.07311463356018066,2.89142107963562,0.5736571550369263,A_or_C_alignment(needs quality cross-check)
92,42,1089,328,True,3.3078227043151855,3.0130844116210938,-0.2947382926940918,1.4453123807907104,1.7968751192092896,1.9201312065124512,0.010582506656646729,0.15894967317581177,3.87868595123291,0.49489372968673706,0.1695321798324585,4.000424861907959,0.4953075647354126,0.011675000190734863,9.409751892089844,0.6767781972885132,0.012603759765625,8.499611854553223,0.6753120422363281,D_incidental_rank_flip
92,43,29881,29894,True,0.32686206698417664,1.0006541013717651,0.6737920045852661,2.4375,0.3828125,6.960604190826416,0.06719672679901123,0.006648421287536621,5.371065139770508,0.6744980812072754,0.07384514808654785,4.42941951751709,0.5715718269348145,0.00270688533782959,6.649325370788574,0.6861753463745117,0.010096490383148193,7.4024553298950195,0.6735798716545105,D_incidental_rank_flip
92,44,17819,17819,False,2.4576525688171387,4.173147201538086,1.7154946327209473,1.0078125,0.3515625,-0.7972941398620605,0.03741610050201416,0.13417088985443115,3.4243438243865967,0.5227813124656677,0.1715869903564453,3.2747998237609863,0.47574830055236816,0.0325852632522583,6.5521697998046875,0.642465353012085,0.10141444206237793,4.853764533996582,0.5586937069892883,B_distribution_flattening
92,45,29930,29930,False,0.0011193575337529182,0.0010592670878395438,-6.0090445913374424e-05,10.46875,9.8515625,2.026383299380541e-06,-1.9669532775878906e-06,0.9561970233917236,0.044457610696554184,0.015275977551937103,0.956195056438446,0.04453270882368088,0.015311099588871002,0.001905202865600586,6.2982497215271,0.6863410472869873,0.0018789172172546387,6.298333644866943,0.6863570213317871,E_within_noise
92,46,13,1094,True,0.7967210412025452,1.597414493560791,0.8006934523582458,1.75,0.23437505960464478,-2.097291946411133,-0.2642369270324707,0.4597955346107483,0.8483394384384155,0.2395476996898651,0.1955586075782776,2.8895671367645264,0.42640653252601624,0.004446744918823242,6.4625396728515625,0.6826066970825195,0.00739818811416626,8.077945709228516,0.6793841123580933,acceptance_decrease
92,47,13,13,False,4.924781387671828e-05,0.002764072734862566,0.002714824862778187,14.140625,9.7578125,-0.00020239633158780634,0.00020265579223632812,0.8879224061965942,0.11883974820375443,0.04049495980143547,0.8881250619888306,0.11749546229839325,0.03989836573600769,0.1178826093673706,2.1380622386932373,0.5048331022262573,0.11808532476425171,2.136798143386841,0.504418671131134,E_within_noise
92,48,3492,2887,True,1.503932237625122,1.7332398891448975,0.2293076515197754,1.078125,1.34375,1.1720728874206543,0.1464746594429016,0.5471037030220032,0.5704052448272705,0.13876375555992126,0.6935783624649048,0.35339683294296265,0.08443275094032288,0.013176798820495605,6.233182430267334,0.6701529026031494,0.03553330898284912,5.578815460205078,0.6404793858528137,D_incidental_rank_flip
92,49,1074,1074,False,0.12784047424793243,0.020837951451539993,-0.10700252652168274,3.546875,5.8125,0.025389669463038445,-0.024994373321533203,0.40507185459136963,0.9193243980407715,0.27370336651802063,0.3800774812698364,0.9623425602912903,0.28434324264526367,0.00027763843536376953,8.239469528198242,0.6918854713439941,0.0003095865249633789,8.286922454833984,0.6918370723724365,acceptance_decrease
92,50,29892,29892,False,1.1150124009873252e-05,3.2079246011562645e-05,2.092912109219469e-05,14.7578125,13.65625,-1.4305096556199715e-06,1.3709068298339844e-06,0.999933123588562,6.442530866479501e-05,2.199011760239955e-05,0.9999344944953918,5.993546437821351e-05,2.020993451878894e-05,0.3291056156158447,1.1113706827163696,0.3211946189403534,0.3291069269180298,1.1113567352294922,0.3211885094642639,E_within_noise
92,51,1361,306,True,1.6978192329406738,0.9102271795272827,-0.7875920534133911,0.3125,2.421875,-1.3510526418685913,-0.1251281499862671,0.32727980613708496,1.746942400932312,0.32231569290161133,0.20215165615081787,1.9094302654266357,0.41149184107780457,0.050972819328308105,5.527279853820801,0.6223195791244507,0.07098066806793213,3.1674065589904785,0.5760486721992493,acceptance_decrease
92,52,15589,15589,False,4.978531796950847e-05,4.0839993744157255e-05,-8.945324225351214e-06,12.84375,12.90625,4.7683579396107234e-07,-5.960464477539062e-07,0.9931741952896118,0.006833579856902361,0.0023663192987442017,0.9931735992431641,0.006828638259321451,0.0023637497797608376,0.00022202730178833008,8.426433563232422,0.6921076774597168,0.00022155046463012695,8.426438331604004,0.692108154296875,E_within_noise
92,53,414,414,False,7.906062933216162e-07,0.00017130866763181984,0.00017051806207746267,17.640625,11.546875,-1.2874520507466514e-05,-3.6954879760742188e-06,0.9999933838844299,6.484002824436175e-06,2.2027879822417162e-06,0.9999896883964539,4.465001984499395e-05,4.2114620555366855e-06,0.00012606382369995117,8.977370262145996,0.6925173997879028,0.00013887882232666016,8.97721004486084,0.6924943923950195,E_within_noise
92,54,526,526,False,0.07278367877006531,0.10672365874052048,0.03393997997045517,4.75,3.96875,-0.008909826166927814,0.008994460105895996,0.7220090627670288,0.2917453348636627,0.09218630194664001,0.7310035228729248,0.26458218693733215,0.08246775716543198,0.010996341705322266,6.6498122215271,0.6795672178268433,0.01502138376235962,6.590384006500244,0.6764916181564331,E_within_noise
92,55,263,263,False,0.6398496627807617,1.4601114988327026,0.8202618360519409,2.140625,1.328125,-0.3997148871421814,0.05063581466674805,0.7064127922058105,0.3218514025211334,0.09901535511016846,0.7570486068725586,0.33434364199638367,0.08278343081474304,0.01725292205810547,5.448563098907471,0.6630196571350098,0.04395735263824463,4.5866899490356445,0.6268585920333862,B_distribution_flattening
92,56,2586,2586,False,1.9933949708938599,0.8602229356765747,-1.1331720352172852,1.65625,2.2890625,-0.7578630447387695,-0.18007677793502808,0.29732829332351685,1.8441026210784912,0.3528803586959839,0.11725151538848877,2.813384532928467,0.5071461200714111,0.0570259690284729,6.954280376434326,0.61220383644104,0.02868485450744629,8.711576461791992,0.6576117277145386,acceptance_decrease
92,57,763,310,True,0.5071731209754944,0.28755003213882446,-0.21962308883666992,1.359375,2.453125,1.5044411420822144,0.7155047059059143,0.20435982942581177,11.406257629394531,0.41893279552459717,0.9198645353317261,0.9143021106719971,0.028583945706486702,0.0006980299949645996,7.9870405197143555,0.6905307769775391,0.0015777349472045898,7.45853853225708,0.6888420581817627,D_incidental_rank_flip
92,58,278,278,False,2.016873836517334,3.3401358127593994,1.3232619762420654,0.9921875596046448,1.5078125,1.4141221046447754,0.0677298903465271,0.10931611061096191,2.8903322219848633,0.5136408805847168,0.177046000957489,2.933609962463379,0.43306708335876465,0.16520780324935913,3.569167137145996,0.5056969523429871,0.17435818910598755,3.2948081493377686,0.46858614683151245,A_or_C_alignment(needs quality cross-check)
92,59,19859,19859,False,1.8016139268875122,3.389524221420288,1.5879102945327759,4.5234375,1.34375,-0.5657030344009399,0.024752259254455566,0.22924059629440308,1.7044551372528076,0.3772704601287842,0.25399285554885864,1.9911166429519653,0.37310898303985596,0.08661544322967529,8.478153228759766,0.5801919102668762,0.12979018688201904,5.833280563354492,0.5270038843154907,B_distribution_flattening
92,60,3528,29901,True,1.760972499847412,1.341369867324829,-0.419602632522583,0.40625,0.9375000596046448,3.5540943145751953,-0.01592576503753662,0.1817629337310791,2.220324993133545,0.4669535160064697,0.16583716869354248,3.013970375061035,0.49532124400138855,0.01952219009399414,6.118801593780518,0.6564132571220398,0.020256996154785156,5.027519702911377,0.6511900424957275,acceptance_decrease
92,61,29889,29901,True,1.3510910272598267,1.1681910753250122,-0.18289995193481445,0.4062500596046448,1.421875,-2.57480525970459,-0.3948894143104553,0.7780200242996216,0.14853110909461975,0.034617938101291656,0.38313060998916626,1.6351031064987183,0.3140522837638855,0.06976175308227539,3.7349650859832764,0.6012622117996216,0.09719997644424438,3.932586669921875,0.5902823209762573,acceptance_decrease
92,62,334,334,False,0.5384877324104309,0.3674369156360626,-0.1710508167743683,1.78125,2.375,-0.5156755447387695,-0.05754894018173218,0.17997342348098755,2.4687659740448,0.4068511128425598,0.12242448329925537,2.7693052291870117,0.46919897198677063,0.022921979427337646,4.23945951461792,0.6411387920379639,0.023127377033233643,4.073616981506348,0.6409971117973328,acceptance_decrease
92,63,29887,29893,True,3.9483463764190674,3.8476686477661133,-0.1006777286529541,0.03125,1.078125,1.7452569007873535,0.10104429721832275,0.26840293407440186,2.174687623977661,0.36322033405303955,0.3694472312927246,1.500700831413269,0.2916828989982605,0.039462387561798096,7.013878345489502,0.6393427848815918,0.040037572383880615,6.640754222869873,0.637730062007904,D_incidental_rank_flip
